{"type": "FeatureCollection", "features": [{"type": "Feature", "geometry": {"type": "Polygon", "coordinates": [[[114.3556608, 30.5310592], [114.3555857, 30.5310615], [114.355587099, 30.5311851], [114.355110899, 30.5311909], [114.355106899, 30.5309703], [114.355663499, 30.5309699], [114.3556608, 30.5310592]]]}, "properties": {"id": 1797, "name": " ", "type": "森林", "area_sqm": 1181}}, {"type": "Feature", "geometry": {"type": "Polygon", "coordinates": [[[114.341771, 30.6195634], [114.3341602, 30.6229036], [114.3256777, 30.6266263], [114.3246317, 30.625066], [114.3236715, 30.6236581], [114.3234166, 30.6232865], [114.3231565, 30.6227164], [114.322931201, 30.6223494], [114.3227193, 30.6219939], [114.3224215, 30.6215623], [114.3221748, 30.6212415], [114.3217215, 30.6204129], [114.3212468, 30.61971], [114.321059, 30.6193452], [114.3208779, 30.6190671], [114.3206258, 30.6186287], [114.3206588, 30.6185308], [114.3207807, 30.6184711], [114.3207451, 30.6183815], [114.3205306, 30.6184445], [114.3204635, 30.6184035], [114.3201471, 30.617846], [114.3199599, 30.617625], [114.3198154, 30.6174263], [114.3196763, 30.617247], [114.3194423, 30.6170307], [114.3193316, 30.6169043], [114.3192961, 30.6168218], [114.3191714, 30.6167277], [114.3188783, 30.616648101], [114.3186825, 30.6166215], [114.3186047, 30.6165177], [114.3186477, 30.6164299], [114.3187014, 30.616356], [114.3187898, 30.6162591], [114.318818, 30.6161195], [114.3185524, 30.6158401], [114.31843, 30.6156961], [114.3181448, 30.6153219], [114.3180307, 30.6152216], [114.3178698, 30.6149261], [114.3176768, 30.614723], [114.3177009, 30.6146676], [114.3177733, 30.6146167], [114.3178135, 30.6145567], [114.3178985, 30.6144968], [114.317938, 30.6144728], [114.3180292, 30.6144409], [114.3182131, 30.614369701], [114.3181917, 30.614253201], [114.3181287, 30.6142382], [114.3177948, 30.6142601], [114.317653901, 30.6140627], [114.3174715, 30.6138169], [114.31732, 30.6134274], [114.3173689, 30.6132341], [114.317324, 30.61308], [114.3170879, 30.6130344], [114.3168412, 30.6127458], [114.3167326, 30.6125785], [114.3166656, 30.6124596], [114.316577, 30.6122553], [114.3164201, 30.6121421], [114.3162324, 30.6119956], [114.3161975, 30.611886001], [114.315944, 30.6114427], [114.3158568, 30.6112972], [114.3157898, 30.6111669], [114.3157711, 30.6110746], [114.315704, 30.6109648], [114.3156396, 30.6108437], [114.3155001, 30.6106521], [114.3153673, 30.6105632], [114.3152788, 30.6104743], [114.3151514, 30.6103808], [114.3150495, 30.610277], [114.3150039, 30.6101558], [114.314982401, 30.610045], [114.3149248, 30.6099307], [114.3150187, 30.6098499], [114.314973, 30.6097333], [114.3148148, 30.609649], [114.3146485, 30.6092867], [114.3144313, 30.6091354], [114.3142972, 30.6090292], [114.3141335, 30.6087453], [114.3141737, 30.6086819], [114.314171101, 30.6085744], [114.3140732, 30.6084418], [114.3139082, 30.608094301], [114.3136628, 30.6077815], [114.3134831, 30.6075934], [114.3134201, 30.6074976], [114.3133899, 30.6074086], [114.3133614, 30.6073355], [114.3133022, 30.6072667], [114.3132792, 30.6072321], [114.3131639, 30.6071443], [114.3129628, 30.6070012], [114.3126181, 30.6066585], [114.3121969, 30.6060801], [114.3119019, 30.6057407], [114.3112931, 30.6050205], [114.3110114, 30.6046096], [114.3104053, 30.6037], [114.3098313, 30.6029243], [114.3094986, 30.602384], [114.3092036, 30.6018646], [114.3088227, 30.6013906], [114.3087155, 30.6012351], [114.3086887, 30.6011467], [114.3085331, 30.6008373], [114.3081965, 30.600394], [114.3080664, 30.6001447], [114.3080812, 30.5999104], [114.3079779, 30.5997498], [114.3076158, 30.599639001], [114.3074628, 30.5994221], [114.3070981, 30.5988448], [114.3070217, 30.5987399], [114.3068619, 30.598497], [114.306748, 30.5984157], [114.3065648, 30.5981964], [114.3063551, 30.5979191], [114.305934, 30.5974689], [114.3056524, 30.5967324], [114.3052312, 30.5960144], [114.3049121, 30.595481], [114.3046211, 30.5949673], [114.3043193, 30.5945228], [114.304035, 30.5941119], [114.3035039, 30.5933385], [114.303351, 30.5931421], [114.3032626, 30.5929309], [114.3030788, 30.59264], [114.3029407, 30.5925049], [114.302812, 30.5924311], [114.3026939, 30.5922856], [114.3025504, 30.5920789], [114.302356, 30.5917234], [114.3022925, 30.5914862], [114.3022101, 30.591264], [114.302173501, 30.5911657], [114.3021092, 30.5910491], [114.3021843, 30.5909533], [114.3021655, 30.5908564], [114.3020958, 30.5907802], [114.3019804, 30.590771], [114.3018087, 30.5907016], [114.3015888, 30.5905435], [114.3014413, 30.5903392], [114.3010819, 30.589882], [114.3005106, 30.5890346], [114.2997998, 30.5879632], [114.2991708, 30.5869704], [114.2988892, 30.5863758], [114.298464, 30.585742], [114.2981931, 30.5853702], [114.2978257, 30.5846406], [114.2975615, 30.5840241], [114.2974958, 30.5838763], [114.2973979, 30.5838405], [114.2972651, 30.5834515], [114.2970304, 30.5832933], [114.2969151, 30.5831766], [114.2967836, 30.5829654], [114.2965061, 30.582686], [114.2963924, 30.5824918], [114.2963105, 30.5823621], [114.296303501, 30.5823431], [114.2960246, 30.5818443], [114.2959276, 30.5816343], [114.2958553, 30.5815143], [114.2957134, 30.581349], [114.2955766, 30.5810765], [114.2954649, 30.5808337], [114.2953352, 30.5806442], [114.2951931, 30.5804692], [114.2949973, 30.5801333], [114.294945, 30.5799808], [114.2948686, 30.5797949], [114.294839, 30.579746501], [114.2946191, 30.5794543], [114.294422, 30.5790595], [114.2943388, 30.5789856], [114.2942865, 30.5788389], [114.294143, 30.5787534], [114.2940786, 30.5786218], [114.2940491, 30.5785023], [114.2939744, 30.5783964], [114.2939553, 30.5783678], [114.2939043, 30.5782743], [114.2938064, 30.5781473], [114.2937851, 30.5779309], [114.2937342, 30.5778307], [114.293608, 30.5777778], [114.2935208, 30.5776058], [114.2934424, 30.5775137], [114.2933741, 30.577356], [114.2933317, 30.5773252], [114.2933058, 30.5772518], [114.2931531, 30.5771112], [114.2930785, 30.5769882], [114.2930312, 30.5769523], [114.2928462, 30.5767248], [114.2926825, 30.5764373], [114.2924237, 30.5760471], [114.292118, 30.5756603], [114.292079, 30.5755552], [114.2918001, 30.5753612], [114.291717, 30.5753635], [114.2916834, 30.5752735], [114.2917424, 30.575188], [114.2914206, 30.57471], [114.2912945, 30.574473301], [114.2911376, 30.5741303], [114.2910598, 30.5740091], [114.2910075, 30.5739803], [114.2908975, 30.573845701], [114.2907246, 30.5736021], [114.2907232, 30.5735495], [114.2906454, 30.573411], [114.2905767, 30.573420801], [114.2904785, 30.5732106], [114.2904067, 30.5731258], [114.2903155, 30.5730346], [114.2903277, 30.5729645], [114.2902843, 30.5728852], [114.2901948, 30.5728729], [114.2899548, 30.5724665], [114.2899052, 30.5723383], [114.2898113, 30.5722587], [114.2896624, 30.5719481], [114.2892408, 30.5713096], [114.2891246, 30.571097], [114.2890911, 30.5710797], [114.2890683, 30.5710347], [114.2891112, 30.5710092], [114.2890194, 30.5708615], [114.2886722, 30.5703976], [114.2883589, 30.5699908], [114.2882341, 30.569895], [114.2874925, 30.5691201], [114.2872242, 30.568943501], [114.286795, 30.568634], [114.2866771, 30.5685347], [114.286488, 30.5683847], [114.2863807, 30.5682969], [114.2862184, 30.5682264], [114.2858454, 30.5682079], [114.2853471, 30.5676092], [114.2843711, 30.5664714], [114.2845058, 30.5664227], [114.284597, 30.5665105], [114.284817001, 30.5664689], [114.2850477, 30.566335], [114.2851872, 30.5663073], [114.2853963, 30.5663304], [114.2855331, 30.5663096], [114.2855895, 30.5662518], [114.2855573, 30.5661687], [114.2853212, 30.5659378], [114.2851388, 30.5654851], [114.2852139, 30.5654112], [114.2851361, 30.5649169], [114.2849967, 30.5647622], [114.2849135, 30.5645705], [114.2842805, 30.5637114], [114.2833251, 30.5624715], [114.282757, 30.5617344], [114.2824137, 30.5612632], [114.2821133, 30.5607921], [114.2817378, 30.5602839], [114.2815983, 30.5598405], [114.281491, 30.5597111], [114.2813945, 30.5594617], [114.2811692, 30.5591106], [114.2809546, 30.558778], [114.2807186, 30.5584085], [114.280386, 30.5580482], [114.280386, 30.5578449], [114.2799783, 30.5574015], [114.2797959, 30.556958], [114.2789912, 30.5555167], [114.2781758, 30.5540385], [114.2773068, 30.552551], [114.275207505, 30.548534511], [114.2774785, 30.5480513], [114.2810082, 30.5472937], [114.2840499, 30.546573], [114.2867213, 30.5458719], [114.2868233, 30.5461918], [114.2869601, 30.5466723], [114.287007, 30.546918301], [114.2870455, 30.5472051], [114.287048201, 30.5472252], [114.2870499, 30.5472382], [114.2871143, 30.5475697], [114.2871438, 30.5478561], [114.2871827, 30.5480248], [114.2872176, 30.5481737], [114.2872243, 30.5483343], [114.2872162, 30.548474], [114.2871974, 30.5485664], [114.2871559, 30.5487327], [114.287121, 30.5489025], [114.2871156, 30.5490434], [114.2871331, 30.5491601], [114.2871746, 30.5493252], [114.2872256, 30.5494246], [114.2873047, 30.5495331], [114.2875153, 30.5499027], [114.2876038, 30.5500887], [114.2876977, 30.5502746], [114.287817, 30.5505206], [114.287986, 30.5508451], [114.288050401, 30.5509092], [114.2880819, 30.550937], [114.288098, 30.5509566], [114.2881013, 30.5509791], [114.2880692, 30.5510322], [114.288049, 30.5510761], [114.2880517, 30.5511194], [114.2880671, 30.551187], [114.2881215, 30.5512805], [114.288171501, 30.5513357], [114.2881934, 30.5513611], [114.2882094, 30.5513791], [114.2882334, 30.551406], [114.2883213, 30.5515046], [114.2884997, 30.551691701], [114.2885614, 30.5517869], [114.2885992, 30.5518452], [114.2886338, 30.5518984], [114.2887799, 30.5521895], [114.2888976, 30.5524308], [114.2889012, 30.5524395], [114.2889047, 30.5524479], [114.289012, 30.5526503], [114.2891132, 30.5528368], [114.2892306, 30.5530129], [114.2892949, 30.553092], [114.2892956, 30.5531007], [114.2892138, 30.55317], [114.2892158, 30.553176], [114.2892253, 30.5531853], [114.2892333, 30.5531954], [114.2893345, 30.5532921], [114.2893402, 30.5532921], [114.2893801, 30.5532609], [114.2893858, 30.5532621], [114.2894847, 30.5533727], [114.2895813, 30.5534853], [114.2896188, 30.553548], [114.289622201, 30.5535559], [114.2896683, 30.5536003], [114.2896864, 30.5536177], [114.2897124, 30.5536427], [114.2897447, 30.5536738], [114.2897576, 30.5537509], [114.2897845, 30.5537971], [114.2898689, 30.553871], [114.2899963, 30.553968], [114.2900929, 30.5540904], [114.2901935, 30.5542995], [114.2902914, 30.5544254], [114.2904416, 30.5545455], [114.2905784, 30.5547025], [114.2906629, 30.5548226], [114.290742, 30.5549728], [114.2907795, 30.5550513], [114.2908271, 30.5551737], [114.2908848, 30.5552437], [114.2909498, 30.5553227], [114.2911658, 30.5556403], [114.2913415, 30.555884], [114.2915104, 30.5560503], [114.2916365, 30.5562247], [114.2918229, 30.5565284], [114.2919676, 30.5567861], [114.291993, 30.556816], [114.292063, 30.5568979], [114.2921622, 30.5569765], [114.292181, 30.557025], [114.292177, 30.5571509], [114.2921917, 30.5571867], [114.2922346, 30.5572271], [114.292299, 30.5573021], [114.2923808, 30.5573726], [114.2924237, 30.5574269], [114.2924988, 30.557577], [114.2925391, 30.5576105], [114.2926423, 30.5577121], [114.2926946, 30.5577779], [114.2927577, 30.5579119], [114.2927778, 30.5579685], [114.2928153, 30.5580228], [114.2930433, 30.5582918], [114.293227, 30.558584], [114.2933518, 30.5588069], [114.2934979, 30.5590159], [114.2937447, 30.5592919], [114.2938869, 30.5594605], [114.2940934, 30.5597019], [114.2943361, 30.5599791], [114.2946553, 30.560411], [114.2949021, 30.5607528], [114.295291, 30.5611847], [114.2956129, 30.5615565], [114.2960045, 30.5619238], [114.2965114, 30.562281701], [114.2969513, 30.5626374], [114.2974502, 30.5631224], [114.2980912, 30.5637552], [114.2985767, 30.5643349], [114.2987591, 30.5645578], [114.2989495, 30.564777201], [114.2991038, 30.5649158], [114.2992486, 30.5650163], [114.299309, 30.5650642], [114.2993425, 30.5651075], [114.299368, 30.565186], [114.2994069, 30.5652345], [114.2997234, 30.5655336], [114.2999849, 30.5657414], [114.3002518, 30.5660047], [114.3004449, 30.5662645], [114.300689, 30.5666052], [114.3009518, 30.5669839], [114.3009525, 30.5670042], [114.3009464, 30.5670278], [114.3009169, 30.5671133], [114.3009203, 30.5671439], [114.3009357, 30.5671664], [114.3011127, 30.5673742], [114.3011449, 30.5674072], [114.3012241, 30.5674395], [114.3012515, 30.5674637], [114.3012911, 30.5675463], [114.3014064, 30.5677553], [114.3015365, 30.568030101], [114.3017618, 30.5683281], [114.3018423, 30.5683944], [114.3018866, 30.5684308], [114.3019576, 30.5685463], [114.3019851, 30.5686133], [114.3021031, 30.568708], [114.302128, 30.5687357], [114.3022768, 30.5690013], [114.3025061, 30.5693523], [114.3026309, 30.5695509], [114.3027583, 30.5697472], [114.3028548, 30.569898501], [114.3030533, 30.570171], [114.3034369, 30.5706929], [114.3037158, 30.5710786], [114.303744, 30.5712622], [114.3037547, 30.5713511], [114.3037708, 30.5714146], [114.3038017, 30.5714538], [114.3039344, 30.5715508], [114.3040605, 30.5716767], [114.3041275, 30.5718788], [114.3041624, 30.572], [114.3041758, 30.5720202], [114.3042013, 30.5720335], [114.3043636, 30.5720173], [114.3043763, 30.5720214], [114.3045178, 30.5723037], [114.304605, 30.5725727], [114.3046573, 30.5726951], [114.3047773, 30.5728608], [114.3047793, 30.5728677], [114.3047297, 30.5728952], [114.304729, 30.572903], [114.3047579, 30.5729457], [114.3047659, 30.5729471], [114.3048108, 30.5729243], [114.3048189, 30.5729284], [114.3048719, 30.5730034], [114.3050301, 30.5732343], [114.3052232, 30.5736085], [114.3052413, 30.5736971], [114.3052407, 30.5737049], [114.3052085, 30.5737199], [114.3052075, 30.5737236], [114.3052467, 30.5737736], [114.3052521, 30.573773], [114.3052836, 30.5737586], [114.3052913, 30.573760001], [114.3054391, 30.574002201], [114.3055317, 30.5741939], [114.3055746, 30.5743001], [114.305704, 30.5744981], [114.3059206, 30.5748255], [114.3062398, 30.5754767], [114.3064047, 30.5758473], [114.3066394, 30.5763126], [114.30685, 30.5767895], [114.3071289, 30.5772733], [114.3074119, 30.5777882], [114.3078142, 30.578444], [114.3079671, 30.5787027], [114.3081629, 30.5790098], [114.3082836, 30.5791645], [114.3084647, 30.5793389], [114.3086015, 30.5794682], [114.3087852, 30.5796668], [114.3090199, 30.5799473], [114.3093739, 30.5802868], [114.3095599, 30.5805274], [114.3095747, 30.5805466], [114.3095952, 30.5805731], [114.3097575, 30.5808098], [114.3097765, 30.5808362], [114.3097896, 30.5808542], [114.3099332, 30.5810534], [114.3103945, 30.5816907], [114.3108264, 30.582255301], [114.3111402, 30.5826848], [114.311572, 30.583239], [114.3117692, 30.5835195], [114.3119355, 30.5837424], [114.3121085, 30.5839398], [114.3124531, 30.5843785], [114.3126905, 30.5847653], [114.3130928, 30.5853425], [114.3134335, 30.5859175], [114.313648, 30.58622], [114.3139431, 30.586506301], [114.3143105, 30.5868734], [114.3146673, 30.5872198], [114.3147826, 30.5873468], [114.3151286, 30.5878963], [114.3153352, 30.5882219], [114.3155229, 30.5885036], [114.3158314, 30.588873], [114.3162122, 30.589376401], [114.316408, 30.5896811], [114.3165385, 30.5898983], [114.3165728, 30.5899554], [114.3166494, 30.5900829], [114.3171215, 30.5907917], [114.3174487, 30.5913943], [114.3177143, 30.5918076], [114.3179691, 30.5923664], [114.3181166, 30.5929805], [114.318189, 30.5932039], [114.3181796, 30.5932316], [114.3181588, 30.593253], [114.3181404, 30.5932599], [114.3181434, 30.5932668], [114.3181552, 30.5932787], [114.3181679, 30.5932816], [114.3183352, 30.5932663], [114.3183392, 30.593269201], [114.3183486, 30.5933321], [114.3183443, 30.5933355], [114.3181904, 30.5933511], [114.3181713, 30.5933635], [114.3181615, 30.5933782], [114.3181582, 30.5933881], [114.318188, 30.593395], [114.3182232, 30.5934054], [114.3182397, 30.5934201], [114.3182467, 30.5934412], [114.3182883, 30.5936524], [114.3183312, 30.5939641], [114.3183781, 30.5940842], [114.3184505, 30.5942008], [114.3186074, 30.594388901], [114.3188006, 30.5946429], [114.3189535, 30.5949269], [114.3190017, 30.5950539], [114.3190272, 30.5951024], [114.3190674, 30.5951416], [114.3191962, 30.5952432], [114.3193746, 30.5954856], [114.3196374, 30.5958481], [114.3201832, 30.5965327], [114.3205936, 30.5970868], [114.3209584, 30.5975116], [114.3210859, 30.5976626], [114.3210975, 30.5976739], [114.3212562, 30.5978279], [114.3217362, 30.5982596], [114.322266, 30.5988114], [114.3227139, 30.5993366], [114.3230975, 30.5997822], [114.3235803, 30.6003825], [114.323929, 30.600777201], [114.3243608, 30.6013048], [114.3247765, 30.6017873], [114.3251467, 30.6022767], [114.3254122, 30.6026265], [114.3256523, 30.6029289], [114.32595, 30.6032798], [114.3262075, 30.6035661], [114.3266165, 30.6040036], [114.3269719, 30.6043902], [114.3274802, 30.6049489], [114.3277793, 30.6052837], [114.3281568, 30.6056997], [114.3282594, 30.605816901], [114.3285236, 30.6061344], [114.3287489, 30.6064402], [114.3290882, 30.6068927], [114.3291643, 30.6069786], [114.3291791, 30.606996], [114.329343, 30.6071801], [114.3295401, 30.607431801], [114.3298633, 30.6077942], [114.3302844, 30.6082513], [114.3305647, 30.608571], [114.3308343, 30.6088838], [114.3311895, 30.6093016], [114.3312478, 30.6093699], [114.3312829, 30.6094113], [114.3315129, 30.6096491], [114.3316618, 30.6097426], [114.3317959, 30.6098268], [114.3318763, 30.6098788], [114.3319729, 30.6099595], [114.3321379, 30.6101512], [114.3322237, 30.6102723], [114.3322619, 30.6104224], [114.33227, 30.6104328], [114.3323913, 30.6104616], [114.3324121, 30.6104714], [114.3325925, 30.6106971], [114.3327467, 30.6108864], [114.3328607, 30.6109868], [114.333082, 30.6111403], [114.3334334, 30.6114947], [114.3338048, 30.6118675], [114.3341522, 30.6122795], [114.3344405, 30.6125554], [114.3349072, 30.6130159], [114.3352814, 30.6133887], [114.3356636, 30.6137488], [114.3360177, 30.6140697], [114.3363757, 30.6143986], [114.3368277, 30.6148222], [114.3372743, 30.6152492], [114.3376297, 30.6156128], [114.3379904, 30.6159844], [114.3383874, 30.6163734], [114.3388554, 30.6168212], [114.3393141, 30.6172771], [114.3397875, 30.617728301], [114.3403937, 30.6182892], [114.341197, 30.6190463], [114.341771, 30.6195634]], [[114.3183068, 30.6059755], [114.3185842, 30.6062892], [114.3186714, 30.606232], [114.3183941, 30.6059183], [114.3183068, 30.6059755]], [[114.321665, 30.6038065], [114.3219424, 30.6041201], [114.3220296, 30.604063], [114.3217523, 30.6037493], [114.321665, 30.6038065]]]}, "properties": {"id": 35183, "name": " ", "type": "河岸", "area_sqm": 12221438}}, {"type": "Feature", "geometry": {"type": "Polygon", "coordinates": [[[114.340338699, 30.5520245], [114.340258199, 30.5522231], [114.3407356, 30.5528697], [114.3404996, 30.5530313], [114.3400865, 30.552431], [114.339169199, 30.5512253], [114.339560799, 30.5510821], [114.340338699, 30.5520245]]]}, "properties": {"id": 72, "name": " ", "type": "居住区", "area_sqm": 8482}}, {"type": "Feature", "geometry": {"type": "Polygon", "coordinates": [[[114.366071899, 30.5327768], [114.366195199, 30.5322686], [114.3659968, 30.5322177], [114.366072499, 30.5318362], [114.367434399, 30.5319451], [114.367398899, 30.5322295], [114.367337899, 30.5323286], [114.3672413, 30.5325571], [114.367171599, 30.5326659], [114.366935499, 30.5329339], [114.366071899, 30.5327768]]]}, "properties": {"id": 259, "name": "珞涵新邨", "type": "居住区", "area_sqm": 12391}}, {"type": "Feature", "geometry": {"type": "Polygon", "coordinates": [[[114.367296299, 30.5326896], [114.367354, 30.5324857], [114.367391, 30.5323548], [114.367455899, 30.5321253], [114.3674988, 30.5319359], [114.3675075, 30.5314975], [114.3675065, 30.5313433], [114.3675202, 30.5311896], [114.3679314, 30.5311593], [114.368228299, 30.53114], [114.3682311, 30.5316563], [114.3682306, 30.5317592], [114.3682094, 30.5318366], [114.3682158, 30.5319278], [114.368096299, 30.5323285], [114.3679119, 30.5328415], [114.367296299, 30.5326896]]]}, "properties": {"id": 260, "name": "珞涵邨", "type": "居住区", "area_sqm": 12031}}, {"type": "Feature", "geometry": {"type": "Polygon", "coordinates": [[[114.3679468, 30.5347839], [114.3679494, 30.5348376], [114.367766999, 30.5347914], [114.367552399, 30.5351148], [114.366305499, 30.5343263], [114.3661311, 30.5342274], [114.3656483, 30.5334327], [114.365369399, 30.5327581], [114.365240599, 30.532102], [114.3650958, 30.5315281], [114.3653852, 30.5314646], [114.365401299, 30.5317141], [114.365573, 30.5327445], [114.366071899, 30.5327768], [114.366935499, 30.5329339], [114.367042799, 30.532957], [114.367139399, 30.5328554], [114.3673432, 30.533031], [114.367295, 30.5333544], [114.367906499, 30.5333498], [114.368072799, 30.533858], [114.3679226, 30.5342924], [114.3679468, 30.5347839]]]}, "properties": {"id": 261, "name": "东湖村", "type": "居住区", "area_sqm": 42319}}, {"type": "Feature", "geometry": {"type": "Polygon", "coordinates": [[[114.3700147, 30.5345835], [114.3700077, 30.5345414], [114.370004, 30.5345188], [114.369822099, 30.5345659], [114.369741099, 30.5343108], [114.3700316, 30.5342393], [114.370116599, 30.5342184], [114.370079099, 30.5339135], [114.3703098, 30.5338673], [114.370272199, 30.5334237], [114.3708837, 30.5333498], [114.3712432, 30.5341656], [114.3712807, 30.5342508], [114.3713922, 30.5345317], [114.371500699, 30.5348052], [114.371688399, 30.5354151], [114.3717903, 30.5360204], [114.3718815, 30.5367089], [114.3718815, 30.5369861], [114.3718333, 30.537023], [114.3716401, 30.5370369], [114.371624, 30.5367597], [114.3715374, 30.5366941], [114.371447, 30.5366257], [114.371345099, 30.5367643], [114.3714366, 30.5369878], [114.371441599, 30.5369999], [114.3712968, 30.53706], [114.3711827, 30.5368], [114.3711305, 30.5366811], [114.371038, 30.5367077], [114.3709845, 30.5366497], [114.3708891, 30.5364732], [114.370776499, 30.5364686], [114.370400999, 30.5362191], [114.3699933, 30.536099], [114.3700523, 30.5359881], [114.3699095, 30.5359471], [114.3696982, 30.5358864], [114.369735799, 30.5357986], [114.3703151, 30.5359373], [114.3705404, 30.5355722], [114.370921299, 30.5354752], [114.3709846, 30.5353836], [114.371025495, 30.535324297], [114.371039299, 30.5353043], [114.371237799, 30.5352118], [114.371109099, 30.5349623], [114.3712002, 30.5349254], [114.371099899, 30.5347622], [114.3710304, 30.5346491], [114.3710071, 30.5346112], [114.371068499, 30.5345848], [114.371093, 30.5345742], [114.371049999, 30.5344587], [114.3702514, 30.534555], [114.3700147, 30.5345835]]]}, "properties": {"id": 262, "name": "风光村", "type": "居住区", "area_sqm": 35917}}, {"type": "Feature", "geometry": {"type": "Polygon", "coordinates": [[[114.370921299, 30.5354752], [114.3705404, 30.5355722], [114.3703151, 30.5359373], [114.369735799, 30.5357986], [114.3696982, 30.5358864], [114.369456799, 30.5357848], [114.3702561, 30.534967], [114.370245399, 30.5348699], [114.3703473, 30.5348653], [114.3707677, 30.5351151], [114.3708301, 30.5352118], [114.371237799, 30.5352118], [114.371039299, 30.5353043], [114.371025495, 30.535324297], [114.370921299, 30.5354752]]]}, "properties": {"id": 263, "name": "民政厅小区", "type": "居住区", "area_sqm": 8759}}, {"type": "Feature", "geometry": {"type": "Polygon", "coordinates": [[[114.3559923, 30.536233], [114.356448299, 30.538095], [114.3563839, 30.5381643], [114.3552144, 30.5383815], [114.3551662, 30.5385755], [114.3550374, 30.5386402], [114.3549938, 30.538501], [114.354930799, 30.5383214], [114.3548629, 30.5381601], [114.354678, 30.5375729], [114.3545707, 30.5372633], [114.354414499, 30.5369538], [114.354252899, 30.5367031], [114.354059499, 30.5364987], [114.3538233, 30.5363143], [114.353582299, 30.5361568], [114.3542059, 30.5356786], [114.354683399, 30.5361637], [114.354829, 30.5362271], [114.3549772, 30.5362255], [114.355692399, 30.5360954], [114.355826799, 30.536114], [114.3559594, 30.5361778], [114.3559923, 30.536233]]]}, "properties": {"id": 264, "name": "珞珈广场", "type": "草地", "area_sqm": 43454}}, {"type": "Feature", "geometry": {"type": "Polygon", "coordinates": [[[114.3582516, 30.5399203], [114.3589861, 30.540228], [114.3586817, 30.540767], [114.357947199, 30.5404593], [114.3582516, 30.5399203]]]}, "properties": {"id": 265, "name": "梅园篮球场", "type": "休闲场地", "area_sqm": 5212}}, {"type": "Feature", "geometry": {"type": "Polygon", "coordinates": [[[114.3413333, 30.5340474], [114.341427499, 30.5347311], [114.338281399, 30.5350618], [114.3381149, 30.5339184], [114.337592299, 30.5337069], [114.3370623, 30.5324251], [114.338453899, 30.5319983], [114.339473999, 30.5316854], [114.339703299, 30.5322399], [114.3393454, 30.5323497], [114.3394369, 30.5325709], [114.339580299, 30.5329177], [114.3411558, 30.5327607], [114.3413333, 30.5340474]]]}, "properties": {"id": 266, "name": "中部战区总医院", "type": "军事区", "area_sqm": 96625}}, {"type": "Feature", "geometry": {"type": "Polygon", "coordinates": [[[114.367270699, 30.5401239], [114.367262999, 30.5403395], [114.367259899, 30.5404275], [114.3668736, 30.5404172], [114.3668844, 30.5401137], [114.367270699, 30.5401239]]]}, "properties": {"id": 283, "name": " ", "type": "休闲场地", "area_sqm": 1250}}, {"type": "Feature", "geometry": {"type": "Polygon", "coordinates": [[[114.3682068, 30.5424288], [114.3681532, 30.5424149], [114.3679279, 30.5423918], [114.367665, 30.5423918], [114.3672519, 30.5423964], [114.366951499, 30.5423687], [114.3668121, 30.5422855], [114.366597499, 30.542073], [114.3665438, 30.5419159], [114.366431199, 30.5415833], [114.3667531, 30.5414955], [114.3669837, 30.5415833], [114.3672144, 30.5416433], [114.3673002, 30.5416757], [114.3673324, 30.541879], [114.367337799, 30.5419575], [114.3674558, 30.5419991], [114.367606, 30.5420083], [114.367825899, 30.5419714], [114.3680673, 30.5419945], [114.368190699, 30.5419344], [114.368276499, 30.5418097], [114.368405299, 30.5416803], [114.368577, 30.5416849], [114.368453599, 30.5419298], [114.368297999, 30.5421839], [114.368249699, 30.5422902], [114.3682068, 30.5424288]]]}, "properties": {"id": 284, "name": " ", "type": "森林", "area_sqm": 11214}}, {"type": "Feature", "geometry": {"type": "Polygon", "coordinates": [[[114.3582013, 30.5325444], [114.357855799, 30.5325493], [114.357847499, 30.5321109], [114.3581931, 30.5321061], [114.3582013, 30.5325444]]]}, "properties": {"id": 286, "name": " ", "type": "休闲场地", "area_sqm": 1613}}, {"type": "Feature", "geometry": {"type": "Polygon", "coordinates": [[[114.352924399, 30.5317654], [114.3523677, 30.5317741], [114.3523549, 30.531166], [114.352911599, 30.5311573], [114.352924399, 30.5317654]]]}, "properties": {"id": 297, "name": "星湖运动场", "type": "休闲场地", "area_sqm": 3606}}, {"type": "Feature", "geometry": {"type": "Polygon", "coordinates": [[[114.3658242, 30.5309806], [114.3657643, 30.5309897], [114.3656884, 30.5310013], [114.3656853, 30.5309868], [114.365611699, 30.5307384], [114.3653331, 30.5307996], [114.365219599, 30.530821], [114.3651142, 30.5308409], [114.3649801, 30.530291], [114.3654924, 30.5301778], [114.3656587, 30.5303765], [114.3658242, 30.5309806]]]}, "properties": {"id": 300, "name": "长汉新邨", "type": "居住区", "area_sqm": 4178}}, {"type": "Feature", "geometry": {"type": "Polygon", "coordinates": [[[114.367906499, 30.5333498], [114.367295, 30.5333544], [114.3673432, 30.533031], [114.367139399, 30.5328554], [114.367296299, 30.5326896], [114.3679119, 30.5328415], [114.3679534, 30.5329016], [114.367901, 30.5330726], [114.367906499, 30.5333498]]]}, "properties": {"id": 307, "name": " ", "type": "居住区", "area_sqm": 4024}}, {"type": "Feature", "geometry": {"type": "Polygon", "coordinates": [[[114.3697511, 30.531053], [114.369842699, 30.5310926], [114.369918999, 30.5311489], [114.369968799, 30.5312113], [114.3700265, 30.5313074], [114.370081, 30.5314195], [114.3707147, 30.5328854], [114.3695185, 30.533262], [114.368856, 30.533158], [114.3688259, 30.533134], [114.3688068, 30.5331035], [114.3688095, 30.5330534], [114.3689792, 30.5325602], [114.368170299, 30.532332], [114.3683014, 30.5319264], [114.3683178, 30.5318889], [114.3683256, 30.5318104], [114.3683328, 30.5317202], [114.368322099, 30.531134], [114.36872, 30.5311068], [114.369667099, 30.5310371], [114.3697511, 30.531053]]]}, "properties": {"id": 308, "name": "武汉大学三环学生公寓", "type": "居住区", "area_sqm": 40747}}, {"type": "Feature", "geometry": {"type": "Polygon", "coordinates": [[[114.361785599, 30.5308039], [114.3612599, 30.5309864], [114.3607611, 30.5311759], [114.3605947, 30.531236], [114.360567799, 30.5311551], [114.360849599, 30.5310604], [114.3610588, 30.530938], [114.3611607, 30.5308409], [114.361225099, 30.5306931], [114.3613645, 30.5300346], [114.3624508, 30.5301594], [114.3632555, 30.5302518], [114.363156199, 30.530492], [114.362375699, 30.5306514], [114.361785599, 30.5308039]]]}, "properties": {"id": 317, "name": "武汉滨湖双鹤药业", "type": "工业区", "area_sqm": 12484}}, {"type": "Feature", "geometry": {"type": "Polygon", "coordinates": [[[114.3635666, 30.5314647], [114.3621005, 30.5317712], [114.3620691, 30.531713], [114.361785599, 30.5308039], [114.362375699, 30.5306514], [114.363156199, 30.530492], [114.363228999, 30.5304578], [114.3635666, 30.5314647]]]}, "properties": {"id": 475, "name": "东湖·楚天府", "type": "居住区", "area_sqm": 16491}}, {"type": "Feature", "geometry": {"type": "Polygon", "coordinates": [[[114.370406099, 30.5760669], [114.3699372, 30.5761292], [114.3697345, 30.5761964], [114.3696658, 30.5760392], [114.369237699, 30.5761629], [114.369095899, 30.5761365], [114.3689684, 30.5759837], [114.3687967, 30.5757528], [114.368695, 30.5754146], [114.3686601, 30.5744655], [114.3687031, 30.5741953], [114.3687889, 30.5739967], [114.3689632, 30.5737427], [114.3690035, 30.5734794], [114.3688694, 30.5733362], [114.368780799, 30.57326], [114.368096899, 30.5729598], [114.3676194, 30.572775], [114.3671688, 30.5725002], [114.3668738, 30.5722855], [114.366651199, 30.5719645], [114.3665278, 30.5717728], [114.3664366, 30.5715349], [114.3664339, 30.5713178], [114.366490199, 30.5710823], [114.3665895, 30.5707451], [114.366771899, 30.5703825], [114.367093699, 30.5699045], [114.3673459, 30.5696805], [114.367611399, 30.5694426], [114.367815199, 30.5692486], [114.3679815, 30.5689784], [114.3678635, 30.5686297], [114.367766999, 30.5684888], [114.367691899, 30.5683318], [114.3675578, 30.56805], [114.3674866, 30.5678061], [114.367451799, 30.5676603], [114.3674115, 30.5674755], [114.3673552, 30.5672076], [114.3673257, 30.5670483], [114.3672185, 30.5668174], [114.367150099, 30.5666953], [114.3670348, 30.5665683], [114.366782699, 30.5662381], [114.366531799, 30.5658773], [114.3662543, 30.5655336], [114.366165799, 30.5654065], [114.3661768, 30.5652936], [114.366267999, 30.565238], [114.366225299, 30.5649424], [114.3669871, 30.5645686], [114.367230199, 30.5642739], [114.3669338, 30.5635948], [114.3672818, 30.5634829], [114.367813599, 30.5632591], [114.367893411, 30.56314631], [114.368249699, 30.5626428], [114.368834299, 30.5615128], [114.367782899, 30.5591016], [114.3674428, 30.5582447], [114.366798999, 30.5582262], [114.366277, 30.557445], [114.3662918, 30.5573599], [114.366397699, 30.5572649], [114.366413799, 30.5571517], [114.3664125, 30.5569742], [114.3664084, 30.5568722], [114.3664862, 30.5568353], [114.3665413, 30.5567663], [114.3664808, 30.5566574], [114.3663923, 30.556505], [114.3664996, 30.5565119], [114.366631, 30.5564657], [114.3666942, 30.5564245], [114.3667356, 30.5563872], [114.366743699, 30.5563571], [114.3667398, 30.5562905], [114.366699499, 30.5562697], [114.3666352, 30.5562258], [114.3665976, 30.5561981], [114.3665493, 30.5561866], [114.3665157, 30.5561608], [114.366498399, 30.5561242], [114.3665172, 30.5560919], [114.366509099, 30.5560665], [114.366461999, 30.5560453], [114.3663682, 30.5560523], [114.3662904, 30.5560523], [114.3662314, 30.5560222], [114.366303799, 30.5559807], [114.3664164, 30.5559576], [114.366518399, 30.5559044], [114.3666176, 30.5555603], [114.3667705, 30.5552531], [114.366767799, 30.5551307], [114.366612199, 30.5549159], [114.3665237, 30.5547034], [114.3665613, 30.5545486], [114.366826799, 30.5545024], [114.3671084, 30.5544886], [114.3671797, 30.5545374], [114.3672092, 30.5546067], [114.3672172, 30.5547037], [114.3671502, 30.5548515], [114.3671502, 30.5551149], [114.367147499, 30.5552119], [114.3670724, 30.5552604], [114.3668685, 30.5551841], [114.366755899, 30.5553874], [114.3665896, 30.5558563], [114.3665896, 30.5559995], [114.3668831, 30.5563133], [114.3670375, 30.5564591], [114.367268199, 30.5567063], [114.3674598, 30.5568976], [114.367573899, 30.5572167], [114.367759, 30.5578149], [114.3678985, 30.5583], [114.3680058, 30.5586372], [114.3682418, 30.5591846], [114.368433499, 30.5595561], [114.368614599, 30.5598544], [114.3689499, 30.5603348], [114.369272999, 30.5607086], [114.3692984, 30.5607348], [114.3694473, 30.5608887], [114.3696124, 30.56103], [114.3698604, 30.561159], [114.3699999, 30.5612306], [114.3701086, 30.5612424], [114.3702761, 30.5612421], [114.370339299, 30.5612794], [114.370387599, 30.5613441], [114.3703915, 30.5614731], [114.3704144, 30.5616697], [114.370532399, 30.5618776], [114.370658499, 30.5620462], [114.3706638, 30.5621085], [114.3705217, 30.5623487], [114.3704171, 30.5625635], [114.3703688, 30.5629054], [114.3703259, 30.563104], [114.3703313, 30.5633719], [114.3703688, 30.5635058], [114.3705002, 30.5637645], [114.370425099, 30.5638223], [114.3703473, 30.5638777], [114.3703259, 30.5640509], [114.3703259, 30.5641895], [114.370359299, 30.5643046], [114.370494899, 30.5646606], [114.370647799, 30.5650324], [114.3706987, 30.5653997], [114.3707187, 30.5655564], [114.3707214, 30.5656349], [114.3706746, 30.5657288], [114.3707328, 30.5659886], [114.3707409, 30.5660671], [114.370805899, 30.5662865], [114.370833499, 30.5663021], [114.370850999, 30.5663286], [114.370892999, 30.5665887], [114.371059299, 30.566561], [114.3712083, 30.5665475], [114.3713639, 30.5666052], [114.371441699, 30.5667369], [114.3715128, 30.5668951], [114.371539599, 30.5672218], [114.371486, 30.5675891], [114.3714336, 30.5676941], [114.371338499, 30.5678281], [114.3712673, 30.5678662], [114.3711654, 30.567872], [114.3711372, 30.5678858], [114.3711252, 30.5679066], [114.370767, 30.5684978], [114.370737499, 30.5685578], [114.3706946, 30.568619], [114.370626199, 30.5686953], [114.370519899, 30.5688583], [114.3705258, 30.5688727], [114.3705269, 30.5688826], [114.3705233, 30.5688959], [114.37047, 30.5689799], [114.3704452, 30.5690192], [114.3702092, 30.569447], [114.3700348, 30.569716], [114.3700194, 30.5697639], [114.370033599, 30.5698061], [114.3701241, 30.5698933], [114.3702743, 30.5700515], [114.3703802, 30.5702778], [114.370452, 30.5704863], [114.370532399, 30.5707056], [114.370584699, 30.5708661], [114.370610899, 30.5709308], [114.371920999, 30.5719789], [114.3719559, 30.5719804], [114.3719888, 30.5719723], [114.372089299, 30.5719027], [114.3722651, 30.5718107], [114.3724287, 30.5717714], [114.3726284, 30.5718057], [114.372749099, 30.571875], [114.3729315, 30.5721498], [114.373308499, 30.5727875], [114.373641099, 30.5732863], [114.3741385, 30.5737709], [114.3746025, 30.5740596], [114.374723199, 30.5741658], [114.3748922, 30.5742513], [114.3750037, 30.5742632], [114.375173799, 30.5742305], [114.3753804, 30.5741243], [114.3755225, 30.5740688], [114.3757735, 30.5740253], [114.3760402, 30.5740203], [114.3762333, 30.5740527], [114.3763287, 30.5740969], [114.376417199, 30.5741847], [114.376503, 30.5742147], [114.3766088, 30.5741982], [114.3767042, 30.5742124], [114.376773899, 30.5743555], [114.376878499, 30.5746142], [114.376902699, 30.5747897], [114.3768624, 30.5750091], [114.376618399, 30.5753254], [114.3762697, 30.5756741], [114.376188, 30.575811], [114.3748585, 30.5756189], [114.374767299, 30.5756697], [114.3746332, 30.575739], [114.374450799, 30.5757759], [114.3741451, 30.5757297], [114.3736494, 30.5756073], [114.3734241, 30.5756073], [114.3731344, 30.5756858], [114.372734199, 30.5758683], [114.372321199, 30.5760253], [114.3720315, 30.5760807], [114.371739699, 30.5760784], [114.3710959, 30.5760138], [114.370406099, 30.5760669]]]}, "properties": {"id": 497, "name": "东湖听涛景区", "type": "公园", "area_sqm": 711619}}, {"type": "Feature", "geometry": {"type": "Polygon", "coordinates": [[[114.3497912, 30.5375315], [114.349901899, 30.5377141], [114.348121799, 30.5385747], [114.3478722, 30.5382098], [114.347729099, 30.5379963], [114.3484218, 30.5376663], [114.3483437, 30.5375466], [114.349432299, 30.5370083], [114.3497912, 30.5375315]]]}, "properties": {"id": 501, "name": "中科新苑", "type": "居住区", "area_sqm": 16462}}, {"type": "Feature", "geometry": {"type": "Polygon", "coordinates": [[[114.349953699, 30.5362694], [114.3494676, 30.5365253], [114.3489983, 30.5367364], [114.3488199, 30.5365008], [114.348894999, 30.5362744], [114.3488199, 30.5361958], [114.348049299, 30.5361311], [114.3480957, 30.535512], [114.3482405, 30.5354658], [114.348304899, 30.5351793], [114.3489862, 30.535184], [114.349183399, 30.5358459], [114.3492587, 30.5359769], [114.349345599, 30.5360988], [114.349570899, 30.5360249], [114.3496906, 30.5362555], [114.349892699, 30.5361676], [114.349953699, 30.5362694]]]}, "properties": {"id": 502, "name": "劝业场社区", "type": "居住区", "area_sqm": 15010}}, {"type": "Feature", "geometry": {"type": "Polygon", "coordinates": [[[114.348916499, 30.5398807], [114.3483478, 30.5399684], [114.347548499, 30.5399985], [114.347535099, 30.5398506], [114.347288399, 30.5398853], [114.34727, 30.5397417], [114.3467948, 30.5398044], [114.346722399, 30.5394695], [114.3467779, 30.5394174], [114.346754599, 30.53925], [114.347531599, 30.5389981], [114.3482754, 30.5386725], [114.348631299, 30.5393677], [114.3490283, 30.5392222], [114.349002299, 30.5391645], [114.3493644, 30.539049], [114.3494977, 30.539243], [114.3497158, 30.5391645], [114.3497713, 30.5393354], [114.3495307, 30.5396889], [114.349500499, 30.5396983], [114.348916499, 30.5398807]]]}, "properties": {"id": 503, "name": "黄家湾", "type": "居住区", "area_sqm": 24974}}, {"type": "Feature", "geometry": {"type": "Polygon", "coordinates": [[[114.340480899, 30.5398044], [114.340502399, 30.5399708], [114.3405185, 30.5403427], [114.3405453, 30.5404928], [114.340614199, 30.5406822], [114.340640999, 30.5408416], [114.3405928, 30.5409894], [114.3399606, 30.5406569], [114.3393141, 30.540315], [114.3391175, 30.5401993], [114.339053199, 30.5401347], [114.339054, 30.5397975], [114.339120999, 30.5397675], [114.339662, 30.5397466], [114.3401877, 30.5397211], [114.340479199, 30.5397026], [114.340480899, 30.5398044]]]}, "properties": {"id": 504, "name": "小洪山西区", "type": "居住区", "area_sqm": 13182}}, {"type": "Feature", "geometry": {"type": "Polygon", "coordinates": [[[114.3509104, 30.53923], [114.350958499, 30.5393687], [114.350923999, 30.5395999], [114.350647499, 30.5406558], [114.351147899, 30.5418274], [114.351080099, 30.5419868], [114.350895899, 30.5419691], [114.350311299, 30.5419091], [114.350220099, 30.5418952], [114.3497419, 30.5417441], [114.3490374, 30.5415862], [114.349135699, 30.5412607], [114.3492729, 30.541047], [114.3499432, 30.5399053], [114.3503906, 30.5391476], [114.3507805, 30.5390029], [114.3509104, 30.53923]]]}, "properties": {"id": 505, "name": "茶港小区", "type": "居住区", "area_sqm": 35599}}, {"type": "Feature", "geometry": {"type": "Polygon", "coordinates": [[[114.3406842, 30.5392193], [114.340689099, 30.5394341], [114.340425, 30.5394678], [114.3402979, 30.5392151], [114.339579199, 30.5394173], [114.339012099, 30.5392051], [114.3374287, 30.5391694], [114.3374149, 30.5383952], [114.3370208, 30.5380319], [114.3350503, 30.5376746], [114.335001899, 30.5375317], [114.3341929, 30.5373709], [114.3340408, 30.5374781], [114.3335084, 30.5374305], [114.3334185, 30.5376091], [114.333204199, 30.5375674], [114.3332872, 30.5372756], [114.3321048, 30.5371446], [114.3312762, 30.5370133], [114.3310415, 30.5365585], [114.330752999, 30.5363943], [114.330605699, 30.5362189], [114.3303179, 30.5358763], [114.3302886, 30.5353457], [114.330498799, 30.5351857], [114.330609, 30.5352801], [114.3308019, 30.5353247], [114.3311099, 30.5351941], [114.3311833, 30.5353794], [114.3314228, 30.5354763], [114.331613499, 30.5354257], [114.3315646, 30.5355857], [114.3318384, 30.5355857], [114.3318237, 30.535771], [114.3319949, 30.5357668], [114.3325375, 30.5355857], [114.333266, 30.5353499], [114.3335202, 30.5360111], [114.333611599, 30.5359142], [114.3336473, 30.5358763], [114.333828199, 30.5358721], [114.334097099, 30.5359437], [114.3347523, 30.5359858], [114.3353598, 30.5360288], [114.3356245, 30.53606], [114.3357965, 30.536031], [114.335948699, 30.5359865], [114.3357985, 30.5356784], [114.3357949, 30.5355521], [114.336131, 30.5355436], [114.3362043, 30.5356152], [114.336497699, 30.5355226], [114.336463399, 30.5354173], [114.3358523, 30.5354721], [114.335710499, 30.5350762], [114.3357545, 30.5348994], [114.3360479, 30.5348909], [114.336062499, 30.5350299], [114.336712799, 30.5350173], [114.3367617, 30.5350846], [114.337314099, 30.535051], [114.3374217, 30.5350257], [114.3373581, 30.5347688], [114.337798099, 30.5347772], [114.3376515, 30.5349162], [114.3377199, 30.5350636], [114.338184399, 30.5352657], [114.3385071, 30.5352826], [114.3385168, 30.5354005], [114.338981299, 30.5354173], [114.3392404, 30.535451], [114.339558199, 30.5354426], [114.339656, 30.535611], [114.3400813, 30.5356068], [114.3401547, 30.5355689], [114.3406191, 30.5355394], [114.3406289, 30.5354005], [114.340873399, 30.5354889], [114.340873399, 30.5356194], [114.3414063, 30.5355984], [114.341772899, 30.5354342], [114.341856099, 30.5352868], [114.341575, 30.5352444], [114.341707199, 30.5351324], [114.341926, 30.5351217], [114.3420637, 30.535091], [114.3426122, 30.5350287], [114.3436084, 30.5349721], [114.343801999, 30.5351329], [114.345336899, 30.5355855], [114.3454752, 30.5354961], [114.3461113, 30.5358892], [114.3462427, 30.5357939], [114.346546899, 30.5358773], [114.3467129, 30.5358296], [114.346864999, 30.5360857], [114.34654, 30.5361036], [114.3465331, 30.5362763], [114.346837299, 30.5363835], [114.3466437, 30.5370743], [114.346429399, 30.5371517], [114.346166599, 30.5373005], [114.3462427, 30.5375328], [114.345800199, 30.5376102], [114.3457518, 30.5374494], [114.344894399, 30.537634], [114.344866799, 30.5378663], [114.344548699, 30.5378842], [114.344527999, 30.5375447], [114.343788199, 30.5375268], [114.3436361, 30.5376281], [114.343760499, 30.538039], [114.3432074, 30.5381224], [114.3431106, 30.537771], [114.3432973, 30.5376936], [114.343262699, 30.5373958], [114.342197899, 30.5374197], [114.3420596, 30.5372231], [114.341741599, 30.5372529], [114.341713899, 30.537372], [114.3408635, 30.5373244], [114.3407874, 30.5375745], [114.341624, 30.5378663], [114.341754899, 30.5384235], [114.341608199, 30.5385372], [114.3415495, 30.5389878], [114.3414126, 30.5389793], [114.3413833, 30.5391857], [114.340913999, 30.5391941], [114.3406842, 30.5392193]]]}, "properties": {"id": 576, "name": " ", "type": "森林", "area_sqm": 425992}}, {"type": "Feature", "geometry": {"type": "Polygon", "coordinates": [[[114.351075899, 30.5302481], [114.3510727, 30.5306101], [114.3507237, 30.5306078], [114.3507268, 30.5302458], [114.351075899, 30.5302481]]]}, "properties": {"id": 1095, "name": "国家网络安全学院露天篮球场", "type": "休闲场地", "area_sqm": 1345}}, {"type": "Feature", "geometry": {"type": "Polygon", "coordinates": [[[114.363228999, 30.5304578], [114.364229099, 30.5299884], [114.364859399, 30.5298775], [114.3650782, 30.5308338], [114.364664299, 30.5308968], [114.3647574, 30.5312291], [114.3635666, 30.5314647], [114.363228999, 30.5304578]]]}, "properties": {"id": 1107, "name": "东湖·楚天府", "type": "居住区", "area_sqm": 20538}}, {"type": "Feature", "geometry": {"type": "Polygon", "coordinates": [[[114.351453099, 30.55564], [114.351442399, 30.5557556], [114.351393099, 30.5558086], [114.351371499, 30.5558458], [114.351151299, 30.5558306], [114.351170799, 30.5556206], [114.351453099, 30.55564]]]}, "properties": {"id": 1463, "name": " ", "type": "草地", "area_sqm": 600}}, {"type": "Feature", "geometry": {"type": "Polygon", "coordinates": [[[114.3575116, 30.5333934], [114.3550362, 30.5342674], [114.354468999, 30.5344766], [114.3537789, 30.5348206], [114.3531299, 30.5352477], [114.352839199, 30.5349635], [114.353385, 30.534669], [114.3540555, 30.5343513], [114.354990899, 30.5339805], [114.3555418, 30.5337946], [114.356129999, 30.5335793], [114.3574015, 30.5331198], [114.3575116, 30.5333934]]]}, "properties": {"id": 1460, "name": " ", "type": "草地", "area_sqm": 15370}}, {"type": "Feature", "geometry": {"type": "Polygon", "coordinates": [[[114.3506523, 30.5552551], [114.3506407, 30.5554184], [114.350426799, 30.5554072], [114.3504383, 30.5552439], [114.3506523, 30.5552551]]]}, "properties": {"id": 1461, "name": " ", "type": "草地", "area_sqm": 373}}, {"type": "Feature", "geometry": {"type": "Polygon", "coordinates": [[[114.3582721, 30.5435229], [114.358266899, 30.5436628], [114.3584641, 30.5436682], [114.358451499, 30.5440144], [114.357786099, 30.5439963], [114.357793, 30.5438081], [114.357690499, 30.5438053], [114.3577015, 30.5435074], [114.3582721, 30.5435229]]]}, "properties": {"id": 1450, "name": "工学部网球场", "type": "休闲场地", "area_sqm": 3478}}, {"type": "Feature", "geometry": {"type": "Polygon", "coordinates": [[[114.355804099, 30.5389184], [114.355964299, 30.5389449], [114.355964299, 30.5390405], [114.355779499, 30.5390988], [114.3553666, 30.5390776], [114.3554098, 30.5388122], [114.355767199, 30.5387379], [114.355804099, 30.5389184]]]}, "properties": {"id": 1451, "name": " ", "type": "草地", "area_sqm": 1590}}, {"type": "Feature", "geometry": {"type": "Polygon", "coordinates": [[[114.356861899, 30.5397338], [114.3567629, 30.5397804], [114.35645, 30.5395909], [114.3562724, 30.5395279], [114.356079799, 30.5394816], [114.3557295, 30.5393721], [114.3554022, 30.5391659], [114.3559472, 30.5391568], [114.356375399, 30.5395134], [114.356591299, 30.539489], [114.3567471, 30.5394095], [114.3567318, 30.5392394], [114.3562905, 30.5388337], [114.3562551, 30.5386355], [114.3565701, 30.5385685], [114.356861899, 30.5397338]]]}, "properties": {"id": 1452, "name": " ", "type": "草地", "area_sqm": 4333}}, {"type": "Feature", "geometry": {"type": "Polygon", "coordinates": [[[114.352944399, 30.53472], [114.3526071, 30.5348744], [114.352476, 30.5348217], [114.3524027, 30.5347763], [114.3522533, 30.5346757], [114.3529071, 30.5346556], [114.353105399, 30.5346495], [114.352944399, 30.53472]]]}, "properties": {"id": 1453, "name": " ", "type": "草地", "area_sqm": 988}}, {"type": "Feature", "geometry": {"type": "Polygon", "coordinates": [[[114.3548756, 30.529914], [114.3547971, 30.5300257], [114.3542881, 30.5300377], [114.354222699, 30.5299975], [114.354232, 30.5299292], [114.3542758, 30.5299076], [114.3543149, 30.5298457], [114.354383799, 30.5298064], [114.3544575, 30.529804], [114.354576, 30.5297346], [114.3546669, 30.5297359], [114.354868199, 30.5297335], [114.3548756, 30.529914]]]}, "properties": {"id": 1454, "name": "樱花园", "type": "森林", "area_sqm": 1662}}, {"type": "Feature", "geometry": {"type": "Polygon", "coordinates": [[[114.353926999, 30.5300454], [114.3538561, 30.5300338], [114.353815099, 30.5300092], [114.3533741, 30.5300105], [114.353380499, 30.5291298], [114.3545052, 30.5291228], [114.3545389, 30.5291718], [114.354535099, 30.5293109], [114.354544999, 30.5293429], [114.354593699, 30.5293598], [114.35456, 30.5294213], [114.354520799, 30.5294365], [114.3544234, 30.5294512], [114.354389499, 30.529439], [114.354277499, 30.5293639], [114.354156999, 30.5293649], [114.354075399, 30.5293889], [114.354009699, 30.5294208], [114.3539249, 30.5294228], [114.353883499, 30.5294165], [114.353810099, 30.5295039], [114.3537261, 30.5296082], [114.353685899, 30.5297002], [114.353650399, 30.5298002], [114.353735099, 30.5298425], [114.3538084, 30.5298175], [114.353914199, 30.5298347], [114.3539366, 30.5298695], [114.354009, 30.529864], [114.3539987, 30.5299118], [114.353926999, 30.5300454]]]}, "properties": {"id": 1459, "name": "樱花园", "type": "森林", "area_sqm": 6299}}, {"type": "Feature", "geometry": {"type": "Polygon", "coordinates": [[[114.351365399, 30.5559121], [114.351386899, 30.5559546], [114.351442399, 30.5559758], [114.3514374, 30.5561465], [114.3511531, 30.5561403], [114.3511599, 30.5559076], [114.351365399, 30.5559121]]]}, "properties": {"id": 1462, "name": " ", "type": "草地", "area_sqm": 669}}, {"type": "Feature", "geometry": {"type": "Polygon", "coordinates": [[[114.3515047, 30.5558206], [114.3515258, 30.5558282], [114.351542899, 30.5558413], [114.3515541, 30.5558586], [114.3515582, 30.555878], [114.351554799, 30.5558975], [114.3515442, 30.5559149], [114.351527599, 30.5559284], [114.3515069, 30.5559366], [114.3514842, 30.5559385], [114.351462, 30.555934], [114.3514427, 30.5559236], [114.3514283, 30.5559083], [114.3514205, 30.5558898], [114.35142, 30.5558702], [114.351426999, 30.5558514], [114.3514407, 30.5558356], [114.3514597, 30.5558245], [114.351481799, 30.5558193], [114.3515047, 30.5558206]]]}, "properties": {"id": 1464, "name": " ", "type": "草地", "area_sqm": 136}}, {"type": "Feature", "geometry": {"type": "Polygon", "coordinates": [[[114.351795399, 30.556472], [114.3517737, 30.5568303], [114.351065199, 30.5567985], [114.3510869, 30.5564402], [114.351795399, 30.556472]]]}, "properties": {"id": 1465, "name": " ", "type": "草地", "area_sqm": 2710}}, {"type": "Feature", "geometry": {"type": "Polygon", "coordinates": [[[114.350163599, 30.5552227], [114.3501449, 30.5553452], [114.3498899, 30.5553372], [114.349888499, 30.5552444], [114.3495681, 30.5552127], [114.3495682, 30.5551148], [114.3499893, 30.5551194], [114.349986599, 30.5547453], [114.3495856, 30.5547468], [114.3494958, 30.5544107], [114.350182499, 30.5542121], [114.3501691, 30.5546256], [114.350091299, 30.5546856], [114.3500484, 30.5547526], [114.3500242, 30.5548057], [114.350042999, 30.5548842], [114.350088599, 30.5549374], [114.350147599, 30.5549766], [114.3500967, 30.5550413], [114.350163599, 30.5552227]]]}, "properties": {"id": 1466, "name": " ", "type": "草地", "area_sqm": 4245}}, {"type": "Feature", "geometry": {"type": "Polygon", "coordinates": [[[114.359837099, 30.5406606], [114.35955, 30.5411362], [114.358922599, 30.5408662], [114.359045899, 30.5406493], [114.359205899, 30.5403886], [114.359837099, 30.5406606]]]}, "properties": {"id": 1500, "name": "梅园小操场", "type": "休闲场地", "area_sqm": 4030}}, {"type": "Feature", "geometry": {"type": "Polygon", "coordinates": [[[114.3650381, 30.5456699], [114.3643552, 30.5458568], [114.3640832, 30.5460006], [114.363824899, 30.5456006], [114.364434899, 30.545322], [114.3649618, 30.5452716], [114.3650381, 30.5456699]]]}, "properties": {"id": 1501, "name": " ", "type": "草地", "area_sqm": 5397}}, {"type": "Feature", "geometry": {"type": "Polygon", "coordinates": [[[114.3538565, 30.533031], [114.353855799, 30.5333819], [114.353556999, 30.5333815], [114.353557599, 30.5330305], [114.3538565, 30.533031]]]}, "properties": {"id": 1502, "name": " ", "type": "草地", "area_sqm": 1117}}, {"type": "Feature", "geometry": {"type": "Polygon", "coordinates": [[[114.3558364, 30.5405516], [114.3558056, 30.5407347], [114.3558518, 30.5407506], [114.355919599, 30.5407824], [114.355962699, 30.5408302], [114.3559938, 30.5408906], [114.3559554, 30.5410544], [114.3558897, 30.5411192], [114.355692899, 30.5412208], [114.35567, 30.5412176], [114.3555961, 30.5411699], [114.3555924, 30.5410652], [114.355693299, 30.5405215], [114.3558364, 30.5405516]]]}, "properties": {"id": 1503, "name": " ", "type": "森林", "area_sqm": 1857}}, {"type": "Feature", "geometry": {"type": "Polygon", "coordinates": [[[114.3526271, 30.5351104], [114.3524176, 30.5353677], [114.352126999, 30.5351789], [114.3522658, 30.5350107], [114.3523587, 30.5349965], [114.3526271, 30.5351104]]]}, "properties": {"id": 1523, "name": " ", "type": "草地", "area_sqm": 1082}}, {"type": "Feature", "geometry": {"type": "Polygon", "coordinates": [[[114.3529114, 30.5353054], [114.3532401, 30.5355885], [114.3534028, 30.5359368], [114.3534276, 30.5360239], [114.3533976, 30.5360878], [114.3527697, 30.5355871], [114.352471799, 30.5354254], [114.3527538, 30.5352044], [114.3529114, 30.5353054]]]}, "properties": {"id": 1524, "name": " ", "type": "草地", "area_sqm": 3024}}, {"type": "Feature", "geometry": {"type": "Polygon", "coordinates": [[[114.3594036, 30.5456598], [114.359379399, 30.5458533], [114.3586724, 30.5457878], [114.3586966, 30.5455944], [114.3594036, 30.5456598]]]}, "properties": {"id": 1539, "name": "露天羽毛球场", "type": "休闲场地", "area_sqm": 1473}}, {"type": "Feature", "geometry": {"type": "Polygon", "coordinates": [[[114.3555996, 30.5412586], [114.35509, 30.5414965], [114.355108799, 30.5412817], [114.355323399, 30.5412747], [114.3554843, 30.5412216], [114.3555996, 30.5412586]]]}, "properties": {"id": 1550, "name": " ", "type": "森林", "area_sqm": 615}}, {"type": "Feature", "geometry": {"type": "Polygon", "coordinates": [[[114.3524663, 30.5387101], [114.3525669, 30.5387274], [114.352630799, 30.5387763], [114.352623699, 30.5389685], [114.352556999, 30.5393141], [114.3524973, 30.5395782], [114.3523996, 30.54001], [114.352297699, 30.5405552], [114.350898899, 30.5403333], [114.3510746, 30.5394786], [114.3511256, 30.5393909], [114.351188799, 30.5393105], [114.351224799, 30.5391621], [114.3512583, 30.5389751], [114.3512449, 30.538861], [114.351231899, 30.5387784], [114.351176099, 30.5386969], [114.351106, 30.5386], [114.351071299, 30.5384813], [114.351075999, 30.5384069], [114.3510327, 30.5383387], [114.351106199, 30.5382032], [114.351204699, 30.5379947], [114.3513512, 30.5380107], [114.351385, 30.5378423], [114.351472099, 30.5378174], [114.3515463, 30.5378016], [114.3517341, 30.5378247], [114.3520737, 30.5378661], [114.3522369, 30.5379552], [114.352316299, 30.5379947], [114.3524268, 30.5380765], [114.3524844, 30.538177], [114.352528199, 30.5382544], [114.352553, 30.5383361], [114.3525757, 30.5384238], [114.3526084, 30.5385106], [114.352626699, 30.5386487], [114.352576999, 30.5386812], [114.352473, 30.5386674], [114.3524663, 30.5387101]]]}, "properties": {"id": 1676, "name": "武汉大学卓尔体育馆", "type": "休闲场地", "area_sqm": 38272}}, {"type": "Feature", "geometry": {"type": "Polygon", "coordinates": [[[114.341695999, 30.5556158], [114.3394912, 30.5571679], [114.3377048, 30.5583828], [114.337227399, 30.5586831], [114.334145299, 30.5600701], [114.333908399, 30.5601767], [114.333364799, 30.5604213], [114.3330445, 30.5605654], [114.3329573, 30.5606047], [114.3325872, 30.5607617], [114.3310369, 30.5616579], [114.330693399, 30.5618983], [114.3304843, 30.5620428], [114.329684999, 30.5626048], [114.3296217, 30.5625558], [114.329105699, 30.5621567], [114.3302322, 30.5611682], [114.330787, 30.560905], [114.331530399, 30.5606232], [114.332415499, 30.5602675], [114.3331397, 30.5600365], [114.3368787, 30.5583458], [114.337425899, 30.5580872], [114.337334699, 30.5579486], [114.3393624, 30.5566228], [114.341449199, 30.5552832], [114.341695999, 30.5556158]]]}, "properties": {"id": 1714, "name": "楚河汉街", "type": "商业区", "area_sqm": 80995}}, {"type": "Feature", "geometry": {"type": "Polygon", "coordinates": [[[114.3562777, 30.5311903], [114.3558197, 30.5311879], [114.3558184, 30.5310632], [114.3557587, 30.5310621], [114.3557614, 30.5309662], [114.3562831, 30.5309639], [114.3562777, 30.5311903]]]}, "properties": {"id": 1796, "name": " ", "type": "森林", "area_sqm": 1162}}, {"type": "Feature", "geometry": {"type": "Polygon", "coordinates": [[[114.349514999, 30.5318432], [114.3496495, 30.5320231], [114.350283, 30.5327608], [114.3502936, 30.5328584], [114.349723799, 30.5332912], [114.349214199, 30.5318402], [114.349318499, 30.5318108], [114.3494335, 30.5318058], [114.349514999, 30.5318432]]]}, "properties": {"id": 2498, "name": " ", "type": "居住区", "area_sqm": 7532}}, {"type": "Feature", "geometry": {"type": "Polygon", "coordinates": [[[114.3659225, 30.542541], [114.365918499, 30.5426045], [114.365927799, 30.5427131], [114.366078, 30.5429868], [114.3660307, 30.5430826], [114.365581799, 30.5429106], [114.3658809, 30.5423932], [114.3659989, 30.5422765], [114.3659225, 30.542541]]]}, "properties": {"id": 2516, "name": " ", "type": "公园", "area_sqm": 1720}}, {"type": "Feature", "geometry": {"type": "Polygon", "coordinates": [[[114.352648299, 30.5319711], [114.3524042, 30.5325002], [114.3523854, 30.5319711], [114.352648299, 30.5319711]]]}, "properties": {"id": 2521, "name": " ", "type": "森林", "area_sqm": 741}}, {"type": "Feature", "geometry": {"type": "Polygon", "coordinates": [[[114.3632714, 30.5450226], [114.3630904, 30.5462397], [114.363051499, 30.546501], [114.3630086, 30.5465425], [114.3619866, 30.5468774], [114.3617077, 30.5464317], [114.3617077, 30.5462977], [114.361811, 30.5453563], [114.361816, 30.5453007], [114.361820999, 30.545246], [114.3618981, 30.5451542], [114.361975899, 30.5450618], [114.3620484, 30.5449948], [114.362155599, 30.5449371], [114.362222699, 30.5449209], [114.3632714, 30.5450226]]]}, "properties": {"id": 2633, "name": "工学部操场", "type": "休闲场地", "area_sqm": 25184}}, {"type": "Feature", "geometry": {"type": "Polygon", "coordinates": [[[114.3617077, 30.5455862], [114.3615255, 30.5466884], [114.3608256, 30.5466228], [114.3609782, 30.5455169], [114.3617077, 30.5455862]]]}, "properties": {"id": 2634, "name": " ", "type": "休闲场地", "area_sqm": 8521}}, {"type": "Feature", "geometry": {"type": "Polygon", "coordinates": [[[114.3553918, 30.5412017], [114.355295199, 30.5412179], [114.355212099, 30.5412248], [114.3550941, 30.5412295], [114.3549894, 30.5412202], [114.3547749, 30.5411786], [114.3542492, 30.5411001], [114.3546267, 30.5392533], [114.3547078, 30.5392197], [114.3547668, 30.5391665], [114.3548607, 30.539215], [114.3551182, 30.5393975], [114.3552872, 30.539483], [114.3558424, 30.5396644], [114.355552699, 30.541174], [114.355482999, 30.5411717], [114.3553918, 30.5412017]]]}, "properties": {"id": 2635, "name": "桂园操场", "type": "休闲场地", "area_sqm": 24357}}, {"type": "Feature", "geometry": {"type": "Polygon", "coordinates": [[[114.3620531, 30.5440512], [114.3619686, 30.5450295], [114.3618935, 30.5451196], [114.361842499, 30.545212], [114.361813, 30.5452212], [114.3610807, 30.545175], [114.361210299, 30.5439892], [114.3620531, 30.5440512]]]}, "properties": {"id": 2636, "name": " ", "type": "休闲场地", "area_sqm": 10716}}, {"type": "Feature", "geometry": {"type": "Polygon", "coordinates": [[[114.3711304, 30.5368244], [114.3709481, 30.5369653], [114.3706845, 30.5368429], [114.3704485, 30.536948], [114.370358, 30.5369191], [114.3701963, 30.5368417], [114.3696788, 30.536717], [114.3694843, 30.5369157], [114.3681366, 30.5363461], [114.3682294, 30.5361281], [114.368057399, 30.5360794], [114.367607399, 30.535812], [114.3672048, 30.5356766], [114.367023299, 30.5356254], [114.366942199, 30.5355128], [114.3665218, 30.5352454], [114.3664628, 30.5351357], [114.3663841, 30.5351034], [114.366334599, 30.5350418], [114.3661845, 30.5348972], [114.3661121, 30.5347568], [114.366223, 30.5343982], [114.3664231, 30.5344588], [114.367412799, 30.5350893], [114.3675326, 30.5351447], [114.367552399, 30.5351148], [114.367766999, 30.5347914], [114.3679494, 30.5348376], [114.3679468, 30.5347839], [114.3683033, 30.5347613], [114.3687566, 30.5349877], [114.3686601, 30.5351448], [114.369218, 30.535392], [114.369268899, 30.5353782], [114.369636399, 30.5351056], [114.3699127, 30.5347775], [114.3700147, 30.5345835], [114.3702514, 30.534555], [114.371049999, 30.5344587], [114.371093, 30.5345742], [114.371068499, 30.5345848], [114.3710071, 30.5346112], [114.3710304, 30.5346491], [114.371099899, 30.5347622], [114.3712002, 30.5349254], [114.371109099, 30.5349623], [114.371237799, 30.5352118], [114.3708301, 30.5352118], [114.3707677, 30.5351151], [114.3703473, 30.5348653], [114.370245399, 30.5348699], [114.3702561, 30.534967], [114.369456799, 30.5357848], [114.3693729, 30.5359224], [114.3697141, 30.536055], [114.3699933, 30.536099], [114.370400999, 30.5362191], [114.370776499, 30.5364686], [114.3708891, 30.5364732], [114.3709845, 30.5366497], [114.371038, 30.5367077], [114.3711305, 30.5366811], [114.3711827, 30.5368], [114.3711304, 30.5368244]]]}, "properties": {"id": 2751, "name": "九区", "type": "居住区", "area_sqm": 58695}}, {"type": "Feature", "geometry": {"type": "Polygon", "coordinates": [[[114.344882099, 30.5516477], [114.342415399, 30.5510759], [114.342727499, 30.5495352], [114.3436925, 30.5495412], [114.3438121, 30.5483979], [114.3458139, 30.5485066], [114.3457794, 30.5492132], [114.3465826, 30.5492103], [114.3470545, 30.549254], [114.3470104, 30.5499282], [114.346988199, 30.5501772], [114.3470373, 30.550561], [114.3470726, 30.5510285], [114.346948199, 30.5513532], [114.345776599, 30.5515919], [114.344947, 30.5514542], [114.344882099, 30.5516477]]]}, "properties": {"id": 2790, "name": "中共湖北省委员会", "type": "商业区", "area_sqm": 117758}}, {"type": "Feature", "geometry": {"type": "Polygon", "coordinates": [[[114.3484874, 30.5481462], [114.348256699, 30.5481831], [114.3479429, 30.5481877], [114.3478973, 30.54813], [114.3478464, 30.5480838], [114.347771299, 30.5480376], [114.3476908, 30.5480284], [114.3475862, 30.5480561], [114.347495, 30.5481138], [114.347452099, 30.5481023], [114.347444, 30.5480769], [114.3477659, 30.545298], [114.347854399, 30.545298], [114.347921499, 30.5451109], [114.3479805, 30.5449723], [114.3480368, 30.5448833], [114.3480931, 30.5447944], [114.348197699, 30.5448106], [114.3480824, 30.5458732], [114.3482755, 30.5459032], [114.3483077, 30.5474694], [114.3483667, 30.5477465], [114.3484874, 30.5481462]]]}, "properties": {"id": 5446, "name": "茶港桥公园", "type": "公园", "area_sqm": 21462}}, {"type": "Feature", "geometry": {"type": "Polygon", "coordinates": [[[114.3482943, 30.543085], [114.348149399, 30.5445149], [114.348125299, 30.5446789], [114.3480851, 30.5447759], [114.3479563, 30.5449769], [114.347840999, 30.5452795], [114.3471543, 30.5452518], [114.347149, 30.5449653], [114.347108699, 30.5446997], [114.347071199, 30.5429903], [114.3482943, 30.543085]]]}, "properties": {"id": 5447, "name": "茶港红星大院", "type": "军事区", "area_sqm": 24884}}, {"type": "Feature", "geometry": {"type": "Polygon", "coordinates": [[[114.367434399, 30.539669], [114.3674227, 30.5398383], [114.3670548, 30.5398195], [114.367066499, 30.5396501], [114.367434399, 30.539669]]]}, "properties": {"id": 5448, "name": " ", "type": "休闲场地", "area_sqm": 666}}, {"type": "Feature", "geometry": {"type": "Polygon", "coordinates": [[[114.354944599, 30.5320557], [114.354207299, 30.5320618], [114.3542061, 30.5319538], [114.3549434, 30.5319477], [114.354944599, 30.5320557]]]}, "properties": {"id": 5693, "name": " ", "type": "草地", "area_sqm": 848}}, {"type": "Feature", "geometry": {"type": "Polygon", "coordinates": [[[114.3665843, 30.5420827], [114.3666757, 30.5422948], [114.366858599, 30.5424019], [114.3669318, 30.5424985], [114.366852499, 30.5426046], [114.366758599, 30.5426497], [114.366676999, 30.5426172], [114.3665465, 30.5425216], [114.366446499, 30.5423998], [114.3664356, 30.5422812], [114.3663746, 30.5421667], [114.3662173, 30.5420586], [114.3661113, 30.5420239], [114.3660808, 30.5420176], [114.366122199, 30.5418653], [114.366182, 30.5416753], [114.36641, 30.5415986], [114.3665843, 30.5420827]]]}, "properties": {"id": 5694, "name": "实验田", "type": "农田", "area_sqm": 3488}}, {"type": "Feature", "geometry": {"type": "Polygon", "coordinates": [[[114.353487799, 30.5315993], [114.3535573, 30.5316301], [114.3536052, 30.5316667], [114.353629499, 30.531687], [114.353637199, 30.531732], [114.353637099, 30.5317848], [114.3536056, 30.5318339], [114.353520099, 30.5318372], [114.3534347, 30.5318271], [114.353386199, 30.5317922], [114.353329199, 30.5317342], [114.353306, 30.5316672], [114.3533207, 30.5316193], [114.353358999, 30.531593], [114.3534219, 30.5315858], [114.353487799, 30.5315993]]]}, "properties": {"id": 6397, "name": " ", "type": "草地", "area_sqm": 667}}, {"type": "Feature", "geometry": {"type": "Polygon", "coordinates": [[[114.353965999, 30.5316676], [114.353969, 30.5318107], [114.353957799, 30.5318274], [114.3537671, 30.5318301], [114.353749599, 30.5317868], [114.353723, 30.5317321], [114.353723, 30.5316959], [114.353724, 30.5316773], [114.3537404, 30.5316685], [114.353938299, 30.5316641], [114.353965999, 30.5316676]]]}, "properties": {"id": 6398, "name": " ", "type": "草地", "area_sqm": 397}}, {"type": "Feature", "geometry": {"type": "Polygon", "coordinates": [[[114.353987, 30.5319833], [114.353829999, 30.5319846], [114.353765399, 30.5319184], [114.3537666, 30.5318806], [114.353787399, 30.5318627], [114.3539857, 30.5318611], [114.353987, 30.5319833]]]}, "properties": {"id": 6399, "name": " ", "type": "草地", "area_sqm": 262}}, {"type": "Feature", "geometry": {"type": "Polygon", "coordinates": [[[114.3570411, 30.5469045], [114.356994, 30.547302], [114.356855699, 30.5473087], [114.3565347, 30.5473456], [114.3562729, 30.5473929], [114.3560383, 30.5474691], [114.3561205, 30.5468144], [114.3570411, 30.5469045]]]}, "properties": {"id": 6400, "name": " ", "type": "草地", "area_sqm": 4978}}, {"type": "Feature", "geometry": {"type": "Polygon", "coordinates": [[[114.355483499, 30.5442374], [114.3553861, 30.5449588], [114.354333499, 30.5448534], [114.354430899, 30.5441319], [114.355483499, 30.5442374]]]}, "properties": {"id": 6403, "name": "世纪广场", "type": "草地", "area_sqm": 8194}}, {"type": "Feature", "geometry": {"type": "Polygon", "coordinates": [[[114.355483499, 30.5442374], [114.3553861, 30.5449588], [114.354333499, 30.5448534], [114.354430899, 30.5441319], [114.355483499, 30.5442374]]]}, "properties": {"id": 6404, "name": "世纪广场", "type": "公园", "area_sqm": 8194}}, {"type": "Feature", "geometry": {"type": "Polygon", "coordinates": [[[114.3535215, 30.5326285], [114.3534202, 30.53282], [114.3528501, 30.5327858], [114.352999799, 30.5324616], [114.3535215, 30.5326285]]]}, "properties": {"id": 6406, "name": " ", "type": "森林", "area_sqm": 1633}}, {"type": "Feature", "geometry": {"type": "Polygon", "coordinates": [[[114.356049899, 30.5330091], [114.355418199, 30.5330046], [114.35542, 30.5328135], [114.355510099, 30.5328141], [114.3555109, 30.5327323], [114.356052499, 30.5327361], [114.356049899, 30.5330091]]]}, "properties": {"id": 6407, "name": " ", "type": "森林", "area_sqm": 1758}}, {"type": "Feature", "geometry": {"type": "Polygon", "coordinates": [[[114.3644097, 30.5415397], [114.3643449, 30.5419048], [114.3636445, 30.5418126], [114.363684299, 30.5415885], [114.363559599, 30.5415721], [114.363584699, 30.541431], [114.3644097, 30.5415397]]]}, "properties": {"id": 6408, "name": " ", "type": "农田", "area_sqm": 2978}}, {"type": "Feature", "geometry": {"type": "Polygon", "coordinates": [[[114.3449231, 30.5315387], [114.344901599, 30.5316311], [114.344687, 30.5315868], [114.344455299, 30.5315609], [114.3444596, 30.53145], [114.3449231, 30.5315387]]]}, "properties": {"id": 6469, "name": "街道口外贸宿舍", "type": "居住区", "area_sqm": 478}}, {"type": "Feature", "geometry": {"type": "Polygon", "coordinates": [[[114.360630999, 30.5443242], [114.3605723, 30.5447655], [114.3602662, 30.5447354], [114.3603248, 30.544294], [114.360630999, 30.5443242]]]}, "properties": {"id": 6497, "name": " ", "type": "草地", "area_sqm": 1457}}, {"type": "Feature", "geometry": {"type": "Polygon", "coordinates": [[[114.359374199, 30.5442007], [114.3593631, 30.5442844], [114.360206999, 30.5443676], [114.3601616, 30.54471], [114.3589948, 30.544595], [114.359029899, 30.5443309], [114.3589613, 30.5443242], [114.3589829, 30.5441621], [114.359374199, 30.5442007]]]}, "properties": {"id": 6498, "name": " ", "type": "草地", "area_sqm": 4720}}, {"type": "Feature", "geometry": {"type": "Polygon", "coordinates": [[[114.3608087, 30.5451916], [114.360320899, 30.5451438], [114.360335, 30.5450371], [114.3605049, 30.5450537], [114.360510799, 30.5450093], [114.3608287, 30.5450405], [114.3608087, 30.5451916]]]}, "properties": {"id": 6499, "name": " ", "type": "草地", "area_sqm": 714}}, {"type": "Feature", "geometry": {"type": "Polygon", "coordinates": [[[114.360130099, 30.5449971], [114.3601134, 30.5451235], [114.359757499, 30.5450886], [114.3597743, 30.5449622], [114.360130099, 30.5449971]]]}, "properties": {"id": 6500, "name": " ", "type": "草地", "area_sqm": 485}}, {"type": "Feature", "geometry": {"type": "Polygon", "coordinates": [[[114.3596454, 30.5449496], [114.359628699, 30.545076], [114.359315799, 30.5450453], [114.3593325, 30.5449189], [114.3596454, 30.5449496]]]}, "properties": {"id": 6501, "name": " ", "type": "草地", "area_sqm": 427}}, {"type": "Feature", "geometry": {"type": "Polygon", "coordinates": [[[114.358743999, 30.5439852], [114.3587293, 30.5440181], [114.358648599, 30.5446282], [114.3584812, 30.5446118], [114.358561799, 30.5440017], [114.358613, 30.5439641], [114.358670699, 30.5439343], [114.358733299, 30.543913], [114.358789, 30.5439021], [114.3588459, 30.543898], [114.3595239, 30.5439696], [114.359521499, 30.5439864], [114.359485099, 30.5439988], [114.3594474, 30.5440077], [114.3593851, 30.5440146], [114.3587983, 30.543958], [114.358743999, 30.5439852]]]}, "properties": {"id": 6502, "name": " ", "type": "草地", "area_sqm": 1707}}, {"type": "Feature", "geometry": {"type": "Polygon", "coordinates": [[[114.358629199, 30.544721], [114.3586123, 30.5448483], [114.3592323, 30.5449091], [114.359215599, 30.5450354], [114.3584498, 30.5449604], [114.358483299, 30.5447067], [114.358629199, 30.544721]]]}, "properties": {"id": 6503, "name": " ", "type": "草地", "area_sqm": 1244}}, {"type": "Feature", "geometry": {"type": "Polygon", "coordinates": [[[114.346907499, 30.552193], [114.3464471, 30.5523667], [114.3461079, 30.5524948], [114.3454388, 30.5527286], [114.3449655, 30.5528943], [114.344570699, 30.5530186], [114.344222299, 30.5531945], [114.344237699, 30.5534317], [114.3440787, 30.5534803], [114.3439368, 30.5531524], [114.343895, 30.5530485], [114.344448099, 30.5528635], [114.345005299, 30.5527112], [114.3454391, 30.5525646], [114.3458132, 30.5524351], [114.3466224, 30.5521875], [114.3472921, 30.5519681], [114.3481589, 30.5516922], [114.348231599, 30.5516681], [114.3483335, 30.5516712], [114.3484355, 30.5516851], [114.3484802, 30.5517343], [114.3484909, 30.5518067], [114.3485729, 30.5522097], [114.348654899, 30.5523685], [114.3485919, 30.5523835], [114.3485557, 30.552365], [114.348446599, 30.5522072], [114.3483089, 30.5520081], [114.348082299, 30.5518996], [114.3478946, 30.5518742], [114.34779, 30.5519042], [114.3476827, 30.5519597], [114.347583399, 30.5520498], [114.3475256, 30.5521718], [114.3472762, 30.5522319], [114.347194499, 30.552156], [114.347097999, 30.5521514], [114.346907499, 30.552193]]]}, "properties": {"id": 6656, "name": " ", "type": "公园", "area_sqm": 9812}}, {"type": "Feature", "geometry": {"type": "Polygon", "coordinates": [[[114.3481601, 30.5488252], [114.3484417, 30.549495], [114.348658999, 30.5500679], [114.3487582, 30.5504814], [114.348803799, 30.5509757], [114.3488346, 30.5514073], [114.348952599, 30.5519273], [114.3489405, 30.5520428], [114.348907, 30.5521375], [114.348858699, 30.5522126], [114.3488306, 30.552208], [114.3487179, 30.5519613], [114.348638999, 30.551435], [114.348565099, 30.5505394], [114.348427099, 30.5500385], [114.3479983, 30.548901], [114.3480394, 30.5485272], [114.3481601, 30.5488252]]]}, "properties": {"id": 6657, "name": " ", "type": "公园", "area_sqm": 7647}}, {"type": "Feature", "geometry": {"type": "Polygon", "coordinates": [[[114.342280399, 30.5558685], [114.342204599, 30.5558243], [114.342156799, 30.5557684], [114.342451799, 30.5555336], [114.3427467, 30.5552966], [114.3430064, 30.5551096], [114.3430551, 30.555117], [114.3431904, 30.5550505], [114.3432368, 30.5549559], [114.343484399, 30.5548444], [114.3435006, 30.5548683], [114.3435847, 30.5548834], [114.3437489, 30.5548123], [114.3437392, 30.5547798], [114.3437759, 30.5547372], [114.344031, 30.5548836], [114.3446371, 30.5547765], [114.3450235, 30.5547032], [114.345642699, 30.5546156], [114.345938299, 30.5546036], [114.3463116, 30.5545672], [114.3465244, 30.5545468], [114.346841999, 30.5544344], [114.346952699, 30.554395], [114.3473214, 30.5543573], [114.3476564, 30.5543121], [114.3479778, 30.5542605], [114.3486126, 30.5541312], [114.34879, 30.5541843], [114.349002899, 30.554178], [114.349120299, 30.5541135], [114.349100899, 30.5542361], [114.348947899, 30.5542737], [114.348564499, 30.5542669], [114.3481393, 30.5542857], [114.347743099, 30.5543392], [114.347503299, 30.5543982], [114.346948099, 30.5545541], [114.3463547, 30.5546732], [114.3456527, 30.5547469], [114.3447721, 30.5548544], [114.343770099, 30.5550112], [114.343400699, 30.5551482], [114.3432295, 30.5552429], [114.3424321, 30.5558348], [114.3423709, 30.5558011], [114.342280399, 30.5558685]]]}, "properties": {"id": 6658, "name": " ", "type": "公园", "area_sqm": 10308}}, {"type": "Feature", "geometry": {"type": "Polygon", "coordinates": [[[114.342403599, 30.5532051], [114.341123699, 30.553703], [114.340843599, 30.553327], [114.340708099, 30.5532518], [114.342015099, 30.5522923], [114.342403599, 30.5532051]]]}, "properties": {"id": 6659, "name": " ", "type": "居住区", "area_sqm": 12350}}, {"type": "Feature", "geometry": {"type": "Polygon", "coordinates": [[[114.3484233, 30.5512011], [114.348389099, 30.5512866], [114.3483138, 30.5513456], [114.3482042, 30.5513927], [114.348128899, 30.5513986], [114.347950899, 30.5510743], [114.347855, 30.5511156], [114.3477181, 30.5511893], [114.347577699, 30.5511598], [114.3475435, 30.5509299], [114.347492099, 30.5508621], [114.347499, 30.5507501], [114.3475503, 30.550585], [114.3477181, 30.5503904], [114.347813899, 30.5502695], [114.347858399, 30.5501634], [114.3482693, 30.5501516], [114.3483651, 30.5504051], [114.348419899, 30.5507972], [114.3484473, 30.5510213], [114.3484233, 30.5512011]]]}, "properties": {"id": 6674, "name": "放鹰台", "type": "公园", "area_sqm": 8952}}, {"type": "Feature", "geometry": {"type": "Polygon", "coordinates": [[[114.3445636, 30.5485293], [114.344557799, 30.5486144], [114.3444472, 30.5486834], [114.344402899, 30.5488016], [114.3444371, 30.5489152], [114.344536299, 30.5489775], [114.3444982, 30.5497337], [114.3437694, 30.549685], [114.343878999, 30.5485116], [114.3445636, 30.5485293]]]}, "properties": {"id": 6675, "name": " ", "type": "公园", "area_sqm": 8575}}, {"type": "Feature", "geometry": {"type": "Polygon", "coordinates": [[[114.3452689, 30.5485587], [114.345200399, 30.549744], [114.344636899, 30.5497391], [114.3446818, 30.5489893], [114.344790799, 30.5489329], [114.344839599, 30.5488003], [114.344805099, 30.5486813], [114.3447172, 30.5486203], [114.344728, 30.5485352], [114.3452689, 30.5485587]]]}, "properties": {"id": 6676, "name": " ", "type": "公园", "area_sqm": 6735}}, {"type": "Feature", "geometry": {"type": "Polygon", "coordinates": [[[114.342219399, 30.5495556], [114.3421765, 30.5497912], [114.338281899, 30.5493616], [114.338292699, 30.5491398], [114.342219399, 30.5495556]]]}, "properties": {"id": 6948, "name": "鷹台路步行街", "type": "零售区", "area_sqm": 9642}}, {"type": "Feature", "geometry": {"type": "Polygon", "coordinates": [[[114.3545103, 30.5467093], [114.3548248, 30.5468678], [114.3546977, 30.5476885], [114.3535743, 30.5477059], [114.3535743, 30.5474075], [114.353352, 30.547017], [114.3536667, 30.5469175], [114.3537678, 30.5469026], [114.3541404, 30.5468802], [114.354305, 30.5466887], [114.3545103, 30.5467093]]]}, "properties": {"id": 7042, "name": "中科院水生所宿舍区", "type": "居住区", "area_sqm": 11598}}, {"type": "Feature", "geometry": {"type": "Polygon", "coordinates": [[[114.354078999, 30.5590468], [114.3517633, 30.5588026], [114.3518367, 30.5586618], [114.3524006, 30.5575785], [114.3528244, 30.5569981], [114.3531314, 30.5569808], [114.354078999, 30.5590468]]]}, "properties": {"id": 7043, "name": "金融街东湖中心", "type": "商业区", "area_sqm": 27874}}, {"type": "Feature", "geometry": {"type": "Polygon", "coordinates": [[[114.3540032, 30.5315344], [114.3540157, 30.5320654], [114.3541032, 30.5320654], [114.3540701, 30.5320965], [114.3537866, 30.5320973], [114.3531059, 30.5318165], [114.353107999, 30.5315367], [114.353976399, 30.5315344], [114.3540032, 30.5315344]]]}, "properties": {"id": 7046, "name": "星空广场", "type": "草地", "area_sqm": 4409}}, {"type": "Feature", "geometry": {"type": "Polygon", "coordinates": [[[114.3540032, 30.5315344], [114.3540157, 30.5320654], [114.3541032, 30.5320654], [114.3540701, 30.5320965], [114.3537866, 30.5320973], [114.3531059, 30.5318165], [114.353107999, 30.5315367], [114.353976399, 30.5315344], [114.3540032, 30.5315344]]]}, "properties": {"id": 7047, "name": "星空广场", "type": "公园", "area_sqm": 4409}}, {"type": "Feature", "geometry": {"type": "Polygon", "coordinates": [[[114.353331299, 30.5380477], [114.353127499, 30.5380708], [114.3531395, 30.5379772], [114.3532951, 30.5379414], [114.353331299, 30.5380477]]]}, "properties": {"id": 10221, "name": " ", "type": "森林", "area_sqm": 195}}, {"type": "Feature", "geometry": {"type": "Polygon", "coordinates": [[[114.3481216, 30.5574295], [114.3481059, 30.558027199], [114.3470191, 30.5579794], [114.347032199, 30.5574076], [114.3481216, 30.5574295]]]}, "properties": {"id": 11393, "name": " ", "type": "运动场", "area_sqm": 6778}}, {"type": "Feature", "geometry": {"type": "Polygon", "coordinates": [[[114.3417691, 30.5340108], [114.341435799, 30.5340355], [114.3412027, 30.5316973], [114.3413704, 30.531682], [114.341535399, 30.5316726], [114.3417691, 30.5340108]]]}, "properties": {"id": 9202, "name": "北伐独立团烈士陵园", "type": "公墓", "area_sqm": 8357}}, {"type": "Feature", "geometry": {"type": "Polygon", "coordinates": [[[114.3438121, 30.5483979], [114.3436925, 30.5495412], [114.342727499, 30.5495352], [114.3424142, 30.5495137], [114.3425449, 30.548263], [114.3437043, 30.5483348], [114.3438121, 30.5483979]]]}, "properties": {"id": 9311, "name": " ", "type": "商业区", "area_sqm": 16776}}, {"type": "Feature", "geometry": {"type": "Polygon", "coordinates": [[[114.345928399, 30.5516124], [114.345992099, 30.5517699], [114.3459345, 30.55215], [114.344481399, 30.552618], [114.344387899, 30.5523712], [114.344603599, 30.5522996], [114.3446221, 30.5521669], [114.344535799, 30.5519865], [114.3455649, 30.5516124], [114.345928399, 30.5516124]]]}, "properties": {"id": 9312, "name": "双湖桥住宅小区", "type": "居住区", "area_sqm": 9569}}, {"type": "Feature", "geometry": {"type": "Polygon", "coordinates": [[[114.3538941, 30.5618765], [114.3521527, 30.5622174], [114.351843599, 30.5623454], [114.3507382, 30.5630977], [114.3478812, 30.5650193], [114.3462614, 30.5632339], [114.3449336, 30.5641686], [114.341580999, 30.5604513], [114.3438403, 30.5588136], [114.3442025, 30.5591745], [114.3430228, 30.560079], [114.3440855, 30.5612109], [114.345833499, 30.5600243], [114.3468282, 30.5602292], [114.347335499, 30.560302], [114.34736, 30.5601164], [114.3475292, 30.5588359], [114.3489616, 30.5589865], [114.349777599, 30.5590723], [114.3514396, 30.559247], [114.352887, 30.5607976], [114.3538941, 30.5618765]]]}, "properties": {"id": 9355, "name": "复地东湖国际", "type": "居住区", "area_sqm": 419369}}, {"type": "Feature", "geometry": {"type": "Polygon", "coordinates": [[[114.3425476, 30.5595012], [114.340157099, 30.5611267], [114.3389492, 30.5598096], [114.341339299, 30.5581839], [114.3425476, 30.5595012]]]}, "properties": {"id": 10071, "name": "御湖汉印", "type": "居住区", "area_sqm": 54420}}, {"type": "Feature", "geometry": {"type": "Polygon", "coordinates": [[[114.3412215, 30.5581007], [114.3389361, 30.5597248], [114.3384937, 30.5592341], [114.3385645, 30.5590451], [114.3406431, 30.5575039], [114.3412215, 30.5581007]]]}, "properties": {"id": 10072, "name": " ", "type": "商业区", "area_sqm": 23457}}, {"type": "Feature", "geometry": {"type": "Polygon", "coordinates": [[[114.3421769, 30.5564553], [114.342396399, 30.5564903], [114.3427786, 30.5570224], [114.341311, 30.5580132], [114.3407499, 30.5574005], [114.3419655, 30.5564518], [114.3421769, 30.5564553]]]}, "properties": {"id": 10073, "name": " ", "type": "商业区", "area_sqm": 16720}}, {"type": "Feature", "geometry": {"type": "Polygon", "coordinates": [[[114.3554887, 30.5601221], [114.356273199, 30.559911], [114.3562289, 30.5595189], [114.3572119, 30.5594887], [114.3579895, 30.5597582], [114.3579848, 30.5600377], [114.357289299, 30.5599686], [114.3571745, 30.5599572], [114.3571607, 30.5602256], [114.3571885, 30.560663], [114.3556895, 30.5605926], [114.3554887, 30.5601221]]]}, "properties": {"id": 10075, "name": "东湖宾馆宿舍", "type": "居住区", "area_sqm": 18672}}, {"type": "Feature", "geometry": {"type": "Polygon", "coordinates": [[[114.3554887, 30.5601221], [114.355331499, 30.5600947], [114.354864499, 30.558639], [114.3543778, 30.5577781], [114.353976799, 30.5562193], [114.3541699, 30.5531704], [114.354554599, 30.5522643], [114.3584774, 30.552023], [114.3644363, 30.5532777], [114.3639226, 30.5559709], [114.3629326, 30.5588825], [114.358979699, 30.5606908], [114.3571885, 30.560663], [114.3571607, 30.5602256], [114.3571745, 30.5599572], [114.357289299, 30.5599686], [114.3579848, 30.5600377], [114.3579895, 30.5597582], [114.3572119, 30.5594887], [114.3562289, 30.5595189], [114.356273199, 30.559911], [114.3554887, 30.5601221]]]}, "properties": {"id": 10076, "name": "东湖宾馆", "type": "商业区", "area_sqm": 749455}}, {"type": "Feature", "geometry": {"type": "Polygon", "coordinates": [[[114.3659861, 30.5583547], [114.3667666, 30.5585158], [114.367434, 30.5594267], [114.368248, 30.560603], [114.3684105, 30.5611973], [114.3684616, 30.561954], [114.368249699, 30.5626428], [114.3679144, 30.5631365], [114.367893411, 30.56314631], [114.3669338, 30.5635948], [114.365949299, 30.563789], [114.365022099, 30.5636906], [114.3650639, 30.5634307], [114.3642238, 30.5628847], [114.3636074, 30.5626331], [114.363298899, 30.5621908], [114.362879499, 30.5619329], [114.362592699, 30.561396], [114.3634567, 30.5609654], [114.3651974, 30.5582567], [114.3659861, 30.5583547]]]}, "properties": {"id": 10080, "name": "武汉东湖国际会议中心", "type": "商业区", "area_sqm": 221521}}, {"type": "Feature", "geometry": {"type": "Polygon", "coordinates": [[[114.353740299, 30.5604222], [114.352887, 30.5607976], [114.3514396, 30.559247], [114.352769299, 30.5594106], [114.353740299, 30.5604222]]]}, "properties": {"id": 10098, "name": "东湖银苑", "type": "居住区", "area_sqm": 16248}}, {"type": "Feature", "geometry": {"type": "Polygon", "coordinates": [[[114.3571017, 30.5327846], [114.356919299, 30.5327854], [114.3569169, 30.5323759], [114.357099299, 30.5323751], [114.3571017, 30.5327846]]]}, "properties": {"id": 10201, "name": " ", "type": "休闲场地", "area_sqm": 795}}, {"type": "Feature", "geometry": {"type": "Polygon", "coordinates": [[[114.360730999, 30.5330552], [114.3601682, 30.5331874], [114.360056199, 30.5328335], [114.3606189, 30.5327013], [114.360730999, 30.5330552]]]}, "properties": {"id": 10202, "name": " ", "type": "休闲场地", "area_sqm": 2278}}, {"type": "Feature", "geometry": {"type": "Polygon", "coordinates": [[[114.3570308, 30.5308999], [114.3566881, 30.5309025], [114.3566854, 30.5306244], [114.357027999, 30.5306218], [114.3570308, 30.5308999]]]}, "properties": {"id": 10203, "name": " ", "type": "休闲场地", "area_sqm": 1015}}, {"type": "Feature", "geometry": {"type": "Polygon", "coordinates": [[[114.353057, 30.5381205], [114.3526594, 30.538229], [114.352627199, 30.5381967], [114.3525079, 30.5380188], [114.3524274, 30.5378421], [114.352360399, 30.5377774], [114.3525401, 30.5377993], [114.352578999, 30.5379576], [114.352644699, 30.5380315], [114.3529236, 30.5379992], [114.353071199, 30.5380234], [114.353057, 30.5381205]]]}, "properties": {"id": 10222, "name": " ", "type": "森林", "area_sqm": 1161}}, {"type": "Feature", "geometry": {"type": "Polygon", "coordinates": [[[114.3661311, 30.5342274], [114.366071899, 30.534341], [114.3642586, 30.5340776], [114.3642788, 30.5332032], [114.364239899, 30.5328323], [114.363949099, 30.5317444], [114.3646096, 30.5316198], [114.3647442, 30.5316172], [114.364741299, 30.5320702], [114.3650799, 30.5320745], [114.365079499, 30.5321232], [114.365237499, 30.5321238], [114.365369399, 30.5327581], [114.3656483, 30.5334327], [114.3661311, 30.5342274]]]}, "properties": {"id": 10190, "name": "珞珈山干休所", "type": "居住区", "area_sqm": 34085}}, {"type": "Feature", "geometry": {"type": "Polygon", "coordinates": [[[114.356289, 30.5340298], [114.356260799, 30.5340393], [114.3562996, 30.5341245], [114.356027, 30.5342166], [114.3562007, 30.534602], [114.3553606, 30.5348012], [114.355169999, 30.5345165], [114.355129299, 30.5343588], [114.3562643, 30.5339754], [114.356289, 30.5340298]]]}, "properties": {"id": 10196, "name": " ", "type": "休闲场地", "area_sqm": 5497}}, {"type": "Feature", "geometry": {"type": "Polygon", "coordinates": [[[114.3542824, 30.5395808], [114.3543287, 30.5393094], [114.3545108, 30.5393325], [114.3544574, 30.5396448], [114.354275399, 30.5396217], [114.3542824, 30.5395808]]]}, "properties": {"id": 10197, "name": " ", "type": "休闲场地", "area_sqm": 618}}, {"type": "Feature", "geometry": {"type": "Polygon", "coordinates": [[[114.3544574, 30.5396448], [114.354401199, 30.539974], [114.3540449, 30.5399289], [114.3541081, 30.5395587], [114.3542824, 30.5395808], [114.354275399, 30.5396217], [114.3544574, 30.5396448]]]}, "properties": {"id": 10198, "name": " ", "type": "休闲场地", "area_sqm": 1354}}, {"type": "Feature", "geometry": {"type": "Polygon", "coordinates": [[[114.3573368, 30.5305673], [114.3569761, 30.5305692], [114.3569729, 30.5301117], [114.3573336, 30.5301098], [114.3573368, 30.5305673]]]}, "properties": {"id": 10199, "name": " ", "type": "休闲场地", "area_sqm": 1757}}, {"type": "Feature", "geometry": {"type": "Polygon", "coordinates": [[[114.352476399, 30.5409615], [114.352451799, 30.5410973], [114.352184299, 30.5410613], [114.3522089, 30.5409255], [114.352476399, 30.5409615]]]}, "properties": {"id": 10200, "name": " ", "type": "休闲场地", "area_sqm": 396}}, {"type": "Feature", "geometry": {"type": "Polygon", "coordinates": [[[114.356270199, 30.5302263], [114.356270599, 30.530825], [114.3551733, 30.5308255], [114.3551728, 30.5300669], [114.3551722, 30.5291973], [114.3562695, 30.5291967], [114.3562699, 30.5298168], [114.3562699, 30.5298434], [114.356204499, 30.5298434], [114.3562048, 30.5301997], [114.356270199, 30.5301996], [114.356270199, 30.5302263]]]}, "properties": {"id": 10204, "name": "信息学部操场", "type": "休闲场地", "area_sqm": 18776}}, {"type": "Feature", "geometry": {"type": "Polygon", "coordinates": [[[114.361607499, 30.5437076], [114.3615663, 30.5440043], [114.3609982, 30.5439457], [114.361039399, 30.543649], [114.361607499, 30.5437076]]]}, "properties": {"id": 10205, "name": " ", "type": "休闲场地", "area_sqm": 1820}}, {"type": "Feature", "geometry": {"type": "Polygon", "coordinates": [[[114.358245299, 30.5435394], [114.358236999, 30.5437455], [114.357736299, 30.5437305], [114.3577447, 30.5435243], [114.358245299, 30.5435394]]]}, "properties": {"id": 10206, "name": " ", "type": "草地", "area_sqm": 1100}}, {"type": "Feature", "geometry": {"type": "Polygon", "coordinates": [[[114.3483637, 30.558009], [114.348302299, 30.558051], [114.3482922, 30.5581584], [114.3467257, 30.5581008], [114.3467195, 30.5580035], [114.3467873, 30.5580073], [114.3467322, 30.5579598], [114.3466517, 30.5578649], [114.3466178, 30.55777], [114.3466051, 30.5576916], [114.346615699, 30.5575912], [114.346639, 30.5575073], [114.3467046, 30.5574069], [114.346783, 30.557343], [114.3468805, 30.5572901], [114.347003499, 30.5572701], [114.348126399, 30.5573029], [114.3481794, 30.5573084], [114.3482642, 30.5573449], [114.348336199, 30.557396], [114.3484103, 30.5574745], [114.3484654, 30.5575566], [114.3484909, 30.5576806], [114.3484867, 30.5577883], [114.348474, 30.5578613], [114.348437899, 30.5579452], [114.3483637, 30.558009]]]}, "properties": {"id": 10207, "name": " ", "type": "休闲场地", "area_sqm": 15462}}, {"type": "Feature", "geometry": {"type": "Polygon", "coordinates": [[[114.350945699, 30.5548685], [114.3509294, 30.5551463], [114.350534099, 30.5551291], [114.350550399, 30.5548514], [114.350945699, 30.5548685]]]}, "properties": {"id": 10208, "name": " ", "type": "休闲场地", "area_sqm": 1172}}, {"type": "Feature", "geometry": {"type": "Polygon", "coordinates": [[[114.3499678, 30.5547875], [114.3499652, 30.555082], [114.349592399, 30.5550796], [114.349594999, 30.554785], [114.3499678, 30.5547875]]]}, "properties": {"id": 10209, "name": " ", "type": "休闲场地", "area_sqm": 1169}}, {"type": "Feature", "geometry": {"type": "Polygon", "coordinates": [[[114.3667799, 30.5450899], [114.366597499, 30.5452008], [114.3662917, 30.5453302], [114.3656426, 30.5455242], [114.3656534, 30.5444755], [114.3656185, 30.5443045], [114.365352999, 30.5441613], [114.365567599, 30.5441221], [114.365581, 30.5439788], [114.366002099, 30.5439742], [114.3660316, 30.5438287], [114.365519299, 30.5438148], [114.365175999, 30.5438887], [114.365015, 30.5438749], [114.365079399, 30.5437594], [114.365175899, 30.5436808], [114.365293899, 30.5436623], [114.3654924, 30.5436208], [114.365886699, 30.5436669], [114.366251499, 30.5437432], [114.367058799, 30.5439257], [114.367622099, 30.5441532], [114.3677723, 30.5442167], [114.3676865, 30.54442], [114.367547, 30.5445817], [114.3672412, 30.5447711], [114.3667799, 30.5450899]], [[114.366674, 30.5448324], [114.3667974, 30.5447458], [114.366688699, 30.5447146], [114.366653899, 30.544651], [114.3666458, 30.5445332], [114.3666163, 30.5442814], [114.366372199, 30.5442468], [114.366332, 30.5441659], [114.3660906, 30.5442121], [114.3659645, 30.5443045], [114.3659002, 30.5444847], [114.365932299, 30.5446141], [114.3662032, 30.5446857], [114.366400399, 30.5446672], [114.366395, 30.5447793], [114.3665586, 30.5447573], [114.366674, 30.5448324]]]}, "properties": {"id": 10210, "name": " ", "type": "森林", "area_sqm": 24266}}, {"type": "Feature", "geometry": {"type": "Polygon", "coordinates": [[[114.3711304, 30.5368244], [114.3713263, 30.5372125], [114.371369199, 30.5373881], [114.371233699, 30.5374678], [114.3710446, 30.537685], [114.3707845, 30.5378848], [114.3701032, 30.5382325], [114.370029399, 30.5381331], [114.3701595, 30.5380511], [114.3701057, 30.5379308], [114.3698665, 30.5380119], [114.369797399, 30.5380477], [114.3698357, 30.5381419], [114.3694227, 30.5383429], [114.3693662, 30.5383567], [114.369484399, 30.5384824], [114.369414699, 30.5386532], [114.3691476, 30.5387696], [114.3690135, 30.5388066], [114.3688526, 30.5388066], [114.368691699, 30.538862], [114.368573599, 30.5389498], [114.368407399, 30.5390721], [114.3677016, 30.5390725], [114.367626299, 30.539085], [114.3674173, 30.5390748], [114.3670579, 30.5390794], [114.366821199, 30.5390531], [114.366784299, 30.5390863], [114.3665483, 30.539024], [114.366323, 30.538935], [114.3660866, 30.5388886], [114.3658509, 30.5390021], [114.365712299, 30.5391051], [114.365590699, 30.5391695], [114.3653506, 30.539203], [114.365292999, 30.5388438], [114.3657197, 30.538421], [114.3653476, 30.5381435], [114.365328799, 30.5380627], [114.364953299, 30.5380511], [114.3649177, 30.5381669], [114.364074699, 30.5381723], [114.3640387, 30.5380777], [114.363952599, 30.5379135], [114.3623219, 30.5378581], [114.3621887, 30.537935], [114.3621317, 30.5384011], [114.362112899, 30.5385802], [114.3619443, 30.5387186], [114.3618751, 30.5387711], [114.3614927, 30.5384971], [114.3607363, 30.538474], [114.3601569, 30.5382984], [114.3597311, 30.5381077], [114.359496399, 30.5379961], [114.359419299, 30.5378525], [114.359315299, 30.5376977], [114.359426599, 30.5376954], [114.359399799, 30.5376226], [114.359255, 30.5376307], [114.359127, 30.5374714], [114.3589553, 30.5372542], [114.3586099, 30.5373789], [114.3586273, 30.5375163], [114.3586622, 30.5376653], [114.358660899, 30.5378594], [114.358601899, 30.5378756], [114.358545499, 30.5377658], [114.358354499, 30.5377578], [114.358118499, 30.5372034], [114.3580881, 30.5364713], [114.3586853, 30.5360944], [114.3589649, 30.5358819], [114.359558999, 30.5356428], [114.3612871, 30.5351883], [114.3623673, 30.5353043], [114.363177299, 30.5354014], [114.3632877, 30.5351565], [114.3661898, 30.535406], [114.3663897, 30.5353967], [114.3664721, 30.5352754], [114.366916099, 30.5355226], [114.367023299, 30.5356254], [114.3672048, 30.5356766], [114.367607399, 30.535812], [114.368057399, 30.5360794], [114.3682294, 30.5361281], [114.3681366, 30.5363461], [114.3694843, 30.5369157], [114.3696788, 30.536717], [114.3701963, 30.5368417], [114.370358, 30.5369191], [114.3704485, 30.536948], [114.3706845, 30.5368429], [114.3709481, 30.5369653], [114.3711304, 30.5368244]], [[114.3609944, 30.53767], [114.3606323, 30.5376422], [114.360567899, 30.5377855], [114.3613163, 30.5379518], [114.3621115, 30.5380153], [114.362139699, 30.5377785], [114.361481199, 30.5377266], [114.361345799, 30.5378109], [114.3609944, 30.53767]]]}, "properties": {"id": 10211, "name": "珞珈山", "type": "森林", "area_sqm": 353650}}, {"type": "Feature", "geometry": {"type": "Polygon", "coordinates": [[[114.3690035, 30.5405715], [114.3687272, 30.5413939], [114.368566299, 30.5413338], [114.368662799, 30.5405299], [114.368745999, 30.5404999], [114.368947099, 30.5404768], [114.3690035, 30.5405715]]]}, "properties": {"id": 10212, "name": " ", "type": "森林", "area_sqm": 2453}}, {"type": "Feature", "geometry": {"type": "Polygon", "coordinates": [[[114.3696043, 30.5400124], [114.3695426, 30.5399662], [114.369301199, 30.5398507], [114.3687379, 30.5398738], [114.3686575, 30.5397676], [114.3691188, 30.539763], [114.3693347, 30.5397479], [114.3694045, 30.5397295], [114.3694889, 30.5396705], [114.369682099, 30.5397861], [114.369961, 30.5395828], [114.369821499, 30.5393286], [114.370261399, 30.5390838], [114.370234599, 30.5389082], [114.370293599, 30.5387488], [114.3704304, 30.5389174], [114.370594, 30.5388735], [114.3704921, 30.5385825], [114.3707898, 30.538393], [114.370706699, 30.5382914], [114.3705752, 30.5384023], [114.3700871, 30.5386287], [114.369784, 30.5383815], [114.370046299, 30.5382063], [114.370084299, 30.5382843], [114.370652899, 30.5380025], [114.3708979, 30.5378518], [114.3709534, 30.5378917], [114.3710098, 30.5380211], [114.3708676, 30.5382614], [114.370931999, 30.5382821], [114.371039299, 30.5380881], [114.371108999, 30.5380581], [114.371243099, 30.5381228], [114.3714845, 30.5380765], [114.3716025, 30.537864], [114.371463099, 30.5378132], [114.371345, 30.5376422], [114.3714684, 30.5375406], [114.3716025, 30.5376884], [114.3716508, 30.5375822], [114.371742, 30.5376145], [114.371736599, 30.5378779], [114.371666899, 30.5380996], [114.3714148, 30.5383538], [114.371216299, 30.538534], [114.3707281, 30.5390052], [114.3705726, 30.5391612], [114.370150099, 30.5395435], [114.370036099, 30.5396983], [114.3698189, 30.5398392], [114.3696043, 30.5400124]]]}, "properties": {"id": 10213, "name": " ", "type": "森林", "area_sqm": 15560}}, {"type": "Feature", "geometry": {"type": "Polygon", "coordinates": [[[114.3632179, 30.5433868], [114.362771899, 30.5434109], [114.362341799, 30.5429448], [114.362438699, 30.5428538], [114.3624991, 30.5428908], [114.3627029, 30.542945], [114.3627512, 30.5425917], [114.362830399, 30.5409743], [114.3625592, 30.5407089], [114.362676799, 30.5400697], [114.3626305, 30.5399316], [114.3618721, 30.5395961], [114.3618705, 30.5394784], [114.3620096, 30.5388748], [114.362482999, 30.5387095], [114.362945699, 30.5386056], [114.3632915, 30.5383833], [114.363859, 30.5383607], [114.3639314, 30.53846], [114.363475399, 30.538594], [114.3639314, 30.5387742], [114.3642439, 30.5387638], [114.364607299, 30.5387234], [114.3647468, 30.5387684], [114.3647924, 30.5388655], [114.3651357, 30.5389301], [114.365292999, 30.5388438], [114.3653506, 30.539203], [114.364989, 30.5392502], [114.364909, 30.5395193], [114.365079399, 30.5397583], [114.3652582, 30.5399872], [114.365159599, 30.5405285], [114.364913799, 30.5405941], [114.3646738, 30.5407847], [114.3646288, 30.5414817], [114.364395399, 30.541484], [114.363416399, 30.5414054], [114.363293, 30.5418698], [114.3632904, 30.5420014], [114.3644818, 30.5421207], [114.365855999, 30.542378], [114.365698799, 30.5426377], [114.365082499, 30.5426391], [114.3645973, 30.5429204], [114.3639765, 30.5428], [114.3639149, 30.5432245], [114.363409599, 30.5431078], [114.3632179, 30.5433868]], [[114.3642645, 30.5397268], [114.364257899, 30.5397537], [114.3644305, 30.5397852], [114.364477099, 30.5395959], [114.3643629, 30.5395751], [114.3644141, 30.5393668], [114.364473999, 30.5391234], [114.364234299, 30.5390797], [114.3642147, 30.5391593], [114.3636166, 30.5390501], [114.363583099, 30.5391862], [114.3635685, 30.5392452], [114.3634756, 30.5396226], [114.3636161, 30.5396482], [114.3636255, 30.5396101], [114.3642645, 30.5397268]]]}, "properties": {"id": 10214, "name": " ", "type": "森林", "area_sqm": 102502}}, {"type": "Feature", "geometry": {"type": "Polygon", "coordinates": [[[114.3510917, 30.5330519], [114.351037999, 30.5330166], [114.3505755, 30.5334483], [114.350870099, 30.5336822], [114.3507893, 30.5337865], [114.3504775, 30.5340476], [114.350419199, 30.5339988], [114.3500898, 30.5337587], [114.3500576, 30.5337353], [114.3499705, 30.533738], [114.3498364, 30.5335485], [114.349824799, 30.533524], [114.3497591, 30.5334331], [114.3497553, 30.5333604], [114.350425699, 30.5328855], [114.3507592, 30.5326167], [114.351020999, 30.5324121], [114.351017499, 30.5323006], [114.3512255, 30.5320299], [114.3515879, 30.5322895], [114.351590599, 30.5324535], [114.3518213, 30.5324489], [114.3518106, 30.5326776], [114.3514431, 30.5327007], [114.3510917, 30.5330519]]]}, "properties": {"id": 10235, "name": "四眼井社区", "type": "居住区", "area_sqm": 15124}}, {"type": "Feature", "geometry": {"type": "Polygon", "coordinates": [[[114.3632179, 30.5433868], [114.3633554, 30.543384], [114.364248, 30.5436315], [114.363996799, 30.543739], [114.3639837, 30.5440216], [114.363718699, 30.54408], [114.363583199, 30.5440269], [114.362763199, 30.5441758], [114.362399799, 30.5438156], [114.3622645, 30.5434272], [114.361813799, 30.5433286], [114.3613136, 30.5432604], [114.3613028, 30.5430872], [114.3610802, 30.5430825], [114.3610888, 30.543244], [114.3604065, 30.5432531], [114.360233299, 30.5433118], [114.3600286, 30.5434746], [114.3594144, 30.5435695], [114.359084799, 30.5434472], [114.358889, 30.5434287], [114.3587588, 30.5434152], [114.3586463, 30.5434506], [114.3585956, 30.5434913], [114.358557299, 30.5435281], [114.3585351, 30.5435695], [114.3582721, 30.5435229], [114.3577015, 30.5435074], [114.3576298, 30.5434429], [114.357244699, 30.5433193], [114.3568678, 30.5432194], [114.356247999, 30.5430963], [114.3559529, 30.5430918], [114.354729, 30.5423479], [114.3549686, 30.5418652], [114.3558008, 30.5413556], [114.3565013, 30.5413544], [114.356538099, 30.5410334], [114.356648299, 30.5407758], [114.3566168, 30.5403192], [114.355755399, 30.5402321], [114.355864299, 30.5396587], [114.357115399, 30.5401157], [114.357947199, 30.5404593], [114.3586817, 30.540767], [114.3589861, 30.540228], [114.3582516, 30.5399203], [114.3581841, 30.5398588], [114.357823999, 30.5395235], [114.3578503, 30.5394693], [114.3584539, 30.5394015], [114.359062799, 30.5394602], [114.3598449, 30.5399349], [114.360171699, 30.5400401], [114.3604756, 30.5401156], [114.360667299, 30.5401293], [114.360535399, 30.5401673], [114.3604358, 30.5402285], [114.360300499, 30.5403251], [114.360204999, 30.5404671], [114.3601755, 30.5405994], [114.360089499, 30.5415639], [114.360220899, 30.5416979], [114.3603752, 30.5418183], [114.3605393, 30.5418638], [114.360706, 30.5419046], [114.3608867, 30.5419122], [114.361065999, 30.5418938], [114.3612376, 30.5418082], [114.3613369, 30.541725], [114.361419699, 30.5416261], [114.3614796, 30.5414293], [114.3617195, 30.5414573], [114.361630099, 30.5420841], [114.3613033, 30.5420361], [114.361258599, 30.5422613], [114.360423099, 30.542147], [114.360412399, 30.5422394], [114.3599188, 30.5422255], [114.359896699, 30.5427156], [114.3611607, 30.5427915], [114.3612009, 30.5426367], [114.361817799, 30.5427106], [114.3618822, 30.542438], [114.362301299, 30.5424793], [114.3623692, 30.5425091], [114.3623468, 30.542556], [114.3622829, 30.5426895], [114.3622927, 30.5427101], [114.3623384, 30.5428063], [114.362261699, 30.5428723], [114.362341799, 30.5429448], [114.362771899, 30.5434109], [114.3632179, 30.5433868]], [[114.3578052, 30.5426552], [114.3584061, 30.5427661], [114.3584517, 30.5425726], [114.358774799, 30.5426494], [114.359220199, 30.5427302], [114.359334099, 30.5423272], [114.359493699, 30.5418963], [114.3583862, 30.54166], [114.3580735, 30.5415972], [114.357220499, 30.5415522], [114.357187, 30.5419437], [114.356096699, 30.5420072], [114.3561088, 30.5422232], [114.356807499, 30.5422024], [114.3569899, 30.5422902], [114.357220499, 30.5423133], [114.3572366, 30.5423953], [114.3573587, 30.5424069], [114.3573681, 30.5424773], [114.3574552, 30.5424889], [114.357699299, 30.5424819], [114.3578535, 30.542475], [114.3578052, 30.5426552]], [[114.359837099, 30.5406606], [114.359205899, 30.5403886], [114.359045899, 30.5406493], [114.358922599, 30.5408662], [114.35955, 30.5411362], [114.359837099, 30.5406606]]]}, "properties": {"id": 10215, "name": " ", "type": "森林", "area_sqm": 164110}}, {"type": "Feature", "geometry": {"type": "Polygon", "coordinates": [[[114.3614796, 30.5414293], [114.361419699, 30.5416261], [114.3613369, 30.541725], [114.3612376, 30.5418082], [114.361065999, 30.5418938], [114.3608867, 30.5419122], [114.360706, 30.5419046], [114.3605393, 30.5418638], [114.3603752, 30.5418183], [114.360220899, 30.5416979], [114.360089499, 30.5415639], [114.3601755, 30.5405994], [114.360204999, 30.5404671], [114.360300499, 30.5403251], [114.3604358, 30.5402285], [114.360535399, 30.5401673], [114.3606593, 30.5401755], [114.360950099, 30.5401915], [114.3612705, 30.5402638], [114.361549499, 30.5405295], [114.3614343, 30.5413893], [114.3614796, 30.5414293]]]}, "properties": {"id": 10216, "name": "九一二操场", "type": "休闲场地", "area_sqm": 22314}}, {"type": "Feature", "geometry": {"type": "Polygon", "coordinates": [[[114.3551029, 30.5390653], [114.355412699, 30.5393414], [114.355878099, 30.5395585], [114.3558486, 30.539622], [114.355670199, 30.5395654], [114.355237, 30.5394141], [114.354933899, 30.5391935], [114.3547314, 30.5391323], [114.354594599, 30.539078], [114.354701899, 30.5389509], [114.3548186, 30.5388735], [114.354917899, 30.5388678], [114.3551029, 30.5390653]]]}, "properties": {"id": 10217, "name": " ", "type": "森林", "area_sqm": 2452}}, {"type": "Feature", "geometry": {"type": "Polygon", "coordinates": [[[114.3548843, 30.5387476], [114.3547073, 30.538862], [114.354583899, 30.5388158], [114.3546456, 30.5387534], [114.354570499, 30.5385224], [114.354548999, 30.5383076], [114.354385399, 30.5382775], [114.354439099, 30.5378363], [114.3544954, 30.5378294], [114.3548843, 30.5387476]]]}, "properties": {"id": 10218, "name": " ", "type": "森林", "area_sqm": 2091}}, {"type": "Feature", "geometry": {"type": "Polygon", "coordinates": [[[114.3536451, 30.5364883], [114.3539026, 30.5366835], [114.3541655, 30.5369815], [114.354312999, 30.5372657], [114.354452499, 30.5376884], [114.3542808, 30.5377277], [114.354240599, 30.5374944], [114.3541735, 30.5373465], [114.354144, 30.5371386], [114.354028699, 30.5371086], [114.353932099, 30.5368799], [114.3537766, 30.5366696], [114.3534936, 30.5364629], [114.353342099, 30.5363404], [114.353372899, 30.5363], [114.3536451, 30.5364883]]]}, "properties": {"id": 10219, "name": " ", "type": "森林", "area_sqm": 2114}}, {"type": "Feature", "geometry": {"type": "Polygon", "coordinates": [[[114.351874899, 30.5360528], [114.35173, 30.5360563], [114.3515678, 30.5361233], [114.3514042, 30.5362088], [114.3511695, 30.5363162], [114.351156099, 30.5362769], [114.3513894, 30.5361429], [114.351844, 30.5358946], [114.3523228, 30.5356208], [114.352655399, 30.5358229], [114.3529015, 30.5359971], [114.3529518, 30.5360303], [114.3532324, 30.5362235], [114.3531704, 30.5362596], [114.3529129, 30.5362053], [114.3527788, 30.5361498], [114.3527305, 30.5360875], [114.352609799, 30.5360494], [114.3524408, 30.536084], [114.352242299, 30.5360482], [114.3519983, 30.5359697], [114.352037199, 30.5360528], [114.3519151, 30.5360563], [114.3518977, 30.535987], [114.351874899, 30.5360528]]]}, "properties": {"id": 10220, "name": " ", "type": "森林", "area_sqm": 4241}}, {"type": "Feature", "geometry": {"type": "Polygon", "coordinates": [[[114.3527359, 30.5376376], [114.3525213, 30.5376353], [114.3524408, 30.5375949], [114.352450199, 30.5375002], [114.352355, 30.5374528], [114.352255799, 30.5373142], [114.352362999, 30.5372541], [114.3523684, 30.5371525], [114.352362999, 30.537037], [114.352207499, 30.5369815], [114.3521512, 30.5368591], [114.3522236, 30.5368013], [114.3524006, 30.5367667], [114.3525937, 30.5367459], [114.352808299, 30.5367621], [114.3530551, 30.5368129], [114.3531033, 30.537268], [114.3530497, 30.5372703], [114.3530792, 30.5374297], [114.3529826, 30.537432], [114.3529558, 30.5375544], [114.35276, 30.5375244], [114.3527359, 30.5376376]]]}, "properties": {"id": 10223, "name": " ", "type": "森林", "area_sqm": 6491}}, {"type": "Feature", "geometry": {"type": "Polygon", "coordinates": [[[114.3513036, 30.5380384], [114.3512795, 30.538153], [114.351278099, 30.5381597], [114.3512513, 30.538162], [114.351219099, 30.5382111], [114.3511486, 30.5383186], [114.3511337, 30.5383412], [114.351114499, 30.5383705], [114.351104, 30.5383657], [114.3510387, 30.5383359], [114.351234499, 30.5380251], [114.3513036, 30.5380384]]]}, "properties": {"id": 10224, "name": " ", "type": "森林", "area_sqm": 346}}, {"type": "Feature", "geometry": {"type": "Polygon", "coordinates": [[[114.3515436, 30.5386009], [114.3515242, 30.5387286], [114.351461799, 30.5387315], [114.351428999, 30.5388302], [114.3512922, 30.5388123], [114.351267399, 30.5387165], [114.3511762, 30.538646], [114.3511245, 30.5385692], [114.3511413, 30.5385501], [114.3515436, 30.5386009]]]}, "properties": {"id": 10225, "name": " ", "type": "森林", "area_sqm": 724}}, {"type": "Feature", "geometry": {"type": "Polygon", "coordinates": [[[114.352333, 30.5402019], [114.352274199, 30.5405079], [114.352206399, 30.5404982], [114.3522653, 30.5401922], [114.352333, 30.5402019]]]}, "properties": {"id": 10226, "name": " ", "type": "森林", "area_sqm": 227}}, {"type": "Feature", "geometry": {"type": "Polygon", "coordinates": [[[114.3515637, 30.5403522], [114.3515559, 30.5403916], [114.3511464, 30.5403314], [114.3511542, 30.5402919], [114.3515637, 30.5403522]]]}, "properties": {"id": 10227, "name": " ", "type": "森林", "area_sqm": 177}}, {"type": "Feature", "geometry": {"type": "Polygon", "coordinates": [[[114.3598113, 30.5328519], [114.3599314, 30.5330971], [114.3601067, 30.5335024], [114.360137699, 30.5335751], [114.3600904, 30.533603], [114.360034099, 30.5336145], [114.359319299, 30.5338455], [114.359273699, 30.5338744], [114.3592421, 30.5339147], [114.359400399, 30.5341737], [114.359792399, 30.5347637], [114.3596583, 30.5348469], [114.359288099, 30.5350687], [114.3590553, 30.5351702], [114.358815999, 30.5352535], [114.3585468, 30.5353699], [114.3583118, 30.5355261], [114.358209899, 30.535637], [114.3581603, 30.535716], [114.357805399, 30.5355537], [114.3577153, 30.535447], [114.3575747, 30.5352811], [114.3574521, 30.5350733], [114.357324699, 30.5348495], [114.3572676, 30.5347243], [114.3572675, 30.5346801], [114.3568883, 30.5337297], [114.356947499, 30.5336946], [114.357501, 30.5335212], [114.3575988, 30.5334879], [114.357616199, 30.5334548], [114.3576055, 30.5333929], [114.357643799, 30.5333794], [114.3576933, 30.5333614], [114.358348399, 30.5331296], [114.358991899, 30.5329151], [114.3595844, 30.5327225], [114.359746699, 30.5326702], [114.3598113, 30.5328519]]]}, "properties": {"id": 10228, "name": "东中区", "type": "居住区", "area_sqm": 58857}}, {"type": "Feature", "geometry": {"type": "Polygon", "coordinates": [[[114.366223, 30.5343982], [114.366070499, 30.5347296], [114.3659095, 30.5347273], [114.3656539, 30.5346959], [114.3647719, 30.5346132], [114.363991099, 30.5345318], [114.363521099, 30.534492], [114.363374199, 30.5344697], [114.363043199, 30.5344299], [114.3627727, 30.5343663], [114.362588599, 30.5343213], [114.3621322, 30.5341592], [114.3619274, 30.5340903], [114.361668599, 30.5340533], [114.3614688, 30.534051], [114.3611442, 30.5341227], [114.360665799, 30.5342945], [114.360365, 30.5338457], [114.360235299, 30.5336226], [114.3612089, 30.5334793], [114.3612774, 30.5334677], [114.3612599, 30.5330414], [114.361223099, 30.5330446], [114.361170799, 30.5330469], [114.3611583, 30.5327962], [114.3612357, 30.5327978], [114.361225, 30.5326407], [114.3613028, 30.5326097], [114.3622696, 30.5325292], [114.3623877, 30.5325078], [114.3623837, 30.5323866], [114.3623113, 30.5321093], [114.3623477, 30.5321039], [114.3624425, 30.5320867], [114.3629907, 30.5319724], [114.3630276, 30.5319643], [114.3630763, 30.5319585], [114.3636095, 30.5318549], [114.363941, 30.5317929], [114.364239899, 30.5328323], [114.3642788, 30.5332032], [114.3642586, 30.5340776], [114.366071899, 30.534341], [114.366223, 30.5343982]]]}, "properties": {"id": 10229, "name": "南三区", "type": "居住区", "area_sqm": 82343}}, {"type": "Feature", "geometry": {"type": "Polygon", "coordinates": [[[114.3573399, 30.5319475], [114.356772599, 30.5320988], [114.356332799, 30.5320964], [114.356346099, 30.5314461], [114.3563783, 30.5309691], [114.357435099, 30.5309517], [114.357463299, 30.5316056], [114.3573412, 30.5316056], [114.3573412, 30.5311262], [114.357051599, 30.5311239], [114.3570556, 30.5315651], [114.356734999, 30.5315778], [114.3567163, 30.5318528], [114.3571427, 30.5318539], [114.357463299, 30.5318193], [114.3573399, 30.5319475]]]}, "properties": {"id": 10230, "name": " ", "type": "森林", "area_sqm": 9183}}, {"type": "Feature", "geometry": {"type": "Polygon", "coordinates": [[[114.3562693, 30.5320854], [114.3550794, 30.532092], [114.3550916, 30.5315551], [114.3553404, 30.5315555], [114.355340199, 30.5316546], [114.3560369, 30.5316558], [114.356037099, 30.5315604], [114.3561822, 30.5315606], [114.356182799, 30.5312814], [114.3562862, 30.5312816], [114.3562693, 30.5320854]]]}, "properties": {"id": 10231, "name": " ", "type": "森林", "area_sqm": 6299}}, {"type": "Feature", "geometry": {"type": "Polygon", "coordinates": [[[114.346676699, 30.5428681], [114.346495999, 30.5423998], [114.3480024, 30.5419683], [114.3483987, 30.5418328], [114.348465999, 30.542048], [114.3484376, 30.5422082], [114.3483769, 30.5426448], [114.347528999, 30.5426241], [114.346676699, 30.5428681]]]}, "properties": {"id": 10232, "name": "茶港社区（北区）", "type": "居住区", "area_sqm": 11542}}, {"type": "Feature", "geometry": {"type": "Polygon", "coordinates": [[[114.354380099, 30.543995], [114.3524623, 30.5439442], [114.3522088, 30.5433655], [114.353169099, 30.5434036], [114.353186499, 30.5431992], [114.3531803, 30.5431101], [114.3532232, 30.5428294], [114.353099799, 30.5427994], [114.3531454, 30.542674], [114.353189, 30.5425014], [114.353661199, 30.5426113], [114.353733699, 30.5424842], [114.353945599, 30.5425004], [114.3541602, 30.5421781], [114.3546483, 30.5421828], [114.354380099, 30.543995]]]}, "properties": {"id": 10236, "name": "工学部南区", "type": "居住区", "area_sqm": 27423}}, {"type": "Feature", "geometry": {"type": "Polygon", "coordinates": [[[114.3512255, 30.5320299], [114.351258, 30.5316449], [114.351481899, 30.5314386], [114.351499399, 30.5313399], [114.3517408, 30.5313353], [114.351750799, 30.5313965], [114.3517515, 30.531825], [114.3522987, 30.5318412], [114.352305399, 30.5323772], [114.352253099, 30.532666], [114.3518963, 30.5332551], [114.3518507, 30.5336548], [114.3520452, 30.5341122], [114.352082799, 30.5344414], [114.3518669, 30.534625], [114.351011299, 30.5340892], [114.351638899, 30.5334954], [114.3510917, 30.5330519], [114.3514431, 30.5327007], [114.3518106, 30.5326776], [114.3518213, 30.5324489], [114.351590599, 30.5324535], [114.3515879, 30.5322895], [114.3512255, 30.5320299]]]}, "properties": {"id": 10237, "name": " ", "type": "居住区", "area_sqm": 22270}}, {"type": "Feature", "geometry": {"type": "Polygon", "coordinates": [[[114.3601012, 30.5354291], [114.3599832, 30.5351056], [114.360423099, 30.5348931], [114.3603078, 30.5345928], [114.3607114, 30.5343825], [114.3612224, 30.5341931], [114.361439599, 30.5341342], [114.3616569, 30.5341237], [114.3619265, 30.5341584], [114.3621826, 30.5342289], [114.362535299, 30.5343606], [114.362934999, 30.53446], [114.363490199, 30.5345384], [114.364734699, 30.534669], [114.365969899, 30.5348168], [114.3660423, 30.5348977], [114.3660369, 30.5352558], [114.365914899, 30.535354], [114.3649587, 30.5352673], [114.363582699, 30.5351461], [114.3632662, 30.5350456], [114.363140199, 30.5353251], [114.363070399, 30.5353413], [114.3620646, 30.5352188], [114.3613431, 30.5351126], [114.3601012, 30.5354291]]]}, "properties": {"id": 10238, "name": "北三区", "type": "居住区", "area_sqm": 46838}}, {"type": "Feature", "geometry": {"type": "Polygon", "coordinates": [[[114.3551821, 30.5388308], [114.355228999, 30.5388683], [114.3552437, 30.5389284], [114.355220299, 30.5389619], [114.3551599, 30.5389567], [114.3551049, 30.5388978], [114.3551009, 30.5388603], [114.355123, 30.5388268], [114.3551821, 30.5388308]]]}, "properties": {"id": 10239, "name": " ", "type": "草地", "area_sqm": 148}}, {"type": "Feature", "geometry": {"type": "Polygon", "coordinates": [[[114.3556834, 30.5336677], [114.355195499, 30.5338174], [114.354976499, 30.5338727], [114.354618699, 30.5339674], [114.3539889, 30.5342796], [114.3538698, 30.5343409], [114.353360499, 30.5346073], [114.3522339, 30.5346629], [114.352209499, 30.5346159], [114.352179299, 30.5346049], [114.352157199, 30.5344865], [114.3522068, 30.5344189], [114.352211499, 30.5343554], [114.3522289, 30.5341781], [114.352130999, 30.5339447], [114.352086799, 30.5338304], [114.351982199, 30.533634], [114.351992899, 30.5334561], [114.352054599, 30.5333949], [114.3525428, 30.533403], [114.352703699, 30.5333903], [114.3527064, 30.533098], [114.352714399, 30.5329086], [114.352848499, 30.5326244], [114.352902199, 30.5324881], [114.352594399, 30.5323732], [114.352683199, 30.5321638], [114.3526963, 30.5321167], [114.352733899, 30.5320174], [114.352804299, 30.5319706], [114.3529437, 30.5320047], [114.3531087, 30.5320514], [114.353628999, 30.5322062], [114.3540582, 30.532227], [114.3549158, 30.5322282], [114.3556514, 30.5322432], [114.3567257, 30.5322236], [114.3567297, 30.533001], [114.3567793, 30.5330657], [114.357010599, 30.5330766], [114.357078, 30.5330418], [114.3572916, 30.5329659], [114.3573275, 30.5329556], [114.3573783, 30.5330742], [114.3573747, 30.5330795], [114.357139899, 30.5331615], [114.3556834, 30.5336677]], [[114.3538565, 30.533031], [114.353557599, 30.5330305], [114.353556999, 30.5333815], [114.353855799, 30.5333819], [114.3538565, 30.533031]], [[114.356049899, 30.5330091], [114.356052499, 30.5327361], [114.3555109, 30.5327323], [114.355510099, 30.5328141], [114.35542, 30.5328135], [114.355418199, 30.5330046], [114.356049899, 30.5330091]], [[114.3535215, 30.5326285], [114.352999799, 30.5324616], [114.3528501, 30.5327858], [114.3534202, 30.53282], [114.3535215, 30.5326285]]]}, "properties": {"id": 10240, "name": " ", "type": "居住区", "area_sqm": 81699}}, {"type": "Feature", "geometry": {"type": "Polygon", "coordinates": [[[114.357567899, 30.5319163], [114.357688599, 30.5320076], [114.357758299, 30.5322213], [114.3577597, 30.5326521], [114.3578898, 30.5328784], [114.357495499, 30.533014], [114.3573896, 30.5327821], [114.357380599, 30.5327187], [114.3573838, 30.5321706], [114.3573922, 30.5319798], [114.3574948, 30.5319042], [114.357567899, 30.5319163]]]}, "properties": {"id": 10263, "name": " ", "type": "休闲场地", "area_sqm": 4066}}, {"type": "Feature", "geometry": {"type": "Polygon", "coordinates": [[[114.356664299, 30.5305323], [114.356666, 30.5308896], [114.3564295, 30.5308908], [114.356427699, 30.5305342], [114.356664299, 30.5305323]]]}, "properties": {"id": 10264, "name": " ", "type": "休闲场地", "area_sqm": 899}}, {"type": "Feature", "geometry": {"type": "Polygon", "coordinates": [[[114.356664299, 30.5305323], [114.356427699, 30.5305342], [114.3564264, 30.5303857], [114.356892499, 30.5303855], [114.356892499, 30.5305306], [114.356664299, 30.5305323]]]}, "properties": {"id": 10265, "name": " ", "type": "休闲场地", "area_sqm": 727}}, {"type": "Feature", "geometry": {"type": "Polygon", "coordinates": [[[114.356678099, 30.5296976], [114.3566762, 30.5300091], [114.3566774, 30.5303603], [114.3564233, 30.530362], [114.356426099, 30.5300126], [114.3564275, 30.5296965], [114.356678099, 30.5296976]]]}, "properties": {"id": 10266, "name": " ", "type": "休闲场地", "area_sqm": 1777}}, {"type": "Feature", "geometry": {"type": "Polygon", "coordinates": [[[114.351118499, 30.5546806], [114.3505579, 30.5542279], [114.351177499, 30.55402], [114.3516791, 30.5541008], [114.3518829, 30.5542879], [114.351284799, 30.5542879], [114.351118499, 30.5546806]]]}, "properties": {"id": 10272, "name": " ", "type": "草地", "area_sqm": 3839}}, {"type": "Feature", "geometry": {"type": "Polygon", "coordinates": [[[114.3511194, 30.54212], [114.3508418, 30.5427448], [114.3506553, 30.543074], [114.3505149, 30.5433239], [114.350342199, 30.5435565], [114.3501968, 30.5435189], [114.3502294, 30.5430331], [114.350260099, 30.5425466], [114.3502511, 30.5424755], [114.3502952, 30.5421163], [114.3503456, 30.5420253], [114.3511194, 30.54212]]]}, "properties": {"id": 10286, "name": " ", "type": "居住区", "area_sqm": 8477}}, {"type": "Feature", "geometry": {"type": "Polygon", "coordinates": [[[114.3519085, 30.5430152], [114.352122199, 30.543436], [114.3522063, 30.5436356], [114.3522302, 30.5437406], [114.3522502, 30.5440073], [114.350560299, 30.5439463], [114.350744999, 30.5433973], [114.3510151, 30.5429522], [114.3519085, 30.5430152]]]}, "properties": {"id": 10287, "name": " ", "type": "居住区", "area_sqm": 14551}}, {"type": "Feature", "geometry": {"type": "Polygon", "coordinates": [[[114.3514517, 30.5448073], [114.3514534, 30.5458343], [114.352066299, 30.5458655], [114.3520446, 30.5462817], [114.3515626, 30.5462805], [114.3505604, 30.5462398], [114.3505306, 30.5459577], [114.350342599, 30.545701], [114.3503798, 30.5455249], [114.350484799, 30.545081], [114.3505302, 30.5448596], [114.350564, 30.5446896], [114.3505697, 30.5446167], [114.3505512, 30.5444658], [114.3509438, 30.5440343], [114.352084799, 30.544084], [114.3523376, 30.5441002], [114.3523277, 30.544351], [114.3515929, 30.5443028], [114.3514517, 30.5448073]]]}, "properties": {"id": 10288, "name": " ", "type": "居住区", "area_sqm": 27160}}, {"type": "Feature", "geometry": {"type": "Polygon", "coordinates": [[[114.3560595, 30.5295227], [114.3560527, 30.530504599], [114.3553902, 30.5305012], [114.355397, 30.529519299], [114.3560595, 30.5295227]]]}, "properties": {"id": 11657, "name": " ", "type": "运动场", "area_sqm": 6927}}, {"type": "Feature", "geometry": {"type": "Polygon", "coordinates": [[[114.3555377, 30.5399464], [114.355383, 30.540813399], [114.354677299, 30.540723099], [114.3548427, 30.5398479], [114.3555377, 30.5399464]]]}, "properties": {"id": 10505, "name": " ", "type": "运动场", "area_sqm": 6656}}, {"type": "Feature", "geometry": {"type": "Polygon", "coordinates": [[[114.3521353, 30.5312565], [114.3521246, 30.5317001], [114.351856399, 30.5317001], [114.351856399, 30.5312565], [114.3521353, 30.5312565]]]}, "properties": {"id": 10506, "name": "武汉大学信息学部游泳池", "type": "游泳池", "area_sqm": 1292}}, {"type": "Feature", "geometry": {"type": "Polygon", "coordinates": [[[114.348874499, 30.5290076], [114.3490009, 30.5293389], [114.3489088, 30.5294117], [114.348978099, 30.5299127], [114.3488681, 30.529939599], [114.3485976, 30.5300179], [114.3485711, 30.5300252], [114.348262299, 30.5292245], [114.3482621, 30.5291921], [114.3482754, 30.529167799], [114.348299799, 30.5291424], [114.3483279, 30.5291282], [114.348864699, 30.5289868], [114.348874499, 30.5290076]]]}, "properties": {"id": 10564, "name": "新世界百货（武昌店）", "type": "购物中心", "area_sqm": 5459}}, {"type": "Feature", "geometry": {"type": "Polygon", "coordinates": [[[114.3477603, 30.5295118], [114.348233099, 30.5307082], [114.3471884, 30.5310146], [114.3467176, 30.531716699], [114.345466099, 30.531094], [114.3455434, 30.5307719], [114.345234699, 30.529990399], [114.3473898, 30.5293667], [114.3477603, 30.5295118]]]}, "properties": {"id": 10612, "name": "湖北省妇幼保健院", "type": "医院", "area_sqm": 44675}}, {"type": "Feature", "geometry": {"type": "Polygon", "coordinates": [[[114.367405599, 30.5314921], [114.367309099, 30.531502], [114.367293799, 30.531390799], [114.367012999, 30.5314326], [114.366988899, 30.5313794], [114.366988899, 30.5312934], [114.366972499, 30.531259999], [114.367368199, 30.5312198], [114.367405599, 30.5314921]]]}, "properties": {"id": 10672, "name": "湖北省地质职工医院", "type": "医院", "area_sqm": 814}}, {"type": "Feature", "geometry": {"type": "Polygon", "coordinates": [[[114.3582828, 30.5360897], [114.358186299, 30.536025], [114.3583257, 30.5358171], [114.3584169, 30.5357431], [114.3586905, 30.5355907], [114.358771, 30.5356877], [114.3585564, 30.5358171], [114.3586422, 30.5359002], [114.3585135, 30.5359926], [114.358411599, 30.5359187], [114.3582828, 30.5360897]]]}, "properties": {"id": 10673, "name": "校医院", "type": "医院", "area_sqm": 1117}}, {"type": "Feature", "geometry": {"type": "Polygon", "coordinates": [[[114.360099799, 30.5336434], [114.360152099, 30.5336457], [114.360519599, 30.534239399], [114.3605518, 30.5342833], [114.360525, 30.5343249], [114.360093199, 30.5345654], [114.359849, 30.5347014], [114.359808799, 30.534703799], [114.3597659, 30.534675999], [114.359524499, 30.5342913], [114.359312599, 30.5339044], [114.359334, 30.5338732], [114.3600421, 30.5336399], [114.360099799, 30.5336434]]]}, "properties": {"id": 10674, "name": "武汉大学第一附属幼儿园", "type": "幼儿园", "area_sqm": 8274}}, {"type": "Feature", "geometry": {"type": "Polygon", "coordinates": [[[114.3627263, 30.5384143], [114.362200599, 30.538388699], [114.362228899, 30.537957199], [114.362890799, 30.5379894], [114.3628771, 30.5381976], [114.362981699, 30.5382027], [114.3629851, 30.5381513], [114.3633418, 30.5381687], [114.363336, 30.5382568], [114.363042199, 30.538242499], [114.3630368, 30.5383253], [114.3627332, 30.5383105], [114.3627263, 30.5384143]]]}, "properties": {"id": 10675, "name": "珞珈山庄", "type": "酒店", "area_sqm": 3424}}, {"type": "Feature", "geometry": {"type": "Polygon", "coordinates": [[[114.3579032, 30.538813099], [114.357609499, 30.5393717], [114.3574138, 30.5392527], [114.357393899, 30.5387907], [114.357329, 30.5387298], [114.3573352, 30.5385924], [114.357476099, 30.5385223], [114.357758299, 30.5384713], [114.3579032, 30.538813099]]]}, "properties": {"id": 10676, "name": "万林艺术博物馆", "type": "博物馆", "area_sqm": 3529}}, {"type": "Feature", "geometry": {"type": "Polygon", "coordinates": [[[114.356390699, 30.5404523], [114.356338799, 30.5408064], [114.3560501, 30.540775], [114.3561021, 30.5404209], [114.356390699, 30.5404523]]]}, "properties": {"id": 10677, "name": "宋卿体育馆", "type": "体育中心", "area_sqm": 1106}}, {"type": "Feature", "geometry": {"type": "Polygon", "coordinates": [[[114.358395599, 30.542741799], [114.3582192, 30.5427091], [114.358225199, 30.5426851], [114.358034799, 30.5426497], [114.3580296, 30.5426708], [114.357849599, 30.5426374], [114.357881499, 30.5425101], [114.3580069, 30.542533499], [114.3580275, 30.5424511], [114.3579529, 30.5424372], [114.3579863, 30.5423042], [114.358440199, 30.5423885], [114.3584077, 30.5425184], [114.3582993, 30.5424983], [114.3582746, 30.5425968], [114.358424899, 30.5426247], [114.358395599, 30.542741799]]]}, "properties": {"id": 10678, "name": "武汉大学校史馆", "type": "博物馆", "area_sqm": 1632}}, {"type": "Feature", "geometry": {"type": "Polygon", "coordinates": [[[114.3413333, 30.534047399], [114.341427499, 30.5347311], [114.338281399, 30.5350618], [114.3381149, 30.5339184], [114.337592299, 30.5337069], [114.3370623, 30.5324251], [114.338453899, 30.5319983], [114.339473999, 30.531685399], [114.339703299, 30.5322399], [114.3393454, 30.5323497], [114.3394369, 30.5325709], [114.3395803, 30.5329177], [114.3411558, 30.5327607], [114.3413333, 30.534047399]]]}, "properties": {"id": 10679, "name": "中部战区总医院", "type": "医院", "area_sqm": 96625}}, {"type": "Feature", "geometry": {"type": "Polygon", "coordinates": [[[114.3543316, 30.5401991], [114.3541756, 30.5409471], [114.3538868, 30.5409024], [114.3540428, 30.540154499], [114.3543316, 30.5401991]]]}, "properties": {"id": 10704, "name": "风雨馆", "type": "体育中心", "area_sqm": 2374}}, {"type": "Feature", "geometry": {"type": "Polygon", "coordinates": [[[114.355987, 30.531599], [114.3553599, 30.5316047], [114.3553574, 30.5315295], [114.3551907, 30.5315308], [114.355187399, 30.531274299], [114.3561386, 30.531269199], [114.356137799, 30.5315234], [114.355987799, 30.5315249], [114.355987, 30.531599]]]}, "properties": {"id": 10705, "name": "武汉大学图书馆(信息分馆)", "type": "图书馆", "area_sqm": 3082}}, {"type": "Feature", "geometry": {"type": "Polygon", "coordinates": [[[114.3510781, 30.5306932], [114.351080499, 30.5306325], [114.351130399, 30.530633899], [114.3511445, 30.5302718], [114.351439199, 30.530280299], [114.3514226, 30.530703199], [114.3510781, 30.5306932]]]}, "properties": {"id": 10707, "name": "信息学部文体中心", "type": "体育中心", "area_sqm": 1360}}, {"type": "Feature", "geometry": {"type": "Polygon", "coordinates": [[[114.349504699, 30.5300984], [114.3494902, 30.530938], [114.3491202, 30.5309333], [114.3491348, 30.5300937], [114.349504699, 30.5300984]]]}, "properties": {"id": 10708, "name": " ", "type": "运动场", "area_sqm": 3308}}, {"type": "Feature", "geometry": {"type": "Polygon", "coordinates": [[[114.3514297, 30.533347499], [114.3514673, 30.5333775], [114.3515048, 30.5334237], [114.3515182, 30.5334769], [114.3514995, 30.5335323], [114.351478, 30.5335855], [114.3511964, 30.5338742], [114.351137499, 30.5338974], [114.3510676, 30.5338974], [114.3510059, 30.533871899], [114.350952299, 30.5338373], [114.3509201, 30.533788799], [114.350912, 30.533742599], [114.350917399, 30.5336987], [114.350952299, 30.5336386], [114.3512178, 30.5333591], [114.3512795, 30.533333599], [114.3513519, 30.5333267], [114.3514297, 30.533347499]]]}, "properties": {"id": 10717, "name": " ", "type": "跑道", "area_sqm": 2223}}, {"type": "Feature", "geometry": {"type": "Polygon", "coordinates": [[[114.3513788, 30.5333799], [114.3514378, 30.5334076], [114.3514699, 30.5334653], [114.351448499, 30.5335323], [114.351424399, 30.5335647], [114.3511722, 30.533830399], [114.351132, 30.5338511], [114.3510676, 30.533848799], [114.3510059, 30.5338234], [114.3509684, 30.5337795], [114.3509657, 30.533724099], [114.3510032, 30.5336663], [114.3512393, 30.5334076], [114.3513144, 30.533375199], [114.3513788, 30.5333799]]]}, "properties": {"id": 10718, "name": " ", "type": "运动场", "area_sqm": 1365}}, {"type": "Feature", "geometry": {"type": "Polygon", "coordinates": [[[114.3485821, 30.5316744], [114.3477427, 30.531915299], [114.3477161, 30.5318464], [114.348113499, 30.5317324], [114.348048, 30.531563199], [114.3478183, 30.5316292], [114.347843099, 30.5316933], [114.347747099, 30.5317209], [114.3477203, 30.5316517], [114.3476223, 30.5316799], [114.3476402, 30.5317263], [114.347558699, 30.5317497], [114.3474441, 30.531453399], [114.347506399, 30.531435499], [114.3475221, 30.531475999], [114.34797, 30.5313475], [114.3479039, 30.5311765], [114.347604399, 30.5312624], [114.347621, 30.5313055], [114.3475066, 30.5313383], [114.3474529, 30.5311996], [114.347782499, 30.5311051], [114.348227, 30.5309775], [114.3483165, 30.5309518], [114.348425499, 30.531233799], [114.348172999, 30.531306199], [114.348231999, 30.531458599], [114.348472, 30.5313897], [114.3485821, 30.5316744]]]}, "properties": {"id": 10745, "name": "湖北省歌舞剧院", "type": "剧院", "area_sqm": 5622}}, {"type": "Feature", "geometry": {"type": "Polygon", "coordinates": [[[114.348310099, 30.5339297], [114.347189, 30.533922699], [114.3471863, 30.533858], [114.347349899, 30.533858], [114.347301599, 30.5338026], [114.347277499, 30.5337356], [114.3472748, 30.5336686], [114.3472936, 30.5336085], [114.347339199, 30.533546099], [114.347183599, 30.5335438], [114.3471833, 30.5334745], [114.3483235, 30.5334745], [114.3483235, 30.5335323], [114.3481841, 30.5335346], [114.3482511, 30.5336178], [114.3482645, 30.5337102], [114.3482404, 30.5337864], [114.348189399, 30.5338534], [114.3483048, 30.5338534], [114.348310099, 30.5339297]]]}, "properties": {"id": 10765, "name": " ", "type": "跑道", "area_sqm": 4792}}, {"type": "Feature", "geometry": {"type": "Polygon", "coordinates": [[[114.3480312, 30.533546099], [114.348119699, 30.5335669], [114.3481626, 30.5336247], [114.348176, 30.533694], [114.3481572, 30.5337495], [114.3481224, 30.533797999], [114.348060699, 30.5338326], [114.347998999, 30.5338534], [114.3475135, 30.5338511], [114.3474357, 30.5338118], [114.347387399, 30.5337772], [114.3473687, 30.5337263], [114.3473687, 30.5336663], [114.3473928, 30.5336062], [114.3474518, 30.5335693], [114.3475135, 30.533546099], [114.3480312, 30.533546099]]]}, "properties": {"id": 10766, "name": " ", "type": "运动场", "area_sqm": 2373}}, {"type": "Feature", "geometry": {"type": "Polygon", "coordinates": [[[114.349953699, 30.536269399], [114.3496323, 30.536408499], [114.3495727, 30.5363067], [114.3496906, 30.536255499], [114.3498927, 30.5361676], [114.349953699, 30.536269399]]]}, "properties": {"id": 10767, "name": "中百羅森", "type": "便利店", "area_sqm": 437}}, {"type": "Feature", "geometry": {"type": "Polygon", "coordinates": [[[114.370406099, 30.5760669], [114.3699372, 30.5761292], [114.3697345, 30.5761964], [114.3696658, 30.5760392], [114.3692377, 30.5761629], [114.369095899, 30.576136499], [114.3689684, 30.5759837], [114.3687967, 30.5757528], [114.368695, 30.5754146], [114.3686601, 30.5744655], [114.3687031, 30.574195299], [114.3687889, 30.573996699], [114.3689632, 30.573742699], [114.3690035, 30.573479399], [114.3688694, 30.5733362], [114.368780799, 30.57326], [114.368096899, 30.5729598], [114.3676194, 30.572775], [114.3671688, 30.5725002], [114.3668738, 30.5722855], [114.366651199, 30.5719645], [114.3665278, 30.5717728], [114.3664366, 30.5715349], [114.3664339, 30.5713178], [114.366490199, 30.5710823], [114.3665895, 30.5707451], [114.366771899, 30.570382499], [114.3670937, 30.5699045], [114.3673459, 30.569680499], [114.367611399, 30.5694426], [114.3678152, 30.5692486], [114.3679815, 30.5689784], [114.3678635, 30.5686297], [114.367767, 30.5684888], [114.367691899, 30.5683318], [114.3675578, 30.56805], [114.3674866, 30.5678061], [114.367451799, 30.5676603], [114.3674115, 30.567475499], [114.3673552, 30.567207599], [114.3673257, 30.5670483], [114.3672185, 30.5668174], [114.367150099, 30.5666953], [114.3670348, 30.5665683], [114.366782699, 30.5662381], [114.3665318, 30.5658773], [114.3662543, 30.5655336], [114.366165799, 30.565406499], [114.3661768, 30.565293599], [114.366267999, 30.565238], [114.366225299, 30.5649424], [114.3669871, 30.5645686], [114.3672302, 30.564273899], [114.3669338, 30.5635948], [114.3672818, 30.5634829], [114.367813599, 30.5632591], [114.368249699, 30.5626428], [114.368834299, 30.5615128], [114.3677829, 30.5591016], [114.3674428, 30.5582447], [114.366798999, 30.5582262], [114.366277, 30.557445], [114.3662918, 30.5573599], [114.366397699, 30.5572649], [114.3664138, 30.5571517], [114.3664125, 30.556974199], [114.3664084, 30.5568722], [114.3664862, 30.5568353], [114.3665413, 30.5567663], [114.3664808, 30.5566574], [114.3663923, 30.556505], [114.3664996, 30.556511899], [114.366631, 30.556465699], [114.3666942, 30.5564245], [114.3667356, 30.556387199], [114.366743699, 30.5563571], [114.3667398, 30.5562905], [114.366699499, 30.556269699], [114.3666352, 30.5562258], [114.3665976, 30.5561981], [114.3665493, 30.556186599], [114.3665157, 30.5561608], [114.366498399, 30.5561242], [114.3665172, 30.5560919], [114.366509099, 30.556066499], [114.366461999, 30.5560453], [114.3663682, 30.5560523], [114.3662904, 30.5560523], [114.3662314, 30.5560222], [114.366303799, 30.5559807], [114.3664164, 30.5559576], [114.366518399, 30.5559044], [114.3666176, 30.5555603], [114.3667705, 30.555253099], [114.366767799, 30.5551307], [114.366612199, 30.5549159], [114.3665237, 30.5547034], [114.3665613, 30.554548599], [114.366826799, 30.554502399], [114.3671084, 30.5544886], [114.3671797, 30.5545374], [114.3672092, 30.5546067], [114.3672172, 30.5547037], [114.3671502, 30.5548515], [114.3671502, 30.5551149], [114.367147499, 30.5552119], [114.3670724, 30.5552604], [114.3668685, 30.5551841], [114.366755899, 30.5553874], [114.3665896, 30.5558563], [114.3665896, 30.5559995], [114.3668831, 30.556313299], [114.3670375, 30.5564591], [114.3672682, 30.5567063], [114.3674598, 30.5568976], [114.367573899, 30.5572167], [114.367759, 30.5578149], [114.3678985, 30.5583], [114.3680058, 30.5586372], [114.3682418, 30.5591846], [114.368433499, 30.5595561], [114.368614599, 30.5598544], [114.3689499, 30.5603348], [114.369272999, 30.5607086], [114.3692984, 30.5607348], [114.3694473, 30.5608887], [114.3696124, 30.56103], [114.3698604, 30.561158999], [114.3699999, 30.5612306], [114.3701086, 30.5612424], [114.3702761, 30.5612421], [114.370339299, 30.5612794], [114.370387599, 30.5613441], [114.3703915, 30.561473099], [114.3704144, 30.5616697], [114.3705324, 30.5618776], [114.370658499, 30.5620462], [114.3706638, 30.5621085], [114.3705217, 30.5623487], [114.3704171, 30.5625635], [114.3703688, 30.5629054], [114.3703259, 30.563104], [114.3703313, 30.5633719], [114.3703688, 30.5635058], [114.3705002, 30.5637645], [114.370425099, 30.563822299], [114.3703473, 30.563877699], [114.3703259, 30.5640509], [114.3703259, 30.5641895], [114.370359299, 30.5643046], [114.370494899, 30.5646606], [114.370647799, 30.565032399], [114.3706987, 30.5653997], [114.3707187, 30.5655564], [114.3707214, 30.5656349], [114.3706746, 30.5657288], [114.3707328, 30.5659886], [114.3707409, 30.5660671], [114.3708059, 30.566286499], [114.370833499, 30.5663021], [114.370850999, 30.566328599], [114.370892999, 30.5665887], [114.371059299, 30.566560999], [114.3712083, 30.5665475], [114.3713639, 30.566605199], [114.3714417, 30.5667369], [114.3715128, 30.566895099], [114.371539599, 30.5672218], [114.371486, 30.5675891], [114.3714336, 30.567694099], [114.371338499, 30.5678281], [114.3712673, 30.5678662], [114.3711654, 30.567872], [114.3711372, 30.5678858], [114.3711252, 30.567906599], [114.370767, 30.5684978], [114.370737499, 30.5685578], [114.3706946, 30.568619], [114.370626199, 30.568695299], [114.370519899, 30.5688583], [114.3705258, 30.5688727], [114.3705269, 30.568882599], [114.3705233, 30.568895899], [114.37047, 30.5689799], [114.3704452, 30.5690192], [114.3702092, 30.569446999], [114.3700348, 30.569716], [114.3700194, 30.5697639], [114.3700336, 30.5698061], [114.3701241, 30.5698933], [114.3702743, 30.570051499], [114.3703802, 30.570277799], [114.370452, 30.5704863], [114.3705324, 30.5707056], [114.370584699, 30.5708661], [114.3706109, 30.5709308], [114.371921, 30.5719789], [114.3719559, 30.5719804], [114.3719888, 30.571972299], [114.3720893, 30.5719027], [114.3722651, 30.5718107], [114.3724287, 30.5717714], [114.3726284, 30.5718057], [114.372749099, 30.571875], [114.3729315, 30.572149799], [114.373308499, 30.5727875], [114.3736411, 30.5732863], [114.3741385, 30.573770899], [114.3746025, 30.5740596], [114.374723199, 30.5741658], [114.3748922, 30.5742513], [114.3750037, 30.5742632], [114.375173799, 30.5742305], [114.3753804, 30.5741243], [114.3755225, 30.5740688], [114.3757735, 30.5740253], [114.3760402, 30.574020299], [114.3762333, 30.5740527], [114.3763287, 30.5740969], [114.376417199, 30.5741847], [114.376503, 30.5742147], [114.3766088, 30.5741982], [114.3767042, 30.5742124], [114.3767739, 30.5743555], [114.376878499, 30.5746142], [114.3769027, 30.5747897], [114.3768624, 30.575009099], [114.376618399, 30.5753254], [114.3762697, 30.5756741], [114.376188, 30.575811], [114.3748585, 30.5756189], [114.374767299, 30.5756697], [114.3746332, 30.575739], [114.374450799, 30.5757759], [114.3741451, 30.5757297], [114.3736494, 30.5756073], [114.3734241, 30.5756073], [114.3731344, 30.5756858], [114.372734199, 30.5758683], [114.372321199, 30.5760253], [114.3720315, 30.5760807], [114.371739699, 30.5760784], [114.3710959, 30.5760138], [114.370406099, 30.5760669]]]}, "properties": {"id": 10855, "name": "东湖听涛景区", "type": "公园", "area_sqm": 711619}}, {"type": "Feature", "geometry": {"type": "Polygon", "coordinates": [[[114.3472097, 30.5387821], [114.346889, 30.5389213], [114.346640699, 30.5384971], [114.346961399, 30.5383578], [114.3472097, 30.5387821]]]}, "properties": {"id": 10859, "name": " ", "type": "运动场", "area_sqm": 1817}}, {"type": "Feature", "geometry": {"type": "Polygon", "coordinates": [[[114.3516793, 30.5425359], [114.351433099, 30.5429709], [114.351103699, 30.542831], [114.3513784, 30.5424009], [114.3516793, 30.5425359]]]}, "properties": {"id": 10945, "name": "武汉大学工学部集贸市场", "type": "集市", "area_sqm": 1832}}, {"type": "Feature", "geometry": {"type": "Polygon", "coordinates": [[[114.3558634, 30.5462943], [114.3554991, 30.5462671], [114.355503399, 30.546224099], [114.355356, 30.5462131], [114.3553661, 30.546112299], [114.3554099, 30.5461156], [114.355429999, 30.545916199], [114.355581499, 30.5459276], [114.3555617, 30.546124], [114.3558751, 30.5461474], [114.3559003, 30.545897], [114.3562242, 30.5459212], [114.3562148, 30.546014], [114.3560827, 30.5460041], [114.356060299, 30.5462266], [114.3560075, 30.546222599], [114.356002699, 30.5462704], [114.355866799, 30.5462602], [114.3558634, 30.5462943]]]}, "properties": {"id": 10946, "name": "武汉大学图书馆(工学分馆)", "type": "图书馆", "area_sqm": 1902}}, {"type": "Feature", "geometry": {"type": "Polygon", "coordinates": [[[114.3517424, 30.547405399], [114.351737899, 30.5475893], [114.3508485, 30.547573199], [114.350853, 30.5473894], [114.3517424, 30.547405399]]]}, "properties": {"id": 10952, "name": "中科院水生所", "type": "学院", "area_sqm": 1742}}, {"type": "Feature", "geometry": {"type": "Polygon", "coordinates": [[[114.3570566, 30.5384675], [114.3570241, 30.5383006], [114.3569426, 30.5383157], [114.3568747, 30.5380368], [114.356966999, 30.5380201], [114.3569137, 30.5378016], [114.3568282, 30.537817], [114.3567485, 30.53749], [114.3568158, 30.537467099], [114.356747399, 30.5371801], [114.357333299, 30.5370742], [114.3572865, 30.536882099], [114.3576019, 30.536825099], [114.3577312, 30.537355799], [114.358065699, 30.5372954], [114.3581645, 30.5377008], [114.357889099, 30.5377506], [114.3579305, 30.537920199], [114.3580885, 30.5378917], [114.3581957, 30.5383317], [114.3578478, 30.5383945], [114.3578314, 30.5383274], [114.3570566, 30.5384675]]]}, "properties": {"id": 10989, "name": "武汉大学图书馆", "type": "图书馆", "area_sqm": 16815}}, {"type": "Feature", "geometry": {"type": "Polygon", "coordinates": [[[114.357192299, 30.5420933], [114.3571966, 30.5421939], [114.3567849, 30.5422024], [114.356358399, 30.5422155], [114.3561753, 30.5422211], [114.3561676, 30.5420345], [114.356350699, 30.5420289], [114.3567759, 30.5420129], [114.3571921, 30.5420031], [114.357192299, 30.5420933]]]}, "properties": {"id": 11123, "name": "WHU1893", "type": "咖啡馆", "area_sqm": 2055}}, {"type": "Feature", "geometry": {"type": "Polygon", "coordinates": [[[114.3533957, 30.5441995], [114.3533909, 30.544315], [114.353806999, 30.5443279], [114.3538002, 30.54449], [114.353240399, 30.5444726], [114.353252, 30.544195099], [114.3533957, 30.5441995]]]}, "properties": {"id": 11201, "name": "明珠园酒店", "type": "酒店", "area_sqm": 1144}}, {"type": "Feature", "geometry": {"type": "Polygon", "coordinates": [[[114.34173, 30.5301163], [114.3414422, 30.5301943], [114.3413631, 30.529977599], [114.3416509, 30.5298997], [114.34173, 30.5301163]]]}, "properties": {"id": 11147, "name": " ", "type": "运动场", "area_sqm": 730}}, {"type": "Feature", "geometry": {"type": "Polygon", "coordinates": [[[114.3425038, 30.540506499], [114.3425038, 30.5405257], [114.342520099, 30.540526599], [114.3425089, 30.540690299], [114.3421776, 30.5406824], [114.3421867, 30.5405021], [114.3425038, 30.540506499]]]}, "properties": {"id": 11199, "name": " ", "type": "运动场", "area_sqm": 642}}, {"type": "Feature", "geometry": {"type": "Polygon", "coordinates": [[[114.3540057, 30.5443097], [114.354336999, 30.544331599], [114.35433, 30.5444105], [114.353897299, 30.544381899], [114.3539177, 30.5441528], [114.3542543, 30.544175099], [114.3542464, 30.5442645], [114.3540111, 30.5442489], [114.3540057, 30.5443097]]]}, "properties": {"id": 11202, "name": "武昌区珞珈山街武大社区卫生服务中心", "type": "医院", "area_sqm": 754}}, {"type": "Feature", "geometry": {"type": "Polygon", "coordinates": [[[114.3528162, 30.545749999], [114.3527723, 30.546056799], [114.352280899, 30.546004499], [114.3523248, 30.5456978], [114.3528162, 30.545749999]]]}, "properties": {"id": 11203, "name": "武汉大学幼儿园二分园", "type": "幼儿园", "area_sqm": 1629}}, {"type": "Feature", "geometry": {"type": "Polygon", "coordinates": [[[114.352628299, 30.5556731], [114.3526054, 30.5562341], [114.3519614, 30.5562146], [114.351984299, 30.5556536], [114.352628299, 30.5556731]]]}, "properties": {"id": 11204, "name": "杏林体育馆", "type": "体育中心", "area_sqm": 3851}}, {"type": "Feature", "geometry": {"type": "Polygon", "coordinates": [[[114.351711, 30.556883], [114.351703599, 30.557034], [114.351072, 30.557011199], [114.3510793, 30.5568602], [114.351711, 30.556883]]]}, "properties": {"id": 11205, "name": "图书馆医学分馆", "type": "图书馆", "area_sqm": 1017}}, {"type": "Feature", "geometry": {"type": "Polygon", "coordinates": [[[114.3584662, 30.5333656], [114.3577656, 30.5335911], [114.357690999, 30.5334192], [114.3583916, 30.5331937], [114.3584662, 30.5333656]]]}, "properties": {"id": 11300, "name": "八一路生鮮市場", "type": "集市", "area_sqm": 1461}}, {"type": "Feature", "geometry": {"type": "Polygon", "coordinates": [[[114.357639199, 30.5436817], [114.357617699, 30.5441206], [114.357499699, 30.544116], [114.3575158, 30.543679399], [114.357639199, 30.5436817]]]}, "properties": {"id": 11310, "name": "工学部CBD", "type": "餐厅", "area_sqm": 563}}, {"type": "Feature", "geometry": {"type": "Polygon", "coordinates": [[[114.3572973, 30.5324242], [114.357306199, 30.5327788], [114.3573337, 30.5328285], [114.3573761, 30.5328965], [114.357320499, 30.532924099], [114.357121499, 30.5329927], [114.3570472, 30.5330195], [114.356995699, 30.5330418], [114.3569287, 30.53305], [114.3567969, 30.5330297], [114.356801299, 30.5329608], [114.3568144, 30.5326176], [114.356826, 30.532219099], [114.356964399, 30.5321519], [114.357295399, 30.532102599], [114.3572973, 30.5324242]]]}, "properties": {"id": 11447, "name": "武汉大学第三附属幼儿园", "type": "幼儿园", "area_sqm": 4519}}, {"type": "Feature", "geometry": {"type": "Polygon", "coordinates": [[[114.350114799, 30.5536775], [114.3501, 30.553723], [114.3500602, 30.5537404], [114.3500208, 30.553742399], [114.349979299, 30.5537251], [114.3499587, 30.5536956], [114.349859199, 30.5536858], [114.3497918, 30.553655], [114.3497388, 30.553607899], [114.3497051, 30.553548899], [114.3496941, 30.553483299], [114.349707399, 30.5534179], [114.3497435, 30.5533594], [114.349799, 30.553313399], [114.3498683, 30.5532845], [114.3499446, 30.5532755], [114.350020399, 30.5532874], [114.350088099, 30.553318999], [114.3501208, 30.5532866], [114.350168, 30.5532695], [114.350224599, 30.5532839], [114.3503147, 30.553343199], [114.350357999, 30.553412899], [114.3503044, 30.5534842], [114.3504005, 30.5535533], [114.3503528, 30.5535968], [114.3503835, 30.5536245], [114.3503961, 30.553658699], [114.3503725, 30.5537027], [114.3503347, 30.553723], [114.350280599, 30.553727499], [114.3502391, 30.553717799], [114.3501234, 30.553643399], [114.3500971, 30.553639], [114.350114799, 30.5536775]]]}, "properties": {"id": 11448, "name": "弘毅大酒店", "type": "酒店", "area_sqm": 2676}}, {"type": "Feature", "geometry": {"type": "Polygon", "coordinates": [[[114.3627249, 30.5465458], [114.362625599, 30.5465886], [114.3625505, 30.5466093], [114.3624379, 30.5466186], [114.362347999, 30.5466128], [114.3622716, 30.5465966], [114.3622059, 30.5465712], [114.362137499, 30.546531999], [114.362081099, 30.5464892], [114.3620342, 30.5464373], [114.3619068, 30.5464269], [114.3620758, 30.5451252], [114.3622072, 30.545136699], [114.362290399, 30.545094], [114.3623494, 30.5450674], [114.362456699, 30.545042], [114.362574699, 30.5450374], [114.3626659, 30.5450478], [114.3627745, 30.545085899], [114.3628563, 30.5451356], [114.3629126, 30.545187599], [114.362966299, 30.5452649], [114.3629958, 30.5453377], [114.3630052, 30.545385599], [114.363007899, 30.5454255], [114.3629107, 30.5462304], [114.3628912, 30.5463449], [114.3628536, 30.546431499], [114.3628027, 30.5464892], [114.3627249, 30.5465458]], [[114.3627678, 30.5463703], [114.3627946, 30.5463137], [114.3629046, 30.5454428], [114.3629059, 30.545390799], [114.362891899, 30.5453457], [114.362866299, 30.545292699], [114.3628208, 30.5452349], [114.3627793, 30.5452047], [114.3627275, 30.545169099], [114.3626411, 30.5451287], [114.362538399, 30.5451159], [114.3624884, 30.5451171], [114.362441299, 30.5451254], [114.362358799, 30.5451518], [114.3622877, 30.5451991], [114.3622287, 30.5452511], [114.3621898, 30.5453065], [114.362049, 30.5462039], [114.362056999, 30.546264], [114.3620838, 30.546329799], [114.362129399, 30.5464014], [114.362188399, 30.5464534], [114.3622595, 30.5464962], [114.3623314, 30.5465194], [114.3623708, 30.5465285], [114.362428499, 30.546531999], [114.362504899, 30.546525], [114.362573299, 30.546508899], [114.3626377, 30.546482299], [114.3627115, 30.546431499], [114.3627678, 30.5463703]]]}, "properties": {"id": 11509, "name": " ", "type": "跑道", "area_sqm": 4686}}, {"type": "Feature", "geometry": {"type": "Polygon", "coordinates": [[[114.362885799, 30.5453931], [114.3627557, 30.5463448], [114.3620758, 30.5462825], [114.3622152, 30.545321499], [114.362885799, 30.5453931]]]}, "properties": {"id": 11510, "name": " ", "type": "运动场", "area_sqm": 6971}}, {"type": "Feature", "geometry": {"type": "Polygon", "coordinates": [[[114.3611834, 30.540589699], [114.3610382, 30.5415651], [114.3603438, 30.5414884], [114.360489, 30.540513], [114.3611834, 30.540589699]]]}, "properties": {"id": 11511, "name": " ", "type": "运动场", "area_sqm": 7330}}, {"type": "Feature", "geometry": {"type": "Polygon", "coordinates": [[[114.360987499, 30.541742699], [114.3609124, 30.5417796], [114.3608293, 30.5418039], [114.360751499, 30.5418143], [114.360663, 30.5418154], [114.360581199, 30.5418062], [114.3605034, 30.5417854], [114.360432299, 30.5417554], [114.3603639, 30.5417149], [114.360314299, 30.5416814], [114.360279399, 30.5416376], [114.3602432, 30.5415948], [114.3601668, 30.5415844], [114.3603773, 30.5403323], [114.3604766, 30.5403416], [114.3605141, 30.5403139], [114.3605557, 30.5402873], [114.360646899, 30.5402434], [114.360718, 30.5402272], [114.3608641, 30.5402226], [114.3609687, 30.5402388], [114.3610559, 30.5402769], [114.361149799, 30.5403335], [114.361212799, 30.540394699], [114.361252399, 30.5404761], [114.361287299, 30.540560399], [114.3612947, 30.5406211], [114.3611727, 30.5415035], [114.361151199, 30.5415671], [114.361112299, 30.5416312], [114.3610586, 30.5416849], [114.360987499, 30.541742699]], [[114.361052, 30.5415705], [114.361068, 30.5414989], [114.3611955, 30.5406488], [114.361192799, 30.5405795], [114.361174, 30.5405038], [114.3611391, 30.5404536], [114.3610747, 30.540404], [114.3609862, 30.5403589], [114.3609165, 30.540337], [114.3608212, 30.5403358], [114.3607698, 30.5403405], [114.360720699, 30.5403589], [114.3606322, 30.5403924], [114.360549, 30.5404386], [114.3604756, 30.54049], [114.360467199, 30.5405622], [114.360320999, 30.5414701], [114.360335799, 30.5415278], [114.3603787, 30.541586699], [114.3604209, 30.5416254], [114.3604645, 30.5416595], [114.360539599, 30.5416988], [114.360616099, 30.541723], [114.3607126, 30.5417311], [114.3607984, 30.5417265], [114.3608843, 30.5417046], [114.3609513, 30.5416618], [114.3610037, 30.5416156], [114.361052, 30.5415705]]]}, "properties": {"id": 11512, "name": " ", "type": "跑道", "area_sqm": 4811}}, {"type": "Feature", "geometry": {"type": "Polygon", "coordinates": [[[114.3659225, 30.542541], [114.365918499, 30.5426045], [114.365927799, 30.542713099], [114.366078, 30.5429868], [114.3660307, 30.543082599], [114.365581799, 30.5429106], [114.3658809, 30.5423932], [114.3659989, 30.5422765], [114.3659225, 30.542541]]]}, "properties": {"id": 11641, "name": " ", "type": "公园", "area_sqm": 1720}}, {"type": "Feature", "geometry": {"type": "Polygon", "coordinates": [[[114.3559806, 30.5307377], [114.355887799, 30.530782699], [114.3557839, 30.530807], [114.3557008, 30.5308127], [114.3556279, 30.5308101], [114.355547599, 30.5308004], [114.3554818, 30.530782199], [114.355428499, 30.5307572], [114.3553856, 30.530728299], [114.3553507, 30.5306948], [114.355315199, 30.5306615], [114.3552322, 30.5306619], [114.355237599, 30.5300625], [114.3552507, 30.5293532], [114.3553488, 30.529353099], [114.3553826, 30.5293296], [114.3554427, 30.529289499], [114.355500299, 30.5292619], [114.355559899, 30.5292359], [114.355615, 30.5292231], [114.355706099, 30.5292139], [114.355824199, 30.5292208], [114.3559234, 30.5292486], [114.3560039, 30.5292878], [114.356088399, 30.529343299], [114.3561461, 30.5294207], [114.3561702, 30.5294877], [114.356178299, 30.5295709], [114.3561727, 30.5298148], [114.3561682, 30.5302297], [114.3561518, 30.5305227], [114.356139799, 30.5305736], [114.3561098, 30.530627799], [114.3560691, 30.5306766], [114.3559806, 30.5307377]], [[114.355900199, 30.5306783], [114.355967299, 30.5306379], [114.3560082, 30.5305876], [114.356044399, 30.5305351], [114.3560786, 30.5304854], [114.356087999, 30.5304207], [114.3560886, 30.529633], [114.356085899, 30.5295653], [114.3560809, 30.529535199], [114.356068499, 30.5295053], [114.3560273, 30.5294371], [114.355968, 30.5293759], [114.355886799, 30.5293291], [114.3558147, 30.5292996], [114.355719499, 30.5292866], [114.3556172, 30.529299], [114.355514699, 30.5293407], [114.355455699, 30.529381], [114.3554006, 30.5294411], [114.3553632, 30.529502899], [114.3553436, 30.5295706], [114.355345, 30.5304826], [114.3553604, 30.5305122], [114.3553785, 30.5305478], [114.3554235, 30.530603599], [114.355488499, 30.5306587], [114.3555489, 30.5306968], [114.355636, 30.530717599], [114.355740599, 30.530722199], [114.3558265, 30.5307084], [114.355900199, 30.5306783]]]}, "properties": {"id": 11656, "name": " ", "type": "跑道", "area_sqm": 4214}}, {"type": "Feature", "geometry": {"type": "Polygon", "coordinates": [[[114.3554236, 30.534658], [114.355362399, 30.5346508], [114.3553226, 30.5346366], [114.3552779, 30.5346061], [114.3552391, 30.5345671], [114.355221699, 30.5345143], [114.3552225, 30.5344531], [114.3552322, 30.534428], [114.3551753, 30.534447199], [114.3551505, 30.534387099], [114.3552661, 30.5343498], [114.3553128, 30.534335799], [114.3561765, 30.5340183], [114.356202, 30.534078199], [114.3559411, 30.5341758], [114.3559773, 30.5342069], [114.3560183, 30.5342642], [114.3560303, 30.534339899], [114.3560189, 30.5343873], [114.3560625, 30.5343756], [114.3560786, 30.5344249], [114.3559164, 30.5344837], [114.3554236, 30.534658]], [[114.355453699, 30.5345813], [114.3558655, 30.5344427], [114.3559111, 30.5344242], [114.355943299, 30.5343942], [114.3559593, 30.5343573], [114.355953999, 30.5343064], [114.3559298, 30.5342718], [114.3559055, 30.534241899], [114.3558614, 30.5342295], [114.3557997, 30.5342267], [114.355387999, 30.5343734], [114.3553558, 30.5343873], [114.355328999, 30.534415], [114.3553022, 30.534452], [114.3553022, 30.5344936], [114.355321, 30.5345398], [114.3553585, 30.534569799], [114.355422899, 30.534586], [114.355453699, 30.5345813]]]}, "properties": {"id": 11790, "name": " ", "type": "跑道", "area_sqm": 1645}}, {"type": "Feature", "geometry": {"type": "Polygon", "coordinates": [[[114.3558774, 30.5344207], [114.355463899, 30.5345665], [114.355379, 30.5343879], [114.3557925, 30.5342421], [114.3558774, 30.5344207]]]}, "properties": {"id": 11791, "name": " ", "type": "运动场", "area_sqm": 918}}, {"type": "Feature", "geometry": {"type": "Polygon", "coordinates": [[[114.357257899, 30.5346963], [114.357199499, 30.5347098], [114.356716099, 30.5348211], [114.356649, 30.5348303], [114.3565337, 30.5348072], [114.3563781, 30.534763299], [114.3562387, 30.5346501], [114.3553348, 30.5348257], [114.355065299, 30.5343659], [114.3559611, 30.5340622], [114.3562266, 30.5339663], [114.3563942, 30.5339004], [114.356879699, 30.5337399], [114.357257899, 30.5346963]]]}, "properties": {"id": 11792, "name": "武汉大学第一附属小学", "type": "学校", "area_sqm": 15221}}, {"type": "Feature", "geometry": {"type": "Polygon", "coordinates": [[[114.3528172, 30.5430178], [114.3527799, 30.5430288], [114.3527239, 30.5430351], [114.352270599, 30.5429335], [114.352225, 30.5428988], [114.3521955, 30.5428457], [114.352187899, 30.5427878], [114.3522014, 30.5427345], [114.3522258, 30.5426886], [114.3522657, 30.5426516], [114.3523196, 30.5426282], [114.3523934, 30.5426229], [114.352827399, 30.54272], [114.353076699, 30.5427847], [114.353062399, 30.5428351], [114.3529021, 30.5428013], [114.352922299, 30.5428411], [114.352918, 30.542917], [114.3528794, 30.5429797], [114.3528172, 30.5430178]], [[114.3527749, 30.542977], [114.3528016, 30.5429658], [114.352825799, 30.542949699], [114.3528419, 30.5429335], [114.3528574, 30.5429051], [114.352862299, 30.542876799], [114.352858, 30.5428434], [114.3528406, 30.542812199], [114.352808299, 30.542781], [114.352766799, 30.542764899], [114.3523913, 30.542684], [114.352351699, 30.5426851], [114.352322899, 30.542693099], [114.352294699, 30.5427083], [114.3522652, 30.5427406], [114.3522518, 30.5427718], [114.3522522, 30.5428072], [114.3522611, 30.5428376], [114.35228, 30.5428642], [114.352308099, 30.542884999], [114.3523376, 30.5428988], [114.3527265, 30.542981999], [114.3527749, 30.542977]]]}, "properties": {"id": 11793, "name": " ", "type": "跑道", "area_sqm": 1129}}, {"type": "Feature", "geometry": {"type": "Polygon", "coordinates": [[[114.352771399, 30.542780899], [114.3527143, 30.542971799], [114.3523272, 30.5428859], [114.3523844, 30.5426949], [114.352771399, 30.542780899]]]}, "properties": {"id": 11794, "name": " ", "type": "运动场", "area_sqm": 839}}, {"type": "Feature", "geometry": {"type": "Polygon", "coordinates": [[[114.355263, 30.5410947], [114.3551852, 30.5411202], [114.3551208, 30.5411317], [114.3550135, 30.5411386], [114.354916999, 30.5411271], [114.3548231, 30.5410971], [114.3547292, 30.5410462], [114.354664999, 30.5409885], [114.354630099, 30.5409538], [114.3545148, 30.54094], [114.3547534, 30.5397134], [114.354798899, 30.539718], [114.3548741, 30.5396418], [114.3549599, 30.5395887], [114.355045699, 30.539554], [114.355115499, 30.5395402], [114.355198599, 30.5395309], [114.3552737, 30.5395309], [114.355364899, 30.5395494], [114.355432, 30.5395771], [114.355499, 30.5396164], [114.35556, 30.5396926], [114.355661499, 30.5397046], [114.355674, 30.539628499], [114.3557203, 30.5396319], [114.3554695, 30.5410462], [114.355381, 30.541037], [114.355263, 30.5410947]], [[114.3553959, 30.5408136], [114.3555567, 30.5399474], [114.355541999, 30.539881499], [114.355513799, 30.5397971], [114.3554467, 30.5397164], [114.3553743, 30.5396669], [114.355281199, 30.5396338], [114.3551712, 30.539624], [114.3550612, 30.5396366], [114.3549807, 30.5396731], [114.3549003, 30.5397331], [114.354848699, 30.5397949], [114.3548218, 30.5398434], [114.3546666, 30.5407178], [114.354667599, 30.540753], [114.354675699, 30.5408136], [114.354693699, 30.5408506], [114.354729699, 30.5409052], [114.3547816, 30.5409569], [114.354848699, 30.5410031], [114.3549264, 30.5410308], [114.3549863, 30.5410396], [114.3550525, 30.5410424], [114.355116999, 30.5410358], [114.3551789, 30.5410222], [114.355261699, 30.540977599], [114.3553301, 30.5409142], [114.3553555, 30.5408737], [114.3553959, 30.5408136]]]}, "properties": {"id": 11795, "name": " ", "type": "跑道", "area_sqm": 4836}}, {"type": "Feature", "geometry": {"type": "Polygon", "coordinates": [[[114.3516934, 30.5470045], [114.3516863, 30.5470829], [114.3516863, 30.5471573], [114.3515252, 30.5471493], [114.3512193, 30.5471392], [114.3512264, 30.547022599], [114.351242699, 30.5469884], [114.351476199, 30.5469864], [114.3516934, 30.5470045]]]}, "properties": {"id": 12222, "name": "二号实验楼", "type": "学院", "area_sqm": 771}}, {"type": "Feature", "geometry": {"type": "Polygon", "coordinates": [[[114.3484874, 30.5481462], [114.348256699, 30.5481831], [114.3479429, 30.5481877], [114.3478973, 30.548129999], [114.3478464, 30.548083799], [114.3477713, 30.548037599], [114.3476908, 30.548028399], [114.3475862, 30.548056099], [114.347495, 30.5481138], [114.347452099, 30.548102299], [114.347444, 30.5480769], [114.3477659, 30.545298], [114.347854399, 30.545298], [114.347921499, 30.5451109], [114.3479805, 30.5449723], [114.3480368, 30.544883299], [114.3480931, 30.5447944], [114.348197699, 30.5448106], [114.3480824, 30.5458732], [114.3482755, 30.5459032], [114.3483077, 30.5474694], [114.3483667, 30.5477465], [114.3484874, 30.5481462]]]}, "properties": {"id": 12941, "name": "茶港桥公园", "type": "公园", "area_sqm": 21462}}, {"type": "Feature", "geometry": {"type": "Polygon", "coordinates": [[[114.3479879, 30.5475551], [114.347936999, 30.547699499], [114.3478619, 30.5476798], [114.347912799, 30.5475354], [114.3479879, 30.5475551]]]}, "properties": {"id": 12942, "name": " ", "type": "公厕", "area_sqm": 126}}, {"type": "Feature", "geometry": {"type": "Polygon", "coordinates": [[[114.3484023, 30.5572033], [114.3468176, 30.5571375], [114.346851699, 30.5547525], [114.3473893, 30.5545859], [114.3479526, 30.5544796], [114.3481671, 30.5544404], [114.348467499, 30.5544242], [114.3487814, 30.554435699], [114.349129999, 30.5544219], [114.3493305, 30.5544], [114.3494773, 30.5547048], [114.3495024, 30.554921599], [114.3494945, 30.5551848], [114.3494784, 30.5554618], [114.348497899, 30.555431199], [114.3484023, 30.5572033]]]}, "properties": {"id": 12944, "name": "武汉大学中南医院", "type": "医院", "area_sqm": 56105}}, {"type": "Feature", "geometry": {"type": "Polygon", "coordinates": [[[114.344023599, 30.5456471], [114.343934899, 30.5468536], [114.3426336, 30.5468062], [114.342814099, 30.5455465], [114.344023599, 30.5456471]]]}, "properties": {"id": 13031, "name": "湖北省武昌水果湖第一小学", "type": "学校", "area_sqm": 16587}}, {"type": "Feature", "geometry": {"type": "Polygon", "coordinates": [[[114.355483499, 30.5442374], [114.3553861, 30.5449588], [114.354333499, 30.5448534], [114.354430899, 30.5441319], [114.355483499, 30.5442374]]]}, "properties": {"id": 13401, "name": "世纪广场", "type": "公园", "area_sqm": 8194}}, {"type": "Feature", "geometry": {"type": "Polygon", "coordinates": [[[114.354478, 30.5335408], [114.354477699, 30.5336003], [114.354418599, 30.5336001], [114.354423, 30.5335386], [114.354478, 30.5335408]]]}, "properties": {"id": 13403, "name": "水果店（花店）", "type": "果蔬店", "area_sqm": 37}}, {"type": "Feature", "geometry": {"type": "Polygon", "coordinates": [[[114.3432937, 30.5584483], [114.3429272, 30.55869], [114.342553899, 30.5583051], [114.3429191, 30.5580541], [114.3432937, 30.5584483]]]}, "properties": {"id": 13579, "name": " ", "type": "运动场", "area_sqm": 2498}}, {"type": "Feature", "geometry": {"type": "Polygon", "coordinates": [[[114.3433205, 30.5459108], [114.343302099, 30.5461638], [114.3431372, 30.5461562], [114.343154899, 30.5459097], [114.3433205, 30.5459108]]]}, "properties": {"id": 13580, "name": " ", "type": "运动场", "area_sqm": 440}}, {"type": "Feature", "geometry": {"type": "Polygon", "coordinates": [[[114.3433205, 30.5459108], [114.3434814, 30.5459174], [114.343461699, 30.5461725], [114.343302099, 30.5461638], [114.3433205, 30.5459108]]]}, "properties": {"id": 13581, "name": " ", "type": "运动场", "area_sqm": 435}}, {"type": "Feature", "geometry": {"type": "Polygon", "coordinates": [[[114.3434616, 30.5463886], [114.343405799, 30.5464215], [114.3433486, 30.546443799], [114.343283199, 30.546443799], [114.3432273, 30.546430899], [114.343164599, 30.5464086], [114.3430992, 30.546366299], [114.343073299, 30.5463135], [114.3430488, 30.5462607], [114.3430829, 30.5457609], [114.3431033, 30.545706899], [114.3431469, 30.5456752], [114.3431865, 30.5456564], [114.3432341, 30.5456424], [114.3433121, 30.5456411], [114.3433908, 30.545647], [114.343478, 30.545667], [114.3435252, 30.5456855], [114.343556599, 30.5457148], [114.343570499, 30.5457563], [114.3435461, 30.546303], [114.3435121, 30.546364], [114.3434616, 30.5463886]], [[114.3434924, 30.5462897], [114.343515099, 30.545806399], [114.3435075, 30.5457775], [114.343495599, 30.5457482], [114.3434697, 30.5457216], [114.3434297, 30.545704799], [114.3433821, 30.5456844], [114.343302099, 30.545676], [114.343252299, 30.545685299], [114.343203599, 30.5457011], [114.3431745, 30.545720699], [114.343143099, 30.5457626], [114.3431085, 30.5462599], [114.3431301, 30.5463055], [114.343168, 30.546344699], [114.343212299, 30.5463633], [114.343260999, 30.5463819], [114.3433248, 30.5463819], [114.343383199, 30.546379099], [114.3434275, 30.5463475], [114.343465299, 30.5463195], [114.3434924, 30.5462897]]]}, "properties": {"id": 13583, "name": " ", "type": "跑道", "area_sqm": 1228}}, {"type": "Feature", "geometry": {"type": "Polygon", "coordinates": [[[114.3427706, 30.558114499], [114.342647299, 30.5582009], [114.3424604, 30.558009], [114.342579099, 30.557920999], [114.3427706, 30.558114499]]]}, "properties": {"id": 13673, "name": " ", "type": "运动场", "area_sqm": 424}}, {"type": "Feature", "geometry": {"type": "Polygon", "coordinates": [[[114.3433634, 30.558736999], [114.3432352, 30.5588199], [114.343049599, 30.558626599], [114.343178999, 30.5585357], [114.3433634, 30.558736999]]]}, "properties": {"id": 13674, "name": " ", "type": "运动场", "area_sqm": 442}}, {"type": "Feature", "geometry": {"type": "Polygon", "coordinates": [[[114.346907499, 30.552193], [114.3464471, 30.5523667], [114.3461079, 30.5524948], [114.3454388, 30.5527286], [114.3449655, 30.5528943], [114.344570699, 30.5530186], [114.344222299, 30.5531945], [114.3442377, 30.5534317], [114.3440787, 30.5534803], [114.3439368, 30.5531524], [114.343895, 30.5530485], [114.3444481, 30.5528635], [114.345005299, 30.5527112], [114.3454391, 30.5525646], [114.3458132, 30.5524351], [114.3466224, 30.552187499], [114.3472921, 30.5519681], [114.3481589, 30.5516922], [114.3482316, 30.5516681], [114.3483335, 30.5516712], [114.3484355, 30.551685099], [114.3484802, 30.5517343], [114.3484909, 30.5518067], [114.3485729, 30.5522097], [114.348654899, 30.5523685], [114.3485919, 30.552383499], [114.3485557, 30.552365], [114.348446599, 30.5522072], [114.3483089, 30.5520081], [114.3480823, 30.551899599], [114.3478946, 30.5518742], [114.34779, 30.5519042], [114.3476827, 30.551959699], [114.347583399, 30.5520498], [114.3475256, 30.5521718], [114.3472762, 30.5522319], [114.347194499, 30.552156], [114.347097999, 30.5521514], [114.346907499, 30.552193]]]}, "properties": {"id": 13715, "name": " ", "type": "公园", "area_sqm": 9812}}, {"type": "Feature", "geometry": {"type": "Polygon", "coordinates": [[[114.3481601, 30.5488252], [114.3484417, 30.549494999], [114.348658999, 30.5500679], [114.3487582, 30.5504814], [114.3488038, 30.5509757], [114.3488346, 30.5514073], [114.3489526, 30.5519273], [114.3489405, 30.552042799], [114.348907, 30.5521375], [114.3488587, 30.5522126], [114.3488306, 30.552207999], [114.3487179, 30.5519613], [114.348638999, 30.551435], [114.348565099, 30.5505394], [114.348427099, 30.5500385], [114.3479983, 30.548901], [114.3480394, 30.548527199], [114.3481601, 30.5488252]]]}, "properties": {"id": 13716, "name": " ", "type": "公园", "area_sqm": 7647}}, {"type": "Feature", "geometry": {"type": "Polygon", "coordinates": [[[114.342811599, 30.5537416], [114.3429376, 30.5538374], [114.343056299, 30.5540737], [114.343074799, 30.554281199], [114.3429673, 30.5544664], [114.3428412, 30.5546037], [114.3425409, 30.5546803], [114.342159, 30.5546452], [114.3419922, 30.5545143], [114.341903199, 30.554338699], [114.341888399, 30.5542269], [114.3419292, 30.5540577], [114.342006999, 30.553891699], [114.342218299, 30.5537416], [114.342529799, 30.553690599], [114.342811599, 30.5537416]]]}, "properties": {"id": 13717, "name": "汉秀剧场", "type": "剧院", "area_sqm": 9839}}, {"type": "Feature", "geometry": {"type": "Polygon", "coordinates": [[[114.342280399, 30.5558685], [114.3422046, 30.555824299], [114.342156799, 30.5557684], [114.342451799, 30.5555336], [114.3427467, 30.5552966], [114.3430064, 30.5551096], [114.3430551, 30.555117], [114.3431904, 30.5550505], [114.3432368, 30.5549559], [114.3434844, 30.5548444], [114.3435006, 30.554868299], [114.3435847, 30.5548834], [114.3437489, 30.554812299], [114.3437392, 30.5547798], [114.3437759, 30.5547372], [114.344031, 30.554883599], [114.3446371, 30.5547765], [114.3450235, 30.5547032], [114.345642699, 30.5546156], [114.3459383, 30.5546036], [114.3463116, 30.5545672], [114.3465244, 30.5545468], [114.346842, 30.5544344], [114.346952699, 30.554395], [114.3473214, 30.5543573], [114.3476564, 30.5543121], [114.3479778, 30.5542605], [114.3486126, 30.5541312], [114.34879, 30.5541843], [114.3490029, 30.554178], [114.349120299, 30.5541135], [114.3491009, 30.554236099], [114.348947899, 30.5542737], [114.348564499, 30.5542669], [114.3481393, 30.5542857], [114.3477431, 30.554339199], [114.347503299, 30.554398199], [114.346948099, 30.5545541], [114.3463547, 30.5546732], [114.3456527, 30.5547469], [114.3447721, 30.554854399], [114.343770099, 30.5550112], [114.343400699, 30.5551482], [114.3432295, 30.555242899], [114.3424321, 30.5558348], [114.3423709, 30.5558011], [114.342280399, 30.5558685]]]}, "properties": {"id": 13718, "name": " ", "type": "公园", "area_sqm": 10308}}, {"type": "Feature", "geometry": {"type": "Polygon", "coordinates": [[[114.3434661, 30.548933599], [114.343572499, 30.5489537], [114.3435559, 30.5492746], [114.3428704, 30.5492403], [114.3428671, 30.5491887], [114.3428272, 30.5491858], [114.3428571, 30.548913599], [114.3429702, 30.5489193], [114.3429969, 30.5485296], [114.3427506, 30.548526699], [114.3427706, 30.548372], [114.3430801, 30.548392], [114.3430767, 30.548329], [114.3434195, 30.548334699], [114.3434095, 30.5484293], [114.3437556, 30.548435], [114.3437356, 30.5485869], [114.343516, 30.548564], [114.3434661, 30.548933599]]]}, "properties": {"id": 13719, "name": "洪山礼堂", "type": "剧院", "area_sqm": 6341}}, {"type": "Feature", "geometry": {"type": "Polygon", "coordinates": [[[114.346536599, 30.551587699], [114.346220899, 30.5516388], [114.3461962, 30.5515129], [114.3464932, 30.5514492], [114.346536599, 30.551587699]]]}, "properties": {"id": 13720, "name": " ", "type": "运动场", "area_sqm": 452}}, {"type": "Feature", "geometry": {"type": "Polygon", "coordinates": [[[114.3484233, 30.5512011], [114.348389099, 30.5512866], [114.3483138, 30.5513456], [114.3482042, 30.551392699], [114.348128899, 30.5513986], [114.3479509, 30.5510743], [114.347855, 30.5511156], [114.3477181, 30.5511893], [114.347577699, 30.5511598], [114.3475435, 30.5509299], [114.347492099, 30.5508621], [114.347499, 30.5507501], [114.3475503, 30.550585], [114.3477181, 30.550390399], [114.3478139, 30.5502695], [114.347858399, 30.5501634], [114.3482693, 30.5501516], [114.3483651, 30.5504051], [114.348419899, 30.5507972], [114.3484473, 30.5510213], [114.3484233, 30.5512011]]]}, "properties": {"id": 13727, "name": "放鹰台", "type": "公园", "area_sqm": 8952}}, {"type": "Feature", "geometry": {"type": "Polygon", "coordinates": [[[114.3445636, 30.5485293], [114.344557799, 30.548614399], [114.3444472, 30.5486834], [114.344402899, 30.5488016], [114.3444371, 30.5489152], [114.344536299, 30.5489775], [114.3444982, 30.5497337], [114.3437694, 30.549685], [114.343878999, 30.5485116], [114.3445636, 30.5485293]]]}, "properties": {"id": 13728, "name": " ", "type": "公园", "area_sqm": 8575}}, {"type": "Feature", "geometry": {"type": "Polygon", "coordinates": [[[114.3452689, 30.5485587], [114.3452004, 30.549744], [114.344636899, 30.5497391], [114.3446818, 30.5489893], [114.344790799, 30.5489329], [114.344839599, 30.5488003], [114.344805099, 30.5486813], [114.3447172, 30.5486203], [114.344728, 30.5485352], [114.3452689, 30.5485587]]]}, "properties": {"id": 13729, "name": " ", "type": "公园", "area_sqm": 6735}}, {"type": "Feature", "geometry": {"type": "Polygon", "coordinates": [[[114.3407068, 30.532199599], [114.3400223, 30.5323834], [114.3399135, 30.532157999], [114.339716199, 30.5321962], [114.3395431, 30.5317106], [114.340614199, 30.5313845], [114.340742999, 30.5317869], [114.3407068, 30.532199599]]]}, "properties": {"id": 13804, "name": "洪山区武珞路小学", "type": "学校", "area_sqm": 8450}}, {"type": "Feature", "geometry": {"type": "Polygon", "coordinates": [[[114.3482621, 30.5507658], [114.3478955, 30.5508357], [114.3477996, 30.5504625], [114.3481662, 30.5503926], [114.3482621, 30.5507658]]]}, "properties": {"id": 13835, "name": "老門茶館", "type": "咖啡馆", "area_sqm": 1528}}, {"type": "Feature", "geometry": {"type": "Polygon", "coordinates": [[[114.3397915, 30.552772999], [114.3401207, 30.5533079], [114.338349599, 30.5539647], [114.3376957, 30.5525151], [114.338077699, 30.552367699], [114.3378066, 30.5518026], [114.338754099, 30.551440399], [114.3397915, 30.552772999]]]}, "properties": {"id": 13885, "name": "水果湖第一中学", "type": "学校", "area_sqm": 36926}}, {"type": "Feature", "geometry": {"type": "Polygon", "coordinates": [[[114.3407688, 30.5504431], [114.3409721, 30.5505796], [114.3417649, 30.5516755], [114.3418503, 30.5521341], [114.3411682, 30.552602699], [114.3407648, 30.552879799], [114.340545899, 30.5525946], [114.3403257, 30.5521831], [114.340362299, 30.5519836], [114.3395329, 30.5509963], [114.3398785, 30.5502505], [114.3407688, 30.5504431]]]}, "properties": {"id": 13886, "name": "湖北省水果湖高级中学", "type": "学校", "area_sqm": 35357}}, {"type": "Feature", "geometry": {"type": "Polygon", "coordinates": [[[114.3540032, 30.5315344], [114.3540157, 30.5320654], [114.3541032, 30.5320654], [114.3540701, 30.5320965], [114.3537866, 30.5320973], [114.3531059, 30.5318165], [114.353107999, 30.5315367], [114.3539764, 30.5315344], [114.3540032, 30.5315344]]]}, "properties": {"id": 13978, "name": "星空广场", "type": "公园", "area_sqm": 4409}}, {"type": "Feature", "geometry": {"type": "Polygon", "coordinates": [[[114.3609797, 30.537690899], [114.360964499, 30.537834499], [114.360861299, 30.537826299], [114.3608663, 30.537779599], [114.360633999, 30.5377613], [114.360644199, 30.5376645], [114.3609797, 30.537690899]]]}, "properties": {"id": 14532, "name": "半山庐", "type": "旅游景点", "area_sqm": 400}}, {"type": "Feature", "geometry": {"type": "Polygon", "coordinates": [[[114.3588678, 30.537434299], [114.3588403, 30.5374588], [114.3587552, 30.537388099], [114.358782599, 30.5373636], [114.3588678, 30.537434299]]]}, "properties": {"id": 14596, "name": " ", "type": "公厕", "area_sqm": 43}}, {"type": "Feature", "geometry": {"type": "Polygon", "coordinates": [[[114.3417691, 30.5340108], [114.341435799, 30.5340355], [114.3412027, 30.5316973], [114.3413704, 30.531682], [114.341535399, 30.531672599], [114.3417691, 30.5340108]]]}, "properties": {"id": 14690, "name": "北伐独立团烈士陵园", "type": "墓地", "area_sqm": 8357}}, {"type": "Feature", "geometry": {"type": "Polygon", "coordinates": [[[114.342221, 30.530370199], [114.341438399, 30.5305997], [114.3411055, 30.5297571], [114.341888, 30.5295277], [114.342221, 30.530370199]]]}, "properties": {"id": 14695, "name": "湖北艺术职业学院", "type": "学院", "area_sqm": 7834}}, {"type": "Feature", "geometry": {"type": "Polygon", "coordinates": [[[114.342410199, 30.5591395], [114.3414335, 30.5580828], [114.3424891, 30.5573595], [114.3436846, 30.558653299], [114.343026499, 30.5591041], [114.3428076, 30.5588672], [114.342410199, 30.5591395]]]}, "properties": {"id": 14740, "name": "武汉市中北路中学", "type": "学校", "area_sqm": 22103}}, {"type": "Feature", "geometry": {"type": "Polygon", "coordinates": [[[114.3475292, 30.5588359], [114.34736, 30.5601164], [114.3461011, 30.559929999], [114.3456957, 30.5597244], [114.3453309, 30.5593443], [114.3448489, 30.558840099], [114.344835399, 30.558715899], [114.344916499, 30.5585996], [114.345074099, 30.5585336], [114.3475292, 30.5588359]]]}, "properties": {"id": 14741, "name": "湖北省武昌实验小学（东湖国际校区）", "type": "学校", "area_sqm": 29916}}, {"type": "Feature", "geometry": {"type": "Polygon", "coordinates": [[[114.349777599, 30.5590723], [114.3497005, 30.5596159], [114.3488845, 30.5595301], [114.3489616, 30.5589865], [114.349777599, 30.5590723]]]}, "properties": {"id": 14742, "name": "东湖幼儿园", "type": "幼儿园", "area_sqm": 4792}}, {"type": "Feature", "geometry": {"type": "Polygon", "coordinates": [[[114.356849399, 30.530631899], [114.3568493, 30.5308834], [114.356692899, 30.5308834], [114.356692899, 30.530631899], [114.356849399, 30.530631899]]]}, "properties": {"id": 15162, "name": " ", "type": "运动场", "area_sqm": 419}}, {"type": "Feature", "geometry": {"type": "Polygon", "coordinates": [[[114.3589797, 30.5606908], [114.3571885, 30.560663], [114.3571607, 30.560225599], [114.3571745, 30.559957199], [114.357289299, 30.5599686], [114.3579848, 30.5600377], [114.3579895, 30.5597582], [114.3572119, 30.559488699], [114.3562289, 30.5595189], [114.356273199, 30.559910999], [114.3554887, 30.5601221], [114.355331499, 30.5600947], [114.354864499, 30.558639], [114.3543778, 30.5577781], [114.353976799, 30.5562193], [114.3541699, 30.5531704], [114.354554599, 30.5522643], [114.3584774, 30.552023], [114.3644363, 30.5532777], [114.3639226, 30.5559709], [114.3629326, 30.5588825], [114.3589797, 30.5606908]]]}, "properties": {"id": 15014, "name": "东湖宾馆", "type": "酒店", "area_sqm": 749455}}, {"type": "Feature", "geometry": {"type": "Polygon", "coordinates": [[[114.348282299, 30.558051], [114.348274099, 30.5581518], [114.346749999, 30.5580881], [114.346747899, 30.558005], [114.346813599, 30.5580086], [114.3467602, 30.557962599], [114.3466822, 30.5578706], [114.3466493, 30.5577786], [114.346637, 30.5577026], [114.3466473, 30.5576053], [114.346669899, 30.5575239], [114.3467335, 30.5574266], [114.346809499, 30.5573647], [114.346903999, 30.557313399], [114.3470232, 30.557293999], [114.3481118, 30.557325799], [114.3481631, 30.5573311], [114.348245299, 30.5573665], [114.348315099, 30.557416], [114.348386999, 30.5574921], [114.348440399, 30.5575717], [114.3484651, 30.5576919], [114.348461, 30.557796299], [114.3484487, 30.557867099], [114.348413699, 30.5579484], [114.348341799, 30.558010299], [114.348282299, 30.558051]], [[114.3481385, 30.5580333], [114.348210399, 30.5579926], [114.348278199, 30.5579307], [114.348337699, 30.557856399], [114.348362399, 30.557776799], [114.348366499, 30.557676], [114.348341799, 30.5575841], [114.348286399, 30.5575098], [114.348202199, 30.5574426], [114.3480933, 30.557396599], [114.3470334, 30.5573683], [114.3469472, 30.5573789], [114.346856799, 30.5574372], [114.346770499, 30.5575204], [114.3467294, 30.5576283], [114.3467212, 30.5577415], [114.346780799, 30.5578653], [114.346869099, 30.5579466], [114.346953299, 30.5579803], [114.3470314, 30.5580032], [114.3480604, 30.5580492], [114.3481385, 30.5580333]]]}, "properties": {"id": 15027, "name": " ", "type": "跑道", "area_sqm": 4182}}, {"type": "Feature", "geometry": {"type": "Polygon", "coordinates": [[[114.358553199, 30.5400802], [114.3584268, 30.540306899], [114.3582857, 30.5402485], [114.3584122, 30.5400218], [114.358553199, 30.5400802]]]}, "properties": {"id": 15156, "name": " ", "type": "运动场", "area_sqm": 419}}, {"type": "Feature", "geometry": {"type": "Polygon", "coordinates": [[[114.3584111, 30.5403395], [114.3582846, 30.5405662], [114.358143599, 30.5405078], [114.35827, 30.5402811], [114.3584111, 30.5403395]]]}, "properties": {"id": 15157, "name": " ", "type": "运动场", "area_sqm": 419}}, {"type": "Feature", "geometry": {"type": "Polygon", "coordinates": [[[114.3558471, 30.530531], [114.355847, 30.530665699], [114.355555, 30.5306655], [114.3555551, 30.530530799], [114.3558471, 30.530531]]]}, "properties": {"id": 15158, "name": " ", "type": "运动场", "area_sqm": 419}}, {"type": "Feature", "geometry": {"type": "Polygon", "coordinates": [[[114.3677888, 30.5433721], [114.367718599, 30.5436585], [114.367215, 30.5435595], [114.3672786, 30.5432794], [114.3677888, 30.5433721]]]}, "properties": {"id": 15108, "name": "爱平音乐厅", "type": "剧院", "area_sqm": 1597}}, {"type": "Feature", "geometry": {"type": "Polygon", "coordinates": [[[114.3525388, 30.5317587], [114.3524628, 30.5317606], [114.352458399, 30.5316307], [114.352534399, 30.5316288], [114.3525388, 30.5317587]]]}, "properties": {"id": 15114, "name": " ", "type": "运动场", "area_sqm": 105}}, {"type": "Feature", "geometry": {"type": "Polygon", "coordinates": [[[114.3524592, 30.531761299], [114.352378399, 30.531763399], [114.3523738, 30.5316323], [114.3524546, 30.5316302], [114.3524592, 30.531761299]]]}, "properties": {"id": 15115, "name": " ", "type": "运动场", "area_sqm": 113}}, {"type": "Feature", "geometry": {"type": "Polygon", "coordinates": [[[114.3528508, 30.5424398], [114.3528185, 30.5425452], [114.3527584, 30.5425316], [114.3527907, 30.5424261], [114.3528508, 30.5424398]]]}, "properties": {"id": 15116, "name": " ", "type": "运动场", "area_sqm": 72}}, {"type": "Feature", "geometry": {"type": "Polygon", "coordinates": [[[114.3527465, 30.5424176], [114.3527143, 30.542523], [114.3526541, 30.5425093], [114.3526864, 30.5424039], [114.3527465, 30.5424176]]]}, "properties": {"id": 15117, "name": " ", "type": "运动场", "area_sqm": 72}}, {"type": "Feature", "geometry": {"type": "Polygon", "coordinates": [[[114.352644, 30.5423933], [114.3526117, 30.5424987], [114.3525515, 30.5424851], [114.3525838, 30.542379599], [114.352644, 30.5423933]]]}, "properties": {"id": 15118, "name": " ", "type": "运动场", "area_sqm": 72}}, {"type": "Feature", "geometry": {"type": "Polygon", "coordinates": [[[114.3566255, 30.5305799], [114.3566255, 30.530831499], [114.3564691, 30.5308314], [114.3564691, 30.5305799], [114.3566255, 30.5305799]]]}, "properties": {"id": 15160, "name": " ", "type": "运动场", "area_sqm": 419}}, {"type": "Feature", "geometry": {"type": "Polygon", "coordinates": [[[114.3570098, 30.530631899], [114.3570097, 30.5308834], [114.3568533, 30.5308834], [114.3568533, 30.530631899], [114.3570098, 30.530631899]]]}, "properties": {"id": 15161, "name": " ", "type": "运动场", "area_sqm": 419}}, {"type": "Feature", "geometry": {"type": "Polygon", "coordinates": [[[114.357679199, 30.532684499], [114.3576349, 30.532707599], [114.357574599, 30.5327237], [114.3574941, 30.532711], [114.3574311, 30.5326683], [114.3574177, 30.5326325], [114.3574116, 30.5326059], [114.3574143, 30.5321427], [114.3574197, 30.532109799], [114.357439099, 30.5320757], [114.357464299, 30.5320552], [114.357487399, 30.5320422], [114.3575193, 30.5320298], [114.357605399, 30.5320283], [114.3576436, 30.5320468], [114.3576738, 30.5320676], [114.3577127, 30.5321242], [114.357720799, 30.5321635], [114.3577315, 30.5325886], [114.3577114, 30.5326417], [114.357679199, 30.532684499]], [[114.3576591, 30.5326336], [114.3576805, 30.5325955], [114.357671099, 30.532164099], [114.357655699, 30.5321219], [114.3576302, 30.532099999], [114.357593999, 30.5320844], [114.3575625, 30.5320786], [114.3575303, 30.5320832], [114.3575075, 30.532093], [114.3574727, 30.5321127], [114.357456599, 30.5321392], [114.357452499, 30.5326082], [114.357488799, 30.5326556], [114.3575558, 30.5326764], [114.357633599, 30.5326625], [114.3576591, 30.5326336]]]}, "properties": {"id": 15119, "name": " ", "type": "运动场", "area_sqm": 813}}, {"type": "Feature", "geometry": {"type": "Polygon", "coordinates": [[[114.3581907, 30.5325252], [114.358034299, 30.5325266], [114.358031299, 30.5322766], [114.3581877, 30.5322752], [114.3581907, 30.5325252]]]}, "properties": {"id": 15120, "name": " ", "type": "运动场", "area_sqm": 416}}, {"type": "Feature", "geometry": {"type": "Polygon", "coordinates": [[[114.358031199, 30.5325263], [114.357874799, 30.5325278], [114.357871699, 30.5322778], [114.3580281, 30.5322763], [114.358031199, 30.5325263]]]}, "properties": {"id": 15121, "name": " ", "type": "运动场", "area_sqm": 416}}, {"type": "Feature", "geometry": {"type": "Polygon", "coordinates": [[[114.3576424, 30.532118999], [114.3576391, 30.532369], [114.357482699, 30.5323675], [114.357486, 30.532117499], [114.3576424, 30.532118999]]]}, "properties": {"id": 15122, "name": " ", "type": "运动场", "area_sqm": 416}}, {"type": "Feature", "geometry": {"type": "Polygon", "coordinates": [[[114.357639699, 30.5323835], [114.3576364, 30.5326335], [114.35748, 30.532632], [114.3574833, 30.532382], [114.357639699, 30.5323835]]]}, "properties": {"id": 15123, "name": " ", "type": "运动场", "area_sqm": 416}}, {"type": "Feature", "geometry": {"type": "Polygon", "coordinates": [[[114.360112599, 30.5342156], [114.3600114, 30.5342526], [114.359955, 30.5342237], [114.3599369, 30.534181], [114.3599349, 30.5341538], [114.359948999, 30.5341261], [114.3602052, 30.534023299], [114.360250099, 30.5340452], [114.3602762, 30.534083899], [114.360278899, 30.5341041], [114.3602675, 30.5341411], [114.360112599, 30.5342156]], [[114.360217899, 30.5340758], [114.3601924, 30.5340666], [114.3599892, 30.5341498], [114.3599845, 30.5341659], [114.3599829, 30.5341821], [114.3599919, 30.5341977], [114.360023399, 30.5342017], [114.3602135, 30.5341206], [114.3602313, 30.5340995], [114.360217899, 30.5340758]]]}, "properties": {"id": 15124, "name": " ", "type": "运动场", "area_sqm": 330}}, {"type": "Feature", "geometry": {"type": "Polygon", "coordinates": [[[114.358420699, 30.5437388], [114.358406399, 30.543952], [114.3582922, 30.5439463], [114.3583065, 30.5437331], [114.358420699, 30.5437388]]]}, "properties": {"id": 15125, "name": " ", "type": "运动场", "area_sqm": 260}}, {"type": "Feature", "geometry": {"type": "Polygon", "coordinates": [[[114.358124, 30.5438582], [114.3581176, 30.543956499], [114.357870099, 30.543944699], [114.3578764, 30.5438464], [114.358124, 30.5438582]]]}, "properties": {"id": 15126, "name": " ", "type": "运动场", "area_sqm": 260}}, {"type": "Feature", "geometry": {"type": "Polygon", "coordinates": [[[114.361470899, 30.540622499], [114.3614349, 30.5408721], [114.3612797, 30.540855499], [114.3613156, 30.5406059], [114.361470899, 30.540622499]]]}, "properties": {"id": 15127, "name": " ", "type": "运动场", "area_sqm": 419}}, {"type": "Feature", "geometry": {"type": "Polygon", "coordinates": [[[114.3614221, 30.5409368], [114.3613861, 30.5411864], [114.3612309, 30.5411698], [114.361266799, 30.5409202], [114.3614221, 30.5409368]]]}, "properties": {"id": 15128, "name": " ", "type": "运动场", "area_sqm": 419}}, {"type": "Feature", "geometry": {"type": "Polygon", "coordinates": [[[114.3613618, 30.541240899], [114.3613398, 30.541401499], [114.3612466, 30.5413921], [114.3612686, 30.5412315], [114.3613618, 30.541240899]]]}, "properties": {"id": 15129, "name": " ", "type": "运动场", "area_sqm": 162}}, {"type": "Feature", "geometry": {"type": "Polygon", "coordinates": [[[114.3613326, 30.541454299], [114.3613107, 30.5416149], [114.361217399, 30.5416054], [114.3612394, 30.5414449], [114.3613326, 30.541454299]]]}, "properties": {"id": 15130, "name": " ", "type": "运动场", "area_sqm": 162}}, {"type": "Feature", "geometry": {"type": "Polygon", "coordinates": [[[114.3673657, 30.539693199], [114.3673587, 30.5398134], [114.3672952, 30.539810699], [114.3673021, 30.5396905], [114.3673657, 30.539693199]]]}, "properties": {"id": 15131, "name": " ", "type": "运动场", "area_sqm": 82}}, {"type": "Feature", "geometry": {"type": "Polygon", "coordinates": [[[114.3672745, 30.5396892], [114.367267499, 30.5398094], [114.367203999, 30.5398067], [114.367211, 30.539686499], [114.3672745, 30.5396892]]]}, "properties": {"id": 15132, "name": " ", "type": "运动场", "area_sqm": 81}}, {"type": "Feature", "geometry": {"type": "Polygon", "coordinates": [[[114.3671786, 30.5396851], [114.3671717, 30.5398053], [114.3671081, 30.5398027], [114.367115099, 30.539682399], [114.3671786, 30.5396851]]]}, "properties": {"id": 15133, "name": " ", "type": "运动场", "area_sqm": 82}}, {"type": "Feature", "geometry": {"type": "Polygon", "coordinates": [[[114.367254799, 30.5401569], [114.367250099, 30.5404084], [114.3670937, 30.5404062], [114.367098299, 30.5401548], [114.367254799, 30.5401569]]]}, "properties": {"id": 15134, "name": " ", "type": "运动场", "area_sqm": 419}}, {"type": "Feature", "geometry": {"type": "Polygon", "coordinates": [[[114.367076099, 30.5401546], [114.3670714, 30.5404061], [114.3669149, 30.540403899], [114.366919599, 30.5401524], [114.367076099, 30.5401546]]]}, "properties": {"id": 15135, "name": " ", "type": "运动场", "area_sqm": 419}}, {"type": "Feature", "geometry": {"type": "Polygon", "coordinates": [[[114.3525475, 30.5423618], [114.352471799, 30.5426047], [114.3523207, 30.5425698], [114.3523964, 30.5423268], [114.3525475, 30.5423618]]]}, "properties": {"id": 15136, "name": " ", "type": "运动场", "area_sqm": 419}}, {"type": "Feature", "geometry": {"type": "Polygon", "coordinates": [[[114.3510707, 30.5303131], [114.3510706, 30.530564599], [114.3509142, 30.530564599], [114.3509142, 30.5303131], [114.3510707, 30.5303131]]]}, "properties": {"id": 15137, "name": " ", "type": "运动场", "area_sqm": 419}}, {"type": "Feature", "geometry": {"type": "Polygon", "coordinates": [[[114.3509057, 30.5303119], [114.3509057, 30.5305635], [114.3507492, 30.5305634], [114.3507493, 30.5303119], [114.3509057, 30.5303119]]]}, "properties": {"id": 15138, "name": " ", "type": "运动场", "area_sqm": 419}}, {"type": "Feature", "geometry": {"type": "Polygon", "coordinates": [[[114.360682, 30.5330125], [114.3605305, 30.533046], [114.3604579, 30.5328024], [114.360609399, 30.5327688], [114.360682, 30.5330125]]]}, "properties": {"id": 15139, "name": " ", "type": "运动场", "area_sqm": 419}}, {"type": "Feature", "geometry": {"type": "Polygon", "coordinates": [[[114.360521699, 30.5330477], [114.360370199, 30.533081199], [114.3602976, 30.5328376], [114.3604491, 30.532804099], [114.360521699, 30.5330477]]]}, "properties": {"id": 15140, "name": " ", "type": "运动场", "area_sqm": 419}}, {"type": "Feature", "geometry": {"type": "Polygon", "coordinates": [[[114.3603601, 30.533084699], [114.360208599, 30.5331182], [114.360136, 30.5328746], [114.3602875, 30.532840999], [114.3603601, 30.533084699]]]}, "properties": {"id": 15141, "name": " ", "type": "运动场", "area_sqm": 419}}, {"type": "Feature", "geometry": {"type": "Polygon", "coordinates": [[[114.3619519, 30.5440563], [114.3619268, 30.5443068], [114.361771, 30.5442953], [114.361796, 30.5440447], [114.3619519, 30.5440563]]]}, "properties": {"id": 15142, "name": " ", "type": "运动场", "area_sqm": 419}}, {"type": "Feature", "geometry": {"type": "Polygon", "coordinates": [[[114.3617728, 30.544043], [114.3617478, 30.5442935], [114.3615919, 30.544282], [114.361617, 30.544031399], [114.3617728, 30.544043]]]}, "properties": {"id": 15143, "name": " ", "type": "运动场", "area_sqm": 419}}, {"type": "Feature", "geometry": {"type": "Polygon", "coordinates": [[[114.3615878, 30.5440297], [114.3615627, 30.544280299], [114.3614069, 30.5442687], [114.361431899, 30.544018099], [114.3615878, 30.5440297]]]}, "properties": {"id": 15144, "name": " ", "type": "运动场", "area_sqm": 419}}, {"type": "Feature", "geometry": {"type": "Polygon", "coordinates": [[[114.3614067, 30.5440111], [114.361381699, 30.5442616], [114.3612258, 30.5442501], [114.361250799, 30.5439995], [114.3614067, 30.5440111]]]}, "properties": {"id": 15145, "name": " ", "type": "运动场", "area_sqm": 419}}, {"type": "Feature", "geometry": {"type": "Polygon", "coordinates": [[[114.3617427, 30.5443283], [114.3617176, 30.5445788], [114.361561799, 30.5445673], [114.3615868, 30.544316699], [114.3617427, 30.5443283]]]}, "properties": {"id": 15146, "name": " ", "type": "运动场", "area_sqm": 419}}, {"type": "Feature", "geometry": {"type": "Polygon", "coordinates": [[[114.361918999, 30.5443381], [114.361894, 30.5445886], [114.3617381, 30.5445771], [114.3617631, 30.544326499], [114.361918999, 30.5443381]]]}, "properties": {"id": 15147, "name": " ", "type": "运动场", "area_sqm": 419}}, {"type": "Feature", "geometry": {"type": "Polygon", "coordinates": [[[114.3615576, 30.5443138], [114.361532599, 30.5445644], [114.3613767, 30.544552799], [114.361401699, 30.5443023], [114.3615576, 30.5443138]]]}, "properties": {"id": 15148, "name": " ", "type": "运动场", "area_sqm": 419}}, {"type": "Feature", "geometry": {"type": "Polygon", "coordinates": [[[114.3613785, 30.544297699], [114.361353499, 30.544548199], [114.3611977, 30.5445367], [114.3612227, 30.5442861], [114.3613785, 30.544297699]]]}, "properties": {"id": 15149, "name": " ", "type": "运动场", "area_sqm": 419}}, {"type": "Feature", "geometry": {"type": "Polygon", "coordinates": [[[114.3618935, 30.5446228], [114.3618685, 30.5448734], [114.361712599, 30.5448618], [114.3617377, 30.5446112], [114.3618935, 30.5446228]]]}, "properties": {"id": 15150, "name": " ", "type": "运动场", "area_sqm": 419}}, {"type": "Feature", "geometry": {"type": "Polygon", "coordinates": [[[114.361715199, 30.5446089], [114.361690099, 30.5448595], [114.3615343, 30.544847899], [114.361559299, 30.544597399], [114.361715199, 30.5446089]]]}, "properties": {"id": 15151, "name": " ", "type": "运动场", "area_sqm": 419}}, {"type": "Feature", "geometry": {"type": "Polygon", "coordinates": [[[114.3615287, 30.544598499], [114.3615037, 30.5448491], [114.3613479, 30.5448375], [114.361372899, 30.544587], [114.3615287, 30.544598499]]]}, "properties": {"id": 15152, "name": " ", "type": "运动场", "area_sqm": 419}}, {"type": "Feature", "geometry": {"type": "Polygon", "coordinates": [[[114.361350399, 30.5445858], [114.3613254, 30.5448364], [114.3611695, 30.544824799], [114.3611945, 30.544574299], [114.361350399, 30.5445858]]]}, "properties": {"id": 15153, "name": " ", "type": "运动场", "area_sqm": 419}}, {"type": "Feature", "geometry": {"type": "Polygon", "coordinates": [[[114.3583896, 30.5400114], [114.3582631, 30.5402381], [114.358122099, 30.5401798], [114.3582486, 30.5399531], [114.3583896, 30.5400114]]]}, "properties": {"id": 15154, "name": " ", "type": "运动场", "area_sqm": 419}}, {"type": "Feature", "geometry": {"type": "Polygon", "coordinates": [[[114.358244799, 30.5402707], [114.3581183, 30.5404974], [114.3579773, 30.5404391], [114.3581038, 30.5402124], [114.358244799, 30.5402707]]]}, "properties": {"id": 15155, "name": " ", "type": "运动场", "area_sqm": 419}}, {"type": "Feature", "geometry": {"type": "Polygon", "coordinates": [[[114.356619499, 30.5300497], [114.356619499, 30.5303012], [114.356462999, 30.5303012], [114.356463099, 30.5300497], [114.356619499, 30.5300497]]]}, "properties": {"id": 15164, "name": " ", "type": "运动场", "area_sqm": 419}}, {"type": "Feature", "geometry": {"type": "Polygon", "coordinates": [[[114.3527256, 30.5314459], [114.3525691, 30.5314484], [114.3525638, 30.531196899], [114.3527202, 30.5311944], [114.3527256, 30.5314459]]]}, "properties": {"id": 15165, "name": " ", "type": "运动场", "area_sqm": 419}}, {"type": "Feature", "geometry": {"type": "Polygon", "coordinates": [[[114.352540499, 30.5314494], [114.3523841, 30.5314518], [114.3523787, 30.5312003], [114.3525351, 30.531197899], [114.352540499, 30.5314494]]]}, "properties": {"id": 15166, "name": " ", "type": "运动场", "area_sqm": 419}}, {"type": "Feature", "geometry": {"type": "Polygon", "coordinates": [[[114.358922599, 30.5456375], [114.3589084, 30.545757199], [114.358845099, 30.5457517], [114.3588593, 30.545631999], [114.358922599, 30.5456375]]]}, "properties": {"id": 15167, "name": " ", "type": "运动场", "area_sqm": 81}}, {"type": "Feature", "geometry": {"type": "Polygon", "coordinates": [[[114.359341399, 30.5456743], [114.3593272, 30.545794], [114.359263899, 30.545788499], [114.3592781, 30.5456688], [114.359341399, 30.5456743]]]}, "properties": {"id": 15168, "name": " ", "type": "运动场", "area_sqm": 81}}, {"type": "Feature", "geometry": {"type": "Polygon", "coordinates": [[[114.359251499, 30.5456664], [114.3592373, 30.5457861], [114.359173999, 30.5457806], [114.3591882, 30.5456608], [114.359251499, 30.5456664]]]}, "properties": {"id": 15169, "name": " ", "type": "运动场", "area_sqm": 82}}, {"type": "Feature", "geometry": {"type": "Polygon", "coordinates": [[[114.359168, 30.5456594], [114.3591538, 30.545779199], [114.359090499, 30.545773599], [114.3591047, 30.5456539], [114.359168, 30.5456594]]]}, "properties": {"id": 15170, "name": " ", "type": "运动场", "area_sqm": 82}}, {"type": "Feature", "geometry": {"type": "Polygon", "coordinates": [[[114.359089899, 30.5456531], [114.3590757, 30.5457728], [114.359012399, 30.5457673], [114.3590266, 30.5456476], [114.359089899, 30.5456531]]]}, "properties": {"id": 15171, "name": " ", "type": "运动场", "area_sqm": 81}}, {"type": "Feature", "geometry": {"type": "Polygon", "coordinates": [[[114.359006699, 30.5456444], [114.3589925, 30.5457641], [114.3589292, 30.5457586], [114.3589434, 30.5456389], [114.359006699, 30.5456444]]]}, "properties": {"id": 15172, "name": " ", "type": "运动场", "area_sqm": 81}}, {"type": "Feature", "geometry": {"type": "Polygon", "coordinates": [[[114.3588264, 30.5456285], [114.3588122, 30.5457483], [114.3587489, 30.5457427], [114.358763099, 30.545623], [114.3588264, 30.5456285]]]}, "properties": {"id": 15173, "name": " ", "type": "运动场", "area_sqm": 82}}, {"type": "Feature", "geometry": {"type": "Polygon", "coordinates": [[[114.361817399, 30.5449354], [114.3618018, 30.5450965], [114.3617083, 30.5450898], [114.361723899, 30.5449286], [114.361817399, 30.5449354]]]}, "properties": {"id": 15174, "name": " ", "type": "运动场", "area_sqm": 162}}, {"type": "Feature", "geometry": {"type": "Polygon", "coordinates": [[[114.3616894, 30.5449273], [114.361673699, 30.5450884], [114.361580199, 30.5450817], [114.3615958, 30.5449206], [114.3616894, 30.5449273]]]}, "properties": {"id": 15175, "name": " ", "type": "运动场", "area_sqm": 162}}, {"type": "Feature", "geometry": {"type": "Polygon", "coordinates": [[[114.361561299, 30.5449221], [114.3615456, 30.5450832], [114.3614521, 30.5450765], [114.3614677, 30.5449154], [114.361561299, 30.5449221]]]}, "properties": {"id": 15176, "name": " ", "type": "运动场", "area_sqm": 162}}, {"type": "Feature", "geometry": {"type": "Polygon", "coordinates": [[[114.3614211, 30.5449129], [114.3614055, 30.545074], [114.361312, 30.5450672], [114.3613276, 30.5449061], [114.3614211, 30.5449129]]]}, "properties": {"id": 15177, "name": " ", "type": "运动场", "area_sqm": 161}}, {"type": "Feature", "geometry": {"type": "Polygon", "coordinates": [[[114.3612864, 30.5448932], [114.3612707, 30.5450543], [114.3611772, 30.5450476], [114.361192799, 30.5448865], [114.3612864, 30.5448932]]]}, "properties": {"id": 15178, "name": " ", "type": "运动场", "area_sqm": 162}}, {"type": "Feature", "geometry": {"type": "Polygon", "coordinates": [[[114.3587509, 30.540561], [114.3586687, 30.5407063], [114.3585843, 30.5406709], [114.358666499, 30.5405256], [114.3587509, 30.540561]]]}, "properties": {"id": 15179, "name": " ", "type": "运动场", "area_sqm": 162}}, {"type": "Feature", "geometry": {"type": "Polygon", "coordinates": [[[114.358598299, 30.5402852], [114.3585161, 30.540430599], [114.3584317, 30.540395199], [114.358514, 30.5402498], [114.358598299, 30.5402852]]]}, "properties": {"id": 15180, "name": " ", "type": "运动场", "area_sqm": 162}}, {"type": "Feature", "geometry": {"type": "Polygon", "coordinates": [[[114.358493099, 30.5404712], [114.3584108, 30.5406165], [114.358326399, 30.5405811], [114.3584087, 30.5404358], [114.358493099, 30.5404712]]]}, "properties": {"id": 15181, "name": " ", "type": "运动场", "area_sqm": 162}}, {"type": "Feature", "geometry": {"type": "Polygon", "coordinates": [[[114.3557109, 30.5403107], [114.355681999, 30.5404705], [114.3555893, 30.540458], [114.3556181, 30.5402983], [114.3557109, 30.5403107]]]}, "properties": {"id": 15182, "name": " ", "type": "运动场", "area_sqm": 162}}, {"type": "Feature", "geometry": {"type": "Polygon", "coordinates": [[[114.355669, 30.5405203], [114.3556401, 30.5406801], [114.3555474, 30.540667699], [114.3555762, 30.5405079], [114.355669, 30.5405203]]]}, "properties": {"id": 15183, "name": " ", "type": "运动场", "area_sqm": 162}}, {"type": "Feature", "geometry": {"type": "Polygon", "coordinates": [[[114.3557458, 30.5400973], [114.355716899, 30.540257099], [114.3556242, 30.5402446], [114.355653, 30.5400849], [114.3557458, 30.5400973]]]}, "properties": {"id": 15184, "name": " ", "type": "运动场", "area_sqm": 162}}, {"type": "Feature", "geometry": {"type": "Polygon", "coordinates": [[[114.3558302, 30.5396835], [114.3558014, 30.5398433], [114.355708699, 30.5398308], [114.355737499, 30.539671099], [114.3558302, 30.5396835]]]}, "properties": {"id": 15185, "name": " ", "type": "运动场", "area_sqm": 161}}, {"type": "Feature", "geometry": {"type": "Polygon", "coordinates": [[[114.355784699, 30.5398937], [114.3557558, 30.5400535], [114.355663099, 30.540041099], [114.3556919, 30.5398813], [114.355784699, 30.5398937]]]}, "properties": {"id": 15186, "name": " ", "type": "运动场", "area_sqm": 162}}, {"type": "Feature", "geometry": {"type": "Polygon", "coordinates": [[[114.3556311, 30.5407225], [114.3556023, 30.540882199], [114.3555095, 30.5408698], [114.355538299, 30.5407101], [114.3556311, 30.5407225]]]}, "properties": {"id": 15187, "name": " ", "type": "运动场", "area_sqm": 162}}, {"type": "Feature", "geometry": {"type": "Polygon", "coordinates": [[[114.352817599, 30.5317392], [114.3527238, 30.531741], [114.3527198, 30.5315793], [114.3528137, 30.531577599], [114.352817599, 30.5317392]]]}, "properties": {"id": 15188, "name": " ", "type": "运动场", "area_sqm": 162}}, {"type": "Feature", "geometry": {"type": "Polygon", "coordinates": [[[114.356865299, 30.5304883], [114.356677499, 30.530488699], [114.3566773, 30.5304079], [114.356865, 30.5304074], [114.356865299, 30.5304883]]]}, "properties": {"id": 15189, "name": " ", "type": "运动场", "area_sqm": 162}}, {"type": "Feature", "geometry": {"type": "Polygon", "coordinates": [[[114.3566279, 30.530487699], [114.3564402, 30.530488199], [114.356439899, 30.5304073], [114.3566276, 30.5304068], [114.3566279, 30.530487699]]]}, "properties": {"id": 15190, "name": " ", "type": "运动场", "area_sqm": 162}}, {"type": "Feature", "geometry": {"type": "Polygon", "coordinates": [[[114.3615806, 30.543735799], [114.361554599, 30.5439481], [114.3614408, 30.5439377], [114.361466899, 30.5437254], [114.3615806, 30.543735799]]]}, "properties": {"id": 15193, "name": " ", "type": "运动场", "area_sqm": 260}}, {"type": "Feature", "geometry": {"type": "Polygon", "coordinates": [[[114.361384799, 30.5437173], [114.3613588, 30.5439296], [114.361245, 30.5439193], [114.3612711, 30.5437069], [114.361384799, 30.5437173]]]}, "properties": {"id": 15194, "name": " ", "type": "运动场", "area_sqm": 260}}, {"type": "Feature", "geometry": {"type": "Polygon", "coordinates": [[[114.361194399, 30.5437011], [114.3611683, 30.5439135], [114.3610546, 30.543903099], [114.3610806, 30.5436908], [114.361194399, 30.5437011]]]}, "properties": {"id": 15195, "name": " ", "type": "运动场", "area_sqm": 260}}, {"type": "Feature", "geometry": {"type": "Polygon", "coordinates": [[[114.354471999, 30.5393657], [114.354439099, 30.5395773], [114.354325699, 30.5395642], [114.354358599, 30.5393526], [114.354471999, 30.5393657]]]}, "properties": {"id": 15196, "name": " ", "type": "运动场", "area_sqm": 260}}, {"type": "Feature", "geometry": {"type": "Polygon", "coordinates": [[[114.354421, 30.5396862], [114.3543881, 30.5398978], [114.3542747, 30.5398847], [114.3543076, 30.5396731], [114.354421, 30.5396862]]]}, "properties": {"id": 15197, "name": " ", "type": "运动场", "area_sqm": 260}}, {"type": "Feature", "geometry": {"type": "Polygon", "coordinates": [[[114.354248, 30.5396261], [114.3542151, 30.5398378], [114.3541017, 30.5398247], [114.3541346, 30.539613099], [114.354248, 30.5396261]]]}, "properties": {"id": 15198, "name": " ", "type": "运动场", "area_sqm": 260}}, {"type": "Feature", "geometry": {"type": "Polygon", "coordinates": [[[114.3572909, 30.530454299], [114.357290799, 30.5305529], [114.357042899, 30.5305527], [114.357042999, 30.5304542], [114.3572909, 30.530454299]]]}, "properties": {"id": 15199, "name": " ", "type": "运动场", "area_sqm": 260}}, {"type": "Feature", "geometry": {"type": "Polygon", "coordinates": [[[114.357317999, 30.530375799], [114.357203599, 30.530378], [114.3571982, 30.5301645], [114.3573125, 30.5301624], [114.357317999, 30.530375799]]]}, "properties": {"id": 15200, "name": " ", "type": "运动场", "area_sqm": 260}}, {"type": "Feature", "geometry": {"type": "Polygon", "coordinates": [[[114.3571289, 30.5303782], [114.3570145, 30.5303803], [114.357009099, 30.5301668], [114.3571234, 30.5301647], [114.3571289, 30.5303782]]]}, "properties": {"id": 15201, "name": " ", "type": "运动场", "area_sqm": 260}}, {"type": "Feature", "geometry": {"type": "Polygon", "coordinates": [[[114.352461999, 30.540962699], [114.352442499, 30.5410819], [114.3523795, 30.5410743], [114.352399, 30.5409551], [114.352461999, 30.540962699]]]}, "properties": {"id": 15202, "name": " ", "type": "运动场", "area_sqm": 82}}, {"type": "Feature", "geometry": {"type": "Polygon", "coordinates": [[[114.3523741, 30.5409529], [114.3523546, 30.5410721], [114.352291599, 30.5410645], [114.352311099, 30.540945299], [114.3523741, 30.5409529]]]}, "properties": {"id": 15203, "name": " ", "type": "运动场", "area_sqm": 82}}, {"type": "Feature", "geometry": {"type": "Polygon", "coordinates": [[[114.3522816, 30.5409413], [114.3522621, 30.5410605], [114.3521991, 30.5410529], [114.3522186, 30.5409337], [114.3522816, 30.5409413]]]}, "properties": {"id": 15204, "name": " ", "type": "运动场", "area_sqm": 82}}, {"type": "Feature", "geometry": {"type": "Polygon", "coordinates": [[[114.352692899, 30.5315949], [114.352629299, 30.5315959], [114.352627, 30.531475499], [114.3526906, 30.5314746], [114.352692899, 30.5315949]]]}, "properties": {"id": 15205, "name": " ", "type": "运动场", "area_sqm": 82}}, {"type": "Feature", "geometry": {"type": "Polygon", "coordinates": [[[114.3526096, 30.5315962], [114.3525459, 30.5315972], [114.3525437, 30.5314768], [114.3526073, 30.5314759], [114.3526096, 30.5315962]]]}, "properties": {"id": 15206, "name": " ", "type": "运动场", "area_sqm": 82}}, {"type": "Feature", "geometry": {"type": "Polygon", "coordinates": [[[114.3525304, 30.5315965], [114.3524668, 30.5315975], [114.352464599, 30.5314771], [114.352528199, 30.5314762], [114.3525304, 30.5315965]]]}, "properties": {"id": 15207, "name": " ", "type": "运动场", "area_sqm": 82}}, {"type": "Feature", "geometry": {"type": "Polygon", "coordinates": [[[114.352453699, 30.531597099], [114.35239, 30.531598099], [114.3523878, 30.5314777], [114.3524514, 30.5314768], [114.352453699, 30.531597099]]]}, "properties": {"id": 15208, "name": " ", "type": "运动场", "area_sqm": 82}}, {"type": "Feature", "geometry": {"type": "Polygon", "coordinates": [[[114.356546199, 30.5346281], [114.3564166, 30.5346729], [114.356392799, 30.5346221], [114.3565225, 30.5345773], [114.356546199, 30.5346281]]]}, "properties": {"id": 15209, "name": " ", "type": "运动场", "area_sqm": 81}}, {"type": "Feature", "geometry": {"type": "Polygon", "coordinates": [[[114.3564817, 30.5345592], [114.3563365, 30.5346092], [114.356227999, 30.5343757], [114.356373199, 30.534325599], [114.3564817, 30.5345592]]]}, "properties": {"id": 15210, "name": " ", "type": "运动场", "area_sqm": 419}}, {"type": "Feature", "geometry": {"type": "Polygon", "coordinates": [[[114.3608035, 30.5404975], [114.3605584, 30.540462], [114.360548799, 30.540470099], [114.360535999, 30.5404669], [114.3605327, 30.5404558], [114.3605423, 30.5404477], [114.3605517, 30.5404487], [114.360557999, 30.5404525], [114.3607732, 30.5403474], [114.3607964, 30.540393], [114.360806, 30.5404422], [114.3608035, 30.5404975]]]}, "properties": {"id": 15211, "name": " ", "type": "运动场", "area_sqm": 220}}, {"type": "Feature", "geometry": {"type": "Polygon", "coordinates": [[[114.3611139, 30.540526599], [114.3611094, 30.5405374], [114.3610962, 30.5405395], [114.361089, 30.540534199], [114.3610862, 30.5405279], [114.3608427, 30.5405067], [114.3608498, 30.5404628], [114.360873699, 30.540417299], [114.360931099, 30.5403655], [114.3610935, 30.5405185], [114.3611052, 30.540517799], [114.3611139, 30.540526599]]]}, "properties": {"id": 15212, "name": " ", "type": "运动场", "area_sqm": 234}}, {"type": "Feature", "geometry": {"type": "Polygon", "coordinates": [[[114.362851, 30.545317899], [114.3628465, 30.545328699], [114.3628333, 30.5453308], [114.3628261, 30.5453255], [114.3628233, 30.5453192], [114.362579899, 30.545298], [114.3625869, 30.5452541], [114.3626108, 30.545208599], [114.3626421, 30.5451684], [114.3628292, 30.5453111], [114.3628423, 30.5453091], [114.362851, 30.545317899]]]}, "properties": {"id": 15213, "name": " ", "type": "运动场", "area_sqm": 204}}, {"type": "Feature", "geometry": {"type": "Polygon", "coordinates": [[[114.362534699, 30.545286599], [114.3622877, 30.5452634], [114.362278, 30.5452713], [114.3622651, 30.545268], [114.3622621, 30.5452567], [114.3622718, 30.5452488], [114.362281199, 30.5452499], [114.3622875, 30.5452539], [114.3625052, 30.5451575], [114.3625269, 30.5451977], [114.362535699, 30.545247], [114.362534699, 30.545286599]]]}, "properties": {"id": 15214, "name": " ", "type": "运动场", "area_sqm": 192}}, {"type": "Feature", "geometry": {"type": "Polygon", "coordinates": [[[114.3547752, 30.5392938], [114.3547325, 30.5395426], [114.354577699, 30.5395229], [114.3546204, 30.5392741], [114.3547752, 30.5392938]]]}, "properties": {"id": 15215, "name": " ", "type": "运动场", "area_sqm": 419}}, {"type": "Feature", "geometry": {"type": "Polygon", "coordinates": [[[114.3547269, 30.539580299], [114.3546842, 30.5398291], [114.3545294, 30.5398093], [114.3545722, 30.5395605], [114.3547269, 30.539580299]]]}, "properties": {"id": 15216, "name": " ", "type": "运动场", "area_sqm": 419}}, {"type": "Feature", "geometry": {"type": "Polygon", "coordinates": [[[114.3546813, 30.5398632], [114.3546386, 30.540112], [114.354483799, 30.5400923], [114.3545266, 30.539843499], [114.3546813, 30.5398632]]]}, "properties": {"id": 15217, "name": " ", "type": "运动场", "area_sqm": 419}}, {"type": "Feature", "geometry": {"type": "Polygon", "coordinates": [[[114.3546236, 30.5401647], [114.3545809, 30.5404135], [114.3544262, 30.5403938], [114.354468899, 30.540145], [114.3546236, 30.5401647]]]}, "properties": {"id": 15218, "name": " ", "type": "运动场", "area_sqm": 419}}, {"type": "Feature", "geometry": {"type": "Polygon", "coordinates": [[[114.354569999, 30.5404627], [114.3545273, 30.5407115], [114.354372499, 30.540691799], [114.3544152, 30.540443], [114.354569999, 30.5404627]]]}, "properties": {"id": 15219, "name": " ", "type": "运动场", "area_sqm": 419}}, {"type": "Feature", "geometry": {"type": "Polygon", "coordinates": [[[114.3545164, 30.5407515], [114.354473599, 30.5410003], [114.3543189, 30.5409806], [114.3543616, 30.540731799], [114.3545164, 30.5407515]]]}, "properties": {"id": 15220, "name": " ", "type": "运动场", "area_sqm": 419}}, {"type": "Feature", "geometry": {"type": "Polygon", "coordinates": [[[114.3483082, 30.5576068], [114.348302399, 30.5578582], [114.348146, 30.5578555], [114.3481517, 30.5576041], [114.3483082, 30.5576068]]]}, "properties": {"id": 15221, "name": " ", "type": "运动场", "area_sqm": 419}}, {"type": "Feature", "geometry": {"type": "Polygon", "coordinates": [[[114.346959, 30.5575473], [114.346953299, 30.5577987], [114.3467969, 30.5577961], [114.3468026, 30.5575447], [114.346959, 30.5575473]]]}, "properties": {"id": 15222, "name": " ", "type": "运动场", "area_sqm": 419}}, {"type": "Feature", "geometry": {"type": "Polygon", "coordinates": [[[114.3509223, 30.5548822], [114.3509105, 30.5551335], [114.350754199, 30.555128], [114.3507659, 30.5548768], [114.3509223, 30.5548822]]]}, "properties": {"id": 15223, "name": " ", "type": "运动场", "area_sqm": 419}}, {"type": "Feature", "geometry": {"type": "Polygon", "coordinates": [[[114.3507385, 30.5548776], [114.3507267, 30.5551288], [114.3505704, 30.5551234], [114.3505822, 30.5548721], [114.3507385, 30.5548776]]]}, "properties": {"id": 15224, "name": " ", "type": "运动场", "area_sqm": 419}}, {"type": "Feature", "geometry": {"type": "Polygon", "coordinates": [[[114.3499325, 30.5548187], [114.3499325, 30.5550322], [114.3498181, 30.5550321], [114.3498181, 30.5548187], [114.3499325, 30.5548187]]]}, "properties": {"id": 15225, "name": " ", "type": "运动场", "area_sqm": 260}}, {"type": "Feature", "geometry": {"type": "Polygon", "coordinates": [[[114.349716599, 30.5548141], [114.349716599, 30.5550275], [114.349602199, 30.5550275], [114.349602199, 30.5548141], [114.349716599, 30.5548141]]]}, "properties": {"id": 15226, "name": " ", "type": "运动场", "area_sqm": 260}}, {"type": "Feature", "geometry": {"type": "Polygon", "coordinates": [[[114.3653907, 30.5417981], [114.3653773, 30.5419178], [114.3653139, 30.5419127], [114.365327399, 30.5417928], [114.3653907, 30.5417981]]]}, "properties": {"id": 15264, "name": " ", "type": "运动场", "area_sqm": 82}}, {"type": "Feature", "geometry": {"type": "Polygon", "coordinates": [[[114.361170799, 30.5330469], [114.3612096, 30.53341], [114.3612089, 30.5334793], [114.360235299, 30.5336226], [114.359785799, 30.5326577], [114.359940199, 30.5326083], [114.360009999, 30.5328232], [114.3607047, 30.532652199], [114.3607234, 30.5326938], [114.360827999, 30.5327747], [114.3609622, 30.5328024], [114.3611583, 30.5327962], [114.361170799, 30.5330469]]]}, "properties": {"id": 15227, "name": "武汉大学附属中学 (初中部)", "type": "学校", "area_sqm": 10138}}, {"type": "Feature", "geometry": {"type": "Polygon", "coordinates": [[[114.350829, 30.534161], [114.350771, 30.5342314], [114.350529399, 30.5340942], [114.3504775, 30.5340476], [114.3507893, 30.5337865], [114.350870099, 30.5336822], [114.3505755, 30.5334483], [114.351037999, 30.5330166], [114.3510917, 30.533051899], [114.351638899, 30.5334954], [114.351011299, 30.5340892], [114.350946, 30.5340555], [114.350829, 30.534161]]]}, "properties": {"id": 15229, "name": "街道口小学", "type": "学校", "area_sqm": 7080}}, {"type": "Feature", "geometry": {"type": "Polygon", "coordinates": [[[114.3532406, 30.542297], [114.353189, 30.5425014], [114.3531454, 30.542674], [114.353099799, 30.5427994], [114.3532232, 30.5428294], [114.3531803, 30.5431101], [114.3525166, 30.543077], [114.3522549, 30.5430639], [114.352085399, 30.5429416], [114.3520846, 30.5428571], [114.352232099, 30.5425112], [114.3522837, 30.542361599], [114.352335299, 30.542212], [114.352374199, 30.542117899], [114.3532406, 30.542297]]]}, "properties": {"id": 15230, "name": "武汉大学第二附属小学", "type": "学校", "area_sqm": 9296}}, {"type": "Feature", "geometry": {"type": "Polygon", "coordinates": [[[114.3512255, 30.5320299], [114.351017499, 30.532300599], [114.351020999, 30.5324121], [114.3507592, 30.5326167], [114.350425699, 30.5328855], [114.350378999, 30.5328396], [114.3496636, 30.531987], [114.349511899, 30.5317425], [114.349395299, 30.5314552], [114.350525799, 30.5316518], [114.3505419, 30.531487799], [114.350598199, 30.531333], [114.3506143, 30.5306838], [114.3506458, 30.5306854], [114.3510781, 30.5306932], [114.3514226, 30.530703199], [114.3517444, 30.5307296], [114.3517428, 30.5310998], [114.3518125, 30.5311], [114.3517408, 30.5313353], [114.3514994, 30.5313399], [114.351481899, 30.531438599], [114.351258, 30.5316449], [114.3512255, 30.5320299]]]}, "properties": {"id": 15231, "name": "湖北经济学院洪山校区", "type": "学院", "area_sqm": 26021}}, {"type": "Feature", "geometry": {"type": "Polygon", "coordinates": [[[114.3580546, 30.530935699], [114.3585509, 30.5309426], [114.3585482, 30.5317212], [114.3582907, 30.531936], [114.3582746, 30.532643], [114.3583121, 30.5327377], [114.357994299, 30.5328439], [114.3579513, 30.5328581], [114.3578898, 30.5328784], [114.357495499, 30.533014], [114.3573896, 30.5327821], [114.357380599, 30.5327187], [114.3573838, 30.5321706], [114.3573922, 30.5319798], [114.3574948, 30.5319042], [114.357554499, 30.53186], [114.3575681, 30.5318344], [114.357583299, 30.531805499], [114.357609399, 30.5310187], [114.3576118, 30.5309864], [114.3576148, 30.530944899], [114.357552499, 30.5302604], [114.3575457, 30.5302304], [114.357541699, 30.5302124], [114.3575199, 30.5301638], [114.358049299, 30.5301617], [114.3580546, 30.530935699]]]}, "properties": {"id": 15254, "name": "武汉大学附属中学", "type": "学校", "area_sqm": 22859}}, {"type": "Feature", "geometry": {"type": "Polygon", "coordinates": [[[114.358189799, 30.532261], [114.358033399, 30.532262199], [114.358032299, 30.532136399], [114.3581887, 30.5321353], [114.358189799, 30.532261]]]}, "properties": {"id": 15255, "name": " ", "type": "运动场", "area_sqm": 209}}, {"type": "Feature", "geometry": {"type": "Polygon", "coordinates": [[[114.358029699, 30.5322623], [114.3578733, 30.532263199], [114.3578723, 30.532137499], [114.3580288, 30.5321365], [114.358029699, 30.5322623]]]}, "properties": {"id": 15256, "name": " ", "type": "运动场", "area_sqm": 209}}, {"type": "Feature", "geometry": {"type": "Polygon", "coordinates": [[[114.3653183, 30.5417928], [114.3653049, 30.541912599], [114.3652414, 30.5419074], [114.365254899, 30.5417876], [114.3653183, 30.5417928]]]}, "properties": {"id": 15265, "name": " ", "type": "运动场", "area_sqm": 82}}, {"type": "Feature", "geometry": {"type": "Polygon", "coordinates": [[[114.366761099, 30.5373483], [114.366787299, 30.5373743], [114.3667927, 30.5374049], [114.3667571, 30.5374326], [114.366715499, 30.5374309], [114.3666907, 30.5373985], [114.3666948, 30.5373662], [114.3667263, 30.5373436], [114.366761099, 30.5373483]]]}, "properties": {"id": 15259, "name": "珞珈山水塔", "type": "水塔", "area_sqm": 72}}, {"type": "Feature", "geometry": {"type": "Polygon", "coordinates": [[[114.3519178, 30.5350051], [114.3518491, 30.5350037], [114.3516572, 30.5348655], [114.3518669, 30.534625], [114.351011299, 30.5340892], [114.351638899, 30.5334954], [114.3510917, 30.533051899], [114.3514431, 30.5327007], [114.3518106, 30.5326776], [114.3518213, 30.532448899], [114.351590599, 30.5324535], [114.3515879, 30.5322895], [114.3512255, 30.5320299], [114.351258, 30.5316449], [114.351481899, 30.531438599], [114.3514994, 30.5313399], [114.3517408, 30.5313353], [114.3518125, 30.5311], [114.3517428, 30.5310998], [114.3517444, 30.5307296], [114.3514226, 30.530703199], [114.3510781, 30.5306932], [114.3506458, 30.5306854], [114.3506143, 30.5306838], [114.350598199, 30.531333], [114.3505419, 30.531487799], [114.350525799, 30.5316518], [114.349395299, 30.5314552], [114.3492544, 30.5314323], [114.3489835, 30.530729899], [114.3490559, 30.530706799], [114.3490103, 30.530582099], [114.3490934, 30.5305382], [114.3488896, 30.5300923], [114.3491149, 30.5300276], [114.349037099, 30.5298543], [114.349157799, 30.529822], [114.3490237, 30.529468499], [114.3492249, 30.5294015], [114.349172199, 30.5292281], [114.3492986, 30.5291407], [114.3495449, 30.5289007], [114.3496354, 30.5289017], [114.3496322, 30.529150399], [114.3519123, 30.529256], [114.3519392, 30.5283988], [114.3519407, 30.5283481], [114.351991999, 30.52834], [114.3520739, 30.5283331], [114.3538492, 30.528321599], [114.353851599, 30.5277265], [114.353998, 30.527728399], [114.354014299, 30.5276334], [114.3544178, 30.5275287], [114.3544445, 30.5276049], [114.354599799, 30.527564699], [114.3546149, 30.527608], [114.3547258, 30.5275792], [114.354933299, 30.5275254], [114.3555523, 30.5272875], [114.355616799, 30.527017199], [114.3556803, 30.5270091], [114.3556896, 30.5270088], [114.3557701, 30.5270067], [114.355788199, 30.5270062], [114.355873999, 30.5270056], [114.3559331, 30.5270564], [114.3563515, 30.5269871], [114.3564802, 30.5269455], [114.356689399, 30.5271581], [114.3568075, 30.5270842], [114.3569148, 30.527113], [114.357036799, 30.5272805], [114.3575236, 30.5281816], [114.3576765, 30.5285097], [114.357609399, 30.528539699], [114.357733599, 30.5288181], [114.3577712, 30.528890699], [114.3579929, 30.529459299], [114.358049299, 30.529827799], [114.358049299, 30.5301617], [114.3575199, 30.5301638], [114.357541699, 30.5302124], [114.3575457, 30.5302304], [114.357552499, 30.5302604], [114.3576148, 30.530944899], [114.3576118, 30.5309864], [114.357609399, 30.5310187], [114.357583299, 30.531805499], [114.3575681, 30.5318344], [114.357554499, 30.53186], [114.3574948, 30.5319042], [114.3573922, 30.5319798], [114.3573838, 30.5321706], [114.357380599, 30.5327187], [114.3573896, 30.5327821], [114.357495499, 30.533014], [114.3573747, 30.5330795], [114.357139899, 30.5331615], [114.3556834, 30.533667699], [114.355195499, 30.5338174], [114.354976499, 30.5338727], [114.354618699, 30.533967399], [114.3539889, 30.5342796], [114.3538698, 30.5343409], [114.353360499, 30.534607299], [114.3522339, 30.5346629], [114.3521904, 30.5346502], [114.3519178, 30.5350051]]]}, "properties": {"id": 15260, "name": "武汉大学信息学部", "type": "大学", "area_sqm": 461463}}, {"type": "Feature", "geometry": {"type": "Polygon", "coordinates": [[[114.360648299, 30.5476078], [114.360600199, 30.5476176], [114.360519599, 30.5476482], [114.360471299, 30.5476668], [114.360451799, 30.5476863], [114.3603901, 30.5477648], [114.360296899, 30.5478608], [114.360018, 30.5479162], [114.359881199, 30.5479301], [114.3597712, 30.5479024], [114.359610299, 30.54781], [114.359422499, 30.5476737], [114.359164399, 30.5475731], [114.3587352, 30.547418299], [114.3582585, 30.547338699], [114.3576194, 30.5472774], [114.3574779, 30.547278699], [114.356994, 30.547302], [114.356855699, 30.5473087], [114.3565347, 30.5473456], [114.3562729, 30.5473929], [114.3560383, 30.547469099], [114.3550961, 30.5477753], [114.3550479, 30.547784599], [114.355021, 30.5477707], [114.3550069, 30.5477186], [114.3549239, 30.547749], [114.3547473, 30.5477465], [114.3549029, 30.5467995], [114.354623899, 30.5467764], [114.3545103, 30.5467093], [114.3544362, 30.546665499], [114.354196899, 30.5465209], [114.354221599, 30.546429899], [114.352590799, 30.5463051], [114.352087299, 30.5463048], [114.3504906, 30.5462578], [114.3504794, 30.546257499], [114.350509399, 30.5460002], [114.3503807, 30.5458293], [114.350327, 30.545716099], [114.349393799, 30.5458684], [114.349289199, 30.5457806], [114.3492852, 30.5449872], [114.348567699, 30.5449687], [114.3485396, 30.544785], [114.3487091, 30.542645399], [114.3488949, 30.541793499], [114.348927799, 30.5416867], [114.349012099, 30.541679], [114.3490374, 30.541586199], [114.349135699, 30.5412607], [114.3492729, 30.541047], [114.3499432, 30.5399053], [114.3503906, 30.5391476], [114.3508288, 30.538520099], [114.3510222, 30.5382968], [114.3511306, 30.5379229], [114.3511518, 30.537800099], [114.35118, 30.5376515], [114.3511841, 30.5375833], [114.3512046, 30.5372472], [114.3511429, 30.5369261], [114.3509859, 30.536464], [114.3509834, 30.5364133], [114.350971, 30.536351999], [114.350989299, 30.536317099], [114.3510083, 30.5362144], [114.351924199, 30.535714], [114.3521045, 30.5356173], [114.3522129, 30.5355711], [114.351898999, 30.5353713], [114.3519111, 30.5353147], [114.351903, 30.5352315], [114.351864199, 30.535153], [114.3519366, 30.5350756], [114.3518491, 30.5350037], [114.3516572, 30.5348655], [114.3518669, 30.534625], [114.351011299, 30.5340892], [114.351638899, 30.5334954], [114.3510917, 30.533051899], [114.3514431, 30.5327007], [114.3518106, 30.5326776], [114.3518213, 30.532448899], [114.351590599, 30.5324535], [114.3515879, 30.5322895], [114.3512255, 30.5320299], [114.351258, 30.5316449], [114.351481899, 30.531438599], [114.3514994, 30.5313399], [114.3517408, 30.5313353], [114.3518125, 30.5311], [114.3517428, 30.5310998], [114.3517444, 30.5307296], [114.3514226, 30.530703199], [114.3510781, 30.5306932], [114.3506458, 30.5306854], [114.3506143, 30.5306838], [114.350598199, 30.531333], [114.3505419, 30.531487799], [114.350525799, 30.5316518], [114.349395299, 30.5314552], [114.3492544, 30.5314323], [114.3489835, 30.530729899], [114.3490559, 30.530706799], [114.3490103, 30.530582099], [114.3490934, 30.5305382], [114.3488896, 30.5300923], [114.3491149, 30.5300276], [114.349037099, 30.5298543], [114.349157799, 30.529822], [114.3490237, 30.529468499], [114.3492249, 30.5294015], [114.349172199, 30.5292281], [114.3492986, 30.5291407], [114.3495449, 30.5289007], [114.3496354, 30.5289017], [114.349706299, 30.5290168], [114.349883299, 30.5289614], [114.3498042, 30.5287846], [114.3537873, 30.5276005], [114.353851599, 30.5277265], [114.353998, 30.527728399], [114.354014299, 30.5276334], [114.3539838, 30.527548], [114.354438199, 30.527415399], [114.3544, 30.5273183], [114.3548262, 30.5271938], [114.3555361, 30.526949], [114.355616799, 30.527017199], [114.3556803, 30.5270091], [114.3556896, 30.5270088], [114.3557701, 30.5270067], [114.355788199, 30.5270062], [114.355873999, 30.5270056], [114.3559331, 30.5270564], [114.3563515, 30.5269871], [114.3564802, 30.5269455], [114.356689399, 30.5271581], [114.3568075, 30.5270842], [114.3569148, 30.527113], [114.357036799, 30.5272805], [114.3575236, 30.5281816], [114.3576765, 30.5285097], [114.357609399, 30.528539699], [114.357733599, 30.5288181], [114.3577712, 30.528890699], [114.3579929, 30.529459299], [114.358049299, 30.529827799], [114.358049299, 30.5301617], [114.3580546, 30.530935699], [114.3585509, 30.5309426], [114.3585482, 30.5317212], [114.3582907, 30.531936], [114.3582746, 30.532643], [114.3583121, 30.5327377], [114.357994299, 30.5328439], [114.3579513, 30.5328581], [114.3578898, 30.5328784], [114.357495499, 30.533014], [114.3574936, 30.533080699], [114.3575883, 30.533365399], [114.3576055, 30.5333929], [114.357643799, 30.5333794], [114.3576933, 30.533361399], [114.358348399, 30.5331296], [114.358991899, 30.5329151], [114.3595844, 30.532722499], [114.359746699, 30.5326702], [114.359785799, 30.5326577], [114.359940199, 30.5326083], [114.360009999, 30.5328232], [114.3607047, 30.532652199], [114.3607234, 30.5326938], [114.360827999, 30.5327747], [114.3609622, 30.5328024], [114.3611583, 30.5327962], [114.3612357, 30.5327978], [114.361225, 30.5326407], [114.3613028, 30.5326097], [114.3622696, 30.5325292], [114.3623877, 30.5325078], [114.3623837, 30.5323866], [114.3623113, 30.5321093], [114.3623477, 30.5321039], [114.3624425, 30.532086699], [114.3629907, 30.5319724], [114.3630276, 30.5319643], [114.3630763, 30.5319585], [114.3636095, 30.5318549], [114.363941, 30.5317929], [114.364239899, 30.532832299], [114.3642788, 30.5332032], [114.3642586, 30.5340776], [114.366071899, 30.534340999], [114.366223, 30.5343982], [114.3664231, 30.5344588], [114.367412799, 30.5350893], [114.3675326, 30.5351447], [114.367552399, 30.535114799], [114.367767, 30.5347914], [114.3679494, 30.5348376], [114.3679468, 30.5347839], [114.3683033, 30.5347613], [114.3687566, 30.5349877], [114.3686601, 30.5351448], [114.369218, 30.535392], [114.369268899, 30.5353782], [114.3696364, 30.535105599], [114.3699127, 30.5347775], [114.3700147, 30.5345835], [114.3702514, 30.534554999], [114.371049999, 30.5344587], [114.371093, 30.5345742], [114.371068499, 30.5345848], [114.3710071, 30.5346112], [114.3710304, 30.5346491], [114.371099899, 30.5347622], [114.3712002, 30.534925399], [114.371109099, 30.5349623], [114.371237799, 30.535211799], [114.3708301, 30.535211799], [114.3707677, 30.5351151], [114.3703473, 30.5348653], [114.370245399, 30.5348699], [114.3702561, 30.534966999], [114.3694568, 30.5357848], [114.3693729, 30.5359224], [114.3697141, 30.536055], [114.3699933, 30.536098999], [114.370401, 30.536219099], [114.370776499, 30.5364686], [114.3708891, 30.5364732], [114.3709845, 30.536649699], [114.371038, 30.5367077], [114.3711305, 30.5366811], [114.3711827, 30.536799999], [114.3713316, 30.536732], [114.371447, 30.5366257], [114.371559599, 30.5366673], [114.371624, 30.5367597], [114.3716401, 30.5370369], [114.3718333, 30.537023], [114.3718371, 30.537469], [114.3718385, 30.5377462], [114.3716937, 30.5380142], [114.371562199, 30.5381713], [114.371323499, 30.5384023], [114.3708702, 30.5388481], [114.370462499, 30.5392316], [114.370154099, 30.5395135], [114.370001199, 30.539698299], [114.3694943, 30.5400147], [114.369065099, 30.540485999], [114.3689578, 30.5406408], [114.368577, 30.5416849], [114.3684536, 30.5419298], [114.368297999, 30.5421839], [114.368249699, 30.5422902], [114.3682068, 30.542428799], [114.368094199, 30.542692099], [114.367992199, 30.5432142], [114.3679171, 30.5436993], [114.3677723, 30.544216699], [114.3676865, 30.54442], [114.367547, 30.5445817], [114.3672412, 30.5447711], [114.3667799, 30.5450899], [114.3665975, 30.5452008], [114.3662917, 30.545330199], [114.3656426, 30.545524199], [114.3651974, 30.545616599], [114.3650787, 30.5456588], [114.3650381, 30.545669899], [114.3643552, 30.5458568], [114.3640832, 30.5460006], [114.363025, 30.5465601], [114.361846099, 30.5469755], [114.360648299, 30.5476078]]]}, "properties": {"id": 15261, "name": "武汉大学", "type": "大学", "area_sqm": 3166174}}, {"type": "Feature", "geometry": {"type": "Polygon", "coordinates": [[[114.3682884, 30.5408807], [114.3682786, 30.541000699], [114.3682151, 30.540997], [114.368225, 30.5408769], [114.3682884, 30.5408807]]]}, "properties": {"id": 15266, "name": " ", "type": "运动场", "area_sqm": 81}}, {"type": "Feature", "geometry": {"type": "Polygon", "coordinates": [[[114.368206599, 30.5408749], [114.3681968, 30.5409949], [114.368133299, 30.5409911], [114.3681432, 30.540871], [114.368206599, 30.5408749]]]}, "properties": {"id": 15267, "name": " ", "type": "运动场", "area_sqm": 81}}, {"type": "Feature", "geometry": {"type": "Polygon", "coordinates": [[[114.3536116, 30.5384296], [114.3534723, 30.53844], [114.353466799, 30.5383854], [114.353606, 30.538375], [114.3536116, 30.5384296]]]}, "properties": {"id": 15268, "name": " ", "type": "运动场", "area_sqm": 82}}, {"type": "Feature", "geometry": {"type": "Polygon", "coordinates": [[[114.3538333, 30.5375411], [114.353693599, 30.5375434], [114.3536924, 30.5374886], [114.353832, 30.5374863], [114.3538333, 30.5375411]]]}, "properties": {"id": 15269, "name": " ", "type": "运动场", "area_sqm": 82}}, {"type": "Feature", "geometry": {"type": "Polygon", "coordinates": [[[114.353785399, 30.539447], [114.3537306, 30.5394521], [114.3537136, 30.5393158], [114.3537685, 30.5393107], [114.353785399, 30.539447]]]}, "properties": {"id": 15326, "name": " ", "type": "自行车停车场", "area_sqm": 81}}, {"type": "Feature", "geometry": {"type": "Polygon", "coordinates": [[[114.3481454, 30.5565816], [114.3476868, 30.55657], [114.3476921, 30.5564014], [114.3469196, 30.556376], [114.346924999, 30.5559487], [114.3470886, 30.5559557], [114.3470993, 30.5556646], [114.3481937, 30.5557039], [114.3481454, 30.5565816]]]}, "properties": {"id": 15396, "name": " ", "type": "停车场", "area_sqm": 9827}}, {"type": "Feature", "geometry": {"type": "Polygon", "coordinates": [[[114.3660248, 30.5461346], [114.366044699, 30.5461866], [114.365979999, 30.5462049], [114.3659601, 30.5461529], [114.3660029, 30.5461408], [114.3660248, 30.5461346]]]}, "properties": {"id": 15479, "name": " ", "type": "码头", "area_sqm": 40}}, {"type": "Feature", "geometry": {"type": "Polygon", "coordinates": [[[114.3659228, 30.5459021], [114.3667138, 30.5456786], [114.366604499, 30.5453774], [114.3666161, 30.545374701], [114.3667316, 30.5456864], [114.3664372, 30.5457701], [114.3665207, 30.5459955], [114.3660248, 30.5461346], [114.3660169, 30.5461195], [114.366497299, 30.5459858], [114.3664199, 30.5457762], [114.3659302, 30.5459179], [114.3659228, 30.5459021]]]}, "properties": {"id": 15504, "name": " ", "type": "码头", "area_sqm": 305}}, {"type": "Feature", "geometry": {"type": "Polygon", "coordinates": [[[114.3659601, 30.5461529], [114.3654693, 30.5462887], [114.365389399, 30.5460663], [114.3650781, 30.5461524], [114.3649755, 30.545877601], [114.3649872, 30.5458751], [114.365088, 30.5461369], [114.365897399, 30.5459104], [114.3659044, 30.5459237], [114.365408899, 30.5460583], [114.3654842, 30.5462704], [114.3659794, 30.5461276], [114.3659601, 30.5461529]]]}, "properties": {"id": 15505, "name": " ", "type": "码头", "area_sqm": 295}}, {"type": "Feature", "geometry": {"type": "Polygon", "coordinates": [[[114.3660248, 30.5461346], [114.3660029, 30.5461408], [114.3659601, 30.5461529], [114.3659794, 30.5461276], [114.3659044, 30.5459237], [114.365897399, 30.5459104], [114.365816, 30.5456802], [114.3658418, 30.5456765], [114.3659228, 30.5459021], [114.3659302, 30.5459179], [114.3660017, 30.5461211], [114.3660169, 30.5461195], [114.3660248, 30.5461346]]]}, "properties": {"id": 15506, "name": " ", "type": "码头", "area_sqm": 139}}, {"type": "Feature", "geometry": {"type": "Polygon", "coordinates": [[[114.3685963, 30.54348], [114.3685596, 30.543781], [114.368355, 30.543770101], [114.3683538, 30.5437615], [114.3683535, 30.5437532], [114.3685428, 30.5437614], [114.3685786, 30.5434574], [114.3686206, 30.5431778], [114.3686766, 30.5428974], [114.368454999, 30.5428794], [114.3684608, 30.5428738], [114.368465799, 30.5428689], [114.3686907, 30.5428897], [114.368637699, 30.5431811], [114.3686368, 30.5431908], [114.3686358, 30.543201501], [114.3685981, 30.5434615], [114.3685972, 30.5434706], [114.3685963, 30.54348]]]}, "properties": {"id": 15508, "name": " ", "type": "码头", "area_sqm": 231}}, {"type": "Feature", "geometry": {"type": "Polygon", "coordinates": [[[114.368637699, 30.5431811], [114.3691548, 30.5432181], [114.3691259, 30.5435179], [114.3685963, 30.54348], [114.3685972, 30.5434706], [114.3685981, 30.5434615], [114.3690407, 30.5434931], [114.3690476, 30.5434213], [114.3691109, 30.5434258], [114.3691291, 30.5432367], [114.3686358, 30.543201501], [114.3686368, 30.5431908], [114.368637699, 30.5431811]]]}, "properties": {"id": 15509, "name": " ", "type": "码头", "area_sqm": 333}}, {"type": "Feature", "geometry": {"type": "Polygon", "coordinates": [[[114.3516179, 30.5407934], [114.3515766, 30.541025201], [114.351368399, 30.5409977], [114.3510505, 30.5409557], [114.351091799, 30.5407238], [114.3516179, 30.5407934]]]}, "properties": {"id": 15845, "name": " ", "type": "停车场", "area_sqm": 1329}}, {"type": "Feature", "geometry": {"type": "Polygon", "coordinates": [[[114.353183999, 30.5367314], [114.353037, 30.5367359], [114.3529298, 30.5367155], [114.3528969, 30.5364004], [114.3531485, 30.5363804], [114.353183999, 30.5367314]]]}, "properties": {"id": 15856, "name": " ", "type": "停车场", "area_sqm": 916}}, {"type": "Feature", "geometry": {"type": "Polygon", "coordinates": [[[114.3550756, 30.5349784], [114.3547823, 30.5351304], [114.354481199, 30.5346991], [114.3547745, 30.5345472], [114.3550756, 30.5349784]]]}, "properties": {"id": 15857, "name": " ", "type": "停车场", "area_sqm": 1834}}, {"type": "Feature", "geometry": {"type": "Polygon", "coordinates": [[[114.3420467, 30.553806901], [114.3418295, 30.5540348], [114.3418043, 30.55413], [114.34179, 30.554259501], [114.3416681, 30.5543006], [114.3415742, 30.5543444], [114.3414097, 30.5544084], [114.341335, 30.5542664], [114.3412229, 30.5540241], [114.341999199, 30.5537198], [114.3420467, 30.553806901]]]}, "properties": {"id": 15927, "name": " ", "type": "停车场", "area_sqm": 2833}}, {"type": "Feature", "geometry": {"type": "Polygon", "coordinates": [[[114.340818899, 30.5533638], [114.340969, 30.5535627], [114.341104199, 30.553739701], [114.340720899, 30.5538616], [114.3404867, 30.553409701], [114.340689, 30.5532904], [114.340818899, 30.5533638]]]}, "properties": {"id": 15928, "name": "中国石化", "type": "加油站", "area_sqm": 1968}}, {"type": "Feature", "geometry": {"type": "Polygon", "coordinates": [[[114.3427858, 30.5525475], [114.3427132, 30.552567101], [114.342655999, 30.5524059], [114.3427256, 30.552387501], [114.3427858, 30.5525475]]]}, "properties": {"id": 15929, "name": " ", "type": "多层停车场", "area_sqm": 133}}, {"type": "Feature", "geometry": {"type": "Polygon", "coordinates": [[[114.342905, 30.5525098], [114.3428252, 30.5525322], [114.3427759, 30.5523987], [114.3428542, 30.5523732], [114.342905, 30.5525098]]]}, "properties": {"id": 15930, "name": " ", "type": "多层停车场", "area_sqm": 126}}, {"type": "Feature", "geometry": {"type": "Polygon", "coordinates": [[[114.3474471, 30.548366], [114.3474979, 30.5485095], [114.342747899, 30.5482424], [114.3427695, 30.5480678], [114.3474471, 30.548366]]]}, "properties": {"id": 15931, "name": " ", "type": "停车场", "area_sqm": 7938}}, {"type": "Feature", "geometry": {"type": "Polygon", "coordinates": [[[114.347639799, 30.550234], [114.347025099, 30.5502273], [114.3470303, 30.5502075], [114.3470546, 30.5499655], [114.3470616, 30.5498709], [114.3471722, 30.5498739], [114.3471686, 30.5499854], [114.3473098, 30.5499732], [114.3473098, 30.5500897], [114.347778, 30.550089601], [114.3477687, 30.5501899], [114.347636699, 30.5501759], [114.347639799, 30.550234]]]}, "properties": {"id": 15932, "name": " ", "type": "停车场", "area_sqm": 1477}}, {"type": "Feature", "geometry": {"type": "Polygon", "coordinates": [[[114.3456727, 30.5486001], [114.345607699, 30.5496232], [114.3452619, 30.5495966], [114.3453167, 30.5485942], [114.3456727, 30.5486001]]]}, "properties": {"id": 15933, "name": " ", "type": "停车场", "area_sqm": 3794}}, {"type": "Feature", "geometry": {"type": "Polygon", "coordinates": [[[114.3645462, 30.5430503], [114.3645197, 30.5431485], [114.3641561, 30.5430755], [114.3641827, 30.5429774], [114.3645462, 30.5430503]]]}, "properties": {"id": 16163, "name": " ", "type": "停车场", "area_sqm": 401}}, {"type": "Feature", "geometry": {"type": "Polygon", "coordinates": [[[114.3494126, 30.554661], [114.3488708, 30.554803], [114.3486214, 30.5548434], [114.3485865, 30.5548307], [114.3485637, 30.5546713], [114.3485677, 30.5545362], [114.3492959, 30.5544635], [114.3494126, 30.554661]]]}, "properties": {"id": 16164, "name": " ", "type": "停车场", "area_sqm": 2302}}, {"type": "Feature", "geometry": {"type": "Polygon", "coordinates": [[[114.3606636, 30.533727601], [114.360399999, 30.5337668], [114.3603818, 30.5336755], [114.360645299, 30.5336364], [114.3606636, 30.533727601]]]}, "properties": {"id": 16165, "name": " ", "type": "停车场", "area_sqm": 264}}, {"type": "Feature", "geometry": {"type": "Polygon", "coordinates": [[[114.3615502, 30.5421756], [114.361508399, 30.5424676], [114.3613472, 30.5424504], [114.361389, 30.5421585], [114.3615502, 30.5421756]]]}, "properties": {"id": 16166, "name": " ", "type": "停车场", "area_sqm": 509}}, {"type": "Feature", "geometry": {"type": "Polygon", "coordinates": [[[114.3520854, 30.545720601], [114.3520774, 30.5457737], [114.3516898, 30.545746], [114.3516952, 30.5456871], [114.3520854, 30.545720601]]]}, "properties": {"id": 16169, "name": " ", "type": "停车场", "area_sqm": 234}}, {"type": "Feature", "geometry": {"type": "Polygon", "coordinates": [[[114.3510524, 30.5405037], [114.3510043, 30.5407699], [114.3509258, 30.540759401], [114.3509739, 30.5404932], [114.3510524, 30.5405037]]]}, "properties": {"id": 16170, "name": " ", "type": "停车场", "area_sqm": 228}}, {"type": "Feature", "geometry": {"type": "Polygon", "coordinates": [[[114.3546043, 30.5387404], [114.3545021, 30.5387576], [114.35441, 30.5383524], [114.3545122, 30.5383351], [114.3546043, 30.5387404]]]}, "properties": {"id": 16175, "name": " ", "type": "自行车停车场", "area_sqm": 458}}, {"type": "Feature", "geometry": {"type": "Polygon", "coordinates": [[[114.3433393, 30.5300124], [114.3432985, 30.5300245], [114.3428112, 30.530169], [114.3427678, 30.5301818], [114.3426698, 30.5302029], [114.3426254, 30.530217], [114.3425915, 30.5301803], [114.3427964, 30.5300445], [114.342846, 30.530026], [114.3430066, 30.5299661], [114.3432219, 30.5299041], [114.343288, 30.529885101], [114.3433393, 30.5300124]]]}, "properties": {"id": 16266, "name": "武珞路街道口", "type": "公交站", "area_sqm": 957}}, {"type": "Feature", "geometry": {"type": "Polygon", "coordinates": [[[114.3767475, 30.536489], [114.376731, 30.5363912], [114.3740714, 30.536568], [114.3718922, 30.531363001], [114.3723106, 30.5312058], [114.3723894, 30.5303511], [114.3704999, 30.5297569], [114.369785501, 30.5281023], [114.3703199, 30.5279343], [114.368582, 30.5245214], [114.3693391, 30.5242189], [114.3696502, 30.5245886], [114.3698755, 30.524681], [114.3701115, 30.5247827], [114.3702296, 30.5248843], [114.370648, 30.525013701], [114.3708196, 30.5250969], [114.3711844, 30.5251154], [114.3713346, 30.5251985], [114.3716672, 30.5256976], [114.3717638, 30.5259287], [114.3718711, 30.5263907], [114.3720105, 30.5264554], [114.3722573, 30.5265201], [114.3726972, 30.5264], [114.373062001, 30.5263168], [114.3733516, 30.5262891], [114.3736628, 30.5263723], [114.3739525, 30.5264], [114.3741027, 30.5263723], [114.3742529, 30.5264277], [114.3745104, 30.5264739], [114.3748215, 30.5264185], [114.3749073, 30.526326], [114.3751219, 30.5262244], [114.3752721, 30.5261412], [114.3753794, 30.5259471], [114.3754438, 30.5257623], [114.3754652, 30.5256052], [114.3754974, 30.525485], [114.3757013, 30.5254388], [114.3759909, 30.5253279], [114.3761733, 30.5252725], [114.376345, 30.5251616], [114.376420101, 30.525023], [114.3764523, 30.5248474], [114.3763665, 30.524718], [114.3762162, 30.5245239], [114.3759373, 30.5239971], [114.3757549, 30.5235627], [114.3764094, 30.523211501], [114.3764952, 30.5230729], [114.3765488, 30.5229158], [114.3767098, 30.5227124], [114.3767098, 30.5225646], [114.3766776, 30.522352], [114.3767098, 30.5222226], [114.376742, 30.522047], [114.3767741, 30.5219084], [114.3767312, 30.5217975], [114.3767205, 30.5215572], [114.3767967, 30.521494], [114.3772891, 30.5210858], [114.3775895, 30.5209287], [114.3777505, 30.5209657], [114.3778363, 30.5210026], [114.3781689, 30.5207716], [114.3786195, 30.5206422], [114.3788555, 30.520512801], [114.3789199, 30.5203372], [114.3791989, 30.520023], [114.3795315, 30.5196995], [114.379789, 30.5195701], [114.3798426, 30.5191542], [114.3798962, 30.5190248], [114.3801323, 30.518886101], [114.3804541, 30.5187567], [114.3807331, 30.5186089], [114.3815378, 30.518035801], [114.3816665, 30.5179064], [114.3817845, 30.5179249], [114.3823746, 30.5174258], [114.3827179, 30.517111601], [114.3830934, 30.5166032], [114.3832222, 30.516335201], [114.3833831, 30.5161318], [114.3836942, 30.5159932], [114.3842521, 30.5157806], [114.3844023, 30.5157436], [114.3846598, 30.5155958], [114.3852928, 30.517259401], [114.3852285, 30.5175737], [114.3851212, 30.517851], [114.384692, 30.5184425], [114.3844131, 30.5184702], [114.3842521, 30.518729], [114.3841556, 30.5195423], [114.3841556, 30.519662501], [114.3843272, 30.519662501], [114.3844131, 30.5197457], [114.3843487, 30.5201061], [114.3843916, 30.5203187], [114.384456, 30.520512801], [114.3845633, 30.5207346], [114.3841127, 30.5211598], [114.3838874, 30.5210673], [114.383544, 30.5211228], [114.3832758, 30.5212245], [114.3831149, 30.5214185], [114.3822153, 30.5212748], [114.3817631, 30.5233409], [114.3816236, 30.5233779], [114.3809047, 30.524339], [114.3806794, 30.5244222], [114.3804756, 30.5245793], [114.3801376, 30.5251617], [114.3800464, 30.5253187], [114.3799821, 30.525559], [114.3802074, 30.5257068], [114.3801001, 30.5259194], [114.3802074, 30.5260396], [114.3808511, 30.5265386], [114.3808082, 30.5266772], [114.3798962, 30.5277215], [114.3792096, 30.5272779], [114.3785122, 30.5283962], [114.3782333, 30.528581], [114.3781677, 30.5287081], [114.3780616, 30.528913701], [114.3780402, 30.5290893], [114.3780831, 30.5292279], [114.3779758, 30.529459], [114.3777719, 30.5298563], [114.3778363, 30.529967201], [114.3775574, 30.5302814], [114.3775574, 30.530457], [114.3775895, 30.5305494], [114.377214, 30.5311501], [114.3768385, 30.5323607], [114.3768278, 30.5325548], [114.3768492, 30.5327396], [114.3768814, 30.5331278], [114.3768278, 30.5332849], [114.3766561, 30.5333958], [114.3764737, 30.5334882], [114.376345, 30.5335806], [114.3763879, 30.5337562], [114.3765488, 30.5337099], [114.3767098, 30.5340334], [114.376742, 30.5342274], [114.3767849, 30.53444], [114.37686, 30.5348466], [114.3769673, 30.535937], [114.376978, 30.5361588], [114.376967, 30.5362533], [114.3768523, 30.5363361], [114.3768193, 30.5363907], [114.3768105, 30.5364863], [114.3767475, 30.536489]]]}, "properties": {"id": 16456, "name": "东湖 庙湖", "type": "水域", "area_sqm": 1167143}}, {"type": "Feature", "geometry": {"type": "Polygon", "coordinates": [[[114.3690919, 30.5336502], [114.3691884, 30.5336525], [114.3692823, 30.5336779], [114.3693011, 30.5337172], [114.3692823, 30.5338951], [114.369285, 30.5339621], [114.3692769, 30.5340244], [114.3692447, 30.5341076], [114.3690463, 30.5341538], [114.3689148, 30.5341261], [114.36888, 30.5340175], [114.3688505, 30.5337749], [114.3689041, 30.5337102], [114.3689685, 30.5336733], [114.3690141, 30.5336502], [114.3690919, 30.5336502]]]}, "properties": {"id": 16458, "name": " ", "type": "水域", "area_sqm": 2017}}, {"type": "Feature", "geometry": {"type": "Polygon", "coordinates": [[[114.3579771, 30.5402203], [114.357961, 30.5402434], [114.3578913, 30.5402666], [114.3576821, 30.540188], [114.3575802, 30.5402296], [114.357489, 30.5402203], [114.3573388, 30.5401372], [114.3572046, 30.5400494], [114.3571725, 30.5399431], [114.3572046, 30.5398785], [114.3577411, 30.539555], [114.3578162, 30.5396151], [114.3578752, 30.539689], [114.35802, 30.5397398], [114.3580469, 30.539786], [114.3581217, 30.5398969], [114.3579771, 30.5402203]]]}, "properties": {"id": 16459, "name": "落英湖", "type": "水域", "area_sqm": 4521}}, {"type": "Feature", "geometry": {"type": "Polygon", "coordinates": [[[114.3679922, 30.5432142], [114.367761601, 30.5431772], [114.3674451, 30.5431587], [114.3672573, 30.5431726], [114.3671017, 30.5432142], [114.3665975, 30.5431079], [114.366458, 30.5431264], [114.3663454, 30.5431033], [114.3661201, 30.5429924], [114.365943, 30.542706], [114.3659323, 30.542572], [114.3660503, 30.5421608], [114.3661093, 30.5420776], [114.3662005, 30.5420915], [114.3663615, 30.5421885], [114.3664044, 30.5422948], [114.3664044, 30.5423872], [114.3665277, 30.5425397], [114.3666672, 30.5426321], [114.3669676, 30.5427568], [114.3671715, 30.5427753], [114.3673539, 30.5427614], [114.3675953, 30.5427106], [114.3677669, 30.5425812], [114.3678528, 30.5425489], [114.36796, 30.5425674], [114.3680191, 30.5425166], [114.3680888, 30.5425905], [114.3680942, 30.5426921], [114.3679922, 30.5432142]]]}, "properties": {"id": 16461, "name": "月湖", "type": "水域", "area_sqm": 12793}}, {"type": "Feature", "geometry": {"type": "Polygon", "coordinates": [[[114.3490331, 30.5530799], [114.3489727, 30.5531192], [114.348962, 30.5531457], [114.348966, 30.5531723], [114.3491015, 30.5535141], [114.3491819, 30.5537209], [114.3492061, 30.5538398], [114.3492021, 30.5539657], [114.3491203, 30.5541135], [114.3490029, 30.554178], [114.34879, 30.5541843], [114.3486126, 30.5541312], [114.3479778, 30.5542605], [114.3476564, 30.5543121], [114.3473214, 30.5543573], [114.3469527, 30.554395001], [114.346842, 30.5544344], [114.3465244, 30.5545468], [114.3463116, 30.5545672], [114.3459383, 30.5546036], [114.3456427, 30.5546156], [114.3450235, 30.5547032], [114.3446371, 30.5547765], [114.344031, 30.5548836], [114.3437759, 30.5547372], [114.343739201, 30.5547798], [114.3437489, 30.5548123], [114.3435847, 30.5548834], [114.3435006, 30.5548683], [114.3434844, 30.5548444], [114.3433639, 30.554707001], [114.3431498, 30.5545602], [114.3431539, 30.5543028], [114.3431849, 30.553887], [114.3434741, 30.5535426], [114.3440228, 30.5533532], [114.3440787, 30.5534803], [114.3442377, 30.5534317], [114.3442223, 30.5531945], [114.3445707, 30.5530186], [114.3449655, 30.5528943], [114.3454388, 30.5527286], [114.3461079, 30.5524948], [114.3464471, 30.5523667], [114.3469075, 30.552193], [114.347098, 30.5521514], [114.3471945, 30.552156], [114.3472762, 30.5522319], [114.3475256, 30.5521718], [114.3475834, 30.5520498], [114.3476827, 30.5519597], [114.34779, 30.5519042], [114.3478946, 30.5518742], [114.3480823, 30.5518996], [114.3483089, 30.5520081], [114.3484466, 30.5522072], [114.3485557, 30.552365], [114.3485919, 30.5523835], [114.3486549, 30.5523685], [114.3487856, 30.5526105], [114.3488234, 30.5526804], [114.3490331, 30.5530799]]]}, "properties": {"id": 16602, "name": "水果湖", "type": "水域", "area_sqm": 117848}}, {"type": "Feature", "geometry": {"type": "Polygon", "coordinates": [[[114.362715, 30.558362], [114.3626882, 30.5584382], [114.3627364, 30.558489], [114.3628319, 30.558501], [114.3629821, 30.558501], [114.3641462, 30.5585703], [114.365541, 30.5586627], [114.3656429, 30.5587227], [114.3656171, 30.5588586], [114.3655571, 30.559351], [114.3655678, 30.5597806], [114.3656429, 30.5599515], [114.3656268, 30.5600762], [114.3654884, 30.5603136], [114.3653586, 30.5604042], [114.3651826, 30.5604753], [114.3650807, 30.5605769], [114.3648554, 30.5606093], [114.3646462, 30.5606878], [114.3643726, 30.5608079], [114.3642009, 30.5610111], [114.3641634, 30.5610897], [114.3639209, 30.5612125], [114.3638351, 30.5613142], [114.363761, 30.5613668], [114.3634231, 30.5613114], [114.3632353, 30.5613022], [114.3630959, 30.5613576], [114.3629886, 30.5614592], [114.362934, 30.561463], [114.3628192, 30.5615917], [114.3627346, 30.5617356], [114.3624796, 30.5617204], [114.362183, 30.5616687], [114.3619509, 30.5616047], [114.3618804, 30.5616991], [114.3618862, 30.5617225], [114.3619347, 30.5617717], [114.3621171, 30.5618277], [114.3623704, 30.561866], [114.3628113, 30.5619088], [114.362789, 30.5619886], [114.3626935, 30.5620689], [114.3625916, 30.5620689], [114.3624575, 30.5620597], [114.3614651, 30.562032], [114.3613632, 30.5616301], [114.3614732, 30.5615839], [114.3615012, 30.5615721], [114.3615233, 30.5615038], [114.3614899, 30.5614466], [114.3611808, 30.5613299], [114.3609866, 30.5611802], [114.3607559, 30.5610971], [114.360654, 30.5608753], [114.3605156, 30.5607109], [114.3602903, 30.5599025], [114.3603278, 30.5596577], [114.3603858, 30.5594249], [114.360757, 30.5593159], [114.3612881, 30.5590202], [114.3614855, 30.5589121], [114.3615767, 30.5587874], [114.3616357, 30.5587135], [114.3617269, 30.558598], [114.361861, 30.558538], [114.3620337, 30.558521301], [114.3622633, 30.5585241], [114.3624779, 30.5585149], [114.3625862, 30.5584751], [114.3626292, 30.558424301], [114.3626613, 30.558355], [114.362715, 30.558362]]]}, "properties": {"id": 16603, "name": "天鹅湖", "type": "水域", "area_sqm": 140980}}, {"type": "Feature", "geometry": {"type": "Polygon", "coordinates": [[[114.358014701, 30.5552536], [114.3580683, 30.5554291], [114.3580898, 30.55554], [114.358014701, 30.555637], [114.3579567, 30.555722], [114.357887, 30.5557959], [114.3578763, 30.5558698], [114.357887, 30.555989901], [114.3579031, 30.55611], [114.3578334, 30.5562024], [114.3577636, 30.5562855], [114.3576939, 30.5564334], [114.3576295, 30.5564796], [114.3575491, 30.5564888], [114.3574525, 30.5564657], [114.3573023, 30.5564426], [114.3572379, 30.5563779], [114.3572379, 30.556304], [114.3573291, 30.5562578], [114.3573988, 30.5561747], [114.357431, 30.5560592], [114.3575276, 30.555966801], [114.3575973, 30.555916001], [114.3575437, 30.5558005], [114.3574793, 30.5556989], [114.3574203, 30.5556573], [114.3573667, 30.5555972], [114.3573988, 30.555528], [114.357431, 30.555394], [114.357431, 30.5553155], [114.3574514, 30.5552305], [114.3575051, 30.5552166], [114.3575748, 30.5552166], [114.3576402, 30.5552462], [114.3577153, 30.5551722], [114.357651, 30.5550752], [114.3576553, 30.5549671], [114.3577518, 30.554787], [114.3577894, 30.5546484], [114.3578162, 30.5545052], [114.3579449, 30.5544128], [114.358107, 30.5542853], [114.358166, 30.5542021], [114.3582303, 30.5541051], [114.3582679, 30.5539204], [114.358284, 30.5537309], [114.358284, 30.5535462], [114.3582303, 30.553366], [114.3581123, 30.5531905], [114.3580415, 30.55305], [114.35824, 30.5529992], [114.358535, 30.5529761], [114.358771101, 30.5529853], [114.3589105, 30.55299], [114.359624, 30.5531008], [114.3597377, 30.5531674], [114.3598128, 30.5533706], [114.3600532, 30.5537799], [114.3602946, 30.5541911], [114.3604244, 30.5544747], [114.3604823, 30.5547084], [114.3605091, 30.5550364], [114.3604501, 30.5552813], [114.3604609, 30.5553875], [114.3604233, 30.5555261], [114.3602409, 30.5555492], [114.3596144, 30.5555372], [114.359565, 30.5554845], [114.359565, 30.5554106], [114.3596465, 30.5551907], [114.3596412, 30.554969], [114.359565, 30.5547593], [114.3594212, 30.5545902], [114.3592861, 30.5544636], [114.3591691, 30.5544193], [114.3590286, 30.5544036], [114.3588794, 30.5544331], [114.3586917, 30.5545348], [114.3584707, 30.5547223], [114.3582883, 30.5548886], [114.3580844, 30.5550411], [114.358014701, 30.5552536]]]}, "properties": {"id": 16604, "name": " ", "type": "水域", "area_sqm": 50207}}, {"type": "Feature", "geometry": {"type": "Polygon", "coordinates": [[[114.3597581, 30.5616976], [114.3595281, 30.5619632], [114.3593998, 30.5620574], [114.3592656, 30.5621128], [114.3591154, 30.5621474], [114.3590027, 30.562153], [114.358936, 30.5622176], [114.3588539, 30.5622144], [114.3588416, 30.5621784], [114.3588002, 30.5621493], [114.3587608, 30.5621028], [114.3587058, 30.562070301], [114.3586416, 30.562063], [114.3584838, 30.5619597], [114.3584051, 30.5618215], [114.3582795, 30.5616434], [114.3580967, 30.5615253], [114.3579956, 30.5615445], [114.357898, 30.5616177], [114.3578108, 30.561716], [114.3570974, 30.561522], [114.3566371, 30.561413], [114.3563463, 30.561365], [114.3560953, 30.5613668], [114.3558192, 30.5613761], [114.3556128, 30.5606573], [114.3559226, 30.5605566], [114.3561318, 30.560552], [114.3563303, 30.5605936], [114.3567219, 30.5605936], [114.3570813, 30.5605797], [114.3571027, 30.5602471], [114.3574246, 30.5602471], [114.3577733, 30.560321], [114.3580748, 30.5603783], [114.3582947, 30.5604245], [114.3583859, 30.5604476], [114.3585189, 30.5604688], [114.3590618, 30.5601935], [114.3595553, 30.5599118], [114.359742, 30.559873], [114.359844, 30.559873], [114.359962, 30.559886801], [114.3600532, 30.5599653], [114.360257, 30.5605427], [114.360434, 30.5611294], [114.3604394, 30.5612218], [114.3600746, 30.5614527], [114.3597581, 30.5616976]]]}, "properties": {"id": 16605, "name": "天鹅湖", "type": "水域", "area_sqm": 65741}}, {"type": "Feature", "geometry": {"type": "Polygon", "coordinates": [[[114.3562015, 30.553184], [114.3563356, 30.5532394], [114.3564697, 30.5533688], [114.3565405, 30.5535323], [114.3565395, 30.5537199], [114.3564858, 30.5538585], [114.3563678, 30.5539277], [114.3562444, 30.5539185], [114.3561275, 30.5538695], [114.3560685, 30.5537402], [114.3560202, 30.5535739], [114.3559719, 30.5534492], [114.3558485, 30.5533937], [114.3557241, 30.5533873], [114.3556179, 30.5533106], [114.3555857, 30.5532182], [114.3556329, 30.5531655], [114.3560406, 30.5531609], [114.3562015, 30.553184]]]}, "properties": {"id": 16606, "name": " ", "type": "水域", "area_sqm": 4391}}, {"type": "Feature", "geometry": {"type": "Polygon", "coordinates": [[[114.3434844, 30.5548444], [114.3432368, 30.5549559], [114.3431904, 30.5550505], [114.3430551, 30.555117], [114.3430064, 30.5551096], [114.3427467, 30.5552966], [114.3424518, 30.5555336], [114.3421568, 30.5557684], [114.3418171, 30.5560046], [114.3399687, 30.5572926], [114.3376763, 30.5588447], [114.3373739, 30.5589794], [114.3372614, 30.5590311], [114.3370353, 30.5591619], [114.3363943, 30.5594604], [114.3361403, 30.5596083], [114.3361171, 30.559574801], [114.3360611, 30.559601], [114.3360525, 30.5595871], [114.3359845, 30.5596179], [114.3359532, 30.5596156], [114.335412, 30.5598548], [114.3353832, 30.559905], [114.3352049, 30.5599864], [114.3351174, 30.5599887], [114.335065, 30.5600066], [114.3350239, 30.5600286], [114.3349893, 30.5600667], [114.334959, 30.5601239], [114.3349433, 30.5601417], [114.334923, 30.5601493], [114.3348954, 30.5601496], [114.3348495, 30.5601507], [114.334801, 30.5601624], [114.334761, 30.5601867], [114.3347159, 30.5602241], [114.3346944, 30.5602083], [114.3344786, 30.5603092], [114.3340682, 30.5605049], [114.3339222, 30.560545201], [114.3338294, 30.5605934], [114.333665, 30.5606954], [114.3331778, 30.5609066], [114.3330874, 30.5609102], [114.3329953, 30.5610067], [114.332704, 30.5610703], [114.3324883, 30.5612291], [114.3309849, 30.562201], [114.330072, 30.5627787], [114.3300709, 30.5629169], [114.3294371, 30.563350101], [114.3290052, 30.563636], [114.3288485, 30.5635534], [114.3286515, 30.563478901], [114.3288697, 30.5633143], [114.3294568, 30.5628714], [114.3307413, 30.561957401], [114.3307968, 30.5619273], [114.330821501, 30.5619427], [114.3310554, 30.5617835], [114.3325543, 30.5608458], [114.3327992, 30.5607392], [114.3374818, 30.5586264], [114.3417213, 30.5556773], [114.3427799, 30.5550067], [114.342931, 30.5548356], [114.343099, 30.554756], [114.3430738, 30.5547223], [114.3431214, 30.5546282], [114.3431498, 30.5545602], [114.3433639, 30.554707001], [114.3434844, 30.5548444]]]}, "properties": {"id": 16655, "name": " ", "type": "河岸", "area_sqm": 55990}}, {"type": "Feature", "geometry": {"type": "Polygon", "coordinates": [[[114.3290052, 30.563636], [114.3288742, 30.5637548], [114.3288849, 30.5638557], [114.3292772, 30.5641972], [114.329492, 30.5642135], [114.329668, 30.5643088], [114.3297505, 30.5644176], [114.3298768, 30.5645617], [114.3299674, 30.5647467], [114.330028, 30.5648635], [114.3301976, 30.5650139], [114.330307, 30.5651008], [114.3303873, 30.5651034], [114.3304675, 30.565077901], [114.3305587, 30.5650053], [114.3306444, 30.5649703], [114.3307665, 30.565009], [114.3308996, 30.565132301], [114.3312123, 30.565298], [114.3314151, 30.5653056], [114.3316124, 30.5653744], [114.3317639, 30.5653934], [114.331779, 30.5653431], [114.331803, 30.5652357], [114.3319608, 30.5651236], [114.3320271, 30.5650359], [114.3321618, 30.5650217], [114.3322855, 30.5650357], [114.3324041, 30.5650762], [114.3325117, 30.5651286], [114.3325879, 30.5651994], [114.3326713, 30.5653192], [114.332732, 30.5654192], [114.3327653, 30.5655334], [114.3327431, 30.565648], [114.3326581, 30.5658611], [114.3325325, 30.5658643], [114.3323699, 30.5658484], [114.3322775, 30.5659438], [114.3323219, 30.5661284], [114.3324142, 30.5664688], [114.3326064, 30.566701], [114.3329817, 30.5668463], [114.3333564, 30.5669206], [114.333519, 30.566891901], [114.3336742, 30.5669078], [114.3337888, 30.5669556], [114.3339994, 30.5669715], [114.3342436, 30.5668814], [114.3351374, 30.5664338], [114.3353074, 30.5663352], [114.3355126, 30.5663571], [114.3355762, 30.5663081], [114.3356162, 30.5662292], [114.3358138, 30.5661897], [114.3360195, 30.5661572], [114.336206, 30.5661392], [114.3363319, 30.5660378], [114.3365015, 30.5659308], [114.3367242, 30.5658338], [114.3369187, 30.5658932], [114.3370859, 30.5659255], [114.3373501, 30.5659091], [114.3375307, 30.565822501], [114.3376346, 30.5657533], [114.3377289, 30.5658398], [114.3378824, 30.565920501], [114.338048, 30.5659941], [114.3380789, 30.5660807], [114.338165, 30.5660805], [114.3383722, 30.5659412], [114.3385819, 30.5660027], [114.3387109, 30.5661233], [114.3389361, 30.566205301], [114.3394924, 30.5663046], [114.3403112, 30.5666933], [114.3407239, 30.5668587], [114.3415921, 30.5676246], [114.3422859, 30.5680045], [114.3424755, 30.5681359], [114.3425679, 30.5682886], [114.3430742, 30.5691049], [114.3434806, 30.5697298], [114.343665301, 30.5700638], [114.3448435, 30.5710443], [114.3452297, 30.5714738], [114.3452274, 30.571727], [114.3453572, 30.5719929], [114.3454227, 30.5721173], [114.3453773, 30.5722947], [114.3451654, 30.5723225], [114.3451063, 30.572203601], [114.344822, 30.572222], [114.344645, 30.5724853], [114.3444114, 30.5727048], [114.3442927, 30.5728643], [114.3443335, 30.5729851], [114.3443889, 30.5730519], [114.3446512, 30.5730869], [114.3448729, 30.5730996], [114.3452424, 30.5732078], [114.3452978, 30.5733096], [114.3452984, 30.5734041], [114.3452793, 30.5734838], [114.3452651, 30.573516], [114.3452642, 30.5735878], [114.345257, 30.5736719], [114.3453095, 30.5738337], [114.3452883, 30.5739434], [114.3452582, 30.5740257], [114.34515, 30.5741144], [114.34486, 30.5743387], [114.3448301, 30.574447], [114.3448129, 30.5745095], [114.3448083, 30.5745598], [114.3448341, 30.5746107], [114.3449653, 30.5747793], [114.3450669, 30.5749781], [114.3451131, 30.5751324], [114.3450743, 30.5752103], [114.345041, 30.5751944], [114.3449653, 30.5752899], [114.3450096, 30.5753153], [114.3448932, 30.5754123], [114.3447842, 30.5754505], [114.3447528, 30.5754076], [114.3445515, 30.5755396], [114.3443683, 30.5756918], [114.3435947, 30.5755661], [114.3432922, 30.5758464], [114.3432617, 30.5761255], [114.3432266, 30.5761399], [114.3433393, 30.5763371], [114.3433837, 30.5763148], [114.3434309, 30.5764058], [114.3433965, 30.5764221], [114.3433451, 30.5764505], [114.3427722, 30.5766934], [114.3424092, 30.5767638], [114.3423149, 30.5767736], [114.3422634, 30.5767801], [114.3422207, 30.5767894], [114.3421703, 30.576792], [114.342073, 30.5768129], [114.3420074, 30.576838], [114.3418609, 30.5768777], [114.3417649, 30.5768748], [114.3416346, 30.5768213], [114.3415695, 30.5767411], [114.3415327, 30.5766713], [114.3414992, 30.5765836], [114.3414656, 30.576525], [114.3414397, 30.5764755], [114.34136, 30.576365], [114.3412331, 30.5762053], [114.3411184, 30.5760702], [114.3408832, 30.5758906], [114.3408731, 30.5758658], [114.3408725, 30.5758386], [114.340874, 30.5756945], [114.3408765, 30.5756256], [114.3408666, 30.5755764], [114.3408167, 30.5755382], [114.3407066, 30.5754779], [114.3404621, 30.5753558], [114.340281, 30.5753224], [114.3400368, 30.575272], [114.3399454, 30.5752434], [114.339758, 30.5751661], [114.3397038, 30.5751454], [114.3396601, 30.5751499], [114.339534, 30.5751915], [114.3393221, 30.5752625], [114.3392283, 30.5753387], [114.3392082, 30.5753546], [114.339186, 30.5753745], [114.339124, 30.5754461], [114.3391149, 30.5754507], [114.3391032, 30.5754498], [114.3388596, 30.5753106], [114.3388487, 30.5752989], [114.3388481, 30.575289], [114.3388393, 30.5751684], [114.3388393, 30.5750414], [114.3388984, 30.5748197], [114.3388769, 30.5747158], [114.3387919, 30.5746235], [114.3379851, 30.574291], [114.3369723, 30.5740693], [114.3341723, 30.5734179], [114.3336176, 30.5745038], [114.3334126, 30.574516401], [114.3330989, 30.5746233], [114.3315126, 30.5741147], [114.3295838, 30.5734078], [114.329116, 30.5733951], [114.3288287, 30.5737294], [114.3273539, 30.5733407], [114.3246429, 30.5723307], [114.324493, 30.5723584], [114.3243155, 30.5723913], [114.3226288, 30.5715398], [114.3228783, 30.5712749], [114.3228156, 30.5710724], [114.3228313, 30.5709374], [114.3228992, 30.570816], [114.3227895, 30.570555], [114.3227424, 30.5703795], [114.3228356, 30.5702344], [114.3225909, 30.5698351], [114.3222841, 30.5694031], [114.321691, 30.5695205], [114.3213472, 30.5693807], [114.3209397, 30.5692233], [114.3206418, 30.5690478], [114.3202708, 30.5688498], [114.3199739, 30.5688529], [114.3196535, 30.568947], [114.3193634, 30.5690011], [114.3189718, 30.5690074], [114.3186688, 30.5689008], [114.318375, 30.5688802], [114.3180622, 30.5688683], [114.317431, 30.5686384], [114.3173649, 30.568541201], [114.3168267, 30.5680643], [114.3167327, 30.5680283], [114.3164557, 30.5680013], [114.3162519, 30.5678438], [114.3147313, 30.56689], [114.314491, 30.566746], [114.3142297, 30.566674], [114.3140063, 30.5666624], [114.3138671, 30.5666217], [114.313882201, 30.5664726], [114.3140239, 30.5663293], [114.314144, 30.5663564], [114.314253, 30.566334101], [114.3143102, 30.5663134], [114.3143481, 30.5662762], [114.3143915, 30.5661734], [114.3143878, 30.5661321], [114.314373, 30.566078], [114.3143509, 30.566043], [114.314301, 30.5659762], [114.314288101, 30.5658521], [114.3143398, 30.5657614], [114.3143823, 30.5656752], [114.3144839, 30.5655912], [114.314543, 30.565584901], [114.3146021, 30.5656326], [114.3146774, 30.5656199], [114.3147741, 30.5655726], [114.314798, 30.5655053], [114.3148263, 30.565423], [114.3148094, 30.56536], [114.3147689, 30.5652926], [114.3146787, 30.5651643], [114.3144063, 30.564980401], [114.3144155, 30.5647913], [114.3145122, 30.5643773], [114.3144678, 30.5638666], [114.3144125, 30.5636128], [114.3144965, 30.5634212], [114.3145775, 30.563095], [114.3145827, 30.5627485], [114.3145489, 30.5625673], [114.3145515, 30.56231], [114.314771501, 30.5622925], [114.3147809, 30.5623123], [114.3149009, 30.5623517], [114.31504, 30.5624163], [114.3152226, 30.5624124], [114.3153454, 30.5625182], [114.3154734, 30.562601401], [114.3155648, 30.5626576], [114.3156589, 30.5626981], [114.3157177, 30.5626977], [114.3157765, 30.5626846], [114.3158773, 30.5626728], [114.3160038, 30.5626644], [114.3160978, 30.5626239], [114.3161292, 30.5625317], [114.3161213, 30.5624687], [114.3160194, 30.5623697], [114.3159385, 30.5622459], [114.315881, 30.5620705], [114.3158496, 30.5618927], [114.3159071, 30.5618275], [114.3160038, 30.5617532], [114.316050801, 30.56167], [114.3160221, 30.561526], [114.3160325, 30.5614563], [114.3161083, 30.5613528], [114.3161485, 30.5611987], [114.316102, 30.5610634], [114.3161339, 30.5609445], [114.3161989, 30.560822301], [114.3161661, 30.5607768], [114.3160458, 30.5607557], [114.3160735, 30.560612401], [114.316198, 30.5606293], [114.3163117, 30.5606331], [114.3164053, 30.5605613], [114.3164621, 30.56048], [114.3165065, 30.5604058], [114.3165901, 30.5603443], [114.3171655, 30.5601866], [114.3173055, 30.5600534], [114.3174597, 30.5600093], [114.3175572, 30.5599814], [114.3178306, 30.5599671], [114.3180617, 30.559999701], [114.3181453, 30.560108], [114.3183689, 30.5602321], [114.3187068, 30.5605778], [114.319308, 30.5606682], [114.3201265, 30.5611727], [114.3201518, 30.5611883], [114.3203228, 30.5612406], [114.3203095, 30.5613449], [114.3203612, 30.5614197], [114.3204273, 30.5614656], [114.3205608, 30.5615803], [114.3207252, 30.5616185], [114.3210263, 30.5615851], [114.3212425, 30.5615119], [114.3214549, 30.561387801], [114.3215769, 30.5613401], [114.3217524, 30.5613465], [114.3218614, 30.5613194], [114.3219464, 30.5612765], [114.3220092, 30.5612113], [114.3220683, 30.561162001], [114.3221533, 30.5611906], [114.3222512, 30.5611906], [114.3224391, 30.5611551], [114.323559, 30.5612664], [114.323843601, 30.5612741], [114.323984201, 30.5613434], [114.3241644, 30.561376501], [114.3242508, 30.5614888], [114.3243639, 30.5616183], [114.3246384, 30.561727501], [114.3249329, 30.5617964], [114.3251208, 30.5617863], [114.3252819, 30.5618165], [114.3253729, 30.5618904], [114.3255911, 30.5621201], [114.3258266, 30.5623198], [114.325936, 30.5625291], [114.3261079, 30.5627573], [114.3264788, 30.5628926], [114.3269039, 30.5630172], [114.3270306, 30.563088901], [114.3271024, 30.5631212], [114.3273066, 30.5631101], [114.3274898, 30.5630737], [114.3276326, 30.5631764], [114.3276509, 30.5631898], [114.3278051, 30.5633009], [114.3278241, 30.5633148], [114.3279833, 30.5634211], [114.3280331, 30.5634449], [114.3280955, 30.5634568], [114.3281563, 30.5634491], [114.3282692, 30.5634506], [114.3283782, 30.5634963], [114.3284389, 30.5635284], [114.3285096, 30.5635309], [114.3285806, 30.56351], [114.3286515, 30.563478901], [114.3288485, 30.5635534], [114.3290052, 30.563636]], [[114.3429466, 30.572198], [114.3427907, 30.5722449], [114.3426189, 30.5723862], [114.3425222, 30.5725783], [114.3424898, 30.5727589], [114.342538, 30.5729002], [114.3428964, 30.5731533], [114.343001, 30.5733254], [114.3430635, 30.5734835], [114.3430094, 30.5737146], [114.3430347, 30.5738146], [114.3431002, 30.5739279], [114.3432327, 30.5739333], [114.3433468, 30.5738724], [114.3434271, 30.5736896], [114.3434442, 30.5735007], [114.3434932, 30.5733697], [114.3434631, 30.5732417], [114.3433745, 30.5730766], [114.3434955, 30.5729857], [114.3435856, 30.573003601], [114.3438028, 30.5730076], [114.3439615, 30.5729346], [114.3441011, 30.5728217], [114.3440539, 30.5726163], [114.3437646, 30.5725661], [114.3435987, 30.5725024], [114.3434165, 30.5724492], [114.3433391, 30.5722927], [114.3430756, 30.5722157], [114.3429466, 30.572198]], [[114.3448565, 30.5738664], [114.344698, 30.5739259], [114.3446411, 30.5740309], [114.3446838, 30.5741473], [114.3447688, 30.5741848], [114.3448504, 30.5741815], [114.3449765, 30.5741219], [114.3451289, 30.5740187], [114.3451635, 30.5739478], [114.3451737, 30.5738454], [114.3451147, 30.5737772], [114.3450273, 30.5737562], [114.3448565, 30.5738664]], [[114.3431272, 30.5744097], [114.3429883, 30.5742692], [114.3428034, 30.5743169], [114.3426372, 30.5744409], [114.3426418, 30.5745682], [114.3424955, 30.5747433], [114.3423515, 30.5749284], [114.3421613, 30.5750212], [114.3420543, 30.5751141], [114.3420585, 30.5752182], [114.3420787, 30.5752642], [114.342021, 30.575304101], [114.3419627, 30.5752938], [114.3418928, 30.5752376], [114.341807, 30.5752104], [114.3416607, 30.5752505], [114.3415792, 30.5752951], [114.3415192, 30.575357], [114.3415122, 30.575469], [114.3415149, 30.5755194], [114.3415018, 30.575551], [114.3414545, 30.5755688], [114.3414022, 30.5755679], [114.3413726, 30.5755354], [114.3413576, 30.5755005], [114.3413041, 30.5754632], [114.341231401, 30.575448], [114.3411395, 30.5754472], [114.3410616, 30.5754871], [114.341009, 30.575563], [114.3409918, 30.5756406], [114.3410017, 30.575717701], [114.3410224, 30.5758637], [114.3410294, 30.5758998], [114.3410475, 30.5759293], [114.3410689, 30.5759449], [114.3411199, 30.5759547], [114.3411336, 30.5759578], [114.3412142, 30.5760296], [114.3413993, 30.5762634], [114.3415468, 30.5763974], [114.3416154, 30.5764489], [114.3417023, 30.5764805], [114.3419753, 30.5764753], [114.3422428, 30.5763986], [114.3422995, 30.5763435], [114.342352, 30.5761808], [114.3422682, 30.5760019], [114.3423507, 30.5758097], [114.3424755, 30.5757195], [114.3426126, 30.5756983], [114.3428344, 30.575746], [114.3430731, 30.5758106], [114.3432231, 30.5756847], [114.3433907, 30.5755849], [114.3435153, 30.5755119], [114.3437217, 30.5753163], [114.3440791, 30.5751359], [114.3441681, 30.5750006], [114.3441945, 30.5749013], [114.3441719, 30.57481], [114.3441713, 30.5747276], [114.3441287, 30.5746492], [114.3439805, 30.5744758], [114.3436879, 30.5745438], [114.3433952, 30.5746637], [114.3432377, 30.5745746], [114.3431272, 30.5744097]]]}, "properties": {"id": 17661, "name": "沙湖", "type": "水域", "area_sqm": 2661087}}, {"type": "Feature", "geometry": {"type": "Polygon", "coordinates": [[[114.3943517, 30.5647461], [114.3942364, 30.5647564], [114.3941599, 30.5647888], [114.393657, 30.5653246], [114.3935765, 30.565492], [114.393543, 30.5656606], [114.3935738, 30.565977], [114.393602, 30.5662634], [114.3936181, 30.566499], [114.3936181, 30.5666144], [114.3936194, 30.566774901], [114.3936006, 30.5670298], [114.3935604, 30.56721], [114.3934638, 30.5674501], [114.3932185, 30.5677854], [114.392855, 30.5682284], [114.3923534, 30.568822], [114.3921442, 30.5690344], [114.391876, 30.5692099], [114.3916453, 30.5693162], [114.3913821, 30.5694029], [114.3913698, 30.5693731], [114.3914706, 30.5693413], [114.3911189, 30.568564801], [114.390609401, 30.5687165], [114.3906427, 30.5688014], [114.3900746, 30.568906], [114.3899243, 30.5689413], [114.3895961, 30.5690183], [114.3895505, 30.5690644], [114.3895585, 30.569143], [114.388858501, 30.5693138], [114.3885113, 30.5694182], [114.3881209, 30.5695772], [114.3875874, 30.5697924], [114.3871031, 30.5700175], [114.3868502, 30.5701507], [114.3867953, 30.5702581], [114.3866711, 30.57057], [114.3865184, 30.570881], [114.3863716, 30.5710443], [114.3864056, 30.5711478], [114.3863413, 30.5712148], [114.3862715, 30.5713049], [114.3862031, 30.5714062], [114.3861173, 30.571567801], [114.386069, 30.5717064], [114.3860636, 30.5719604], [114.3861575, 30.5726971], [114.386226, 30.5732748], [114.3862741, 30.5735714], [114.386455, 30.5743851], [114.3865704, 30.5749272], [114.3867169, 30.5755702], [114.3870614, 30.5771273], [114.3876125, 30.5787368], [114.3878234, 30.5792292], [114.3878707, 30.5794869], [114.3878778, 30.5796087], [114.3878073, 30.5797375], [114.3871724, 30.5806864], [114.3863563, 30.5818813], [114.3858532, 30.5825162], [114.3853529, 30.5833198], [114.3852952, 30.5833764], [114.3852442, 30.5833879], [114.3836741, 30.5833307], [114.3823352, 30.5832522], [114.3821931, 30.5832426], [114.3820728, 30.5832353], [114.382037, 30.5832332], [114.3819171, 30.5832275], [114.3808808, 30.5831462], [114.3802513, 30.583089701], [114.3789531, 30.5829469], [114.3789102, 30.5829166], [114.3788284, 30.582731001], [114.3787466, 30.5825844], [114.3785883, 30.58241], [114.3784381, 30.5822888], [114.3781739, 30.5821791], [114.3779875, 30.5821214], [114.377435, 30.5818962], [114.3768744, 30.5816988], [114.3765955, 30.5816041], [114.3761422, 30.5814194], [114.3759142, 30.5812797], [114.3755454, 30.5810696], [114.3752557, 30.5809899], [114.3749258, 30.5809437], [114.3731932, 30.5808514], [114.3731953, 30.5806238], [114.3731959, 30.5805581], [114.3731783, 30.58038], [114.3730912, 30.5802279], [114.3730376, 30.5801402], [114.3729315, 30.5801698], [114.3729223, 30.580288], [114.3729464, 30.5803965], [114.373043, 30.5804912], [114.373043, 30.5805627], [114.3729625, 30.580632], [114.3728391, 30.5806851], [114.3727169, 30.5807217], [114.3726392, 30.580811801], [114.3725897, 30.5808814], [114.3724958, 30.580923], [114.3724299, 30.580918], [114.372418, 30.5808583], [114.3723885, 30.5808168], [114.3724448, 30.5807983], [114.3724958, 30.5807382], [114.3725655, 30.5806459], [114.3726031, 30.5806159], [114.3726782, 30.5805535], [114.3726713, 30.5804585], [114.3726016, 30.5802899], [114.3726219, 30.5801332], [114.3726219, 30.5800363], [114.3725989, 30.5799897], [114.3726272, 30.5799254], [114.372646, 30.5798862], [114.372638, 30.5798515], [114.372607, 30.579835], [114.3725185, 30.5797981], [114.3724836, 30.5797611], [114.3723763, 30.579678], [114.3723402, 30.5796368], [114.3723751, 30.5795998], [114.3725521, 30.5795098], [114.3725521, 30.579556], [114.3725441, 30.5796275], [114.372605801, 30.5797222], [114.3726433, 30.5797869], [114.3726916, 30.5798215], [114.3727304, 30.5798697], [114.3728081, 30.5799713], [114.3728847, 30.5800201], [114.3729464, 30.580057], [114.3729893, 30.5800455], [114.3730081, 30.5800132], [114.3729571, 30.5799554], [114.3728659, 30.5798077], [114.3728484, 30.5796942], [114.3728322, 30.5796591], [114.3727694, 30.5795236], [114.3727184, 30.5794405], [114.3727023, 30.5793966], [114.3726257, 30.579329301], [114.3725092, 30.579138], [114.3725173, 30.5790664], [114.3724958, 30.5790133], [114.3724246, 30.5789875], [114.3710269, 30.578814], [114.370203, 30.5775495], [114.3701794, 30.5774805], [114.3701728, 30.5774], [114.3701676, 30.5773576], [114.370511, 30.5769881], [114.370857, 30.5766463], [114.370983, 30.5765794], [114.3715034, 30.5765032], [114.3718333, 30.5766302], [114.372084, 30.5767985], [114.3721257, 30.5768265], [114.3722154, 30.5769254], [114.3723054, 30.5769858], [114.3724219, 30.5770178], [114.3725092, 30.5769835], [114.3726272, 30.5768934], [114.3727372, 30.5768172], [114.3728257, 30.5767341], [114.3729276, 30.5766879], [114.3732319, 30.5766275], [114.3734212, 30.5765701], [114.3735284, 30.5765216], [114.3735419, 30.5764454], [114.3737216, 30.5764039], [114.3739013, 30.5764223], [114.3740998, 30.5764454], [114.374224301, 30.5765098], [114.3742526, 30.5766256], [114.3742807, 30.576895401], [114.374258, 30.5770228], [114.3741749, 30.5772006], [114.3741761, 30.5773157], [114.3742768, 30.5774546], [114.3743599, 30.5775516], [114.3746845, 30.5775539], [114.3748803, 30.577383], [114.3752612, 30.5770366], [114.3752746, 30.5770135], [114.3756072, 30.576711], [114.3759693, 30.5761776], [114.376188, 30.575811], [114.3762697, 30.5756741], [114.3766184, 30.5753254], [114.3768624, 30.5750091], [114.3769027, 30.5747897], [114.3768785, 30.5746142], [114.3767739, 30.5743555], [114.3767042, 30.5742124], [114.3766088, 30.5741982], [114.376503, 30.5742147], [114.3764172, 30.5741847], [114.3763287, 30.5740969], [114.3762333, 30.5740527], [114.3760402, 30.5740203], [114.3757735, 30.574025301], [114.3755225, 30.5740688], [114.3753804, 30.5741243], [114.3751738, 30.5742305], [114.3750037, 30.5742632], [114.3748922, 30.5742513], [114.3747232, 30.5741658], [114.374602501, 30.5740596], [114.3741385, 30.5737709], [114.3736411, 30.5732863], [114.3733085, 30.5727875], [114.3729315, 30.5721498], [114.3727491, 30.571875], [114.3726284, 30.5718057], [114.3724287, 30.5717714], [114.3722651, 30.5718107], [114.3720893, 30.5719027], [114.3719888, 30.5719723], [114.3719559, 30.5719804], [114.371921, 30.5719789], [114.3706109, 30.5709308], [114.3705847, 30.5708661], [114.3705324, 30.5707056], [114.370452, 30.5704863], [114.3703802, 30.5702778], [114.3702743, 30.5700515], [114.3701241, 30.5698933], [114.3700336, 30.5698061], [114.3700194, 30.5697639], [114.3700348, 30.569716], [114.3702092, 30.569447], [114.3704452, 30.5690192], [114.37047, 30.5689799], [114.3705233, 30.5688959], [114.3705269, 30.5688826], [114.3705258, 30.568872701], [114.3705199, 30.5688583], [114.3706262, 30.5686953], [114.3706946, 30.568619], [114.3707375, 30.5685578], [114.370767, 30.5684978], [114.3711252, 30.5679066], [114.3711372, 30.5678858], [114.3711654, 30.567872], [114.3712673, 30.5678662], [114.3713385, 30.5678281], [114.3714336, 30.5676941], [114.371486, 30.5675891], [114.3715396, 30.5672218], [114.3715128, 30.5668951], [114.3714417, 30.5667369], [114.3713639, 30.5666052], [114.3712083, 30.5665475], [114.3710593, 30.566561], [114.370893, 30.5665887], [114.370851, 30.5663286], [114.3708335, 30.5663021], [114.3708059, 30.5662865], [114.3707409, 30.5660671], [114.3707328, 30.5659886], [114.3706746, 30.5657288], [114.3707214, 30.5656349], [114.3707187, 30.5655564], [114.3706987, 30.5653997], [114.3706478, 30.5650324], [114.3704949, 30.5646606], [114.3703593, 30.5643046], [114.3703259, 30.5641895], [114.3703259, 30.5640509], [114.3703473, 30.5638777], [114.3704251, 30.5638223], [114.3705002, 30.5637645], [114.3703688, 30.5635058], [114.3703313, 30.5633719], [114.3703259, 30.563104], [114.3703688, 30.5629054], [114.3704171, 30.5625635], [114.3705217, 30.5623487], [114.3706638, 30.5621085], [114.3706585, 30.5620462], [114.3705324, 30.5618776], [114.3704144, 30.5616697], [114.3703915, 30.5614731], [114.3703876, 30.5613441], [114.3703393, 30.5612794], [114.3702761, 30.5612421], [114.3701086, 30.5612424], [114.3699999, 30.5612306], [114.3698604, 30.561159], [114.3696124, 30.56103], [114.3694473, 30.5608887], [114.3692984, 30.5607348], [114.369273, 30.5607086], [114.3689499, 30.560334801], [114.3686146, 30.5598544], [114.3684335, 30.5595561], [114.3682418, 30.5591846], [114.3680058, 30.5586372], [114.3678985, 30.5583], [114.367759, 30.5578149], [114.3675739, 30.5572167], [114.3674598, 30.5568976], [114.3672682, 30.5567063], [114.3670375, 30.5564591], [114.3668831, 30.5563133], [114.3665896, 30.5559995], [114.3665896, 30.5558563], [114.3667559, 30.5553874], [114.3668685, 30.5551841], [114.3670724, 30.5552604], [114.3671475, 30.5552119], [114.3671502, 30.5551149], [114.3671502, 30.5548515], [114.3672172, 30.5547037], [114.3672092, 30.5546067], [114.3671797, 30.5545374], [114.3671084, 30.5544886], [114.3668268, 30.5545024], [114.3665613, 30.5545486], [114.3665237, 30.554703401], [114.3666122, 30.5549159], [114.3667678, 30.5551307], [114.3667705, 30.5552531], [114.3666176, 30.5555603], [114.3665184, 30.5559044], [114.3664164, 30.5559576], [114.3663038, 30.5559807], [114.3662314, 30.5560222], [114.3662904, 30.5560523], [114.3663682, 30.5560523], [114.366462, 30.5560453], [114.3665091, 30.5560665], [114.366517201, 30.5560919], [114.3664984, 30.5561242], [114.3665157, 30.5561608], [114.3665493, 30.5561866], [114.3665976, 30.5561981], [114.3666352, 30.5562258], [114.3666995, 30.5562697], [114.3667398, 30.5562905], [114.3667437, 30.5563571], [114.3667356, 30.5563872], [114.3666942, 30.5564245], [114.366631, 30.5564657], [114.3664996, 30.5565119], [114.3663923, 30.556505], [114.3664808, 30.5566574], [114.3665413, 30.556766301], [114.3664862, 30.5568353], [114.3664084, 30.5568722], [114.3664125, 30.5569742], [114.3664138, 30.5571517], [114.3663977, 30.5572649], [114.3662918, 30.5573599], [114.366277, 30.557445], [114.3661577, 30.5574846], [114.3660409, 30.5575628], [114.3659095, 30.5576206], [114.3657915, 30.5577499], [114.3657271, 30.5579], [114.3656857, 30.5581152], [114.3656896, 30.5583781], [114.3655823, 30.5584451], [114.3643821, 30.5584039], [114.3628264, 30.5582815], [114.3627486, 30.5583023], [114.362715, 30.558362], [114.3626613, 30.558355], [114.3626631, 30.5582922], [114.3626709, 30.5580112], [114.3627111, 30.557678701], [114.3627996, 30.5574177], [114.362864, 30.5571197], [114.3630625, 30.556503], [114.3630651, 30.5564222], [114.3629832, 30.5563479], [114.3628559, 30.5562305], [114.3625716, 30.5558701], [114.3624858, 30.555729201], [114.3624375, 30.5556045], [114.3624321, 30.5555144], [114.3624885, 30.5553481], [114.3627352, 30.5552627], [114.3630932, 30.5550752], [114.3632422, 30.5549878], [114.363261, 30.5549024], [114.3632663, 30.5547407], [114.3632878, 30.554348], [114.3631871, 30.553918], [114.3621195, 30.5534907], [114.3618808, 30.553396], [114.3614678, 30.5532551], [114.3611298, 30.5530888], [114.3606229, 30.5529595], [114.3603815, 30.5529156], [114.3601132, 30.5529271], [114.3598665, 30.5529502], [114.3596921, 30.553021801], [114.3589626, 30.5528925], [114.3588848, 30.5529456], [114.3587092, 30.5529182], [114.3583644, 30.5529156], [114.3581391, 30.5529318], [114.3579904, 30.5529552], [114.3577732, 30.5527635], [114.3575666, 30.5526503], [114.3574057, 30.552608701], [114.3567056, 30.552946], [114.3565244, 30.552975601], [114.3563984, 30.5529318], [114.3561328, 30.5529872], [114.3559412, 30.5530083], [114.3552826, 30.552978], [114.3551512, 30.5529341], [114.3545009, 30.5527196], [114.3543143, 30.55271], [114.3541668, 30.5527354], [114.3540273, 30.5527886], [114.3540005, 30.552941], [114.353684, 30.5530011], [114.3535514, 30.5528767], [114.3535391, 30.5527816], [114.3527881, 30.5527678], [114.3525655, 30.5525876], [114.3523375, 30.552583], [114.3522034, 30.5525183], [114.3521781, 30.5524193], [114.3522129, 30.552331601], [114.3521995, 30.5522946], [114.3521459, 30.5522992], [114.3520949, 30.5523362], [114.3520466, 30.5524078], [114.3519459, 30.5524906], [114.3518359, 30.5524952], [114.3517891, 30.552405501], [114.3516926, 30.552405501], [114.3516348, 30.5524883], [114.351596, 30.5526134], [114.3514926, 30.5526361], [114.351152, 30.5526869], [114.3510796, 30.5527516], [114.3509106, 30.5527585], [114.3508021, 30.5527912], [114.3506585, 30.5528578], [114.3503983, 30.5528986], [114.3502133, 30.5529251], [114.3500604, 30.5529563], [114.3495199, 30.5530938], [114.3494622, 30.553092601], [114.3493871, 30.5530684], [114.3492839, 30.5530187], [114.3492007, 30.5530106], [114.3491377, 30.553021], [114.3490331, 30.5530799], [114.3488234, 30.5526804], [114.3487856, 30.5526105], [114.3486549, 30.5523685], [114.3488587, 30.5522126], [114.348907, 30.5521375], [114.3489405, 30.5520428], [114.3489526, 30.5519273], [114.3488346, 30.5514073], [114.3488038, 30.5509757], [114.3487582, 30.5504814], [114.348659, 30.5500679], [114.3484417, 30.549495], [114.3481601, 30.548825201], [114.3480394, 30.5485272], [114.3484793, 30.5484625], [114.3484552, 30.5483378], [114.3485705, 30.548317], [114.3485812, 30.54828], [114.3492786, 30.5481414], [114.3498553, 30.5479913], [114.3500698, 30.5479405], [114.3505848, 30.5480052], [114.351262, 30.5480649], [114.3515907, 30.5480236], [114.3521486, 30.5478735], [114.3523885, 30.5478085], [114.3526621, 30.5478015], [114.3530122, 30.5479174], [114.3534816, 30.5480421], [114.3538518, 30.5480791], [114.3543828, 30.548088301], [114.3547852, 30.5480398], [114.3552438, 30.5478827], [114.3557186, 30.5477303], [114.3563462, 30.547564], [114.3568478, 30.5475154], [114.357462, 30.5475062], [114.3580601, 30.547527], [114.3585549, 30.5476329], [114.3589733, 30.54776], [114.3592415, 30.5478685], [114.3595112, 30.5480906], [114.359699, 30.5481484], [114.3599362, 30.5481711], [114.360124, 30.5481526], [114.360214, 30.548189901], [114.3603037, 30.5481965], [114.3603642, 30.548183], [114.3606807, 30.5480075], [114.3607531, 30.5478365], [114.3610535, 30.5476494], [114.3612225, 30.5475663], [114.3617428, 30.5472637], [114.3621344, 30.5470719], [114.3624321, 30.5469888], [114.3627916, 30.5468502], [114.3630464, 30.5467532], [114.3634621, 30.546536001], [114.3639047, 30.5463374], [114.3642775, 30.5461225], [114.3646933, 30.5459632], [114.3649755, 30.5458776], [114.3649872, 30.5458751], [114.3653718, 30.5457841], [114.365816, 30.5456802], [114.3658418, 30.5456765], [114.3660409, 30.5456094], [114.3662704, 30.5455243], [114.3666045, 30.5453774], [114.3666161, 30.5453747], [114.3671072, 30.5451188], [114.3674263, 30.5449248], [114.3678877, 30.544658], [114.3680044, 30.5445841], [114.3681197, 30.544494], [114.3683048, 30.5442549], [114.3683732, 30.5441174], [114.3683799, 30.5439511], [114.368355, 30.543770101], [114.3683538, 30.5437615], [114.3683535, 30.5437532], [114.3683525, 30.5437297], [114.3683507, 30.5436543], [114.368338, 30.5436172], [114.3682823, 30.5435344], [114.3682679, 30.5434337], [114.3682712, 30.5433364], [114.3682981, 30.5430675], [114.3683302, 30.5430109], [114.368455, 30.5428794], [114.3684608, 30.5428738], [114.3684658, 30.5428689], [114.3685468, 30.5427805], [114.3686266, 30.5426228], [114.368679, 30.5425282], [114.3687607, 30.5424276], [114.3688144, 30.542363], [114.3688251, 30.5423098], [114.3688076, 30.5422774], [114.3687795, 30.5422252], [114.3686575, 30.5420892], [114.3686602, 30.5420349], [114.3687889, 30.5416792], [114.3688801, 30.5415764], [114.3689553, 30.5415722], [114.3690236, 30.5415683], [114.3691564, 30.541499], [114.3692328, 30.5414597], [114.3696901, 30.5407216], [114.3697936, 30.5405895], [114.3703003, 30.5399431], [114.3703593, 30.5398634], [114.370582, 30.5396521], [114.370712, 30.5396139], [114.3708275, 30.5396151], [114.3711023, 30.539696], [114.371168, 30.5396844], [114.3717635, 30.53913], [114.3717393, 30.5388655], [114.3716629, 30.5387419], [114.3716334, 30.5386356], [114.3716629, 30.5384981], [114.3718587, 30.538224401], [114.3719445, 30.5381008], [114.3720156, 30.5378744], [114.3720599, 30.5377935], [114.3721122, 30.5377115], [114.3721497, 30.5375868], [114.372151, 30.5373927], [114.3721497, 30.5371848], [114.3721591, 30.5370381], [114.372178, 30.5370035], [114.3721953, 30.5369712], [114.3721821, 30.5368811], [114.3723674, 30.5368627], [114.3724649, 30.5368649], [114.3725252, 30.5368568], [114.3726955, 30.5368441], [114.374093, 30.5367493], [114.3761408, 30.5365923], [114.3767405, 30.53655], [114.3767475, 30.536489], [114.3768105, 30.5364863], [114.3768664, 30.5365553], [114.3770152, 30.5365888], [114.3771146, 30.5366512], [114.3772593, 30.5369134], [114.3773505, 30.5371224], [114.3775155, 30.5373904], [114.3776844, 30.5375591], [114.3779325, 30.537812], [114.3780841, 30.5379564], [114.3782035, 30.5380442], [114.3783577, 30.5381401], [114.3786836, 30.5382729], [114.3789142, 30.538385], [114.3792146, 30.5385293], [114.3795955, 30.5387141], [114.3797725, 30.5387742], [114.3809527, 30.5389117], [114.3814919, 30.5388435], [114.3817816, 30.5388389], [114.382297801, 30.5388528], [114.3828051, 30.5389475], [114.383744901, 30.5391635], [114.3847352, 30.5390267], [114.3853207, 30.5388458], [114.3855688, 30.5387684], [114.3858048, 30.5386749], [114.3859151, 30.5385984], [114.3863051, 30.5386183], [114.3863238, 30.5386841], [114.3863714, 30.5387182], [114.3864264, 30.5387303], [114.3864955, 30.5387141], [114.3865498, 30.5386651], [114.3865639, 30.5386015], [114.3873538, 30.538633], [114.3876639, 30.5386261], [114.3881145, 30.5387832], [114.3884686, 30.538968], [114.3891123, 30.5392175], [114.3894164, 30.5393191], [114.3894554, 30.5394049], [114.3894593, 30.5395085], [114.389442, 30.5398438], [114.3893909, 30.5399062], [114.3894244, 30.5399936], [114.3893212, 30.540864601], [114.3892796, 30.5409307], [114.3893091, 30.5410032], [114.3892394, 30.541941], [114.3892608, 30.5421859], [114.3893078, 30.5423225], [114.3892863, 30.5424149], [114.3893574, 30.5425001], [114.3895987, 30.5432115], [114.3896873, 30.5434033], [114.3898133, 30.5435327], [114.3901004, 30.5437337], [114.3901563, 30.5436846], [114.390229, 30.5437292], [114.3902291, 30.5437868], [114.3902613, 30.543816801], [114.3905443, 30.5439881], [114.3908299, 30.544161], [114.3911399, 30.5443693], [114.391361, 30.544526], [114.3917606, 30.5446808], [114.3921966, 30.5448659], [114.392376201, 30.5449496], [114.3924373, 30.5449941], [114.3924917, 30.545029901], [114.393012001, 30.5452401], [114.3934009, 30.5453441], [114.393637, 30.5454111], [114.393883, 30.5454451], [114.3939567, 30.5454151], [114.3940171, 30.5453585], [114.3940457, 30.5452452], [114.3941083, 30.5452607], [114.3941022, 30.5453391], [114.3941237, 30.5454061], [114.3941297, 30.5454451], [114.3941425, 30.545504], [114.3941532, 30.5455416], [114.3942263, 30.5456091], [114.3943316, 30.5456819], [114.3947017, 30.5458915], [114.3949726, 30.5460024], [114.3951765, 30.5460809], [114.3953106, 30.5461283], [114.3954568, 30.5461687], [114.3956003, 30.5462184], [114.3958068, 30.5462807], [114.3959503, 30.5463189], [114.3961032, 30.5463524], [114.3962722, 30.5463928], [114.3965404, 30.5464436], [114.3969172, 30.5465614], [114.3971103, 30.5466411], [114.3972807, 30.5467728], [114.397396, 30.5468663], [114.3976012, 30.5470142], [114.3980022, 30.5471551], [114.3983147, 30.5473583], [114.3986244, 30.5477545], [114.3987277, 30.5479139], [114.3986714, 30.5483655], [114.3985628, 30.5487016], [114.3985252, 30.5491578], [114.3985292, 30.5495805], [114.3986097, 30.5501672], [114.3986352, 30.5504767], [114.3985789, 30.5512702], [114.3986124, 30.5515774], [114.3986795, 30.5528224], [114.3987538, 30.5529697], [114.3988658, 30.5534691], [114.3990536, 30.5538317], [114.3993808, 30.5543087], [114.4000138, 30.5549854], [114.4003519, 30.5552531], [114.4006892, 30.5554708], [114.4012371, 30.5558244], [114.4014689, 30.555974], [114.4015051, 30.5560711], [114.4015253, 30.556205], [114.401489, 30.5580828], [114.4014843, 30.5582699], [114.4014669, 30.5599427], [114.4015038, 30.5599427], [114.4014702, 30.561664], [114.4014475, 30.5617759], [114.4013844, 30.561866], [114.4012812, 30.5619145], [114.4011578, 30.5619445], [114.4011578, 30.5619791], [114.3985811, 30.5622844], [114.3982497, 30.5623373], [114.3979848, 30.5623776], [114.3978198, 30.562403], [114.3970365, 30.5625031], [114.3967013, 30.5625655], [114.3964089, 30.5626694], [114.3962601, 30.562739], [114.396008, 30.5628915], [114.3955265, 30.5633869], [114.395509, 30.563443501], [114.3955533, 30.5635173], [114.3943517, 30.5647461]], [[114.3865524, 30.5698628], [114.3866034, 30.5697935], [114.3867026, 30.5697219], [114.3867134, 30.5696758], [114.3866758, 30.5696157], [114.3865685, 30.5695649], [114.3865015, 30.5695487], [114.3864344, 30.569558], [114.3863486, 30.5696203], [114.3862949, 30.5696711], [114.3862735, 30.5697404], [114.3862547, 30.5698259], [114.3862762, 30.5698767], [114.3862976, 30.5699044], [114.3863057, 30.5699205], [114.3863057, 30.5699598], [114.3863191, 30.5699968], [114.3863727, 30.5700245], [114.3864156, 30.5700268], [114.3865524, 30.5698628]]]}, "properties": {"id": 35347, "name": "东湖 郭郑湖", "type": "水域", "area_sqm": 12319322}}]}