{"type": "FeatureCollection", "features": [{"type": "Feature", "geometry": {"type": "Polygon", "coordinates": [[[114.368543876, 30.539680164], [114.367810115, 30.539629617], [114.36781521, 30.539528142], [114.368532453, 30.539585677], [114.368538989, 30.539585927], [114.368544251, 30.539585688], [114.368543876, 30.539680164]]]}, "properties": {"id": 2463, "land_type": "教育用地"}}, {"type": "Feature", "geometry": {"type": "Polygon", "coordinates": [[[114.362020226, 30.533595], [114.36201921, 30.533596181], [114.361796169, 30.533607957], [114.361497527, 30.533606189], [114.361493186, 30.533472147], [114.362149493, 30.533444112], [114.362020226, 30.533595]]]}, "properties": {"id": 2471, "land_type": "教育用地"}}, {"type": "Feature", "geometry": {"type": "Polygon", "coordinates": [[[114.363607675, 30.533669586], [114.363657209, 30.533675091], [114.363640498, 30.533808185], [114.363117368, 30.533744775], [114.363140298, 30.533621267], [114.363607675, 30.533669586]]]}, "properties": {"id": 2472, "land_type": "居住用地"}}, {"type": "Feature", "geometry": {"type": "Polygon", "coordinates": [[[114.365465006, 30.531826731], [114.36557578, 30.532335693], [114.365576129, 30.532337188], [114.365664909, 30.532693147], [114.365588874, 30.53260582], [114.365579995, 30.532571092], [114.365354868, 30.531559871], [114.365353309, 30.531554347], [114.365323574, 30.53146771], [114.365368805, 30.531459159], [114.365465006, 30.531826731]]]}, "properties": {"id": 2515, "land_type": "居住用地"}}, {"type": "Feature", "geometry": {"type": "Polygon", "coordinates": [[[114.363183272, 30.532243221], [114.363221708, 30.532373311], [114.363221754, 30.532373443], [114.363221787, 30.532373578], [114.363273547, 30.532545361], [114.362718778, 30.532660002], [114.362688489, 30.532500626], [114.362688263, 30.532499717], [114.362688107, 30.532498798], [114.362651279, 30.532337554], [114.362650922, 30.532335732], [114.363181752, 30.532239231], [114.363183272, 30.532243221]]]}, "properties": {"id": 2516, "land_type": "教育用地"}}, {"type": "Feature", "geometry": {"type": "Polygon", "coordinates": [[[114.361743443, 30.533817568], [114.36149424, 30.533972664], [114.361489464, 30.53397593], [114.361485051, 30.533979555], [114.361446529, 30.534014187], [114.361126639, 30.534088576], [114.361120155, 30.534090391], [114.360767219, 30.534206534], [114.360577741, 30.533875106], [114.360896761, 30.533793757], [114.36143716, 30.53372203], [114.361459769, 30.53372203], [114.361797537, 30.533724029], [114.361802122, 30.533723922], [114.361869071, 30.533720387], [114.361743443, 30.533817568]]]}, "properties": {"id": 2473, "land_type": "教育用地"}}, {"type": "Feature", "geometry": {"type": "Polygon", "coordinates": [[[114.363625045, 30.533923517], [114.363621136, 30.533950875], [114.363602798, 30.534077877], [114.363065974, 30.534001302], [114.363088345, 30.533890102], [114.363094804, 30.533859245], [114.363625045, 30.533923517]]]}, "properties": {"id": 2474, "land_type": "居住用地"}}, {"type": "Feature", "geometry": {"type": "Polygon", "coordinates": [[[114.35541626, 30.535042308], [114.355463859, 30.535237905], [114.355646682, 30.53598836], [114.355113521, 30.536091744], [114.355009399, 30.536102608], [114.354941587, 30.536096581], [114.354906303, 30.536078618], [114.354863177, 30.536042257], [114.354860915, 30.536039996], [114.354484653, 30.535632228], [114.354951203, 30.535296527], [114.355399552, 30.534973684], [114.35541626, 30.535042308]]]}, "properties": {"id": 3691, "land_type": "教育用地"}}, {"type": "Feature", "geometry": {"type": "Polygon", "coordinates": [[[114.368565802, 30.531138], [114.368571874, 30.531140442], [114.368578199, 30.531142352], [114.368584712, 30.531143711], [114.368656767, 30.531155514], [114.368668226, 30.531284148], [114.368668227, 30.531284177], [114.368678828, 30.531402177], [114.368679904, 30.531408948], [114.368681897, 30.531415563], [114.368705597, 30.531478662], [114.368707717, 30.531483545], [114.368710336, 30.531488242], [114.368713433, 30.531492718], [114.368716984, 30.531496937], [114.368757083, 30.531540338], [114.36876155, 30.531544703], [114.368766501, 30.531548661], [114.368771888, 30.531552173], [114.368777655, 30.531555202], [114.368827055, 30.531578302], [114.368834303, 30.531581225], [114.368841903, 30.531583387], [114.369362902, 30.531702599], [114.369627436, 30.532310922], [114.36941923, 30.53237776], [114.369356626, 30.532264546], [114.369353378, 30.532259366], [114.369349537, 30.532254496], [114.369345142, 30.532249986], [114.369340241, 30.532245882], [114.36933488, 30.532242228], [114.369329118, 30.532239061], [114.369323013, 30.532236413], [114.369316628, 30.53223431], [114.368428711, 30.531985697], [114.368441057, 30.531957439], [114.368442971, 30.531952361], [114.368444335, 30.531947153], [114.368445137, 30.531941859], [114.368473137, 30.531654859], [114.368473266, 30.531653289], [114.368502266, 30.531213289], [114.368502191, 30.531205726], [114.368496865, 30.53114358], [114.368564574, 30.53113737], [114.368565802, 30.531138]]]}, "properties": {"id": 2345, "land_type": "居住用地"}}, {"type": "Feature", "geometry": {"type": "Polygon", "coordinates": [[[114.371275281, 30.534123523], [114.371237128, 30.534131458], [114.370956198, 30.534184901], [114.370839457, 30.534203203], [114.369992224, 30.534335518], [114.370003754, 30.534306355], [114.370059122, 30.534237371], [114.370282817, 30.533967739], [114.370285033, 30.533964894], [114.370377033, 30.533838893], [114.370380369, 30.533833766], [114.370383086, 30.533828372], [114.370385155, 30.53382277], [114.370407155, 30.53375077], [114.370407935, 30.533747931], [114.370427935, 30.53366593], [114.370429034, 30.533659829], [114.370429373, 30.533653659], [114.370428375, 30.533506995], [114.370429057, 30.533403421], [114.370634133, 30.533371082], [114.370634439, 30.53337102], [114.370634748, 30.533370982], [114.370923841, 30.533323001], [114.371275281, 30.534123523]]]}, "properties": {"id": 2348, "land_type": "居住用地"}}, {"type": "Feature", "geometry": {"type": "Polygon", "coordinates": [[[114.369214017, 30.533651855], [114.36921912, 30.53365318], [114.369224327, 30.533654153], [114.369257328, 30.533659154], [114.369260743, 30.533659594], [114.369307743, 30.533664593], [114.369309213, 30.53366467], [114.369293794, 30.534194039], [114.369238652, 30.534221503], [114.369083822, 30.534227824], [114.369093962, 30.534185811], [114.369095155, 30.534178671], [114.369098155, 30.534146671], [114.369098373, 30.534142], [114.369098373, 30.534089999], [114.369098373, 30.534077], [114.369097968, 30.534070644], [114.369096757, 30.534064365], [114.369061739, 30.533929152], [114.369053356, 30.533845332], [114.369052567, 30.533731749], [114.369150887, 30.533663969], [114.369200175, 30.53364774], [114.369214017, 30.533651855]]]}, "properties": {"id": 2349, "land_type": "体育与文化用地"}}, {"type": "Feature", "geometry": {"type": "Polygon", "coordinates": [[[114.371063075, 30.535199056], [114.37087834, 30.535080729], [114.3710607, 30.535080729], [114.371067457, 30.535080437], [114.371074146, 30.535079562], [114.3710807, 30.535078114], [114.371087052, 30.535076107], [114.371093136, 30.535073562], [114.371098896, 30.535070503], [114.371104269, 30.535066963], [114.371109204, 30.535062976], [114.371113649, 30.535058582], [114.37111756, 30.535053828], [114.371120898, 30.535048759], [114.371123629, 30.535043427], [114.371125726, 30.535037887], [114.371127166, 30.535032193], [114.371127937, 30.535026403], [114.371128028, 30.535020577], [114.371117228, 30.534766477], [114.371116983, 30.534764019], [114.371116776, 30.534761559], [114.3711167, 30.534761183], [114.371116663, 30.534760803], [114.371116138, 30.534758378], [114.371115653, 30.534755947], [114.371115535, 30.53475558], [114.371115454, 30.534755204], [114.371114656, 30.534752835], [114.371113896, 30.534750457], [114.371113737, 30.534750101], [114.371113614, 30.534749734], [114.371112551, 30.534747444], [114.371111523, 30.534745141], [114.371111324, 30.5347448], [114.371111161, 30.534744446], [114.371109841, 30.534742256], [114.371108557, 30.534740053], [114.37110832, 30.534739729], [114.371108116, 30.53473939], [114.371106555, 30.534737323], [114.371105025, 30.534735238], [114.371104754, 30.534734937], [114.371104512, 30.534734616], [114.371102723, 30.534732691], [114.371100964, 30.534730745], [114.371100659, 30.534730468], [114.371100382, 30.53473017], [114.371098383, 30.534728404], [114.37109641, 30.534726616], [114.371096074, 30.534726366], [114.371095766, 30.534726093], [114.371093575, 30.534724504], [114.371091408, 30.534722891], [114.371091046, 30.534722671], [114.371090707, 30.534722425], [114.371088347, 30.534721029], [114.371086007, 30.534719607], [114.371085623, 30.534719419], [114.371085256, 30.534719202], [114.371082747, 30.534718013], [114.371080258, 30.534716795], [114.371079853, 30.534716639], [114.371079464, 30.534716456], [114.371076833, 30.534715482], [114.371074216, 30.534714481], [114.371073796, 30.534714361], [114.371073388, 30.534714211], [114.371070659, 30.534713464], [114.371067941, 30.534712688], [114.370971441, 30.534689588], [114.370964916, 30.534688324], [114.370958279, 30.534687621], [114.370951594, 30.53468749], [114.370700494, 30.53469329], [114.370039934, 30.534708706], [114.370037237, 30.534672305], [114.370036673, 30.534667649], [114.3700003, 30.53445221], [114.370863521, 30.534317399], [114.370981566, 30.534298892], [114.370984031, 30.534298465], [114.371266831, 30.534244666], [114.371268113, 30.53424441], [114.371323319, 30.534232929], [114.371616153, 30.534899718], [114.371650151, 30.535027663], [114.371063075, 30.535199056]]]}, "properties": {"id": 2350, "land_type": "居住用地"}}, {"type": "Feature", "geometry": {"type": "Polygon", "coordinates": [[[114.369922262, 30.535385244], [114.369915714, 30.535386075], [114.369909294, 30.535387455], [114.369903062, 30.535389371], [114.369897078, 30.535391805], [114.369891399, 30.535394732], [114.369886082, 30.535398125], [114.369881177, 30.535401952], [114.36968164, 30.535573696], [114.369637076, 30.535612053], [114.369632688, 30.535616215], [114.369470189, 30.535786203], [114.369144103, 30.535633982], [114.369140797, 30.535632538], [114.369077749, 30.535606863], [114.369157792, 30.535567053], [114.369163173, 30.535564075], [114.369168202, 30.535560671], [114.369322304, 30.535445745], [114.369516758, 30.535300727], [114.369520002, 30.535301849], [114.36952635, 30.535303442], [114.369532849, 30.535304492], [114.369539434, 30.535304987], [114.369546046, 30.535304925], [114.369552618, 30.535304305], [114.369559088, 30.535303132], [114.369565394, 30.535301419], [114.369571474, 30.535299182], [114.369577271, 30.535296443], [114.369582727, 30.535293227], [114.369587792, 30.535289566], [114.369795791, 30.535123567], [114.369801048, 30.535118871], [114.369849049, 30.535070871], [114.369852735, 30.535066838], [114.369962734, 30.534934838], [114.369966039, 30.53493047], [114.369968876, 30.534925865], [114.370017876, 30.534836865], [114.370019912, 30.534832769], [114.370021577, 30.53482855], [114.37002273, 30.534825211], [114.370634666, 30.534810929], [114.370634173, 30.534924336], [114.370631204, 30.534922435], [114.370556184, 30.534874421], [114.370550983, 30.534871405], [114.370545479, 30.534868819], [114.37053972, 30.534866685], [114.370533754, 30.534865021], [114.370482755, 30.534853021], [114.370476362, 30.534851802], [114.370469862, 30.534851121], [114.370463316, 30.534850988], [114.370456786, 30.534851402], [114.370450333, 30.534852361], [114.370444019, 30.534853856], [114.370437904, 30.53485587], [114.370400903, 30.53486987], [114.370395395, 30.534872218], [114.370390157, 30.534874989], [114.370385235, 30.534878159], [114.370380668, 30.534881701], [114.370376496, 30.534885589], [114.370372752, 30.534889787], [114.370325752, 30.534947787], [114.370324221, 30.53494989], [114.370322659, 30.534951974], [114.370322466, 30.534952301], [114.370322239, 30.534952611], [114.370320954, 30.534954832], [114.370319638, 30.53495704], [114.370289747, 30.535013832], [114.370229217, 30.535126467], [114.370229159, 30.535126443], [114.370222969, 30.53512444], [114.370216581, 30.53512297], [114.370210057, 30.535122045], [114.37020346, 30.535121677], [114.370196851, 30.535121867], [114.370190296, 30.535122614], [114.370183858, 30.53512391], [114.370177599, 30.535125745], [114.370171579, 30.535128099], [114.370165854, 30.535130949], [114.370160483, 30.535134269], [114.370155515, 30.535138026], [114.370150998, 30.535142186], [114.370146976, 30.535146706], [114.369952702, 30.535388809], [114.369948444, 30.535387491], [114.369942027, 30.535386099], [114.369935481, 30.535385256], [114.369928872, 30.53538497], [114.369922262, 30.535385244]]]}, "properties": {"id": 2351, "land_type": "教育用地"}}, {"type": "Feature", "geometry": {"type": "Polygon", "coordinates": [[[114.371861705, 30.536213084], [114.371944809, 30.536790855], [114.371904002, 30.536856515], [114.371901218, 30.536861563], [114.371899012, 30.536866821], [114.371897402, 30.536872237], [114.371896405, 30.53687776], [114.37189603, 30.53688334], [114.371892531, 30.537196272], [114.371889567, 30.537408963], [114.371750043, 30.537388054], [114.371346025, 30.537311228], [114.371282684, 30.537076082], [114.371272112, 30.537035555], [114.371270662, 30.537000028], [114.371292423, 30.536923867], [114.371293636, 30.536918568], [114.371306635, 30.536843568], [114.37130732, 30.536837329], [114.371307218, 30.536831064], [114.371304219, 30.536793063], [114.371303448, 30.536787414], [114.37130204, 30.536781858], [114.371300006, 30.536776447], [114.371297369, 30.536771234], [114.371255368, 30.536698234], [114.37125128, 30.536692101], [114.371183282, 30.5366031], [114.371179974, 30.536599144], [114.371176294, 30.536595441], [114.371172266, 30.536592018], [114.371044264, 30.536492018], [114.371036475, 30.536486775], [114.370951475, 30.536437776], [114.370949081, 30.536436457], [114.370692081, 30.536301458], [114.370685249, 30.536298318], [114.370568091, 30.536251714], [114.370570216, 30.536249353], [114.370573734, 30.53624453], [114.370576686, 30.536239436], [114.370579045, 30.536234115], [114.370580787, 30.536228621], [114.370581894, 30.536223007], [114.370582359, 30.536217326], [114.370582174, 30.536211634], [114.370581342, 30.536205985], [114.370579872, 30.536200433], [114.370577776, 30.536195032], [114.370575076, 30.536189833], [114.370571798, 30.536184888], [114.370567973, 30.536180243], [114.370563637, 30.536175944], [114.370558833, 30.536172031], [114.370553606, 30.536168543], [114.370548009, 30.536165512], [114.370306508, 30.536048612], [114.370301041, 30.536046241], [114.370295348, 30.536044306], [114.369934649, 30.535937806], [114.369930451, 30.535936697], [114.369620335, 30.535864185], [114.369620236, 30.53586404], [114.369616328, 30.535859446], [114.369611916, 30.535855205], [114.369607043, 30.535851356], [114.369601756, 30.535847938], [114.369596104, 30.535844981], [114.369590877, 30.535842542], [114.369734635, 30.535692158], [114.369820672, 30.535618105], [114.369941036, 30.535514507], [114.369968164, 30.535527041], [114.370356181, 30.535767222], [114.370361697, 30.535770296], [114.370367533, 30.535772894], [114.370373636, 30.535774988], [114.370379946, 30.535776562], [114.370386404, 30.535777598], [114.370392948, 30.535778088], [114.370399518, 30.535778026], [114.370406048, 30.535777414], [114.370412478, 30.535776256], [114.370418748, 30.535774565], [114.370424795, 30.535772357], [114.370430565, 30.535769651], [114.370436001, 30.535766474], [114.370441052, 30.535762856], [114.37044567, 30.535758832], [114.370449811, 30.53575444], [114.370453435, 30.535749721], [114.370461926, 30.535737401], [114.370495119, 30.535733495], [114.370497896, 30.535733048], [114.370500678, 30.535732636], [114.370501144, 30.535732525], [114.370501618, 30.535732448], [114.37050433, 30.535731769], [114.370507054, 30.535731124], [114.370507503, 30.535730974], [114.370507966, 30.535730858], [114.370510589, 30.535729954], [114.370513225, 30.53572908], [114.370513655, 30.535728894], [114.370514104, 30.53572874], [114.370516611, 30.535727618], [114.370519134, 30.535726526], [114.370888026, 30.535547067], [114.371201895, 30.53540757], [114.371203187, 30.535406923], [114.371204518, 30.53540634], [114.371287519, 30.53536534], [114.371294994, 30.535361052], [114.371347993, 30.535326052], [114.371352514, 30.535322787], [114.371356685, 30.535319193], [114.371360476, 30.535315299], [114.371363857, 30.535311134], [114.371394387, 30.535269771], [114.371408061, 30.535252267], [114.371478951, 30.535225186], [114.371549393, 30.535199132], [114.371684868, 30.535158533], [114.371751258, 30.535409072], [114.371793834, 30.535741169], [114.371793938, 30.535741934], [114.371861705, 30.536213084]]]}, "properties": {"id": 2353, "land_type": "教育用地"}}, {"type": "Feature", "geometry": {"type": "Polygon", "coordinates": [[[114.368848519, 30.535692291], [114.369441415, 30.535930389], [114.369508802, 30.535957482], [114.369514141, 30.535959392], [114.369519649, 30.535960902], [114.369893031, 30.536048207], [114.369998215, 30.536079263], [114.369995172, 30.536081203], [114.369990032, 30.536085251], [114.369985405, 30.536089733], [114.36998134, 30.536094603], [114.369977879, 30.536099808], [114.369975061, 30.536105293], [114.369928917, 30.536209345], [114.369920237, 30.536217157], [114.369898943, 30.536222965], [114.36842315, 30.535672635], [114.36837966, 30.535652867], [114.368434756, 30.535560939], [114.368451631, 30.535532838], [114.368848519, 30.535692291]]]}, "properties": {"id": 2354, "land_type": "居住用地"}}, {"type": "Feature", "geometry": {"type": "Polygon", "coordinates": [[[114.370089824, 30.536182627], [114.370264586, 30.536258779], [114.370266751, 30.536259682], [114.370625231, 30.536402281], [114.370877707, 30.536534905], [114.370957406, 30.536580849], [114.371075413, 30.536673041], [114.371136458, 30.536752941], [114.371170689, 30.536812438], [114.371172287, 30.536832657], [114.371160829, 30.536898758], [114.371138281, 30.536977678], [114.370625414, 30.536636094], [114.370620274, 30.53663299], [114.37061482, 30.536630311], [114.37041721, 30.53654347], [114.370416539, 30.536542674], [114.370412153, 30.536538413], [114.370407303, 30.536534543], [114.370402034, 30.536531101], [114.3703964, 30.536528122], [114.370390455, 30.536525631], [114.370384254, 30.536523655], [114.370377858, 30.536522211], [114.370371329, 30.536521315], [114.370365557, 30.536520772], [114.369939644, 30.536333603], [114.369977338, 30.536323322], [114.369983658, 30.536321294], [114.36998971, 30.536318732], [114.369995436, 30.536315661], [114.370000775, 30.536312112], [114.370005676, 30.536308122], [114.370035676, 30.536281121], [114.370040068, 30.536276751], [114.370043934, 30.536272027], [114.370047236, 30.536266996], [114.370049938, 30.536261706], [114.370085562, 30.53618138], [114.370089824, 30.536182627]]]}, "properties": {"id": 2355, "land_type": "公园与绿地用地"}}, {"type": "Feature", "geometry": {"type": "Polygon", "coordinates": [[[114.369976299, 30.536600838], [114.370326333, 30.536633825], [114.37054797, 30.536731225], [114.37104745, 30.537063891], [114.371153493, 30.537329283], [114.371156953, 30.537336374], [114.371191221, 30.537395338], [114.371067288, 30.53759274], [114.370880726, 30.537777252], [114.370606799, 30.537946857], [114.370040994, 30.538230655], [114.370035565, 30.538233688], [114.369470888, 30.538583424], [114.369393811, 30.538488865], [114.369395247, 30.538434458], [114.369398648, 30.538416889], [114.369408634, 30.53840072], [114.36947192, 30.538353254], [114.369657248, 30.538247354], [114.369659277, 30.538246148], [114.369834146, 30.538138083], [114.370051779, 30.538033697], [114.370057249, 30.538030771], [114.370183951, 30.537955514], [114.370261525, 30.537926255], [114.370261903, 30.537926113], [114.370309103, 30.537908012], [114.370314197, 30.537905833], [114.370319059, 30.53790329], [114.37060116, 30.53774139], [114.37060594, 30.537738376], [114.370610396, 30.537735013], [114.370614491, 30.537731325], [114.370618194, 30.537727342], [114.370720195, 30.537607142], [114.370724138, 30.537601928], [114.370727412, 30.537596381], [114.370729978, 30.537590563], [114.370731803, 30.537584543], [114.370732872, 30.537578389], [114.370743573, 30.537481389], [114.370743874, 30.5374759], [114.370743874, 30.537268], [114.370743473, 30.537261678], [114.370742274, 30.537255431], [114.370740294, 30.537249334], [114.370737552, 30.53724346], [114.370662452, 30.537104859], [114.370659669, 30.53710027], [114.370656422, 30.537095911], [114.370652737, 30.53709182], [114.370648643, 30.537088028], [114.370644173, 30.537084566], [114.370493974, 30.536978265], [114.370489392, 30.536975294], [114.370484533, 30.53697267], [114.370479432, 30.53697041], [114.37033988, 30.53691494], [114.370338864, 30.536914219], [114.370332467, 30.536910636], [114.370261468, 30.536875636], [114.370258726, 30.536874357], [114.370115286, 30.536811045], [114.370114802, 30.536810804], [114.370108891, 30.536808178], [114.37010605, 30.536807207], [114.369708054, 30.536645777], [114.369794491, 30.536611737], [114.369890209, 30.536596354], [114.369976299, 30.536600838]]]}, "properties": {"id": 2357, "land_type": "教育用地"}}, {"type": "Feature", "geometry": {"type": "Polygon", "coordinates": [[[114.371829243, 30.537526655], [114.371886275, 30.537533808], [114.371864404, 30.537676115], [114.371794838, 30.537862618], [114.371698973, 30.538054636], [114.371573613, 30.538226423], [114.371081138, 30.538683814], [114.370773179, 30.538966385], [114.370570122, 30.539152679], [114.370298973, 30.539392081], [114.370293738, 30.539397287], [114.37002716, 30.539696664], [114.370020414, 30.539704224], [114.369778525, 30.539873087], [114.369749348, 30.539857599], [114.369743615, 30.539854879], [114.369737603, 30.53985265], [114.369588603, 30.53980465], [114.369588216, 30.539804544], [114.369587839, 30.539804409], [114.369413839, 30.539750409], [114.369407426, 30.539748724], [114.369310426, 30.539727723], [114.369305286, 30.539726793], [114.369300079, 30.539726209], [114.369159078, 30.539715208], [114.369157321, 30.539715092], [114.368678591, 30.539688594], [114.368679374, 30.539491199], [114.368679364, 30.53949102], [114.368679374, 30.539490842], [114.368678378, 30.539176111], [114.368678627, 30.539170879], [114.368705015, 30.539126672], [114.368900302, 30.539060386], [114.368904497, 30.539058819], [114.369020897, 30.539011219], [114.369022553, 30.539010518], [114.369148055, 30.538955518], [114.369154966, 30.538952029], [114.369272966, 30.538884029], [114.369277734, 30.538881011], [114.369282178, 30.538877645], [114.36934951, 30.538821929], [114.369496917, 30.53871025], [114.36951217, 30.538700804], [114.369595762, 30.538667874], [114.369769499, 30.538600975], [114.369770779, 30.538600467], [114.370119779, 30.538458468], [114.370125615, 30.538455784], [114.370131117, 30.538452619], [114.370590117, 30.53815962], [114.370593329, 30.538157436], [114.370893329, 30.537940436], [114.370897212, 30.537937398], [114.370900808, 30.537934109], [114.370972074, 30.537863627], [114.371016826, 30.537835918], [114.371023126, 30.537831498], [114.371028762, 30.537826456], [114.371200363, 30.537653156], [114.371201325, 30.537652161], [114.371327854, 30.537518452], [114.371414318, 30.537494737], [114.371829243, 30.537526655]]]}, "properties": {"id": 2359, "land_type": "教育用地"}}, {"type": "Feature", "geometry": {"type": "Polygon", "coordinates": [[[114.362427153, 30.54247115], [114.362421068, 30.542471801], [114.362415078, 30.542472925], [114.362409231, 30.542474513], [114.362323631, 30.542501513], [114.362317255, 30.542503851], [114.362311191, 30.542506741], [114.362305504, 30.542510151], [114.362300255, 30.542514047], [114.362295498, 30.542518387], [114.362291283, 30.542523125], [114.362287655, 30.542528211], [114.362284654, 30.542533589], [114.362282309, 30.542539206], [114.362262183, 30.542596534], [114.362211797, 30.542548916], [114.36221023, 30.542547484], [114.36193021, 30.542300232], [114.361798722, 30.542162687], [114.361845461, 30.541866202], [114.362504472, 30.541934313], [114.362508937, 30.541934644], [114.362543257, 30.541936211], [114.362573502, 30.541958293], [114.362584289, 30.541995411], [114.362542427, 30.542402438], [114.362536235, 30.54244176], [114.362469769, 30.542456904], [114.362463685, 30.54245856], [114.36245781, 30.542460703], [114.362452197, 30.542463315], [114.362446897, 30.542466374], [114.362441956, 30.54246985], [114.362440183, 30.542471359], [114.3624394, 30.542471289], [114.36243328, 30.542470979], [114.362427153, 30.54247115]]]}, "properties": {"id": 2457, "land_type": "教育用地"}}, {"type": "Feature", "geometry": {"type": "Polygon", "coordinates": [[[114.361656086, 30.558009856], [114.361616101, 30.558219536], [114.361591061, 30.558297544], [114.361589848, 30.558302], [114.361589047, 30.558306524], [114.361586048, 30.558329524], [114.361585626, 30.558336225], [114.361586108, 30.558342921], [114.361592107, 30.558385922], [114.361593171, 30.558391353], [114.361594829, 30.558396673], [114.361607828, 30.558431673], [114.361609583, 30.558435842], [114.361611704, 30.558439885], [114.361626435, 30.558465329], [114.361612935, 30.558471517], [114.361542532, 30.558502255], [114.361537063, 30.558504927], [114.36076238, 30.558925609], [114.36056557, 30.558931957], [114.360475621, 30.558930043], [114.360441283, 30.558927591], [114.360406027, 30.558919756], [114.360361009, 30.558904234], [114.360299997, 30.558862984], [114.360233332, 30.558808879], [114.360196229, 30.558778467], [114.360208763, 30.558667225], [114.360260148, 30.558434015], [114.360348756, 30.558046735], [114.360435035, 30.557753215], [114.36044166, 30.557754189], [114.360448819, 30.557754905], [114.360456026, 30.557754958], [114.360611026, 30.557748958], [114.360616766, 30.557748523], [114.360622441, 30.557747668], [114.360628012, 30.557746398], [114.360684012, 30.557731398], [114.360689007, 30.557729872], [114.360693848, 30.557728012], [114.360740848, 30.557708012], [114.360748591, 30.557704147], [114.360786591, 30.557682146], [114.36079325, 30.557677749], [114.36081657, 30.557660259], [114.360998873, 30.557530753], [114.360999814, 30.557530072], [114.361148394, 30.557420543], [114.361212311, 30.557395959], [114.361326698, 30.557370541], [114.361445372, 30.557363894], [114.361447228, 30.557363711], [114.36144909, 30.557363597], [114.36152913, 30.557355259], [114.361566139, 30.557366825], [114.361614569, 30.557403322], [114.361642982, 30.557457781], [114.361662645, 30.557510786], [114.361685349, 30.557710399], [114.361656086, 30.558009856]]]}, "properties": {"id": 2426, "land_type": "公园与绿地用地"}}, {"type": "Feature", "geometry": {"type": "Polygon", "coordinates": [[[114.36292167, 30.534038819], [114.362872139, 30.534271774], [114.362849227, 30.534264526], [114.362848846, 30.534264425], [114.362848479, 30.534264294], [114.362228478, 30.534075295], [114.362226307, 30.534074734], [114.362224158, 30.534074117], [114.36222373, 30.534074033], [114.362223313, 30.534073919], [114.362092312, 30.534043917], [114.362084676, 30.534042571], [114.361988676, 30.534030571], [114.361981371, 30.534030006], [114.361974037, 30.534030127], [114.361889274, 30.53403552], [114.361843415, 30.534029627], [114.362139633, 30.533719758], [114.362426971, 30.533828156], [114.362432125, 30.533829887], [114.362437428, 30.533831248], [114.362620428, 30.533871248], [114.362624041, 30.533871947], [114.362944362, 30.533926027], [114.36292167, 30.534038819]]]}, "properties": {"id": 2475, "land_type": "教育用地"}}, {"type": "Feature", "geometry": {"type": "Polygon", "coordinates": [[[114.363657959, 30.561448213], [114.363656409, 30.561449624], [114.363517909, 30.561579877], [114.363423578, 30.561650436], [114.363358963, 30.561691703], [114.36335876, 30.561691834], [114.363341706, 30.561702812], [114.363195278, 30.561750334], [114.363074767, 30.56177525], [114.362938069, 30.56178151], [114.362892102, 30.56177956], [114.362731691, 30.561772397], [114.362578587, 30.561750282], [114.3621059, 30.561637785], [114.361617897, 30.56147938], [114.361323687, 30.561333333], [114.361500001, 30.561333333], [114.361500001, 30.561416667], [114.361666667, 30.561416667], [114.361666667, 30.561333333], [114.361583334, 30.561333333], [114.361583334, 30.56125], [114.361833333, 30.56125], [114.361833333, 30.561166666], [114.361916666, 30.561166666], [114.361916666, 30.56125], [114.362, 30.56125], [114.362, 30.561166666], [114.362083333, 30.561166666], [114.362083333, 30.56125], [114.362166667, 30.56125], [114.362166667, 30.561166666], [114.36225, 30.561166666], [114.36225, 30.561083333], [114.362333333, 30.561083333], [114.362333333, 30.561], [114.362416667, 30.561], [114.362416667, 30.560916666], [114.362583334, 30.560916666], [114.362583334, 30.560833333], [114.362666667, 30.560833333], [114.362666667, 30.56075], [114.36275, 30.56075], [114.36275, 30.560666667], [114.363000001, 30.560666667], [114.363000001, 30.560583334], [114.363083334, 30.560583334], [114.363083334, 30.5605], [114.363166667, 30.5605], [114.363166667, 30.560333333], [114.36325, 30.560333333], [114.36325, 30.560416667], [114.363416667, 30.560416667], [114.363416667, 30.560333333], [114.3635, 30.560333333], [114.3635, 30.56025], [114.363583333, 30.56025], [114.363583333, 30.560166667], [114.36375, 30.560166667], [114.36375, 30.560083333], [114.363833334, 30.560083333], [114.363833334, 30.56], [114.364, 30.56], [114.364, 30.559916667], [114.364166667, 30.559916667], [114.364166667, 30.55975], [114.364250001, 30.55975], [114.364250001, 30.559666666], [114.364333334, 30.559666666], [114.364333334, 30.559583333], [114.364583333, 30.559583333], [114.364583333, 30.5595], [114.364666666, 30.5595], [114.364666666, 30.559416666], [114.36475, 30.559416666], [114.36475, 30.559333333], [114.364916667, 30.559333333], [114.364916667, 30.55925], [114.365, 30.55925], [114.365, 30.559166667], [114.36525, 30.559166667], [114.36525, 30.559], [114.365333334, 30.559], [114.365333334, 30.558833333], [114.36525, 30.558833333], [114.36525, 30.55875], [114.365166667, 30.55875], [114.365166667, 30.558666667], [114.36475, 30.558666667], [114.36475, 30.558583333], [114.364333334, 30.558583333], [114.364333334, 30.558525371], [114.366113705, 30.558638884], [114.366118585, 30.558650593], [114.366120622, 30.558654924], [114.366123056, 30.558659099], [114.366132057, 30.558673099], [114.366134735, 30.558676912], [114.366137745, 30.558680536], [114.366146745, 30.558690537], [114.366150407, 30.55869427], [114.366154421, 30.558697724], [114.366158758, 30.558700875], [114.366173759, 30.558710876], [114.366178338, 30.558713674], [114.366179601, 30.558714317], [114.366150782, 30.559079062], [114.366150685, 30.559080584], [114.366123751, 30.559637238], [114.366103888, 30.559830895], [114.366103627, 30.559836121], [114.366103913, 30.559841346], [114.366104745, 30.559846527], [114.366122745, 30.559930527], [114.366124674, 30.559937252], [114.366127521, 30.559943729], [114.366165521, 30.560016729], [114.366169565, 30.560023327], [114.366263565, 30.560155327], [114.366266402, 30.560158992], [114.366354726, 30.560264186], [114.366450082, 30.56038636], [114.366455778, 30.560392672], [114.366509778, 30.560444672], [114.366516154, 30.560450048], [114.366558154, 30.560481048], [114.366564519, 30.560485209], [114.366571413, 30.560488692], [114.366669413, 30.560531691], [114.366670502, 30.560532158], [114.36668925, 30.56054002], [114.366678255, 30.560558187], [114.366674966, 30.560564516], [114.366672578, 30.560571139], [114.366666577, 30.56059214], [114.366665116, 30.560599019], [114.366664626, 30.560606], [114.366664626, 30.560623], [114.36666483, 30.5606275], [114.366665438, 30.560631974], [114.366667438, 30.560642974], [114.366668136, 30.56064621], [114.366673136, 30.56066621], [114.366674538, 30.560670866], [114.366680536, 30.560687867], [114.366682934, 30.56069357], [114.366686009, 30.560699027], [114.366689729, 30.560704175], [114.366706729, 30.560725176], [114.366708055, 30.560726653], [114.366709321, 30.560728168], [114.366710075, 30.560728904], [114.366710771, 30.560729681], [114.366712259, 30.560731039], [114.366713692, 30.56073244], [114.366714525, 30.560733109], [114.366715308, 30.560733823], [114.366716943, 30.56073505], [114.366718528, 30.560736323], [114.366740527, 30.560752322], [114.366745419, 30.560755561], [114.366750634, 30.560758401], [114.366756128, 30.560760817], [114.366779128, 30.560769818], [114.366785979, 30.560772118], [114.36679308, 30.560773762], [114.366826081, 30.560779763], [114.366835122, 30.560780862], [114.366851122, 30.560781862], [114.366858696, 30.560781969], [114.366887696, 30.560780968], [114.366894009, 30.560780494], [114.366900243, 30.560779511], [114.366915244, 30.560776511], [114.36692037, 30.560775299], [114.36692537, 30.560773744], [114.36694537, 30.560766744], [114.366951776, 30.560764156], [114.366957831, 30.560761005], [114.3669583, 30.5607607], [114.366974563, 30.560791813], [114.36697529, 30.560793156], [114.366994289, 30.560827156], [114.366994754, 30.560827972], [114.367018475, 30.56086877], [114.367039627, 30.560914456], [114.367049376, 30.560967644], [114.367057364, 30.561015568], [114.367052726, 30.561088842], [114.36705264, 30.561090838], [114.367051688, 30.561131762], [114.367050432, 30.561143538], [114.367038773, 30.561142373], [114.367033035, 30.561142011], [114.36702728, 30.561142073], [114.36700628, 30.561143073], [114.367000027, 30.561143624], [114.36699386, 30.561144674], [114.366987834, 30.561146215], [114.366967834, 30.561152216], [114.366961878, 30.561154281], [114.366956179, 30.561156825], [114.366950786, 30.561159825], [114.36694575, 30.561163252], [114.366933749, 30.561172253], [114.366930289, 30.561175039], [114.366864289, 30.561232038], [114.366862811, 30.561233356], [114.366713366, 30.561370846], [114.366559935, 30.561505346], [114.366555526, 30.561509613], [114.366551626, 30.561514232], [114.366548271, 30.561519159], [114.366528271, 30.561552159], [114.366525174, 30.561558048], [114.366522857, 30.561564196], [114.366521348, 30.561570529], [114.366515349, 30.561605529], [114.366514716, 30.561611022], [114.366514691, 30.561616542], [114.366515277, 30.561622041], [114.366516467, 30.561627464], [114.366523549, 30.56165302], [114.366399736, 30.561676461], [114.366147747, 30.561623888], [114.366026317, 30.561557298], [114.366030902, 30.561550662], [114.366033711, 30.561546156], [114.366052711, 30.561512156], [114.366055157, 30.561507203], [114.36605706, 30.561502076], [114.36606206, 30.561486076], [114.366063743, 30.561478918], [114.366067744, 30.561453919], [114.366068317, 30.561448379], [114.366068272, 30.561442817], [114.36606761, 30.561437284], [114.366064609, 30.561420284], [114.366064173, 30.561418097], [114.366062174, 30.561409096], [114.366060681, 30.561403762], [114.36605861, 30.561398573], [114.36605261, 30.561385572], [114.366049889, 30.561380424], [114.366046599, 30.561375529], [114.366037599, 30.561363529], [114.366032053, 30.561357143], [114.366017053, 30.561342144], [114.366011855, 30.561337496], [114.366006092, 30.561333374], [114.365999934, 30.561329888], [114.365977788, 30.561316969], [114.365972053, 30.561313972], [114.365966002, 30.56131148], [114.365959691, 30.561309518], [114.365921691, 30.561299519], [114.365915236, 30.561298116], [114.365908651, 30.561297269], [114.365902, 30.561296986], [114.365869, 30.561296986], [114.365862971, 30.561297219], [114.36585699, 30.561297915], [114.365851106, 30.56129907], [114.365845366, 30.561300672], [114.365814365, 30.561310673], [114.365808194, 30.561312972], [114.36580232, 30.561315789], [114.365796801, 30.561319096], [114.365791693, 30.561322861], [114.365764693, 30.561344861], [114.365761051, 30.561348067], [114.365757709, 30.561351505], [114.365752689, 30.561357092], [114.365702781, 30.561311983], [114.365698895, 30.561308744], [114.365455895, 30.561121742], [114.365450737, 30.56111815], [114.365445192, 30.561115011], [114.365439316, 30.561112357], [114.365433166, 30.561110215], [114.365408443, 30.561102798], [114.365364739, 30.561082202], [114.365368444, 30.561077869], [114.365371825, 30.561072976], [114.365374631, 30.561067821], [114.365376838, 30.561062454], [114.365378423, 30.561056927], [114.365379371, 30.561051293], [114.365379673, 30.561045605], [114.365379327, 30.561039919], [114.365378334, 30.561034291], [114.365376706, 30.561028773], [114.365374458, 30.561023419], [114.365371611, 30.56101828], [114.365368192, 30.561013406], [114.365364236, 30.561008845], [114.36535978, 30.56100464], [114.365354865, 30.56100083], [114.365349542, 30.560997454], [114.36534386, 30.560994544], [114.365337873, 30.560992127], [114.365235973, 30.560956127], [114.365229082, 30.56095406], [114.365111582, 30.56092486], [114.365104706, 30.560923483], [114.365097702, 30.560922733], [114.364951402, 30.560913732], [114.364945189, 30.560913598], [114.364938987, 30.560913957], [114.364732687, 30.560934157], [114.364725596, 30.560935183], [114.364550596, 30.560968883], [114.36454303, 30.560970746], [114.36433413, 30.561033746], [114.364325989, 30.561036732], [114.364103989, 30.561133432], [114.364100875, 30.561134878], [114.363959776, 30.561204577], [114.363954156, 30.561207682], [114.363948921, 30.561211249], [114.363844522, 30.56128995], [114.363843586, 30.561290668], [114.363786086, 30.561335669], [114.36378326, 30.561338014], [114.363657959, 30.561448213]]]}, "properties": {"id": 2427, "land_type": "体育与文化用地"}}, {"type": "Feature", "geometry": {"type": "Polygon", "coordinates": [[[114.367136956, 30.557627232], [114.36678939, 30.557619063], [114.36680242, 30.557581004], [114.366880199, 30.557370598], [114.366880646, 30.557369342], [114.366954428, 30.557152914], [114.366973015, 30.557116456], [114.367014802, 30.557083342], [114.367109126, 30.55701342], [114.367136956, 30.557627232]]]}, "properties": {"id": 2439, "land_type": "公园与绿地用地"}}, {"type": "Feature", "geometry": {"type": "Polygon", "coordinates": [[[114.363588499, 30.534193479], [114.363576055, 30.534317228], [114.363567223, 30.534368458], [114.363559819, 30.534387585], [114.363553822, 30.534395522], [114.363151323, 30.534348116], [114.36300114, 30.534309337], [114.36304234, 30.534115573], [114.363588499, 30.534193479]]]}, "properties": {"id": 2476, "land_type": "居住用地"}}, {"type": "Feature", "geometry": {"type": "Polygon", "coordinates": [[[114.366244335, 30.5648718], [114.366240653, 30.564875567], [114.366237356, 30.564879589], [114.366234467, 30.564883839], [114.366218467, 30.564909839], [114.366218293, 30.564910123], [114.366201293, 30.564938123], [114.366198076, 30.564944266], [114.366193858, 30.564953759], [114.366191774, 30.564955992], [114.366189158, 30.564957684], [114.366146459, 30.564971643], [114.366079509, 30.564992753], [114.366048538, 30.564972665], [114.366043477, 30.564969682], [114.365998477, 30.564945681], [114.365989902, 30.564941812], [114.365933902, 30.564920813], [114.365928609, 30.564919052], [114.365923163, 30.564917682], [114.365876163, 30.564907681], [114.365871978, 30.564906912], [114.365859744, 30.564905008], [114.365844047, 30.564898712], [114.365836806, 30.564896236], [114.365829279, 30.564894496], [114.365624279, 30.564857896], [114.365618013, 30.56485704], [114.365611682, 30.564856694], [114.365445382, 30.564854395], [114.365439555, 30.564854532], [114.365433762, 30.564855102], [114.365213762, 30.564885101], [114.365207627, 30.564886192], [114.365201635, 30.564887769], [114.365129906, 30.564909832], [114.365049993, 30.564926447], [114.365044802, 30.564926811], [114.36500206, 30.56490785], [114.364869232, 30.564832486], [114.364793147, 30.564769521], [114.364769667, 30.564735851], [114.364899323, 30.564604585], [114.364903068, 30.564600423], [114.36490636, 30.564595988], [114.364909172, 30.564591313], [114.365065171, 30.564300313], [114.365066623, 30.564297398], [114.365225623, 30.563952398], [114.365225906, 30.563951683], [114.365226248, 30.563950988], [114.365272181, 30.563843223], [114.36547597, 30.563719002], [114.365612682, 30.563762428], [114.36562037, 30.56376443], [114.36573237, 30.563787431], [114.365738686, 30.563788456], [114.365745087, 30.563788959], [114.365906087, 30.563794958], [114.36590729, 30.563794994], [114.366090291, 30.563798994], [114.366095335, 30.563798942], [114.366100361, 30.563798565], [114.366230361, 30.563784565], [114.366239868, 30.563782935], [114.366391868, 30.563746936], [114.366392265, 30.563746824], [114.366392672, 30.563746741], [114.366394167, 30.5637463], [114.366395686, 30.563745925], [114.366396904, 30.56374551], [114.366398149, 30.563745158], [114.366398531, 30.563745013], [114.366398927, 30.563744897], [114.366400364, 30.563744332], [114.366401834, 30.563743831], [114.366593834, 30.563668831], [114.366599068, 30.563666545], [114.366900067, 30.563520545], [114.366905151, 30.563517816], [114.366909934, 30.563514708], [114.367004427, 30.563447429], [114.367091514, 30.563396773], [114.367097881, 30.563392573], [114.367103623, 30.563387752], [114.367150433, 30.563343473], [114.367159933, 30.563336708], [114.367164188, 30.563333406], [114.367168101, 30.563329806], [114.367171646, 30.563325933], [114.367181829, 30.563313774], [114.367331122, 30.563172552], [114.367335198, 30.563168309], [114.367338788, 30.563163752], [114.36734186, 30.563158923], [114.367417443, 30.563025427], [114.367467861, 30.562957118], [114.367471571, 30.562951402], [114.36747451, 30.562945364], [114.367476639, 30.56293908], [114.367519639, 30.562779079], [114.367520939, 30.562772582], [114.367521374, 30.562766], [114.367521374, 30.562654], [114.367521147, 30.562649235], [114.367520464, 30.562644501], [114.367499852, 30.56253757], [114.367499166, 30.562500865], [114.367498604, 30.562494267], [114.367497173, 30.562487766], [114.367494892, 30.562481448], [114.367469711, 30.562423566], [114.367430474, 30.562312163], [114.367427682, 30.562305662], [114.367424009, 30.562299494], [114.367365008, 30.562213492], [114.36736169, 30.562209119], [114.367357928, 30.562205019], [114.367353753, 30.562201227], [114.367349199, 30.562197775], [114.367344302, 30.562194688], [114.367339103, 30.562191995], [114.367249103, 30.562149995], [114.367243691, 30.562147733], [114.367238066, 30.562145895], [114.367227392, 30.562142869], [114.367080648, 30.56206577], [114.367043994, 30.562038862], [114.367079804, 30.562021673], [114.367079918, 30.562021611], [114.367080039, 30.562021559], [114.367082724, 30.562020105], [114.367085415, 30.562018661], [114.367085521, 30.562018589], [114.367085635, 30.562018527], [114.367088141, 30.562016854], [114.367090655, 30.562015188], [114.367090753, 30.562015109], [114.36709086, 30.562015038], [114.367093163, 30.56201316], [114.367095474, 30.562011291], [114.367095564, 30.562011204], [114.367095662, 30.562011124], [114.36709774, 30.562009061], [114.367099828, 30.562007006], [114.367099905, 30.562006912], [114.367099994, 30.562006824], [114.367101828, 30.562004596], [114.367103672, 30.562002374], [114.367103739, 30.562002273], [114.367103817, 30.562002179], [114.367105389, 30.561999806], [114.367106971, 30.561997439], [114.367107026, 30.561997334], [114.367107092, 30.561997233], [114.367108386, 30.561994739], [114.367109691, 30.56199225], [114.367109734, 30.56199214], [114.367109789, 30.561992035], [114.367110793, 30.561989444], [114.367111809, 30.561986858], [114.367111839, 30.561986744], [114.367111882, 30.561986635], [114.367163596, 30.561827509], [114.367198198, 30.561732601], [114.367235753, 30.561632453], [114.367261013, 30.561586673], [114.36732225, 30.561532883], [114.367401481, 30.561487208], [114.367408421, 30.561482619], [114.367506421, 30.561408619], [114.367511353, 30.561404494], [114.36751577, 30.561399957], [114.367589058, 30.561316371], [114.367754319, 30.561465106], [114.367759118, 30.561469022], [114.367764341, 30.561472514], [114.367769935, 30.561475547], [114.367775848, 30.561478094], [114.367782022, 30.56148013], [114.367788399, 30.561481636], [114.367794917, 30.561482595], [114.367801512, 30.561483], [114.367808122, 30.561482846], [114.367814681, 30.561482136], [114.367821128, 30.561480875], [114.367827401, 30.561479075], [114.367833439, 30.561476755], [114.367839184, 30.561473938], [114.36784458, 30.561470648], [114.367849576, 30.561466918], [114.367854124, 30.561462786], [114.367858179, 30.561458289], [114.367861702, 30.561453472], [114.36786466, 30.56144838], [114.367867024, 30.561443063], [114.367868773, 30.561437573], [114.367869887, 30.561431961], [114.367870357, 30.561426282], [114.367870179, 30.561420591], [114.367869354, 30.561414941], [114.367867889, 30.56140939], [114.3678658, 30.561403988], [114.367863105, 30.561398788], [114.367859832, 30.561393842], [114.367856012, 30.561389195], [114.367851682, 30.561384894], [114.36765135, 30.561204596], [114.367655729, 30.561099533], [114.367688505, 30.561102654], [114.367807411, 30.561114256], [114.367962088, 30.561145763], [114.368099922, 30.56118721], [114.368200346, 30.561223224], [114.368199653, 30.561244363], [114.368199787, 30.561250007], [114.368200558, 30.561255614], [114.368201958, 30.56126113], [114.368217958, 30.561312129], [114.368219624, 30.561316688], [114.368221721, 30.561321112], [114.368224233, 30.561325372], [114.368252234, 30.561368373], [114.368255729, 30.561373175], [114.368289729, 30.561415175], [114.368293319, 30.561419219], [114.368297307, 30.561422977], [114.368301663, 30.56142642], [114.368348663, 30.56146042], [114.36835043, 30.561461575], [114.368352153, 30.56146278], [114.368390153, 30.56148678], [114.368396382, 30.561490276], [114.368403021, 30.56149316], [114.368409988, 30.561495396], [114.368465988, 30.561510395], [114.36847318, 30.561511954], [114.368480528, 30.561512822], [114.368537527, 30.561516823], [114.36854704, 30.56151691], [114.36860504, 30.56151391], [114.368612176, 30.56151321], [114.368619185, 30.56151186], [114.368677185, 30.561497861], [114.368682606, 30.561496337], [114.368687858, 30.561494423], [114.368736859, 30.561474423], [114.368743202, 30.561471466], [114.368749142, 30.561467942], [114.36875461, 30.561463891], [114.36879461, 30.561430891], [114.368798946, 30.561426963], [114.368802836, 30.561422706], [114.36880625, 30.561418153], [114.368833249, 30.561378153], [114.368836649, 30.561372401], [114.368839287, 30.561366359], [114.368841129, 30.561360102], [114.368853129, 30.561307103], [114.36885403, 30.561301847], [114.368860031, 30.561250846], [114.368860291, 30.561247879], [114.368863291, 30.561195879], [114.368863352, 30.561191512], [114.36886303, 30.561187153], [114.368857031, 30.561136152], [114.368855887, 30.561129884], [114.368853958, 30.56112376], [114.368838957, 30.56108476], [114.36883848, 30.561083697], [114.368838076, 30.561082612], [114.368837289, 30.561081044], [114.368836573, 30.56107945], [114.368835977, 30.561078433], [114.368835452, 30.561077386], [114.368807453, 30.561028387], [114.368803637, 30.561022579], [114.368799072, 30.561017186], [114.368758072, 30.560974186], [114.368754213, 30.560970476], [114.368749999, 30.560967063], [114.36874546, 30.560963977], [114.368700459, 30.560935978], [114.368695513, 30.560933175], [114.368690301, 30.560930759], [114.368684861, 30.560928745], [114.368638861, 30.560913745], [114.368633531, 30.560912222], [114.368628072, 30.560911088], [114.368622522, 30.560910348], [114.368591523, 30.560907348], [114.368586235, 30.560907018], [114.368551235, 30.560906017], [114.368547371, 30.560906002], [114.36849937, 30.560907002], [114.368492873, 30.56090741], [114.368486451, 30.560908355], [114.368480166, 30.560909829], [114.368430166, 30.560923829], [114.368423827, 30.560925914], [114.368417762, 30.560928537], [114.368374763, 30.560949537], [114.368367919, 30.560953369], [114.368361664, 30.560957884], [114.368323663, 30.560988885], [114.368318945, 30.560993144], [114.368283947, 30.561028144], [114.368280882, 30.561031445], [114.368249881, 30.561067445], [114.368246015, 30.561072457], [114.368242774, 30.561077788], [114.368227122, 30.561107136], [114.368149903, 30.561079445], [114.368146213, 30.56107823], [114.368003212, 30.561035228], [114.36799651, 30.561033543], [114.36783451, 30.561000543], [114.367826586, 30.560999354], [114.367703585, 30.560987354], [114.367703406, 30.560987337], [114.367644628, 30.560981739], [114.36760024, 30.560833514], [114.367598522, 30.560828664], [114.367596319, 30.560823962], [114.367593647, 30.560819443], [114.367549646, 30.560752443], [114.367546688, 30.560748345], [114.367543343, 30.560744472], [114.367495344, 30.560693473], [114.36748961, 30.56068811], [114.36740961, 30.560622109], [114.367405883, 30.560619253], [114.367401919, 30.560616644], [114.367337919, 30.560577644], [114.36733279, 30.560574809], [114.367327384, 30.560572384], [114.367262384, 30.560546385], [114.367257653, 30.560544677], [114.367252785, 30.560543285], [114.367180785, 30.560525286], [114.367175295, 30.560524126], [114.367100296, 30.560511126], [114.367096935, 30.56051062], [114.366951969, 30.560492009], [114.366812983, 30.56046285], [114.366730046, 30.56042807], [114.366639748, 30.56038845], [114.366607242, 30.560364458], [114.366559324, 30.560318314], [114.366465919, 30.560198639], [114.366464598, 30.560197008], [114.366377098, 30.560092794], [114.366286705, 30.559965858], [114.366253788, 30.559902624], [114.366238919, 30.559833238], [114.366258112, 30.559646103], [114.366258315, 30.559643414], [114.366285279, 30.559086177], [114.366314231, 30.558719763], [114.366318985, 30.558717581], [114.366325244, 30.558713874], [114.366340244, 30.558703875], [114.366345408, 30.558700059], [114.366356408, 30.558691057], [114.366360836, 30.558687073], [114.366364806, 30.558682744], [114.366368279, 30.55867811], [114.366371227, 30.558673211], [114.366374298, 30.558667452], [114.36638564, 30.559172123], [114.366385757, 30.559173612], [114.366385794, 30.559175105], [114.366385983, 30.55917645], [114.366386091, 30.559177803], [114.366386379, 30.559179275], [114.366386586, 30.559180757], [114.366386927, 30.55918208], [114.366387188, 30.559183417], [114.366387641, 30.559184858], [114.366388016, 30.559186316], [114.366388506, 30.559187605], [114.366388918, 30.559188912], [114.366389534, 30.559190308], [114.366390072, 30.559191726], [114.366390706, 30.559192967], [114.366391266, 30.559194235], [114.366392037, 30.559195572], [114.366392735, 30.559196938], [114.366393507, 30.559198119], [114.366394207, 30.559199334], [114.366395127, 30.559200599], [114.366395977, 30.559201899], [114.366414977, 30.559227899], [114.366419138, 30.559232969], [114.366423905, 30.559237628], [114.366429222, 30.55924182], [114.366435029, 30.5592455], [114.366458029, 30.5592585], [114.366463988, 30.559261505], [114.366470272, 30.559263967], [114.366476816, 30.559265863], [114.366563817, 30.559286862], [114.366570003, 30.559288089], [114.366576296, 30.559288807], [114.366699295, 30.559297807], [114.366704553, 30.559298014], [114.366879553, 30.559299014], [114.366886128, 30.559298775], [114.366892646, 30.559297984], [114.366971646, 30.559284985], [114.366978664, 30.55928349], [114.366985455, 30.559281356], [114.367053455, 30.559256356], [114.367055865, 30.559255422], [114.367224864, 30.559186421], [114.367225161, 30.5591863], [114.367327134, 30.559144138], [114.367408869, 30.559115953], [114.367484037, 30.559097382], [114.3675767, 30.559091146], [114.367650033, 30.559094767], [114.367713471, 30.559103005], [114.367751272, 30.559119206], [114.367791657, 30.559151515], [114.367828073, 30.559206138], [114.367850369, 30.559242006], [114.368117144, 30.559686629], [114.368118333, 30.559688525], [114.368197038, 30.559808551], [114.368584389, 30.560602178], [114.368586343, 30.560605822], [114.369162812, 30.561590198], [114.369034936, 30.561763486], [114.369031582, 30.561768582], [114.369028842, 30.561773944], [114.368814241, 30.562258945], [114.368813128, 30.562261658], [114.368668329, 30.562645058], [114.368666341, 30.562651595], [114.368665249, 30.562658288], [114.368653345, 30.562784074], [114.368570081, 30.562935942], [114.368132924, 30.563165468], [114.368126754, 30.563169128], [114.367880754, 30.563333129], [114.367877106, 30.563335744], [114.366762105, 30.564193744], [114.366761048, 30.564194642], [114.366759935, 30.564195489], [114.366758695, 30.56419664], [114.366757398, 30.564197741], [114.366756447, 30.564198724], [114.366755436, 30.564199661], [114.366754333, 30.56420091], [114.366753168, 30.564202116], [114.366752334, 30.564203175], [114.366751434, 30.564204194], [114.366750479, 30.564205529], [114.366749456, 30.564206828], [114.366748746, 30.564207952], [114.366747967, 30.564209041], [114.366747169, 30.564210451], [114.366746298, 30.564211829], [114.36674572, 30.564213008], [114.366745069, 30.564214157], [114.366744434, 30.564215629], [114.366743725, 30.564217074], [114.366743285, 30.564218296], [114.366742768, 30.564219495], [114.366742303, 30.564221012], [114.366741762, 30.56422251], [114.366741462, 30.564223763], [114.366741084, 30.564225], [114.366740794, 30.564226549], [114.366740426, 30.564228086], [114.366740271, 30.564229359], [114.366740035, 30.564230621], [114.366739924, 30.564232187], [114.366739732, 30.564233748], [114.366739722, 30.564235027], [114.366739631, 30.564236304], [114.366739698, 30.564237872], [114.366739686, 30.564239441], [114.366739821, 30.564240714], [114.366739876, 30.564241993], [114.366740123, 30.564243547], [114.366740288, 30.56424511], [114.366740568, 30.564246367], [114.366740767, 30.564247634], [114.366741189, 30.56424916], [114.366741533, 30.564250701], [114.366741955, 30.564251929], [114.366742297, 30.564253173], [114.36683081, 30.564515727], [114.366838128, 30.564542559], [114.366840404, 30.564572903], [114.366837146, 30.564600269], [114.366833614, 30.564606743], [114.366827774, 30.564612849], [114.366790329, 30.564624371], [114.366788677, 30.5646249], [114.366698677, 30.5646549], [114.366697515, 30.564655298], [114.366589589, 30.564693272], [114.366403664, 30.564758246], [114.366395169, 30.564761832], [114.366359169, 30.564779831], [114.366356473, 30.564781253], [114.366320473, 30.564801254], [114.366315233, 30.56480448], [114.366310375, 30.564808122], [114.366305944, 30.564812147], [114.366276627, 30.564841465], [114.366244335, 30.5648718]]]}, "properties": {"id": 2442, "land_type": "公园与绿地用地"}}, {"type": "Feature", "geometry": {"type": "Polygon", "coordinates": [[[114.360296941, 30.535908416], [114.360143167, 30.535927356], [114.359760311, 30.535960257], [114.359755172, 30.535960872], [114.359750103, 30.535961825], [114.359576166, 30.536000637], [114.359432297, 30.53602815], [114.359425865, 30.536029672], [114.359419638, 30.536031733], [114.359413679, 30.536034315], [114.359408045, 30.536037392], [114.359351043, 30.53607205], [114.359319281, 30.536083554], [114.359131986, 30.53612043], [114.359126406, 30.536121748], [114.359120978, 30.536123475], [114.358937978, 30.536189473], [114.358933434, 30.536191285], [114.358929061, 30.536193382], [114.358862062, 30.536228383], [114.358857877, 30.536230756], [114.358853907, 30.536233392], [114.358793907, 30.536276393], [114.358789718, 30.53627966], [114.358785863, 30.536283217], [114.358782367, 30.536287041], [114.358751367, 30.536324041], [114.358746992, 30.536329994], [114.358743487, 30.536336358], [114.358722487, 30.53638136], [114.358719532, 30.536389301], [114.358708531, 30.536428301], [114.35870737, 30.536433403], [114.35870337, 30.536456404], [114.358703355, 30.536456534], [114.358703325, 30.536456662], [114.358703026, 30.536459366], [114.358702712, 30.536462069], [114.358702712, 30.536462201], [114.358702698, 30.53646233], [114.358702707, 30.536465048], [114.358702703, 30.536467764], [114.358702718, 30.536467895], [114.358702718, 30.536468025], [114.358704718, 30.536501025], [114.358704983, 30.536503966], [114.358710984, 30.536553966], [114.35871137, 30.536556596], [114.35871937, 30.536602596], [114.358720433, 30.536607347], [114.358721952, 30.536612005], [114.358723915, 30.536616538], [114.358746916, 30.536663539], [114.358749795, 30.536668696], [114.35875325, 30.536673584], [114.358757247, 30.536678155], [114.358787249, 30.536709154], [114.35879267, 30.536714131], [114.35886867, 30.536776131], [114.358869692, 30.536776948], [114.358884345, 30.536788414], [114.358885739, 30.536790527], [114.358889548, 30.536795168], [114.358893865, 30.536799467], [114.359118965, 30.537002586], [114.359276394, 30.537147109], [114.359445182, 30.537356224], [114.359449816, 30.537361331], [114.359455083, 30.537365962], [114.359701884, 30.537559962], [114.359707208, 30.537563735], [114.359712952, 30.53756702], [114.359719056, 30.537569783], [114.360137456, 30.537736183], [114.360138509, 30.537736592], [114.360495961, 30.5378724], [114.3606717, 30.537988115], [114.361014722, 30.538218928], [114.36102086, 30.538222605], [114.361027433, 30.538225673], [114.361309905, 30.538340548], [114.36140796, 30.538386011], [114.361595374, 30.53858784], [114.361677667, 30.538862309], [114.361679858, 30.538868269], [114.36168278, 30.538873992], [114.361686401, 30.53887941], [114.361690677, 30.538884462], [114.361699419, 30.538893699], [114.36168904, 30.538892921], [114.361541871, 30.538858051], [114.361536319, 30.538856949], [114.361305319, 30.53881995], [114.361303017, 30.538819617], [114.361190747, 30.538805078], [114.360741757, 30.538708828], [114.360417855, 30.538582163], [114.360416514, 30.538581655], [114.360046181, 30.538445112], [114.359933711, 30.538376118], [114.359823234, 30.538305028], [114.359729992, 30.538224585], [114.359645512, 30.538109129], [114.359576714, 30.537994787], [114.359468508, 30.537786316], [114.359467593, 30.537784628], [114.359340593, 30.537559628], [114.359337223, 30.53755437], [114.359333241, 30.537549439], [114.359089241, 30.537278439], [114.359083057, 30.537272471], [114.358945057, 30.537156471], [114.358937733, 30.537151136], [114.358885415, 30.537118231], [114.358661659, 30.536937557], [114.358455517, 30.536714464], [114.358450061, 30.536709243], [114.358236045, 30.536527811], [114.358274221, 30.535978942], [114.358290525, 30.535794796], [114.358318181, 30.535725237], [114.358324963, 30.535715989], [114.358325866, 30.535714613], [114.358326837, 30.535713272], [114.358327038, 30.535712923], [114.358327272, 30.53571259], [114.358353964, 30.535670048], [114.358422453, 30.535615431], [114.358590898, 30.535504411], [114.358695524, 30.535459185], [114.358770114, 30.535526931], [114.358774635, 30.535530673], [114.358912635, 30.535634673], [114.358914594, 30.535636093], [114.359000593, 30.535696092], [114.359008028, 30.535700601], [114.359073028, 30.5357346], [114.359079446, 30.53573756], [114.359086197, 30.535739907], [114.359093202, 30.535741612], [114.35910038, 30.535742657], [114.35915138, 30.535747658], [114.359159236, 30.53574803], [114.359167089, 30.53574761], [114.35921509, 30.53574261], [114.359221538, 30.535741663], [114.359227849, 30.535740182], [114.359233964, 30.53573818], [114.359342964, 30.53569718], [114.359349824, 30.535694186], [114.359484035, 30.53562708], [114.359760186, 30.53550788], [114.359766072, 30.535505013], [114.359771593, 30.535501652], [114.359776696, 30.535497831], [114.359840697, 30.535444831], [114.359844771, 30.535441146], [114.359848456, 30.535437169], [114.359851722, 30.535432929], [114.359916722, 30.535339929], [114.359920993, 30.535332724], [114.359962993, 30.535247724], [114.359965302, 30.535242319], [114.359966979, 30.535236743], [114.359968006, 30.535231052], [114.359968373, 30.535225301], [114.359968076, 30.535219546], [114.359960076, 30.535146546], [114.35995914, 30.535140945], [114.359957576, 30.53513545], [114.359938576, 30.535080451], [114.359936027, 30.535074343], [114.359932701, 30.535068518], [114.359928641, 30.535063051], [114.359862199, 30.534983717], [114.359822324, 30.534933144], [114.359802964, 30.534906869], [114.359977736, 30.534811196], [114.360309222, 30.534635357], [114.360463013, 30.534894419], [114.360466161, 30.534899157], [114.360469811, 30.534903619], [114.360473933, 30.534907766], [114.360478488, 30.534911562], [114.360540488, 30.534958561], [114.360545548, 30.534962041], [114.360550975, 30.534965086], [114.360556714, 30.534967669], [114.360562715, 30.534969764], [114.360615716, 30.534985764], [114.360617589, 30.534986302], [114.360701589, 30.535009303], [114.360709563, 30.535011032], [114.360717723, 30.535011912], [114.360790722, 30.535015914], [114.360798123, 30.535015968], [114.360805486, 30.535015323], [114.360812723, 30.535013986], [114.360944329, 30.534983078], [114.361473763, 30.534864653], [114.36161966, 30.534840814], [114.361688302, 30.534838463], [114.361678663, 30.535093109], [114.361678771, 30.535098802], [114.361679528, 30.53510446], [114.361680925, 30.535110027], [114.361682948, 30.535115448], [114.361685579, 30.535120673], [114.361688792, 30.535125651], [114.361692554, 30.535130332], [114.361696833, 30.535134674], [114.361701585, 30.535138634], [114.361706764, 30.535142174], [114.361712321, 30.535145259], [114.361718203, 30.53514786], [114.361724352, 30.535149953], [114.36173071, 30.535151516], [114.361737215, 30.535152535], [114.361743805, 30.535152999], [114.361750416, 30.535152905], [114.361756985, 30.535152253], [114.361763447, 30.535151051], [114.361769741, 30.535149308], [114.361775807, 30.535147042], [114.361781586, 30.535144275], [114.361787022, 30.535141034], [114.361792063, 30.535137349], [114.36179666, 30.535133256], [114.36180077, 30.535128795], [114.361804353, 30.535124008], [114.361807373, 30.535118943], [114.361809802, 30.535113646], [114.361811617, 30.53510817], [114.361812798, 30.535102567], [114.361813338, 30.53509689], [114.361816055, 30.535025128], [114.361819011, 30.535026227], [114.361824537, 30.535027808], [114.361830199, 30.535028973], [114.3618422, 30.535030973], [114.361845324, 30.535031428], [114.361901323, 30.535038429], [114.361903422, 30.535038662], [114.362662422, 30.535112662], [114.362662491, 30.535112665], [114.36266256, 30.535112675], [114.36317456, 30.535161676], [114.36317483, 30.535161701], [114.363456829, 30.5351877], [114.363458839, 30.5351878], [114.363460841, 30.535187966], [114.363462138, 30.535187963], [114.36346343, 30.535188028], [114.363465441, 30.535187957], [114.363467454, 30.535187953], [114.363468742, 30.535187841], [114.363470037, 30.535187796], [114.36347203, 30.535187556], [114.363474032, 30.535187383], [114.363475301, 30.535187163], [114.363476585, 30.535187009], [114.363478541, 30.535186601], [114.363480514, 30.53518626], [114.363481752, 30.535185934], [114.363483012, 30.535185671], [114.363484912, 30.535185101], [114.363486837, 30.535184594], [114.363488033, 30.535184166], [114.363489256, 30.535183798], [114.363491083, 30.535183071], [114.36349294, 30.535182404], [114.363494081, 30.535181875], [114.363495257, 30.535181408], [114.363496991, 30.535180529], [114.363498764, 30.535179708], [114.363499839, 30.535179087], [114.363500955, 30.535178521], [114.363502582, 30.5351775], [114.363504253, 30.535176534], [114.363505253, 30.535175825], [114.3635063, 30.535175167], [114.363507803, 30.535174014], [114.363509355, 30.535172912], [114.36351027, 30.535172121], [114.363511236, 30.535171379], [114.363512601, 30.535170105], [114.36351402, 30.535168876], [114.363514839, 30.535168012], [114.363515718, 30.535167191], [114.363516931, 30.535165808], [114.363518203, 30.535164466], [114.363536202, 30.535143466], [114.363539849, 30.535138746], [114.363542943, 30.535133742], [114.363545456, 30.535128502], [114.363547362, 30.535123076], [114.36355397, 30.53510031], [114.363650766, 30.535151462], [114.363655511, 30.535153749], [114.363660455, 30.535155697], [114.363728455, 30.535179696], [114.363735902, 30.535181896], [114.363743596, 30.535183333], [114.363847595, 30.535197334], [114.363849637, 30.535197581], [114.364610637, 30.535279582], [114.36461461, 30.535279907], [114.36477217, 30.535288769], [114.36541475, 30.53536548], [114.365415377, 30.535365528], [114.365415998, 30.535365619], [114.366075998, 30.53543362], [114.366084, 30.535434031], [114.366141, 30.535434031], [114.366148886, 30.535433632], [114.366156663, 30.53543244], [114.366190665, 30.53542544], [114.366197125, 30.535423812], [114.366203367, 30.535421636], [114.366209324, 30.535418934], [114.366214938, 30.535415735], [114.366220155, 30.535412069], [114.366247154, 30.535391068], [114.366252659, 30.535386257], [114.366257477, 30.535380927], [114.366269478, 30.535365927], [114.366271731, 30.535362918], [114.366351973, 30.535248049], [114.366379769, 30.535300207], [114.366382334, 30.535304532], [114.366385309, 30.535308658], [114.366388674, 30.535312554], [114.366501674, 30.535432555], [114.366503945, 30.535434842], [114.3665946, 30.535521512], [114.366665261, 30.535591179], [114.36666958, 30.535595058], [114.366674296, 30.535598576], [114.36667937, 30.535601704], [114.366684758, 30.535604414], [114.366806758, 30.535659414], [114.366814129, 30.535662265], [114.366821843, 30.535664336], [114.367054325, 30.5357138], [114.367178761, 30.535749216], [114.367283719, 30.535789157], [114.367408183, 30.535859344], [114.367452307, 30.535892559], [114.367452147, 30.535892814], [114.367449647, 30.535897919], [114.367447722, 30.535903207], [114.367446393, 30.535908629], [114.367445669, 30.535914135], [114.367445559, 30.535919676], [114.367446062, 30.535925201], [114.367447176, 30.535930659], [114.367448888, 30.535936001], [114.367451184, 30.535941177], [114.367454043, 30.535946141], [114.36745744, 30.535950848], [114.367461341, 30.535955255], [114.367465714, 30.53595932], [114.367470516, 30.535963008], [114.367848075, 30.536226196], [114.36792831, 30.536323677], [114.368006622, 30.536426771], [114.368007495, 30.536427806], [114.368008303, 30.536428882], [114.368009438, 30.536430108], [114.368010509, 30.536431376], [114.368011496, 30.536432334], [114.368012422, 30.536433336], [114.368013691, 30.536434461], [114.368014901, 30.536435633], [114.368015994, 30.536436502], [114.36801703, 30.536437421], [114.368068028, 30.536478422], [114.368070277, 30.536480149], [114.368119277, 30.536516149], [114.368124852, 30.53651983], [114.368244851, 30.536590832], [114.368249588, 30.536593391], [114.368434587, 30.536684391], [114.368435204, 30.53668466], [114.368435794, 30.536684969], [114.368463093, 30.536697766], [114.368593351, 30.536784288], [114.368621235, 30.536806694], [114.36868391, 30.536873723], [114.368693777, 30.536892222], [114.368693944, 30.536892534], [114.368719351, 30.536939438], [114.368748811, 30.537000323], [114.36875094, 30.537004296], [114.368781938, 30.537056819], [114.368704348, 30.53703255], [114.36846373, 30.536895975], [114.368344627, 30.536811503], [114.368339783, 30.536808371], [114.368334631, 30.536805626], [114.368329215, 30.536803292], [114.368323576, 30.536801385], [114.368317762, 30.536799923], [114.368050661, 30.536743824], [114.367725432, 30.536596073], [114.367719776, 30.536593785], [114.367713897, 30.536591958], [114.367707848, 30.536590609], [114.36770168, 30.536589749], [114.367526862, 30.536572475], [114.367390687, 30.536496329], [114.367390448, 30.536496208], [114.367390222, 30.536496071], [114.367268492, 30.53642922], [114.367120763, 30.53634637], [114.36711537, 30.536343644], [114.367109708, 30.53634136], [114.366794708, 30.536229361], [114.366788769, 30.536227525], [114.366782656, 30.536226174], [114.366300973, 30.536140301], [114.365905927, 30.535998439], [114.365905103, 30.535998149], [114.365558155, 30.535878166], [114.365558104, 30.535878149], [114.365555006, 30.535877227], [114.365551909, 30.535876302], [114.365551882, 30.535876297], [114.365551855, 30.535876289], [114.365548667, 30.535875633], [114.365545479, 30.535874975], [114.365545452, 30.53587497], [114.365545425, 30.535874965], [114.365542176, 30.535874581], [114.36553893, 30.535874195], [114.365538874, 30.535874191], [114.365170928, 30.535846196], [114.365166293, 30.535845982], [114.365045294, 30.535843981], [114.365038148, 30.53584419], [114.365031067, 30.53584505], [114.364850189, 30.535875523], [114.364779911, 30.535881523], [114.36468818, 30.535869174], [114.364577862, 30.535843047], [114.364572952, 30.535842053], [114.364567967, 30.535841378], [114.364489967, 30.535833378], [114.364482992, 30.535832976], [114.364476006, 30.5358332], [114.364409653, 30.535838304], [114.364118759, 30.535778839], [114.364112236, 30.535777795], [114.364105626, 30.535777308], [114.364098993, 30.535777384], [114.363755693, 30.535795884], [114.363753983, 30.535795994], [114.36339424, 30.53582331], [114.363240653, 30.535815034], [114.363152107, 30.535768472], [114.363143389, 30.535764607], [114.363023391, 30.535720607], [114.363017727, 30.535718784], [114.363011897, 30.535717405], [114.363005946, 30.535716484], [114.362875945, 30.535701484], [114.362867, 30.53570097], [114.362850001, 30.53570097], [114.362849566, 30.535700989], [114.362849131, 30.535700975], [114.362759132, 30.535701976], [114.362752597, 30.535702322], [114.362746133, 30.535703212], [114.362608133, 30.535728213], [114.362602107, 30.535729558], [114.36259625, 30.535731376], [114.362498664, 30.535766141], [114.362408806, 30.535768038], [114.361939062, 30.53574963], [114.361936001, 30.535749571], [114.361769544, 30.535749571], [114.361696404, 30.535713605], [114.361693217, 30.535712135], [114.361575217, 30.535661134], [114.361567675, 30.535658355], [114.361559795, 30.535656386], [114.361461796, 30.535637386], [114.361455967, 30.535636486], [114.361450069, 30.53563603], [114.361444148, 30.535636022], [114.361307147, 30.535641022], [114.361299703, 30.535641652], [114.361292383, 30.535642989], [114.361005533, 30.535709921], [114.360736188, 30.53574088], [114.360729783, 30.535741889], [114.360723521, 30.535743428], [114.360717459, 30.535745479], [114.360296941, 30.535908416]]]}, "properties": {"id": 2446, "land_type": "居住用地"}}, {"type": "Feature", "geometry": {"type": "Polygon", "coordinates": [[[114.362714829, 30.53847098], [114.362540106, 30.538472977], [114.362538214, 30.538473079], [114.362536318, 30.538473113], [114.362486941, 30.538476075], [114.362396566, 30.538480048], [114.362389673, 30.538480658], [114.36238289, 30.538481875], [114.362376287, 30.538483685], [114.362369936, 30.53848607], [114.362363902, 30.538489004], [114.36235825, 30.538492457], [114.36235304, 30.538496391], [114.36222404, 30.53860439], [114.362217813, 30.538610381], [114.362204224, 30.538625433], [114.362113964, 30.538643355], [114.362107392, 30.538644967], [114.362101044, 30.538647142], [114.362094984, 30.538649861], [114.362089275, 30.538653096], [114.362083975, 30.53865681], [114.36207914, 30.538660968], [114.361943039, 30.53879053], [114.36193864, 30.538777639], [114.361936187, 30.538771673], [114.361932994, 30.538765972], [114.361877865, 30.538679894], [114.361861962, 30.538646499], [114.361842231, 30.538555363], [114.361841126, 30.538551135], [114.361825126, 30.538499135], [114.361822827, 30.538493043], [114.361819762, 30.538487207], [114.361815969, 30.538481697], [114.361811494, 30.538476581], [114.361763494, 30.538427581], [114.361758605, 30.538423094], [114.36175319, 30.53841908], [114.361747315, 30.538415582], [114.361664315, 30.538371583], [114.361660446, 30.538369681], [114.361616447, 30.538349681], [114.361616335, 30.538349637], [114.361616229, 30.538349583], [114.361525584, 30.538308742], [114.361496027, 30.538295039], [114.361495116, 30.538294057], [114.361491074, 30.538290088], [114.36148663, 30.538286452], [114.36148182, 30.538283179], [114.361476685, 30.538280296], [114.361471266, 30.538277827], [114.361370648, 30.538236907], [114.361308322, 30.538208011], [114.360979857, 30.538024981], [114.360878811, 30.53796301], [114.360979956, 30.537992835], [114.361040751, 30.538011169], [114.361316814, 30.538111466], [114.361317045, 30.538111549], [114.361401535, 30.538141926], [114.361453166, 30.538168604], [114.361510471, 30.538208897], [114.361574835, 30.538265576], [114.361580381, 30.538269942], [114.361586456, 30.538273751], [114.361592987, 30.538276953], [114.361620987, 30.538288953], [114.361627337, 30.538291331], [114.361633936, 30.538293136], [114.361640716, 30.538294348], [114.361647604, 30.538294954], [114.361670603, 30.538295954], [114.361676208, 30.538295997], [114.361681799, 30.538295639], [114.361687336, 30.53829488], [114.361704254, 30.538291938], [114.361708265, 30.538291777], [114.361714475, 30.538291024], [114.361720577, 30.538289778], [114.361726519, 30.538288049], [114.361732249, 30.538285851], [114.361737715, 30.538283204], [114.361763715, 30.538269205], [114.361768652, 30.538266275], [114.361773267, 30.53826298], [114.361777523, 30.538259345], [114.361943523, 30.538104345], [114.361947762, 30.538099974], [114.361951483, 30.538095267], [114.36195465, 30.538090268], [114.361957234, 30.538085026], [114.361959209, 30.538079592], [114.361960555, 30.538074017], [114.361961261, 30.538068355], [114.361961319, 30.53806266], [114.361960729, 30.538056988], [114.361959495, 30.538051393], [114.361957631, 30.53804593], [114.361955155, 30.538040649], [114.36195209, 30.538035604], [114.361948464, 30.538030842], [114.361944314, 30.538026408], [114.36193968, 30.538022346], [114.361934606, 30.538018695], [114.361929141, 30.538015491], [114.361923338, 30.538012762], [114.361917252, 30.538010537], [114.361910942, 30.538008836], [114.361904469, 30.538007677], [114.361897895, 30.538007069], [114.361891283, 30.538007019], [114.361884698, 30.538007527], [114.361878202, 30.53800859], [114.361871859, 30.538010195], [114.361865728, 30.538012328], [114.361859871, 30.538014968], [114.361854341, 30.538018091], [114.361849193, 30.538021665], [114.361844478, 30.538025656], [114.361684613, 30.538174927], [114.361679051, 30.538177922], [114.361668952, 30.538179678], [114.361668432, 30.538179656], [114.361663206, 30.538177416], [114.361604165, 30.538125425], [114.361598607, 30.538121049], [114.361534607, 30.538076049], [114.361526659, 30.538071239], [114.361466659, 30.538040237], [114.361457955, 30.538036449], [114.361369069, 30.538004491], [114.361091185, 30.537903533], [114.361087266, 30.537902232], [114.361024266, 30.537883231], [114.361023822, 30.537883099], [114.360867823, 30.5378371], [114.360863033, 30.537835857], [114.36085815, 30.537834923], [114.360763149, 30.537819922], [114.360754904, 30.537819069], [114.360633696, 30.537813008], [114.360572762, 30.537776883], [114.360571418, 30.537775999], [114.360564796, 30.537772152], [114.360564735, 30.537772125], [114.360229201, 30.537573201], [114.360224316, 30.537570563], [114.360027649, 30.537474196], [114.359856682, 30.53736662], [114.359693164, 30.537228561], [114.359689445, 30.537225649], [114.359389446, 30.537007647], [114.359389096, 30.537007395], [114.359097223, 30.536798202], [114.359004037, 30.536725274], [114.358979453, 30.536604959], [114.359023448, 30.536464595], [114.359186117, 30.536362736], [114.359192354, 30.536358316], [114.35919793, 30.536353286], [114.359310377, 30.536238838], [114.35941678, 30.536174144], [114.359546618, 30.536127121], [114.359607676, 30.536113497], [114.359747791, 30.536086703], [114.360023218, 30.536059347], [114.360025037, 30.536059145], [114.360159401, 30.536042596], [114.360285689, 30.536031743], [114.360292281, 30.53603089], [114.360471281, 30.535999891], [114.360479646, 30.535997953], [114.360633646, 30.535952953], [114.360635729, 30.535952312], [114.36103072, 30.535824287], [114.361032177, 30.535823947], [114.361071476, 30.53581943], [114.361307282, 30.53581943], [114.36157998, 30.535864586], [114.361586311, 30.535865368], [114.3615927, 30.53586563], [114.361733788, 30.53586563], [114.361871597, 30.535933396], [114.361879104, 30.535936572], [114.362024103, 30.535988572], [114.362029577, 30.535990299], [114.362035205, 30.535991613], [114.362133205, 30.536010613], [114.362140625, 30.536011681], [114.362148135, 30.53601203], [114.362155645, 30.536011655], [114.362216645, 30.536005654], [114.362222797, 30.5360048], [114.362228832, 30.536003458], [114.362234696, 30.536001643], [114.362355697, 30.535958644], [114.362362656, 30.535955758], [114.362491298, 30.535894361], [114.362527014, 30.535881637], [114.36266555, 30.535878712], [114.362840003, 30.535875014], [114.36303466, 30.53591912], [114.363041075, 30.53592029], [114.363047593, 30.535920917], [114.363199051, 30.535929078], [114.363203126, 30.535931013], [114.363208594, 30.535933088], [114.363214254, 30.535934738], [114.363220061, 30.53593595], [114.363309062, 30.535950949], [114.363316024, 30.535951801], [114.363323051, 30.535952022], [114.363469739, 30.535950053], [114.363661502, 30.535958815], [114.363831597, 30.535979462], [114.363836879, 30.535979921], [114.363842185, 30.535980021], [114.363974185, 30.535978021], [114.363976841, 30.535977935], [114.364342841, 30.535959936], [114.364344994, 30.5359598], [114.364399835, 30.535955581], [114.364720642, 30.536021161], [114.364727992, 30.536022297], [114.364735443, 30.536022726], [114.364742904, 30.536022442], [114.36521687, 30.535981624], [114.365707855, 30.5360688], [114.366091263, 30.536233966], [114.366439766, 30.536415271], [114.366446125, 30.536418191], [114.36645281, 30.536420511], [114.366459744, 30.536422201], [114.366978852, 30.536523275], [114.367249557, 30.536657126], [114.367255664, 30.5366598], [114.367262055, 30.536661926], [114.367268664, 30.536663481], [114.367275422, 30.536664451], [114.367480046, 30.536684669], [114.367562313, 30.536730672], [114.367569448, 30.536734148], [114.36757702, 30.536736854], [114.368336006, 30.536962472], [114.368383604, 30.536989488], [114.368541673, 30.537101596], [114.368547839, 30.537105486], [114.368554478, 30.537108749], [114.368561503, 30.537111344], [114.368643445, 30.537136974], [114.368997669, 30.537338031], [114.369122429, 30.537467806], [114.369139377, 30.537491692], [114.368293086, 30.537282346], [114.368080026, 30.537226639], [114.367056253, 30.53681932], [114.367050122, 30.536817188], [114.367043778, 30.536815585], [114.367037282, 30.536814524], [114.367030697, 30.536814018], [114.367024085, 30.536814068], [114.367017511, 30.536814678], [114.367011039, 30.53681584], [114.367004729, 30.536817542], [114.366998644, 30.536819769], [114.366992841, 30.5368225], [114.366987378, 30.536825706], [114.366982305, 30.536829358], [114.366977672, 30.536833421], [114.366973524, 30.536837856], [114.3669699, 30.536842619], [114.366966836, 30.536847665], [114.366964361, 30.536852946], [114.366962501, 30.53685841], [114.366961269, 30.536864005], [114.36696068, 30.536869678], [114.366960741, 30.536875373], [114.366961449, 30.536881035], [114.366962797, 30.536886609], [114.366964773, 30.536892043], [114.366967359, 30.536897284], [114.366970528, 30.536902282], [114.366974251, 30.536906989], [114.366978492, 30.536911358], [114.366983209, 30.536915348], [114.366988357, 30.53691892], [114.366993889, 30.536922041], [114.366999747, 30.53692468], [114.368027747, 30.537333681], [114.368036429, 30.537336527], [114.36825443, 30.537393527], [114.368255402, 30.537393774], [114.369140652, 30.537612757], [114.369102816, 30.537726265], [114.368911349, 30.537775716], [114.368904601, 30.537777802], [114.368898151, 30.537780492], [114.368596439, 30.537923884], [114.368266979, 30.53797705], [114.367669408, 30.538023002], [114.36766391, 30.538023622], [114.367658489, 30.53802463], [114.367370892, 30.53808886], [114.366874176, 30.538170808], [114.366454817, 30.5381798], [114.366029792, 30.538143259], [114.366027442, 30.538143093], [114.366011679, 30.538142215], [114.365963803, 30.538129535], [114.365960943, 30.538128837], [114.365817943, 30.538096836], [114.365808825, 30.538095364], [114.365669826, 30.538081364], [114.365666183, 30.538081084], [114.365558107, 30.538075293], [114.365475487, 30.538062442], [114.365347914, 30.538030305], [114.365340459, 30.538028817], [114.365192459, 30.538006818], [114.365189317, 30.538006416], [114.365105318, 30.537997415], [114.365099301, 30.537997005], [114.365093266, 30.537997061], [114.365087261, 30.537997581], [114.364936262, 30.538016581], [114.364929494, 30.53801774], [114.364761709, 30.538054258], [114.364616958, 30.538076905], [114.364616082, 30.538077048], [114.364410455, 30.538111649], [114.364364916, 30.538115441], [114.364363518, 30.53811557], [114.363998818, 30.538152571], [114.36399639, 30.538152855], [114.363234591, 30.538254455], [114.36322815, 30.538255594], [114.36322187, 30.538257267], [114.36321581, 30.538259461], [114.363210026, 30.538262151], [114.363204574, 30.538265315], [114.363199505, 30.538268921], [114.362939455, 30.538473155], [114.362937817, 30.538473023], [114.362826817, 30.538469022], [114.362822552, 30.538468986], [114.362714829, 30.53847098]]]}, "properties": {"id": 2447, "land_type": "公园与绿地用地"}}, {"type": "Feature", "geometry": {"type": "Polygon", "coordinates": [[[114.366656949, 30.540815547], [114.366662612, 30.540822829], [114.366580291, 30.5414327], [114.366479503, 30.541471774], [114.366431003, 30.541485713], [114.366354399, 30.541498184], [114.366316693, 30.541499441], [114.366293241, 30.541489324], [114.36626205, 30.541458133], [114.366260595, 30.541456815], [114.366259196, 30.541455453], [114.366258766, 30.541455109], [114.366258369, 30.541454737], [114.366257915, 30.541454386], [114.366257494, 30.541454005], [114.366255897, 30.541452816], [114.366254348, 30.541451579], [114.366253882, 30.541451273], [114.366253445, 30.541450936], [114.366252954, 30.541450626], [114.366252491, 30.541450282], [114.366250766, 30.541449234], [114.366249085, 30.541448134], [114.366248585, 30.541447869], [114.366248113, 30.541447571], [114.366153112, 30.541393571], [114.366148151, 30.541391006], [114.366142952, 30.541388819], [114.366137555, 30.541387024], [114.366131998, 30.541385634], [114.366017998, 30.541361633], [114.366010016, 30.541360386], [114.364950092, 30.541250999], [114.364981178, 30.540900419], [114.364981235, 30.540899723], [114.364990986, 30.54076906], [114.364999525, 30.540728497], [114.365020113, 30.540704277], [114.365036537, 30.540691718], [114.366656949, 30.540815547]]]}, "properties": {"id": 2451, "land_type": "教育用地"}}, {"type": "Feature", "geometry": {"type": "Polygon", "coordinates": [[[114.369881823, 30.536480082], [114.369873642, 30.536480955], [114.369761641, 30.536498955], [114.369753662, 30.536500678], [114.369745985, 30.536503226], [114.369548299, 30.536581076], [114.368231508, 30.536051421], [114.368230503, 30.536051067], [114.368229527, 30.536050657], [114.368227444, 30.536049991], [114.368225388, 30.536049268], [114.368224347, 30.536049], [114.368223328, 30.536048674], [114.367914384, 30.535964465], [114.367616699, 30.535792689], [114.367616165, 30.535792412], [114.367615645, 30.535792093], [114.367613206, 30.535790882], [114.367611032, 30.535789757], [114.367610524, 30.535789548], [114.367610026, 30.535789301], [114.367389213, 30.535691438], [114.367227781, 30.535614002], [114.36722514, 30.535612801], [114.367095415, 30.535556912], [114.366990545, 30.53546657], [114.366984409, 30.535461892], [114.366977661, 30.535457889], [114.366520144, 30.535220555], [114.366459104, 30.53513158], [114.366455519, 30.535126888], [114.366451424, 30.535122516], [114.36641635, 30.535088579], [114.366333549, 30.534903656], [114.366303159, 30.53482232], [114.366303065, 30.534818306], [114.366340437, 30.534817688], [114.366713907, 30.535046863], [114.366719337, 30.535049867], [114.368216037, 30.535793466], [114.368217336, 30.535794035], [114.368218796, 30.535794764], [114.368220798, 30.535795549], [114.368222418, 30.535796258], [114.369722828, 30.536368614], [114.3699882, 30.536485232], [114.369986067, 30.536485077], [114.369890066, 30.536480076], [114.369881823, 30.536480082]]]}, "properties": {"id": 2458, "land_type": "行政办公用地"}}, {"type": "Feature", "geometry": {"type": "Polygon", "coordinates": [[[114.3680051, 30.536156511], [114.368010179, 30.53615917], [114.368015511, 30.536161432], [114.368021053, 30.536163281], [114.368026762, 30.536164704], [114.368197812, 30.536200334], [114.369486887, 30.536739106], [114.369487422, 30.536739328], [114.369560869, 30.53676934], [114.369660198, 30.536821379], [114.369584015, 30.536835483], [114.36923345, 30.536831189], [114.368776485, 30.536607546], [114.36877143, 30.536605311], [114.368429632, 30.536469454], [114.368036975, 30.536208567], [114.367947269, 30.536146035], [114.367931964, 30.536127439], [114.367928601, 30.536123689], [114.367924895, 30.536120187], [114.367890972, 30.536090654], [114.3680051, 30.536156511]]]}, "properties": {"id": 2459, "land_type": "公园与绿地用地"}}, {"type": "Feature", "geometry": {"type": "Polygon", "coordinates": [[[114.367699334, 30.539179071], [114.3676891, 30.539360892], [114.367156207, 30.539320398], [114.367152006, 30.539285939], [114.367151293, 30.539281646], [114.367143292, 30.539243647], [114.367141615, 30.539237567], [114.367139189, 30.539231678], [114.36712419, 30.539200678], [114.367122853, 30.539198095], [114.367112897, 30.539180049], [114.367549737, 30.539177032], [114.367699334, 30.539179071]]]}, "properties": {"id": 2460, "land_type": "公园与绿地用地"}}, {"type": "Feature", "geometry": {"type": "Polygon", "coordinates": [[[114.366187916, 30.538913], [114.366182126, 30.538913369], [114.366034126, 30.538928371], [114.366027824, 30.538929272], [114.36602165, 30.538930683], [114.366015658, 30.538932591], [114.366009905, 30.53893498], [114.365966392, 30.538955285], [114.365863169, 30.538963945], [114.36585711, 30.538964695], [114.365851155, 30.538965914], [114.365845353, 30.538967593], [114.365839752, 30.53896972], [114.365834398, 30.538972276], [114.365677004, 30.539055673], [114.365563202, 30.539115942], [114.365335581, 30.539172612], [114.365136779, 30.539194564], [114.365000238, 30.539191131], [114.364909963, 30.539173421], [114.364909885, 30.539173409], [114.36490981, 30.539173391], [114.364908012, 30.539173121], [114.36490623, 30.539172784], [114.364385385, 30.539096952], [114.363918191, 30.539014448], [114.363707424, 30.53896761], [114.363560893, 30.538919744], [114.363557142, 30.538918626], [114.363306307, 30.53885094], [114.363018458, 30.53876329], [114.363011543, 30.538761537], [114.363004452, 30.53876043], [114.362903452, 30.53874943], [114.362898834, 30.538749066], [114.362845025, 30.538746426], [114.362826886, 30.538741679], [114.362820457, 30.538740289], [114.362813901, 30.538739452], [114.36280728, 30.538739172], [114.36280066, 30.538739455], [114.362794103, 30.538740297], [114.36277769, 30.53874312], [114.362735834, 30.538741066], [114.362729759, 30.538741003], [114.362723704, 30.538741413], [114.362592704, 30.538755413], [114.362589251, 30.53875586], [114.362471251, 30.538773861], [114.362466494, 30.538774741], [114.362296493, 30.538811741], [114.362295995, 30.538811851], [114.362104225, 30.538854936], [114.362156685, 30.538805756], [114.362216698, 30.538775749], [114.362224782, 30.538773727], [114.362226003, 30.538773365], [114.362227247, 30.538773066], [114.362227459, 30.538772996], [114.362227677, 30.538772942], [114.362306909, 30.538749753], [114.362404858, 30.538729033], [114.362603583, 30.538704438], [114.362604799, 30.538704278], [114.362745881, 30.538684546], [114.362855947, 30.538674718], [114.362858153, 30.53867449], [114.362985154, 30.53865949], [114.36299161, 30.538658448], [114.362997917, 30.538656872], [114.363051918, 30.538640871], [114.363054385, 30.538640021], [114.363056873, 30.538639213], [114.363057061, 30.538639132], [114.363057256, 30.538639067], [114.363057649, 30.538638898], [114.363058056, 30.538638757], [114.363060415, 30.538637703], [114.363062798, 30.538636688], [114.363112798, 30.538612687], [114.363119841, 30.538608794], [114.36321484, 30.538548795], [114.363216015, 30.538548036], [114.363381946, 30.538438369], [114.363411622, 30.538428898], [114.363497253, 30.538420785], [114.36373913, 30.538404859], [114.363876125, 30.538395861], [114.363883782, 30.538394975], [114.363891272, 30.538393339], [114.363983272, 30.538368339], [114.363988806, 30.538366603], [114.364085094, 30.538332215], [114.36443531, 30.538226177], [114.364709418, 30.538203347], [114.365027771, 30.538185614], [114.365251666, 30.538246995], [114.365258918, 30.538248607], [114.365266333, 30.538249516], [114.365273819, 30.538249709], [114.365689186, 30.538240577], [114.365987199, 30.538257152], [114.366109197, 30.538289465], [114.366111137, 30.538289951], [114.366263137, 30.538325951], [114.366269072, 30.538327111], [114.366340072, 30.538338112], [114.366349141, 30.538338976], [114.366431141, 30.538341976], [114.36643619, 30.538341998], [114.366441225, 30.538341694], [114.366624225, 30.538324693], [114.366626964, 30.53832439], [114.366889971, 30.538290518], [114.367521317, 30.538225687], [114.367670354, 30.538212941], [114.367782851, 30.538210006], [114.367923169, 30.53820702], [114.368038674, 30.538206026], [114.368045883, 30.53820563], [114.368114883, 30.53819863], [114.368119467, 30.538198026], [114.368230467, 30.538180026], [114.368239862, 30.538177888], [114.368413385, 30.53812662], [114.368891848, 30.538020185], [114.368898559, 30.538018365], [114.368905014, 30.538015952], [114.369108014, 30.537928952], [114.369113658, 30.537926235], [114.369118973, 30.537923064], [114.369123912, 30.537919469], [114.369128427, 30.537915483], [114.369132478, 30.537911142], [114.369136026, 30.537906487], [114.369211814, 30.537795856], [114.369349643, 30.537634719], [114.369353314, 30.53762995], [114.369356422, 30.537624895], [114.369358938, 30.5376196], [114.369360835, 30.537614118], [114.369362097, 30.537608501], [114.369362711, 30.537602805], [114.369362671, 30.537597084], [114.369361975, 30.537591395], [114.369360634, 30.537585792], [114.369358659, 30.53758033], [114.369356068, 30.537575062], [114.369352888, 30.537570039], [114.369312528, 30.53751316], [114.369315048, 30.537505116], [114.369315549, 30.537503413], [114.369323548, 30.537474414], [114.369325107, 30.537466151], [114.369328108, 30.53743715], [114.369328373, 30.537432], [114.369328373, 30.537418], [114.369328373, 30.537403], [114.36932814, 30.537398174], [114.369327442, 30.537393379], [114.369326281, 30.537388652], [114.369318282, 30.537361651], [114.369316658, 30.537356993], [114.369314586, 30.537352468], [114.369312081, 30.537348108], [114.369298081, 30.537326107], [114.369292805, 30.537319075], [114.369278805, 30.537303075], [114.369272525, 30.537296869], [114.369251524, 30.537278869], [114.369244516, 30.537273636], [114.369174164, 30.537228028], [114.369150882, 30.537163], [114.369148229, 30.53715685], [114.369144788, 30.537150997], [114.3691406, 30.537145515], [114.369017201, 30.537002315], [114.369012741, 30.536997665], [114.369007743, 30.536993438], [114.368872503, 30.536890386], [114.368799365, 30.536812166], [114.368792224, 30.536798777], [114.368789331, 30.536793961], [114.36878593, 30.536789398], [114.368782049, 30.536785129], [114.368744049, 30.536747128], [114.36873896, 30.536742569], [114.368735221, 30.536739564], [114.368898016, 30.536801647], [114.369047631, 30.536878373], [114.369204918, 30.536978643], [114.369210539, 30.536981864], [114.369216507, 30.536984583], [114.36922276, 30.536986776], [114.36930576, 30.537011777], [114.369309505, 30.5370128], [114.369370505, 30.537027799], [114.369376466, 30.537029016], [114.369382532, 30.537029761], [114.369388651, 30.537030028], [114.369394774, 30.537029815], [114.369475774, 30.537023815], [114.369480745, 30.537023286], [114.369485658, 30.53702244], [114.369897577, 30.536937662], [114.369949951, 30.536928445], [114.370150421, 30.536967453], [114.370260151, 30.537011069], [114.370312938, 30.537063858], [114.370372519, 30.53717309], [114.370421792, 30.537329431], [114.370447545, 30.537498255], [114.370445819, 30.537577626], [114.370427012, 30.537629529], [114.370382323, 30.537682199], [114.370275985, 30.537759872], [114.370118078, 30.537853662], [114.369839473, 30.537958744], [114.369833436, 30.537961339], [114.369366737, 30.53818774], [114.369361717, 30.538190431], [114.369356991, 30.538193493], [114.369352593, 30.538196897], [114.369348559, 30.538200622], [114.369280959, 30.538268823], [114.369276993, 30.538273237], [114.369273538, 30.538277961], [114.369270625, 30.538282948], [114.369268282, 30.538288153], [114.369233882, 30.538377053], [114.3692322, 30.538382173], [114.369231069, 30.538387404], [114.369230499, 30.538392703], [114.369230495, 30.538398025], [114.369231058, 30.538403324], [114.369232181, 30.538408557], [114.369258571, 30.5385062], [114.369253391, 30.538702412], [114.369158022, 30.538763719], [114.369105296, 30.538787446], [114.369057877, 30.538804615], [114.368997327, 30.53881208], [114.368868236, 30.538814992], [114.368859345, 30.538815702], [114.368772346, 30.538827703], [114.368766771, 30.538828681], [114.368761312, 30.538830062], [114.368756008, 30.538831833], [114.368679008, 30.538860832], [114.368672599, 30.538863605], [114.368666568, 30.538866948], [114.368660985, 30.538870825], [114.368655911, 30.538875191], [114.368608911, 30.538920192], [114.368605371, 30.538923876], [114.368602194, 30.538927799], [114.368599404, 30.538931933], [114.368569405, 30.538980933], [114.36856651, 30.538986311], [114.368564267, 30.538991915], [114.3685627, 30.538997687], [114.368549699, 30.539059686], [114.368548683, 30.539067622], [114.368546567, 30.539112053], [114.368010489, 30.539072866], [114.367712337, 30.539031414], [114.367705439, 30.539030767], [114.367630139, 30.539027066], [114.367421111, 30.539016865], [114.367416299, 30.539016779], [114.367056899, 30.539021379], [114.367056467, 30.539021387], [114.367056432, 30.539021386], [114.367056396, 30.539021389], [114.367055928, 30.539021398], [114.366915093, 30.539024949], [114.366890826, 30.539012815], [114.366884253, 30.539009932], [114.366779253, 30.538969931], [114.366771048, 30.538967339], [114.366641048, 30.538934339], [114.366635523, 30.538933153], [114.366533523, 30.538915153], [114.366527875, 30.538914369], [114.366522171, 30.538914002], [114.366342172, 30.538909002], [114.366337915, 30.538909], [114.366187916, 30.538913]]]}, "properties": {"id": 2448, "land_type": "教育用地"}}, {"type": "Feature", "geometry": {"type": "Polygon", "coordinates": [[[114.360005528, 30.5392964], [114.360055326, 30.53935018], [114.360059949, 30.539354674], [114.360065085, 30.539358733], [114.360070681, 30.539362313], [114.360076677, 30.539365375], [114.360083007, 30.539367888], [114.360089606, 30.539369823], [114.360096401, 30.539371161], [114.360189401, 30.539385161], [114.360193642, 30.539385681], [114.360352079, 30.539400673], [114.360353146, 30.539402575], [114.360356593, 30.539407435], [114.360360575, 30.539411981], [114.360365054, 30.539416169], [114.36036999, 30.539419958], [114.360375334, 30.539423312], [114.360381032, 30.5394262], [114.360387032, 30.539428592], [114.360393276, 30.539430466], [114.360399703, 30.539431804], [114.360406251, 30.539432593], [114.36042718, 30.539434218], [114.361708099, 30.539565933], [114.3616956, 30.53968487], [114.361695331, 30.539690738], [114.361700467, 30.540092954], [114.360601872, 30.539967592], [114.360368314, 30.539934642], [114.360171647, 30.539871857], [114.360139735, 30.539849807], [114.360112677, 30.539786671], [114.36010369, 30.539732754], [114.360102533, 30.539727533], [114.360100829, 30.539722425], [114.360098586, 30.539717473], [114.360095829, 30.539712717], [114.360092577, 30.539708199], [114.360088859, 30.539703957], [114.360084706, 30.539700025], [114.360040707, 30.539662024], [114.360036153, 30.539658437], [114.360031237, 30.539655223], [114.360026001, 30.53965241], [114.359964, 30.53962241], [114.3599636, 30.539622217], [114.3599216, 30.539602217], [114.359916281, 30.539599941], [114.359910748, 30.539598078], [114.359905049, 30.539596643], [114.359899224, 30.539595645], [114.359780927, 30.539580002], [114.359704056, 30.539564257], [114.359614705, 30.539537101], [114.359512664, 30.539473094], [114.359506669, 30.539469738], [114.359500295, 30.539466947], [114.359493613, 30.539464754], [114.359381613, 30.539433756], [114.359378792, 30.539433033], [114.359257474, 30.539404423], [114.359230146, 30.53938775], [114.359206818, 30.539373532], [114.359200394, 30.539370067], [114.359193557, 30.539367245], [114.359186397, 30.539365102], [114.358961097, 30.539309701], [114.358953715, 30.539308267], [114.358881466, 30.539297859], [114.359095741, 30.538758795], [114.359096203, 30.538757421], [114.35909674, 30.538756067], [114.359115401, 30.538700288], [114.359211481, 30.538778365], [114.359435564, 30.538980566], [114.359440434, 30.538984544], [114.35944574, 30.538988084], [114.35990704, 30.539265384], [114.359907151, 30.539265444], [114.359907255, 30.539265512], [114.359909951, 30.539266957], [114.359912641, 30.53926841], [114.359912758, 30.53926846], [114.35991287, 30.53926852], [114.359915717, 30.539269729], [114.35991856, 30.539270949], [114.359918682, 30.539270988], [114.359918799, 30.539271039], [114.359921771, 30.539272002], [114.359924738, 30.539272976], [114.359924865, 30.539273005], [114.359924987, 30.539273044], [114.359928054, 30.539273753], [114.359931118, 30.539274471], [114.359931247, 30.539274489], [114.359931373, 30.539274519], [114.359934507, 30.539274965], [114.359937637, 30.53927542], [114.359937768, 30.539275428], [114.359937897, 30.539275447], [114.359941065, 30.539275625], [114.359944233, 30.539275815], [114.359944364, 30.539275812], [114.359944495, 30.53927582], [114.359947667, 30.53927573], [114.359950842, 30.539275651], [114.359950971, 30.539275637], [114.359951103, 30.539275633], [114.35995425, 30.539275276], [114.3599574, 30.53927493], [114.359957528, 30.539274905], [114.359957658, 30.539274891], [114.35996075, 30.539274269], [114.359963845, 30.539273658], [114.359963969, 30.539273623], [114.359964097, 30.539273597], [114.359967103, 30.539272719], [114.359970114, 30.53927185], [114.359970233, 30.539271803], [114.359970358, 30.539271767], [114.35997325, 30.539270639], [114.359976147, 30.539269521], [114.359976261, 30.539269464], [114.359976381, 30.539269417], [114.359978875, 30.539268177], [114.360005528, 30.5392964]]]}, "properties": {"id": 2449, "land_type": "教育用地"}}, {"type": "Feature", "geometry": {"type": "Polygon", "coordinates": [[[114.365734832, 30.539406618], [114.365729187, 30.53942225], [114.365680514, 30.539467622], [114.365680171, 30.539467944], [114.365632913, 30.53951267], [114.365570258, 30.539538842], [114.365481851, 30.539562246], [114.365346548, 30.539565902], [114.365253188, 30.539559678], [114.365153821, 30.539531889], [114.365108669, 30.539502057], [114.36510492, 30.539499244], [114.365061599, 30.539459133], [114.364991838, 30.539314105], [114.364989926, 30.539308136], [114.365089038, 30.539327579], [114.365096036, 30.539328621], [114.365103122, 30.539329023], [114.365281121, 30.539331023], [114.365285833, 30.539330934], [114.365448834, 30.539322933], [114.365456106, 30.539322234], [114.365588106, 30.539303234], [114.365593528, 30.539302254], [114.365598836, 30.539300894], [114.365659127, 30.539283104], [114.365737867, 30.539261545], [114.365737632, 30.539286181], [114.365734832, 30.539406618]]]}, "properties": {"id": 2450, "land_type": "教育用地"}}, {"type": "Feature", "geometry": {"type": "Polygon", "coordinates": [[[114.36598995, 30.541475198], [114.366088647, 30.541495976], [114.366131421, 30.541520291], [114.36598376, 30.541922506], [114.365983298, 30.541923822], [114.365880239, 30.542229565], [114.365684238, 30.542198939], [114.365475683, 30.542165173], [114.365394198, 30.542149251], [114.365271314, 30.542110195], [114.365084254, 30.542038933], [114.365075509, 30.542036206], [114.364885345, 30.541989412], [114.364867151, 30.541984496], [114.364867278, 30.541980701], [114.364924041, 30.541487764], [114.36493817, 30.541366652], [114.36598995, 30.541475198]]]}, "properties": {"id": 2456, "land_type": "教育用地"}}, {"type": "Feature", "geometry": {"type": "Polygon", "coordinates": [[[114.367923322, 30.539182967], [114.36799403, 30.539188137], [114.368505146, 30.539259196], [114.368484312, 30.539422776], [114.367823424, 30.539371228], [114.367834127, 30.539181083], [114.367923322, 30.539182967]]]}, "properties": {"id": 2461, "land_type": "教育用地"}}, {"type": "Feature", "geometry": {"type": "Polygon", "coordinates": [[[114.364526886, 30.543496317], [114.364520433, 30.543496977], [114.364429934, 30.543510078], [114.364424818, 30.543510995], [114.3644198, 30.54351225], [114.364331299, 30.543537652], [114.364327544, 30.543538837], [114.364233644, 30.543571237], [114.364231893, 30.543571866], [114.364017139, 30.543652081], [114.363907844, 30.54364733], [114.363786298, 30.543621547], [114.363651325, 30.543576555], [114.363469627, 30.54348522], [114.363321049, 30.54340656], [114.362858526, 30.543082994], [114.36258958, 30.542894138], [114.362456488, 30.542776351], [114.362456948, 30.542776079], [114.36246215, 30.542772275], [114.362466879, 30.542768037], [114.362471086, 30.542763409], [114.362474727, 30.542758438], [114.362477766, 30.542753176], [114.362480172, 30.542747676], [114.362481918, 30.542741994], [114.362493945, 30.542692965], [114.362508338, 30.542658781], [114.362510017, 30.542654214], [114.362511252, 30.542649543], [114.362512037, 30.5426448], [114.362518012, 30.542593577], [114.362521166, 30.542593252], [114.362527044, 30.542592183], [114.362532789, 30.542590668], [114.362615988, 30.542565167], [114.36262218, 30.542562965], [114.362628087, 30.542560245], [114.362633651, 30.542557033], [114.362638817, 30.54255336], [114.362643534, 30.542549265], [114.362647756, 30.542544785], [114.36265144, 30.542539967], [114.36265455, 30.542534857], [114.362656547, 30.542530597], [114.362696023, 30.542518839], [114.362702023, 30.542516768], [114.362707765, 30.542514213], [114.362713197, 30.542511194], [114.362718268, 30.542507742], [114.362722932, 30.542503887], [114.362727145, 30.542499664], [114.362730869, 30.542495114], [114.362734069, 30.542490277], [114.362757069, 30.542451277], [114.36276031, 30.542444847], [114.362762628, 30.542438126], [114.362810627, 30.542260126], [114.36281116, 30.542257963], [114.36283216, 30.542163963], [114.36283296, 30.54215942], [114.362833339, 30.542154836], [114.362837998, 30.54202813], [114.362853862, 30.541990635], [114.362909073, 30.541914836], [114.362909495, 30.541914188], [114.362909971, 30.541913567], [114.36290999, 30.541913536], [114.362910013, 30.541913507], [114.362911131, 30.541911675], [114.362912308, 30.54190987], [114.362912654, 30.541909189], [114.362913057, 30.541908532], [114.362965056, 30.541812532], [114.362967817, 30.541806606], [114.362969803, 30.541800455], [114.362970994, 30.541794153], [114.362983784, 30.541690854], [114.363001457, 30.541599541], [114.363002141, 30.541594819], [114.363029139, 30.541315835], [114.363044106, 30.541162189], [114.363054067, 30.541072527], [114.363054359, 30.541065782], [114.36305374, 30.541059055], [114.36304074, 30.540978055], [114.363039439, 30.540972188], [114.363037443, 30.540966468], [114.363034775, 30.540960954], [114.363009775, 30.540915955], [114.363006732, 30.540911087], [114.363003165, 30.540906491], [114.362999108, 30.540902209], [114.362994594, 30.540898278], [114.362946593, 30.540860278], [114.362941957, 30.540856927], [114.362936991, 30.540853947], [114.362931735, 30.540851363], [114.362926229, 30.540849195], [114.36288023, 30.540833195], [114.362874636, 30.540831492], [114.362868889, 30.540830219], [114.362863035, 30.540829387], [114.362834035, 30.540826387], [114.362827587, 30.540825989], [114.362821124, 30.540826125], [114.362757123, 30.540830126], [114.362750825, 30.540830777], [114.362744625, 30.540831936], [114.362657625, 30.540851936], [114.362652738, 30.540853232], [114.362647981, 30.540854844], [114.36259553, 30.540874621], [114.36257044, 30.540877607], [114.361984106, 30.540831341], [114.362008257, 30.540479424], [114.362008333, 30.540474002], [114.362004333, 30.540374001], [114.362003863, 30.540368865], [114.362002864, 30.540363785], [114.361971619, 30.540238807], [114.361947216, 30.540040652], [114.361936465, 30.539831505], [114.361960242, 30.539499614], [114.361995291, 30.539021516], [114.362013352, 30.539021527], [114.362020344, 30.539021219], [114.36202726, 30.539020287], [114.362034025, 30.539018742], [114.36218241, 30.538977645], [114.362446893, 30.538918378], [114.362787206, 30.538859831], [114.362821269, 30.538861503], [114.363330911, 30.538994874], [114.363707493, 30.53913931], [114.363714223, 30.539141526], [114.363721188, 30.539143113], [114.364004723, 30.539193876], [114.364036942, 30.53920032], [114.364395525, 30.539272216], [114.364404796, 30.539273497], [114.364764195, 30.539301197], [114.364768234, 30.539301403], [114.364848633, 30.539303424], [114.364863054, 30.539348435], [114.364865757, 30.539355209], [114.364941757, 30.53951321], [114.3649443, 30.539517893], [114.364947315, 30.539522362], [114.364950781, 30.539526583], [114.36495467, 30.539530522], [114.36500867, 30.539580522], [114.365009875, 30.539581527], [114.365180065, 30.539923841], [114.365181292, 30.539926166], [114.365219292, 30.539994166], [114.365223013, 30.539999955], [114.365227476, 30.540005342], [114.365232621, 30.540010256], [114.365259623, 30.540033256], [114.365264836, 30.540037259], [114.365270502, 30.540040775], [114.365276561, 30.540043767], [114.365282947, 30.540046203], [114.365289591, 30.540048057], [114.365296422, 30.540049308], [114.365303367, 30.540049942], [114.365346279, 30.540051939], [114.365428191, 30.540055935], [114.365428969, 30.540055969], [114.365995968, 30.540077969], [114.366002581, 30.540077946], [114.366009157, 30.540077365], [114.366015637, 30.540076231], [114.366021956, 30.540074555], [114.366028054, 30.540072355], [114.366033872, 30.54006965], [114.366039355, 30.540066467], [114.366044448, 30.540062837], [114.366049105, 30.540058794], [114.366053279, 30.540054377], [114.366056929, 30.540049629], [114.366060022, 30.540044596], [114.366062528, 30.540039327], [114.366064422, 30.540033871], [114.366065684, 30.540028281], [114.366066307, 30.540022612], [114.36606628, 30.540016918], [114.366065604, 30.540011253], [114.366064288, 30.540005672], [114.366062342, 30.54000023], [114.366059788, 30.539994978], [114.366056648, 30.539989967], [114.366052952, 30.539985244], [114.366048736, 30.539980857], [114.366044042, 30.539976847], [114.366038915, 30.539973252], [114.366033403, 30.539970108], [114.366027558, 30.539967444], [114.366021439, 30.539965287], [114.366015105, 30.539963655], [114.366008615, 30.539962567], [114.366002033, 30.539962032], [114.365435422, 30.539940047], [114.36535381, 30.539936066], [114.365353634, 30.539936058], [114.365336184, 30.539935246], [114.365335657, 30.539934797], [114.36530335, 30.539876985], [114.36519868, 30.539666454], [114.365219194, 30.53967219], [114.365226906, 30.539673921], [114.365234801, 30.539674854], [114.365339801, 30.539681854], [114.365347113, 30.539681999], [114.365495114, 30.539677998], [114.365501087, 30.539677608], [114.365506996, 30.539676762], [114.365512794, 30.539675467], [114.365614793, 30.539648466], [114.365619669, 30.539646997], [114.3656244, 30.539645211], [114.3657034, 30.539612211], [114.365709031, 30.539609566], [114.365714344, 30.539606473], [114.365719292, 30.539602959], [114.365723828, 30.539599056], [114.365779658, 30.539546218], [114.365838485, 30.539491378], [114.365842348, 30.539487441], [114.365845789, 30.539483223], [114.365848783, 30.53947876], [114.365851304, 30.539474084], [114.365853334, 30.539469234], [114.365866334, 30.539433235], [114.365867926, 30.539427967], [114.365868938, 30.539422593], [114.36586936, 30.539417162], [114.365872361, 30.539288162], [114.365872372, 30.539287476], [114.36587318, 30.539202615], [114.365976743, 30.539091472], [114.366011093, 30.53906814], [114.366251146, 30.539048001], [114.366529823, 30.539105814], [114.366533698, 30.539106515], [114.366766684, 30.539142532], [114.366922693, 30.539191504], [114.366867578, 30.53938979], [114.366867361, 30.539390778], [114.366867077, 30.539391742], [114.36686676, 30.539393532], [114.366866362, 30.539395347], [114.366811162, 30.539738947], [114.366810633, 30.539743633], [114.366802733, 30.539864334], [114.366802655, 30.539869275], [114.366808784, 30.540052101], [114.366773677, 30.540258238], [114.366737866, 30.540242986], [114.366731895, 30.540240744], [114.3667257, 30.540239011], [114.366719339, 30.5402378], [114.366651339, 30.5402278], [114.36664429, 30.540227091], [114.36655347, 30.540222101], [114.366402651, 30.540213112], [114.366396041, 30.540212999], [114.366389449, 30.540213442], [114.36638294, 30.540214442], [114.366376576, 30.540215985], [114.366370419, 30.540218059], [114.366364526, 30.540220642], [114.366358956, 30.54022371], [114.366353762, 30.540227234], [114.366348994, 30.540231179], [114.366344699, 30.540235508], [114.366340915, 30.540240179], [114.366337683, 30.540245147], [114.366335032, 30.540250363], [114.366332986, 30.540255778], [114.366331567, 30.540261339], [114.366330787, 30.540266994], [114.366330655, 30.540272687], [114.366331171, 30.540278365], [114.366332331, 30.540283971], [114.366334124, 30.540289453], [114.366336531, 30.540294756], [114.36633953, 30.540299831], [114.366343094, 30.540304628], [114.366347184, 30.540309101], [114.366351766, 30.540313207], [114.366356792, 30.540316907], [114.366362214, 30.540320164], [114.366367982, 30.54032295], [114.366374038, 30.540325233], [114.366380325, 30.540326995], [114.366386784, 30.540328217], [114.366393349, 30.540328889], [114.366544349, 30.540337888], [114.36654471, 30.540337909], [114.366632164, 30.540342714], [114.366686957, 30.540350772], [114.366724324, 30.540366688], [114.366735588, 30.540375135], [114.366752868, 30.540396303], [114.366734873, 30.540455112], [114.366661468, 30.540574432], [114.366658703, 30.540579504], [114.366656519, 30.540584782], [114.366654936, 30.540590216], [114.366649098, 30.540615349], [114.366634731, 30.540610691], [114.366628022, 30.540608855], [114.366621127, 30.540607632], [114.366537128, 30.540596632], [114.366532754, 30.540596185], [114.366383754, 30.540585186], [114.366383156, 30.540585143], [114.366035411, 30.54056216], [114.365526667, 30.540525178], [114.365518209, 30.540525023], [114.365378209, 30.540530023], [114.365376086, 30.540530127], [114.365249085, 30.540538128], [114.365246185, 30.540538364], [114.365077184, 30.540555365], [114.365069535, 30.540556522], [114.365005535, 30.540569522], [114.364999136, 30.540571113], [114.364992951, 30.54057324], [114.364992699, 30.540573353], [114.364989388, 30.54057375], [114.364983436, 30.540574946], [114.364977632, 30.540576603], [114.364901433, 30.540601703], [114.364893905, 30.54060465], [114.364841204, 30.54062875], [114.364835233, 30.540631832], [114.364829661, 30.540635428], [114.36470096, 30.540727829], [114.364696055, 30.54073172], [114.364691622, 30.54073601], [114.364687702, 30.540740657], [114.364684335, 30.540745615], [114.364681552, 30.540750835], [114.364679383, 30.540756266], [114.364677849, 30.540761857], [114.364676963, 30.540767549], [114.364624964, 30.541301336], [114.364618054, 30.541371904], [114.364526978, 30.542045489], [114.364526539, 30.54205108], [114.364526727, 30.542056682], [114.364527543, 30.542062243], [114.364528977, 30.542067709], [114.364531017, 30.542073031], [114.364533643, 30.542078158], [114.364536833, 30.542083044], [114.364540555, 30.542087643], [114.364544773, 30.542091909], [114.364549451, 30.542095806], [114.364554542, 30.542099296], [114.364560001, 30.542102346], [114.364565776, 30.542104928], [114.364571814, 30.54210702], [114.364578057, 30.542108599], [114.365394347, 30.54227868], [114.365609196, 30.54235085], [114.36576433, 30.542407536], [114.365500271, 30.542874066], [114.365277196, 30.543182359], [114.365204774, 30.543252125], [114.365201059, 30.543256033], [114.365197753, 30.543260205], [114.365158052, 30.543315305], [114.365154946, 30.54332011], [114.365117846, 30.54338451], [114.365114794, 30.54339068], [114.365112589, 30.543397112], [114.365081274, 30.543512682], [114.365002178, 30.543499095], [114.365001938, 30.543499065], [114.365001703, 30.543499015], [114.365001248, 30.543498959], [114.365000801, 30.543498871], [114.364998217, 30.543498588], [114.364995638, 30.543498257], [114.364995397, 30.543498246], [114.364995156, 30.543498217], [114.364994698, 30.543498201], [114.364994243, 30.543498151], [114.364756243, 30.543482151], [114.364750124, 30.543481979], [114.364744012, 30.543482288], [114.364737958, 30.543483073], [114.364645683, 30.543498753], [114.364533382, 30.543496196], [114.364526886, 30.543496317]]]}, "properties": {"id": 2452, "land_type": "教育用地"}}, {"type": "Feature", "geometry": {"type": "Polygon", "coordinates": [[[114.362838074, 30.540943692], [114.36286442, 30.540952856], [114.362893836, 30.540976144], [114.362908697, 30.541002896], [114.362919182, 30.541068225], [114.362909933, 30.541151473], [114.362909862, 30.541152149], [114.362894861, 30.541306169], [114.362868089, 30.541582807], [114.362850544, 30.541673458], [114.362850007, 30.541676848], [114.362838196, 30.541772231], [114.362812042, 30.541820518], [114.362739418, 30.541811654], [114.362793226, 30.541450485], [114.362842128, 30.541121673], [114.362842643, 30.541116073], [114.362842527, 30.541110457], [114.36284178, 30.541104877], [114.362840411, 30.541099386], [114.36281901, 30.541030086], [114.362816886, 30.5410244], [114.362814093, 30.541018933], [114.362810664, 30.541013742], [114.362806633, 30.541008882], [114.362802042, 30.541004406], [114.362796943, 30.541000359], [114.362791387, 30.540996785], [114.362785433, 30.540993721], [114.362711019, 30.540959778], [114.362773225, 30.540945477], [114.362824406, 30.540942279], [114.362838074, 30.540943692]]]}, "properties": {"id": 2453, "land_type": "公园与绿地用地"}}, {"type": "Feature", "geometry": {"type": "Polygon", "coordinates": [[[114.364846791, 30.54089193], [114.364810884, 30.541296889], [114.364789963, 30.541476199], [114.364789962, 30.541476237], [114.364789955, 30.541476274], [114.364732955, 30.541971273], [114.364732654, 30.541975334], [114.364731654, 30.542005336], [114.3647318, 30.542011161], [114.364732624, 30.542016945], [114.364733862, 30.542021663], [114.36466772, 30.542007882], [114.364752021, 30.541384411], [114.364752235, 30.541382576], [114.364759235, 30.541311075], [114.364808882, 30.540801434], [114.364856074, 30.540767553], [114.364846791, 30.54089193]]]}, "properties": {"id": 2454, "land_type": "公园与绿地用地"}}, {"type": "Feature", "geometry": {"type": "Polygon", "coordinates": [[[114.362642646, 30.541059915], [114.362696356, 30.541084414], [114.362706794, 30.541118216], [114.362659573, 30.541435721], [114.362605993, 30.541795371], [114.361870832, 30.541705649], [114.361934753, 30.541302857], [114.361935076, 30.541300447], [114.361968189, 30.540998028], [114.362642646, 30.541059915]]]}, "properties": {"id": 2455, "land_type": "教育用地"}}, {"type": "Feature", "geometry": {"type": "Polygon", "coordinates": [[[114.367593746, 30.539510377], [114.367680877, 30.539517366], [114.3676757, 30.539620504], [114.367163373, 30.539586297], [114.367163373, 30.539475814], [114.367593746, 30.539510377]]]}, "properties": {"id": 2462, "land_type": "教育用地"}}, {"type": "Feature", "geometry": {"type": "Polygon", "coordinates": [[[114.369091969, 30.540525031], [114.369091498, 30.540525783], [114.368992897, 30.540685683], [114.368990242, 30.540690515], [114.368988113, 30.540695537], [114.368747515, 30.541356335], [114.368720563, 30.54141389], [114.36872069, 30.541413245], [114.368747606, 30.541251753], [114.368800759, 30.541133108], [114.368839658, 30.541048326], [114.368841638, 30.541043368], [114.368843089, 30.541038276], [114.368866089, 30.540938275], [114.368866965, 30.54093338], [114.368880965, 30.54082438], [114.36888136, 30.540819147], [114.368881206, 30.540813906], [114.368880502, 30.540808696], [114.368879255, 30.540803564], [114.368862255, 30.540746565], [114.368860549, 30.540741727], [114.36885836, 30.540737036], [114.368855705, 30.540732528], [114.368787705, 30.540628528], [114.368786157, 30.540626409], [114.368784637, 30.540624274], [114.368784395, 30.540624], [114.368784184, 30.540623709], [114.3687824, 30.540621731], [114.368780645, 30.540619735], [114.368780373, 30.540619482], [114.368780129, 30.540619211], [114.368778129, 30.540617393], [114.368776155, 30.540615554], [114.368775856, 30.540615326], [114.368775582, 30.540615076], [114.368773385, 30.540613436], [114.368771211, 30.540611773], [114.368706211, 30.540566773], [114.368701194, 30.540563616], [114.368695863, 30.540560872], [114.368690259, 30.540558562], [114.368684434, 30.540556706], [114.368678433, 30.54055532], [114.368588433, 30.54053832], [114.368578632, 30.540537111], [114.368005632, 30.540503111], [114.368001001, 30.540502973], [114.367967, 30.540502973], [114.367959489, 30.540503335], [114.367952072, 30.540504416], [114.36794484, 30.540506203], [114.367924708, 30.540512241], [114.367914896, 30.540511626], [114.367798701, 30.540504327], [114.367792126, 30.540504191], [114.367785567, 30.540504607], [114.367779085, 30.540505574], [114.367772744, 30.54050708], [114.367766604, 30.54050911], [114.367760723, 30.540511647], [114.367755158, 30.540514666], [114.36774996, 30.540518139], [114.36774518, 30.54052203], [114.367740865, 30.540526304], [114.367737052, 30.540530921], [114.367733782, 30.540535835], [114.367731083, 30.540541002], [114.367728982, 30.54054637], [114.367727498, 30.540551889], [114.367679218, 30.540782182], [114.367088995, 30.540740274], [114.36694494, 30.540724593], [114.366900752, 30.540718048], [114.366861681, 30.54070302], [114.366825508, 30.540682208], [114.366830908, 30.540602561], [114.366850329, 30.540533197], [114.366861214, 30.540497625], [114.366887333, 30.540455168], [114.366890327, 30.540449614], [114.366892622, 30.540443819], [114.366894197, 30.540437847], [114.366895033, 30.540431766], [114.366899286, 30.540375428], [114.36691662, 30.540323427], [114.367016863, 30.540120287], [114.368206029, 30.540176722], [114.368325366, 30.540183501], [114.368326638, 30.54018352], [114.368327906, 30.540183604], [114.368448009, 30.540186513], [114.368457635, 30.540187907], [114.368553466, 30.540207464], [114.36856038, 30.54020855], [114.368632381, 30.54021655], [114.368641548, 30.540217025], [114.36921155, 30.540213026], [114.369218151, 30.540212699], [114.369224682, 30.540211819], [114.369231083, 30.54021039], [114.369237289, 30.540208428], [114.369243243, 30.540205951], [114.369248886, 30.540202985], [114.369254165, 30.540199555], [114.369259027, 30.540195696], [114.369263427, 30.540191445], [114.369267322, 30.540186844], [114.369270675, 30.540181937], [114.369273454, 30.540176769], [114.36927563, 30.540171392], [114.369277184, 30.540165857], [114.369278101, 30.540160217], [114.369278372, 30.540154527], [114.369277993, 30.540148843], [114.36927697, 30.540143217], [114.369275311, 30.540137705], [114.369273033, 30.540132358], [114.369270157, 30.54012723], [114.369266712, 30.540122369], [114.369262731, 30.540117824], [114.369258251, 30.540113636], [114.369253316, 30.540109846], [114.369247974, 30.540106491], [114.369242275, 30.540103604], [114.369236275, 30.540101211], [114.369230032, 30.540099336], [114.369226699, 30.540098643], [114.369221918, 30.540096014], [114.369216022, 30.540093435], [114.369209862, 30.540091367], [114.369203497, 30.540089829], [114.369196986, 30.540088835], [114.369190394, 30.540088396], [114.368461132, 30.540070731], [114.368406167, 30.540062775], [114.368398149, 30.540062036], [114.367978559, 30.540045133], [114.367776858, 30.540024471], [114.367536375, 30.539994166], [114.367314376, 30.539938422], [114.367121889, 30.539887189], [114.367131482, 30.539866708], [114.367133498, 30.539861775], [114.36713499, 30.539856705], [114.367135945, 30.53985154], [114.367155616, 30.539702182], [114.36773471, 30.539740848], [114.368605629, 30.539800843], [114.368606156, 30.539800856], [114.36860668, 30.539800908], [114.369147799, 30.539830859], [114.369282681, 30.539841382], [114.36937132, 30.539860572], [114.369541778, 30.539913473], [114.369664088, 30.539952874], [114.369501222, 30.540064613], [114.36949635, 30.540068299], [114.369491913, 30.540072371], [114.369183513, 30.540384171], [114.369179357, 30.540388832], [114.369175769, 30.540393832], [114.369091969, 30.540525031]]]}, "properties": {"id": 2464, "land_type": "教育用地"}}, {"type": "Feature", "geometry": {"type": "Polygon", "coordinates": [[[114.368431312, 30.541489246], [114.368417388, 30.541521824], [114.36840457, 30.541551712], [114.368364805, 30.541570012], [114.36834371, 30.541568203], [114.368311837, 30.541563728], [114.368307395, 30.541563235], [114.367801978, 30.541521734], [114.367581697, 30.54150284], [114.367290346, 30.541473619], [114.367114857, 30.541444208], [114.366935838, 30.541409398], [114.366927933, 30.541408281], [114.366919929, 30.541407981], [114.366778739, 30.541409914], [114.366785825, 30.541362391], [114.366785906, 30.541361828], [114.366852906, 30.540874828], [114.366853279, 30.540870694], [114.367723567, 30.540901778], [114.367752464, 30.540903831], [114.367759282, 30.540904016], [114.367820282, 30.540903016], [114.367826747, 30.540902641], [114.36783314, 30.540901734], [114.367839402, 30.540900302], [114.367845475, 30.540898358], [114.367851303, 30.540895921], [114.367885305, 30.540879921], [114.367890258, 30.540877348], [114.367894935, 30.540874418], [114.367899303, 30.540871151], [114.367926303, 30.540849152], [114.367931296, 30.540844619], [114.367935696, 30.540839651], [114.36793945, 30.540834303], [114.367942513, 30.540828639], [114.367956513, 30.54079864], [114.367958216, 30.540794556], [114.367959559, 30.540790374], [114.36797056, 30.540750375], [114.367971548, 30.540746055], [114.367972153, 30.540741683], [114.367982445, 30.540632221], [114.368372594, 30.540656677], [114.368502853, 30.540686532], [114.368538304, 30.540732367], [114.368576931, 30.540817378], [114.368451071, 30.541398051], [114.368431312, 30.541489246]]]}, "properties": {"id": 2465, "land_type": "教育用地"}}, {"type": "Feature", "geometry": {"type": "Polygon", "coordinates": [[[114.36190386, 30.534154742], [114.362099003, 30.534224408], [114.362129067, 30.534235143], [114.362087396, 30.534703198], [114.361845148, 30.534712022], [114.361843115, 30.534712182], [114.361841084, 30.534712276], [114.361753198, 30.534720088], [114.361609324, 30.534725015], [114.361604362, 30.534725343], [114.361599443, 30.534725987], [114.361446442, 30.534750987], [114.361442064, 30.534751833], [114.360910065, 30.534870833], [114.360909277, 30.534871014], [114.360788091, 30.534899474], [114.360734531, 30.534896538], [114.360659354, 30.534875954], [114.360619664, 30.534863973], [114.360577144, 30.53483174], [114.360426979, 30.534578787], [114.360808301, 30.53441512], [114.360977822, 30.534358285], [114.361341202, 30.534243481], [114.36134284, 30.534242944], [114.361497383, 30.534190148], [114.361693506, 30.534160777], [114.361872415, 30.534152956], [114.361873964, 30.534152873], [114.361884232, 30.534152219], [114.36190386, 30.534154742]]]}, "properties": {"id": 2477, "land_type": "居住用地"}}, {"type": "Feature", "geometry": {"type": "Polygon", "coordinates": [[[114.364839677, 30.534441611], [114.365078735, 30.534473353], [114.365079042, 30.534473393], [114.365615042, 30.534542393], [114.365622051, 30.534542974], [114.365623623, 30.534543034], [114.365608547, 30.534634015], [114.365530963, 30.534626473], [114.364883361, 30.53453966], [114.364883299, 30.534539654], [114.364883238, 30.534539643], [114.364296219, 30.53446191], [114.364312137, 30.534459095], [114.364446244, 30.534440497], [114.364492247, 30.534435896], [114.364687163, 30.534429141], [114.364839677, 30.534441611]]]}, "properties": {"id": 2478, "land_type": "公园与绿地用地"}}, {"type": "Feature", "geometry": {"type": "Polygon", "coordinates": [[[114.363415403, 30.534734741], [114.36340262, 30.534778988], [114.363401461, 30.534783895], [114.363400797, 30.534788871], [114.363400633, 30.534793877], [114.363401634, 30.534850877], [114.363402449, 30.53485904], [114.363407359, 30.53488586], [114.363337756, 30.53485382], [114.363330534, 30.534850954], [114.363322968, 30.53484884], [114.363206968, 30.53482284], [114.363200764, 30.534821715], [114.362870787, 30.534775719], [114.362720798, 30.534754721], [114.362584787, 30.534735719], [114.362583779, 30.534735584], [114.362306779, 30.534700583], [114.362301637, 30.534700107], [114.362296467, 30.534699971], [114.362222782, 30.534700472], [114.362260047, 30.534281907], [114.362556101, 30.534387608], [114.36256428, 30.534390011], [114.362752379, 30.534433911], [114.363020207, 30.534496317], [114.363026725, 30.534497541], [114.363360425, 30.534545441], [114.363460419, 30.534559794], [114.363457441, 30.534570625], [114.363457209, 30.5345715], [114.363415403, 30.534734741]]]}, "properties": {"id": 2479, "land_type": "居住用地"}}, {"type": "Feature", "geometry": {"type": "Polygon", "coordinates": [[[114.362563716, 30.534850352], [114.362699203, 30.534869281], [114.362849191, 30.534890279], [114.363176104, 30.534935848], [114.363281296, 30.534959425], [114.36342599, 30.535026031], [114.363424039, 30.535067954], [114.363189306, 30.535046312], [114.362677509, 30.534997331], [114.36191963, 30.534923441], [114.361889226, 30.53491964], [114.361906098, 30.534825966], [114.36215169, 30.53481702], [114.362292349, 30.534816064], [114.362563716, 30.534850352]]]}, "properties": {"id": 2480, "land_type": "公园与绿地用地"}}, {"type": "Feature", "geometry": {"type": "Polygon", "coordinates": [[[114.36602043, 30.534833485], [114.366020858, 30.534839458], [114.366021999, 30.534845363], [114.366023839, 30.534851133], [114.366026359, 30.53485671], [114.366029532, 30.534862033], [114.366033327, 30.534867047], [114.366099826, 30.534945748], [114.366105153, 30.534951293], [114.366261369, 30.53509479], [114.366281777, 30.535123419], [114.366157343, 30.535301547], [114.366150996, 30.535309482], [114.366142609, 30.535316004], [114.366133059, 30.535317971], [114.366088015, 30.535317971], [114.365432626, 30.535250444], [114.364788249, 30.535173519], [114.364785817, 30.535173333], [114.36478339, 30.535173093], [114.364625382, 30.535164205], [114.363867386, 30.535082529], [114.363772223, 30.535069718], [114.363716588, 30.535050082], [114.363601246, 30.534989129], [114.363557363, 30.534960089], [114.363536293, 30.534845017], [114.363535498, 30.53479968], [114.363546381, 30.534762013], [114.363546555, 30.53476125], [114.363546792, 30.534760501], [114.363588681, 30.534596938], [114.363594356, 30.534576296], [114.363977786, 30.534618854], [114.365635871, 30.534803052], [114.365882759, 30.534830552], [114.365888851, 30.53483099], [114.365894963, 30.534830949], [114.366020968, 30.534825202], [114.366020718, 30.534827506], [114.36602043, 30.534833485]]]}, "properties": {"id": 2481, "land_type": "居住用地"}}, {"type": "Feature", "geometry": {"type": "Polygon", "coordinates": [[[114.366891635, 30.532526799], [114.36715687, 30.532634752], [114.367124916, 30.532699595], [114.367029868, 30.532829261], [114.366394572, 30.53264386], [114.366423612, 30.532510099], [114.366473937, 30.532418971], [114.366891635, 30.532526799]]]}, "properties": {"id": 2482, "land_type": "教育用地"}}, {"type": "Feature", "geometry": {"type": "Polygon", "coordinates": [[[114.369902936, 30.534682033], [114.369906796, 30.534734128], [114.369595052, 30.535088818], [114.36918615, 30.535393766], [114.369084851, 30.535469311], [114.368929592, 30.535546532], [114.368558856, 30.535395562], [114.36800024, 30.535166947], [114.367463463, 30.534881722], [114.366613004, 30.534352548], [114.366550373, 30.534305332], [114.366545468, 30.534301969], [114.366542922, 30.534300533], [114.366559658, 30.534251309], [114.366561271, 30.534245456], [114.366562172, 30.534239492], [114.36656235, 30.534233478], [114.36655273, 30.533917595], [114.366796221, 30.533974973], [114.366796311, 30.533974991], [114.3667964, 30.533975016], [114.366892705, 30.533997465], [114.367847399, 30.534220015], [114.367853858, 30.534221232], [114.367860425, 30.534221897], [114.367867035, 30.534222005], [114.367873626, 30.534221553], [114.367880134, 30.534220548], [114.367886497, 30.534218997], [114.367892652, 30.534216918], [114.36789854, 30.534214329], [114.367904106, 30.534211255], [114.367909295, 30.534207725], [114.367914058, 30.534203775], [114.367918349, 30.534199442], [114.367922125, 30.534194768], [114.367925351, 30.534189797], [114.367927996, 30.534184578], [114.367930035, 30.534179161], [114.367931446, 30.534173597], [114.367932218, 30.534167941], [114.367932343, 30.534162247], [114.36793182, 30.53415657], [114.367930652, 30.534150964], [114.367928852, 30.534145485], [114.367926438, 30.534140183], [114.367923432, 30.53413511], [114.367919863, 30.534130317], [114.367915766, 30.534125847], [114.367911179, 30.534121745], [114.367906149, 30.53411805], [114.367900721, 30.534114797], [114.367894951, 30.534112018], [114.367888891, 30.53410974], [114.367882602, 30.534107985], [114.366831691, 30.533863005], [114.366738025, 30.533840932], [114.366547434, 30.533648057], [114.366546387, 30.533579506], [114.366553343, 30.533383775], [114.366553226, 30.533378148], [114.366552476, 30.533372557], [114.366551101, 30.533367055], [114.366549115, 30.533361693], [114.366546534, 30.533356522], [114.366543384, 30.533351591], [114.366523384, 30.533323591], [114.366519509, 30.533318736], [114.366515082, 30.533314245], [114.366510149, 30.533310163], [114.366504761, 30.533306533], [114.366094728, 30.53305812], [114.366035957, 30.533019791], [114.365810234, 30.532723232], [114.365708057, 30.532313558], [114.36559722, 30.531804307], [114.365596726, 30.531802237], [114.365500421, 30.531434271], [114.366228046, 30.531296684], [114.366470602, 30.531306926], [114.366475878, 30.531307058], [114.366629778, 30.531308359], [114.366645975, 30.531307656], [114.367429536, 30.53123269], [114.367430758, 30.531243993], [114.36743473, 30.53158049], [114.367434795, 30.531582511], [114.367452289, 30.531917062], [114.367412515, 30.532069747], [114.367338059, 30.532204573], [114.367336338, 30.532207963], [114.367330564, 30.53222041], [114.366776491, 30.532084197], [114.366769453, 30.532082813], [114.366762284, 30.532082086], [114.366755066, 30.532082024], [114.366749589, 30.532082483], [114.366726366, 30.532076615], [114.366720636, 30.532075399], [114.366714804, 30.53207462], [114.366666505, 30.53207002], [114.366659623, 30.532069671], [114.366652738, 30.532069928], [114.366596438, 30.532074528], [114.366589162, 30.53207547], [114.366582048, 30.53207709], [114.366575182, 30.532079369], [114.366568644, 30.532082278], [114.366523044, 30.532105378], [114.366517771, 30.532108344], [114.36651284, 30.532111723], [114.366508298, 30.532115481], [114.366504184, 30.53211959], [114.366500532, 30.532124012], [114.366497376, 30.532128708], [114.366494744, 30.532133637], [114.366492656, 30.532138757], [114.366440388, 30.53228914], [114.366243948, 30.532238413], [114.366237581, 30.532237056], [114.366231091, 30.532236238], [114.36622454, 30.532235968], [114.366217988, 30.532236249], [114.366211501, 30.532237076], [114.366205136, 30.532238443], [114.366198957, 30.532240336], [114.36619302, 30.532242738], [114.366187383, 30.532245626], [114.366182098, 30.532248973], [114.366177216, 30.532252746], [114.366172784, 30.53225691], [114.366168842, 30.532261425], [114.366165429, 30.53226625], [114.366162577, 30.532271337], [114.366160312, 30.53227664], [114.366158656, 30.532282107], [114.366068657, 30.532652306], [114.366067649, 30.532657715], [114.366067236, 30.532663181], [114.366067425, 30.532668658], [114.366068213, 30.532674093], [114.366069592, 30.532679442], [114.36607155, 30.532684654], [114.36607407, 30.532689684], [114.36607713, 30.532694486], [114.366080703, 30.532699019], [114.366165602, 30.532796519], [114.366169852, 30.532800929], [114.366174587, 30.532804955], [114.36617976, 30.532808561], [114.366185319, 30.532811708], [114.366191213, 30.532814369], [114.366197383, 30.532816515], [114.366203768, 30.532818127], [114.366896568, 30.532961427], [114.366902574, 30.532962423], [114.366908661, 30.532962947], [114.366914778, 30.532962992], [114.367053168, 30.532958605], [114.36707838, 30.532965962], [114.367084015, 30.532967375], [114.367089773, 30.532968359], [114.367095608, 30.532968907], [114.367101475, 30.532969017], [114.367148461, 30.53296813], [114.36726306, 30.53306402], [114.367219853, 30.533129836], [114.367216886, 30.533134925], [114.367214511, 30.533140239], [114.367212752, 30.533145729], [114.367211626, 30.533151341], [114.367211145, 30.533157021], [114.367211313, 30.533162715], [114.367212128, 30.533168366], [114.367213582, 30.533173921], [114.36721566, 30.533179328], [114.367218344, 30.533184532], [114.367221608, 30.533189485], [114.367225419, 30.533194138], [114.367229741, 30.533198448], [114.367234534, 30.533202371], [114.367239749, 30.533205871], [114.367245338, 30.533208915], [114.367251246, 30.533211471], [114.367257416, 30.533213517], [114.36726379, 30.533215031], [114.367270305, 30.533216001], [114.3672769, 30.533216414], [114.367283509, 30.53321627], [114.36729007, 30.533215569], [114.36729652, 30.533214317], [114.367302797, 30.533212526], [114.36730884, 30.533210214], [114.36731459, 30.533207403], [114.367319992, 30.53320412], [114.367324995, 30.533200397], [114.36732955, 30.533196269], [114.367333614, 30.533191777], [114.367337147, 30.533186964], [114.367405947, 30.533082164], [114.367408995, 30.533076919], [114.367411413, 30.533071435], [114.367413175, 30.53306577], [114.367414265, 30.53305998], [114.367414671, 30.533054124], [114.367414388, 30.533048264], [114.367413421, 30.533042459], [114.367411777, 30.533036767], [114.367409475, 30.533031246], [114.367406537, 30.533025955], [114.367402995, 30.533020946], [114.367398883, 30.53301627], [114.367394245, 30.533011975], [114.367280621, 30.532916903], [114.367312338, 30.532881455], [114.36740831, 30.532774486], [114.367409104, 30.532773582], [114.36746511, 30.532708574], [114.367465129, 30.532708553], [114.367466439, 30.532706864], [114.367467802, 30.532705208], [114.367468262, 30.532704513], [114.367468785, 30.53270384], [114.367468801, 30.532703816], [114.367469911, 30.532702025], [114.36747108, 30.532700262], [114.367471459, 30.532699532], [114.367471897, 30.532698826], [114.367471911, 30.532698801], [114.367472817, 30.532696916], [114.36747378, 30.532695063], [114.367511017, 30.532612721], [114.367514614, 30.532615422], [114.367519847, 30.532618648], [114.367525414, 30.53262143], [114.367531263, 30.532623741], [114.367537342, 30.532625561], [114.367910142, 30.532720261], [114.367916568, 30.532721602], [114.367923116, 30.532722394], [114.367929721, 30.53272263], [114.367936323, 30.532722306], [114.367942855, 30.532721427], [114.367949256, 30.53272], [114.367955464, 30.532718041], [114.367961419, 30.532715566], [114.367967063, 30.532712601], [114.367972343, 30.532709172], [114.367977208, 30.532705316], [114.36798161, 30.532701067], [114.367985507, 30.532696467], [114.367988863, 30.532691559], [114.367991643, 30.532686392], [114.367993822, 30.532681015], [114.367995379, 30.532675481], [114.367996298, 30.532669841], [114.367996572, 30.53266415], [114.367996197, 30.532658465], [114.367995176, 30.532652839], [114.367993519, 30.532647326], [114.367991244, 30.532641979], [114.367988371, 30.532636849], [114.367984928, 30.532631987], [114.367980949, 30.532627439], [114.36797647, 30.532623249], [114.367971537, 30.532619457], [114.367966196, 30.532616101], [114.367960499, 30.532613211], [114.367954501, 30.532610816], [114.367948258, 30.532608939], [114.367637432, 30.532529981], [114.367812535, 30.531926596], [114.367882797, 30.531822839], [114.36788578, 30.531817905], [114.3678882, 30.53181275], [114.367890036, 30.531807417], [114.367891271, 30.531801957], [114.367891893, 30.531796421], [114.367901783, 30.531621365], [114.367973999, 30.531516128], [114.36797497, 30.531514542], [114.367976007, 30.531512986], [114.36797651, 30.531512024], [114.36797708, 30.531511089], [114.367977865, 30.531509428], [114.36797872, 30.531507792], [114.367979111, 30.531506792], [114.367979573, 30.531505815], [114.367980165, 30.531504095], [114.36798083, 30.531502395], [114.367981105, 30.531501367], [114.367981453, 30.531500355], [114.367981847, 30.531498594], [114.367982316, 30.531496846], [114.367982472, 30.531495799], [114.367982703, 30.531494763], [114.367982895, 30.531492977], [114.367983162, 30.531491198], [114.367993662, 30.531377399], [114.367993724, 30.531375671], [114.36799386, 30.531373948], [114.367998173, 30.531186009], [114.36819071, 30.531170683], [114.368193113, 30.531775601], [114.368165115, 30.531980856], [114.368075739, 30.532280981], [114.367986036, 30.532582389], [114.367985673, 30.532583924], [114.36798523, 30.532585442], [114.36798501, 30.532586711], [114.367984712, 30.532587969], [114.367984523, 30.532589526], [114.367984255, 30.532591074], [114.367984181, 30.532592357], [114.367984027, 30.532593634], [114.367984017, 30.532595199], [114.367983926, 30.532596762], [114.367983999, 30.532598044], [114.367983991, 30.532599329], [114.367984159, 30.532600887], [114.367984247, 30.53260245], [114.367984464, 30.53260372], [114.367984603, 30.532604998], [114.367984947, 30.532606535], [114.367985212, 30.532608084], [114.367985574, 30.53260933], [114.367985856, 30.53261059], [114.367986374, 30.532612091], [114.367986815, 30.532613609], [114.367987317, 30.532614819], [114.367987741, 30.532616049], [114.367988427, 30.532617499], [114.367989038, 30.532618973], [114.367989675, 30.532620133], [114.367990238, 30.532621323], [114.367991085, 30.532622707], [114.367991861, 30.532624123], [114.367992626, 30.532625224], [114.367993322, 30.53262636], [114.367994323, 30.532627666], [114.367995257, 30.532629009], [114.367996144, 30.532630041], [114.367996966, 30.532631112], [114.36799811, 30.532632328], [114.367999192, 30.532633585], [114.368000192, 30.532634538], [114.368001131, 30.532635534], [114.368002409, 30.532636647], [114.368003629, 30.532637807], [114.368004732, 30.53263867], [114.368005781, 30.532639584], [114.368007179, 30.532640583], [114.368008525, 30.532641635], [114.368009722, 30.5326424], [114.368010868, 30.532643221], [114.368012374, 30.532644097], [114.368013833, 30.532645031], [114.36801511, 30.532645692], [114.368016345, 30.53264641], [114.368017943, 30.532647156], [114.368019501, 30.532647962], [114.368020849, 30.532648511], [114.368022159, 30.532649123], [114.368023835, 30.53264973], [114.368025477, 30.5326504], [114.36802688, 30.532650833], [114.368028254, 30.532651331], [114.36802999, 30.532651793], [114.3680317, 30.532652322], [114.368843509, 30.532864936], [114.368779045, 30.533051381], [114.368216486, 30.533142978], [114.368209788, 30.533144378], [114.368203292, 30.533146359], [114.368158293, 30.533162359], [114.368158053, 30.533162456], [114.368157804, 30.533162535], [114.368155064, 30.53316367], [114.368152313, 30.533164788], [114.368152085, 30.533164905], [114.368151846, 30.533165004], [114.368149248, 30.533166365], [114.368146637, 30.533167709], [114.368146424, 30.533167845], [114.368146198, 30.533167963], [114.368143767, 30.533169538], [114.368141322, 30.533171096], [114.368141125, 30.533171249], [114.368140913, 30.533171387], [114.368138674, 30.533173159], [114.368136418, 30.533174916], [114.368136239, 30.533175084], [114.368136044, 30.533175239], [114.368134017, 30.533177192], [114.368131972, 30.53317913], [114.368131814, 30.533179314], [114.368131637, 30.533179484], [114.368129841, 30.533181599], [114.368128027, 30.533183701], [114.36812789, 30.533183897], [114.368127734, 30.533184081], [114.368126187, 30.533186337], [114.36812462, 30.533188582], [114.368124508, 30.533188788], [114.368124373, 30.533188985], [114.36812309, 30.53319136], [114.368121787, 30.533193727], [114.368121697, 30.533193942], [114.368121585, 30.53319415], [114.368120579, 30.533196622], [114.368119552, 30.533199087], [114.368119488, 30.533199308], [114.368119399, 30.533199524], [114.368108399, 30.533231525], [114.36810631, 30.533239753], [114.36810031, 30.533275753], [114.368099722, 30.533280888], [114.368099668, 30.533286048], [114.368100146, 30.533291191], [114.368101151, 30.533296277], [114.368149152, 30.533487277], [114.36814952, 30.533488662], [114.36816752, 30.533552664], [114.368169386, 30.533558111], [114.36817186, 30.533563377], [114.368174919, 30.533568409], [114.368178535, 30.533573159], [114.368182673, 30.533577582], [114.368213673, 30.533607582], [114.368213736, 30.533607637], [114.368213794, 30.533607698], [114.368216053, 30.533609669], [114.368218306, 30.533611645], [114.368218376, 30.533611695], [114.36821844, 30.533611751], [114.368220911, 30.533613521], [114.368223378, 30.533615297], [114.368223454, 30.533615341], [114.368223524, 30.533615391], [114.368226186, 30.533616943], [114.368228843, 30.533618504], [114.368228922, 30.533618541], [114.368228998, 30.533618585], [114.368231824, 30.533619906], [114.368234645, 30.533621233], [114.368234729, 30.533621264], [114.368234809, 30.533621302], [114.368237772, 30.533622377], [114.368240731, 30.533623459], [114.368240818, 30.533623483], [114.368240902, 30.533623514], [114.368243973, 30.533624335], [114.36824704, 30.533625161], [114.368247129, 30.533625178], [114.368247216, 30.533625201], [114.368250366, 30.533625759], [114.368253513, 30.533626323], [114.368253604, 30.533626331], [114.368253693, 30.533626348], [114.368283693, 30.533630348], [114.36829025, 30.533630941], [114.368296843, 30.533630979], [114.368351842, 30.533628979], [114.368357711, 30.533628544], [114.368363513, 30.533627669], [114.368963513, 30.533513669], [114.368971156, 30.533511803], [114.368978491, 30.533509176], [114.369009492, 30.533496176], [114.369015796, 30.533493163], [114.36902169, 30.533489587], [114.369027107, 30.53348549], [114.369031985, 30.533480916], [114.369036266, 30.533475921], [114.369062266, 30.53344192], [114.369065738, 30.533436834], [114.369068592, 30.533431472], [114.369070798, 30.533425888], [114.369072336, 30.533420139], [114.369073189, 30.533414286], [114.369073347, 30.533408389], [114.369071349, 30.533346389], [114.369070898, 30.533341119], [114.369069895, 30.533335906], [114.369068344, 30.533330793], [114.369037941, 30.533246448], [114.368994523, 30.533094488], [114.369102661, 30.532916962], [114.369105049, 30.532912612], [114.369133049, 30.532855612], [114.369134765, 30.53285174], [114.369216764, 30.53264474], [114.369218089, 30.532640987], [114.369245088, 30.532553986], [114.369245612, 30.532551893], [114.369246194, 30.53254981], [114.369246307, 30.53254911], [114.36924648, 30.532548418], [114.369246763, 30.532546291], [114.369247106, 30.532544169], [114.369247138, 30.532543463], [114.369247231, 30.53254276], [114.369247271, 30.53254062], [114.369247289, 30.532540237], [114.369401223, 30.532504088], [114.369436954, 30.532495681], [114.369442729, 30.532494078], [114.369737729, 30.532399377], [114.36974381, 30.532397127], [114.369749604, 30.532394374], [114.369755058, 30.532391142], [114.369760117, 30.532387467], [114.369764733, 30.532383381], [114.369768861, 30.532378925], [114.369772462, 30.532374142], [114.369775501, 30.532369077], [114.369777948, 30.53236378], [114.36977978, 30.532358302], [114.369780978, 30.532352695], [114.369781533, 30.532347014], [114.369781437, 30.532341315], [114.369780694, 30.53233565], [114.369779307, 30.532330075], [114.369777292, 30.532324645], [114.369476893, 30.531633845], [114.369474358, 30.531628766], [114.369471275, 30.53162392], [114.36946767, 30.531619348], [114.369463576, 30.531615091], [114.369459032, 30.53161119], [114.369454076, 30.531607678], [114.369448755, 30.53160459], [114.369443117, 30.53160195], [114.369437214, 30.531599785], [114.369431097, 30.531598113], [114.368884274, 30.531472992], [114.368853985, 30.53145883], [114.368830036, 30.531432909], [114.368812558, 30.531386373], [114.368802575, 30.531275241], [114.368788642, 30.531118825], [114.369937904, 30.531025865], [114.370003338, 30.531177693], [114.370006746, 30.531232419], [114.370008102, 30.531243749], [114.37001074, 30.53125491], [114.370014636, 30.531265795], [114.370019751, 30.531276298], [114.370026038, 30.531286319], [114.370033434, 30.53129576], [114.370041868, 30.531304532], [114.370051262, 30.531312549], [114.370061521, 30.531319735], [114.370065543, 30.531322027], [114.370700754, 30.532795901], [114.370874007, 30.533206891], [114.369393112, 30.533432613], [114.369295845, 30.533386946], [114.36929012, 30.533384553], [114.369284157, 30.533382637], [114.369278012, 30.533381212], [114.369271738, 30.533380294], [114.369265392, 30.533379889], [114.369259029, 30.533380003], [114.369252708, 30.533380632], [114.369246483, 30.533381773], [114.369240412, 30.533383414], [114.369234546, 30.533385542], [114.369111147, 30.533436342], [114.36910499, 30.533439225], [114.369099213, 30.533442643], [114.36909388, 30.53344656], [114.368993852, 30.533528133], [114.368797355, 30.533665434], [114.368792519, 30.533669159], [114.368788122, 30.533673268], [114.368784204, 30.533677722], [114.368780801, 30.53368248], [114.368777945, 30.533687499], [114.368574144, 30.534094099], [114.368571829, 30.53409942], [114.368570129, 30.534104912], [114.368569061, 30.534110521], [114.368568634, 30.534116192], [114.368568854, 30.534121873], [114.368569719, 30.534127507], [114.368571219, 30.534133043], [114.36857334, 30.534138424], [114.368576063, 30.534143602], [114.36857936, 30.534148525], [114.368583201, 30.534153146], [114.368587549, 30.534157423], [114.368592361, 30.534161312], [114.368611793, 30.534175542], [114.368610705, 30.534179657], [114.368609897, 30.534184808], [114.368609626, 30.53419], [114.368609626, 30.534225], [114.368610005, 30.534231137], [114.368611133, 30.534237206], [114.368613001, 30.534243138], [114.368615588, 30.534248866], [114.368637587, 30.534290866], [114.368640992, 30.534296515], [114.368645094, 30.53430181], [114.368649845, 30.534306686], [114.368686845, 30.534340685], [114.368692094, 30.534345016], [114.368697855, 30.534348833], [114.368704059, 30.534352095], [114.368710636, 30.534354762], [114.368770636, 30.534375762], [114.368776632, 30.534377581], [114.368782799, 30.534378906], [114.368789083, 30.534379724], [114.368834083, 30.534383724], [114.368840785, 30.53438403], [114.368847489, 30.534383761], [114.368883489, 30.534380761], [114.368889551, 30.534380015], [114.368895511, 30.534378798], [114.368901317, 30.53437712], [114.368955316, 30.53435912], [114.368961068, 30.534356932], [114.368966557, 30.534354291], [114.368971737, 30.534351221], [114.368993168, 30.534337208], [114.369009504, 30.534342418], [114.369015962, 30.534344167], [114.369022589, 30.534345347], [114.369029322, 30.534345948], [114.369036091, 30.534345964], [114.369261391, 30.534336765], [114.369267785, 30.534336241], [114.369274092, 30.534335193], [114.369280255, 30.534333634], [114.369286218, 30.534331575], [114.369291926, 30.534329037], [114.369393926, 30.534278237], [114.369399697, 30.534275013], [114.369405057, 30.534271299], [114.369409949, 30.534267134], [114.369414322, 30.53426256], [114.369418133, 30.534257628], [114.369421338, 30.534252386], [114.369423906, 30.534246889], [114.369425809, 30.534241194], [114.369427029, 30.534235364], [114.369427553, 30.534229456], [114.369434846, 30.53397908], [114.369447694, 30.534226592], [114.369448312, 30.534232261], [114.369449573, 30.534237852], [114.369451465, 30.53424331], [114.369453969, 30.53424858], [114.369457059, 30.534253614], [114.369460709, 30.534258363], [114.36946488, 30.534262781], [114.369469534, 30.534266826], [114.369474627, 30.534270458], [114.369480109, 30.534273643], [114.369485926, 30.53427635], [114.369492023, 30.534278551], [114.369498342, 30.534280229], [114.36950482, 30.534281365], [114.369511397, 30.534281947], [114.369518009, 30.534281973], [114.369524592, 30.53428144], [114.369531082, 30.534280353], [114.369537418, 30.534278724], [114.369543537, 30.534276567], [114.369549382, 30.534273905], [114.369554895, 30.534270762], [114.369560025, 30.534267169], [114.369564721, 30.53426316], [114.369568937, 30.534258774], [114.369572635, 30.534254053], [114.369575778, 30.534249043], [114.369578334, 30.534243791], [114.369580282, 30.534238349], [114.3695816, 30.534232768], [114.369582277, 30.534227103], [114.369582307, 30.534221408], [114.369549446, 30.53358835], [114.369593031, 30.533557775], [114.370294152, 30.533427028], [114.370293627, 30.533506671], [114.370293627, 30.53350734], [114.370294585, 30.533648138], [114.370276414, 30.533722642], [114.370257473, 30.533784632], [114.370172027, 30.533901656], [114.369949183, 30.534170261], [114.36994858, 30.534171], [114.36988758, 30.534247], [114.369884287, 30.534251537], [114.369881493, 30.534256315], [114.369879222, 30.534261294], [114.369862223, 30.534304294], [114.369860269, 30.534310264], [114.369859066, 30.534316379], [114.36985363, 30.534357162], [114.36980408, 30.534364901], [114.36979764, 30.53436619], [114.369791378, 30.534368018], [114.369785354, 30.534370365], [114.369779626, 30.534373209], [114.36977425, 30.534376523], [114.369769276, 30.534380275], [114.369764753, 30.534384429], [114.369760725, 30.534388945], [114.369757229, 30.53439378], [114.369754302, 30.534398885], [114.369751968, 30.534404214], [114.369750254, 30.534409714], [114.369749172, 30.534415332], [114.369748736, 30.534421016], [114.369748948, 30.534426707], [114.369749807, 30.534432353], [114.369751305, 30.5344379], [114.369753426, 30.534443295], [114.369756151, 30.534448483], [114.369759453, 30.534453416], [114.369763301, 30.534458047], [114.369767658, 30.534462331], [114.369772481, 30.534466227], [114.369777723, 30.534469697], [114.369783336, 30.534472707], [114.369789264, 30.534475229], [114.369795451, 30.534477239], [114.369801836, 30.534478715], [114.369808359, 30.534479646], [114.369814956, 30.534480022], [114.369821564, 30.534479839], [114.36982812, 30.5344791], [114.369867633, 30.534472929], [114.369902936, 30.534682033]]]}, "properties": {"id": 2483, "land_type": "教育用地"}}, {"type": "Feature", "geometry": {"type": "Polygon", "coordinates": [[[114.368907579, 30.533275867], [114.368908656, 30.533279208], [114.36893691, 30.533357587], [114.368938063, 30.533393342], [114.368933897, 30.53339879], [114.368926688, 30.533401812], [114.368340256, 30.533513235], [114.368298153, 30.533514766], [114.368294517, 30.533511248], [114.368280674, 30.533462028], [114.368235411, 30.533281919], [114.368238993, 30.533260427], [114.368239462, 30.533259061], [114.368248312, 30.533255914], [114.368872824, 30.533154229], [114.368907579, 30.533275867]]]}, "properties": {"id": 2484, "land_type": "交通枢纽用地"}}, {"type": "Feature", "geometry": {"type": "Polygon", "coordinates": [[[114.367057649, 30.534815709], [114.367059864, 30.534817001], [114.367584152, 30.535109594], [114.36764214, 30.535141987], [114.367645522, 30.535143758], [114.368331897, 30.535479598], [114.368315058, 30.53550764], [114.368260485, 30.535598696], [114.368106446, 30.535528678], [114.36810434, 30.535527761], [114.367864511, 30.535427832], [114.367672955, 30.535346867], [114.367277399, 30.535146609], [114.367134304, 30.535066787], [114.366800807, 30.534839494], [114.36679751, 30.534837385], [114.366712511, 30.534786383], [114.366712351, 30.534786288], [114.366603351, 30.534721288], [114.366596789, 30.534717836], [114.366589813, 30.534715049], [114.366504812, 30.534686048], [114.366498672, 30.534684242], [114.366492358, 30.534682954], [114.366485928, 30.534682194], [114.366393929, 30.534675195], [114.366387426, 30.534674972], [114.366380929, 30.534675291], [114.366314956, 30.534681288], [114.366369641, 30.534397441], [114.367057649, 30.534815709]]]}, "properties": {"id": 2485, "land_type": "公园与绿地用地"}}, {"type": "Feature", "geometry": {"type": "Polygon", "coordinates": [[[114.366159451, 30.534378925], [114.366158484, 30.534381477], [114.366055767, 30.534675472], [114.365741668, 30.534652069], [114.365761698, 30.534531199], [114.365762246, 30.534526564], [114.365763247, 30.534512563], [114.365763369, 30.534508289], [114.365763125, 30.534504019], [114.365762125, 30.53449402], [114.365761125, 30.534487878], [114.36575937, 30.534481866], [114.365756879, 30.534476047], [114.365754879, 30.534472047], [114.365751878, 30.534466046], [114.365749117, 30.534461165], [114.365745838, 30.534456528], [114.365742071, 30.534452176], [114.365737848, 30.534448145], [114.365733206, 30.534444473], [114.365728185, 30.53444119], [114.36572283, 30.534438325], [114.365717188, 30.534435904], [114.365711308, 30.534433948], [114.36570524, 30.534432474], [114.365700242, 30.534431474], [114.365696024, 30.534430751], [114.365689024, 30.534429752], [114.36568095, 30.534429025], [114.365631472, 30.534427158], [114.365099112, 30.534358627], [114.364858265, 30.534326647], [114.364854368, 30.53432623], [114.364695367, 30.534313229], [114.364686291, 30.534313016], [114.364484291, 30.534320016], [114.36447923, 30.534320357], [114.36442923, 30.534325357], [114.364427765, 30.534325566], [114.36442629, 30.534325707], [114.36428929, 30.534344707], [114.364286449, 30.534345156], [114.364139448, 30.534371155], [114.364132564, 30.534372703], [114.364125909, 30.534374867], [114.364119556, 30.534377624], [114.364004157, 30.534434462], [114.363693726, 30.534408592], [114.363696915, 30.534400355], [114.363698528, 30.534395491], [114.363699643, 30.534390524], [114.363709642, 30.534332524], [114.363710122, 30.534329008], [114.363728013, 30.534151087], [114.363754859, 30.533965161], [114.363754862, 30.533965124], [114.36375487, 30.533965086], [114.363766869, 30.533881088], [114.363766906, 30.533880661], [114.363766983, 30.53388024], [114.363794939, 30.533657587], [114.363845652, 30.533294731], [114.364386089, 30.533301026], [114.364392696, 30.533300824], [114.364399249, 30.533300064], [114.364405684, 30.533298755], [114.364411939, 30.533296909], [114.364417954, 30.533294544], [114.364423671, 30.533291682], [114.364429033, 30.533288352], [114.364433992, 30.533284586], [114.364438498, 30.533280417], [114.364442508, 30.53327589], [114.364445984, 30.533271045], [114.364448891, 30.533265931], [114.364451202, 30.533260594], [114.364452895, 30.53325509], [114.364453954, 30.533249468], [114.364454367, 30.533243785], [114.364454132, 30.533238093], [114.364453251, 30.533232449], [114.364451731, 30.533226907], [114.364449588, 30.53322152], [114.364446842, 30.533216339], [114.36444352, 30.533211415], [114.364439654, 30.533206795], [114.36443528, 30.533202524], [114.364430442, 30.533198643], [114.364425185, 30.533195188], [114.364419561, 30.533192195], [114.364413622, 30.533189691], [114.364407428, 30.533187701], [114.364401036, 30.533186242], [114.36439451, 30.53318533], [114.364387911, 30.533184974], [114.363821109, 30.533178372], [114.363774919, 30.533122386], [114.363770364, 30.533117455], [114.363765214, 30.533112978], [114.363759531, 30.533109008], [114.363753382, 30.533105593], [114.363724124, 30.533091219], [114.363866987, 30.533059156], [114.363872938, 30.533057564], [114.363878692, 30.533055506], [114.3638842, 30.533052998], [114.363889417, 30.533050063], [114.363894295, 30.533046727], [114.363898796, 30.533043014], [114.363902879, 30.533038961], [114.363913878, 30.533026961], [114.363917959, 30.533021994], [114.363921414, 30.533016687], [114.363924204, 30.533011097], [114.363930204, 30.532997097], [114.363932214, 30.532991577], [114.363933574, 30.532985912], [114.363934274, 30.532980158], [114.363934304, 30.532974372], [114.363933666, 30.532968612], [114.363932365, 30.532962937], [114.363889535, 30.532815246], [114.363895748, 30.532813494], [114.364422517, 30.532683797], [114.364428777, 30.532681965], [114.364434799, 30.532679613], [114.364440524, 30.532676764], [114.364445897, 30.532673446], [114.364450867, 30.53266969], [114.364455385, 30.532665533], [114.364459409, 30.532661014], [114.364462899, 30.532656176], [114.364465822, 30.532651068], [114.364468149, 30.532645738], [114.364469859, 30.532640237], [114.364470934, 30.532634618], [114.364471364, 30.532628935], [114.364471147, 30.532623242], [114.364470281, 30.532617597], [114.364468779, 30.532612051], [114.364466652, 30.532606659], [114.364463921, 30.532601472], [114.364460614, 30.532596541], [114.364456762, 30.532591912], [114.364452401, 30.532587632], [114.364447574, 30.53258374], [114.364442328, 30.532580274], [114.364436712, 30.532577268], [114.364430781, 30.532574751], [114.364424592, 30.532572746], [114.364418205, 30.532571273], [114.364411682, 30.532570347], [114.364405085, 30.532569976], [114.364398477, 30.532570164], [114.364391922, 30.532570909], [114.364385483, 30.532572203], [114.363857483, 30.532702203], [114.36385627, 30.532702559], [114.363855034, 30.532702849], [114.363816035, 30.532713849], [114.363815786, 30.53271392], [114.363790755, 30.532721072], [114.363490172, 30.532781025], [114.363440243, 30.532630666], [114.363824302, 30.532553515], [114.363825137, 30.53255331], [114.363825986, 30.532553156], [114.364382986, 30.532428157], [114.364389295, 30.532426452], [114.36439538, 30.532424224], [114.364401181, 30.532421492], [114.364406644, 30.532418283], [114.364411714, 30.532414629], [114.364416346, 30.532410564], [114.364420491, 30.532406128], [114.364424113, 30.532401363], [114.364427174, 30.532396315], [114.364429647, 30.532391034], [114.364431506, 30.532385568], [114.364432735, 30.532379973], [114.364433321, 30.532374301], [114.364433258, 30.532368605], [114.364432548, 30.532362944], [114.364431197, 30.532357369], [114.364429218, 30.532351935], [114.36442663, 30.532346694], [114.364423459, 30.532341698], [114.364419733, 30.532336992], [114.364415491, 30.532332624], [114.364410772, 30.532328636], [114.364405622, 30.532325065], [114.36440009, 30.532321945], [114.364394229, 30.532319308], [114.364388098, 30.532317178], [114.364381753, 30.532315577], [114.364375256, 30.532314518], [114.364368671, 30.532314014], [114.364362059, 30.532314068], [114.364355486, 30.532314679], [114.364349013, 30.532315843], [114.363792854, 30.532440655], [114.363404703, 30.532518628], [114.363366191, 30.53239081], [114.363370758, 30.53238894], [114.363764519, 30.532305474], [114.364192935, 30.532221588], [114.364199302, 30.532220054], [114.364205464, 30.53221799], [114.364211363, 30.532215417], [114.364216939, 30.532212358], [114.364222141, 30.532208842], [114.364226918, 30.532204904], [114.364231223, 30.532200581], [114.364235016, 30.532195918], [114.36423826, 30.532190955], [114.364240923, 30.532185743], [114.364242981, 30.53218033], [114.364244412, 30.53217477], [114.364245205, 30.532169116], [114.364245349, 30.532163423], [114.364244845, 30.532157744], [114.364243698, 30.532152136], [114.364241918, 30.532146651], [114.364239522, 30.532141343], [114.364236533, 30.532136263], [114.364232981, 30.532131459], [114.3642289, 30.53212698], [114.364224329, 30.532122865], [114.36421931, 30.532119157], [114.364213895, 30.53211589], [114.364208134, 30.532113096], [114.364202082, 30.532110802], [114.364195799, 30.53210903], [114.364189344, 30.532107797], [114.36418278, 30.532107114], [114.36417617, 30.53210699], [114.364169577, 30.532107422], [114.364163065, 30.532108412], [114.363734066, 30.532192412], [114.363733489, 30.532192551], [114.3637329, 30.532192649], [114.363332451, 30.532277533], [114.36331403, 30.532215185], [114.363313293, 30.532212687], [114.363312621, 30.532210806], [114.363312016, 30.532208906], [114.36328652, 30.532141981], [114.363696541, 30.532052474], [114.364263523, 30.531944668], [114.364269901, 30.531943169], [114.364276078, 30.531941139], [114.364281995, 30.531938597], [114.364287594, 30.531935567], [114.364292822, 30.531932081], [114.364297626, 30.531928168], [114.364301963, 30.531923869], [114.364305789, 30.531919225], [114.364309069, 30.53191428], [114.364311771, 30.531909081], [114.364313867, 30.531903681], [114.36431534, 30.531898129], [114.364316172, 30.531892479], [114.364316359, 30.531886786], [114.364315897, 30.531881105], [114.36431479, 30.531875492], [114.364313049, 30.531869997], [114.364310692, 30.531864677], [114.364307741, 30.53185958], [114.364304223, 30.531854758], [114.364300175, 30.531850255], [114.364295633, 30.531846116], [114.364290643, 30.531842381], [114.364285251, 30.531839085], [114.36427951, 30.53183626], [114.364273476, 30.531833933], [114.364267206, 30.531832126], [114.364260759, 30.531830859], [114.3642542, 30.531830141], [114.364247591, 30.531829981], [114.364240995, 30.531830379], [114.364234477, 30.531831332], [114.363666476, 30.531939332], [114.36366547, 30.531939568], [114.363664448, 30.531939747], [114.363183968, 30.532044633], [114.362617761, 30.532160004], [114.362601672, 30.532067643], [114.36259384, 30.532019808], [114.365191874, 30.53149339], [114.365223153, 30.531584523], [114.365415302, 30.532447609], [114.365447831, 30.532593728], [114.365448203, 30.53259528], [114.365494396, 30.532775953], [114.365507188, 30.532826224], [114.365509083, 30.532832149], [114.365511694, 30.532837868], [114.365514993, 30.532843318], [114.365518942, 30.532848436], [114.365523497, 30.532853165], [114.365721885, 30.533038253], [114.365780971, 30.533093441], [114.365786464, 30.53309802], [114.366236483, 30.533432769], [114.366257993, 30.533849462], [114.366261827, 30.533924668], [114.366239733, 30.534065531], [114.366229134, 30.534133325], [114.366209865, 30.534255619], [114.366159451, 30.534378925]]]}, "properties": {"id": 2466, "land_type": "居住用地"}}, {"type": "Feature", "geometry": {"type": "Polygon", "coordinates": [[[114.362281901, 30.532116372], [114.362315594, 30.532248343], [114.362336346, 30.532329893], [114.362346401, 30.532391093], [114.362363792, 30.532496931], [114.362403291, 30.532737029], [114.36241975, 30.532837382], [114.362344594, 30.533057612], [114.362323279, 30.53310043], [114.362211426, 30.533325262], [114.361420663, 30.533359039], [114.361418098, 30.533359259], [114.361415529, 30.53335943], [114.36141481, 30.533359539], [114.361414083, 30.533359601], [114.361411556, 30.533360035], [114.361409018, 30.533360422], [114.361408315, 30.533360592], [114.361407599, 30.533360714], [114.361405133, 30.53336136], [114.361402652, 30.533361959], [114.361401972, 30.533362187], [114.361401273, 30.53336237], [114.361398893, 30.53336322], [114.361396491, 30.533364026], [114.36139584, 30.533364311], [114.361395166, 30.533364551], [114.361392893, 30.533365599], [114.361390595, 30.533366604], [114.36138998, 30.533366942], [114.361389336, 30.533367239], [114.361387194, 30.533368473], [114.361385021, 30.533369666], [114.361384448, 30.533370055], [114.361383841, 30.533370405], [114.361381849, 30.533371813], [114.361379823, 30.533373185], [114.361379295, 30.53337362], [114.361378732, 30.533374019], [114.36137691, 30.53337559], [114.36137505, 30.533377126], [114.361374574, 30.533377603], [114.361374059, 30.533378048], [114.361372425, 30.533379765], [114.361370747, 30.533381451], [114.36137033, 30.533381966], [114.361369866, 30.533382452], [114.361368436, 30.533384299], [114.361366959, 30.533386118], [114.361366601, 30.533386666], [114.361366196, 30.533387189], [114.361364982, 30.533389147], [114.361363719, 30.533391082], [114.361363425, 30.533391658], [114.361363082, 30.533392213], [114.361362097, 30.533394264], [114.36136106, 30.533396297], [114.361360833, 30.533396894], [114.361360554, 30.533397475], [114.361359808, 30.5333996], [114.361359008, 30.53340171], [114.361358849, 30.533402324], [114.361358638, 30.533402926], [114.361358136, 30.533405103], [114.361357579, 30.53340727], [114.361357493, 30.533407895], [114.361357351, 30.533408511], [114.361357099, 30.533410721], [114.361356793, 30.533412924], [114.361356776, 30.533413554], [114.361356706, 30.53341418], [114.361356708, 30.533416399], [114.361356653, 30.533418619], [114.361362995, 30.533614442], [114.36087174, 30.533679646], [114.360862875, 30.533681357], [114.360518984, 30.533769049], [114.360261289, 30.533282898], [114.360261266, 30.533282861], [114.360261247, 30.533282821], [114.360145248, 30.533064821], [114.360145071, 30.53306453], [114.360144926, 30.533064226], [114.360015797, 30.532828638], [114.360014507, 30.532826285], [114.359926068, 30.532646462], [114.359908011, 30.532599879], [114.361550563, 30.532236304], [114.362273898, 30.532085066], [114.362281901, 30.532116372]]]}, "properties": {"id": 2467, "land_type": "居住用地"}}, {"type": "Feature", "geometry": {"type": "Polygon", "coordinates": [[[114.363377961, 30.532865164], [114.363412723, 30.532982365], [114.36341511, 30.532988816], [114.363418353, 30.532994983], [114.363443353, 30.533035983], [114.363445515, 30.533039266], [114.363464329, 30.533065776], [114.36343877, 30.533092173], [114.363124486, 30.533305469], [114.362953056, 30.533191988], [114.362952367, 30.533191576], [114.362951715, 30.533191122], [114.36294965, 30.533189954], [114.362947622, 30.533188743], [114.362946889, 30.533188391], [114.362946189, 30.533187996], [114.362877328, 30.533153066], [114.36284789, 30.53313797], [114.362840027, 30.533130107], [114.362822808, 30.533098661], [114.362784525, 30.532995951], [114.362759416, 30.532875237], [114.362740515, 30.532774867], [114.363308969, 30.532657397], [114.363377961, 30.532865164]]]}, "properties": {"id": 2468, "land_type": "居住用地"}}, {"type": "Feature", "geometry": {"type": "Polygon", "coordinates": [[[114.363673696, 30.533200059], [114.363715997, 30.533251332], [114.363672885, 30.533559809], [114.36362462, 30.533554446], [114.363624029, 30.533554382], [114.363164239, 30.533506848], [114.363186244, 30.533411316], [114.363527697, 30.533179582], [114.363532974, 30.5331756], [114.363537741, 30.533171168], [114.363562614, 30.53314548], [114.363673696, 30.533200059]]]}, "properties": {"id": 2469, "land_type": "公园与绿地用地"}}, {"type": "Feature", "geometry": {"type": "Polygon", "coordinates": [[[114.362695852, 30.533137739], [114.362699066, 30.533144756], [114.362722065, 30.533186756], [114.362724899, 30.533191378], [114.362728203, 30.533195761], [114.362731952, 30.533199871], [114.362752951, 30.533220871], [114.362757967, 30.533225373], [114.362763516, 30.533229386], [114.362769533, 30.533232863], [114.362808533, 30.533252863], [114.362808676, 30.533252928], [114.362808811, 30.533253004], [114.362874235, 30.53328619], [114.363050773, 30.533403053], [114.363017914, 30.533545707], [114.363017732, 30.533546777], [114.363017472, 30.533547837], [114.362973578, 30.53378427], [114.362967832, 30.533811719], [114.362651778, 30.53375836], [114.362475949, 30.533719927], [114.362223424, 30.533624663], [114.362328653, 30.533498935], [114.362329881, 30.533497307], [114.362331166, 30.533495711], [114.362394166, 30.53340871], [114.362394464, 30.53340825], [114.362394804, 30.533407811], [114.362395796, 30.533406212], [114.362396853, 30.533404643], [114.36247321, 30.533277381], [114.362657977, 30.533036122], [114.362695852, 30.533137739]]]}, "properties": {"id": 2470, "land_type": "公园与绿地用地"}}, {"type": "Feature", "geometry": {"type": "Polygon", "coordinates": [[[114.366422938, 30.529679033], [114.366456162, 30.529687776], [114.366476247, 30.529703226], [114.36663256, 30.529932548], [114.366637838, 30.529952848], [114.365878204, 30.530239377], [114.365808155, 30.53026298], [114.365807748, 30.5302627], [114.365755477, 30.530171646], [114.365690877, 30.529956857], [114.366170193, 30.529749879], [114.366171065, 30.529749456], [114.366171968, 30.529749085], [114.366199286, 30.529736401], [114.366311285, 30.529687231], [114.366383425, 30.529679033], [114.366422938, 30.529679033]]]}, "properties": {"id": 2512, "land_type": "行政办公用地"}}, {"type": "Feature", "geometry": {"type": "Polygon", "coordinates": [[[114.362220531, 30.531746449], [114.362219999, 30.531746562], [114.359778732, 30.532269199], [114.359689469, 30.532053531], [114.35951609, 30.53163372], [114.360570871, 30.531217716], [114.360612216, 30.531230513], [114.360618969, 30.531232266], [114.360625897, 30.531233401], [114.360632926, 30.531233906], [114.360639978, 30.531233773], [114.360646975, 30.531233009], [114.360653839, 30.531231618], [114.360660499, 30.531229616], [114.360909798, 30.531141816], [114.360915195, 30.531139671], [114.36092035, 30.531137126], [114.36116175, 30.531005426], [114.361167114, 30.531002175], [114.361172085, 30.530998489], [114.361176616, 30.530994405], [114.361226372, 30.530944949], [114.361246329, 30.530925192], [114.361250112, 30.530921084], [114.361253451, 30.5309167], [114.361256316, 30.530912074], [114.361258685, 30.530907245], [114.361339085, 30.530720144], [114.361340873, 30.530715355], [114.361342173, 30.530710449], [114.36144054, 30.530247585], [114.362814263, 30.530413172], [114.362820848, 30.530413684], [114.36282746, 30.530413637], [114.362834034, 30.530413032], [114.362840508, 30.530411875], [114.362846819, 30.530410178], [114.362852907, 30.530407955], [114.362858712, 30.53040523], [114.362864179, 30.530402026], [114.362869255, 30.530398377], [114.362873891, 30.530394316], [114.362878044, 30.530389885], [114.362881671, 30.530385124], [114.36288474, 30.530380079], [114.36288722, 30.5303748], [114.362889087, 30.530369337], [114.362890324, 30.530363742], [114.362890918, 30.53035807], [114.362890864, 30.530352375], [114.362890162, 30.530346713], [114.362888818, 30.530341136], [114.362886847, 30.5303357], [114.362884267, 30.530330456], [114.362881102, 30.530325456], [114.362877383, 30.530320747], [114.362873148, 30.530316375], [114.362868434, 30.53031238], [114.362863288, 30.530308804], [114.362857761, 30.530305679], [114.362851905, 30.530303036], [114.362845776, 30.5303009], [114.362839433, 30.530299291], [114.362832938, 30.530298227], [114.361409532, 30.53012665], [114.361476684, 30.529668359], [114.361557475, 30.529246443], [114.361557593, 30.529245808], [114.361619633, 30.5288978], [114.361630466, 30.528881912], [114.361665529, 30.528871541], [114.361930285, 30.528883451], [114.361964829, 30.528895408], [114.362050585, 30.528946676], [114.362057018, 30.528950079], [114.362063851, 30.52895284], [114.362071, 30.528954925], [114.362138001, 30.528970924], [114.362144644, 30.528972203], [114.362151401, 30.528972898], [114.362158206, 30.528973003], [114.362164988, 30.528972515], [114.362233988, 30.528964514], [114.362240104, 30.528963556], [114.36224609, 30.528962116], [114.362251898, 30.528960207], [114.362257476, 30.528957846], [114.362262778, 30.528955052], [114.362343911, 30.528907725], [114.362442265, 30.528862258], [114.362700457, 30.528784068], [114.362896344, 30.528783797], [114.36299975, 30.528819804], [114.363006493, 30.528821801], [114.363013442, 30.528823174], [114.363073442, 30.528832173], [114.363080142, 30.528832883], [114.36308689, 30.528833011], [114.36309362, 30.528832557], [114.363120619, 30.528829556], [114.363126921, 30.528828593], [114.363133086, 30.528827118], [114.363139061, 30.528825147], [114.363176592, 30.528810968], [114.363221812, 30.528804186], [114.363291969, 30.528806008], [114.363292212, 30.528806014], [114.363598212, 30.528813013], [114.363770583, 30.528816953], [114.363837362, 30.528822991], [114.363932925, 30.528864162], [114.364256374, 30.529170341], [114.362626914, 30.529170066], [114.362074915, 30.529169966], [114.362068311, 30.529170245], [114.36206177, 30.529171079], [114.362055356, 30.529172462], [114.362049131, 30.529174379], [114.362043153, 30.529176813], [114.362037481, 30.52917974], [114.36203217, 30.529183131], [114.36202727, 30.529186955], [114.362022829, 30.529191174], [114.362018889, 30.529195748], [114.362015489, 30.529200632], [114.362012661, 30.52920578], [114.362010432, 30.529211142], [114.362008824, 30.529216666], [114.362007852, 30.529222299], [114.362007527, 30.529227987], [114.36200785, 30.529233677], [114.362008819, 30.52923931], [114.362010424, 30.529244834], [114.36201265, 30.529250197], [114.362015476, 30.529255346], [114.362018873, 30.529260232], [114.362022811, 30.529264807], [114.362027251, 30.529269027], [114.362032148, 30.529272853], [114.362037458, 30.529276247], [114.362043128, 30.529279175], [114.362049105, 30.529281611], [114.362055329, 30.529283531], [114.362061742, 30.529284916], [114.362068283, 30.529285753], [114.362074887, 30.529286033], [114.362626886, 30.529286133], [114.364383149, 30.52928643], [114.364998746, 30.529758516], [114.364989187, 30.529765837], [114.364912905, 30.529804397], [114.364611087, 30.529863406], [114.364604236, 30.529865077], [114.364053236, 30.530027078], [114.364047091, 30.53002918], [114.364041215, 30.530031791], [114.364035664, 30.530034884], [114.364030492, 30.530038432], [114.364025748, 30.5300424], [114.36402148, 30.530046749], [114.364017726, 30.530051437], [114.364014524, 30.53005642], [114.364011905, 30.530061649], [114.364009892, 30.530067074], [114.364008507, 30.530072642], [114.364007764, 30.530078302], [114.364007667, 30.530083996], [114.364008217, 30.530089671], [114.364009412, 30.530095273], [114.364011239, 30.530100746], [114.364013679, 30.53010604], [114.364016709, 30.530111101], [114.364020301, 30.530115882], [114.364024421, 30.530120337], [114.364029026, 30.530124423], [114.364034075, 30.5301281], [114.364039518, 30.530131333], [114.364045303, 30.530134091], [114.364051374, 30.530136348], [114.364057673, 30.530138081], [114.364064138, 30.530139273], [114.364070706, 30.530139914], [114.364077317, 30.530139998], [114.364083907, 30.530139524], [114.36409041, 30.530138494], [114.364096764, 30.530136921], [114.364644389, 30.529975914], [114.364952913, 30.529915594], [114.364959558, 30.529913982], [114.364965976, 30.529911794], [114.3649721, 30.529909051], [114.3650631, 30.529863051], [114.365068622, 30.529859937], [114.365073763, 30.529856373], [114.365184449, 30.529771612], [114.36525913, 30.529715851], [114.365264527, 30.529711344], [114.365314862, 30.529664333], [114.365453765, 30.530152319], [114.365455652, 30.530157778], [114.365458152, 30.530163049], [114.36546124, 30.530168086], [114.365464886, 30.530172837], [114.365469055, 30.530177257], [114.365473706, 30.530181304], [114.365478797, 30.530184939], [114.365484275, 30.530188127], [114.365490091, 30.530190836], [114.365496187, 30.530193042], [114.365502504, 30.530194723], [114.365508982, 30.530195861], [114.365515559, 30.530196449], [114.365522171, 30.530196476], [114.365528753, 30.530195947], [114.365535244, 30.530194864], [114.365541581, 30.530193237], [114.365547702, 30.530191084], [114.365553548, 30.530188425], [114.365559065, 30.530185284], [114.365564196, 30.530181694], [114.365568894, 30.530177687], [114.365573115, 30.530173303], [114.365576815, 30.530168583], [114.365579961, 30.530163574], [114.365582522, 30.530158324], [114.365584472, 30.530152882], [114.365585794, 30.530147302], [114.365586475, 30.530141638], [114.365586508, 30.530135942], [114.365585893, 30.530130271], [114.365584636, 30.53012468], [114.365446258, 30.529638541], [114.36549233, 30.529757408], [114.365546732, 30.529940397], [114.36554676, 30.529940474], [114.365546779, 30.529940553], [114.365626779, 30.530206553], [114.365628859, 30.530212245], [114.365631607, 30.530217723], [114.365693607, 30.530325723], [114.365697231, 30.530331253], [114.365701536, 30.53033641], [114.36570647, 30.53034113], [114.365711972, 30.530345357], [114.365743972, 30.530367357], [114.365749294, 30.530370663], [114.365754962, 30.530373509], [114.365760926, 30.530375865], [114.365767127, 30.53037771], [114.365773508, 30.530379027], [114.365780007, 30.530379803], [114.365806007, 30.530381803], [114.365812224, 30.530382034], [114.365818438, 30.530381767], [114.365824599, 30.530381009], [114.365830652, 30.530379765], [114.365836545, 30.530378045], [114.365928545, 30.530347044], [114.365931025, 30.53034616], [114.366729026, 30.53004516], [114.366731511, 30.530044095], [114.366734013, 30.530043064], [114.366734469, 30.530042826], [114.366734945, 30.530042622], [114.366737296, 30.530041353], [114.366739669, 30.530040115], [114.366740097, 30.53003984], [114.366740546, 30.530039597], [114.366742742, 30.530038135], [114.366744964, 30.530036703], [114.366745356, 30.530036393], [114.366745778, 30.530036114], [114.366747796, 30.530034473], [114.366749844, 30.530032861], [114.3667502, 30.530032519], [114.366750586, 30.530032205], [114.366752407, 30.530030402], [114.366754263, 30.530028624], [114.366754578, 30.530028255], [114.366754927, 30.530027909], [114.366756535, 30.530025961], [114.366758178, 30.530024036], [114.366758451, 30.530023641], [114.366758759, 30.530023268], [114.366760137, 30.530021194], [114.366761554, 30.530019138], [114.366761779, 30.530018723], [114.366762043, 30.530018325], [114.366763179, 30.530016144], [114.366764356, 30.53001398], [114.366764532, 30.530013547], [114.36676475, 30.530013129], [114.366765632, 30.530010863], [114.366766556, 30.530008609], [114.366766683, 30.530008164], [114.366766851, 30.53000773], [114.366767473, 30.5300054], [114.366768136, 30.530003079], [114.366775134, 30.529972078], [114.366776107, 30.529966156], [114.366776367, 30.52996018], [114.366775911, 30.529954213], [114.366774746, 30.529948317], [114.366761746, 30.529898317], [114.366759872, 30.529892533], [114.366757314, 30.529886946], [114.3667541, 30.529881617], [114.366612539, 30.529673939], [114.366617911, 30.529671638], [114.366623515, 30.529668616], [114.366628749, 30.529665134], [114.36663356, 30.529661229], [114.366637904, 30.529656935], [114.366641738, 30.529652296], [114.366645026, 30.529647355], [114.366647736, 30.52964216], [114.366649842, 30.529636762], [114.366651323, 30.529631211], [114.366652165, 30.529625562], [114.366652361, 30.52961987], [114.366651909, 30.529614189], [114.366650811, 30.529608572], [114.36664908, 30.529603075], [114.366646732, 30.529597752], [114.366643789, 30.529592652], [114.366302788, 30.529067967], [114.366313388, 30.529066481], [114.366399943, 30.529057629], [114.366405462, 30.529056864], [114.366410887, 30.529055707], [114.366416182, 30.529054167], [114.366575537, 30.52900138], [114.366657525, 30.528975873], [114.367030337, 30.52893869], [114.367342636, 30.528910894], [114.367401025, 30.529632183], [114.367142497, 30.529644208], [114.367116812, 30.529613253], [114.367112596, 30.529608678], [114.367107865, 30.52960449], [114.367102671, 30.529600732], [114.367097064, 30.529597444], [114.367057064, 30.529576446], [114.367051845, 30.529573971], [114.367046393, 30.529571904], [114.367040751, 30.52957026], [114.367034962, 30.529569051], [114.367029072, 30.529568287], [114.366985072, 30.529564287], [114.366977808, 30.529563967], [114.366970546, 30.529564323], [114.366824547, 30.529578323], [114.366818019, 30.529579229], [114.366811627, 30.529580684], [114.36680543, 30.52958267], [114.36679949, 30.52958517], [114.366793862, 30.52958816], [114.366788602, 30.52959161], [114.366783759, 30.529595488], [114.366779382, 30.529599756], [114.366775511, 30.529604373], [114.366772183, 30.529609295], [114.366769432, 30.529614474], [114.366767285, 30.52961986], [114.36676576, 30.529625401], [114.366764873, 30.529631045], [114.366764632, 30.529636737], [114.36676504, 30.52964242], [114.366766093, 30.529648044], [114.36676778, 30.529653549], [114.366770087, 30.529658887], [114.36677299, 30.529664004], [114.366776461, 30.529668851], [114.366780467, 30.529673382], [114.366784968, 30.529677553], [114.366789924, 30.529681324], [114.366795283, 30.529684658], [114.366800997, 30.529687524], [114.366807009, 30.529689894], [114.366813263, 30.529691744], [114.366819696, 30.529693057], [114.366826247, 30.529693822], [114.366832855, 30.529694029], [114.366839455, 30.529693677], [114.366978193, 30.529680373], [114.366982804, 30.529680793], [114.366979424, 30.529682871], [114.366974445, 30.529686617], [114.366969915, 30.529690765], [114.366965879, 30.529695276], [114.366962377, 30.529700106], [114.366959439, 30.529705209], [114.366957098, 30.529710535], [114.366955374, 30.529716033], [114.366954285, 30.529721651], [114.366953838, 30.529727332], [114.366954041, 30.529733025], [114.366954891, 30.529738673], [114.366956379, 30.529744222], [114.366958492, 30.529749619], [114.366961208, 30.529754811], [114.366964503, 30.529759749], [114.366968343, 30.529764385], [114.366972693, 30.529768674], [114.366977509, 30.529772576], [114.366982745, 30.529776052], [114.366988354, 30.529779069], [114.366994277, 30.529781598], [114.36700046, 30.529783615], [114.367006844, 30.5297851], [114.367013365, 30.529786039], [114.367019962, 30.529786423], [114.36702657, 30.529786249], [114.367872074, 30.529728018], [114.367897779, 30.530048891], [114.367940771, 30.530614789], [114.367940784, 30.530614888], [114.367940787, 30.530614988], [114.367941161, 30.530617717], [114.367941526, 30.530620447], [114.36794155, 30.530620545], [114.367941564, 30.530620643], [114.367942247, 30.530623328], [114.367942921, 30.530626014], [114.367942956, 30.530626109], [114.367942981, 30.530626206], [114.367943967, 30.530628819], [114.367944943, 30.530631436], [114.367944988, 30.530631527], [114.367945024, 30.530631621], [114.367946303, 30.53063414], [114.367947572, 30.530636662], [114.367947628, 30.530636748], [114.367947674, 30.530636839], [114.367949233, 30.530639237], [114.367950783, 30.53064164], [114.367950848, 30.530641722], [114.367950905, 30.530641808], [114.36795273, 30.530644064], [114.367954545, 30.530646324], [114.367954619, 30.530646399], [114.367954685, 30.53064648], [114.367956759, 30.53064857], [114.367958822, 30.530650666], [114.367958905, 30.530650736], [114.36795898, 30.53065081], [114.36796128, 30.530652716], [114.367963573, 30.530654628], [114.367963663, 30.530654689], [114.367963747, 30.530654757], [114.367966252, 30.530656459], [114.367968751, 30.530658169], [114.367968848, 30.530658222], [114.367968938, 30.530658284], [114.367971626, 30.530659766], [114.367974308, 30.530661255], [114.367974411, 30.530661301], [114.367974508, 30.530661354], [114.367977351, 30.530662601], [114.367980188, 30.530663858], [114.367980296, 30.530663895], [114.367980398, 30.530663939], [114.36798337, 30.53066494], [114.367986337, 30.530665951], [114.367986448, 30.530665978], [114.367986556, 30.530666014], [114.367989627, 30.530666761], [114.367992695, 30.530667515], [114.367992808, 30.530667533], [114.36799292, 30.53066756], [114.367996061, 30.530668043], [114.3679992, 30.530668535], [114.367999315, 30.530668544], [114.367999427, 30.530668561], [114.368002609, 30.530668777], [114.36800579, 30.530669002], [114.368005904, 30.530668999], [114.368006019, 30.530669007], [114.368009209, 30.530668954], [114.3680124, 30.530668909], [114.368012514, 30.530668897], [114.36801263, 30.530668896], [114.368303421, 30.530651646], [114.368314013, 30.53072133], [114.368314828, 30.530729264], [114.368027195, 30.530751073], [114.366962705, 30.530830266], [114.366951867, 30.530831454], [114.366179103, 30.530943835], [114.365768438, 30.531002816], [114.365759142, 30.531004443], [114.365088941, 30.531143043], [114.36508843, 30.53114315], [114.363792022, 30.531415866], [114.363790365, 30.531328057], [114.363789562, 30.531320022], [114.363779563, 30.531265021], [114.363778632, 30.531260891], [114.363764634, 30.531208894], [114.36365881, 30.530815548], [114.363619189, 30.530651197], [114.36389368, 30.530611301], [114.364053149, 30.53059037], [114.364059288, 30.530589312], [114.364065284, 30.530587767], [114.364118284, 30.530571767], [114.364125534, 30.53056916], [114.364132382, 30.530565844], [114.364170382, 30.530544844], [114.364175825, 30.530541497], [114.364180855, 30.530537701], [114.364185424, 30.530533494], [114.364189486, 30.530528917], [114.364193003, 30.530524017], [114.364209002, 30.530499016], [114.364212027, 30.530493656], [114.364214397, 30.530488057], [114.364216089, 30.530482278], [114.364217084, 30.53047638], [114.364221084, 30.530439381], [114.364221373, 30.530434397], [114.364221163, 30.530429411], [114.364220457, 30.530424457], [114.364214457, 30.530393458], [114.36421444, 30.530393368], [114.364200587, 30.530322479], [114.364208677, 30.530320233], [114.364209743, 30.530319928], [114.364638744, 30.530193927], [114.364644889, 30.530191827], [114.364650766, 30.530189218], [114.364656319, 30.530186125], [114.364661492, 30.530182579], [114.364666236, 30.530178613], [114.364670507, 30.530174265], [114.364674262, 30.530169578], [114.364677465, 30.530164595], [114.364680088, 30.530159368], [114.364682101, 30.530153943], [114.364683488, 30.530148374], [114.364684236, 30.530142716], [114.364684335, 30.530137021], [114.364683785, 30.530131346], [114.364682593, 30.530125745], [114.364680768, 30.530120271], [114.36467833, 30.530114977], [114.364675301, 30.530109915], [114.36467171, 30.530105132], [114.364667594, 30.530100677], [114.364662988, 30.53009659], [114.364657941, 30.530092911], [114.364652499, 30.530089676], [114.364646716, 30.530086916], [114.364640645, 30.530084658], [114.364634348, 30.530082923], [114.364627884, 30.530081729], [114.364621314, 30.530081085], [114.364614703, 30.530081], [114.364608114, 30.530081474], [114.364601611, 30.530082501], [114.364595257, 30.530084072], [114.364166788, 30.530209917], [114.364131323, 30.530219767], [114.364125435, 30.530221668], [114.364119778, 30.530224034], [114.364114403, 30.530226844], [114.364109354, 30.530230072], [114.364104677, 30.530233692], [114.364084677, 30.530250692], [114.364080362, 30.530254725], [114.364076508, 30.530259088], [114.36407315, 30.530263747], [114.364070317, 30.530268657], [114.364068035, 30.530273775], [114.364066323, 30.530279058], [114.364065198, 30.530284453], [114.364064669, 30.530289918], [114.364063669, 30.530313918], [114.36406377, 30.530319795], [114.36406456, 30.530325632], [114.364081553, 30.530412588], [114.364086105, 30.530436115], [114.364084219, 30.530453576], [114.364083243, 30.5304551], [114.364066265, 30.530464483], [114.364026642, 30.530476444], [114.363872851, 30.53049663], [114.36387179, 30.530496776], [114.36352779, 30.530546776], [114.363526554, 30.53054701], [114.363525303, 30.530547179], [114.363523327, 30.53054762], [114.363521332, 30.530547998], [114.363520129, 30.530548335], [114.363518903, 30.53054861], [114.363516986, 30.530549215], [114.363515045, 30.530549759], [114.363513885, 30.530550196], [114.363512697, 30.530550573], [114.363510858, 30.530551337], [114.363508987, 30.530552042], [114.363507884, 30.530552576], [114.363506743, 30.53055305], [114.363505, 30.530553967], [114.363503221, 30.530554827], [114.363502182, 30.530555451], [114.363501101, 30.530556019], [114.363499471, 30.530557079], [114.363497797, 30.530558085], [114.363496835, 30.530558793], [114.363495824, 30.53055945], [114.363494323, 30.530560642], [114.363492771, 30.530561785], [114.363491894, 30.530562571], [114.363490962, 30.53056331], [114.363489604, 30.530564623], [114.363488189, 30.530565891], [114.363487405, 30.530566747], [114.363486563, 30.530567561], [114.363485361, 30.530568983], [114.363484097, 30.530570364], [114.363483415, 30.530571283], [114.363482669, 30.530572165], [114.363481634, 30.53057368], [114.363480534, 30.530575161], [114.36347996, 30.530576133], [114.363479318, 30.530577073], [114.36347846, 30.530578669], [114.363477534, 30.530580236], [114.363477073, 30.530581252], [114.363476541, 30.530582242], [114.36347587, 30.530583903], [114.363475126, 30.53058554], [114.363474782, 30.53058659], [114.363474367, 30.530587619], [114.363473887, 30.53058933], [114.363473334, 30.530591022], [114.36347311, 30.530592096], [114.363472813, 30.530593156], [114.363472531, 30.530594898], [114.363472173, 30.530596629], [114.363472073, 30.530597716], [114.363471898, 30.530598796], [114.363471815, 30.530600553], [114.363471655, 30.530602306], [114.363471681, 30.530603397], [114.363471629, 30.530604486], [114.363471746, 30.530606242], [114.363471788, 30.530608], [114.363471937, 30.530609084], [114.363472009, 30.530610172], [114.363472325, 30.530611909], [114.363472566, 30.530613656], [114.363472837, 30.530614721], [114.363473034, 30.530615798], [114.363514446, 30.53078758], [114.363453777, 30.530803123], [114.363375843, 30.53082088], [114.363283256, 30.530841787], [114.363209597, 30.530857713], [114.363208678, 30.530857918], [114.363112678, 30.530879918], [114.363111917, 30.530880096], [114.362987777, 30.530909891], [114.362821643, 30.530945703], [114.362818698, 30.530946399], [114.362752698, 30.5309634], [114.362751956, 30.530963626], [114.362751196, 30.530963803], [114.36274884, 30.530964574], [114.362746464, 30.530965298], [114.362745751, 30.530965585], [114.362745014, 30.530965826], [114.362742758, 30.530966792], [114.362740476, 30.530967712], [114.362739799, 30.530968058], [114.362739094, 30.53096836], [114.362736957, 30.530969512], [114.362734791, 30.53097062], [114.362734156, 30.530971023], [114.362733489, 30.530971383], [114.36271849, 30.530980383], [114.362712883, 30.53098414], [114.362707768, 30.530988384], [114.362703199, 30.530993069], [114.362696199, 30.531001068], [114.362692509, 30.531005741], [114.362689365, 30.531010702], [114.362686795, 30.531015903], [114.362683795, 30.531022903], [114.362682705, 30.531025656], [114.362678706, 30.531036655], [114.362677001, 30.531042337], [114.362675971, 30.531048139], [114.362675627, 30.531054], [114.362675627, 30.531074], [114.362675858, 30.531078793], [114.362676547, 30.531083554], [114.362677689, 30.53108825], [114.362682689, 30.531105249], [114.362683348, 30.531107329], [114.362698997, 30.531153296], [114.36272869, 30.531254252], [114.362729075, 30.531255504], [114.362756784, 30.531341597], [114.362776525, 30.531411684], [114.362778301, 30.531416905], [114.362782811, 30.531428179], [114.36278492, 30.531437314], [114.362786647, 30.531443181], [114.362789075, 30.531448861], [114.362792176, 30.531454292], [114.362795917, 30.531459416], [114.362800258, 30.531464176], [114.362805151, 30.531468521], [114.36281015, 30.531472521], [114.362817491, 30.531477618], [114.362822491, 30.531480618], [114.362827173, 30.531483188], [114.362833173, 30.531486188], [114.362839478, 30.53148897], [114.362846087, 30.531491166], [114.362852929, 30.531492753], [114.362859925, 30.531493712], [114.362867, 30.531494033], [114.362873, 30.531494033], [114.362876223, 30.531493897], [114.362879446, 30.531493766], [114.362879525, 30.531493757], [114.362879605, 30.531493753], [114.362882796, 30.531493346], [114.362885989, 30.531492944], [114.362886066, 30.531492927], [114.362886145, 30.531492917], [114.362889274, 30.531492242], [114.362892407, 30.531491573], [114.363648736, 30.531295623], [114.363655712, 30.531333985], [114.363657635, 30.531435943], [114.363657659, 30.531436265], [114.363657651, 30.531436587], [114.363657875, 30.531439106], [114.363658067, 30.531441626], [114.363658128, 30.531441945], [114.363658157, 30.531442266], [114.363658407, 30.531443974], [114.362220531, 30.531746449]]]}, "properties": {"id": 2513, "land_type": "居住用地"}}, {"type": "Feature", "geometry": {"type": "Polygon", "coordinates": [[[114.363619106, 30.531182098], [114.362902788, 30.531367682], [114.362887475, 30.531313317], [114.362886926, 30.531311496], [114.362859125, 30.531225121], [114.36282931, 30.531123748], [114.362828651, 30.531121671], [114.362813004, 30.531075705], [114.362811173, 30.531069482], [114.362855839, 30.531057977], [114.363021357, 30.531022296], [114.363023083, 30.531021903], [114.363147704, 30.530991994], [114.363242864, 30.530970187], [114.363316403, 30.530954286], [114.363317085, 30.530954135], [114.363410085, 30.530933135], [114.363410229, 30.530933102], [114.363489229, 30.530915102], [114.363491208, 30.530914624], [114.363543539, 30.530901217], [114.363619106, 30.531182098]]]}, "properties": {"id": 2514, "land_type": "商务办公用地"}}, {"type": "Feature", "geometry": {"type": "Polygon", "coordinates": [[[114.369687752, 30.530521961], [114.369710011, 30.530568449], [114.36970701, 30.530590455], [114.369696392, 30.53061544], [114.369687473, 30.530625251], [114.369681069, 30.5306298], [114.369588655, 30.530635871], [114.369587563, 30.530635945], [114.368559064, 30.530710746], [114.368558585, 30.530710782], [114.368449057, 30.530719087], [114.368448111, 30.53070988], [114.368447918, 30.530708678], [114.368447804, 30.530707467], [114.368437818, 30.530641777], [114.369306536, 30.530566759], [114.369588351, 30.530543774], [114.369594895, 30.53054296], [114.369601315, 30.530541597], [114.369607548, 30.530539698], [114.369613536, 30.530537283], [114.369619219, 30.530534373], [114.369624545, 30.530530998], [114.369629461, 30.530527189], [114.36963392, 30.530522984], [114.369637879, 30.530518422], [114.369641298, 30.530513549], [114.369644148, 30.53050841], [114.369646399, 30.530503055], [114.369648029, 30.530497536], [114.369649025, 30.530491905], [114.369649373, 30.530486218], [114.369649074, 30.530480529], [114.369648128, 30.530474893], [114.369646546, 30.530469363], [114.369644343, 30.530463993], [114.369641538, 30.530458837], [114.36963816, 30.530453941], [114.369634242, 30.530449353], [114.36962982, 30.530445119], [114.369624938, 30.530441278], [114.369619641, 30.530437869], [114.369613984, 30.530434923], [114.369608017, 30.530432468], [114.369601801, 30.530430529], [114.369595394, 30.530429125], [114.369588857, 30.530428268], [114.369582255, 30.530427967], [114.369575649, 30.530428225], [114.36936192, 30.530445657], [114.369328175, 30.530067552], [114.369327231, 30.530061357], [114.369325518, 30.530055284], [114.369303518, 30.529992284], [114.369301652, 30.529987657], [114.36929934, 30.529983182], [114.369296598, 30.529978892], [114.369265598, 30.529934892], [114.369261436, 30.529929654], [114.369256634, 30.529924838], [114.369251251, 30.529920503], [114.369245351, 30.529916701], [114.36918435, 30.529881701], [114.369180073, 30.52987944], [114.368873074, 30.529730441], [114.368866934, 30.529727806], [114.368860515, 30.529725723], [114.368791515, 30.529706723], [114.36878591, 30.529705406], [114.368780194, 30.52970451], [114.368774412, 30.529704042], [114.368768602, 30.529704004], [114.368605603, 30.529709003], [114.36860462, 30.529709039], [114.36839662, 30.529718041], [114.368388712, 30.529718787], [114.368380963, 30.529720331], [114.368313963, 30.529737331], [114.368307791, 30.529739182], [114.368301857, 30.529741539], [114.368296216, 30.52974438], [114.36829092, 30.529747678], [114.368246007, 30.529778618], [114.368023397, 30.52993093], [114.368006401, 30.529718766], [114.36857437, 30.529679649], [114.368575677, 30.529679547], [114.369238883, 30.529622653], [114.369358014, 30.529833294], [114.369536816, 30.530206726], [114.369570094, 30.53027623], [114.369568601, 30.530284486], [114.369567856, 30.530295858], [114.36956841, 30.530307239], [114.369570255, 30.530318517], [114.369573375, 30.530329586], [114.369577739, 30.530340337], [114.369583306, 30.530350669], [114.369687752, 30.530521961]]]}, "properties": {"id": 2520, "land_type": "公园与绿地用地"}}, {"type": "Feature", "geometry": {"type": "Polygon", "coordinates": [[[114.368812926, 30.529834472], [114.369111739, 30.529979498], [114.369158177, 30.530006143], [114.369176953, 30.530032792], [114.369194382, 30.530082707], [114.369227779, 30.530456913], [114.368356324, 30.530532166], [114.368070816, 30.530549103], [114.368034535, 30.530071538], [114.368329906, 30.529869442], [114.36833008, 30.529869321], [114.368364739, 30.529845446], [114.368411366, 30.529833614], [114.368610889, 30.529824981], [114.368761666, 30.529820357], [114.368812926, 30.529834472]]]}, "properties": {"id": 2521, "land_type": "体育与文化用地"}}, {"type": "Feature", "geometry": {"type": "Polygon", "coordinates": [[[114.36785918, 30.531369925], [114.367850073, 30.531468624], [114.3677773, 30.53157467], [114.367774252, 30.53157965], [114.367771777, 30.531584861], [114.367769901, 30.531590253], [114.36776864, 30.531595777], [114.367768006, 30.531601379], [114.367758106, 30.531776613], [114.367707037, 30.531852027], [114.367692246, 30.531689323], [114.367665223, 30.531211586], [114.367771946, 30.531202299], [114.36786317, 30.531196013], [114.36785918, 30.531369925]]]}, "properties": {"id": 2522, "land_type": "教育用地"}}, {"type": "Feature", "geometry": {"type": "Polygon", "coordinates": [[[114.369247427, 30.532336977], [114.369288014, 30.532410373], [114.369130347, 30.532447399], [114.368372693, 30.53227976], [114.368352187, 30.532262014], [114.368350704, 30.53223236], [114.368387137, 30.532096099], [114.369247427, 30.532336977]]]}, "properties": {"id": 2523, "land_type": "居住用地"}}, {"type": "Feature", "geometry": {"type": "Polygon", "coordinates": [[[114.367283395, 30.532338327], [114.367231428, 30.53249366], [114.367202156, 30.532485799], [114.367201442, 30.532485611], [114.366940035, 30.532418129], [114.366697784, 30.532319531], [114.366693413, 30.532318017], [114.366695191, 30.532297272], [114.366695374, 30.532293], [114.366695374, 30.532262963], [114.366696538, 30.532257142], [114.366727868, 30.532206866], [114.366746446, 30.532202644], [114.367283395, 30.532338327]]]}, "properties": {"id": 2524, "land_type": "教育用地"}}, {"type": "Feature", "geometry": {"type": "Polygon", "coordinates": [[[114.368950896, 30.532568263], [114.36888298, 30.532753965], [114.36813257, 30.53255743], [114.368188775, 30.532368575], [114.368950896, 30.532568263]]]}, "properties": {"id": 2525, "land_type": "商务办公用地"}}, {"type": "Feature", "geometry": {"type": "Polygon", "coordinates": [[[114.362223435, 30.558159999], [114.362217523, 30.558160342], [114.362165523, 30.558165343], [114.362161518, 30.558165833], [114.362114517, 30.558172832], [114.362104964, 30.558174884], [114.362051964, 30.558189884], [114.3620516, 30.558190005], [114.362051224, 30.558190097], [114.362000224, 30.558205097], [114.361992885, 30.558207681], [114.361985947, 30.558210989], [114.361941947, 30.558234989], [114.361935965, 30.558238661], [114.361887964, 30.55827166], [114.361883664, 30.558274884], [114.361845663, 30.558305883], [114.361840947, 30.558310142], [114.361815947, 30.558335142], [114.361814459, 30.558336682], [114.361765459, 30.558389247], [114.361741375, 30.558403797], [114.361734599, 30.558392092], [114.361725126, 30.558366591], [114.361720826, 30.558335774], [114.361722358, 30.558324035], [114.361746938, 30.558247457], [114.361748483, 30.558241402], [114.361789483, 30.558026402], [114.361790136, 30.558021865], [114.361820136, 30.557714864], [114.361820372, 30.557709602], [114.361820052, 30.557704344], [114.361796053, 30.557493344], [114.361794985, 30.55748728], [114.36179318, 30.557481345], [114.361770179, 30.557419345], [114.361767456, 30.557413223], [114.361731456, 30.557344223], [114.361728142, 30.557338688], [114.361724158, 30.557333489], [114.361719549, 30.557328689], [114.361714371, 30.557324342], [114.361645371, 30.557272341], [114.361640486, 30.557268992], [114.361635263, 30.557266047], [114.361629747, 30.557263529], [114.361623983, 30.557261464], [114.361559983, 30.557241464], [114.361553957, 30.557239851], [114.361547781, 30.557238731], [114.361541512, 30.557238114], [114.361535203, 30.557238004], [114.361528909, 30.557238403], [114.361434763, 30.557248209], [114.361311629, 30.557255105], [114.36130535, 30.557255712], [114.361299166, 30.557256823], [114.361173165, 30.557284824], [114.361167767, 30.557286233], [114.361162524, 30.557288027], [114.361084524, 30.557318027], [114.361078755, 30.557320538], [114.361073292, 30.557323514], [114.361068186, 30.557326927], [114.360912652, 30.557441583], [114.360826819, 30.557502558], [114.360798001, 30.557267898], [114.36079776, 30.557266183], [114.360795636, 30.557252734], [114.360796179, 30.557244589], [114.360797607, 30.557232452], [114.360798574, 30.557228825], [114.360800497, 30.557225804], [114.360805873, 30.557218038], [114.360807784, 30.557216126], [114.360824729, 30.557206637], [114.360830089, 30.557203304], [114.360835044, 30.557199532], [114.360839544, 30.557195362], [114.360843549, 30.557190831], [114.360847018, 30.557185984], [114.360849919, 30.557180868], [114.360852223, 30.557175533], [114.360853911, 30.557170027], [114.360854962, 30.557164406], [114.360855368, 30.557158723], [114.360855127, 30.557153033], [114.360854238, 30.557147392], [114.360852712, 30.557141852], [114.360850562, 30.557136468], [114.36084781, 30.557131291], [114.360844482, 30.557126371], [114.36084061, 30.557121756], [114.360836231, 30.557117491], [114.360831387, 30.557113614], [114.360826127, 30.557110166], [114.360820498, 30.557107179], [114.360814557, 30.55710468], [114.36080836, 30.557102696], [114.360801967, 30.557101244], [114.360795439, 30.557100338], [114.36078884, 30.557099988], [114.360782233, 30.557100196], [114.360775681, 30.557100962], [114.360769248, 30.557102276], [114.360762995, 30.557104126], [114.360756983, 30.557106497], [114.360751271, 30.557109363], [114.36072627, 30.557123363], [114.360721109, 30.557126562], [114.36071632, 30.557130165], [114.360711946, 30.557134142], [114.360699947, 30.557146142], [114.360696333, 30.557150089], [114.36069313, 30.557154291], [114.36068413, 30.557167292], [114.360682915, 30.55716912], [114.360675916, 30.55718012], [114.360673195, 30.557184904], [114.360670996, 30.557189883], [114.360669336, 30.557195015], [114.360665336, 30.557210013], [114.36066397, 30.557217151], [114.360661969, 30.557234153], [114.360661738, 30.557236675], [114.360660737, 30.557251675], [114.360660678, 30.557257256], [114.360661241, 30.557262817], [114.360664106, 30.557280961], [114.360702203, 30.557591183], [114.360677131, 30.557605698], [114.360638915, 30.55762196], [114.36059629, 30.557633378], [114.360469939, 30.557638269], [114.360667938, 30.557021458], [114.360669279, 30.557016415], [114.360808279, 30.556360414], [114.360809035, 30.556355804], [114.360865227, 30.555874552], [114.360871366, 30.555872748], [114.360891366, 30.555865748], [114.360896642, 30.55586367], [114.360901691, 30.555861208], [114.360906474, 30.555858382], [114.360923474, 30.555847381], [114.360928906, 30.555843466], [114.360933831, 30.55583908], [114.360938192, 30.555834273], [114.360941944, 30.555829098], [114.360950945, 30.555815098], [114.360953303, 30.555811068], [114.360962303, 30.555794068], [114.360964418, 30.555789586], [114.360966093, 30.555784968], [114.360967315, 30.555780245], [114.360972315, 30.555756245], [114.360973287, 30.555748934], [114.360974288, 30.555731934], [114.360974289, 30.555730901], [114.360974367, 30.55572987], [114.360974295, 30.555728056], [114.360974297, 30.555726241], [114.360974181, 30.555725212], [114.360974141, 30.555724179], [114.360973863, 30.55572238], [114.36097366, 30.555720575], [114.360973427, 30.55571956], [114.360973269, 30.555718535], [114.360972787, 30.555716769], [114.360972379, 30.555714989], [114.360972033, 30.555713998], [114.360971759, 30.555712991], [114.360964758, 30.555691991], [114.360962248, 30.555685806], [114.360958945, 30.555679902], [114.360949945, 30.555665901], [114.360945453, 30.555659833], [114.360934452, 30.555646833], [114.360931009, 30.555643097], [114.360927221, 30.555639616], [114.360914221, 30.555628617], [114.36090909, 30.555624697], [114.360903524, 30.555621248], [114.360894525, 30.555616247], [114.360893284, 30.555615574], [114.360879968, 30.555608525], [114.360880832, 30.555604342], [114.360884832, 30.555577342], [114.360885155, 30.555574668], [114.360888155, 30.555542669], [114.360888373, 30.555538], [114.360888373, 30.555488999], [114.360888347, 30.555487371], [114.360885347, 30.555395371], [114.360885116, 30.555391939], [114.36087656, 30.555307797], [114.360889946, 30.55529994], [114.360897159, 30.555295056], [114.360915159, 30.555281056], [114.360919695, 30.555277176], [114.360923783, 30.555272943], [114.360927388, 30.555268396], [114.360942388, 30.555247396], [114.360946034, 30.555241569], [114.360948887, 30.555235422], [114.360955887, 30.555217422], [114.360956247, 30.55521647], [114.360967247, 30.55518647], [114.360968974, 30.555180766], [114.360987973, 30.555101767], [114.360988525, 30.555099179], [114.360996525, 30.555056178], [114.360997164, 30.555051587], [114.361003952, 30.554977873], [114.361007595, 30.554958208], [114.361025666, 30.554913459], [114.361042049, 30.554882059], [114.361083495, 30.554852454], [114.361148653, 30.554814445], [114.361218118, 30.554785733], [114.361306124, 30.554752487], [114.361427973, 30.554710233], [114.361481761, 30.554693608], [114.361487686, 30.554691496], [114.361493353, 30.55468891], [114.361589353, 30.554639909], [114.361590204, 30.554639425], [114.361591091, 30.554638991], [114.36159296, 30.554637856], [114.361594868, 30.55463677], [114.36159566, 30.554636215], [114.361596494, 30.554635709], [114.361598225, 30.554634421], [114.361599999, 30.554633179], [114.361600724, 30.554632561], [114.361601496, 30.554631986], [114.361603073, 30.554630559], [114.361604697, 30.554629173], [114.361605349, 30.554628496], [114.361606052, 30.554627859], [114.361633052, 30.55460086], [114.361636393, 30.554597237], [114.361639387, 30.554593396], [114.361654387, 30.554572397], [114.361657886, 30.55456684], [114.361660663, 30.554560988], [114.361662683, 30.554554912], [114.361663925, 30.554548681], [114.361670712, 30.554498271], [114.361680396, 30.554449847], [114.361681152, 30.554444698], [114.361686152, 30.554391698], [114.361686343, 30.554388766], [114.361693342, 30.554190765], [114.361693215, 30.554185019], [114.361692428, 30.554179313], [114.361690989, 30.5541737], [114.361671012, 30.554110772], [114.361649034, 30.554040842], [114.361646663, 30.554034687], [114.36164351, 30.554028798], [114.361639613, 30.554023249], [114.361612613, 30.553989249], [114.361609427, 30.553985561], [114.361605913, 30.553982101], [114.361572913, 30.553952101], [114.361566213, 30.553946781], [114.361540213, 30.553928781], [114.361539864, 30.553928541], [114.361498865, 30.553900542], [114.361493993, 30.553897509], [114.361488827, 30.553894862], [114.361410827, 30.553858862], [114.361405365, 30.553856607], [114.361334364, 30.553830608], [114.361333299, 30.553830269], [114.36133226, 30.553829873], [114.361330198, 30.553829286], [114.36132816, 30.55382864], [114.36132706, 30.553828393], [114.361325982, 30.553828086], [114.361323863, 30.553827676], [114.361321762, 30.553827205], [114.361320639, 30.553827053], [114.361319531, 30.553826837], [114.361317376, 30.553826608], [114.361315231, 30.553826317], [114.361314097, 30.553826259], [114.36131297, 30.55382614], [114.361310799, 30.553826093], [114.36130863, 30.553825984], [114.361307495, 30.553826023], [114.36130636, 30.553825999], [114.361163359, 30.553828998], [114.361157072, 30.553829384], [114.361150855, 30.553830273], [114.361144761, 30.553831661], [114.361138845, 30.553833531], [114.361133156, 30.55383587], [114.361127748, 30.553838656], [114.360994748, 30.553914656], [114.360989295, 30.553918125], [114.360984276, 30.553922047], [114.360979739, 30.553926384], [114.360975731, 30.553931091], [114.360936731, 30.55398209], [114.360935618, 30.553983714], [114.360934444, 30.553985304], [114.360669444, 30.554386303], [114.360669354, 30.554386457], [114.360669248, 30.554386603], [114.360667862, 30.554388997], [114.36066646, 30.554391383], [114.360666388, 30.554391544], [114.360666299, 30.554391698], [114.360665192, 30.554394198], [114.360664069, 30.554396692], [114.360664015, 30.554396858], [114.360663944, 30.554397018], [114.360663128, 30.5543996], [114.360662293, 30.554402177], [114.360662258, 30.554402345], [114.360662206, 30.554402512], [114.360661687, 30.554405149], [114.360661149, 30.554407784], [114.360661134, 30.554407955], [114.3606611, 30.554408125], [114.360660885, 30.554410794], [114.36066065, 30.554413462], [114.360660654, 30.554413634], [114.360660641, 30.554413805], [114.36066073, 30.55441648], [114.3606608, 30.554419154], [114.360660823, 30.554419324], [114.36066083, 30.554419496], [114.36073883, 30.555283497], [114.36073887, 30.555283778], [114.360738883, 30.555284061], [114.360750709, 30.555400348], [114.360753626, 30.555489814], [114.360753626, 30.555535662], [114.36075097, 30.555563991], [114.360748871, 30.555578164], [114.360744763, 30.555584326], [114.360716485, 30.555612603], [114.360713951, 30.555613986], [114.360710425, 30.555616046], [114.360694425, 30.555626047], [114.360689061, 30.555629775], [114.360684167, 30.555633955], [114.360679795, 30.555638543], [114.360667795, 30.555652544], [114.360664352, 30.555656971], [114.360661396, 30.555661652], [114.360658952, 30.555666547], [114.360651953, 30.555682546], [114.360650288, 30.555686874], [114.359674425, 30.555719025], [114.359673215, 30.555719074], [114.359525419, 30.555726235], [114.35954715, 30.555551079], [114.359625822, 30.555493069], [114.359630754, 30.555489043], [114.359635192, 30.555484608], [114.359700191, 30.555412609], [114.359703135, 30.555409082], [114.359705765, 30.555405376], [114.359761765, 30.555319376], [114.359762978, 30.555317428], [114.359803978, 30.555248428], [114.359807282, 30.555241909], [114.359835284, 30.555175908], [114.35983748, 30.555169659], [114.359838848, 30.555163237], [114.359839368, 30.555156724], [114.359840368, 30.555087724], [114.35984024, 30.555083346], [114.359839728, 30.555078989], [114.359822728, 30.554973988], [114.359821312, 30.554967754], [114.359819111, 30.554961689], [114.359773111, 30.55485569], [114.359770579, 30.554850609], [114.359731579, 30.554781608], [114.359731451, 30.554781383], [114.359691451, 30.554711384], [114.359687958, 30.55470601], [114.359683823, 30.554700987], [114.359626823, 30.554638987], [114.359623663, 30.554635794], [114.359567818, 30.554583333], [114.35975, 30.554583333], [114.35975, 30.554666667], [114.359833334, 30.554666667], [114.359833334, 30.554916667], [114.359916667, 30.554916667], [114.359916667, 30.555083334], [114.36, 30.555083334], [114.36, 30.555166667], [114.360416666, 30.555166667], [114.360416666, 30.555], [114.360583333, 30.555], [114.360583333, 30.554916667], [114.360416666, 30.554916667], [114.360416666, 30.5545], [114.360333334, 30.5545], [114.360333334, 30.554], [114.360250001, 30.554], [114.360250001, 30.553833333], [114.360166667, 30.553833333], [114.360166667, 30.553666667], [114.360083334, 30.553666667], [114.360083334, 30.553583334], [114.36, 30.553583334], [114.36, 30.5535], [114.359916667, 30.5535], [114.359916667, 30.553416667], [114.359833334, 30.553416667], [114.359833334, 30.55325], [114.35975, 30.55325], [114.35975, 30.553166667], [114.359666667, 30.553166667], [114.359666667, 30.553083333], [114.359166667, 30.553083333], [114.359166667, 30.553], [114.358583334, 30.553], [114.358583334, 30.553083333], [114.3585, 30.553083333], [114.3585, 30.553583334], [114.358583334, 30.553583334], [114.358583334, 30.55375], [114.3585, 30.55375], [114.3585, 30.553916666], [114.358583334, 30.553916666], [114.358583334, 30.554166666], [114.3585, 30.554166666], [114.3585, 30.554333333], [114.359, 30.554333333], [114.359, 30.55425], [114.35925, 30.55425], [114.35925, 30.554333333], [114.359416667, 30.554333333], [114.359416667, 30.554416667], [114.3595, 30.554416667], [114.3595, 30.554524698], [114.359413566, 30.554464029], [114.359406872, 30.554459889], [114.359334872, 30.554420889], [114.359328597, 30.55441788], [114.359321987, 30.554415463], [114.359315115, 30.554413666], [114.359249115, 30.554399665], [114.35924218, 30.554398521], [114.359235143, 30.554398011], [114.359162142, 30.55439601], [114.359155557, 30.554396108], [114.359149015, 30.554396757], [114.359142576, 30.554397955], [114.359136305, 30.554399688], [114.359068305, 30.554421687], [114.359063064, 30.554423605], [114.359058028, 30.554425897], [114.359053237, 30.554428546], [114.358949236, 30.554491546], [114.358944779, 30.554494493], [114.358940622, 30.55449775], [114.358677623, 30.554721749], [114.358674472, 30.554724624], [114.358420472, 30.554972623], [114.358416662, 30.554976699], [114.358313662, 30.555097699], [114.358309204, 30.55510367], [114.358305628, 30.555110065], [114.358259626, 30.555207066], [114.358257021, 30.555213668], [114.358236021, 30.555279668], [114.358235884, 30.555280201], [114.358235697, 30.555280724], [114.358235168, 30.555282979], [114.358234588, 30.555285226], [114.358234513, 30.555285769], [114.358234388, 30.555286304], [114.358234117, 30.555288594], [114.358233796, 30.555290878], [114.358233782, 30.555291426], [114.358233718, 30.555291968], [114.35823371, 30.55529427], [114.35823365, 30.555296571], [114.358233699, 30.555297116], [114.358233697, 30.555297662], [114.358233951, 30.555299953], [114.358234154, 30.555302247], [114.358234265, 30.555302786], [114.358234325, 30.55530333], [114.358234837, 30.555305588], [114.358235301, 30.555307856], [114.358235471, 30.555308382], [114.358235594, 30.555308919], [114.358268594, 30.555423918], [114.358270211, 30.555428671], [114.358285211, 30.555466671], [114.358288278, 30.555473137], [114.358292225, 30.555479236], [114.358314481, 30.555509233], [114.358336785, 30.555542204], [114.358339955, 30.555546453], [114.358343542, 30.555550449], [114.35834752, 30.555554161], [114.358351856, 30.555557561], [114.358390857, 30.555585562], [114.358393001, 30.555587039], [114.358446002, 30.555622039], [114.358448337, 30.555623513], [114.358506336, 30.555658513], [114.358511346, 30.555661261], [114.358516618, 30.555663618], [114.358521665, 30.555665637], [114.358536315, 30.555720911], [114.358538299, 30.555726894], [114.358568299, 30.555801895], [114.358571795, 30.555809042], [114.358613796, 30.555881043], [114.358617035, 30.555885979], [114.358620819, 30.555890621], [114.358676819, 30.55595262], [114.358681811, 30.555957547], [114.358687416, 30.555961959], [114.358771415, 30.556020959], [114.358774352, 30.556022907], [114.358936129, 30.55612431], [114.358823526, 30.556307488], [114.35859409, 30.556585381], [114.358593668, 30.556585899], [114.358401667, 30.556823899], [114.358401377, 30.556824262], [114.358228044, 30.557042642], [114.358162528, 30.55709833], [114.358101861, 30.557118797], [114.358049966, 30.557122145], [114.358040354, 30.557123371], [114.357981349, 30.557134686], [114.357894356, 30.557119484], [114.357723342, 30.557080395], [114.356935751, 30.556853664], [114.356658607, 30.556753503], [114.356501524, 30.556665829], [114.356478647, 30.5566399], [114.356475291, 30.556636391], [114.356394309, 30.556558171], [114.35636531, 30.556501878], [114.356330897, 30.55642423], [114.356328332, 30.556366957], [114.356326547, 30.556318765], [114.356352501, 30.55618131], [114.356352778, 30.556179698], [114.356389584, 30.555942944], [114.356436327, 30.555717184], [114.356436434, 30.55571665], [114.356454587, 30.555623977], [114.356490633, 30.555529705], [114.356537603, 30.555445351], [114.356553355, 30.555417784], [114.356569967, 30.555418855], [114.356577212, 30.555418987], [114.356584431, 30.555418447], [114.35669943, 30.555404447], [114.356705313, 30.5554035], [114.356711074, 30.555402107], [114.356778073, 30.555383107], [114.356783869, 30.555381205], [114.356789435, 30.555378853], [114.356794728, 30.555376069], [114.356799699, 30.555372878], [114.3569797, 30.555245878], [114.356983852, 30.555242692], [114.357067801, 30.555172736], [114.35711475, 30.555133778], [114.357119847, 30.555129051], [114.357124304, 30.555123863], [114.357153304, 30.555085863], [114.357156327, 30.555081495], [114.357158896, 30.555076915], [114.357160988, 30.55507216], [114.357162589, 30.555067265], [114.357174589, 30.555023265], [114.357175814, 30.555017464], [114.357176348, 30.555011586], [114.357178349, 30.554948585], [114.357178232, 30.554943244], [114.357149233, 30.554558245], [114.357148538, 30.554552887], [114.357147268, 30.554547608], [114.357145436, 30.554542454], [114.357143055, 30.554537468], [114.357140148, 30.554532695], [114.357136737, 30.554528173], [114.357128309, 30.554518059], [114.357115701, 30.554500048], [114.357112187, 30.554495521], [114.357108196, 30.5544913], [114.357103762, 30.554487418], [114.357098926, 30.554483912], [114.357057926, 30.554456913], [114.357052305, 30.554453585], [114.357046321, 30.554450764], [114.357040038, 30.554448479], [114.357033518, 30.554446752], [114.357026829, 30.554445602], [114.356963829, 30.554437601], [114.356957791, 30.554437074], [114.356923239, 30.554435396], [114.356944502, 30.554157568], [114.357387246, 30.554207527], [114.357393836, 30.554207988], [114.357400447, 30.554207892], [114.357407016, 30.554207238], [114.357413478, 30.554206033], [114.357419771, 30.554204288], [114.357425835, 30.55420202], [114.357431613, 30.55419925], [114.357437047, 30.554196008], [114.357442086, 30.554192322], [114.357446682, 30.554188228], [114.357450789, 30.554183766], [114.357454368, 30.554178979], [114.357457385, 30.554173913], [114.357459812, 30.554168616], [114.357461624, 30.55416314], [114.357462803, 30.554157537], [114.357463339, 30.554151863], [114.357463227, 30.55414617], [114.357462467, 30.554140514], [114.357461067, 30.55413495], [114.357459042, 30.55412953], [114.357456408, 30.554124307], [114.357453193, 30.554119332], [114.357449427, 30.554114652], [114.357445145, 30.554110313], [114.357440392, 30.554106356], [114.357435211, 30.554102819], [114.357429651, 30.554099736], [114.357423769, 30.554097139], [114.357417618, 30.554095049], [114.357411259, 30.554093488], [114.357404753, 30.554092473], [114.356945905, 30.554040696], [114.356928251, 30.553788509], [114.356927362, 30.553781983], [114.356881363, 30.553555983], [114.356879671, 30.553549728], [114.356841669, 30.553437728], [114.356839323, 30.55343196], [114.356836284, 30.553426435], [114.356757285, 30.553300435], [114.35675433, 30.55329617], [114.356750963, 30.553292139], [114.356687963, 30.553223139], [114.356685734, 30.553220823], [114.356616733, 30.553152824], [114.356611485, 30.553148198], [114.356605672, 30.553144106], [114.356599365, 30.553140595], [114.356544366, 30.553113595], [114.356544191, 30.55311351], [114.356464191, 30.55307451], [114.356458441, 30.553072011], [114.356452439, 30.553069997], [114.356446242, 30.553068485], [114.356386242, 30.553056485], [114.356381128, 30.55305564], [114.356297129, 30.553044641], [114.356291641, 30.553044119], [114.356286121, 30.553043986], [114.355752121, 30.553049985], [114.355749771, 30.553050047], [114.355628771, 30.553055047], [114.355623153, 30.553055483], [114.355617597, 30.553056322], [114.355612142, 30.553057558], [114.355548142, 30.553074557], [114.355546784, 30.553074932], [114.355476784, 30.553094932], [114.355471044, 30.553096826], [114.355465527, 30.553099164], [114.355460282, 30.553101925], [114.355405282, 30.553133925], [114.355400504, 30.553136978], [114.355320503, 30.553192978], [114.35531541, 30.553196931], [114.35531081, 30.553201309], [114.355306749, 30.553206066], [114.355303272, 30.553211155], [114.355263271, 30.553277155], [114.355259648, 30.553284254], [114.355230649, 30.553353256], [114.355228655, 30.553358872], [114.355227331, 30.553364632], [114.355216554, 30.553428313], [114.355203848, 30.553485005], [114.35520293, 30.553490499], [114.355202627, 30.553496044], [114.35520294, 30.553501588], [114.355212939, 30.553590588], [114.35521328, 30.553593063], [114.355235138, 30.553727194], [114.355263028, 30.553946322], [114.355263394, 30.553948731], [114.355298318, 30.554146304], [114.355318718, 30.554274534], [114.35532064, 30.554357162], [114.355324642, 30.554523203], [114.355324734, 30.554525268], [114.355347497, 30.554872666], [114.355342252, 30.554939116], [114.355307391, 30.555046449], [114.355282763, 30.555094855], [114.355229405, 30.555162683], [114.355192424, 30.555199664], [114.355104494, 30.555263701], [114.355103643, 30.555264331], [114.355026643, 30.555322331], [114.35502406, 30.555324381], [114.354969061, 30.55537038], [114.354965702, 30.5553734], [114.354876995, 30.555459116], [114.354794721, 30.55553655], [114.354754147, 30.555567386], [114.354702148, 30.55554853], [114.354695423, 30.555546446], [114.354506423, 30.555497445], [114.354500065, 30.555496083], [114.354359064, 30.555472083], [114.354351704, 30.55547119], [114.354344274, 30.555471001], [114.354208275, 30.555474001], [114.354205662, 30.555474102], [114.354079663, 30.555481103], [114.354078622, 30.555481168], [114.353991622, 30.555487167], [114.353990189, 30.555487278], [114.35391081, 30.555494225], [114.35386943, 30.555497181], [114.353868681, 30.555497266], [114.353867927, 30.555497303], [114.353592926, 30.555522303], [114.353591334, 30.555522464], [114.353307247, 30.555554197], [114.353276831, 30.555516821], [114.353142438, 30.55535163], [114.353141845, 30.555350905], [114.353138045, 30.555346284], [114.353135556, 30.555342633], [114.352904039, 30.554496099], [114.352900282, 30.554484252], [114.352587182, 30.553618352], [114.352585919, 30.553614978], [114.352234617, 30.552708877], [114.352229936, 30.552698019], [114.3520961, 30.552416666], [114.352166666, 30.552416666], [114.352166666, 30.552333334], [114.35225, 30.552333334], [114.35225, 30.552416666], [114.352666667, 30.552416666], [114.352666667, 30.552499999], [114.352916667, 30.552499999], [114.352916667, 30.552583333], [114.353, 30.552583333], [114.353, 30.552666666], [114.353166667, 30.552666666], [114.353166667, 30.552583333], [114.353333334, 30.552583333], [114.353333334, 30.552666666], [114.353416667, 30.552666666], [114.353416667, 30.55275], [114.354166667, 30.55275], [114.354166667, 30.552666666], [114.35425, 30.552666666], [114.35425, 30.552583333], [114.354750001, 30.552583333], [114.354750001, 30.552666666], [114.355, 30.552666666], [114.355, 30.55275], [114.355166667, 30.55275], [114.355166667, 30.552833333], [114.355833334, 30.552833333], [114.355833334, 30.552916666], [114.356333333, 30.552916666], [114.356333333, 30.552833333], [114.35675, 30.552833333], [114.35675, 30.55275], [114.357083334, 30.55275], [114.357083334, 30.552666666], [114.35725, 30.552666666], [114.35725, 30.552583333], [114.357500001, 30.552583333], [114.357500001, 30.552499999], [114.357666666, 30.552499999], [114.357666666, 30.552583333], [114.357916667, 30.552583333], [114.357916667, 30.552666666], [114.358, 30.552666666], [114.358, 30.55275], [114.358083333, 30.55275], [114.358083333, 30.552833333], [114.3595, 30.552833333], [114.3595, 30.552916666], [114.360083334, 30.552916666], [114.360083334, 30.552833333], [114.360583333, 30.552833333], [114.360583333, 30.552916666], [114.361, 30.552916666], [114.361, 30.553083333], [114.361333334, 30.553083333], [114.361333334, 30.553166667], [114.361500001, 30.553166667], [114.361500001, 30.55325], [114.361916666, 30.55325], [114.361916666, 30.553333333], [114.362166667, 30.553333333], [114.362166667, 30.553416667], [114.362333333, 30.553416667], [114.362333333, 30.5535], [114.362583334, 30.5535], [114.362583334, 30.553583334], [114.36275, 30.553583334], [114.36275, 30.55375], [114.363083334, 30.55375], [114.363083334, 30.553833333], [114.36325, 30.553833333], [114.36325, 30.553916666], [114.363333333, 30.553916666], [114.363333333, 30.554166666], [114.363416667, 30.554166666], [114.363416667, 30.55425], [114.3635, 30.55425], [114.3635, 30.554583333], [114.363416667, 30.554583333], [114.363416667, 30.554916667], [114.363333333, 30.554916667], [114.363333333, 30.555], [114.363166667, 30.555], [114.363166667, 30.555083334], [114.363000001, 30.555083334], [114.363000001, 30.555166667], [114.362916667, 30.555166667], [114.362916667, 30.555249999], [114.36275, 30.555249999], [114.36275, 30.555333333], [114.362583334, 30.555333333], [114.362583334, 30.55575], [114.362666667, 30.55575], [114.362666667, 30.555916667], [114.36275, 30.555916667], [114.36275, 30.556], [114.362833334, 30.556], [114.362833334, 30.556083333], [114.362916667, 30.556083333], [114.362916667, 30.55625], [114.363000001, 30.55625], [114.363000001, 30.556333334], [114.363083334, 30.556333334], [114.363083334, 30.556416667], [114.363166667, 30.556416667], [114.363166667, 30.556666666], [114.36325, 30.556666666], [114.36325, 30.55675], [114.363333333, 30.55675], [114.363333333, 30.556833333], [114.36325, 30.556833333], [114.36325, 30.557], [114.363166667, 30.557], [114.363166667, 30.557166667], [114.363083334, 30.557166667], [114.363083334, 30.557583334], [114.362916667, 30.557583334], [114.362916667, 30.557666667], [114.363083334, 30.557666667], [114.363083334, 30.558083333], [114.362916667, 30.558083333], [114.362916667, 30.558166666], [114.363083334, 30.558166666], [114.363083334, 30.55825], [114.363166667, 30.55825], [114.363166667, 30.558333333], [114.363416667, 30.558333333], [114.363416667, 30.558351041], [114.36293856, 30.558323116], [114.362932507, 30.558322998], [114.362698584, 30.558327462], [114.36264179, 30.558280257], [114.362638014, 30.558277347], [114.362610015, 30.558257347], [114.362607795, 30.558255829], [114.362578795, 30.558236828], [114.362574846, 30.558234428], [114.362542845, 30.558216429], [114.362537592, 30.558213757], [114.362502592, 30.558197757], [114.362498067, 30.558195871], [114.362453067, 30.558178872], [114.362446909, 30.558176848], [114.362440552, 30.558175354], [114.362398552, 30.558167353], [114.362391525, 30.558166346], [114.362329524, 30.558160346], [114.362323665, 30.558160001], [114.362276665, 30.558159001], [114.362273436, 30.558158999], [114.362223435, 30.558159999]]]}, "properties": {"id": 2593, "land_type": "公园与绿地用地"}}, {"type": "Feature", "geometry": {"type": "Polygon", "coordinates": [[[114.358492201, 30.539425176], [114.358574613, 30.539710986], [114.358575199, 30.539712881], [114.358759749, 30.540271492], [114.358767005, 30.540323187], [114.358770867, 30.540358717], [114.358759883, 30.540397524], [114.358699797, 30.540517698], [114.358676551, 30.540558377], [114.35867396, 30.540563525], [114.358671959, 30.540568865], [114.358655985, 30.54061978], [114.358636454, 30.540681303], [114.358584252, 30.540818503], [114.357931377, 30.540510002], [114.357098994, 30.539980641], [114.357287215, 30.539828271], [114.357948038, 30.539475897], [114.358232393, 30.539427718], [114.358412893, 30.539419167], [114.358492201, 30.539425176]]]}, "properties": {"id": 3699, "land_type": "公园与绿地用地"}}, {"type": "Feature", "geometry": {"type": "Polygon", "coordinates": [[[114.358771714, 30.539436849], [114.359012213, 30.539466912], [114.359198971, 30.539510954], [114.359643947, 30.539782445], [114.359661141, 30.539792941], [114.359661204, 30.53979298], [114.359864004, 30.53991648], [114.359869305, 30.539919399], [114.3598749, 30.539921878], [114.359880739, 30.539923897], [114.359904739, 30.539931097], [114.360313163, 30.540053306], [114.360030365, 30.540472218], [114.359989276, 30.540533003], [114.359986436, 30.540537682], [114.359984102, 30.540542561], [114.359982292, 30.540547604], [114.359981023, 30.540552768], [114.359980303, 30.54055801], [114.359928501, 30.541174215], [114.359895213, 30.541232469], [114.359804526, 30.541354603], [114.359444694, 30.541215873], [114.358704627, 30.540874806], [114.358765024, 30.54071607], [114.358765989, 30.540713304], [114.358785989, 30.540650304], [114.358786042, 30.540650136], [114.358800336, 30.540604571], [114.35882145, 30.540567624], [114.35882288, 30.540564951], [114.358885881, 30.54043895], [114.358887893, 30.540434411], [114.358889458, 30.540429741], [114.358904457, 30.540376742], [114.358905821, 30.540370423], [114.358906364, 30.540364013], [114.358906081, 30.540357592], [114.35890108, 30.54031159], [114.358900887, 30.540310035], [114.358892887, 30.540253036], [114.358892047, 30.540248542], [114.358890802, 30.54024412], [114.358705114, 30.539682062], [114.358632941, 30.539431764], [114.358771714, 30.539436849]]]}, "properties": {"id": 3701, "land_type": "公园与绿地用地"}}, {"type": "Feature", "geometry": {"type": "Polygon", "coordinates": [[[114.354065928, 30.530805765], [114.354065482, 30.53090466], [114.353983024, 30.530904967], [114.35352538, 30.530902985], [114.353501331, 30.530900386], [114.353485469, 30.530894757], [114.353483425, 30.530893531], [114.353480903, 30.530887905], [114.353478374, 30.530869564], [114.353478374, 30.530845297], [114.353482697, 30.530481235], [114.354067482, 30.53047419], [114.354065928, 30.530805765]]]}, "properties": {"id": 3704, "land_type": "行政办公用地"}}, {"type": "Feature", "geometry": {"type": "Polygon", "coordinates": [[[114.360670025, 30.555816558], [114.360674136, 30.55582185], [114.360678895, 30.555826724], [114.360690895, 30.555837724], [114.360694686, 30.555840933], [114.360698756, 30.555843876], [114.360713758, 30.555853876], [114.360718337, 30.555856675], [114.360723172, 30.555859135], [114.360731169, 30.555862826], [114.360675235, 30.556341877], [114.36053726, 30.556993038], [114.360321061, 30.557666543], [114.360319604, 30.557672153], [114.360319047, 30.55767494], [114.360217687, 30.558019764], [114.360216897, 30.558022786], [114.360127897, 30.558411786], [114.360127807, 30.558412185], [114.36007894, 30.558633968], [114.360038641, 30.558677197], [114.359975762, 30.558722507], [114.359974916, 30.558723127], [114.359930413, 30.558756286], [114.359885777, 30.558775312], [114.359819956, 30.55878531], [114.35975647, 30.558788837], [114.359703326, 30.558785246], [114.359338075, 30.558593467], [114.359330086, 30.558589878], [114.358518086, 30.558282878], [114.358516447, 30.558282281], [114.357754881, 30.558014784], [114.357580737, 30.557945416], [114.358026428, 30.557244919], [114.358064892, 30.557237542], [114.358122035, 30.557233855], [114.358128685, 30.557233138], [114.35813522, 30.557231855], [114.358141576, 30.55723002], [114.358224576, 30.557202019], [114.358230799, 30.5571996], [114.358236705, 30.557196651], [114.358242235, 30.557193202], [114.35824733, 30.557189289], [114.35832733, 30.557121291], [114.358331715, 30.557117186], [114.358335622, 30.557112738], [114.358512478, 30.55688992], [114.358704123, 30.55665236], [114.35893591, 30.556371619], [114.358940546, 30.556365143], [114.359082546, 30.556134144], [114.359083317, 30.556132724], [114.359084161, 30.556131335], [114.359084248, 30.556131148], [114.359084355, 30.556130968], [114.359141136, 30.556023182], [114.359203095, 30.555942635], [114.359279657, 30.555885424], [114.359337675, 30.555862991], [114.359457468, 30.555845748], [114.359680181, 30.555834955], [114.360660469, 30.555802658], [114.360670025, 30.555816558]]]}, "properties": {"id": 3549, "land_type": "公园与绿地用地"}}, {"type": "Feature", "geometry": {"type": "Polygon", "coordinates": [[[114.355857304, 30.559446438], [114.355337087, 30.559608442], [114.355336732, 30.55960857], [114.355336365, 30.559608672], [114.355316335, 30.559615132], [114.355301603, 30.559562455], [114.355299895, 30.559556771], [114.355069197, 30.55883907], [114.355062017, 30.558820755], [114.354870416, 30.558409055], [114.354869498, 30.558407118], [114.354759098, 30.558177917], [114.354758296, 30.558176389], [114.354757905, 30.558175491], [114.354756929, 30.558173784], [114.354753885, 30.558167985], [114.354512401, 30.55774382], [114.354237735, 30.557226024], [114.353895319, 30.556568666], [114.353893598, 30.55656545], [114.353659498, 30.556139451], [114.353659276, 30.556139048], [114.353494375, 30.555840948], [114.353403471, 30.555676639], [114.353399724, 30.555670537], [114.353397664, 30.555666939], [114.353396679, 30.555665575], [114.353395603, 30.555663821], [114.353393897, 30.555661526], [114.353607871, 30.555637625], [114.353881322, 30.555612765], [114.353922569, 30.555609819], [114.35392381, 30.55560972], [114.354003096, 30.555602783], [114.354088859, 30.555596869], [114.354213033, 30.555589969], [114.35434026, 30.555587163], [114.354470718, 30.555609369], [114.35465315, 30.555656667], [114.354720048, 30.555680926], [114.354870165, 30.5559038], [114.354982863, 30.556113378], [114.35498374, 30.556114948], [114.35501974, 30.556176948], [114.355022115, 30.556180686], [114.355096114, 30.556287687], [114.355099313, 30.556291887], [114.355160313, 30.556364887], [114.35516126, 30.556365991], [114.355232927, 30.556447612], [114.35534439, 30.55657898], [114.355381152, 30.556623282], [114.355410085, 30.556667121], [114.355434105, 30.556719451], [114.355447513, 30.556777553], [114.35545796, 30.556844031], [114.355463527, 30.556908977], [114.355459816, 30.556988771], [114.355450288, 30.55704689], [114.355450044, 30.557048548], [114.355427044, 30.557225548], [114.355426901, 30.557226763], [114.355418902, 30.557302763], [114.355418627, 30.55730779], [114.35541886, 30.557312818], [114.355424859, 30.557374818], [114.355425381, 30.557378658], [114.355442381, 30.557475658], [114.355444042, 30.557482394], [114.355475041, 30.557579394], [114.355477714, 30.557586117], [114.355481321, 30.557592508], [114.355519321, 30.557650508], [114.355522661, 30.557655092], [114.355526483, 30.557659388], [114.355572484, 30.557706389], [114.355577919, 30.557711323], [114.355583988, 30.557715677], [114.355626071, 30.557742427], [114.355604113, 30.557751962], [114.355529643, 30.557766349], [114.355476741, 30.55776895], [114.355427375, 30.557768114], [114.355377876, 30.557758214], [114.355354578, 30.557743344], [114.355344661, 30.557726958], [114.355340844, 30.557695796], [114.355356398, 30.557595159], [114.355384759, 30.557485626], [114.355385784, 30.557480655], [114.355386305, 30.557475627], [114.355387305, 30.557456627], [114.355387247, 30.557450439], [114.355386247, 30.557436438], [114.355385247, 30.557422438], [114.355384397, 30.557416158], [114.355382759, 30.557409996], [114.35537876, 30.557397995], [114.355377563, 30.557394762], [114.355337563, 30.557296762], [114.355337061, 30.557295576], [114.355299377, 30.557209298], [114.35525667, 30.557103026], [114.355254751, 30.557098796], [114.355252454, 30.557094709], [114.355226454, 30.557052709], [114.355222802, 30.557047489], [114.355200802, 30.557019488], [114.355198742, 30.557017009], [114.355163101, 30.556976419], [114.355133066, 30.556940923], [114.355113056, 30.55690924], [114.355086652, 30.556852662], [114.355039787, 30.556748959], [114.35503709, 30.556743761], [114.355033814, 30.556738815], [114.355029991, 30.55673417], [114.355025657, 30.55672987], [114.355020855, 30.556725957], [114.355015631, 30.556722467], [114.355010035, 30.556719435], [114.35500412, 30.55671689], [114.354997944, 30.556714858], [114.354991567, 30.556713356], [114.354985049, 30.556712399], [114.354978453, 30.556711997], [114.354971844, 30.556712153], [114.354965285, 30.556712867], [114.354958837, 30.556714131], [114.354952566, 30.556715933], [114.35494653, 30.556718256], [114.354940786, 30.556721077], [114.354935393, 30.55672437], [114.354930399, 30.556728101], [114.354925854, 30.556732236], [114.354921802, 30.556736734], [114.354918281, 30.556741554], [114.354915326, 30.556746647], [114.354912965, 30.556751965], [114.35491122, 30.556757457], [114.354910109, 30.55676307], [114.354909643, 30.556768748], [114.354909824, 30.55677444], [114.354910654, 30.556780089], [114.354912121, 30.55678564], [114.354914213, 30.556791041], [114.354961213, 30.55689504], [114.354961485, 30.556895633], [114.354989485, 30.556955633], [114.354992814, 30.556961719], [114.355016814, 30.55699972], [114.355021548, 30.557006165], [114.355054548, 30.557045165], [114.355055259, 30.557045991], [114.355090192, 30.557085774], [114.355109213, 30.557109985], [114.35513106, 30.557145276], [114.355172331, 30.557247973], [114.35517294, 30.557249424], [114.355210682, 30.557335834], [114.355249785, 30.557431637], [114.355251206, 30.557435901], [114.355251753, 30.557443562], [114.355252532, 30.557454469], [114.355251962, 30.557465316], [114.355224242, 30.557572375], [114.355223216, 30.557577347], [114.355206216, 30.557687347], [114.355205633, 30.557694208], [114.355205998, 30.557701083], [114.355211998, 30.557750083], [114.355212954, 30.557755464], [114.355214493, 30.557760743], [114.355216598, 30.557765875], [114.355219254, 30.557770815], [114.355242254, 30.557808814], [114.355243271, 30.557810312], [114.355244221, 30.55781184], [114.355244941, 30.557812767], [114.355245594, 30.557813728], [114.355246777, 30.557815131], [114.355247896, 30.557816574], [114.355248717, 30.557817434], [114.355249478, 30.557818337], [114.355250814, 30.557819633], [114.355252092, 30.557820973], [114.355253008, 30.557821762], [114.355253866, 30.557822595], [114.355255344, 30.557823773], [114.355256768, 30.557824999], [114.355257769, 30.557825705], [114.355258719, 30.557826462], [114.355260324, 30.55782751], [114.35526188, 30.557828609], [114.355308881, 30.557858608], [114.355314625, 30.557861896], [114.355320728, 30.557864661], [114.35532713, 30.557866874], [114.355333759, 30.557868512], [114.355403758, 30.557882512], [114.35541067, 30.557883571], [114.355417674, 30.557884005], [114.355476674, 30.557885005], [114.355481841, 30.557884921], [114.355542841, 30.557881923], [114.355548326, 30.557881458], [114.355553749, 30.55788061], [114.355641748, 30.557863608], [114.35564709, 30.557862376], [114.355652298, 30.557860771], [114.355657334, 30.557858803], [114.355733335, 30.557825804], [114.355734746, 30.557825172], [114.355755353, 30.557815693], [114.355865036, 30.557858783], [114.355865405, 30.557858927], [114.356134404, 30.557962927], [114.356138966, 30.55796452], [114.356454966, 30.55806352], [114.356455745, 30.55806376], [114.356674745, 30.55812976], [114.356683289, 30.558131802], [114.356821673, 30.558156571], [114.356779198, 30.558195003], [114.356773952, 30.558200363], [114.356512951, 30.558502363], [114.356510909, 30.558504861], [114.356426456, 30.558614154], [114.356362026, 30.558692459], [114.356358558, 30.558697134], [114.356355624, 30.558702071], [114.356353251, 30.558707228], [114.356243336, 30.558984017], [114.356089064, 30.559362945], [114.356081254, 30.559369056], [114.356051333, 30.559388031], [114.355984842, 30.55940775], [114.355927452, 30.559218218], [114.355901682, 30.559121079], [114.355899701, 30.559115106], [114.355891701, 30.559095105], [114.355889104, 30.55908956], [114.355885859, 30.559084274], [114.355881999, 30.559079305], [114.355877566, 30.559074703], [114.355872606, 30.55907052], [114.355867173, 30.559066798], [114.355854173, 30.559058797], [114.355848305, 30.559055568], [114.355842081, 30.559052877], [114.355835569, 30.559050754], [114.355828835, 30.559049221], [114.355821956, 30.559048294], [114.355815001, 30.559047984], [114.355798, 30.559047984], [114.355792105, 30.559048207], [114.355786254, 30.559048873], [114.355780495, 30.559049977], [114.355698494, 30.559068977], [114.355698015, 30.55906911], [114.355697526, 30.559069208], [114.355473525, 30.559124208], [114.355466447, 30.559126319], [114.355449447, 30.559132319], [114.355441171, 30.559135828], [114.355429171, 30.559141827], [114.355423272, 30.559145144], [114.355417806, 30.559148973], [114.355412834, 30.559153273], [114.355408411, 30.559157997], [114.355404586, 30.559163092], [114.355401399, 30.559168503], [114.355398887, 30.559174171], [114.355392886, 30.559190172], [114.355391247, 30.559195354], [114.35539017, 30.559200642], [114.355389667, 30.559205995], [114.35538974, 30.559211365], [114.35539039, 30.559216705], [114.355391609, 30.559221971], [114.355408609, 30.559280971], [114.355408898, 30.559281796], [114.355409119, 30.559282636], [114.35542212, 30.559322636], [114.355424092, 30.559327768], [114.35542661, 30.55933272], [114.355429651, 30.559337448], [114.35543319, 30.559341912], [114.355440191, 30.559349912], [114.35544496, 30.55935478], [114.35545032, 30.559359171], [114.355456207, 30.559363027], [114.355462549, 30.559366306], [114.355473549, 30.559371306], [114.355480297, 30.559373975], [114.355487344, 30.559375988], [114.355494606, 30.559377321], [114.355501995, 30.559377958], [114.355527993, 30.559378958], [114.355533842, 30.559378964], [114.355539668, 30.559378534], [114.355545428, 30.55937767], [114.355551081, 30.559376379], [114.355814633, 30.559305514], [114.355857304, 30.559446438]]]}, "properties": {"id": 3550, "land_type": "公园与绿地用地"}}, {"type": "Feature", "geometry": {"type": "Polygon", "coordinates": [[[114.360977845, 30.562018764], [114.360978619, 30.562020869], [114.360979338, 30.562022988], [114.361191124, 30.562549457], [114.361276921, 30.562776921], [114.361277828, 30.562779167], [114.361370828, 30.562995166], [114.361394632, 30.563050393], [114.361407383, 30.563092895], [114.361412892, 30.563146147], [114.36141312, 30.563148012], [114.361427121, 30.563247012], [114.361427131, 30.563247083], [114.361437816, 30.563321885], [114.361440511, 30.563372182], [114.361433857, 30.563449165], [114.361423092, 30.563549004], [114.361393444, 30.563718981], [114.361233599, 30.564555175], [114.361207681, 30.564679773], [114.361206832, 30.564685473], [114.361201832, 30.564740472], [114.361201696, 30.564747626], [114.361204569, 30.564802212], [114.361181466, 30.564823579], [114.361157984, 30.564840352], [114.361153164, 30.56484415], [114.361148794, 30.564848331], [114.361130794, 30.564867331], [114.361127109, 30.564871607], [114.361123895, 30.564876156], [114.361121178, 30.56488094], [114.361118984, 30.564885918], [114.361110984, 30.564906917], [114.361108968, 30.56491348], [114.361104968, 30.564930481], [114.361103969, 30.564936153], [114.36110197, 30.564953153], [114.361101626, 30.564959], [114.361101626, 30.564965394], [114.361095036, 30.564971617], [114.361050993, 30.565000743], [114.360227446, 30.565294994], [114.359188303, 30.565663999], [114.359049907, 30.565704884], [114.358951098, 30.565594955], [114.358897209, 30.565517803], [114.358893798, 30.565513421], [114.358890579, 30.565508931], [114.358427952, 30.564929275], [114.357871614, 30.564214324], [114.357867142, 30.564208812], [114.357321808, 30.563563379], [114.356695239, 30.562806808], [114.356406366, 30.562405766], [114.356405748, 30.562404913], [114.35625161, 30.562193658], [114.356103692, 30.561917101], [114.35594569, 30.56160622], [114.355936258, 30.561579829], [114.356488349, 30.561527668], [114.356494878, 30.561526771], [114.356501273, 30.561525326], [114.356507474, 30.561523349], [114.356513418, 30.561520857], [114.356519052, 30.561517876], [114.356524318, 30.561514435], [114.356529167, 30.561510565], [114.356533552, 30.561506303], [114.356537432, 30.561501693], [114.356540767, 30.561496779], [114.356543528, 30.561491605], [114.356545687, 30.561486223], [114.356547222, 30.561480686], [114.356548119, 30.561475046], [114.35654837, 30.561469356], [114.356547972, 30.561463673], [114.356546929, 30.561458051], [114.356545252, 30.561452544], [114.356542955, 30.561447205], [114.356540062, 30.561442086], [114.3565366, 30.561437235], [114.356532602, 30.5614327], [114.356528109, 30.561428525], [114.356523161, 30.561424748], [114.356517807, 30.561421408], [114.356512098, 30.561418536], [114.35650609, 30.561416158], [114.35649984, 30.5614143], [114.356493409, 30.561412979], [114.356486858, 30.561412205], [114.356480253, 30.56141199], [114.356473653, 30.561412331], [114.355895908, 30.561466917], [114.355766355, 30.561104396], [114.35563885, 30.560690079], [114.355501918, 30.560232839], [114.355501216, 30.560230557], [114.355391003, 30.559882147], [114.355348116, 30.559728786], [114.355383275, 30.559717445], [114.355960428, 30.559537709], [114.356104938, 30.559494854], [114.356105207, 30.559494762], [114.356105484, 30.55949469], [114.356108275, 30.559493703], [114.356111077, 30.559492738], [114.356111333, 30.559492623], [114.356111601, 30.559492529], [114.356114267, 30.559491312], [114.356116944, 30.559490114], [114.356117187, 30.559489979], [114.356117442, 30.559489862], [114.356119958, 30.559488425], [114.356122485, 30.559487009], [114.356122711, 30.559486853], [114.356122952, 30.559486716], [114.356163952, 30.559460715], [114.356169313, 30.559456933], [114.356192313, 30.559438934], [114.356197028, 30.559434859], [114.356201251, 30.559430402], [114.356204941, 30.559425607], [114.356208061, 30.559420521], [114.35621058, 30.559415193], [114.35637058, 30.559022193], [114.35637075, 30.559021771], [114.356477601, 30.558752701], [114.356536975, 30.558680539], [114.356538091, 30.558679139], [114.356622108, 30.558570411], [114.356879615, 30.558272455], [114.356991589, 30.558171142], [114.357348236, 30.558063766], [114.35735257, 30.558062314], [114.357397454, 30.558045727], [114.357430504, 30.55803471], [114.357455314, 30.558030016], [114.357472172, 30.558030016], [114.357699715, 30.558120655], [114.357702554, 30.558121719], [114.35846473, 30.558389429], [114.359271781, 30.558694559], [114.359641743, 30.558888812], [114.360138535, 30.559269559], [114.360223019, 30.559621737], [114.360223699, 30.559624281], [114.360305699, 30.559902282], [114.360306192, 30.559903856], [114.360404036, 30.560200386], [114.360559891, 30.560704914], [114.360560142, 30.560705703], [114.360672127, 30.561048657], [114.360691421, 30.561108118], [114.360689785, 30.561109825], [114.360686098, 30.561114551], [114.360682967, 30.561119566], [114.360680421, 30.561124821], [114.360678487, 30.561130264], [114.36067718, 30.561135846], [114.360676517, 30.56114151], [114.3606765, 30.561147203], [114.360677132, 30.561152871], [114.360678406, 30.561158457], [114.360680309, 30.561163909], [114.360682824, 30.561169174], [114.360685926, 30.561174203], [114.360689586, 30.561178944], [114.360693768, 30.561183354], [114.360698432, 30.561187389], [114.360703533, 30.561191012], [114.360722208, 30.561203001], [114.360830974, 30.561538189], [114.360977845, 30.562018764]], [[114.35825, 30.561416667], [114.358333334, 30.561416667], [114.358333334, 30.5615], [114.358416667, 30.5615], [114.358416667, 30.561583333], [114.358583334, 30.561583333], [114.358583334, 30.56175], [114.358666667, 30.56175], [114.358666667, 30.561833334], [114.358750001, 30.561833334], [114.358750001, 30.561916667], [114.359083333, 30.561916667], [114.359083333, 30.562], [114.359166667, 30.562], [114.359166667, 30.561916667], [114.359333333, 30.561916667], [114.359333333, 30.561833334], [114.359416667, 30.561833334], [114.359416667, 30.56175], [114.359583333, 30.56175], [114.359583333, 30.561666667], [114.35975, 30.561666667], [114.35975, 30.561583333], [114.359833334, 30.561583333], [114.359833334, 30.5615], [114.359916667, 30.5615], [114.359916667, 30.561416667], [114.360083334, 30.561416667], [114.360083334, 30.56125], [114.36, 30.56125], [114.36, 30.561166666], [114.359916667, 30.561166666], [114.359916667, 30.560833333], [114.360083334, 30.560833333], [114.360083334, 30.56075], [114.360166667, 30.56075], [114.360166667, 30.560666667], [114.360250001, 30.560666667], [114.360250001, 30.560333333], [114.360166667, 30.560333333], [114.360166667, 30.56025], [114.360083334, 30.56025], [114.360083334, 30.560166667], [114.36, 30.560166667], [114.36, 30.560083333], [114.359916667, 30.560083333], [114.359916667, 30.56], [114.359666667, 30.56], [114.359666667, 30.560083333], [114.359416667, 30.560083333], [114.359416667, 30.560166667], [114.359333333, 30.560166667], [114.359333333, 30.56025], [114.359166667, 30.56025], [114.359166667, 30.560333333], [114.359, 30.560333333], [114.359, 30.560416667], [114.358916667, 30.560416667], [114.358916667, 30.5605], [114.359, 30.5605], [114.359, 30.560583334], [114.358916667, 30.560583334], [114.358916667, 30.560666667], [114.358833334, 30.560666667], [114.358833334, 30.56075], [114.359166667, 30.56075], [114.359166667, 30.560833333], [114.35925, 30.560833333], [114.35925, 30.56075], [114.359416667, 30.56075], [114.359416667, 30.560666667], [114.359583333, 30.560666667], [114.359583333, 30.56075], [114.359666667, 30.56075], [114.359666667, 30.560833333], [114.3595, 30.560833333], [114.3595, 30.560916666], [114.35925, 30.560916666], [114.35925, 30.561], [114.359, 30.561], [114.359, 30.561083333], [114.35825, 30.561083333], [114.35825, 30.561166666], [114.358166667, 30.561166666], [114.358166667, 30.56125], [114.35825, 30.56125], [114.35825, 30.561416667]], [[114.358083333, 30.56025], [114.357333334, 30.56025], [114.357333334, 30.560416667], [114.35725, 30.560416667], [114.35725, 30.560583334], [114.357166667, 30.560583334], [114.357166667, 30.5605], [114.356916667, 30.5605], [114.356916667, 30.560666667], [114.35675, 30.560666667], [114.35675, 30.560583334], [114.356333333, 30.560583334], [114.356333333, 30.560666667], [114.356000001, 30.560666667], [114.356000001, 30.56075], [114.356083334, 30.56075], [114.356083334, 30.560916666], [114.356333333, 30.560916666], [114.356333333, 30.560833333], [114.357166667, 30.560833333], [114.357166667, 30.560916666], [114.357833333, 30.560916666], [114.357833333, 30.560833333], [114.358416667, 30.560833333], [114.358416667, 30.560583334], [114.358333334, 30.560583334], [114.358333334, 30.5605], [114.35825, 30.5605], [114.35825, 30.560416667], [114.358083333, 30.560416667], [114.358083333, 30.56025]]]}, "properties": {"id": 3551, "land_type": "体育与文化用地"}}, {"type": "Feature", "geometry": {"type": "Polygon", "coordinates": [[[114.351716711, 30.55694691], [114.351715227, 30.556964729], [114.351712515, 30.556973947], [114.351706919, 30.556987236], [114.351704771, 30.556990997], [114.351698431, 30.556996985], [114.351689903, 30.557002038], [114.351659068, 30.557006692], [114.351425028, 30.556995086], [114.35137043, 30.556992162], [114.351301673, 30.556986268], [114.351300959, 30.556986211], [114.351041253, 30.556966355], [114.351061146, 30.55677923], [114.351330014, 30.556792915], [114.351623003, 30.556807916], [114.351629613, 30.556807973], [114.3516362, 30.556807474], [114.351642697, 30.556806421], [114.351649044, 30.556804825], [114.351655178, 30.5568027], [114.351661041, 30.556800067], [114.351666575, 30.556796953], [114.35167173, 30.556793387], [114.351676452, 30.556789402], [114.3516807, 30.556785039], [114.351684429, 30.556780338], [114.351687606, 30.556775345], [114.351690199, 30.556770106], [114.351692183, 30.556764675], [114.35169354, 30.556759104], [114.351694255, 30.556753444], [114.351694324, 30.55674775], [114.351693743, 30.556742078], [114.35169252, 30.556736484], [114.351690666, 30.556731018], [114.351688198, 30.556725736], [114.351685142, 30.556720687], [114.351681526, 30.556715921], [114.351677385, 30.556711483], [114.351672758, 30.556707416], [114.35166769, 30.556703758], [114.351662231, 30.556700547], [114.351656432, 30.556697811], [114.351650349, 30.556695579], [114.351644043, 30.55669387], [114.351637572, 30.556692702], [114.351631, 30.556692086], [114.351337988, 30.556677084], [114.351073193, 30.556663607], [114.351109106, 30.556312169], [114.351120233, 30.556206785], [114.351328508, 30.55621594], [114.351526329, 30.556224932], [114.351628971, 30.556229913], [114.351746144, 30.556236317], [114.351739676, 30.556380765], [114.351739677, 30.55638087], [114.351739667, 30.556380974], [114.351716711, 30.55694691]]]}, "properties": {"id": 3566, "land_type": "教育用地"}}, {"type": "Feature", "geometry": {"type": "Polygon", "coordinates": [[[114.353682888, 30.557787582], [114.353688461, 30.557797984], [114.353885961, 30.558136784], [114.353992971, 30.5583203], [114.353995386, 30.558324311], [114.35411106, 30.558510477], [114.354262559, 30.558891834], [114.354263857, 30.558894999], [114.354368109, 30.559141784], [114.354430341, 30.559342636], [114.351316629, 30.559008577], [114.351321161, 30.559005053], [114.351325183, 30.559001651], [114.351328862, 30.55899797], [114.35133217, 30.558994037], [114.35134217, 30.558981038], [114.351343407, 30.558979243], [114.351344699, 30.558977476], [114.351345094, 30.558976796], [114.351345545, 30.558976143], [114.351346573, 30.558974251], [114.351347658, 30.558972385], [114.351347974, 30.558971675], [114.351348349, 30.558970986], [114.351349156, 30.558969018], [114.351350024, 30.558967068], [114.351350257, 30.558966335], [114.351350551, 30.558965618], [114.35135113, 30.558963591], [114.351351772, 30.558961578], [114.35135192, 30.558960828], [114.351352132, 30.55896009], [114.351352478, 30.558958023], [114.351352886, 30.558955965], [114.351427887, 30.558421965], [114.351427989, 30.558420738], [114.351428168, 30.558419518], [114.351428206, 30.558418413], [114.35142832, 30.558417311], [114.35146332, 30.557661311], [114.351463319, 30.557661185], [114.351463332, 30.557661059], [114.351485886, 30.557114331], [114.351659128, 30.557122921], [114.351666906, 30.557122919], [114.351674633, 30.557122146], [114.351727633, 30.557114146], [114.351734673, 30.557112745], [114.351741498, 30.557110702], [114.35174803, 30.557108042], [114.351754193, 30.557104795], [114.351781194, 30.557088794], [114.351787279, 30.557084727], [114.351792786, 30.55708009], [114.351810787, 30.55706309], [114.351814827, 30.557058893], [114.351818394, 30.557054387], [114.351821453, 30.557049613], [114.351829452, 30.557035612], [114.351832339, 30.557029777], [114.351840339, 30.557010777], [114.351842312, 30.557005245], [114.351847312, 30.556988245], [114.351848516, 30.556983235], [114.351849201, 30.556978152], [114.351851201, 30.556954153], [114.351851334, 30.556952025], [114.351874328, 30.556385129], [114.351880774, 30.556241184], [114.352207607, 30.556247005], [114.352214216, 30.556246843], [114.352220776, 30.556246125], [114.352227221, 30.556244855], [114.352233491, 30.556243049], [114.352239524, 30.556240721], [114.352245265, 30.556237895], [114.352250655, 30.556234599], [114.352255645, 30.556230863], [114.352260185, 30.556226725], [114.352264233, 30.556222222], [114.352267749, 30.556217401], [114.352270699, 30.556212306], [114.352273054, 30.556206986], [114.352274794, 30.556201493], [114.352275899, 30.556195879], [114.352276359, 30.556190199], [114.352276172, 30.556184508], [114.352275338, 30.55617886], [114.352273863, 30.556173309], [114.352271766, 30.556167911], [114.352269062, 30.556162714], [114.352265782, 30.556157772], [114.352261953, 30.556153128], [114.352257616, 30.556148832], [114.35225281, 30.556144922], [114.352247581, 30.556141437], [114.352241982, 30.556138409], [114.352236065, 30.556135869], [114.352229887, 30.556133841], [114.352223508, 30.556132342], [114.352216989, 30.556131391], [114.352210394, 30.556130994], [114.351885307, 30.556125204], [114.351894345, 30.555855675], [114.351894345, 30.555855633], [114.351894348, 30.55585559], [114.351902516, 30.555599133], [114.352013683, 30.555601007], [114.35201381, 30.555601004], [114.352013935, 30.555601011], [114.352454936, 30.55560701], [114.352461544, 30.555606821], [114.352468099, 30.555606074], [114.352474537, 30.555604778], [114.352480797, 30.555602946], [114.352486817, 30.555600592], [114.352492541, 30.555597743], [114.352497914, 30.555594424], [114.352502882, 30.555590667], [114.352507399, 30.55558651], [114.352511421, 30.555581991], [114.352514909, 30.555577154], [114.35251783, 30.555572046], [114.352520156, 30.555566716], [114.352521863, 30.555561216], [114.352522936, 30.555555597], [114.352523365, 30.555549916], [114.352523145, 30.555544225], [114.352522279, 30.555538581], [114.352520774, 30.555533037], [114.352518644, 30.555527647], [114.352515913, 30.555522462], [114.352512603, 30.555517533], [114.35250875, 30.555512906], [114.352504387, 30.555508627], [114.352499559, 30.555504739], [114.352494311, 30.555501275], [114.352488695, 30.555498271], [114.352482763, 30.555495755], [114.352476574, 30.555493753], [114.352470187, 30.555492282], [114.352463662, 30.555491358], [114.352457064, 30.555490989], [114.352084673, 30.555485923], [114.352110334, 30.554837978], [114.352110235, 30.554832285], [114.352109488, 30.554826627], [114.352108102, 30.55482106], [114.352106088, 30.554815638], [114.352103467, 30.55481041], [114.352100262, 30.55480543], [114.352096507, 30.554800744], [114.352092237, 30.554796397], [114.352087492, 30.554792432], [114.352082318, 30.554788886], [114.352076767, 30.554785795], [114.352070889, 30.554783186], [114.352064744, 30.554781087], [114.352058389, 30.554779516], [114.352051885, 30.554778489], [114.352045296, 30.554778015], [114.352038686, 30.554778101], [114.352032116, 30.554778744], [114.352025652, 30.554779938], [114.352019354, 30.554781673], [114.352013283, 30.55478393], [114.3520075, 30.554786689], [114.352002058, 30.554789923], [114.35199701, 30.554793601], [114.351992407, 30.554797686], [114.351988289, 30.554802142], [114.351984699, 30.554806922], [114.351981671, 30.554811983], [114.351979232, 30.554817275], [114.351977408, 30.554822748], [114.351976214, 30.554828349], [114.351975666, 30.554834023], [114.351949929, 30.555483874], [114.351838488, 30.555481996], [114.351649961, 30.555478006], [114.351581267, 30.555476014], [114.35158063, 30.555476023], [114.351579995, 30.555475988], [114.351343995, 30.555472988], [114.351343497, 30.555473003], [114.351343, 30.555472982], [114.351160446, 30.555472982], [114.351159388, 30.555441589], [114.351162367, 30.555268862], [114.35116234, 30.555268181], [114.351162372, 30.5552675], [114.351159374, 30.55496775], [114.351159374, 30.554928], [114.35115887, 30.554920915], [114.351153869, 30.554885915], [114.351153256, 30.554882473], [114.351147255, 30.554854472], [114.351145324, 30.554847741], [114.351142474, 30.554841256], [114.351117474, 30.554793256], [114.351116617, 30.554791807], [114.351115832, 30.554790326], [114.351115118, 30.554789271], [114.351114475, 30.554788182], [114.351113458, 30.554786811], [114.351112507, 30.554785404], [114.351111678, 30.554784414], [114.351110914, 30.554783385], [114.351109745, 30.554782107], [114.351108639, 30.554780787], [114.3511077, 30.554779872], [114.351106824, 30.554778912], [114.351105513, 30.554777739], [114.351104263, 30.554776518], [114.351103225, 30.554775687], [114.351102243, 30.554774806], [114.351100806, 30.554773748], [114.351099424, 30.554772639], [114.351098295, 30.554771899], [114.351097218, 30.554771106], [114.351095668, 30.554770174], [114.351094166, 30.554769188], [114.350697164, 30.554534188], [114.350694958, 30.554532936], [114.350497146, 30.554425428], [114.350499351, 30.554333535], [114.350505174, 30.554178114], [114.35059756, 30.554148083], [114.351258383, 30.554060855], [114.35143307, 30.554051719], [114.351577089, 30.554067302], [114.351745874, 30.554136529], [114.351843063, 30.55420854], [114.351859481, 30.554226236], [114.351859688, 30.554226459], [114.351990085, 30.554366555], [114.352438592, 30.555181591], [114.352565465, 30.555497749], [114.352567756, 30.555503168], [114.352634899, 30.555654089], [114.352742172, 30.555909001], [114.352745174, 30.555915699], [114.352819174, 30.556071199], [114.352821421, 30.556075735], [114.35289982, 30.556228036], [114.352900471, 30.556229287], [114.353031568, 30.556478638], [114.353349529, 30.557107484], [114.353682888, 30.557787582]]]}, "properties": {"id": 3567, "land_type": "教育用地"}}, {"type": "Feature", "geometry": {"type": "Polygon", "coordinates": [[[114.350083585, 30.558787754], [114.350064129, 30.558786225], [114.350062803, 30.558786131], [114.349998206, 30.558782156], [114.349859853, 30.558772203], [114.349630166, 30.558754228], [114.349630132, 30.558754225], [114.349630098, 30.558754222], [114.349121254, 30.558713946], [114.349109253, 30.558710047], [114.349106113, 30.558699058], [114.349105563, 30.558684184], [114.349111339, 30.558656128], [114.349111987, 30.558652209], [114.349116987, 30.558612208], [114.349117372, 30.558606432], [114.349117087, 30.558600652], [114.349116136, 30.558594925], [114.349110059, 30.558568016], [114.349243535, 30.558568016], [114.349495068, 30.558571011], [114.349501792, 30.558570801], [114.349508458, 30.558570016], [114.349514999, 30.558568662], [114.34952135, 30.558566752], [114.349527449, 30.558564307], [114.349538448, 30.558559308], [114.349544279, 30.558556326], [114.349549732, 30.558552853], [114.349554753, 30.558548927], [114.349559288, 30.558544586], [114.349563295, 30.558539874], [114.349566731, 30.558534839], [114.349569562, 30.558529532], [114.349571759, 30.558524007], [114.349575759, 30.558512006], [114.349577384, 30.558505908], [114.349578238, 30.558499693], [114.349580237, 30.558472694], [114.349580364, 30.558469992], [114.349583364, 30.558318992], [114.349583214, 30.558314], [114.349582564, 30.558309035], [114.349581423, 30.558304139], [114.349577423, 30.558290139], [114.349575421, 30.55828442], [114.349572747, 30.55827891], [114.34956943, 30.558273664], [114.349565504, 30.55826874], [114.34956101, 30.558264192], [114.349555998, 30.558260063], [114.349550519, 30.558256401], [114.349540519, 30.5582504], [114.349534875, 30.558247359], [114.349528909, 30.558244811], [114.349522681, 30.558242784], [114.34950468, 30.558237785], [114.349497574, 30.558236174], [114.349490307, 30.558235239], [114.349482964, 30.558234991], [114.349331965, 30.55823699], [114.349331062, 30.55823704], [114.349330157, 30.558237035], [114.349059974, 30.558246861], [114.349056247, 30.558246536], [114.3490509, 30.558243863], [114.348837943, 30.558027234], [114.348836887, 30.558022376], [114.348835502, 30.558007151], [114.348848395, 30.557780404], [114.348924511, 30.557786746], [114.348925158, 30.557786798], [114.350686158, 30.557918798], [114.350692765, 30.557919013], [114.350699365, 30.557918669], [114.350705893, 30.55791777], [114.350712288, 30.557916324], [114.350718488, 30.557914345], [114.350724432, 30.557911853], [114.350730064, 30.55790887], [114.350735331, 30.557905427], [114.350740179, 30.557901556], [114.350744562, 30.557897294], [114.35074844, 30.557892683], [114.350751775, 30.557887767], [114.350754535, 30.557882592], [114.35075669, 30.557877211], [114.350758225, 30.557871673], [114.35075912, 30.557866031], [114.35075937, 30.557860342], [114.35075897, 30.557854658], [114.350757927, 30.557849037], [114.350756247, 30.55784353], [114.350753949, 30.557838192], [114.350751054, 30.557833073], [114.350747591, 30.557828223], [114.350743593, 30.557823688], [114.350739097, 30.557819514], [114.350734148, 30.557815738], [114.350728793, 30.557812398], [114.350723084, 30.557809528], [114.350717075, 30.557807152], [114.350710825, 30.557805294], [114.350704394, 30.557803974], [114.350697842, 30.557803202], [114.348937167, 30.557671225], [114.348858272, 30.557664652], [114.348849513, 30.557662815], [114.348840389, 30.557520631], [114.348841372, 30.557415467], [114.348841178, 30.557410578], [114.348840507, 30.557405721], [114.348839362, 30.557400929], [114.348821363, 30.557338929], [114.34881983, 30.557334432], [114.348817882, 30.557330057], [114.348796882, 30.557288057], [114.348794301, 30.557283463], [114.348791261, 30.557279082], [114.348787787, 30.557274948], [114.348752786, 30.557236947], [114.348748888, 30.557233079], [114.34874461, 30.557229522], [114.348739983, 30.557226304], [114.348676983, 30.557186304], [114.348670872, 30.557182848], [114.348664364, 30.557179983], [114.348548477, 30.557135632], [114.348562777, 30.557043703], [114.348562902, 30.557042421], [114.348563108, 30.557041148], [114.348563162, 30.557039988], [114.348563293, 30.557038833], [114.348594256, 30.556493503], [114.348629199, 30.556076172], [114.348629209, 30.556075804], [114.348629255, 30.556075439], [114.348637255, 30.555959439], [114.348637258, 30.555959129], [114.348637293, 30.555958821], [114.348646977, 30.555787503], [114.34887364, 30.555799466], [114.348868659, 30.555938207], [114.348868805, 30.555944206], [114.348869668, 30.55595016], [114.348871242, 30.555956006], [114.348879241, 30.555980006], [114.348881025, 30.555984618], [114.348883249, 30.555989084], [114.3488859, 30.555993375], [114.3489009, 30.556015375], [114.34890428, 30.556019846], [114.348908121, 30.556024032], [114.348912393, 30.556027896], [114.348917061, 30.556031406], [114.348922081, 30.556034532], [114.348927415, 30.556037247], [114.348933015, 30.55603953], [114.348955402, 30.556047588], [114.34898189, 30.556059462], [114.348988337, 30.55606199], [114.348995057, 30.556063922], [114.349001976, 30.556065236], [114.349029976, 30.556069235], [114.349035961, 30.556069855], [114.349451123, 30.556096667], [114.349444691, 30.556237445], [114.349414707, 30.55676617], [114.349414697, 30.556766373], [114.349411696, 30.556823373], [114.349411659, 30.556827797], [114.349412014, 30.55683221], [114.349416014, 30.556864209], [114.349416152, 30.556865228], [114.349423151, 30.556913229], [114.349423607, 30.556915461], [114.349424011, 30.556917702], [114.349424179, 30.556918264], [114.349424296, 30.556918836], [114.349425004, 30.55692102], [114.349425661, 30.556923216], [114.349425893, 30.556923761], [114.349426073, 30.55692432], [114.349427027, 30.556926434], [114.34942793, 30.556928563], [114.349428223, 30.556929086], [114.349428466, 30.556929627], [114.349429655, 30.556931651], [114.349430797, 30.556933693], [114.349431147, 30.55693419], [114.349431452, 30.556934708], [114.349432866, 30.55693662], [114.349434235, 30.556938557], [114.34943464, 30.556939021], [114.349435002, 30.556939511], [114.349436626, 30.556941295], [114.349438209, 30.556943107], [114.349438666, 30.556943534], [114.349439081, 30.556943992], [114.3494409, 30.556945631], [114.349442682, 30.556947301], [114.349443185, 30.556947687], [114.34944365, 30.556948107], [114.349445648, 30.556949584], [114.34944761, 30.556951095], [114.349448155, 30.556951438], [114.349448666, 30.556951815], [114.349450822, 30.556953118], [114.349452948, 30.556954456], [114.349453528, 30.556954751], [114.34945408, 30.556955084], [114.349456374, 30.556956197], [114.349458641, 30.55695735], [114.349459253, 30.556957594], [114.34945984, 30.55695788], [114.349462249, 30.556958794], [114.349464637, 30.556959749], [114.349465273, 30.556959942], [114.349465891, 30.556960175], [114.349468393, 30.556960882], [114.349470877, 30.556961631], [114.349521878, 30.556974631], [114.349527005, 30.556975752], [114.349532219, 30.556976522], [114.349585218, 30.556982522], [114.349587174, 30.556982719], [114.349644174, 30.556987718], [114.349645729, 30.556987839], [114.350962385, 30.557076817], [114.351288684, 30.557101763], [114.351351351, 30.557107134], [114.351328674, 30.557656815], [114.351295969, 30.558363235], [114.350984278, 30.55839516], [114.350900929, 30.558398865], [114.350275324, 30.558356164], [114.350267304, 30.55835603], [114.350238304, 30.558357029], [114.350230945, 30.558357633], [114.350223707, 30.558358927], [114.350216678, 30.558360896], [114.350195678, 30.558367896], [114.350190655, 30.558369776], [114.350178654, 30.558374777], [114.350173571, 30.558377131], [114.35016874, 30.558379852], [114.350164196, 30.558382919], [114.350145197, 30.558396918], [114.350140299, 30.558400911], [114.350135888, 30.558405303], [114.350132011, 30.558410055], [114.350128704, 30.558415116], [114.350117703, 30.558434116], [114.350115407, 30.558438535], [114.350113548, 30.558443104], [114.350112136, 30.558447789], [114.350105135, 30.55847579], [114.3501038, 30.558483847], [114.350100799, 30.558519848], [114.350100729, 30.558520797], [114.350083585, 30.558787754]]]}, "properties": {"id": 3568, "land_type": "医疗卫生用地"}}, {"type": "Feature", "geometry": {"type": "Polygon", "coordinates": [[[114.350825752, 30.55851013], [114.350782257, 30.558865591], [114.350217712, 30.558800607], [114.35023524, 30.558527679], [114.350237862, 30.558496222], [114.35024208, 30.558479349], [114.350243195, 30.558477424], [114.350245186, 30.558475958], [114.350246878, 30.558475252], [114.350254882, 30.558472584], [114.350268681, 30.558472108], [114.350825752, 30.55851013]]]}, "properties": {"id": 3569, "land_type": "商务办公用地"}}, {"type": "Feature", "geometry": {"type": "Polygon", "coordinates": [[[114.351223508, 30.558910745], [114.350915988, 30.558879992], [114.350960971, 30.558512383], [114.350993473, 30.558510939], [114.350997957, 30.55851061], [114.351283819, 30.55848133], [114.351223508, 30.558910745]]]}, "properties": {"id": 3570, "land_type": "教育用地"}}, {"type": "Feature", "geometry": {"type": "Polygon", "coordinates": [[[114.353267118, 30.567515382], [114.353260253, 30.567516172], [114.352627253, 30.567617772], [114.352619845, 30.567619339], [114.351815146, 30.567831839], [114.351808957, 30.567833762], [114.351803015, 30.567836198], [114.351797378, 30.567839119], [114.351387427, 30.568075811], [114.352148648, 30.567578264], [114.352319558, 30.567467321], [114.35232089, 30.567466434], [114.35247889, 30.567358435], [114.352479036, 30.567358324], [114.352479193, 30.567358227], [114.353053053, 30.566961324], [114.353644912, 30.56655642], [114.353646747, 30.566555033], [114.353648621, 30.566553687], [114.353649229, 30.566553156], [114.353649881, 30.566552664], [114.353651549, 30.566551129], [114.353653261, 30.566549631], [114.353653806, 30.566549051], [114.353654398, 30.566548506], [114.353655883, 30.566546838], [114.353657417, 30.566545204], [114.353657893, 30.566544581], [114.35365842, 30.566543989], [114.353659707, 30.566542203], [114.353661049, 30.566540446], [114.353683838, 30.566507139], [114.353685504, 30.566505894], [114.353690049, 30.566501759], [114.353694101, 30.566497261], [114.353697621, 30.566492442], [114.353700576, 30.566487349], [114.353702937, 30.566482031], [114.353704681, 30.56647654], [114.353705156, 30.566474141], [114.353705384, 30.566473668], [114.353707235, 30.566468501], [114.35370852, 30.566463207], [114.353709227, 30.566457834], [114.353714226, 30.566392833], [114.353714342, 30.566387224], [114.353713829, 30.566381632], [114.353712689, 30.566376108], [114.353694689, 30.566308108], [114.35369256, 30.56630176], [114.353689607, 30.566295661], [114.353685868, 30.566289891], [114.353609868, 30.566186891], [114.353606135, 30.566182332], [114.353405259, 30.565960468], [114.353317587, 30.565862443], [114.353408414, 30.565796093], [114.35420214, 30.565267941], [114.354358296, 30.565164501], [114.354418492, 30.565127002], [114.354423492, 30.565123565], [114.35442809, 30.565119734], [114.354432246, 30.565115545], [114.35443592, 30.565111037], [114.354439083, 30.565106248], [114.354441704, 30.565101223], [114.354443758, 30.565096006], [114.35445876, 30.565051005], [114.354460132, 30.565046088], [114.354461002, 30.565041086], [114.354461363, 30.565036037], [114.354461213, 30.565030981], [114.354456212, 30.564968981], [114.354455371, 30.564963025], [114.35445382, 30.564957176], [114.354451575, 30.564951496], [114.35444866, 30.564946046], [114.35440966, 30.564882045], [114.354406572, 30.564877492], [114.354403015, 30.5648732], [114.35420921, 30.564660414], [114.353941403, 30.56436063], [114.353937155, 30.564356326], [114.353851155, 30.564277326], [114.353846887, 30.564273738], [114.353842267, 30.564270489], [114.353837331, 30.564267604], [114.35377133, 30.564232603], [114.353764514, 30.564229438], [114.353757319, 30.564226967], [114.353663319, 30.564199969], [114.353657042, 30.564198452], [114.353650623, 30.564197465], [114.353560623, 30.564187464], [114.353554586, 30.564187029], [114.353548527, 30.564187064], [114.353413527, 30.564193064], [114.353406518, 30.564193694], [114.353399623, 30.56419495], [114.353392918, 30.564196819], [114.353304919, 30.56422582], [114.353299205, 30.564227968], [114.353293747, 30.564230563], [114.353288592, 30.564233579], [114.353064908, 30.564377944], [114.353025911, 30.56432495], [114.35302201, 30.564320194], [114.353017574, 30.564315799], [114.352969573, 30.564272799], [114.352964683, 30.564268834], [114.352959359, 30.564265308], [114.352953652, 30.564262256], [114.352947622, 30.564259708], [114.352866621, 30.564229708], [114.352860295, 30.564227681], [114.352735958, 30.564193862], [114.352592615, 30.564152054], [114.352586256, 30.564150494], [114.35257975, 30.564149478], [114.35257316, 30.564149017], [114.35256655, 30.564149114], [114.352559982, 30.564149768], [114.352553521, 30.564150973], [114.352547227, 30.564152718], [114.352541162, 30.564154987], [114.352535386, 30.564157756], [114.35252995, 30.564160998], [114.352524912, 30.564164684], [114.352520317, 30.564168778], [114.35251621, 30.564173239], [114.352512631, 30.564178025], [114.352509614, 30.564183091], [114.352507188, 30.564188387], [114.352505376, 30.564193863], [114.352504196, 30.564199465], [114.352503661, 30.564205139], [114.352503774, 30.564210832], [114.352504534, 30.564216487], [114.352505933, 30.564222051], [114.35250796, 30.56422747], [114.352510593, 30.564232692], [114.352513809, 30.564237666], [114.352517576, 30.564242346], [114.352521856, 30.564246684], [114.35252661, 30.564250641], [114.352531792, 30.564254177], [114.352537351, 30.564257259], [114.352543234, 30.564259857], [114.352549385, 30.564261946], [114.352693386, 30.564303946], [114.352694706, 30.564304318], [114.352816482, 30.564337442], [114.352881866, 30.564361658], [114.352915723, 30.564391988], [114.352956987, 30.564448066], [114.352438213, 30.564787826], [114.352438043, 30.564787949], [114.35243786, 30.564788059], [114.352369291, 30.564833584], [114.352010414, 30.564431641], [114.352010316, 30.564431532], [114.351714334, 30.564101668], [114.351495375, 30.563830955], [114.351169462, 30.563424063], [114.351168512, 30.563422906], [114.351017511, 30.563243906], [114.351012969, 30.563239086], [114.351007856, 30.563234713], [114.350936029, 30.563179528], [114.350965856, 30.56317217], [114.350972485, 30.563170207], [114.350978843, 30.563167662], [114.350984858, 30.563164563], [114.350990467, 30.563160942], [114.351238429, 30.562982766], [114.351794719, 30.562637482], [114.352022158, 30.562503579], [114.352106803, 30.562464078], [114.352175221, 30.562437835], [114.352581283, 30.562311064], [114.352819179, 30.562248876], [114.353183772, 30.562168188], [114.353190087, 30.562166502], [114.35319618, 30.56216429], [114.353201991, 30.562161576], [114.353207466, 30.562158385], [114.353212552, 30.562154746], [114.353217198, 30.562150695], [114.353221361, 30.562146273], [114.353225, 30.56214152], [114.353228081, 30.562136482], [114.353230573, 30.562131209], [114.353231509, 30.562128497], [114.353814541, 30.56200216], [114.353820867, 30.562000501], [114.353826972, 30.561998317], [114.3538328, 30.561995628], [114.353838293, 30.56199246], [114.3538434, 30.561988844], [114.35384807, 30.561984813], [114.353852259, 30.561980408], [114.353855926, 30.561975671], [114.353859036, 30.561970647], [114.35386156, 30.561965385], [114.353863472, 30.561959935], [114.353864755, 30.56195435], [114.353865396, 30.561948683], [114.353865389, 30.56194299], [114.353864733, 30.561937325], [114.353863437, 30.561931742], [114.35386151, 30.561926297], [114.353858973, 30.561921038], [114.35385585, 30.56191602], [114.353852171, 30.56191129], [114.353847972, 30.561906894], [114.353843291, 30.561902872], [114.353838175, 30.561899265], [114.353832674, 30.561896107], [114.353826839, 30.561893428], [114.353820728, 30.561891255], [114.353814399, 30.561889609], [114.353807913, 30.561888504], [114.353801333, 30.561887953], [114.35379472, 30.561887959], [114.353788141, 30.561888523], [114.353781657, 30.56188964], [114.351988759, 30.562278139], [114.351982457, 30.562279791], [114.351976373, 30.562281965], [114.351970564, 30.56228464], [114.351965086, 30.562287789], [114.351959993, 30.562291385], [114.351601296, 30.562570904], [114.351155762, 30.562891048], [114.350852071, 30.563079546], [114.350766403, 30.56310068], [114.350761189, 30.563096551], [114.350724904, 30.563063895], [114.35042134, 30.562732553], [114.349855822, 30.562087523], [114.349734233, 30.561894355], [114.349729534, 30.561887932], [114.349622534, 30.561760933], [114.349617581, 30.561755719], [114.34961196, 30.561751036], [114.349478944, 30.561652422], [114.350059607, 30.56124933], [114.350633845, 30.5609004], [114.350636358, 30.560898798], [114.350863358, 30.560746797], [114.350867681, 30.560743644], [114.351042681, 30.560604643], [114.351047498, 30.560600405], [114.351051787, 30.560595765], [114.351179787, 30.560441765], [114.351184532, 30.560435165], [114.351256532, 30.560318165], [114.351259184, 30.560313329], [114.351261307, 30.560308304], [114.351306307, 30.560184303], [114.351307646, 30.560180057], [114.351308605, 30.560175735], [114.351386605, 30.559734735], [114.351387279, 30.559729071], [114.351387304, 30.559723378], [114.351386682, 30.55971771], [114.351385418, 30.559712122], [114.351383522, 30.559706667], [114.351381016, 30.559701399], [114.351377922, 30.559696367], [114.351374271, 30.559691622], [114.351370096, 30.559687206], [114.351365439, 30.559683165], [114.351360344, 30.559679536], [114.351354861, 30.559676355], [114.351349042, 30.559673651], [114.351342944, 30.559671452], [114.351336624, 30.559669778], [114.351330144, 30.559668646], [114.351323567, 30.559668066], [114.351316956, 30.559668044], [114.351310372, 30.55966858], [114.351303883, 30.559669669], [114.351297548, 30.5596713], [114.351291431, 30.559673459], [114.351285587, 30.559676123], [114.351280076, 30.559679268], [114.351274948, 30.559682862], [114.351270256, 30.559686872], [114.35126604, 30.559691259], [114.351262346, 30.559695981], [114.351259207, 30.559700992], [114.351256653, 30.559706244], [114.35125471, 30.559711685], [114.351253394, 30.559717265], [114.351176165, 30.560153905], [114.351134551, 30.560268575], [114.351067583, 30.560377398], [114.350946237, 30.560523393], [114.350778404, 30.560656701], [114.350554876, 30.560806375], [114.349980155, 30.561155599], [114.349976715, 30.561157835], [114.349342107, 30.561598373], [114.349289006, 30.561597012], [114.349281747, 30.561597163], [114.34927455, 30.561597985], [114.349267498, 30.561599469], [114.349171497, 30.56162447], [114.349165102, 30.561626444], [114.34915897, 30.561628961], [114.349153164, 30.561631997], [114.349076164, 30.561676998], [114.349073669, 30.561678529], [114.348958739, 30.561752484], [114.346297003, 30.563456035], [114.346273394, 30.563430613], [114.349016099, 30.561569668], [114.349017883, 30.561568414], [114.349112583, 30.561499514], [114.350639696, 30.560387906], [114.350644116, 30.560384385], [114.350648155, 30.560380536], [114.350801755, 30.560220336], [114.350805685, 30.560215803], [114.350809084, 30.560210963], [114.350811919, 30.560205861], [114.350906619, 30.560011661], [114.350909016, 30.560005918], [114.350910698, 30.559999991], [114.350969198, 30.559733891], [114.350969828, 30.559730474], [114.350995826, 30.559555774], [114.350995989, 30.559554587], [114.351038592, 30.559212577], [114.351149802, 30.559224536], [114.352953864, 30.559418087], [114.352956628, 30.559422416], [114.352960366, 30.559427111], [114.352964621, 30.559431469], [114.352969352, 30.559435447], [114.352974512, 30.559439007], [114.352980053, 30.559442113], [114.352985921, 30.559444737], [114.352992059, 30.559446853], [114.352998409, 30.55944844], [114.353004907, 30.559449485], [114.353959907, 30.559561484], [114.353960789, 30.559561582], [114.354187789, 30.559585583], [114.354196, 30.559586015], [114.354473, 30.559586015], [114.354474434, 30.559586002], [114.354505561, 30.559585432], [114.354567893, 30.559786694], [114.35479812, 30.560593433], [114.354800943, 30.560602309], [114.354952236, 30.561032822], [114.354961335, 30.561071872], [114.354652337, 30.561171682], [114.354646268, 30.56117394], [114.354640485, 30.5611767], [114.354635045, 30.561179935], [114.354629998, 30.561183613], [114.354625395, 30.5611877], [114.354621279, 30.561192156], [114.35461769, 30.561196937], [114.354614662, 30.561201998], [114.354612225, 30.56120729], [114.354610403, 30.561212764], [114.354609213, 30.561218364], [114.354608665, 30.561224038], [114.354608766, 30.56122973], [114.354609515, 30.561235387], [114.354610902, 30.561240953], [114.354612919, 30.561246376], [114.354615541, 30.561251602], [114.354618747, 30.561256581], [114.354622505, 30.561261266], [114.354626775, 30.561265611], [114.354631521, 30.561269575], [114.354636696, 30.56127312], [114.354642249, 30.56127621], [114.354648127, 30.561278816], [114.354654273, 30.561280915], [114.354660629, 30.561282484], [114.354667132, 30.56128351], [114.354673722, 30.561283981], [114.354680333, 30.561283894], [114.354686901, 30.56128325], [114.354693366, 30.561282054], [114.354699663, 30.561280319], [114.35498819, 30.561187122], [114.355113929, 30.561726739], [114.355117633, 30.561739938], [114.355122519, 30.561752849], [114.355358519, 30.562302548], [114.355365889, 30.562317521], [114.355374848, 30.562331837], [114.355526548, 30.562549236], [114.35553354, 30.56255857], [114.355707841, 30.56277567], [114.355710657, 30.562779089], [114.35586155, 30.56295768], [114.356053706, 30.563185173], [114.356793674, 30.564071674], [114.356795618, 30.564073962], [114.356863375, 30.564152409], [114.356722648, 30.564236303], [114.356722122, 30.56423662], [114.356436122, 30.564410621], [114.356429877, 30.56441492], [114.356336124, 30.564487729], [114.355959375, 30.564774539], [114.355956288, 30.56477704], [114.355934289, 30.56479604], [114.355930202, 30.564799903], [114.355926537, 30.564804066], [114.355923321, 30.564808496], [114.35590432, 30.564837495], [114.355901761, 30.564841811], [114.355899631, 30.564846298], [114.355888225, 30.564873497], [114.355874972, 30.56489512], [114.355859932, 30.56491016], [114.355805687, 30.564947856], [114.355803506, 30.564949439], [114.355700578, 30.565027384], [114.355530651, 30.565155329], [114.355525892, 30.565159282], [114.355521608, 30.565163619], [114.355517837, 30.565168295], [114.355514618, 30.565173266], [114.355511979, 30.565178487], [114.355509947, 30.565183905], [114.355508542, 30.565189468], [114.355507776, 30.565195123], [114.35550766, 30.565200814], [114.35550819, 30.565206489], [114.355509364, 30.565212092], [114.355511171, 30.565217568], [114.355513591, 30.565222866], [114.355516604, 30.565227934], [114.355520179, 30.565232723], [114.355524283, 30.565237187], [114.355528874, 30.565241283], [114.355533909, 30.565244973], [114.35553934, 30.56524822], [114.355545115, 30.565250992], [114.355551177, 30.565253264], [114.355557469, 30.565255014], [114.355563929, 30.565256223], [114.355570497, 30.565256883], [114.355577108, 30.565256983], [114.355583698, 30.565256527], [114.355590206, 30.565255515], [114.355596566, 30.56525396], [114.355602718, 30.565251874], [114.355608603, 30.565249282], [114.355614165, 30.565246202], [114.35561935, 30.56524267], [114.35578935, 30.56511467], [114.355789494, 30.565114561], [114.355891423, 30.565037373], [114.355949313, 30.564997144], [114.355953875, 30.564993668], [114.355958055, 30.564989853], [114.355982056, 30.564965853], [114.355986674, 30.564960671], [114.355987019, 30.564960177], [114.356005016, 30.565007168], [114.356007655, 30.565012985], [114.356011005, 30.565018525], [114.356015026, 30.565023721], [114.356415027, 30.565484722], [114.356419985, 30.565489803], [114.356465985, 30.565531801], [114.356470694, 30.565535703], [114.35647582, 30.565539193], [114.356481314, 30.565542239], [114.356487126, 30.565544814], [114.356533127, 30.565562814], [114.356534207, 30.565563183], [114.356535259, 30.565563611], [114.356537279, 30.565564231], [114.356539273, 30.565564911], [114.356540391, 30.565565187], [114.356541486, 30.565565525], [114.356543567, 30.565565972], [114.356545628, 30.565566481], [114.356546772, 30.565566662], [114.356547901, 30.565566904], [114.356550022, 30.565567174], [114.356552132, 30.565567507], [114.356553291, 30.565567589], [114.356554442, 30.565567736], [114.356556583, 30.565567825], [114.356558721, 30.565567978], [114.356559883, 30.565567963], [114.356561045, 30.565568011], [114.356563188, 30.56556792], [114.356565332, 30.565567892], [114.356566487, 30.565567778], [114.356567649, 30.565567729], [114.356569771, 30.565567456], [114.356571901, 30.565567248], [114.356573038, 30.565567037], [114.356574188, 30.565566889], [114.356638188, 30.565555889], [114.356644055, 30.565554644], [114.356649769, 30.565552949], [114.356655283, 30.565550822], [114.356660554, 30.565548277], [114.356665539, 30.565545335], [114.356702538, 30.565521336], [114.356706708, 30.565518398], [114.356710591, 30.565515184], [114.356739592, 30.565489185], [114.356744184, 30.565484614], [114.356770509, 30.565455467], [114.356801666, 30.5654262], [114.356804789, 30.565423048], [114.356838974, 30.565385932], [114.357174088, 30.565049821], [114.35726597, 30.564957937], [114.357314826, 30.564927293], [114.356864519, 30.565386578], [114.356860904, 30.565390612], [114.356857714, 30.565394903], [114.356655714, 30.565694902], [114.356652515, 30.565700281], [114.356649984, 30.565705917], [114.356648146, 30.565711749], [114.356647024, 30.565717714], [114.356627024, 30.565875714], [114.356626959, 30.565876247], [114.356591647, 30.566181313], [114.356579287, 30.56621521], [114.356540403, 30.566203994], [114.35653354, 30.566202355], [114.356526513, 30.56620135], [114.356319513, 30.566181351], [114.356319397, 30.566181339], [114.355951398, 30.566146339], [114.355943185, 30.566145993], [114.355751185, 30.566147993], [114.355748295, 30.566148077], [114.355495508, 30.566160066], [114.355352721, 30.566166057], [114.355346907, 30.56616652], [114.355184907, 30.56618552], [114.355183147, 30.566185747], [114.354998146, 30.566211746], [114.354992147, 30.566212833], [114.354986287, 30.566214385], [114.354980615, 30.566216388], [114.354920615, 30.566240388], [114.354914094, 30.566243381], [114.354907993, 30.566246971], [114.354902385, 30.566251115], [114.354897338, 30.566255762], [114.354862339, 30.566291762], [114.354858208, 30.566296479], [114.354854656, 30.566301534], [114.354851719, 30.566306874], [114.354828719, 30.566354875], [114.354826469, 30.566360326], [114.354824861, 30.566365942], [114.354823912, 30.566371669], [114.354823628, 30.566377449], [114.354829628, 30.567045449], [114.354830241, 30.567052814], [114.354848241, 30.567166815], [114.354849421, 30.567172297], [114.354851207, 30.567177657], [114.354853582, 30.567182846], [114.354856524, 30.567187813], [114.354860007, 30.567192514], [114.354863999, 30.567196905], [114.35486846, 30.567200946], [114.35493046, 30.567251946], [114.354935141, 30.567255456], [114.354940177, 30.567258579], [114.354945525, 30.567261291], [114.35495114, 30.567263567], [114.355046141, 30.567297568], [114.355051601, 30.567299288], [114.355057213, 30.567300597], [114.355062935, 30.567301484], [114.355068725, 30.567301943], [114.355235723, 30.567308941], [114.355235828, 30.567308947], [114.355580849, 30.567322947], [114.356078861, 30.567342947], [114.356081452, 30.567343009], [114.356224452, 30.567344009], [114.356230259, 30.567343833], [114.356236028, 30.567343229], [114.356306027, 30.567333229], [114.356312747, 30.567331962], [114.356319282, 30.567330111], [114.356325564, 30.567327698], [114.356331528, 30.567324744], [114.356385126, 30.567294968], [114.356436723, 30.567267186], [114.356441631, 30.567264276], [114.35644622, 30.567261004], [114.356450456, 30.567257396], [114.356550977, 30.567163841], [114.356643487, 30.567081278], [114.356644484, 30.56708037], [114.356688483, 30.56703937], [114.356690718, 30.56703718], [114.356722716, 30.56700418], [114.356726632, 30.566999722], [114.356730032, 30.566994961], [114.356732883, 30.566989939], [114.356754883, 30.566945939], [114.356757209, 30.566940569], [114.35675891, 30.566935028], [114.356790909, 30.566805029], [114.356791778, 30.566800694], [114.356814779, 30.566652693], [114.356815289, 30.566647914], [114.356815339, 30.566643116], [114.356813338, 30.566590116], [114.356812831, 30.566584653], [114.356811728, 30.566579256], [114.356794728, 30.566514255], [114.356791909, 30.566506233], [114.356730906, 30.566369227], [114.356694311, 30.566287092], [114.356722281, 30.566210375], [114.356724008, 30.566204625], [114.356725041, 30.566198753], [114.356761011, 30.56588802], [114.356779434, 30.565742482], [114.35697131, 30.565457518], [114.357513121, 30.564904904], [114.358140402, 30.565647127], [114.358200854, 30.565838644], [114.35820121, 30.565839585], [114.358201469, 30.565840548], [114.358204277, 30.565847704], [114.35820699, 30.565854886], [114.35820745, 30.565855793], [114.358207818, 30.565856729], [114.358211426, 30.565863613], [114.358214944, 30.565870531], [114.358215506, 30.565871394], [114.358215978, 30.565872295], [114.358220353, 30.565878842], [114.358224642, 30.565885431], [114.358225298, 30.565886242], [114.35822587, 30.565887099], [114.358338403, 30.566037852], [114.358325343, 30.566069667], [114.358268547, 30.566127977], [114.357561942, 30.566684184], [114.357556366, 30.566689128], [114.357451265, 30.566794128], [114.357449566, 30.566795896], [114.357189662, 30.567077342], [114.357064382, 30.567167236], [114.357019131, 30.567180471], [114.357013468, 30.567182377], [114.357008028, 30.567184714], [114.357002854, 30.567187465], [114.356941854, 30.567223266], [114.356936034, 30.567227097], [114.35693073, 30.56723145], [114.356926007, 30.567236273], [114.35692192, 30.567241509], [114.356881719, 30.567299609], [114.356878501, 30.567304854], [114.35687592, 30.567310355], [114.356874006, 30.567316054], [114.356859707, 30.567368554], [114.356858545, 30.567373958], [114.356857983, 30.567379432], [114.356856698, 30.567406481], [114.356657031, 30.567533663], [114.356650016, 30.567538807], [114.356025472, 30.568064213], [114.355783984, 30.567770576], [114.35577995, 30.567766144], [114.355775437, 30.567762069], [114.355770486, 30.567758391], [114.355765144, 30.567755144], [114.355759461, 30.567752357], [114.35575349, 30.567750058], [114.35574729, 30.567748268], [114.35492009, 30.567547369], [114.354914551, 30.567546238], [114.354908922, 30.567545514], [114.35490324, 30.567545203], [114.35327404, 30.567515203], [114.353267118, 30.567515382]]]}, "properties": {"id": 3571, "land_type": "居住用地"}}, {"type": "Feature", "geometry": {"type": "Polygon", "coordinates": [[[114.348431811, 30.556978496], [114.34824644, 30.556979985], [114.347931459, 30.556981966], [114.347579581, 30.556957597], [114.347370567, 30.55690899], [114.347368397, 30.556908518], [114.347274397, 30.556889518], [114.347271241, 30.556888948], [114.347227241, 30.556881949], [114.347221946, 30.556881291], [114.347216608, 30.556880999], [114.347075349, 30.556878097], [114.347049763, 30.556874441], [114.347041806, 30.556872271], [114.347040292, 30.556871382], [114.34703825, 30.556869339], [114.347027938, 30.556857814], [114.347025597, 30.556852869], [114.347019964, 30.556817467], [114.347015104, 30.556770816], [114.347014857, 30.556769291], [114.34701469, 30.556767757], [114.346966408, 30.556478062], [114.346985071, 30.556466186], [114.347015723, 30.556452103], [114.34705883, 30.556435388], [114.347166834, 30.55640677], [114.347232502, 30.556398563], [114.347312671, 30.556391017], [114.347406323, 30.556391017], [114.347641769, 30.556407157], [114.34805853, 30.556547056], [114.348065928, 30.556549124], [114.348073553, 30.556550444], [114.348155553, 30.556560444], [114.348157193, 30.556560573], [114.348158823, 30.556560773], [114.348159398, 30.556560794], [114.348159969, 30.556560855], [114.348161055, 30.556560879], [114.348162137, 30.556560965], [114.348163783, 30.556560956], [114.348165428, 30.556561016], [114.348166004, 30.556560988], [114.348166579, 30.556561001], [114.348167663, 30.556560933], [114.348168749, 30.556560927], [114.348170386, 30.556560779], [114.34817203, 30.5565607], [114.348172598, 30.556560625], [114.348173174, 30.556560589], [114.348211173, 30.556556589], [114.348216103, 30.55655591], [114.348292559, 30.556542856], [114.348366244, 30.556541059], [114.348456423, 30.556545004], [114.348431811, 30.556978496]]]}, "properties": {"id": 3617, "land_type": "商业服务用地"}}, {"type": "Feature", "geometry": {"type": "Polygon", "coordinates": [[[114.348416321, 30.557111243], [114.348202274, 30.557105016], [114.34820161, 30.557105024], [114.348200948, 30.557104989], [114.346802855, 30.557088047], [114.346576701, 30.557056719], [114.346185669, 30.557002715], [114.345721817, 30.556938872], [114.345660283, 30.55692846], [114.345630208, 30.556921478], [114.345617926, 30.55690633], [114.345606239, 30.556883736], [114.345595948, 30.55686078], [114.345582082, 30.556800691], [114.345581885, 30.556800017], [114.345581748, 30.556799332], [114.345569354, 30.556751631], [114.346364576, 30.556827664], [114.346364761, 30.556827675], [114.346364935, 30.556827698], [114.34636805, 30.556827848], [114.346371174, 30.556828013], [114.34688649, 30.55683338], [114.346893251, 30.556875875], [114.346894248, 30.556880654], [114.346895708, 30.556885344], [114.346897616, 30.556889911], [114.346906615, 30.556908911], [114.346909147, 30.556913638], [114.346912161, 30.556918149], [114.346915631, 30.556922411], [114.346932632, 30.556941411], [114.346934948, 30.556943858], [114.346943947, 30.556952858], [114.346947953, 30.556956529], [114.346952314, 30.556959886], [114.346956995, 30.556962906], [114.346973995, 30.556972906], [114.346979595, 30.556975866], [114.346985501, 30.556978341], [114.34699166, 30.556980309], [114.34701366, 30.55698631], [114.347022973, 30.556988234], [114.347057972, 30.556993235], [114.347067393, 30.556994001], [114.347208032, 30.55699689], [114.347245174, 30.5570028], [114.347336515, 30.557021262], [114.347550435, 30.557071011], [114.347556468, 30.557072161], [114.3475626, 30.55707283], [114.347923599, 30.557097831], [114.347929492, 30.557098015], [114.348247492, 30.557096015], [114.348247629, 30.557096014], [114.348418903, 30.557094639], [114.348416321, 30.557111243]]]}, "properties": {"id": 3618, "land_type": "居住用地"}}, {"type": "Feature", "geometry": {"type": "Polygon", "coordinates": [[[114.362495717, 30.542977468], [114.362501426, 30.542981972], [114.362773426, 30.543172972], [114.362773522, 30.543173039], [114.363239521, 30.543499039], [114.363246718, 30.543503433], [114.363399719, 30.543584432], [114.363401038, 30.543585114], [114.363588038, 30.543679113], [114.363592767, 30.543681278], [114.363597682, 30.543683113], [114.363683595, 30.543711751], [114.363582642, 30.543708202], [114.363506328, 30.543695439], [114.363363326, 30.543657329], [114.363195948, 30.543594313], [114.363021097, 30.543500656], [114.362858203, 30.543363852], [114.362693123, 30.543212388], [114.36269152, 30.543210966], [114.362441829, 30.54299701], [114.362432225, 30.542921279], [114.362495717, 30.542977468]]]}, "properties": {"id": 3619, "land_type": "公园与绿地用地"}}, {"type": "Feature", "geometry": {"type": "Polygon", "coordinates": [[[114.355676336, 30.530863868], [114.355225374, 30.530865963], [114.355225374, 30.530284], [114.355225374, 30.530018], [114.355225367, 30.530017877], [114.355225373, 30.530017754], [114.355225371, 30.530017717], [114.355225373, 30.530017679], [114.355219744, 30.529139671], [114.356251402, 30.529134138], [114.356248227, 30.529813063], [114.356246227, 30.530228859], [114.356243294, 30.53086565], [114.355723254, 30.530863968], [114.355723169, 30.530863967], [114.355676869, 30.530863867], [114.355676336, 30.530863868]]]}, "properties": {"id": 3776, "land_type": "体育与文化用地"}}, {"type": "Feature", "geometry": {"type": "Polygon", "coordinates": [[[114.348678945, 30.5584324], [114.348672428, 30.558433357], [114.34866605, 30.558434859], [114.348659875, 30.558436893], [114.348653961, 30.558439438], [114.348648364, 30.55844247], [114.348643141, 30.55844596], [114.348638339, 30.558449874], [114.348634005, 30.558454174], [114.348630183, 30.558458819], [114.348626908, 30.558463765], [114.348624212, 30.558468964], [114.348622119, 30.558474365], [114.348620651, 30.558479916], [114.348619823, 30.558485565], [114.348619641, 30.558491256], [114.34862011, 30.558496935], [114.348621221, 30.558502547], [114.348622966, 30.558508039], [114.348625328, 30.558513357], [114.348628284, 30.55851845], [114.348631805, 30.558523268], [114.348635857, 30.558527768], [114.348640402, 30.558531902], [114.348645396, 30.558535634], [114.34865079, 30.558538925], [114.348656534, 30.558541746], [114.348662571, 30.558544068], [114.348668843, 30.558545869], [114.348675291, 30.558547133], [114.348975857, 30.558592812], [114.348979434, 30.55859745], [114.348981927, 30.558608487], [114.34897826, 30.558637821], [114.348971661, 30.558669873], [114.3489708, 30.558675838], [114.34897066, 30.558681849], [114.348971661, 30.55870885], [114.348972254, 30.558714898], [114.348973577, 30.55872086], [114.348983578, 30.558755861], [114.348984431, 30.55875831], [114.34612816, 30.558451858], [114.346127281, 30.558451766], [114.345244238, 30.558362094], [114.34486659, 30.55831754], [114.344846953, 30.558316473], [114.344614653, 30.558318473], [114.344600455, 30.558319242], [114.344586429, 30.558321296], [114.344372304, 30.55836277], [114.343916844, 30.557856961], [114.343919612, 30.55785489], [114.343924156, 30.557850754], [114.343928207, 30.557846255], [114.343931726, 30.557841435], [114.343934681, 30.557836341], [114.343937041, 30.557831023], [114.343938783, 30.55782553], [114.343939893, 30.557819918], [114.343940359, 30.557814239], [114.343940176, 30.557808547], [114.343939345, 30.557802899], [114.343937876, 30.557797347], [114.343935782, 30.557791948], [114.343933084, 30.55778675], [114.343929806, 30.557781804], [114.343925981, 30.55777716], [114.343478982, 30.55728716], [114.343478814, 30.557286977], [114.343306815, 30.557099978], [114.343304797, 30.557097992], [114.343302795, 30.557095995], [114.343302619, 30.557095851], [114.343302459, 30.557095693], [114.343300225, 30.557093888], [114.343298007, 30.557092069], [114.343297815, 30.557091941], [114.343297638, 30.557091798], [114.343295211, 30.55709019], [114.343292795, 30.557088565], [114.34329259, 30.557088455], [114.343292398, 30.557088327], [114.343289797, 30.557086932], [114.343287208, 30.55708552], [114.343286992, 30.557085426], [114.343286786, 30.557085316], [114.343284039, 30.557084146], [114.343281303, 30.557082961], [114.343281076, 30.557082884], [114.343280858, 30.557082793], [114.343277992, 30.557081861], [114.343275134, 30.557080911], [114.3432749, 30.557080855], [114.343274674, 30.557080782], [114.343271715, 30.557080096], [114.343268762, 30.557079393], [114.343268523, 30.557079357], [114.343268289, 30.557079302], [114.343265266, 30.557078871], [114.343262248, 30.557078419], [114.343262006, 30.557078404], [114.343261766, 30.55707837], [114.343258709, 30.557078194], [114.343255654, 30.557078], [114.343255411, 30.557078006], [114.343255168, 30.557077992], [114.343252107, 30.557078076], [114.343249044, 30.55707814], [114.343248803, 30.557078166], [114.343248561, 30.557078172], [114.343245522, 30.557078515], [114.343242482, 30.557078837], [114.343219298, 30.557082302], [114.343043844, 30.55688745], [114.342456828, 30.556235488], [114.342521518, 30.556188253], [114.342602291, 30.556129246], [114.342751772, 30.556020515], [114.342751871, 30.556021097], [114.342753414, 30.556026516], [114.342763415, 30.556055516], [114.342765857, 30.556061414], [114.342769024, 30.55606705], [114.342862023, 30.55621205], [114.34286212, 30.556212183], [114.342862201, 30.556212324], [114.3430142, 30.556446324], [114.343016792, 30.556449989], [114.343019693, 30.55645348], [114.343352693, 30.55682448], [114.343352999, 30.556824788], [114.343353272, 30.556825115], [114.343704273, 30.557205116], [114.343705652, 30.557206467], [114.343706973, 30.557207861], [114.34370763, 30.557208428], [114.343708237, 30.557209034], [114.343739237, 30.557237034], [114.343744988, 30.557241655], [114.343751324, 30.557245667], [114.343785324, 30.557264667], [114.34378628, 30.557265192], [114.34382528, 30.557286191], [114.343828901, 30.55728801], [114.343843901, 30.557295008], [114.343850766, 30.557297794], [114.343873767, 30.557305794], [114.34388284, 30.557308323], [114.34392984, 30.557318323], [114.343936598, 30.557319448], [114.343943455, 30.557319975], [114.343950337, 30.557319896], [114.343968339, 30.557318896], [114.343969199, 30.557318843], [114.343999198, 30.557316845], [114.344008165, 30.557315721], [114.344034617, 30.557310822], [114.344081065, 30.557302915], [114.344088859, 30.557301166], [114.344096355, 30.557298628], [114.344519355, 30.557129628], [114.344521284, 30.557128825], [114.344551285, 30.557115826], [114.344553949, 30.557114606], [114.344582948, 30.557100606], [114.344583491, 30.557100312], [114.34458406, 30.557100057], [114.344586292, 30.557098801], [114.34458855, 30.557097581], [114.344589057, 30.557097244], [114.344589593, 30.557096941], [114.344591671, 30.557095503], [114.344593779, 30.557094098], [114.344594246, 30.557093719], [114.344594746, 30.557093372], [114.34459665, 30.557091766], [114.344598588, 30.557090191], [114.34459901, 30.557089774], [114.344599468, 30.557089387], [114.344601179, 30.557087627], [114.344602929, 30.557085896], [114.344603301, 30.557085446], [114.344603712, 30.557085022], [114.344605216, 30.557083126], [114.34460676, 30.557081256], [114.34460708, 30.557080776], [114.34460744, 30.55708032], [114.344608721, 30.557078307], [114.344610045, 30.557076314], [114.344610307, 30.55707581], [114.344610615, 30.557075326], [114.34461166, 30.557073214], [114.344612751, 30.557071119], [114.344612954, 30.557070596], [114.344613206, 30.557070088], [114.344622207, 30.557049087], [114.344624074, 30.55704403], [114.344625396, 30.557038847], [114.344628396, 30.557023847], [114.344629215, 30.557017984], [114.344629337, 30.557012079], [114.344628337, 30.55698608], [114.344627601, 30.556979239], [114.344625932, 30.556972521], [114.344616932, 30.556944523], [114.34461524, 30.556939991], [114.344613122, 30.556935594], [114.344592324, 30.556896968], [114.344566863, 30.556847863], [114.344560301, 30.556825721], [114.344830344, 30.556756621], [114.344894585, 30.556754017], [114.344945457, 30.556754017], [114.344997263, 30.556760061], [114.345458238, 30.556859362], [114.345464919, 30.556888308], [114.345466293, 30.55689316], [114.345468147, 30.556897892], [114.345481146, 30.556926892], [114.345482455, 30.556929607], [114.345497456, 30.556958607], [114.345500342, 30.556963539], [114.345503758, 30.556968213], [114.345533759, 30.557005214], [114.34553398, 30.557005459], [114.345534175, 30.557005721], [114.345536003, 30.55700771], [114.345537805, 30.557009716], [114.345538054, 30.557009942], [114.345538277, 30.557010187], [114.345540323, 30.557012011], [114.345542345, 30.557013855], [114.345542617, 30.557014059], [114.345542869, 30.557014283], [114.345545112, 30.557015927], [114.345547333, 30.557017592], [114.345547628, 30.557017772], [114.345547904, 30.557017974], [114.345550323, 30.55701942], [114.345552723, 30.557020889], [114.345553038, 30.557021043], [114.345553334, 30.557021221], [114.345555907, 30.557022456], [114.345558463, 30.557023715], [114.345558793, 30.557023843], [114.345559108, 30.557023994], [114.345561809, 30.557025006], [114.345564497, 30.557026044], [114.34556484, 30.557026143], [114.345565171, 30.557026268], [114.345567974, 30.557027046], [114.345570766, 30.557027851], [114.345571119, 30.557027921], [114.345571463, 30.557028017], [114.345627462, 30.557041017], [114.345632008, 30.557041928], [114.345697008, 30.557052928], [114.345699366, 30.557053289], [114.346164349, 30.557117287], [114.346555315, 30.557171282], [114.346719643, 30.557194046], [114.346677504, 30.557416667], [114.346677314, 30.557417737], [114.346613313, 30.557800737], [114.346613126, 30.557801945], [114.346578126, 30.558047945], [114.346578113, 30.558048098], [114.346578084, 30.55804825], [114.346577874, 30.558050937], [114.346577645, 30.558053623], [114.34657765, 30.558053776], [114.346577638, 30.55805393], [114.346577734, 30.558056623], [114.346577813, 30.558059315], [114.346577835, 30.558059467], [114.34657784, 30.558059621], [114.346578242, 30.558062292], [114.346578628, 30.558064966], [114.346578667, 30.558065115], [114.34657869, 30.558065267], [114.346579394, 30.558067892], [114.346580082, 30.55807052], [114.346580138, 30.558070665], [114.346580178, 30.558070814], [114.346581178, 30.558073367], [114.346582161, 30.558075924], [114.346582233, 30.558076064], [114.346582289, 30.55807621], [114.346583575, 30.558078665], [114.346584845, 30.558081127], [114.346584933, 30.55808126], [114.346585006, 30.5580814], [114.346586565, 30.558083735], [114.346588109, 30.558086079], [114.346588211, 30.558086204], [114.3465883, 30.558086337], [114.346590116, 30.55808853], [114.34659192, 30.558090731], [114.346592036, 30.558090847], [114.34659214, 30.558090971], [114.346594197, 30.558093], [114.346596243, 30.558095039], [114.346596372, 30.558095145], [114.34659649, 30.55809526], [114.346598768, 30.558097106], [114.346601035, 30.558098962], [114.346601176, 30.558099055], [114.346601306, 30.558099161], [114.346603782, 30.558100805], [114.34660625, 30.558102461], [114.346606401, 30.558102542], [114.346606542, 30.558102636], [114.346609195, 30.558104064], [114.346611839, 30.558105503], [114.346611998, 30.558105572], [114.34661215, 30.558105653], [114.346614953, 30.558106849], [114.346617748, 30.558108058], [114.346617914, 30.558108113], [114.346618073, 30.558108182], [114.346620999, 30.558109136], [114.346623918, 30.558110103], [114.34662409, 30.558110144], [114.346624256, 30.558110198], [114.346627276, 30.558110901], [114.346630292, 30.558111617], [114.346630467, 30.558111643], [114.34663064, 30.558111684], [114.346633724, 30.558112128], [114.346636807, 30.558112586], [114.346636985, 30.558112596], [114.346637161, 30.558112622], [114.347767161, 30.558226622], [114.347773757, 30.558227006], [114.347780365, 30.558226832], [114.347786923, 30.558226101], [114.347793365, 30.55822482], [114.34779963, 30.558223001], [114.347805659, 30.558220662], [114.347811392, 30.558217825], [114.347816773, 30.558214518], [114.347821754, 30.558210774], [114.347826283, 30.558206627], [114.347830319, 30.558202117], [114.347833823, 30.558197288], [114.347836759, 30.558192186], [114.347839101, 30.558186862], [114.347840826, 30.558181367], [114.347841916, 30.558175751], [114.347842363, 30.55817007], [114.347842159, 30.55816438], [114.347841311, 30.558158733], [114.347839822, 30.558153186], [114.347837711, 30.558147791], [114.347834994, 30.5581426], [114.3478317, 30.558137663], [114.34782786, 30.558133029], [114.347823511, 30.55812874], [114.347818694, 30.55812484], [114.347813458, 30.558121364], [114.34780785, 30.558118348], [114.347801927, 30.558115819], [114.347795744, 30.558113802], [114.347789361, 30.558112317], [114.347782839, 30.558111378], [114.34672011, 30.558004164], [114.346746787, 30.557816659], [114.346810598, 30.557434799], [114.346854148, 30.557204715], [114.348198388, 30.557221002], [114.348459621, 30.557228602], [114.348602927, 30.557283448], [114.348652792, 30.557315109], [114.348676656, 30.557341018], [114.348691961, 30.557371629], [114.34870656, 30.557421913], [114.348705628, 30.557521533], [114.348705729, 30.557525201], [114.348717535, 30.557709182], [114.348700707, 30.558005163], [114.348700832, 30.558012528], [114.348702832, 30.558034527], [114.348703777, 30.558040676], [114.348708777, 30.558063676], [114.348710412, 30.558069509], [114.348712737, 30.558075166], [114.34871573, 30.558080586], [114.348719356, 30.55808571], [114.348723578, 30.558090485], [114.348955578, 30.558326484], [114.348960868, 30.558331282], [114.348966757, 30.558335529], [114.34897317, 30.558339173], [114.348990139, 30.558347657], [114.348988669, 30.558476933], [114.34869871, 30.558432866], [114.34869215, 30.558432153], [114.348685541, 30.558431997], [114.348678945, 30.5584324]]]}, "properties": {"id": 3607, "land_type": "教育用地"}}, {"type": "Feature", "geometry": {"type": "Polygon", "coordinates": [[[114.362389329, 30.543651921], [114.362339103, 30.543785323], [114.362330517, 30.543791389], [114.362306379, 30.543798991], [114.362265492, 30.543807945], [114.361883004, 30.543783956], [114.361869266, 30.543778746], [114.361859791, 30.543769641], [114.361857076, 30.543759618], [114.361866223, 30.543698407], [114.361866745, 30.5436927], [114.361866612, 30.543686977], [114.361865825, 30.543681294], [114.361864392, 30.543675704], [114.361862325, 30.543670264], [114.361859647, 30.543665026], [114.361843546, 30.543637326], [114.361840271, 30.543632324], [114.361836438, 30.543627627], [114.361832084, 30.543623279], [114.361830702, 30.543622147], [114.36182848, 30.543619078], [114.36180848, 30.543594078], [114.361804474, 30.543589563], [114.361799975, 30.543585406], [114.361795025, 30.543581647], [114.361789672, 30.543578325], [114.361755672, 30.543559325], [114.361749985, 30.543556476], [114.361744003, 30.543554118], [114.361737782, 30.543552276], [114.361653781, 30.543531275], [114.361647161, 30.543529928], [114.361640417, 30.543529163], [114.361093869, 30.543491195], [114.360515322, 30.54344423], [114.36051208, 30.543444035], [114.360309081, 30.543436035], [114.360303161, 30.543436026], [114.360297265, 30.543436465], [114.360075265, 30.543461465], [114.360074122, 30.543461602], [114.359604587, 30.543521542], [114.359579217, 30.54352447], [114.359458791, 30.543537851], [114.359383675, 30.543518083], [114.3593569, 30.543506024], [114.359411571, 30.543473368], [114.35971237, 30.543330365], [114.359998112, 30.5432072], [114.360324859, 30.543100265], [114.360644376, 30.542996422], [114.360877045, 30.542923775], [114.361028217, 30.54289408], [114.361273392, 30.542878366], [114.362077438, 30.542826991], [114.362221188, 30.542966494], [114.362256118, 30.543000456], [114.362327815, 30.543166833], [114.362389329, 30.543651921]]]}, "properties": {"id": 3620, "land_type": "教育用地"}}, {"type": "Feature", "geometry": {"type": "Polygon", "coordinates": [[[114.356522648, 30.530897365], [114.356530374, 30.529241233], [114.356530342, 30.529239193], [114.356526492, 30.529132677], [114.357263078, 30.529128892], [114.35730248, 30.529167878], [114.35729263, 30.530036432], [114.35729283, 30.530041505], [114.357293544, 30.530046543], [114.357294766, 30.530051508], [114.357415837, 30.530455373], [114.357410511, 30.530894703], [114.357387632, 30.530894965], [114.356907162, 30.530893967], [114.356906736, 30.530893985], [114.356906309, 30.530893971], [114.356522648, 30.530897365]]]}, "properties": {"id": 3777, "land_type": "体育与文化用地"}}, {"type": "Feature", "geometry": {"type": "Polygon", "coordinates": [[[114.344651248, 30.561725198], [114.344644695, 30.561725962], [114.344638262, 30.561727275], [114.344632009, 30.561729125], [114.344625997, 30.561731494], [114.344620283, 30.561734359], [114.344614923, 30.561737692], [114.344609968, 30.561741461], [114.344605466, 30.561745631], [114.344601461, 30.56175016], [114.344597989, 30.561755006], [114.344595087, 30.561760122], [114.344592781, 30.561765457], [114.344591093, 30.561770961], [114.34459004, 30.561776582], [114.344589632, 30.561782265], [114.344589873, 30.561787954], [114.34459076, 30.561793595], [114.344592285, 30.561799135], [114.344594432, 30.56180452], [114.344597184, 30.561809697], [114.344600511, 30.561814617], [114.344604382, 30.561819232], [114.34608337, 30.563411781], [114.344957135, 30.56417595], [114.341576282, 30.560464794], [114.342754542, 30.559627909], [114.342776954, 30.55961199], [114.343068071, 30.559946774], [114.343072288, 30.559951158], [114.343076984, 30.559955165], [114.343082114, 30.559958756], [114.343087628, 30.559961898], [114.343093474, 30.559964559], [114.343099594, 30.559966713], [114.343105929, 30.55996834], [114.34311242, 30.559969426], [114.343119003, 30.559969958], [114.343125615, 30.559969932], [114.343132192, 30.559969348], [114.343138671, 30.559968212], [114.343144989, 30.559966534], [114.343151085, 30.559964331], [114.343156902, 30.559961625], [114.343162383, 30.55995844], [114.343167474, 30.559954807], [114.343172128, 30.559950764], [114.3431763, 30.559946346], [114.343179947, 30.559941598], [114.343183036, 30.559936565], [114.343185539, 30.559931294], [114.34318743, 30.559925838], [114.34318869, 30.55992025], [114.343189307, 30.559914581], [114.343189278, 30.559908888], [114.343188599, 30.559903225], [114.343187279, 30.559897645], [114.343185331, 30.559892205], [114.343182773, 30.559886955], [114.34317963, 30.559881947], [114.343175931, 30.559877227], [114.342911442, 30.559573065], [114.343359946, 30.559197887], [114.343782806, 30.558897526], [114.343799593, 30.55889369], [114.343879468, 30.558881401], [114.344335173, 30.558910738], [114.344454012, 30.558923942], [114.344577577, 30.55895553], [114.34524453, 30.559211974], [114.345250693, 30.559214037], [114.34525706, 30.559215571], [114.345263571, 30.559216559], [114.345270163, 30.559216994], [114.345276773, 30.559216869], [114.345283338, 30.559216189], [114.345289793, 30.559214956], [114.345296076, 30.559213185], [114.345302129, 30.559210892], [114.34530789, 30.559208098], [114.345313306, 30.559204833], [114.345318324, 30.559201126], [114.345322897, 30.559197013], [114.345326979, 30.559192534], [114.34533053, 30.559187732], [114.345333519, 30.559182655], [114.345335915, 30.559177348], [114.345337696, 30.559171865], [114.345338844, 30.559166257], [114.345339348, 30.559160581], [114.345339204, 30.559154889], [114.345338412, 30.559149237], [114.345336981, 30.559143678], [114.345334925, 30.559138267], [114.345332261, 30.559133056], [114.345329018, 30.559128095], [114.345325226, 30.559123431], [114.345320921, 30.55911911], [114.345316145, 30.559115172], [114.345310944, 30.559111658], [114.345305366, 30.559108599], [114.345299469, 30.559106024], [114.34462847, 30.558848025], [114.344620175, 30.558845383], [114.344487175, 30.558811383], [114.344481943, 30.55881024], [114.344476622, 30.55880946], [114.344350622, 30.558795462], [114.344347023, 30.558795146], [114.343982567, 30.558771683], [114.344168101, 30.558673176], [114.344429326, 30.558589588], [114.344631633, 30.558550403], [114.344839784, 30.558548611], [114.34520891, 30.558592158], [114.345211419, 30.558592433], [114.346095279, 30.558682188], [114.35090486, 30.559198213], [114.350862085, 30.559541618], [114.350836429, 30.559714009], [114.350779627, 30.559972389], [114.350691525, 30.560153056], [114.350548092, 30.560302652], [114.349025611, 30.561410891], [114.348931796, 30.561479146], [114.346189237, 30.563339996], [114.344709618, 30.561746768], [114.344705241, 30.561742501], [114.344700399, 30.561738625], [114.344695138, 30.561735176], [114.344689511, 30.561732187], [114.34468357, 30.561729688], [114.344677373, 30.561727702], [114.344670981, 30.561726249], [114.344664454, 30.561725342], [114.344657854, 30.561724991], [114.344651248, 30.561725198]]]}, "properties": {"id": 3608, "land_type": "医疗卫生用地"}}, {"type": "Feature", "geometry": {"type": "Polygon", "coordinates": [[[114.364117627, 30.544006858], [114.363973626, 30.544022957], [114.363968371, 30.544023728], [114.363963201, 30.544024855], [114.363815902, 30.544062355], [114.363815341, 30.544062504], [114.363815244, 30.544062526], [114.363815141, 30.544062557], [114.363814283, 30.544062786], [114.363049643, 30.544275601], [114.363048461, 30.544269481], [114.363047133, 30.54426416], [114.363045232, 30.544258971], [114.363042775, 30.544253956], [114.363017777, 30.544208956], [114.363014424, 30.54420365], [114.363010449, 30.544198673], [114.363005894, 30.544194078], [114.36300081, 30.544189917], [114.36263181, 30.543917917], [114.362626631, 30.54391446], [114.362621086, 30.543911453], [114.362615228, 30.543908924], [114.362609114, 30.543906897], [114.362557374, 30.543892193], [114.362555047, 30.543889834], [114.362526221, 30.543662515], [114.362526633, 30.543660581], [114.362527189, 30.543655512], [114.362537689, 30.543475613], [114.362537737, 30.543470797], [114.362537322, 30.543465994], [114.362509422, 30.543259493], [114.362508013, 30.543252655], [114.362505664, 30.54324601], [114.362484761, 30.543197502], [114.362595665, 30.543292534], [114.362760977, 30.543444212], [114.362763062, 30.543446043], [114.362932263, 30.543588142], [114.362937748, 30.543592275], [114.362943718, 30.543595873], [114.363128918, 30.543695073], [114.363137513, 30.543698967], [114.363312814, 30.543764966], [114.363319885, 30.543767232], [114.363469984, 30.543807232], [114.363477057, 30.543808761], [114.363561956, 30.543822961], [114.363566983, 30.543823633], [114.363572053, 30.543823976], [114.363737053, 30.543829777], [114.363742307, 30.543829785], [114.363747547, 30.54382944], [114.363874946, 30.543816739], [114.363881041, 30.543815887], [114.363887018, 30.543814558], [114.363999819, 30.543784658], [114.364006808, 30.543782435], [114.364043767, 30.543768629], [114.364044018, 30.543768612], [114.364199017, 30.543752613], [114.364206471, 30.543751474], [114.364213729, 30.543749623], [114.364456729, 30.543674623], [114.364458061, 30.5436742], [114.364616686, 30.543621969], [114.364657083, 30.543615103], [114.364660294, 30.543615177], [114.364753413, 30.543630858], [114.364802683, 30.543664252], [114.364828175, 30.543694014], [114.364893769, 30.543874556], [114.364895753, 30.543998715], [114.3648781, 30.54400028], [114.364874911, 30.544000629], [114.36482384, 30.544007291], [114.364126402, 30.544006375], [114.364117627, 30.544006858]]]}, "properties": {"id": 3621, "land_type": "教育用地"}}, {"type": "Feature", "geometry": {"type": "Polygon", "coordinates": [[[114.364917096, 30.544191747], [114.364926677, 30.544338293], [114.364929918, 30.544444552], [114.36492515, 30.544452986], [114.364921506, 30.544456131], [114.364901858, 30.544467654], [114.364879183, 30.5444767], [114.364269027, 30.544536143], [114.36426569, 30.544536541], [114.36422819, 30.544541841], [114.364223061, 30.544542744], [114.364218028, 30.544543987], [114.364212714, 30.544545493], [114.364054371, 30.544148442], [114.36413244, 30.544134899], [114.364232443, 30.544133031], [114.364367425, 30.544134024], [114.36436758, 30.544134024], [114.36455358, 30.544135023], [114.364554, 30.544135025], [114.3647, 30.544135025], [114.364705865, 30.544134804], [114.364798865, 30.544127805], [114.364803089, 30.544127371], [114.364833884, 30.544123353], [114.36490576, 30.544123448], [114.364917096, 30.544191747]]]}, "properties": {"id": 3622, "land_type": "教育用地"}}, {"type": "Feature", "geometry": {"type": "Polygon", "coordinates": [[[114.360935413, 30.544129551], [114.360936634, 30.544129677], [114.361021667, 30.544137733], [114.361046392, 30.544146862], [114.361040681, 30.544175767], [114.361033575, 30.544211897], [114.360868378, 30.545049685], [114.36085101, 30.545137809], [114.359296014, 30.544977387], [114.359295778, 30.544977373], [114.359295545, 30.544977341], [114.358645421, 30.544914249], [114.358658362, 30.544269059], [114.35866354, 30.544036955], [114.358739913, 30.544007582], [114.358833496, 30.543976386], [114.358919495, 30.543949926], [114.358992162, 30.54393647], [114.359108735, 30.543927362], [114.360935413, 30.544129551]]]}, "properties": {"id": 3623, "land_type": "教育用地"}}, {"type": "Feature", "geometry": {"type": "Polygon", "coordinates": [[[114.367704619, 30.544477102], [114.36761439, 30.544564828], [114.367238347, 30.544807999], [114.367237398, 30.544808624], [114.366864751, 30.545058619], [114.366584284, 30.545223159], [114.366390822, 30.545310474], [114.366047822, 30.545438056], [114.365767127, 30.54552742], [114.365419421, 30.545632882], [114.365297044, 30.545661289], [114.365278524, 30.545569781], [114.365211763, 30.545180177], [114.36518887, 30.545021915], [114.365178679, 30.544949656], [114.365180178, 30.544932431], [114.365182351, 30.544908513], [114.365229409, 30.544808859], [114.365230162, 30.544807193], [114.365255162, 30.544749193], [114.365256924, 30.544744505], [114.365258218, 30.544739705], [114.365275217, 30.544661705], [114.36527632, 30.544653305], [114.365279321, 30.544588305], [114.365279031, 30.54458015], [114.365273031, 30.54452915], [114.365271997, 30.54452333], [114.365156712, 30.54403972], [114.365184635, 30.543916689], [114.365251916, 30.543787733], [114.365305824, 30.543709153], [114.365340561, 30.54367496], [114.366186984, 30.543807094], [114.366193539, 30.543807834], [114.366200148, 30.543808017], [114.366206745, 30.54380764], [114.366213267, 30.543806708], [114.366219653, 30.543805232], [114.36622584, 30.543803222], [114.366231766, 30.5438007], [114.366237379, 30.54379769], [114.366242622, 30.543794219], [114.366247445, 30.543790324], [114.366251801, 30.543786041], [114.366255649, 30.54378141], [114.36625895, 30.543776477], [114.366261675, 30.543771289], [114.366263796, 30.543765895], [114.366265294, 30.543760348], [114.366266151, 30.543754702], [114.366266363, 30.543749011], [114.366265927, 30.543743329], [114.366264845, 30.543737712], [114.366263129, 30.543732213], [114.366260797, 30.543726884], [114.366257868, 30.543721779], [114.36625587, 30.543719015], [114.367081647, 30.543856658], [114.367499938, 30.544013026], [114.367720337, 30.544196789], [114.367725307, 30.544200545], [114.367730681, 30.544203862], [114.367736407, 30.54420671], [114.367742429, 30.54420906], [114.36774869, 30.544210892], [114.367755128, 30.544212186], [114.367761683, 30.54421293], [114.367768291, 30.544213117], [114.367774889, 30.544212746], [114.367781413, 30.544211819], [114.3677878, 30.544210346], [114.367793987, 30.544208341], [114.367798762, 30.544206314], [114.367704619, 30.544477102]]]}, "properties": {"id": 3624, "land_type": "公园与绿地用地"}}, {"type": "Feature", "geometry": {"type": "Polygon", "coordinates": [[[114.358378885, 30.544634421], [114.358375486, 30.544667717], [114.358341426, 30.545001919], [114.358315478, 30.545220983], [114.356973454, 30.545092331], [114.356973173, 30.545092316], [114.356972896, 30.54509228], [114.356104627, 30.545015345], [114.355589644, 30.54495991], [114.355589922, 30.544959608], [114.355593529, 30.544954741], [114.355596555, 30.544949589], [114.355627555, 30.544889589], [114.355629885, 30.544884432], [114.355631633, 30.544879106], [114.355645634, 30.544827106], [114.355646816, 30.544821451], [114.355647344, 30.544815722], [114.355649292, 30.544759228], [114.355700104, 30.544224076], [114.355767549, 30.544229742], [114.355820859, 30.544272543], [114.355825696, 30.544276074], [114.355830897, 30.544279199], [114.355836415, 30.544281888], [114.355842203, 30.54428412], [114.355848208, 30.544285872], [114.355854378, 30.54428713], [114.356194178, 30.54434203], [114.356197808, 30.544342529], [114.356480096, 30.544374527], [114.356654285, 30.544394326], [114.356656503, 30.544394546], [114.3569975, 30.544423445], [114.357088298, 30.544431145], [114.357090781, 30.544431316], [114.357437681, 30.544449617], [114.357439661, 30.544449695], [114.35777226, 30.544458795], [114.35777351, 30.544458819], [114.35804611, 30.54446192], [114.358052837, 30.544461707], [114.358059505, 30.544460917], [114.358066048, 30.544459558], [114.358072401, 30.544457643], [114.358078501, 30.544455192], [114.358084287, 30.544452229], [114.3580897, 30.544448783], [114.3581675, 30.544393883], [114.358169352, 30.544392528], [114.358229551, 30.544346828], [114.358231781, 30.544345057], [114.358268951, 30.544314169], [114.358340368, 30.54431297], [114.358411273, 30.544316693], [114.358378885, 30.544634421]]]}, "properties": {"id": 3625, "land_type": "教育用地"}}, {"type": "Feature", "geometry": {"type": "Polygon", "coordinates": [[[114.364912347, 30.544598098], [114.36492187, 30.544604671], [114.364929174, 30.544613564], [114.364933796, 30.544621905], [114.364938656, 30.544694789], [114.364941033, 30.544834551], [114.364941122, 30.544836788], [114.364946822, 30.544928889], [114.364946863, 30.544929491], [114.364962119, 30.54513564], [114.364468701, 30.545187526], [114.364379704, 30.544967112], [114.364256377, 30.544655459], [114.364285847, 30.544651294], [114.364891021, 30.544592335], [114.364912347, 30.544598098]]]}, "properties": {"id": 3626, "land_type": "教育用地"}}, {"type": "Feature", "geometry": {"type": "Polygon", "coordinates": [[[114.360259206, 30.545247651], [114.360260256, 30.545247759], [114.36072646, 30.545293], [114.360709326, 30.54541355], [114.360709089, 30.545415485], [114.360696388, 30.545539085], [114.360676734, 30.545730953], [114.360178869, 30.545691294], [114.360193292, 30.545379918], [114.360199249, 30.54529552], [114.360199313, 30.545289546], [114.360198664, 30.545283598], [114.360197307, 30.545277738], [114.360195258, 30.54527203], [114.360192538, 30.545266535], [114.360189178, 30.545261309], [114.360185209, 30.545256407], [114.360180677, 30.545251884], [114.360164294, 30.545237138], [114.360259206, 30.545247651]]]}, "properties": {"id": 3627, "land_type": "商业服务用地"}}, {"type": "Feature", "geometry": {"type": "Polygon", "coordinates": [[[114.356361918, 30.546161775], [114.356569818, 30.546180703], [114.356570199, 30.546180721], [114.356570576, 30.546180767], [114.357026536, 30.546217793], [114.357083611, 30.546225614], [114.357105339, 30.54623983], [114.357123525, 30.546261377], [114.357141012, 30.546292681], [114.35714598, 30.546306867], [114.357118094, 30.546535849], [114.357117727, 30.54654191], [114.357118097, 30.546547971], [114.3571192, 30.546553966], [114.357121024, 30.546559829], [114.35712355, 30.546565496], [114.357136268, 30.546590103], [114.357120502, 30.546610054], [114.357116737, 30.546615418], [114.357113668, 30.546621101], [114.357111328, 30.546627035], [114.357098728, 30.546665736], [114.357096999, 30.546672642], [114.357075145, 30.546795897], [114.357065856, 30.546823878], [114.357056024, 30.546831033], [114.357052507, 30.546832104], [114.357014338, 30.546831535], [114.356264938, 30.546757415], [114.356292942, 30.546545563], [114.356293371, 30.546538538], [114.356292372, 30.546430537], [114.356292192, 30.546427831], [114.356292028, 30.546425123], [114.356292004, 30.546424989], [114.356291994, 30.546424852], [114.356291509, 30.546422174], [114.356291036, 30.546419493], [114.356290997, 30.546419361], [114.356290972, 30.546419226], [114.356290183, 30.546416602], [114.356289408, 30.546413975], [114.356289354, 30.546413847], [114.356289314, 30.546413714], [114.356288231, 30.546411169], [114.35628716, 30.54640862], [114.356287092, 30.546408497], [114.356287038, 30.546408369], [114.356285669, 30.546405928], [114.356284314, 30.546403481], [114.356284232, 30.546403364], [114.356284164, 30.546403241], [114.356282524, 30.546400927], [114.356280897, 30.546398606], [114.356280801, 30.546398497], [114.356280719, 30.54639838], [114.356278825, 30.546396216], [114.356276941, 30.546394043], [114.356276834, 30.546393943], [114.356276738, 30.546393834], [114.356274606, 30.546391839], [114.356272483, 30.546389837], [114.356272367, 30.546389746], [114.35627226, 30.546389646], [114.356269911, 30.546387841], [114.356267571, 30.546386027], [114.356267444, 30.546385946], [114.356267325, 30.546385855], [114.356264782, 30.546384258], [114.356262247, 30.54638265], [114.356262111, 30.546382581], [114.356261984, 30.5463825], [114.356259271, 30.546381125], [114.356256565, 30.546379739], [114.356256422, 30.546379681], [114.356256286, 30.546379611], [114.356253429, 30.546378472], [114.356250579, 30.546377321], [114.356250429, 30.546377276], [114.356250286, 30.546377218], [114.356247314, 30.546376325], [114.356244346, 30.54637542], [114.356244193, 30.546375387], [114.356244043, 30.546375342], [114.356240984, 30.546374704], [114.356237927, 30.546374055], [114.356237771, 30.546374035], [114.356237617, 30.546374003], [114.3562345, 30.546373626], [114.356231384, 30.546373238], [114.356177446, 30.546368817], [114.356185973, 30.54627651], [114.356201701, 30.54621723], [114.356224018, 30.546187778], [114.356269712, 30.54616199], [114.356308285, 30.546158006], [114.356361918, 30.546161775]]]}, "properties": {"id": 3630, "land_type": "教育用地"}}, {"type": "Feature", "geometry": {"type": "Polygon", "coordinates": [[[114.357213887, 30.547001911], [114.35721382, 30.547002604], [114.35721141, 30.54702992], [114.35720408, 30.547049909], [114.357202959, 30.547051979], [114.357173047, 30.547055839], [114.357108878, 30.547054081], [114.356845598, 30.547028347], [114.356843257, 30.547028218], [114.356840922, 30.547028031], [114.35663029, 30.547020158], [114.356264804, 30.546974719], [114.356235375, 30.546970141], [114.356235375, 30.546965032], [114.356246727, 30.546895025], [114.356246941, 30.546893563], [114.356249697, 30.546872718], [114.357002213, 30.546947144], [114.357008732, 30.546947514], [114.357062332, 30.546948315], [114.357068345, 30.546948173], [114.357074318, 30.546947571], [114.357080206, 30.546946511], [114.357085961, 30.546945004], [114.357112561, 30.546936904], [114.357118206, 30.546934934], [114.357123621, 30.546932531], [114.357128761, 30.546929719], [114.357133587, 30.546926518], [114.357168487, 30.546901118], [114.357173335, 30.546897222], [114.357177714, 30.546892934], [114.357181584, 30.546888297], [114.357184904, 30.546883356], [114.357187645, 30.546878156], [114.357189778, 30.546872749], [114.357205878, 30.546824249], [114.357207702, 30.546817058], [114.357229582, 30.546693657], [114.357238097, 30.5466675], [114.357245069, 30.546658677], [114.357246159, 30.546658182], [114.357249057, 30.546657838], [114.357213887, 30.547001911]]]}, "properties": {"id": 3631, "land_type": "公园与绿地用地"}}, {"type": "Feature", "geometry": {"type": "Polygon", "coordinates": [[[114.360630957, 30.54679298], [114.36059874, 30.547032868], [114.360010293, 30.547003622], [114.360047361, 30.546733148], [114.360630957, 30.54679298]]]}, "properties": {"id": 3632, "land_type": "教育用地"}}, {"type": "Feature", "geometry": {"type": "Polygon", "coordinates": [[[114.365011556, 30.545663577], [114.365012521, 30.545669676], [114.365014231, 30.545675652], [114.365032226, 30.545726711], [114.364961923, 30.545747391], [114.364690112, 30.545827395], [114.364689763, 30.545827498], [114.364387364, 30.545918098], [114.364379487, 30.545920952], [114.364008686, 30.546079852], [114.364001728, 30.546083294], [114.363483742, 30.546376124], [114.36332654, 30.546453651], [114.362892992, 30.546635628], [114.362587631, 30.546758371], [114.362526146, 30.546782822], [114.362035229, 30.546943774], [114.362028433, 30.546946381], [114.361860133, 30.547020781], [114.361853483, 30.547024148], [114.361046184, 30.547488446], [114.361045408, 30.547488901], [114.360770998, 30.547651516], [114.360893001, 30.546657098], [114.360893012, 30.546656924], [114.360893042, 30.546656753], [114.360924034, 30.54638882], [114.360992026, 30.54581489], [114.360992031, 30.545814813], [114.360992044, 30.545814738], [114.361049313, 30.545318406], [114.361566067, 30.545349087], [114.361846276, 30.545365688], [114.361852887, 30.545365799], [114.361859479, 30.545365351], [114.361865987, 30.54536435], [114.361872351, 30.545362804], [114.361878507, 30.545360729], [114.361884399, 30.545358143], [114.361889966, 30.545355074], [114.361895159, 30.545351548], [114.361899925, 30.545347601], [114.361904218, 30.545343272], [114.361907999, 30.545338599], [114.361911229, 30.545333631], [114.361913879, 30.545328414], [114.361915922, 30.545322999], [114.361917338, 30.545317437], [114.361918115, 30.545311782], [114.361918245, 30.545306089], [114.361917725, 30.545300412], [114.361916563, 30.545294807], [114.361914768, 30.545289326], [114.361912358, 30.545284024], [114.361909356, 30.545278951], [114.361905791, 30.545274155], [114.361901697, 30.545269683], [114.361897115, 30.545265579], [114.361892087, 30.545261881], [114.361886662, 30.545258625], [114.361880893, 30.545255843], [114.361874836, 30.545253561], [114.361868548, 30.545251802], [114.36186209, 30.545250582], [114.361855523, 30.545249912], [114.361575329, 30.545233314], [114.361573455, 30.545233202], [114.361573265, 30.545232575], [114.361570972, 30.545227235], [114.361568083, 30.545222113], [114.361564624, 30.54521726], [114.36156063, 30.545212722], [114.361556139, 30.545208543], [114.361551194, 30.545204764], [114.361545843, 30.54520142], [114.361540136, 30.545198543], [114.36153413, 30.545196163], [114.361527881, 30.5451943], [114.361521451, 30.545192975], [114.361514901, 30.545192198], [114.361067782, 30.545158339], [114.361172044, 30.544254738], [114.361172063, 30.544254579], [114.361184062, 30.544147578], [114.361184374, 30.544141928], [114.3611843, 30.544140664], [114.361186519, 30.544129434], [114.361187307, 30.54412378], [114.361187448, 30.544118087], [114.361186939, 30.544112409], [114.361185788, 30.544106802], [114.361184004, 30.544101319], [114.361181605, 30.544096012], [114.361178612, 30.544090935], [114.361175057, 30.544086134], [114.361170972, 30.544081656], [114.361166397, 30.544077545], [114.361161377, 30.54407384], [114.361160357, 30.544073226], [114.36116019, 30.544072983], [114.36115633, 30.544068453], [114.361151981, 30.544064264], [114.36114718, 30.544060458], [114.361141975, 30.54405707], [114.361136414, 30.544054131], [114.361130548, 30.54405167], [114.361065547, 30.544027669], [114.361065517, 30.54402766], [114.36106549, 30.544027647], [114.361062419, 30.544026667], [114.361059351, 30.544025685], [114.36105932, 30.544025678], [114.36105929, 30.544025669], [114.361056123, 30.544024952], [114.361052958, 30.544024234], [114.361052926, 30.544024229], [114.361052895, 30.544024223], [114.361049662, 30.544023777], [114.361046429, 30.544023329], [114.361046398, 30.544023327], [114.361046366, 30.544023323], [114.360951978, 30.544014381], [114.359118589, 30.543811449], [114.359111258, 30.543810985], [114.359103914, 30.543811212], [114.358975912, 30.543821213], [114.358967837, 30.543822272], [114.358886837, 30.543837272], [114.358878334, 30.543839358], [114.358787333, 30.543867357], [114.358785682, 30.543867886], [114.358689681, 30.543899887], [114.358686527, 30.543901018], [114.35866599, 30.543908917], [114.358669303, 30.543723445], [114.358681237, 30.543649284], [114.358729394, 30.543565399], [114.358765875, 30.543547158], [114.35882723, 30.543529508], [114.358908895, 30.543517968], [114.358955698, 30.54351748], [114.359046768, 30.543534755], [114.359288682, 30.543633349], [114.359293572, 30.543635142], [114.359298609, 30.543636598], [114.35937811, 30.543656598], [114.359383907, 30.543657818], [114.359389807, 30.543658594], [114.359481706, 30.543667093], [114.359485929, 30.543667368], [114.359588529, 30.543671269], [114.359596723, 30.543671151], [114.359919859, 30.543649512], [114.360324826, 30.543665961], [114.360331438, 30.54366595], [114.360338016, 30.543665381], [114.360344499, 30.543664258], [114.360350822, 30.543662596], [114.360356925, 30.543660406], [114.36036275, 30.543657711], [114.36036824, 30.543654539], [114.360373343, 30.543650918], [114.360378009, 30.543646883], [114.360382194, 30.543642474], [114.360385856, 30.543637734], [114.360388962, 30.543632706], [114.360391329, 30.543627756], [114.360395124, 30.543627846], [114.361206898, 30.543697737], [114.36121289, 30.543698023], [114.361218887, 30.543697845], [114.361266087, 30.543694646], [114.361272585, 30.543693931], [114.361278972, 30.543692674], [114.361285189, 30.54369089], [114.361291174, 30.543688594], [114.361296871, 30.543685808], [114.361340759, 30.543661848], [114.361367404, 30.543659808], [114.361688546, 30.543690149], [114.361703786, 30.54369387], [114.361702672, 30.54371986], [114.361702626, 30.543722], [114.361702626, 30.543767376], [114.361696902, 30.543821761], [114.361696815, 30.543822666], [114.361690814, 30.543891667], [114.36169066, 30.543897838], [114.361691268, 30.543903987], [114.36169263, 30.543910047], [114.361694733, 30.543915947], [114.361697551, 30.543921623], [114.361725551, 30.543970621], [114.361728888, 30.54397578], [114.361732815, 30.54398062], [114.361737294, 30.54398509], [114.361742277, 30.543989146], [114.361747712, 30.543992744], [114.361753545, 30.543995847], [114.361759712, 30.543998426], [114.361766153, 30.544000449], [114.361879152, 30.54403045], [114.361885362, 30.544031824], [114.361891693, 30.544032683], [114.362040693, 30.544046683], [114.362044245, 30.544046934], [114.362148245, 30.544051935], [114.362155007, 30.544051967], [114.36216174, 30.544051416], [114.362168373, 30.544050285], [114.36240399, 30.543999447], [114.362481058, 30.543994052], [114.362619367, 30.544134181], [114.362621022, 30.544135795], [114.362701865, 30.544211798], [114.362724624, 30.544257101], [114.362732089, 30.544406678], [114.362727461, 30.544557038], [114.362671352, 30.544605377], [114.362669349, 30.54460718], [114.362633976, 30.544640393], [114.362212643, 30.544593455], [114.362206052, 30.544593003], [114.362199441, 30.544593109], [114.362192875, 30.544593772], [114.362186415, 30.544594987], [114.362180125, 30.544596741], [114.362174065, 30.544599018], [114.362168293, 30.544601794], [114.362162865, 30.544605046], [114.362157833, 30.54460874], [114.362153246, 30.544612841], [114.362149147, 30.544617309], [114.362145576, 30.544622101], [114.362142569, 30.544627172], [114.362140152, 30.544632473], [114.362138351, 30.544637952], [114.362137183, 30.544643556], [114.362136658, 30.544649232], [114.36213678, 30.544654925], [114.362137551, 30.544660581], [114.362138962, 30.544666145], [114.362140999, 30.544671561], [114.362143642, 30.544676781], [114.362146867, 30.544681752], [114.362150641, 30.544686427], [114.362154931, 30.544690761], [114.362159692, 30.544694711], [114.36216488, 30.544698241], [114.362170444, 30.544701315], [114.362176333, 30.544703906], [114.362182487, 30.544705987], [114.36218885, 30.544707539], [114.362195356, 30.544708545], [114.362651357, 30.544759345], [114.362657782, 30.544759793], [114.362664229, 30.54475971], [114.362670636, 30.544759097], [114.362676945, 30.544757959], [114.3626831, 30.544756307], [114.362689043, 30.544754157], [114.36269472, 30.544751526], [114.362700079, 30.544748441], [114.362705072, 30.544744929], [114.362709653, 30.54474102], [114.362767672, 30.54468654], [114.362841749, 30.544622723], [114.362846046, 30.544618651], [114.362849875, 30.54461425], [114.362853203, 30.544609555], [114.362856, 30.544604609], [114.362858241, 30.544599457], [114.362859905, 30.544594146], [114.362860979, 30.544588724], [114.36286145, 30.544583238], [114.362865587, 30.544448786], [114.362942362, 30.544427419], [114.362943539, 30.54443352], [114.362943759, 30.544434388], [114.36294391, 30.544435267], [114.36294446, 30.544437169], [114.362944942, 30.544439084], [114.36294526, 30.54443993], [114.36294551, 30.544440792], [114.362946274, 30.544442638], [114.362946973, 30.544444503], [114.362947384, 30.544445319], [114.362947731, 30.544446156], [114.362948702, 30.544447929], [114.36294961, 30.544449725], [114.362950112, 30.544450501], [114.362950552, 30.544451305], [114.36295172, 30.544452987], [114.362952828, 30.5444547], [114.362953417, 30.54445543], [114.362953946, 30.544456192], [114.3629553, 30.544457768], [114.362956597, 30.544459378], [114.362957267, 30.544460054], [114.36295788, 30.544460769], [114.362959406, 30.544462222], [114.362960881, 30.544463715], [114.362961624, 30.544464333], [114.362962316, 30.544464991], [114.362964001, 30.544466309], [114.362965637, 30.54446767], [114.362966447, 30.544468222], [114.362967211, 30.544468819], [114.362969037, 30.544469988], [114.362970821, 30.544471206], [114.362971689, 30.544471686], [114.362972517, 30.544472216], [114.362974469, 30.544473226], [114.362976382, 30.544474285], [114.362977301, 30.54447469], [114.362978186, 30.544475148], [114.362980242, 30.544475987], [114.362982267, 30.544476881], [114.362983227, 30.544477207], [114.362984159, 30.544477587], [114.362986302, 30.544478249], [114.362988419, 30.544478968], [114.362989412, 30.544479211], [114.362990383, 30.544479511], [114.36299259, 30.544479988], [114.362994778, 30.544480524], [114.362995794, 30.544480683], [114.362996795, 30.544480899], [114.362999045, 30.544481189], [114.363001285, 30.544481537], [114.363002314, 30.544481609], [114.363003334, 30.54448174], [114.363005607, 30.544481837], [114.363007875, 30.544481996], [114.363008907, 30.54448198], [114.363009937, 30.544482025], [114.363012211, 30.544481931], [114.363014486, 30.544481896], [114.36301551, 30.544481793], [114.363016542, 30.54448175], [114.363018793, 30.544481465], [114.363021053, 30.544481239], [114.363022062, 30.544481051], [114.363023083, 30.54448092], [114.36302529, 30.544480446], [114.363027514, 30.54448003], [114.363028496, 30.544479757], [114.363029498, 30.544479541], [114.363294498, 30.544410542], [114.363300284, 30.544408783], [114.363805364, 30.544232661], [114.363879887, 30.544441911], [114.363955272, 30.54465366], [114.363686525, 30.544791633], [114.363354363, 30.544948725], [114.363137592, 30.544933177], [114.363130984, 30.544932983], [114.363124387, 30.544933348], [114.363117862, 30.544934268], [114.363111473, 30.544935734], [114.363105281, 30.544937733], [114.363099349, 30.544940246], [114.36309373, 30.544943246], [114.363088479, 30.544946707], [114.363083646, 30.544950595], [114.363079281, 30.54495487], [114.363075424, 30.544959494], [114.36307211, 30.544964423], [114.363069373, 30.544969606], [114.36306724, 30.544974996], [114.363065731, 30.544980539], [114.36306486, 30.544986184], [114.363064635, 30.544991875], [114.363065058, 30.544997557], [114.363066127, 30.545003176], [114.36306783, 30.545008679], [114.363070151, 30.545014011], [114.363073069, 30.545019121], [114.363076552, 30.545023961], [114.36308057, 30.545028482], [114.363085085, 30.545032643], [114.363090049, 30.545036404], [114.363095419, 30.545039727], [114.363101141, 30.54504258], [114.363107159, 30.545044936], [114.363113417, 30.545046774], [114.363119854, 30.545048073], [114.363126408, 30.545048824], [114.363363408, 30.545065824], [114.363369974, 30.545066018], [114.36337653, 30.545065661], [114.363383014, 30.545064755], [114.363389366, 30.54506331], [114.363395524, 30.545061339], [114.363401429, 30.54505886], [114.363752429, 30.54489286], [114.363754498, 30.54489184], [114.363995957, 30.544767878], [114.364089276, 30.545029711], [114.363791849, 30.545174486], [114.36378626, 30.545177528], [114.363781044, 30.545181027], [114.36377625, 30.545184949], [114.363771927, 30.545189257], [114.363768114, 30.545193909], [114.363764851, 30.545198862], [114.363762165, 30.545204064], [114.363760084, 30.54520947], [114.363758629, 30.545215024], [114.363757813, 30.545220675], [114.363757645, 30.545226367], [114.363758125, 30.545232047], [114.36375925, 30.545237657], [114.363761006, 30.545243147], [114.363763379, 30.545248462], [114.363766347, 30.545253551], [114.363769878, 30.545258364], [114.363773941, 30.545262856], [114.363778496, 30.545266984], [114.363783497, 30.545270708], [114.363788899, 30.545273992], [114.363794649, 30.545276803], [114.363800691, 30.545279115], [114.363806967, 30.545280908], [114.363813417, 30.54528216], [114.363819978, 30.545282863], [114.363826587, 30.545283008], [114.363833181, 30.545282595], [114.363839697, 30.545281627], [114.363846071, 30.545280113], [114.363852242, 30.545278069], [114.363858151, 30.545275514], [114.364133766, 30.545141355], [114.364198168, 30.545288291], [114.364200711, 30.545293353], [114.364203802, 30.545298184], [114.364207411, 30.54530274], [114.364211507, 30.545306982], [114.364216051, 30.545310869], [114.364221004, 30.545314365], [114.364226319, 30.545317443], [114.36423195, 30.54532007], [114.364237845, 30.545322227], [114.364243952, 30.54532389], [114.364250215, 30.545325047], [114.364256576, 30.545325688], [114.364262979, 30.545325804], [114.364269366, 30.545325396], [114.364425523, 30.545308975], [114.364425703, 30.545308977], [114.364427744, 30.54530882], [114.364429791, 30.545308728], [114.364972967, 30.545261332], [114.365011556, 30.545663577]]]}, "properties": {"id": 3628, "land_type": "教育用地"}}, {"type": "Feature", "geometry": {"type": "Polygon", "coordinates": [[[114.354293884, 30.544834308], [114.354287334, 30.544835094], [114.354280906, 30.544836429], [114.35427466, 30.544838301], [114.354268658, 30.544840692], [114.354262956, 30.544843576], [114.35425761, 30.544846931], [114.354252672, 30.544850719], [114.354248189, 30.544854905], [114.354244204, 30.54485945], [114.354240755, 30.544864311], [114.354237877, 30.544869438], [114.354235596, 30.544874785], [114.354233935, 30.544880296], [114.354232909, 30.544885924], [114.354199823, 30.545152089], [114.354088362, 30.545142588], [114.35389843, 30.545122088], [114.353901185, 30.545117726], [114.353903933, 30.545112845], [114.353906139, 30.545107764], [114.353907785, 30.545102528], [114.353926785, 30.545028528], [114.353928178, 30.54502042], [114.353938935, 30.544899151], [114.353963304, 30.544777307], [114.353967353, 30.544758834], [114.354022152, 30.544765175], [114.354201318, 30.544799629], [114.354203043, 30.544799885], [114.354204751, 30.544800209], [114.354337986, 30.54481964], [114.354342246, 30.544821592], [114.354346365, 30.544825437], [114.354348627, 30.544828231], [114.354348627, 30.54483605], [114.354348456, 30.544838233], [114.354307094, 30.544834408], [114.354300492, 30.544834078], [114.354293884, 30.544834308]]]}, "properties": {"id": 3651, "land_type": "公园与绿地用地"}}, {"type": "Feature", "geometry": {"type": "Polygon", "coordinates": [[[114.358232131, 30.546500013], [114.358232399, 30.546501826], [114.35823258, 30.546503562], [114.358248742, 30.546602752], [114.357452068, 30.546520703], [114.357341092, 30.54650026], [114.357340269, 30.546500145], [114.357339458, 30.546499976], [114.357337008, 30.546499687], [114.357334567, 30.546499343], [114.357333735, 30.546499298], [114.357332908, 30.546499199], [114.357330437, 30.546499117], [114.357327968, 30.546498983], [114.357327135, 30.546499007], [114.357326301, 30.546498979], [114.357323832, 30.546499106], [114.35732136, 30.54649918], [114.357320534, 30.546499275], [114.357319701, 30.546499317], [114.357317258, 30.546499653], [114.357314807, 30.546499935], [114.357313996, 30.546500099], [114.357313172, 30.546500212], [114.35731078, 30.546500751], [114.357308371, 30.546501238], [114.357307582, 30.54650147], [114.357306776, 30.546501652], [114.357304455, 30.546502391], [114.357302114, 30.54650308], [114.357301356, 30.546503378], [114.357300573, 30.546503626], [114.357298348, 30.546504557], [114.357296097, 30.54650544], [114.357295376, 30.5465058], [114.357294626, 30.546506114], [114.357292517, 30.546507228], [114.357290378, 30.546508297], [114.357289701, 30.546508716], [114.357288991, 30.546509092], [114.357287019, 30.546510378], [114.357285012, 30.546511623], [114.357284385, 30.546512097], [114.357283721, 30.546512531], [114.357281906, 30.546513978], [114.35728005, 30.546515385], [114.35727948, 30.546515911], [114.357278868, 30.546516399], [114.357277226, 30.546517992], [114.357275539, 30.546519549], [114.357275032, 30.54652012], [114.357274479, 30.546520657], [114.357273027, 30.546522381], [114.357271524, 30.546524073], [114.357271085, 30.546524684], [114.357270596, 30.546525265], [114.357269346, 30.546527104], [114.357268045, 30.546528915], [114.357267677, 30.54652956], [114.357267256, 30.546530179], [114.357266221, 30.546532115], [114.357265427, 30.546533509], [114.357255261, 30.546530257], [114.357254322, 30.546529764], [114.357281406, 30.546307352], [114.357281774, 30.546301599], [114.357281475, 30.546295843], [114.357280516, 30.54629014], [114.357278905, 30.546284547], [114.357268505, 30.546254847], [114.357266799, 30.546250583], [114.357264714, 30.546246445], [114.357242313, 30.546206345], [114.357239439, 30.546201744], [114.357236098, 30.546197383], [114.357208497, 30.546164683], [114.357204382, 30.546160275], [114.357199787, 30.546156234], [114.357194757, 30.546152597], [114.357151658, 30.546124398], [114.357146191, 30.546121173], [114.357140383, 30.546118426], [114.357134289, 30.546116184], [114.35712797, 30.546114469], [114.357121486, 30.546113297], [114.357045586, 30.546102897], [114.357043451, 30.546102696], [114.357041325, 30.546102432], [114.356583605, 30.546065264], [114.356375282, 30.546046298], [114.356374478, 30.546046259], [114.356373679, 30.546046169], [114.35631248, 30.546041868], [114.356305722, 30.546041686], [114.356298978, 30.546042088], [114.356237978, 30.546048388], [114.356231858, 30.546049269], [114.356225856, 30.54605063], [114.356220025, 30.546052462], [114.356214415, 30.546054747], [114.356209072, 30.546057468], [114.356138373, 30.546097368], [114.356132768, 30.5461009], [114.356127614, 30.54610491], [114.356122969, 30.546109355], [114.356118878, 30.546114189], [114.356082278, 30.546162489], [114.356079248, 30.546166902], [114.356076682, 30.546171529], [114.356074601, 30.546176332], [114.356073019, 30.546181276], [114.356053519, 30.546254776], [114.356052039, 30.546263099], [114.356043334, 30.546357327], [114.355307282, 30.546291487], [114.35536271, 30.545946118], [114.355390682, 30.545779293], [114.355391002, 30.545777091], [114.355416002, 30.54557309], [114.355416029, 30.54557267], [114.355416098, 30.545572254], [114.355451943, 30.545232714], [114.355467854, 30.545136311], [114.35548498, 30.545091785], [114.355494803, 30.545072429], [114.355976538, 30.545126121], [114.356022586, 30.545131513], [114.355983953, 30.545468296], [114.355983627, 30.545473982], [114.355983949, 30.54547967], [114.355984918, 30.545485303], [114.355986522, 30.545490827], [114.355988747, 30.545496189], [114.355991572, 30.545501338], [114.35599497, 30.545506222], [114.355998907, 30.545510797], [114.356003346, 30.545515017], [114.356008244, 30.545518842], [114.356013552, 30.545522235], [114.356019223, 30.545525164], [114.3560252, 30.545527601], [114.356031424, 30.545529521], [114.356037837, 30.545530906], [114.356044377, 30.545531743], [114.35605098, 30.545532024], [114.356057584, 30.545531746], [114.356064125, 30.545530913], [114.356070539, 30.545529531], [114.356076764, 30.545527614], [114.356082743, 30.545525181], [114.356088415, 30.545522254], [114.356093726, 30.545518865], [114.356098627, 30.545515041], [114.356103068, 30.545510823], [114.356107009, 30.545506251], [114.356110409, 30.545501367], [114.356113238, 30.545496221], [114.356115467, 30.54549086], [114.356117075, 30.545485337], [114.356118047, 30.545479705], [114.356156194, 30.545147159], [114.35629912, 30.545163895], [114.356702716, 30.545211194], [114.356902416, 30.545234594], [114.357411813, 30.545294294], [114.357767409, 30.545335994], [114.358359108, 30.545405393], [114.358360235, 30.545405477], [114.358361352, 30.545405624], [114.358363527, 30.545405723], [114.358365696, 30.545405884], [114.358366826, 30.545405873], [114.358367955, 30.545405923], [114.35837013, 30.545405839], [114.358372307, 30.545405816], [114.35837343, 30.545405709], [114.35837456, 30.545405664], [114.358376715, 30.545405396], [114.358378878, 30.54540519], [114.358379984, 30.545404989], [114.358381104, 30.545404849], [114.358383218, 30.545404401], [114.358385347, 30.545404013], [114.358386425, 30.545403719], [114.358387523, 30.545403486], [114.358389576, 30.545402861], [114.358391651, 30.545402295], [114.35839269, 30.545401912], [114.358393757, 30.545401588], [114.358395727, 30.545400792], [114.358397729, 30.545400053], [114.35839872, 30.545399584], [114.358399743, 30.545399172], [114.358401615, 30.545398213], [114.358403522, 30.54539731], [114.358404455, 30.54539676], [114.358405426, 30.545396262], [114.35840718, 30.54539515], [114.358408976, 30.545394091], [114.358409841, 30.545393464], [114.358410752, 30.545392887], [114.358412371, 30.545391633], [114.358414036, 30.545390426], [114.358414827, 30.545389729], [114.358415667, 30.545389078], [114.358417135, 30.545387693], [114.358418656, 30.545386351], [114.358419362, 30.545385592], [114.358420125, 30.545384873], [114.358421428, 30.545383371], [114.358422789, 30.545381907], [114.358423406, 30.545381091], [114.358424083, 30.545380311], [114.358425209, 30.545378706], [114.358426397, 30.545377135], [114.358426918, 30.545376271], [114.358427503, 30.545375438], [114.358428441, 30.545373746], [114.358429444, 30.545372082], [114.358429864, 30.545371178], [114.358430351, 30.545370299], [114.358431091, 30.545368536], [114.358431901, 30.545366796], [114.358432216, 30.54536586], [114.358432601, 30.545364945], [114.358433138, 30.545363128], [114.358433745, 30.545361327], [114.358433952, 30.54536037], [114.358434231, 30.545359426], [114.358434558, 30.545357572], [114.358434957, 30.545355729], [114.358435054, 30.54535476], [114.358435224, 30.545353797], [114.358435761, 30.545349279], [114.358472994, 30.545352848], [114.358475282, 30.545353423], [114.358481691, 30.545354467], [114.358488186, 30.545354973], [114.358494708, 30.545354936], [114.358501196, 30.545354355], [114.358507587, 30.545353237], [114.358539587, 30.545346238], [114.35854517, 30.545344792], [114.358550588, 30.545342936], [114.358555799, 30.545340684], [114.358580799, 30.545328684], [114.358586987, 30.545325322], [114.358592715, 30.545321402], [114.358597916, 30.545316971], [114.358617916, 30.545297972], [114.358622317, 30.54529333], [114.358626138, 30.545288322], [114.358629339, 30.545283002], [114.358631886, 30.545277425], [114.358638886, 30.545259426], [114.358640816, 30.545253404], [114.358641983, 30.545247239], [114.358642373, 30.545241], [114.358642373, 30.545231189], [114.358643448, 30.545088808], [114.359257587, 30.545148953], [114.359258188, 30.545149009], [114.359689774, 30.545187908], [114.359815999, 30.545199327], [114.359782664, 30.545205124], [114.359776256, 30.545206524], [114.359770037, 30.545208457], [114.359764068, 30.545210907], [114.359758407, 30.54521385], [114.359753108, 30.545217254], [114.359748222, 30.545221091], [114.359743796, 30.545225321], [114.359739872, 30.545229904], [114.35973649, 30.545234797], [114.359733681, 30.545239952], [114.359731471, 30.545245319], [114.359729884, 30.545250846], [114.359728932, 30.545256481], [114.359728627, 30.545262169], [114.359728971, 30.545267856], [114.35972996, 30.545273485], [114.359731585, 30.545279005], [114.359733831, 30.545284361], [114.359736675, 30.545289501], [114.35974009, 30.545294377], [114.359744045, 30.545298941], [114.359748499, 30.545303149], [114.359753411, 30.54530696], [114.359758733, 30.54531034], [114.359764414, 30.545313253], [114.359770398, 30.545315672], [114.359776631, 30.545317575], [114.359783049, 30.545318942], [114.359789592, 30.545319761], [114.359796196, 30.545320024], [114.359802799, 30.545319728], [114.359809337, 30.545318876], [114.359984365, 30.545288436], [114.360024862, 30.545312458], [114.360013187, 30.545409415], [114.35998128, 30.545675759], [114.359859088, 30.545666213], [114.359852481, 30.545665978], [114.359845879, 30.5456663], [114.359839347, 30.54566718], [114.359832946, 30.545668606], [114.359826738, 30.545670566], [114.359820784, 30.54567304], [114.35981514, 30.545676005], [114.359809859, 30.545679432], [114.359804994, 30.545683289], [114.359800592, 30.545687537], [114.359796695, 30.545692136], [114.359793339, 30.545697043], [114.359790558, 30.545702209], [114.35978879, 30.545706572], [114.359789074, 30.545390245], [114.359788755, 30.545384557], [114.359787789, 30.545378925], [114.359786188, 30.5453734], [114.359783965, 30.545368037], [114.359781143, 30.545362887], [114.359777749, 30.545358001], [114.359773814, 30.545353425], [114.359769378, 30.545349203], [114.359764482, 30.545345375], [114.359759174, 30.545341981], [114.359753506, 30.545339049], [114.359747531, 30.545336611], [114.359741308, 30.545334688], [114.359734896, 30.5453333], [114.359728356, 30.54533246], [114.359721752, 30.545332176], [114.359715149, 30.545332451], [114.359708607, 30.545333282], [114.359702192, 30.545334662], [114.359695966, 30.545336577], [114.359689987, 30.545339006], [114.359684313, 30.54534193], [114.359678999, 30.545345319], [114.359674096, 30.54534914], [114.359669653, 30.545353355], [114.35966571, 30.545357926], [114.359662306, 30.545362809], [114.359659475, 30.545367954], [114.359657242, 30.545373314], [114.359655631, 30.545378837], [114.359654657, 30.545384469], [114.359654326, 30.545390155], [114.359654026, 30.545724555], [114.359654322, 30.545730026], [114.359655215, 30.545735449], [114.359656698, 30.545740777], [114.359658757, 30.545745959], [114.359661374, 30.545750952], [114.359686155, 30.545792818], [114.359785136, 30.545960584], [114.359788416, 30.545965527], [114.359792244, 30.545970171], [114.359796582, 30.545974468], [114.359801387, 30.545978379], [114.359806615, 30.545981865], [114.359812214, 30.545984893], [114.359818132, 30.545987434], [114.359824309, 30.545989464], [114.359830688, 30.545990961], [114.359837206, 30.545991913], [114.359843802, 30.545992311], [114.359850412, 30.54599215], [114.35985697, 30.545991431], [114.359863415, 30.545990163], [114.359869686, 30.545988357], [114.35987572, 30.545986029], [114.35988146, 30.545983204], [114.359886852, 30.545979907], [114.359891842, 30.545976172], [114.359896383, 30.545972033], [114.35990043, 30.545967531], [114.359903947, 30.545962709], [114.359906897, 30.545957612], [114.359909253, 30.545952292], [114.359910992, 30.545946798], [114.359912098, 30.545941184], [114.35991256, 30.545935504], [114.359912372, 30.545929813], [114.359911538, 30.545924164], [114.359910065, 30.545918612], [114.359907968, 30.545913213], [114.359905265, 30.545908017], [114.359859822, 30.545830992], [114.360031092, 30.54584056], [114.360727845, 30.545892904], [114.360734448, 30.54589312], [114.360741044, 30.545892778], [114.360747569, 30.545891882], [114.360748643, 30.545891639], [114.360699644, 30.546281247], [114.360684972, 30.546390639], [114.360657393, 30.546596074], [114.360006493, 30.546533337], [114.360006409, 30.546533332], [114.360006327, 30.546533321], [114.359263326, 30.546463321], [114.359262883, 30.54646328], [114.358414884, 30.54638828], [114.358412917, 30.54638819], [114.358410956, 30.546388032], [114.358409617, 30.546388039], [114.358408281, 30.546387977], [114.358406313, 30.546388053], [114.358404345, 30.546388062], [114.358403012, 30.546388181], [114.358401675, 30.546388233], [114.358399726, 30.546388474], [114.358397769, 30.54638865], [114.358396457, 30.54638888], [114.358395132, 30.546389045], [114.35839322, 30.54638945], [114.358391291, 30.54638979], [114.358390012, 30.54639013], [114.358388711, 30.546390405], [114.358386855, 30.54639097], [114.358384974, 30.54639147], [114.358383739, 30.546391917], [114.358382476, 30.546392301], [114.358380693, 30.54639302], [114.358378877, 30.546393677], [114.358377701, 30.546394225], [114.358376488, 30.546394714], [114.358374795, 30.54639558], [114.358373792, 30.546396048], [114.35839905, 30.546036908], [114.358399126, 30.546031215], [114.358398553, 30.546025541], [114.358397337, 30.546019944], [114.358395491, 30.546014477], [114.35839303, 30.546009191], [114.35838998, 30.54600414], [114.358386369, 30.54599937], [114.358382233, 30.545994927], [114.358377612, 30.545990855], [114.358372549, 30.545987192], [114.358367094, 30.545983975], [114.358361298, 30.545981233], [114.35835522, 30.545978995], [114.358348915, 30.54597728], [114.358342446, 30.545976105], [114.358335874, 30.545975482], [114.358329262, 30.545975417], [114.358322675, 30.545975911], [114.358316177, 30.545976959], [114.358309828, 30.545978549], [114.35830369, 30.545980668], [114.358297824, 30.545983294], [114.358292285, 30.545986404], [114.358287127, 30.545989965], [114.358282399, 30.545993946], [114.358278146, 30.545998306], [114.358274411, 30.546003004], [114.358271228, 30.546007995], [114.358268628, 30.54601323], [114.358266636, 30.54601866], [114.358265272, 30.546024232], [114.358264549, 30.546029892], [114.35823205, 30.546491992], [114.358232035, 30.54649314], [114.358231941, 30.546494321], [114.358232, 30.546496094], [114.358231979, 30.546497788], [114.358232093, 30.546498883], [114.358232131, 30.546500013]]]}, "properties": {"id": 3629, "land_type": "教育用地"}}, {"type": "Feature", "geometry": {"type": "Polygon", "coordinates": [[[114.353799836, 30.544943786], [114.353794186, 30.545007483], [114.35377827, 30.545069472], [114.353761416, 30.545096158], [114.353752241, 30.545106352], [114.353358835, 30.545064313], [114.353375156, 30.544905179], [114.353799836, 30.544943786]]]}, "properties": {"id": 3652, "land_type": "教育用地"}}, {"type": "Feature", "geometry": {"type": "Polygon", "coordinates": [[[114.360533131, 30.547612088], [114.360532863, 30.547619513], [114.36053926, 30.547786493], [114.360413565, 30.547851776], [114.360345835, 30.547885699], [114.360311686, 30.547894629], [114.360180402, 30.547916817], [114.35999224, 30.547912205], [114.359775706, 30.547859712], [114.359538671, 30.547755338], [114.359537977, 30.547755037], [114.359135977, 30.547583037], [114.359131135, 30.547581167], [114.359126138, 30.54757963], [114.359117952, 30.547577422], [114.359089328, 30.547555361], [114.359083948, 30.547551625], [114.359078151, 30.547548383], [114.359071999, 30.547545668], [114.359065557, 30.547543512], [114.358708856, 30.547441912], [114.358702711, 30.547440436], [114.35817431, 30.547336435], [114.358164936, 30.54733518], [114.357590936, 30.54729368], [114.357581293, 30.54729358], [114.356996593, 30.547323579], [114.356996517, 30.547323584], [114.356899154, 30.547328675], [114.356900358, 30.547281278], [114.35690372, 30.547150819], [114.357096403, 30.547169653], [114.357101858, 30.547169994], [114.357174858, 30.547171993], [114.357180936, 30.547171924], [114.357186983, 30.547171382], [114.357248984, 30.547163382], [114.357255113, 30.547162339], [114.357261104, 30.547160811], [114.357266905, 30.547158813], [114.357272466, 30.547156358], [114.357277739, 30.547153471], [114.357282679, 30.547150177], [114.357297679, 30.547139178], [114.357302919, 30.547134898], [114.357307596, 30.547130159], [114.357311658, 30.547125017], [114.357315058, 30.547119529], [114.357328057, 30.547095528], [114.357331246, 30.547088473], [114.357342246, 30.547058473], [114.357344151, 30.547052008], [114.35734518, 30.547045396], [114.35734815, 30.547011743], [114.357383358, 30.546667306], [114.358252207, 30.546759465], [114.358201225, 30.546957437], [114.358200111, 30.54696305], [114.358199642, 30.546968729], [114.358199822, 30.546974421], [114.35820065, 30.54698007], [114.358202115, 30.546985623], [114.35820335, 30.546988815], [114.358192436, 30.547037757], [114.358191509, 30.547043394], [114.358191228, 30.547049084], [114.358191596, 30.547054768], [114.35819261, 30.547060396], [114.358194259, 30.54706591], [114.358196527, 30.547071259], [114.358199393, 30.54707639], [114.35820283, 30.547081254], [114.358206803, 30.547085806], [114.358211275, 30.547089998], [114.358216204, 30.547093795], [114.358221541, 30.547097156], [114.358227234, 30.547100051], [114.358233229, 30.547102452], [114.358239469, 30.547104335], [114.358245893, 30.547105681], [114.35825244, 30.54710648], [114.358259045, 30.547106722], [114.358265647, 30.547106405], [114.35827218, 30.547105532], [114.358278583, 30.547104113], [114.358284794, 30.547102159], [114.358290752, 30.547099691], [114.3582964, 30.547096731], [114.358301685, 30.547093309], [114.358306555, 30.547089457], [114.358310962, 30.547085213], [114.358314865, 30.547080617], [114.358318227, 30.547075714], [114.358321015, 30.54707055], [114.358323201, 30.547065176], [114.358324765, 30.547059644], [114.358400365, 30.546720644], [114.358400583, 30.546719259], [114.358409615, 30.546684185], [114.358442489, 30.546568613], [114.359913558, 30.546719431], [114.359868118, 30.547051009], [114.359854903, 30.547142252], [114.359852381, 30.547142139], [114.359468254, 30.547106314], [114.359461654, 30.547105979], [114.359455047, 30.547106204], [114.359448499, 30.547106985], [114.359442069, 30.547108315], [114.359435822, 30.547110181], [114.359429819, 30.547112566], [114.359424114, 30.547115445], [114.359418766, 30.547118793], [114.359413824, 30.547122575], [114.359409337, 30.547126757], [114.359405346, 30.547131298], [114.359401893, 30.547136153], [114.359399008, 30.547141276], [114.35939672, 30.547146619], [114.359395052, 30.547152129], [114.359394018, 30.547157753], [114.35939363, 30.547163437], [114.359393891, 30.547169126], [114.359394797, 30.547174767], [114.359396342, 30.547180304], [114.359398508, 30.547185683], [114.359401276, 30.547190854], [114.359404621, 30.547195766], [114.359408508, 30.547200372], [114.3594129, 30.547204628], [114.359417756, 30.547208493], [114.359423028, 30.547211929], [114.359428666, 30.547214903], [114.359434615, 30.547217388], [114.359440818, 30.547219358], [114.359447216, 30.547220796], [114.359453746, 30.547221685], [114.359778078, 30.547251934], [114.359773648, 30.547402531], [114.359773805, 30.547408223], [114.359774609, 30.547413876], [114.359776052, 30.547419432], [114.359778122, 30.54742484], [114.359780796, 30.547430047], [114.35978405, 30.547435004], [114.359787854, 30.547439661], [114.359792168, 30.547443976], [114.359796953, 30.547447906], [114.359802162, 30.547451412], [114.359807745, 30.547454463], [114.359813649, 30.547457027], [114.359819816, 30.54745908], [114.359826187, 30.547460603], [114.359832701, 30.547461581], [114.359839295, 30.547462004], [114.359845904, 30.547461869], [114.359852466, 30.547461176], [114.359858919, 30.547459933], [114.359865198, 30.547458151], [114.359871245, 30.547455848], [114.359877, 30.547453046], [114.359882409, 30.547449769], [114.359887419, 30.547446054], [114.359891981, 30.547441933], [114.359896053, 30.547437447], [114.359899594, 30.547432639], [114.359902573, 30.547427555], [114.359904957, 30.547422244], [114.359906725, 30.547416757], [114.359907861, 30.547411147], [114.359908352, 30.54740547], [114.359912601, 30.547260996], [114.359914685, 30.547260955], [114.359917115, 30.54726096], [114.359917987, 30.547260888], [114.359918865, 30.547260871], [114.359921277, 30.547260618], [114.359923695, 30.547260419], [114.359924557, 30.547260273], [114.359925428, 30.547260182], [114.3599278, 30.547259726], [114.359930184, 30.547259324], [114.359931024, 30.547259107], [114.359931881, 30.547258942], [114.359934189, 30.547258288], [114.359936516, 30.547257687], [114.359937328, 30.547257399], [114.359938162, 30.547257163], [114.359940385, 30.547256318], [114.359942632, 30.547255522], [114.359943407, 30.547255168], [114.35994421, 30.547254863], [114.359946326, 30.547253834], [114.359948471, 30.547252853], [114.359949203, 30.547252435], [114.359949968, 30.547252062], [114.359951955, 30.547250861], [114.359953981, 30.547249703], [114.35995466, 30.547249225], [114.359955378, 30.547248791], [114.359957221, 30.547247426], [114.359959103, 30.547246103], [114.359959725, 30.54724557], [114.359960391, 30.547245077], [114.359962069, 30.547243564], [114.359963791, 30.547242088], [114.359964351, 30.547241506], [114.359964956, 30.547240958], [114.359966453, 30.547239311], [114.359968, 30.547237697], [114.35996849, 30.54723707], [114.359969031, 30.547236474], [114.359970334, 30.547234708], [114.35997169, 30.547232972], [114.359972106, 30.547232306], [114.359972576, 30.547231668], [114.359973671, 30.547229801], [114.359974823, 30.547227958], [114.359975161, 30.54722726], [114.359975557, 30.547226585], [114.359976435, 30.547224634], [114.35997737, 30.547222703], [114.359977627, 30.547221981], [114.359977945, 30.547221276], [114.359978596, 30.54721926], [114.359979308, 30.547217259], [114.359979482, 30.547216518], [114.359979717, 30.54721579], [114.359980136, 30.547213729], [114.359980616, 30.547211677], [114.359980705, 30.547210926], [114.359980856, 30.547210181], [114.359994054, 30.547119055], [114.360584513, 30.5471484], [114.360533131, 30.547612088]]]}, "properties": {"id": 3633, "land_type": "教育用地"}}, {"type": "Feature", "geometry": {"type": "Polygon", "coordinates": [[[114.361349846, 30.55396237], [114.36141986, 30.553994684], [114.361455961, 30.554019339], [114.361478227, 30.554034755], [114.361504406, 30.554058554], [114.361521948, 30.554080641], [114.361540967, 30.554141157], [114.361541012, 30.554141299], [114.36155835, 30.554195919], [114.36155171, 30.554383766], [114.361547092, 30.554432713], [114.361537604, 30.554480153], [114.361537075, 30.554483319], [114.361531793, 30.554522551], [114.361527434, 30.554528653], [114.361511151, 30.554544936], [114.361430183, 30.554586264], [114.36138124, 30.554601392], [114.361378833, 30.554602182], [114.361254833, 30.554645182], [114.361252934, 30.554645869], [114.361162934, 30.554679869], [114.361160846, 30.554680694], [114.361085847, 30.554711694], [114.361081439, 30.554713692], [114.361077215, 30.554715964], [114.361005215, 30.554757965], [114.360999987, 30.554761344], [114.360943988, 30.554801344], [114.360939443, 30.554804903], [114.360935294, 30.554808806], [114.360931573, 30.554813015], [114.360928315, 30.5548175], [114.360925545, 30.554822222], [114.360901545, 30.554868222], [114.360899365, 30.554872943], [114.360878365, 30.554924942], [114.360876662, 30.554929848], [114.360875467, 30.554934863], [114.360870467, 30.554961863], [114.360869837, 30.554966413], [114.36086305, 30.555040107], [114.360855717, 30.555079522], [114.360855609, 30.555079969], [114.360796772, 30.554428237], [114.361050473, 30.554044335], [114.361080707, 30.554004798], [114.361186063, 30.553944594], [114.361295059, 30.553942308], [114.361349846, 30.55396237]]]}, "properties": {"id": 3634, "land_type": "公园与绿地用地"}}, {"type": "Feature", "geometry": {"type": "Polygon", "coordinates": [[[114.356947176, 30.554552779], [114.356989923, 30.554558208], [114.357006907, 30.554569392], [114.357014298, 30.554579952], [114.357016005, 30.554582183], [114.357043567, 30.554948087], [114.357041839, 30.555002497], [114.35703414, 30.555030728], [114.357015831, 30.555054719], [114.356974251, 30.555089221], [114.356974202, 30.555089266], [114.356974148, 30.555089308], [114.356892148, 30.55515764], [114.356724008, 30.555276273], [114.356674627, 30.555290277], [114.356626318, 30.555296158], [114.356744524, 30.555104178], [114.356745526, 30.555102485], [114.356812525, 30.554984485], [114.356815009, 30.554979544], [114.356816948, 30.554974427], [114.356857948, 30.554846427], [114.356859082, 30.554842308], [114.356892081, 30.554699309], [114.356892979, 30.554694272], [114.356911066, 30.554551026], [114.356947176, 30.554552779]]]}, "properties": {"id": 3635, "land_type": "公园与绿地用地"}}, {"type": "Feature", "geometry": {"type": "Polygon", "coordinates": [[[114.358738451, 30.555044023], [114.35873519, 30.555044268], [114.35873193, 30.55504451], [114.358731897, 30.555044515], [114.358731865, 30.555044517], [114.358728647, 30.555045036], [114.35872543, 30.555045552], [114.358725398, 30.55504556], [114.358725365, 30.555045566], [114.358722223, 30.555046353], [114.35871908, 30.555047139], [114.358692079, 30.555055139], [114.358687102, 30.555056806], [114.358663102, 30.555065806], [114.358654864, 30.555069496], [114.358635863, 30.555079497], [114.358629178, 30.555083513], [114.358607178, 30.555098513], [114.358601128, 30.555103176], [114.358578128, 30.555123176], [114.358574214, 30.555126888], [114.358570686, 30.555130876], [114.358567571, 30.555135113], [114.358556807, 30.555151258], [114.358547199, 30.555163487], [114.358544168, 30.555167725], [114.358541572, 30.555172171], [114.358539425, 30.555176792], [114.358528605, 30.555203352], [114.358522793, 30.555216913], [114.358521398, 30.555220531], [114.358510398, 30.555252532], [114.35850908, 30.555257012], [114.358508181, 30.555261568], [114.358502183, 30.555301568], [114.358501628, 30.555309], [114.358501628, 30.555421], [114.358501699, 30.555423691], [114.35850667, 30.555515875], [114.35847609, 30.555495682], [114.358447249, 30.555474975], [114.358430216, 30.555449796], [114.358428775, 30.555447763], [114.358410165, 30.555422679], [114.358398716, 30.555393675], [114.358370617, 30.555295754], [114.358385906, 30.555247702], [114.358427239, 30.555160544], [114.358523541, 30.555047413], [114.358774011, 30.55480286], [114.359031372, 30.554583662], [114.359123737, 30.55452771], [114.359171199, 30.554512354], [114.359223772, 30.554513795], [114.35927233, 30.554524096], [114.359331633, 30.554556218], [114.359428642, 30.554624311], [114.359522689, 30.554712659], [114.359573719, 30.554768164], [114.359610485, 30.554832504], [114.359648015, 30.554898903], [114.359690296, 30.554996332], [114.359705568, 30.555090665], [114.359704775, 30.555145383], [114.359682137, 30.555198744], [114.359643607, 30.555263586], [114.359590707, 30.555344827], [114.359532997, 30.555408751], [114.359484287, 30.555444669], [114.35911227, 30.55515403], [114.359106215, 30.555149822], [114.359099636, 30.555146243], [114.358948637, 30.555074243], [114.35894392, 30.555072198], [114.358939032, 30.555070477], [114.358856032, 30.555044477], [114.358849813, 30.555042817], [114.358843437, 30.555041681], [114.358836962, 30.555041082], [114.358830451, 30.555041023], [114.358738451, 30.555044023]]]}, "properties": {"id": 3636, "land_type": "公园与绿地用地"}}, {"type": "Feature", "geometry": {"type": "Polygon", "coordinates": [[[114.358887994, 30.555177965], [114.359027522, 30.555244494], [114.359412371, 30.555545157], [114.359388441, 30.555738038], [114.359306892, 30.555749775], [114.35930126, 30.555750801], [114.35929575, 30.555752238], [114.359290402, 30.555754073], [114.359215402, 30.555783074], [114.359209547, 30.55578564], [114.35920401, 30.555788685], [114.359198844, 30.55579218], [114.359107844, 30.555860181], [114.359103433, 30.555863789], [114.359099419, 30.555867727], [114.359095832, 30.55587196], [114.359025832, 30.55596296], [114.359023052, 30.555966907], [114.359020644, 30.555971032], [114.358995801, 30.556018192], [114.358855148, 30.555930032], [114.358778496, 30.555876193], [114.358731238, 30.555823872], [114.35869423, 30.55576043], [114.35866688, 30.555692051], [114.358647022, 30.555617137], [114.358636375, 30.555419654], [114.358636375, 30.555312731], [114.35864113, 30.555281026], [114.358649974, 30.555255296], [114.358655207, 30.555243086], [114.358655574, 30.555242208], [114.358663688, 30.555222292], [114.358669801, 30.555214512], [114.358672429, 30.555210887], [114.358680055, 30.555199449], [114.358694011, 30.555187313], [114.35870962, 30.555176671], [114.358721165, 30.555170593], [114.358738448, 30.555164112], [114.358753503, 30.555159652], [114.358822366, 30.555157406], [114.358887994, 30.555177965]]]}, "properties": {"id": 3637, "land_type": "公园与绿地用地"}}, {"type": "Feature", "geometry": {"type": "Polygon", "coordinates": [[[114.367967838, 30.543641828], [114.367967784, 30.543642016], [114.367938484, 30.543744415], [114.367841381, 30.544083726], [114.367826263, 30.544127213], [114.367826095, 30.544126922], [114.367822605, 30.544122085], [114.367818582, 30.544117567], [114.367814062, 30.544113411], [114.367584863, 30.543922311], [114.367580327, 30.543918855], [114.367575449, 30.543915764], [114.367570267, 30.543913062], [114.367564826, 30.543910772], [114.367128525, 30.543747672], [114.367121632, 30.543745472], [114.367114501, 30.543743931], [114.366116803, 30.543577632], [114.366108993, 30.543576735], [114.365448093, 30.543534435], [114.365440927, 30.543534305], [114.365427807, 30.54353467], [114.365429754, 30.543529766], [114.365430965, 30.543526375], [114.365511758, 30.543273159], [114.365562685, 30.543170344], [114.365843385, 30.542635916], [114.3658446, 30.542633454], [114.365972239, 30.542357195], [114.366007522, 30.542325377], [114.366011924, 30.542320989], [114.366015794, 30.542316243], [114.366019097, 30.542311189], [114.366021796, 30.542305875], [114.366023866, 30.542300356], [114.366212318, 30.541696263], [114.366300595, 30.541668247], [114.366304955, 30.541666712], [114.366528608, 30.541580004], [114.366685179, 30.541535006], [114.367077445, 30.5415762], [114.367078923, 30.54157634], [114.367567226, 30.541618225], [114.367611207, 30.541622636], [114.367612607, 30.541622763], [114.367788907, 30.54163724], [114.36832618, 30.541683325], [114.368404163, 30.541694271], [114.36841401, 30.54169502], [114.36849301, 30.54169602], [114.368499184, 30.541695854], [114.368505315, 30.541695203], [114.36851135, 30.54169407], [114.36857235, 30.541680069], [114.3685792, 30.541678154], [114.368585775, 30.541675619], [114.368591997, 30.541672495], [114.368597797, 30.541668816], [114.368602862, 30.541665227], [114.368485618, 30.541915596], [114.368485159, 30.541916601], [114.368323559, 30.542281101], [114.368323525, 30.542281179], [114.368214225, 30.54252878], [114.368213049, 30.542531668], [114.36814005, 30.542727568], [114.368138079, 30.542734162], [114.36813702, 30.54274091], [114.368128045, 30.542842779], [114.368055358, 30.543340304], [114.367967838, 30.543641828]], [[114.36675, 30.543083333], [114.367916667, 30.543083333], [114.367916667, 30.543], [114.368083334, 30.543], [114.368083334, 30.54275], [114.368, 30.54275], [114.368, 30.542666667], [114.36775, 30.542666667], [114.36775, 30.54275], [114.3675, 30.54275], [114.3675, 30.542833333], [114.367583333, 30.542833333], [114.367583333, 30.542916666], [114.367333333, 30.542916666], [114.367333333, 30.542833333], [114.367166667, 30.542833333], [114.367166667, 30.54275], [114.367083334, 30.54275], [114.367083334, 30.542666667], [114.366583334, 30.542666667], [114.366583334, 30.542583334], [114.366416667, 30.542583334], [114.366416667, 30.5425], [114.366333333, 30.5425], [114.366333333, 30.542416667], [114.366166667, 30.542416667], [114.366166667, 30.5425], [114.366, 30.5425], [114.366, 30.542666667], [114.366083333, 30.542666667], [114.366083333, 30.542833333], [114.366166667, 30.542833333], [114.366166667, 30.542916666], [114.36625, 30.542916666], [114.36625, 30.543], [114.366333333, 30.543], [114.366333333, 30.543083333], [114.366666667, 30.543083333], [114.366666667, 30.543], [114.36675, 30.543], [114.36675, 30.543083333]]]}, "properties": {"id": 3638, "land_type": "公园与绿地用地"}}, {"type": "Feature", "geometry": {"type": "Polygon", "coordinates": [[[114.351647932, 30.542900295], [114.351641399, 30.542901169], [114.351634997, 30.542902591], [114.351628786, 30.542904546], [114.35162283, 30.542907017], [114.351617182, 30.542909978], [114.351611899, 30.542913402], [114.351607031, 30.542917255], [114.351602625, 30.5429215], [114.351598723, 30.542926098], [114.351595363, 30.542931002], [114.351592578, 30.542936166], [114.351590393, 30.542941541], [114.351588831, 30.542947074], [114.351587907, 30.542952712], [114.351587628, 30.542958402], [114.351587998, 30.542964088], [114.351589014, 30.542969714], [114.351590664, 30.542975228], [114.351592935, 30.542980576], [114.351595803, 30.542985707], [114.351599241, 30.54299057], [114.351603217, 30.542995121], [114.351607691, 30.542999313], [114.35161262, 30.543003108], [114.351617958, 30.543006468], [114.351623653, 30.543009362], [114.351629649, 30.543011761], [114.351635889, 30.543013642], [114.351642313, 30.543014987], [114.35164886, 30.543015784], [114.351957115, 30.543040078], [114.351969258, 30.543122871], [114.351970168, 30.543127538], [114.351971516, 30.543132124], [114.351990201, 30.543186289], [114.351319175, 30.543226917], [114.351054337, 30.543243004], [114.351029923, 30.543240663], [114.350961692, 30.54322787], [114.350954301, 30.543224661], [114.35157002, 30.54220693], [114.351584078, 30.542210656], [114.352071594, 30.542339845], [114.3520231, 30.542446067], [114.352021109, 30.542451088], [114.352019661, 30.542456245], [114.351931961, 30.542845445], [114.351930976, 30.542851521], [114.35193074, 30.542857653], [114.351931257, 30.542863772], [114.351939824, 30.542922179], [114.35166114, 30.542900216], [114.351654533, 30.542899976], [114.351647932, 30.542900295]]]}, "properties": {"id": 3639, "land_type": "居住用地"}}, {"type": "Feature", "geometry": {"type": "Polygon", "coordinates": [[[114.353929093, 30.542961016], [114.353946618, 30.542972259], [114.353947947, 30.542976745], [114.353953328, 30.543005953], [114.353948458, 30.543080622], [114.353445779, 30.543062415], [114.353448862, 30.542939111], [114.353929093, 30.542961016]]]}, "properties": {"id": 3640, "land_type": "教育用地"}}, {"type": "Feature", "geometry": {"type": "Polygon", "coordinates": [[[114.353939361, 30.543196445], [114.353924055, 30.543364221], [114.353438784, 30.543335861], [114.353442835, 30.543178461], [114.353939361, 30.543196445]]]}, "properties": {"id": 3641, "land_type": "教育用地"}}, {"type": "Feature", "geometry": {"type": "Polygon", "coordinates": [[[114.354495806, 30.54321719], [114.354472757, 30.543390174], [114.354058579, 30.543371215], [114.354074071, 30.543201403], [114.354495806, 30.54321719]]]}, "properties": {"id": 3642, "land_type": "公园与绿地用地"}}, {"type": "Feature", "geometry": {"type": "Polygon", "coordinates": [[[114.352075627, 30.543434102], [114.351563479, 30.543453248], [114.351570876, 30.543340806], [114.352035145, 30.543316639], [114.352075627, 30.543434102]]]}, "properties": {"id": 3643, "land_type": "教育用地"}}, {"type": "Feature", "geometry": {"type": "Polygon", "coordinates": [[[114.353913185, 30.543479903], [114.353901254, 30.543603362], [114.353427324, 30.54358381], [114.353434209, 30.543451911], [114.353913185, 30.543479903]]]}, "properties": {"id": 3644, "land_type": "教育用地"}}, {"type": "Feature", "geometry": {"type": "Polygon", "coordinates": [[[114.354457366, 30.543505684], [114.354441193, 30.543627057], [114.35403591, 30.543609125], [114.354047719, 30.543486933], [114.354457366, 30.543505684]]]}, "properties": {"id": 3645, "land_type": "教育用地"}}, {"type": "Feature", "geometry": {"type": "Polygon", "coordinates": [[[114.35221611, 30.54373508], [114.352287822, 30.543972077], [114.351841586, 30.543960017], [114.351677573, 30.543953599], [114.351679348, 30.543870706], [114.351682319, 30.543807341], [114.351682309, 30.543802444], [114.351681819, 30.543797566], [114.351672818, 30.543737567], [114.351671672, 30.543732036], [114.351669907, 30.543726627], [114.351667545, 30.543721391], [114.351664606, 30.543716375], [114.351661116, 30.543711627], [114.351635939, 30.543680785], [114.352170835, 30.543647782], [114.35221611, 30.54373508]]]}, "properties": {"id": 3646, "land_type": "教育用地"}}, {"type": "Feature", "geometry": {"type": "Polygon", "coordinates": [[[114.354394543, 30.54397715], [114.353912337, 30.543944157], [114.353911786, 30.543944143], [114.353911241, 30.54394409], [114.35297224, 30.54389309], [114.352968, 30.543892975], [114.352910001, 30.543892975], [114.35290727, 30.54389309], [114.352904538, 30.543893166], [114.352747538, 30.543904165], [114.352743728, 30.543904527], [114.352626728, 30.543918527], [114.352624975, 30.543918758], [114.352578935, 30.543925334], [114.352548594, 30.543774922], [114.352647241, 30.543757894], [114.352652849, 30.543756708], [114.352658319, 30.543755113], [114.352712318, 30.543737113], [114.352718925, 30.543734551], [114.352725173, 30.543731394], [114.352803709, 30.543686646], [114.35283649, 30.54367728], [114.352881806, 30.543674155], [114.353353226, 30.543696933], [114.353353502, 30.543696936], [114.353353777, 30.543696959], [114.35395966, 30.543721954], [114.354425799, 30.543742579], [114.354394543, 30.54397715]]]}, "properties": {"id": 3647, "land_type": "居住用地"}}, {"type": "Feature", "geometry": {"type": "Polygon", "coordinates": [[[114.351493337, 30.544065916], [114.352311612, 30.544123693], [114.352331665, 30.544344201], [114.352233364, 30.54496101], [114.351702713, 30.54495177], [114.351673035, 30.54494987], [114.351688076, 30.544812445], [114.351688359, 30.544805781], [114.351687358, 30.544764781], [114.351686917, 30.544759252], [114.351685865, 30.544753786], [114.351675864, 30.544713786], [114.351674104, 30.544708145], [114.351671696, 30.544702685], [114.351668661, 30.544697461], [114.351665032, 30.544692526], [114.351660845, 30.544687931], [114.351656144, 30.544683721], [114.351614145, 30.544649721], [114.351611926, 30.544648094], [114.351609729, 30.544646445], [114.351609409, 30.544646249], [114.351609111, 30.544646029], [114.351606718, 30.544644597], [114.351604344, 30.544643141], [114.351604003, 30.544642973], [114.351603681, 30.544642781], [114.351601136, 30.544641557], [114.351598608, 30.544640309], [114.35159825, 30.54464017], [114.351597907, 30.544640006], [114.351595235, 30.544639003], [114.351592577, 30.544637974], [114.351592206, 30.544637866], [114.351591846, 30.544637731], [114.351589073, 30.544636959], [114.351586311, 30.544636159], [114.351585928, 30.544636084], [114.351585554, 30.544635979], [114.351582708, 30.544635445], [114.351579867, 30.544634882], [114.351579478, 30.54463484], [114.351579094, 30.544634768], [114.3515762, 30.544634476], [114.351573309, 30.544634156], [114.351213657, 30.544609672], [114.35125598, 30.544063634], [114.351493337, 30.544065916]]]}, "properties": {"id": 3648, "land_type": "居住用地"}}, {"type": "Feature", "geometry": {"type": "Polygon", "coordinates": [[[114.35335128, 30.544787064], [114.35333028, 30.544788065], [114.353323535, 30.54478868], [114.353316898, 30.544789876], [114.353310432, 30.544791642], [114.353304205, 30.544793957], [114.353298282, 30.544796802], [114.353285282, 30.544803801], [114.353280408, 30.54480669], [114.353275848, 30.544809935], [114.353266847, 30.544816934], [114.353262339, 30.544820787], [114.353258273, 30.54482499], [114.353254682, 30.544829503], [114.353251602, 30.544834287], [114.353249059, 30.5448393], [114.353247076, 30.544844496], [114.353245669, 30.544849831], [114.353244852, 30.544855256], [114.353242869, 30.544876075], [114.353224872, 30.545051549], [114.353020732, 30.545034349], [114.352477228, 30.544971981], [114.352559963, 30.544329395], [114.35255997, 30.544329303], [114.352559987, 30.544329211], [114.352577986, 30.54418521], [114.352578253, 30.544182468], [114.352585954, 30.544071703], [114.353141935, 30.54408211], [114.353599344, 30.544090688], [114.354444389, 30.544132273], [114.35482978, 30.544162833], [114.354746841, 30.544875144], [114.354534403, 30.544855458], [114.354482551, 30.544850482], [114.354483222, 30.544841895], [114.354483374, 30.544838], [114.354483374, 30.54481], [114.354483027, 30.544804122], [114.354481992, 30.544798304], [114.354480277, 30.544792607], [114.3544779, 30.544787089], [114.354474887, 30.544781806], [114.354471267, 30.544776814], [114.354454267, 30.544755814], [114.354448514, 30.544749651], [114.354433515, 30.54473565], [114.35442809, 30.544731125], [114.35442211, 30.544727151], [114.354415652, 30.544723778], [114.354391652, 30.544712777], [114.354385112, 30.544710157], [114.354378286, 30.544708154], [114.354371248, 30.54470679], [114.354228975, 30.544686041], [114.354048683, 30.54465137], [114.354042971, 30.544650492], [114.353927266, 30.544637105], [114.353472382, 30.544519428], [114.353465965, 30.544518059], [114.353459421, 30.544517239], [114.353452817, 30.544516976], [114.353446214, 30.544517271], [114.353439677, 30.544518122], [114.353433268, 30.54451952], [114.353427048, 30.544521453], [114.35342108, 30.544523901], [114.353415417, 30.544526842], [114.353410117, 30.544530246], [114.353405231, 30.544534082], [114.353400803, 30.544538312], [114.35339688, 30.544542895], [114.353393496, 30.544547787], [114.353390685, 30.544552941], [114.353388475, 30.544558308], [114.353386885, 30.544563835], [114.353385934, 30.544569469], [114.353385626, 30.544575158], [114.35338597, 30.544580845], [114.353386957, 30.544586474], [114.353388581, 30.544591995], [114.353390826, 30.544597351], [114.353393669, 30.544602491], [114.353397084, 30.544607368], [114.353401036, 30.544611932], [114.35340549, 30.544616141], [114.353410401, 30.544619954], [114.353415721, 30.544623333], [114.353421401, 30.544626248], [114.353427387, 30.544628667], [114.353433618, 30.544630572], [114.353835548, 30.54473455], [114.353830795, 30.544756237], [114.353830604, 30.544757151], [114.353816315, 30.544828591], [114.353362072, 30.544787296], [114.353356682, 30.544786994], [114.35335128, 30.544787064]]]}, "properties": {"id": 3649, "land_type": "教育用地"}}, {"type": "Feature", "geometry": {"type": "Polygon", "coordinates": [[[114.3515391, 30.544748238], [114.351548555, 30.544755892], [114.351552777, 30.544772778], [114.35155356, 30.544804879], [114.351538632, 30.544941265], [114.351430395, 30.544934335], [114.351428453, 30.544934235], [114.351165452, 30.544923965], [114.351199473, 30.544725118], [114.3515391, 30.544748238]]]}, "properties": {"id": 3650, "land_type": "公园与绿地用地"}}, {"type": "Feature", "geometry": {"type": "Polygon", "coordinates": [[[114.354858523, 30.547732541], [114.354794748, 30.547851721], [114.354711448, 30.547876457], [114.354638073, 30.547895378], [114.354469092, 30.547923068], [114.354199976, 30.547926927], [114.3538738, 30.547897364], [114.353434051, 30.547848942], [114.353194408, 30.547793639], [114.352989293, 30.547728555], [114.35298165, 30.547726564], [114.35283384, 30.547696164], [114.352581043, 30.5476094], [114.352575538, 30.547607744], [114.352569887, 30.547606505], [114.352564134, 30.547605691], [114.352363033, 30.547584892], [114.352355818, 30.547584482], [114.352348595, 30.54758474], [114.352272627, 30.547590988], [114.352268144, 30.547548194], [114.35223533, 30.547176306], [114.352229409, 30.546876291], [114.352263942, 30.546392835], [114.352276481, 30.546379277], [114.352297818, 30.546372024], [114.352345012, 30.546372024], [114.353380235, 30.546451275], [114.353414083, 30.546459993], [114.353420626, 30.54649206], [114.353420626, 30.546549906], [114.35339435, 30.546566798], [114.35307319, 30.546733761], [114.353039702, 30.5467473], [114.353001177, 30.546750739], [114.352464314, 30.546714157], [114.352457705, 30.546713987], [114.352451109, 30.546714376], [114.352444589, 30.546715319], [114.352438208, 30.546716808], [114.352432026, 30.546718829], [114.352426105, 30.546721363], [114.3524205, 30.546724383], [114.352415266, 30.546727863], [114.352410453, 30.546731767], [114.352406108, 30.546736059], [114.352402272, 30.546740696], [114.352398983, 30.546745636], [114.352396271, 30.54675083], [114.352394164, 30.546756227], [114.35239268, 30.546761776], [114.352391836, 30.546767423], [114.352391639, 30.546773114], [114.352392091, 30.546778795], [114.352393186, 30.546784411], [114.352394916, 30.546789907], [114.352397263, 30.54679523], [114.352400203, 30.546800329], [114.352403712, 30.546805157], [114.352407751, 30.546809664], [114.352412284, 30.546813808], [114.352417268, 30.546817551], [114.352422653, 30.546820855], [114.352428388, 30.546823687], [114.352434418, 30.546826023], [114.352440685, 30.546827838], [114.352447129, 30.546829116], [114.352453686, 30.546829841], [114.352996687, 30.546866842], [114.35300282, 30.546867018], [114.353008946, 30.546866714], [114.353064947, 30.546861714], [114.353072384, 30.546860685], [114.353079641, 30.546858948], [114.353086629, 30.546856524], [114.353133628, 30.546837524], [114.353139818, 30.546834674], [114.353466819, 30.546664674], [114.353472301, 30.546661498], [114.353514301, 30.546634499], [114.353519043, 30.546631151], [114.353523411, 30.546627445], [114.353527369, 30.546623414], [114.353530887, 30.546619089], [114.353544887, 30.546600089], [114.353548031, 30.546595341], [114.353550643, 30.546590359], [114.353552699, 30.546585187], [114.353554181, 30.546579872], [114.353555075, 30.546574461], [114.353555373, 30.546569], [114.353555373, 30.546487], [114.353555119, 30.546481959], [114.353554357, 30.546476956], [114.353544357, 30.546427956], [114.353542993, 30.546422708], [114.353541069, 30.546417591], [114.353538604, 30.54641265], [114.353535618, 30.546407926], [114.353516619, 30.546380927], [114.353512639, 30.54637589], [114.353508069, 30.546371239], [114.353502958, 30.546367027], [114.353497362, 30.5463633], [114.353491343, 30.546360099], [114.353484967, 30.54635746], [114.353478305, 30.546355409], [114.353412306, 30.54633841], [114.3534057, 30.546337017], [114.353398965, 30.546336204], [114.352353966, 30.546256204], [114.352348, 30.546255977], [114.352285001, 30.546255977], [114.352278676, 30.546256232], [114.352272409, 30.546256999], [114.352266252, 30.546258269], [114.35226026, 30.54626003], [114.35221026, 30.54627703], [114.352203863, 30.546279544], [114.352197805, 30.54628262], [114.352192151, 30.546286223], [114.352186966, 30.546290313], [114.352182304, 30.546294846], [114.352154772, 30.54632461], [114.352154694, 30.54630864], [114.352217711, 30.545913039], [114.35221956, 30.545913063], [114.352191068, 30.546126369], [114.352190635, 30.546132051], [114.352190852, 30.546137742], [114.352191715, 30.546143387], [114.352193216, 30.546148932], [114.352195341, 30.546154325], [114.35219807, 30.546159511], [114.352201377, 30.546164443], [114.352205228, 30.546169071], [114.352209588, 30.546173352], [114.352214413, 30.546177245], [114.352219658, 30.546180711], [114.352225273, 30.546183718], [114.352231203, 30.546186236], [114.352237391, 30.546188243], [114.352243777, 30.546189716], [114.352250301, 30.546190643], [114.352256898, 30.546191016], [114.352263505, 30.546190829], [114.352270062, 30.546190086], [114.3522765, 30.546188793], [114.352282761, 30.546186963], [114.352288784, 30.546184612], [114.35229451, 30.546181766], [114.352299884, 30.546178449], [114.352304854, 30.546174694], [114.352309374, 30.546170539], [114.352313399, 30.54616602], [114.352316891, 30.546161186], [114.352319815, 30.546156078], [114.352322144, 30.546150749], [114.352323855, 30.546145249], [114.352324933, 30.546139631], [114.352361933, 30.54586263], [114.352361935, 30.545862588], [114.352361943, 30.545862546], [114.352361949, 30.54586248], [114.352361961, 30.545862414], [114.352396961, 30.545591415], [114.352396964, 30.545591372], [114.352396972, 30.545591331], [114.352422961, 30.545387416], [114.352457941, 30.545120228], [114.353691745, 30.545225395], [114.353691822, 30.545227425], [114.353692516, 30.545232394], [114.353704516, 30.545295394], [114.353705995, 30.545301248], [114.353708166, 30.545306938], [114.353736992, 30.5453711], [114.353759275, 30.545470444], [114.353772567, 30.545583428], [114.353770636, 30.54567899], [114.353770632, 30.545679265], [114.353769632, 30.545747265], [114.35376986, 30.545752831], [114.353795861, 30.546020831], [114.353796734, 30.546026475], [114.353798245, 30.546032019], [114.35380038, 30.546037408], [114.353803118, 30.546042591], [114.353806433, 30.546047518], [114.353810293, 30.546052141], [114.353814659, 30.546056416], [114.353819492, 30.546060302], [114.353824744, 30.546063762], [114.353830364, 30.546066761], [114.353836297, 30.546069271], [114.35384249, 30.546071269], [114.353848879, 30.546072735], [114.353855404, 30.546073654], [114.353862002, 30.546074017], [114.35386861, 30.546073822], [114.353875163, 30.54607307], [114.353881601, 30.546071768], [114.353887858, 30.54606993], [114.353893877, 30.546067572], [114.353899596, 30.546064717], [114.353904965, 30.546061393], [114.35390993, 30.546057632], [114.353914442, 30.54605347], [114.353918459, 30.546048947], [114.353921942, 30.546044107], [114.353924856, 30.546038997], [114.353927176, 30.546033664], [114.353928877, 30.546028161], [114.353929945, 30.546022543], [114.353930366, 30.546016859], [114.35393014, 30.546011169], [114.353904408, 30.545745947], [114.353905366, 30.545680872], [114.353907364, 30.545582009], [114.35390703, 30.54557515], [114.353893031, 30.54545615], [114.353892578, 30.545453574], [114.353892152, 30.545450995], [114.353868151, 30.545343995], [114.353866749, 30.545338964], [114.353864835, 30.545334062], [114.353836355, 30.545270672], [114.353829974, 30.545237178], [114.354073347, 30.545257923], [114.354227623, 30.545274574], [114.354236, 30.545275023], [114.354273, 30.545275023], [114.354279949, 30.545274714], [114.354286825, 30.545273789], [114.354293554, 30.545272258], [114.354322553, 30.545264258], [114.354328936, 30.545262184], [114.354335044, 30.545259565], [114.354340813, 30.545256428], [114.354346183, 30.545252805], [114.354351101, 30.545248731], [114.354375101, 30.545226732], [114.354379561, 30.545222199], [114.35438346, 30.545217299], [114.354386755, 30.545212079], [114.354389415, 30.545206598], [114.354404414, 30.545170598], [114.354406482, 30.545164653], [114.354462466, 30.544965511], [114.354519735, 30.544970817], [114.354799438, 30.544997657], [114.354806213, 30.544998325], [114.355178625, 30.545038624], [114.355065968, 30.545799056], [114.355065427, 30.545806685], [114.355065694, 30.54585368], [114.354343303, 30.545795231], [114.354336697, 30.545794976], [114.354330095, 30.545795281], [114.354323559, 30.545796143], [114.354317153, 30.545797551], [114.354310938, 30.545799494], [114.354304974, 30.545801951], [114.354299318, 30.5458049], [114.354294025, 30.545808313], [114.354289147, 30.545812155], [114.354284728, 30.545816392], [114.354280813, 30.54582098], [114.35427744, 30.545825878], [114.35427464, 30.545831036], [114.354272441, 30.545836406], [114.354270863, 30.545841935], [114.354269923, 30.545847572], [114.354269628, 30.545853261], [114.354269982, 30.545858947], [114.354270982, 30.545864576], [114.354272617, 30.545870093], [114.354274872, 30.545875446], [114.354277726, 30.545880582], [114.354281151, 30.545885453], [114.354285113, 30.545890011], [114.354289575, 30.545894213], [114.354294494, 30.545898018], [114.354299822, 30.545901389], [114.354305509, 30.545904294], [114.354311498, 30.545906705], [114.354317733, 30.5459086], [114.354324154, 30.545909959], [114.354330699, 30.545910768], [114.355055259, 30.545969393], [114.355042311, 30.546101688], [114.355008467, 30.546097552], [114.355001884, 30.546097029], [114.354995272, 30.546097066], [114.354988696, 30.546097659], [114.354982219, 30.546098805], [114.354975904, 30.546100492], [114.354969812, 30.546102704], [114.354964, 30.54610542], [114.354958526, 30.546108613], [114.354953442, 30.546112253], [114.354948797, 30.546116305], [114.354944634, 30.54612073], [114.354940996, 30.546125483], [114.354937916, 30.546130522], [114.354935424, 30.546135797], [114.354933544, 30.546141256], [114.354932296, 30.546146848], [114.354931688, 30.546152518], [114.35493173, 30.546158212], [114.354932419, 30.546163875], [114.354933751, 30.546169453], [114.354935709, 30.54617489], [114.354938278, 30.546180138], [114.354941431, 30.546185143], [114.354945139, 30.546189857], [114.354949365, 30.546194236], [114.354954069, 30.546198237], [114.354959207, 30.546201821], [114.354964728, 30.546204956], [114.354970578, 30.546207608], [114.354976703, 30.546209753], [114.354983041, 30.546211372], [114.354989534, 30.546212448], [114.355067789, 30.546222012], [114.355068904, 30.546417862], [114.35502422, 30.546697093], [114.354836311, 30.546676923], [114.35459442, 30.546553121], [114.354588578, 30.546550454], [114.35458246, 30.546548295], [114.354576125, 30.546546663], [114.354569635, 30.546545573], [114.354563054, 30.546545036], [114.354556442, 30.546545058], [114.354549864, 30.546545637], [114.354543384, 30.546546769], [114.354537064, 30.546548443], [114.354530966, 30.546550641], [114.354525147, 30.546553344], [114.354519663, 30.546556525], [114.354514568, 30.546560154], [114.35450991, 30.546564195], [114.354505735, 30.54656861], [114.354502083, 30.546573357], [114.354498988, 30.546578388], [114.354496481, 30.546583657], [114.354494584, 30.546589113], [114.35449332, 30.546594701], [114.354492695, 30.54660037], [114.35449272, 30.546606065], [114.354493393, 30.54661173], [114.354494707, 30.54661731], [114.35449665, 30.546622752], [114.354499203, 30.546628005], [114.354502342, 30.546633016], [114.354506036, 30.546637739], [114.354510249, 30.546642128], [114.354514943, 30.546646138], [114.354520069, 30.546649734], [114.35452558, 30.546652879], [114.35477958, 30.54678288], [114.354785721, 30.546785664], [114.354792161, 30.54678789], [114.354798834, 30.546789534], [114.354805667, 30.546790577], [114.355005823, 30.546812063], [114.354858523, 30.547732541]]]}, "properties": {"id": 3653, "land_type": "教育用地"}}, {"type": "Feature", "geometry": {"type": "Polygon", "coordinates": [[[114.355891198, 30.54321207], [114.35586943, 30.543340941], [114.35583033, 30.543572137], [114.355753829, 30.544025443], [114.35574962, 30.544050322], [114.355648088, 30.544045083], [114.354913898, 30.544006125], [114.354652653, 30.54398718], [114.354650354, 30.543987111], [114.354648058, 30.543986982], [114.354571215, 30.543985943], [114.354595151, 30.543693771], [114.354621075, 30.543457457], [114.354621132, 30.543456361], [114.354621266, 30.543455269], [114.354640165, 30.543166836], [114.354656964, 30.543036397], [114.354657369, 30.543030713], [114.354657126, 30.543025023], [114.354657086, 30.543024768], [114.354689035, 30.542785118], [114.354728261, 30.542490524], [114.354737816, 30.54246002], [114.355891198, 30.54321207]]]}, "properties": {"id": 3654, "land_type": "教育用地"}}, {"type": "Feature", "geometry": {"type": "Polygon", "coordinates": [[[114.356430422, 30.543461988], [114.356536311, 30.54349953], [114.356517261, 30.543758732], [114.356492757, 30.544091739], [114.356032221, 30.544065331], [114.356150207, 30.543431267], [114.356430422, 30.543461988]]]}, "properties": {"id": 3655, "land_type": "教育用地"}}, {"type": "Feature", "geometry": {"type": "Polygon", "coordinates": [[[114.355010515, 30.54417718], [114.35501159, 30.544177257], [114.355536597, 30.544211653], [114.355423496, 30.544891628], [114.355410418, 30.544941101], [114.354880667, 30.544888861], [114.354963964, 30.544173484], [114.355010515, 30.54417718]]]}, "properties": {"id": 3656, "land_type": "公园与绿地用地"}}, {"type": "Feature", "geometry": {"type": "Polygon", "coordinates": [[[114.350621924, 30.554630457], [114.351002261, 30.554855594], [114.351016214, 30.554882383], [114.351020378, 30.554901814], [114.351024626, 30.554931556], [114.351024626, 30.554968], [114.351024629, 30.554968499], [114.351027015, 30.555207089], [114.35044523, 30.555182915], [114.350463216, 30.554971094], [114.350471836, 30.554969178], [114.350479179, 30.554967154], [114.350486205, 30.554964421], [114.350506205, 30.554955419], [114.350513206, 30.554951788], [114.350519644, 30.554947452], [114.350540644, 30.554931452], [114.350544915, 30.554927897], [114.350548805, 30.554924033], [114.350552285, 30.554919889], [114.350555328, 30.554915496], [114.350565327, 30.554899496], [114.350569096, 30.554892344], [114.350579096, 30.554869343], [114.350580759, 30.554865006], [114.350587759, 30.554844006], [114.350589332, 30.554838163], [114.350590196, 30.554832212], [114.350590341, 30.554826216], [114.350589342, 30.554798216], [114.350589113, 30.554795753], [114.350588921, 30.554793286], [114.350588849, 30.554792915], [114.350588814, 30.554792541], [114.350588306, 30.554790108], [114.350587835, 30.55478767], [114.350587721, 30.554787306], [114.350587644, 30.554786938], [114.350586862, 30.554784559], [114.350586114, 30.554782172], [114.350577115, 30.554758172], [114.350575071, 30.55475344], [114.350572561, 30.554748879], [114.350569596, 30.554744523], [114.350551596, 30.554720523], [114.350547581, 30.554715724], [114.350543018, 30.554711302], [114.350527017, 30.554697302], [114.35052294, 30.554694019], [114.350518563, 30.554691038], [114.350513914, 30.55468838], [114.350490914, 30.55467638], [114.350490513, 30.554676197], [114.35049361, 30.55456072], [114.350621924, 30.554630457]]]}, "properties": {"id": 3670, "land_type": "公园与绿地用地"}}, {"type": "Feature", "geometry": {"type": "Polygon", "coordinates": [[[114.356188999, 30.547080407], [114.356197024, 30.547082099], [114.356242023, 30.547089099], [114.356244373, 30.547089427], [114.356555402, 30.547128096], [114.356551642, 30.547283793], [114.35655165, 30.547284043], [114.356551632, 30.547284292], [114.356550691, 30.547350797], [114.356345613, 30.547378898], [114.356320098, 30.5473824], [114.356312242, 30.547383897], [114.355850842, 30.547497098], [114.355842212, 30.547499773], [114.355337838, 30.547690519], [114.355087916, 30.547764699], [114.355106913, 30.547607831], [114.355234788, 30.546778639], [114.355234804, 30.546778467], [114.355234839, 30.546778297], [114.355276526, 30.546495097], [114.356007936, 30.546572977], [114.356010376, 30.54658005], [114.355943219, 30.547013323], [114.355942666, 30.547018997], [114.355942763, 30.547024691], [114.355943507, 30.547030349], [114.355944891, 30.547035917], [114.355946902, 30.547041341], [114.355949522, 30.547046569], [114.355952722, 30.547051551], [114.355956475, 30.547056239], [114.355960743, 30.547060588], [114.355965486, 30.547064555], [114.355970658, 30.547068103], [114.355976209, 30.547071198], [114.355982083, 30.547073808], [114.355988229, 30.54707591], [114.355994583, 30.547077484], [114.356001086, 30.547078513], [114.356007675, 30.547078989], [114.356014285, 30.547078906], [114.356020855, 30.547078266], [114.35602732, 30.547077073], [114.356033619, 30.547075341], [114.35603969, 30.547073086], [114.356045475, 30.547070329], [114.356050918, 30.547067096], [114.356055967, 30.547063421], [114.356060574, 30.547059336], [114.356064693, 30.547054882], [114.356068287, 30.547050102], [114.356071319, 30.547045042], [114.356073759, 30.54703975], [114.356075587, 30.547034278], [114.356076781, 30.547028677], [114.35610523, 30.546845142], [114.356105598, 30.546845297], [114.356111183, 30.546847142], [114.356117231, 30.546848878], [114.356113156, 30.546879704], [114.356101274, 30.546952975], [114.356100628, 30.546961], [114.356100628, 30.546986], [114.356100961, 30.546991771], [114.35610196, 30.546997485], [114.356103614, 30.547003085], [114.356105907, 30.547008516], [114.356108815, 30.547013723], [114.356120815, 30.547032724], [114.35612555, 30.547039171], [114.356136551, 30.547052172], [114.356140936, 30.547056829], [114.356145856, 30.547061072], [114.356151258, 30.547064854], [114.356157086, 30.547068136], [114.356163275, 30.547070882], [114.356181275, 30.547077882], [114.356188999, 30.547080407]]]}, "properties": {"id": 3657, "land_type": "教育用地"}}, {"type": "Feature", "geometry": {"type": "Polygon", "coordinates": [[[114.356358295, 30.553170022], [114.356406278, 30.55317962], [114.356477722, 30.553214448], [114.356522752, 30.553236553], [114.356583117, 30.553296044], [114.356641464, 30.553359947], [114.356714329, 30.553476164], [114.356749283, 30.553579185], [114.356793979, 30.553798775], [114.356814493, 30.554091837], [114.356784943, 30.554477962], [114.35678431, 30.554481757], [114.356784203, 30.554482747], [114.356784021, 30.554483729], [114.356759341, 30.554679193], [114.356727399, 30.554817614], [114.35668872, 30.554938366], [114.356624958, 30.555050661], [114.356484475, 30.555278822], [114.356484309, 30.555279094], [114.356453309, 30.555330094], [114.356453101, 30.555330483], [114.356452856, 30.555330855], [114.356452716, 30.555331126], [114.356452549, 30.555331384], [114.356416549, 30.555394384], [114.356416249, 30.555394915], [114.356367249, 30.555482914], [114.356364006, 30.555489855], [114.356325006, 30.555591855], [114.356323599, 30.555596063], [114.356322565, 30.555600349], [114.356303617, 30.555697083], [114.356256673, 30.555923816], [114.356256223, 30.555926301], [114.356219349, 30.556163494], [114.3561925, 30.556305689], [114.356191768, 30.556311252], [114.356191661, 30.556316849], [114.356193662, 30.55637085], [114.356193677, 30.556371236], [114.356196677, 30.556438236], [114.356197356, 30.556444511], [114.356198821, 30.556450685], [114.356201055, 30.556456686], [114.356240055, 30.556544686], [114.356241415, 30.556547526], [114.356275414, 30.556613526], [114.356278567, 30.556618881], [114.356282346, 30.556623927], [114.356286711, 30.556628608], [114.356372953, 30.55671191], [114.356401355, 30.556744099], [114.356405076, 30.556747959], [114.356409171, 30.556751527], [114.356413609, 30.556754778], [114.356418356, 30.556757685], [114.356590355, 30.556853686], [114.356595517, 30.556856293], [114.356600927, 30.556858497], [114.356885928, 30.556961497], [114.356890639, 30.556963024], [114.357682638, 30.557191023], [114.357686715, 30.557192075], [114.357861715, 30.557232075], [114.3578656, 30.557232858], [114.357878968, 30.557235194], [114.357447063, 30.557914027], [114.357440729, 30.557914322], [114.357433542, 30.557915335], [114.357396543, 30.557922335], [114.357391554, 30.557923453], [114.35738668, 30.557924896], [114.35734768, 30.557937895], [114.35734543, 30.557938686], [114.357301567, 30.557954896], [114.356949409, 30.558060921], [114.356715062, 30.558018977], [114.356500646, 30.557954358], [114.356187349, 30.557856204], [114.355920781, 30.557753145], [114.355787359, 30.557700729], [114.355670402, 30.557626384], [114.355633582, 30.557588763], [114.355602757, 30.557541716], [114.355575022, 30.557454931], [114.355558954, 30.557363255], [114.355553627, 30.557308211], [114.355561034, 30.557237845], [114.355583848, 30.557062283], [114.355593712, 30.55700211], [114.355594321, 30.556996321], [114.35559832, 30.556910322], [114.355598191, 30.55690373], [114.355592191, 30.556833729], [114.355591766, 30.55683022], [114.355580765, 30.55676022], [114.355580081, 30.556756692], [114.355565082, 30.556691692], [114.355563632, 30.556686615], [114.355561657, 30.556681673], [114.355533656, 30.556620672], [114.355529574, 30.556613333], [114.355496575, 30.556563333], [114.355492817, 30.55655827], [114.355453818, 30.556511269], [114.3554534, 30.556510772], [114.3553414, 30.556378773], [114.355340742, 30.556378009], [114.355269222, 30.556296556], [114.355210392, 30.556226154], [114.355139153, 30.556123145], [114.355104712, 30.556063832], [114.354991137, 30.555852621], [114.35498828, 30.555847889], [114.354852989, 30.55564703], [114.354886582, 30.5556215], [114.354891708, 30.555617165], [114.354976707, 30.555537164], [114.354977298, 30.5555366], [114.355064683, 30.555452162], [114.35511668, 30.555408674], [114.355191935, 30.555351988], [114.355283506, 30.555285301], [114.355287427, 30.555282208], [114.355291052, 30.555278859], [114.355334054, 30.555235859], [114.355338779, 30.55523054], [114.355397779, 30.555155539], [114.35540099, 30.555151028], [114.355403711, 30.555146282], [114.355432711, 30.555089283], [114.355435885, 30.555081628], [114.355473885, 30.554964627], [114.3554754, 30.554958833], [114.355476219, 30.554952935], [114.355482219, 30.554876935], [114.355482266, 30.554869731], [114.355459335, 30.554519763], [114.35545536, 30.554354817], [114.35545336, 30.554268838], [114.355452751, 30.554262125], [114.35543175, 30.554130125], [114.355431607, 30.55412927], [114.35539682, 30.553932471], [114.355368972, 30.553713679], [114.355368721, 30.553711937], [114.355346921, 30.553578171], [114.355337999, 30.553498761], [114.355349153, 30.553448995], [114.355349669, 30.553446367], [114.355359682, 30.553387201], [114.355384817, 30.553327399], [114.355416291, 30.553275465], [114.355483186, 30.55322864], [114.355528026, 30.55320255], [114.355588539, 30.55318526], [114.355643728, 30.553170601], [114.355755055, 30.553166001], [114.356282345, 30.553160077], [114.356358295, 30.553170022]]]}, "properties": {"id": 3658, "land_type": "公园与绿地用地"}}, {"type": "Feature", "geometry": {"type": "Polygon", "coordinates": [[[114.348561894, 30.55494383], [114.348561737, 30.554945675], [114.348555622, 30.555037393], [114.348203276, 30.555018098], [114.348199405, 30.555017982], [114.348010274, 30.555017003], [114.347947115, 30.555010404], [114.347939, 30.555009982], [114.347925992, 30.555009982], [114.34792587, 30.555008916], [114.347922535, 30.554985577], [114.347923026, 30.554974783], [114.347926047, 30.554965118], [114.34793345, 30.554941562], [114.348200466, 30.554932979], [114.348491418, 30.554923981], [114.348497318, 30.554923574], [114.348525319, 30.554920574], [114.348533833, 30.554919178], [114.348560834, 30.554913178], [114.348565196, 30.554912041], [114.348561894, 30.55494383]]]}, "properties": {"id": 3671, "land_type": "公园与绿地用地"}}, {"type": "Feature", "geometry": {"type": "Polygon", "coordinates": [[[114.350278141, 30.555727553], [114.349574395, 30.555712016], [114.348988391, 30.555689055], [114.348946921, 30.55568708], [114.348653307, 30.555671584], [114.348663286, 30.555481979], [114.349361935, 30.555502901], [114.349429229, 30.55550963], [114.349437001, 30.555510018], [114.349477, 30.555510018], [114.349483029, 30.555509785], [114.34948901, 30.555509089], [114.349494894, 30.555507934], [114.349500633, 30.555506331], [114.349531634, 30.555496331], [114.34953718, 30.555494294], [114.349542492, 30.555491838], [114.349547529, 30.555488983], [114.349552248, 30.555485751], [114.349584249, 30.555461751], [114.349589084, 30.555457742], [114.349593434, 30.55545334], [114.349626433, 30.55541634], [114.349630481, 30.555411265], [114.349633881, 30.555405849], [114.349636597, 30.555400154], [114.349638595, 30.555394243], [114.349639856, 30.555388182], [114.349640363, 30.555382042], [114.349641342, 30.555335023], [114.349666284, 30.554921006], [114.349666237, 30.554914307], [114.349660238, 30.554833307], [114.34965905, 30.554825556], [114.34963405, 30.554718556], [114.349632647, 30.554713659], [114.349630754, 30.554708886], [114.349581754, 30.554600887], [114.349578701, 30.554595111], [114.349574934, 30.554589656], [114.349570496, 30.554584589], [114.349565445, 30.554579969], [114.349493443, 30.554520969], [114.3494887, 30.554517431], [114.349483596, 30.554514287], [114.349478172, 30.554511565], [114.349472479, 30.554509291], [114.349466565, 30.554507482], [114.349460481, 30.554506155], [114.34945428, 30.554505321], [114.349448016, 30.554504988], [114.349371016, 30.554503988], [114.349370682, 30.554503997], [114.34937035, 30.554503982], [114.349367379, 30.554504095], [114.349364408, 30.554504182], [114.349364078, 30.55450422], [114.349363744, 30.554504232], [114.349360801, 30.554504595], [114.349357853, 30.554504933], [114.34935753, 30.554504998], [114.349357199, 30.554505038], [114.349315199, 30.554512037], [114.349309618, 30.554513182], [114.349304172, 30.554514731], [114.349261173, 30.554528732], [114.349254485, 30.554531274], [114.349248156, 30.554534426], [114.349242253, 30.554538156], [114.349240944, 30.5545359], [114.349237727, 30.554531394], [114.349234047, 30.554527158], [114.349229933, 30.554523229], [114.349213948, 30.554509292], [114.349378975, 30.554486451], [114.349395168, 30.554483621], [114.349411039, 30.554479659], [114.349609516, 30.554422467], [114.349715672, 30.554391901], [114.350330119, 30.554234534], [114.350343877, 30.554230542], [114.350368695, 30.554222475], [114.350364662, 30.55433013], [114.350364669, 30.554330466], [114.350364641, 30.554330802], [114.350361643, 30.55445573], [114.350355953, 30.554667895], [114.350355255, 30.554668031], [114.350349503, 30.554669626], [114.350343938, 30.554671657], [114.350326939, 30.554678657], [114.350321297, 30.55468127], [114.35031597, 30.554684332], [114.350311004, 30.554687817], [114.350289004, 30.554704818], [114.350284676, 30.554708477], [114.350280748, 30.554712459], [114.350262749, 30.554732459], [114.350259464, 30.554736443], [114.350256581, 30.554740651], [114.35025412, 30.554745054], [114.350245119, 30.554763054], [114.350243294, 30.554767119], [114.350241828, 30.554771292], [114.350234827, 30.554794292], [114.350233391, 30.554800285], [114.350232696, 30.554806373], [114.350231696, 30.554825373], [114.350231674, 30.554830189], [114.350232118, 30.554834988], [114.350233022, 30.554839741], [114.35023902, 30.554864742], [114.350240407, 30.554869495], [114.350242254, 30.554874131], [114.350244549, 30.554878617], [114.35025655, 30.554899617], [114.35025975, 30.554904588], [114.350263501, 30.554909265], [114.350279501, 30.554927264], [114.350283658, 30.554931505], [114.350288265, 30.554935382], [114.350305265, 30.554948382], [114.350309681, 30.554951482], [114.350314385, 30.554954249], [114.350319345, 30.554956664], [114.350328974, 30.554960902], [114.350310663, 30.555176569], [114.349924138, 30.55515609], [114.349917526, 30.55515602], [114.349910938, 30.555156509], [114.349904438, 30.555157551], [114.349898088, 30.555159136], [114.349891949, 30.555161249], [114.34988608, 30.555163871], [114.349880538, 30.555166975], [114.349875375, 30.555170533], [114.349870642, 30.555174509], [114.349866386, 30.555178865], [114.349862644, 30.555183559], [114.349859456, 30.555188547], [114.34985685, 30.55519378], [114.349854853, 30.555199208], [114.349853483, 30.555204778], [114.349852754, 30.555210437], [114.349852672, 30.55521613], [114.349853239, 30.555221803], [114.349854447, 30.5552274], [114.349856289, 30.555232869], [114.349858743, 30.555238155], [114.349861788, 30.55524321], [114.349865393, 30.555247982], [114.349869525, 30.555252428], [114.349874142, 30.555256503], [114.3498792, 30.555260169], [114.349884652, 30.555263391], [114.349890444, 30.555266137], [114.34989652, 30.555268381], [114.349902823, 30.5552701], [114.349909292, 30.55527128], [114.349915863, 30.555271908], [114.35030301, 30.55529242], [114.350297697, 30.555405311], [114.350278141, 30.555727553]]]}, "properties": {"id": 3672, "land_type": "教育用地"}}, {"type": "Feature", "geometry": {"type": "Polygon", "coordinates": [[[114.349419641, 30.55462067], [114.3494617, 30.554655135], [114.349503108, 30.554746403], [114.349526053, 30.554844603], [114.349531515, 30.554918346], [114.349506717, 30.555329993], [114.349506637, 30.555331959], [114.349506037, 30.555360832], [114.349490672, 30.555378058], [114.349472947, 30.555391352], [114.349464795, 30.555393982], [114.349440899, 30.555393982], [114.349374771, 30.555387369], [114.349369341, 30.555387017], [114.348669933, 30.555366071], [114.348686271, 30.555102207], [114.348696202, 30.554953248], [114.348709059, 30.554829486], [114.34872848, 30.554819403], [114.348749242, 30.554811247], [114.348760493, 30.554808179], [114.34883934, 30.554801761], [114.348843259, 30.554801342], [114.348941258, 30.554788342], [114.348945491, 30.55478766], [114.349061492, 30.554765661], [114.349062888, 30.554765382], [114.349129886, 30.554751382], [114.349137749, 30.554749295], [114.349145256, 30.554746397], [114.349196257, 30.554723397], [114.349201423, 30.55472081], [114.349206302, 30.554717838], [114.349210857, 30.554714506], [114.34925434, 30.55467972], [114.349319183, 30.554633897], [114.349346448, 30.55462502], [114.349375956, 30.554620103], [114.349419641, 30.55462067]]]}, "properties": {"id": 3673, "land_type": "医疗卫生用地"}}, {"type": "Feature", "geometry": {"type": "Polygon", "coordinates": [[[114.349395478, 30.544876365], [114.349388582, 30.544877154], [114.349381815, 30.544878552], [114.349375254, 30.544880545], [114.349368965, 30.544883109], [114.349363017, 30.544886217], [114.349192922, 30.544985825], [114.348766829, 30.544982724], [114.348731833, 30.544970461], [114.34869298, 30.544952329], [114.34866193, 30.544934276], [114.348623226, 30.544890362], [114.348598354, 30.544827808], [114.348740693, 30.543418752], [114.348849085, 30.54342002], [114.348849129, 30.543420019], [114.348849174, 30.543420021], [114.349228175, 30.543424021], [114.349235448, 30.543423759], [114.349242645, 30.543422823], [114.349249682, 30.543421224], [114.349285682, 30.543411223], [114.349291865, 30.543409212], [114.349297788, 30.543406691], [114.349303396, 30.54340368], [114.349308634, 30.543400212], [114.349313454, 30.543396317], [114.349317806, 30.543392035], [114.349340807, 30.543367036], [114.349344611, 30.543362462], [114.349347883, 30.543357592], [114.349350591, 30.543352472], [114.349352712, 30.54334715], [114.349354224, 30.543341677], [114.349359223, 30.543318677], [114.34936012, 30.543313034], [114.349360369, 30.543307345], [114.34935997, 30.543301661], [114.349358926, 30.543296038], [114.349357247, 30.54329053], [114.34935495, 30.543285191], [114.349352056, 30.543280071], [114.349348593, 30.54327522], [114.349344595, 30.543270684], [114.349340099, 30.543266509], [114.349335151, 30.543262733], [114.349329796, 30.543259394], [114.349324087, 30.54325652], [114.349318078, 30.543254144], [114.349311829, 30.543252287], [114.349305397, 30.543250966], [114.349298846, 30.543250193], [114.349292239, 30.543249979], [114.34928564, 30.543250322], [114.349279111, 30.54325122], [114.349272716, 30.543252667], [114.349266516, 30.543254646], [114.349260572, 30.543257139], [114.34925494, 30.543260121], [114.349249673, 30.543263564], [114.349244825, 30.543267435], [114.349240441, 30.543271697], [114.349236561, 30.54327631], [114.349233227, 30.543281227], [114.349230467, 30.543286401], [114.349228311, 30.543291784], [114.349226777, 30.543297323], [114.349224851, 30.543306184], [114.349218808, 30.543307862], [114.348850871, 30.54330398], [114.348753261, 30.543302838], [114.348846895, 30.542486758], [114.348852807, 30.542488358], [114.34885942, 30.542489835], [114.348866175, 30.542490727], [114.348873001, 30.542491025], [114.348899286, 30.542491025], [114.350261321, 30.542515917], [114.350334153, 30.542527121], [114.350340711, 30.542527846], [114.350347319, 30.542528014], [114.350353916, 30.542527624], [114.350360436, 30.542526678], [114.350366816, 30.542525187], [114.350372997, 30.542523164], [114.350378918, 30.542520629], [114.350384521, 30.542517606], [114.350389753, 30.542514124], [114.350394564, 30.542510219], [114.350398908, 30.542505925], [114.350402742, 30.542501287], [114.350406029, 30.542496346], [114.350408738, 30.542491151], [114.350410843, 30.542485754], [114.350412324, 30.542480204], [114.350413166, 30.542474556], [114.350413361, 30.542468863], [114.350412908, 30.542463182], [114.350411809, 30.542457567], [114.350410077, 30.542452072], [114.350407728, 30.542446749], [114.350404785, 30.54244165], [114.350401275, 30.542436823], [114.350397233, 30.542432318], [114.350392698, 30.542428174], [114.350387713, 30.542424433], [114.350382327, 30.542421131], [114.35037659, 30.5424183], [114.350370558, 30.542415967], [114.350364291, 30.542414153], [114.350357847, 30.542412878], [114.350279847, 30.542400878], [114.350274658, 30.542400259], [114.350269429, 30.542399988], [114.348901429, 30.542374988], [114.348900715, 30.542375005], [114.3489, 30.542374974], [114.348883335, 30.542374974], [114.348861789, 30.542369145], [114.348954474, 30.541726967], [114.348996727, 30.541735495], [114.34899925, 30.54173596], [114.349659037, 30.541846374], [114.350042061, 30.541941199], [114.350100809, 30.541970999], [114.350105686, 30.541973245], [114.350110761, 30.541975141], [114.350116, 30.541976671], [114.350195, 30.541996671], [114.350203496, 30.541998316], [114.350534495, 30.542043317], [114.350535625, 30.542043421], [114.350536746, 30.542043589], [114.35053884, 30.542043722], [114.350540928, 30.54204392], [114.350540999, 30.542043921], [114.350541069, 30.542043927], [114.350542205, 30.542043936], [114.35054334, 30.542044008], [114.350807216, 30.542049612], [114.351039015, 30.542075745], [114.351032882, 30.542111424], [114.350996971, 30.542230498], [114.350932771, 30.542363762], [114.350930464, 30.54236934], [114.350928828, 30.542375092], [114.350920828, 30.542411092], [114.350919818, 30.542417627], [114.350919676, 30.542424219], [114.350920402, 30.542430782], [114.350928403, 30.542475782], [114.350929593, 30.542480918], [114.350931316, 30.542485939], [114.350933558, 30.542490807], [114.350936299, 30.54249548], [114.35093952, 30.542499921], [114.350959162, 30.542524474], [114.350552905, 30.54317305], [114.350504509, 30.543250325], [114.350211641, 30.543672209], [114.350125004, 30.543775905], [114.349860257, 30.54391153], [114.349858229, 30.543912612], [114.34940573, 30.544163512], [114.349400352, 30.544166826], [114.349395379, 30.544170578], [114.349390855, 30.544174731], [114.349386827, 30.544179245], [114.349383332, 30.544184079], [114.349380403, 30.544189185], [114.34937807, 30.544194513], [114.349376354, 30.544200012], [114.349375273, 30.54420563], [114.349374836, 30.544211312], [114.349375049, 30.544217002], [114.349375907, 30.544222648], [114.349377404, 30.544228195], [114.349379524, 30.544233589], [114.349382249, 30.544238777], [114.349385552, 30.54424371], [114.349389399, 30.54424834], [114.349393755, 30.544252625], [114.349398578, 30.54425652], [114.349403821, 30.544259989], [114.349409433, 30.544263], [114.349415361, 30.544265521], [114.349421547, 30.544267531], [114.349427932, 30.544269008], [114.349434455, 30.544269939], [114.349441052, 30.544270316], [114.349447661, 30.544270133], [114.349454217, 30.544269394], [114.349460657, 30.544268105], [114.349466919, 30.544266278], [114.349472943, 30.544263932], [114.349478671, 30.544261087], [114.349830034, 30.544066266], [114.349830052, 30.544066506], [114.349831115, 30.544072126], [114.349832812, 30.54407763], [114.349835127, 30.544082964], [114.349838038, 30.544088077], [114.349841518, 30.544092918], [114.349845532, 30.544097443], [114.349850041, 30.544101608], [114.349855002, 30.544105371], [114.349860369, 30.544108698], [114.349866087, 30.544111556], [114.349872103, 30.544113918], [114.34987836, 30.544115759], [114.349884796, 30.544117064], [114.349891349, 30.54411782], [114.349897957, 30.544118019], [114.349904555, 30.544117658], [114.349911081, 30.544116742], [114.349917471, 30.544115281], [114.349923664, 30.544113287], [114.3499296, 30.544110779], [114.350118416, 30.544020868], [114.350199229, 30.543982956], [114.350204566, 30.543980168], [114.350209581, 30.543976966], [114.350293581, 30.543917967], [114.350297849, 30.5439147], [114.350381849, 30.543844701], [114.350385998, 30.543840919], [114.350389736, 30.543836833], [114.350484736, 30.543722832], [114.350485075, 30.543722423], [114.350575073, 30.543612423], [114.350575335, 30.543612101], [114.350600336, 30.543581102], [114.350603102, 30.543577378], [114.35060553, 30.543573482], [114.350634025, 30.543523276], [114.350634073, 30.543523543], [114.350634099, 30.543523863], [114.350634589, 30.543526355], [114.350635047, 30.543528851], [114.350635141, 30.543529161], [114.350635203, 30.543529477], [114.350635974, 30.543531916], [114.350636714, 30.543534362], [114.350636841, 30.543534662], [114.350636939, 30.543534972], [114.350637984, 30.543537333], [114.350638999, 30.543539705], [114.350639162, 30.543539994], [114.350639293, 30.543540293], [114.350640602, 30.543542555], [114.350641881, 30.54354483], [114.350642075, 30.543545103], [114.350642242, 30.54354539], [114.350643801, 30.543547531], [114.350645334, 30.543549687], [114.350645558, 30.543549941], [114.350645755, 30.543550213], [114.350647551, 30.543552212], [114.350649321, 30.543554228], [114.350649574, 30.543554464], [114.350649802, 30.543554716], [114.350651816, 30.543556555], [114.350653807, 30.543558412], [114.350654085, 30.543558624], [114.35065434, 30.543558857], [114.350656555, 30.543560516], [114.350658747, 30.543562195], [114.350659048, 30.543562384], [114.350659329, 30.543562595], [114.350661721, 30.543564059], [114.350664095, 30.543565545], [114.350664416, 30.543565707], [114.350664719, 30.543565893], [114.350667266, 30.543567148], [114.350669797, 30.543568427], [114.350670135, 30.543568562], [114.350670458, 30.54356872], [114.350792337, 30.543622105], [114.350789821, 30.543623643], [114.350784936, 30.543627281], [114.350780479, 30.543631305], [114.35077649, 30.543635677], [114.350773006, 30.543640358], [114.350770056, 30.543645304], [114.350767671, 30.543650472], [114.350765872, 30.543655812], [114.350764674, 30.543661277], [114.350764088, 30.543666815], [114.35075066, 30.543936574], [114.35058236, 30.54394161], [114.350575772, 30.543942088], [114.35056927, 30.543943117], [114.350562915, 30.543944692], [114.350556771, 30.543946796], [114.350550897, 30.543949407], [114.350545347, 30.543952503], [114.350540176, 30.543956052], [114.350535434, 30.54396002], [114.350531167, 30.543964369], [114.350527415, 30.543969058], [114.350524215, 30.543974042], [114.350521597, 30.543979269], [114.350519588, 30.543984695], [114.350518204, 30.543990264], [114.350517462, 30.543995921], [114.350517366, 30.544001616], [114.35051792, 30.54400729], [114.350519117, 30.54401289], [114.350520946, 30.544018362], [114.350523387, 30.544023654], [114.35052642, 30.544028713], [114.350530015, 30.544033493], [114.350534134, 30.544037946], [114.350538742, 30.54404203], [114.350543792, 30.544045705], [114.350549238, 30.544048936], [114.350555022, 30.544051693], [114.350561094, 30.544053947], [114.350567393, 30.544055678], [114.350573858, 30.544056869], [114.350580429, 30.544057508], [114.35058704, 30.54405759], [114.350691839, 30.544054454], [114.350693093, 30.544055105], [114.350699064, 30.544057552], [114.350705283, 30.544059484], [114.350711692, 30.544060881], [114.35071823, 30.544061731], [114.350724834, 30.544062025], [114.351120991, 30.544062871], [114.351074955, 30.544656828], [114.351030154, 30.544918681], [114.350581195, 30.54490115], [114.350581375, 30.544898], [114.35058105, 30.544892312], [114.35058008, 30.54488668], [114.350578473, 30.544881156], [114.350576246, 30.544875794], [114.350573419, 30.544870647], [114.35057002, 30.544865763], [114.350566081, 30.544861189], [114.350561641, 30.54485697], [114.350556742, 30.544853146], [114.350551431, 30.544849755], [114.35054576, 30.544846826], [114.350539783, 30.544844392], [114.350533558, 30.544842474], [114.350527144, 30.544841091], [114.350520604, 30.544840254], [114.350514001, 30.544839975], [114.349584001, 30.544839975], [114.349577889, 30.544840215], [114.34947589, 30.544848215], [114.349469424, 30.544848996], [114.349463077, 30.544850311], [114.349456908, 30.54485215], [114.349450974, 30.544854495], [114.349403973, 30.544875495], [114.349402565, 30.544876193], [114.349402433, 30.544876191], [114.349395478, 30.544876365]]]}, "properties": {"id": 3659, "land_type": "居住用地"}}, {"type": "Feature", "geometry": {"type": "Polygon", "coordinates": [[[114.351284664, 30.54357487], [114.351285433, 30.543579997], [114.35128673, 30.543585043], [114.351288542, 30.54358997], [114.351293841, 30.543602418], [114.351073973, 30.543599086], [114.351019162, 30.543588608], [114.350971945, 30.54357058], [114.350792262, 30.543491875], [114.350879531, 30.543348043], [114.350923435, 30.543362092], [114.350930284, 30.543363932], [114.350937321, 30.543365135], [114.350944466, 30.543365687], [114.35095164, 30.543365581], [114.3510516, 30.543359509], [114.351084545, 30.543362669], [114.351090055, 30.543363001], [114.351095577, 30.543362943], [114.351263181, 30.54335527], [114.351284664, 30.54357487]]]}, "properties": {"id": 3660, "land_type": "公园与绿地用地"}}, {"type": "Feature", "geometry": {"type": "Polygon", "coordinates": [[[114.351401315, 30.543946115], [114.351022074, 30.543934114], [114.351019371, 30.543934076], [114.350885634, 30.543934469], [114.350895931, 30.543727658], [114.351348165, 30.543729984], [114.351381773, 30.54380881], [114.351401315, 30.543946115]]]}, "properties": {"id": 3661, "land_type": "居住用地"}}, {"type": "Feature", "geometry": {"type": "Polygon", "coordinates": [[[114.351529418, 30.54506522], [114.351525662, 30.545164104], [114.351525626, 30.545166], [114.351525626, 30.545388], [114.351525658, 30.5453898], [114.351527228, 30.545433341], [114.351460037, 30.54542639], [114.351457717, 30.545426185], [114.351307716, 30.545415185], [114.351306525, 30.545415107], [114.351170966, 30.545407248], [114.351140389, 30.545403542], [114.351134551, 30.545403057], [114.351129888, 30.545402845], [114.351129632, 30.545401893], [114.351129525, 30.5454015], [114.351120163, 30.545367799], [114.351114243, 30.545334812], [114.351113454, 30.545307999], [114.351121021, 30.545238952], [114.351144166, 30.54506073], [114.351529418, 30.54506522]]]}, "properties": {"id": 3662, "land_type": "行政办公用地"}}, {"type": "Feature", "geometry": {"type": "Polygon", "coordinates": [[[114.349784217, 30.546056356], [114.34980702, 30.546068485], [114.34981825, 30.546091965], [114.349823525, 30.546114387], [114.349819622, 30.54633765], [114.348972374, 30.546346286], [114.348972374, 30.546063307], [114.349743798, 30.546043339], [114.349784217, 30.546056356]]]}, "properties": {"id": 3663, "land_type": "行政办公用地"}}, {"type": "Feature", "geometry": {"type": "Polygon", "coordinates": [[[114.352020552, 30.546296914], [114.352019928, 30.546305044], [114.352026597, 30.547671916], [114.351988569, 30.547700159], [114.351960041, 30.547711846], [114.350810259, 30.547741997], [114.350427571, 30.54774899], [114.350421156, 30.547749371], [114.350104156, 30.547781373], [114.350098258, 30.547782197], [114.350092468, 30.54778347], [114.350037907, 30.547797703], [114.349980915, 30.547666832], [114.349963907, 30.547596111], [114.349958332, 30.547525494], [114.349947379, 30.547015705], [114.349953369, 30.546395678], [114.349958367, 30.546109873], [114.349958086, 30.546103643], [114.349957032, 30.546097476], [114.349949032, 30.546063475], [114.349947457, 30.546058112], [114.349945296, 30.546052902], [114.349923297, 30.546006901], [114.34992028, 30.546001427], [114.349916619, 30.545996254], [114.349912351, 30.545991437], [114.349907523, 30.54598703], [114.349902188, 30.545983081], [114.349896403, 30.545979633], [114.349849404, 30.545954633], [114.349843642, 30.545951894], [114.349837597, 30.545949652], [114.349778598, 30.545930652], [114.349772377, 30.545928939], [114.349765994, 30.545927754], [114.349759506, 30.545927106], [114.349752977, 30.545927003], [114.348903084, 30.545949], [114.348557192, 30.545956997], [114.348554364, 30.545957113], [114.348453364, 30.545963114], [114.348446892, 30.545963771], [114.348440523, 30.545964963], [114.348434317, 30.545966679], [114.348428335, 30.545968904], [114.348422629, 30.545971617], [114.348417796, 30.545974184], [114.348460271, 30.545580697], [114.348460699, 30.54558094], [114.348466548, 30.545583596], [114.348472671, 30.545585744], [114.34847901, 30.545587366], [114.348485501, 30.545588444], [114.348492084, 30.545588969], [114.348498697, 30.545588936], [114.348505273, 30.545588345], [114.34851175, 30.545587202], [114.348518066, 30.545585518], [114.348524159, 30.545583308], [114.348529972, 30.545580595], [114.348535448, 30.545577403], [114.348540534, 30.545573766], [114.348545182, 30.545569716], [114.348549348, 30.545565294], [114.348552988, 30.545560541], [114.348556072, 30.545555504], [114.348558566, 30.54555023], [114.348560449, 30.545544771], [114.3485617, 30.54553918], [114.348562311, 30.54553351], [114.348584239, 30.545097448], [114.348739918, 30.54509858], [114.348794608, 30.545117745], [114.348801008, 30.545119671], [114.348807599, 30.545121033], [114.348869598, 30.545131033], [114.348876588, 30.545131837], [114.348883638, 30.545132007], [114.349217639, 30.545125007], [114.349224897, 30.545124516], [114.349232051, 30.545123354], [114.349303052, 30.545108354], [114.349309163, 30.545106795], [114.349315076, 30.545104747], [114.349320738, 30.545102227], [114.349326097, 30.545099255], [114.349370096, 30.545072256], [114.349375663, 30.545068443], [114.349380732, 30.545064146], [114.349455897, 30.544993316], [114.350480707, 30.545013394], [114.351012032, 30.545034143], [114.350987044, 30.545226551], [114.350986924, 30.545227547], [114.350978924, 30.545300547], [114.350978649, 30.545307469], [114.350979648, 30.54534147], [114.350980417, 30.545348864], [114.350985659, 30.545378063], [114.350879887, 30.545372128], [114.35044639, 30.545342162], [114.350439781, 30.545341986], [114.350433185, 30.545342368], [114.350426663, 30.545343304], [114.350420279, 30.545344788], [114.350414096, 30.545346804], [114.350408171, 30.545349331], [114.350402562, 30.545352346], [114.350397324, 30.54535582], [114.350392506, 30.54535972], [114.350388155, 30.545364007], [114.350384313, 30.545368641], [114.350381017, 30.545373578], [114.350378299, 30.545378768], [114.350376184, 30.545384164], [114.350374694, 30.545389712], [114.350373842, 30.545395358], [114.350373637, 30.54540105], [114.350374081, 30.545406731], [114.350375169, 30.545412347], [114.350376891, 30.545417845], [114.350379232, 30.54542317], [114.350382166, 30.545428273], [114.350385666, 30.545433103], [114.350389701, 30.545437615], [114.350394229, 30.545441765], [114.350399207, 30.545445511], [114.350404588, 30.54544882], [114.35041032, 30.545451659], [114.350416347, 30.545454], [114.350422611, 30.545455821], [114.350429053, 30.545457105], [114.350435609, 30.545457838], [114.350869609, 30.545487838], [114.350870618, 30.545487901], [114.351046051, 30.545497747], [114.351052486, 30.545501608], [114.351059356, 30.545505225], [114.35106668, 30.545508112], [114.35108468, 30.545514112], [114.351091433, 30.545516017], [114.351098382, 30.545517299], [114.351105449, 30.545517944], [114.351124519, 30.545518811], [114.351154612, 30.545522457], [114.351159474, 30.545522893], [114.351296879, 30.545530858], [114.351445122, 30.545541729], [114.351588964, 30.54555661], [114.351590726, 30.545556717], [114.35159248, 30.545556893], [114.351594022, 30.545556918], [114.35159556, 30.545557011], [114.351597325, 30.545556969], [114.35159909, 30.545556996], [114.351600627, 30.545556891], [114.35160217, 30.545556853], [114.35160392, 30.545556662], [114.35160568, 30.545556541], [114.351607198, 30.545556305], [114.351608728, 30.545556138], [114.35161045, 30.5455558], [114.351612188, 30.545555531], [114.351613672, 30.545555168], [114.351615175, 30.545554873], [114.35161685, 30.545554391], [114.351618549, 30.545553977], [114.351619983, 30.545553491], [114.351621446, 30.54555307], [114.351623058, 30.54555245], [114.351624701, 30.545551892], [114.351626075, 30.545551288], [114.351627482, 30.545550746], [114.351629016, 30.545549992], [114.351630588, 30.545549299], [114.351631885, 30.545548582], [114.351633225, 30.545547923], [114.351634665, 30.545547044], [114.35163615, 30.545546222], [114.351637361, 30.545545398], [114.351638619, 30.54554463], [114.351639952, 30.545543633], [114.351641336, 30.545542689], [114.351642446, 30.545541768], [114.351643612, 30.545540897], [114.351644824, 30.545539793], [114.351646096, 30.545538737], [114.351647096, 30.545537725], [114.351648155, 30.54553676], [114.351649237, 30.545535559], [114.351650381, 30.545534401], [114.351651261, 30.54553331], [114.351652207, 30.54553226], [114.351653146, 30.545530974], [114.351654154, 30.545529724], [114.351654905, 30.545528565], [114.351655727, 30.545527441], [114.351656515, 30.54552608], [114.351657375, 30.545524752], [114.351657991, 30.545523534], [114.35165868, 30.545522346], [114.351659309, 30.545520926], [114.351660014, 30.545519531], [114.351660489, 30.545518267], [114.35166104, 30.545517027], [114.351661506, 30.54551556], [114.351662049, 30.545514113], [114.351662376, 30.545512815], [114.351662784, 30.545511534], [114.351663079, 30.545510035], [114.351663455, 30.545508549], [114.351663634, 30.54550723], [114.351663893, 30.545505921], [114.351664016, 30.545504404], [114.351664222, 30.545502894], [114.351664249, 30.545501565], [114.351664358, 30.545500241], [114.35166431, 30.545498721], [114.351664341, 30.545497201], [114.351660373, 30.5453871], [114.351660373, 30.545166949], [114.351664162, 30.545067171], [114.351696353, 30.545067731], [114.352211107, 30.545100688], [114.35210043, 30.545795475], [114.351907713, 30.545793005], [114.351856419, 30.545790101], [114.351846966, 30.545790139], [114.351815967, 30.545792139], [114.351807477, 30.545793158], [114.351756477, 30.545802156], [114.351749997, 30.545803592], [114.351743715, 30.545805574], [114.351737693, 30.545808082], [114.351720693, 30.545816082], [114.351713797, 30.545819811], [114.351707474, 30.545824229], [114.351688474, 30.545839228], [114.351683883, 30.545843222], [114.351679761, 30.54584758], [114.351676148, 30.54585226], [114.351673079, 30.545857221], [114.351656079, 30.545888221], [114.351654126, 30.545892151], [114.351652514, 30.545896195], [114.351639514, 30.545933195], [114.351638186, 30.54593759], [114.351637261, 30.54594206], [114.351621608, 30.546039652], [114.351617682, 30.54604707], [114.351614081, 30.546052771], [114.351602714, 30.546056981], [114.351589248, 30.546058977], [114.351573061, 30.546058977], [114.351063411, 30.546032101], [114.350731701, 30.546012118], [114.350725092, 30.546011999], [114.3507185, 30.54601244], [114.35071199, 30.546013434], [114.350705624, 30.546014974], [114.350699464, 30.546017043], [114.35069357, 30.546019622], [114.350687998, 30.546022688], [114.3506828, 30.546026208], [114.350678029, 30.54603015], [114.35067373, 30.546034476], [114.350669943, 30.546039143], [114.350666706, 30.546044108], [114.35066405, 30.546049323], [114.350661999, 30.546054736], [114.350660575, 30.546060297], [114.350659791, 30.546065951], [114.350659654, 30.546071644], [114.350660165, 30.54607732], [114.35066132, 30.546082927], [114.350663108, 30.546088409], [114.350665511, 30.546093714], [114.350668506, 30.546098791], [114.350672065, 30.546103589], [114.350676152, 30.546108065], [114.350680729, 30.546112175], [114.350685753, 30.546115878], [114.350691172, 30.546119139], [114.350696938, 30.546121927], [114.350702992, 30.546124214], [114.350709277, 30.54612598], [114.350715734, 30.546127207], [114.350722299, 30.546127882], [114.351054299, 30.546147882], [114.351054592, 30.546147887], [114.351054883, 30.546147915], [114.351566882, 30.546174916], [114.351571, 30.546175023], [114.351595, 30.546175023], [114.351600732, 30.546174813], [114.351606422, 30.546174183], [114.351633423, 30.546170184], [114.351641153, 30.546168629], [114.351648617, 30.546166303], [114.351675617, 30.546156304], [114.351682783, 30.546153202], [114.35168947, 30.54614939], [114.351706471, 30.54613839], [114.351711995, 30.546134398], [114.351716993, 30.546129922], [114.351721407, 30.546125012], [114.351725186, 30.546119724], [114.351737185, 30.546100724], [114.351739303, 30.54609707], [114.351748303, 30.54608007], [114.351750717, 30.546074853], [114.351752536, 30.546069458], [114.35175374, 30.546063939], [114.351770017, 30.545962448], [114.351780046, 30.545933904], [114.351789274, 30.545917077], [114.351792491, 30.545914537], [114.351793432, 30.545914094], [114.351830316, 30.545907585], [114.351852309, 30.545906167], [114.351900581, 30.545908899], [114.351903997, 30.545909018], [114.35208198, 30.545911299], [114.352020552, 30.546296914]]]}, "properties": {"id": 3664, "land_type": "行政办公用地"}}, {"type": "Feature", "geometry": {"type": "Polygon", "coordinates": [[[114.348837627, 30.546405], [114.348837627, 30.546956966], [114.348477777, 30.546967777], [114.348456469, 30.546125103], [114.348459993, 30.546101606], [114.348475182, 30.546080047], [114.348479222, 30.546077901], [114.348562224, 30.546072969], [114.348837627, 30.546066602], [114.348837627, 30.546405]]]}, "properties": {"id": 3665, "land_type": "行政办公用地"}}, {"type": "Feature", "geometry": {"type": "Polygon", "coordinates": [[[114.349813187, 30.546957771], [114.348972374, 30.546955184], [114.348972374, 30.546462341], [114.349818057, 30.546453721], [114.349813187, 30.546957771]]]}, "properties": {"id": 3666, "land_type": "居住用地"}}, {"type": "Feature", "geometry": {"type": "Polygon", "coordinates": [[[114.349823638, 30.547529073], [114.349823782, 30.547531936], [114.349829781, 30.547607936], [114.349831027, 30.547615769], [114.349850026, 30.547694769], [114.349851278, 30.54769912], [114.349852917, 30.547703375], [114.349902707, 30.547817709], [114.349833463, 30.54782569], [114.349824648, 30.547827228], [114.349247347, 30.547963028], [114.349246792, 30.547963161], [114.348669871, 30.548103458], [114.348637035, 30.548109154], [114.348574405, 30.547908031], [114.348520689, 30.547705104], [114.348520674, 30.547705046], [114.348496245, 30.547613193], [114.348485624, 30.547552372], [114.348485397, 30.547551152], [114.348473694, 30.547492639], [114.348448023, 30.547307021], [114.348435114, 30.547180905], [114.34843421, 30.547175264], [114.34843267, 30.547169727], [114.348430507, 30.547164346], [114.34842774, 30.547159174], [114.3484244, 30.54715426], [114.348420516, 30.547149652], [114.348416127, 30.547145394], [114.348411274, 30.547141527], [114.348406372, 30.547138329], [114.348402768, 30.547080992], [114.348405842, 30.547081876], [114.348412265, 30.547083135], [114.3484188, 30.54708385], [114.3484338, 30.54708485], [114.348441349, 30.547084988], [114.348906054, 30.547071026], [114.349813857, 30.54707382], [114.349823638, 30.547529073]]]}, "properties": {"id": 3667, "land_type": "行政办公用地"}}, {"type": "Feature", "geometry": {"type": "Polygon", "coordinates": [[[114.352106249, 30.553743022], [114.352144601, 30.553859214], [114.352072462, 30.553804882], [114.352054074, 30.553792569], [114.352034163, 30.553782159], [114.351862864, 30.553703859], [114.351845378, 30.553696767], [114.351827187, 30.553691146], [114.351640286, 30.553641946], [114.351617365, 30.553637152], [114.35159395, 30.553634689], [114.351430451, 30.55362579], [114.351404228, 30.55362583], [114.351209529, 30.553637029], [114.351199446, 30.553637829], [114.350978746, 30.553660129], [114.350968432, 30.553661403], [114.350369933, 30.553749004], [114.350353679, 30.55375198], [114.349984705, 30.553833312], [114.349894254, 30.553826473], [114.349841298, 30.553803909], [114.349742261, 30.553748793], [114.349652068, 30.553674802], [114.3495768, 30.553575938], [114.349523143, 30.553478335], [114.349291698, 30.553026343], [114.349279058, 30.553], [114.349833333, 30.553], [114.349833333, 30.552916666], [114.350166667, 30.552916666], [114.350166667, 30.552833333], [114.350833333, 30.552833333], [114.350833333, 30.55275], [114.351, 30.55275], [114.351, 30.552666666], [114.351083333, 30.552666666], [114.351083333, 30.552499999], [114.351166667, 30.552499999], [114.351166667, 30.552583333], [114.351333334, 30.552583333], [114.351333334, 30.552499999], [114.351590963, 30.552499999], [114.35163702, 30.552576684], [114.351783886, 30.552871562], [114.352106249, 30.553743022]]]}, "properties": {"id": 3668, "land_type": "公园与绿地用地"}}, {"type": "Feature", "geometry": {"type": "Polygon", "coordinates": [[[114.347917935, 30.554825943], [114.347927232, 30.554699762], [114.347936028, 30.5545859], [114.348018641, 30.554570717], [114.348295754, 30.554537329], [114.348593875, 30.55453252], [114.348579205, 30.554768093], [114.348555415, 30.554786712], [114.348541137, 30.55479642], [114.348524468, 30.554801421], [114.348504373, 30.554805887], [114.348483621, 30.55480811], [114.348195581, 30.554817019], [114.348195535, 30.554817023], [114.348195487, 30.554817022], [114.347917935, 30.554825943]]]}, "properties": {"id": 3669, "land_type": "公园与绿地用地"}}, {"type": "Feature", "geometry": {"type": "Polygon", "coordinates": [[[114.347891997, 30.555125704], [114.347899, 30.555126018], [114.347934928, 30.555126018], [114.347997885, 30.555132596], [114.348005595, 30.555133017], [114.348196657, 30.555134007], [114.348548171, 30.555153257], [114.348531723, 30.555418911], [114.348531721, 30.555419142], [114.348531696, 30.555419373], [114.348515701, 30.555723276], [114.348505789, 30.555898638], [114.348250343, 30.555901264], [114.348256347, 30.555719652], [114.348256299, 30.555717676], [114.348256321, 30.5557157], [114.348256231, 30.555714831], [114.34825621, 30.555713959], [114.348255938, 30.555711997], [114.348255735, 30.555710029], [114.348255546, 30.555709172], [114.348255427, 30.555708306], [114.348254933, 30.555706376], [114.348254506, 30.555704434], [114.348254222, 30.555703598], [114.348254003, 30.555702746], [114.348253293, 30.555700867], [114.348252647, 30.555698971], [114.348252267, 30.555698161], [114.348251954, 30.555697332], [114.348251033, 30.555695523], [114.348250175, 30.55569369], [114.348249705, 30.555692916], [114.348249299, 30.555692118], [114.348248175, 30.555690395], [114.348247113, 30.555688644], [114.348246558, 30.555687914], [114.348246062, 30.555687154], [114.348244747, 30.555685533], [114.348243491, 30.55568388], [114.348242856, 30.5556832], [114.348242277, 30.555682485], [114.348240784, 30.555680984], [114.348239345, 30.555679445], [114.348238636, 30.555678822], [114.348237977, 30.55567816], [114.348236322, 30.555676792], [114.348234714, 30.555675382], [114.348233937, 30.555674821], [114.348233206, 30.555674217], [114.348231403, 30.555672996], [114.348229643, 30.555671728], [114.348228806, 30.555671237], [114.34822801, 30.555670697], [114.348226076, 30.555669634], [114.348224181, 30.555668521], [114.348223291, 30.555668102], [114.348222438, 30.555667632], [114.348220393, 30.555666736], [114.348218379, 30.555665789], [114.348217447, 30.555665448], [114.348216545, 30.555665053], [114.348214406, 30.555664334], [114.348212295, 30.555663561], [114.348211328, 30.5556633], [114.348210384, 30.555662983], [114.348208175, 30.555662448], [114.348205987, 30.555661857], [114.348204995, 30.555661679], [114.348204019, 30.555661442], [114.34820176, 30.555661098], [114.348199514, 30.555660694], [114.348198507, 30.5556606], [114.34819751, 30.555660446], [114.348195222, 30.555660294], [114.34819294, 30.555660081], [114.34791344, 30.555645982], [114.347885402, 30.555399412], [114.3478881, 30.555125175], [114.347891997, 30.555125704]]]}, "properties": {"id": 3674, "land_type": "医疗卫生用地"}}, {"type": "Feature", "geometry": {"type": "Polygon", "coordinates": [[[114.351026667, 30.555323247], [114.351024634, 30.555441139], [114.351024685, 30.555442411], [114.351024655, 30.555443683], [114.351027607, 30.555531244], [114.351023649, 30.555696469], [114.351021821, 30.555745384], [114.350412884, 30.555730672], [114.350432282, 30.555411028], [114.350432283, 30.555410688], [114.350432318, 30.555410349], [114.35043757, 30.555298768], [114.351026667, 30.555323247]]]}, "properties": {"id": 3675, "land_type": "教育用地"}}, {"type": "Feature", "geometry": {"type": "Polygon", "coordinates": [[[114.349469925, 30.555824078], [114.349467532, 30.555836521], [114.349466735, 30.555842708], [114.349457628, 30.555980727], [114.349049048, 30.555954339], [114.349034601, 30.555952276], [114.34901511, 30.555943538], [114.349009985, 30.555941471], [114.349006121, 30.55594008], [114.349003668, 30.555932719], [114.349008217, 30.555805987], [114.349469925, 30.555824078]]]}, "properties": {"id": 3676, "land_type": "公园与绿地用地"}}, {"type": "Feature", "geometry": {"type": "Polygon", "coordinates": [[[114.348283093, 30.556427006], [114.348277468, 30.556427346], [114.348271897, 30.556428091], [114.348231874, 30.556434924], [114.348230379, 30.556232602], [114.348234012, 30.556117265], [114.348489825, 30.556127258], [114.348464545, 30.556429175], [114.348370419, 30.556425057], [114.348365094, 30.556425005], [114.348283093, 30.556427006]]]}, "properties": {"id": 3677, "land_type": "教育用地"}}, {"type": "Feature", "geometry": {"type": "Polygon", "coordinates": [[[114.350974904, 30.556301746], [114.350974899, 30.55630183], [114.350974886, 30.556301914], [114.350932897, 30.556712812], [114.35090697, 30.556956681], [114.34965705, 30.556872213], [114.349601806, 30.556867367], [114.34955504, 30.556862073], [114.349551361, 30.556861135], [114.349549923, 30.556851281], [114.349546538, 30.556824198], [114.3495493, 30.556771728], [114.349579294, 30.556242829], [114.349579294, 30.556242555], [114.349579321, 30.556242281], [114.349588298, 30.556045787], [114.34960106, 30.555852404], [114.349604127, 30.555836452], [114.349607939, 30.55582883], [114.350269179, 30.555843429], [114.35023784, 30.556181382], [114.350237638, 30.556187072], [114.350238084, 30.556192753], [114.350239175, 30.556198369], [114.3502409, 30.556203865], [114.350243242, 30.556209189], [114.350246179, 30.55621429], [114.350249682, 30.556219119], [114.350253719, 30.556223629], [114.350258248, 30.556227777], [114.350263229, 30.556231521], [114.350268611, 30.556234828], [114.350274344, 30.556237664], [114.350280373, 30.556240003], [114.350286638, 30.556241822], [114.35029308, 30.556243103], [114.350299637, 30.556243834], [114.350306245, 30.556244008], [114.350312842, 30.556243624], [114.350319363, 30.556242685], [114.350325746, 30.556241199], [114.350331929, 30.556239182], [114.350337853, 30.556236653], [114.35034346, 30.556233636], [114.350348697, 30.556230161], [114.350353514, 30.556226259], [114.350357862, 30.556221971], [114.350361701, 30.556217336], [114.350364995, 30.556212399], [114.350367711, 30.556207208], [114.350369823, 30.556201813], [114.35037131, 30.556196265], [114.350372159, 30.556190618], [114.350404067, 30.55584654], [114.351015735, 30.555861318], [114.350991851, 30.556141247], [114.350974904, 30.556301746]]]}, "properties": {"id": 3678, "land_type": "教育用地"}}, {"type": "Feature", "geometry": {"type": "Polygon", "coordinates": [[[114.343391996, 30.555047694], [114.343368912, 30.555059006], [114.34311011, 30.555206006], [114.34309491, 30.555215543], [114.342313008, 30.555755786], [114.342237983, 30.555786011], [114.342220573, 30.555785279], [114.342215293, 30.555783084], [114.342157834, 30.555749919], [114.342153814, 30.555747838], [114.342149924, 30.55574558], [114.342145319, 30.55574344], [114.342140835, 30.555741117], [114.342136597, 30.555739385], [114.34213247, 30.555737466], [114.342127644, 30.555735724], [114.342122916, 30.555733792], [114.342118502, 30.555732426], [114.342114175, 30.555730864], [114.342109175, 30.555729539], [114.34210425, 30.555728014], [114.342099701, 30.555727027], [114.342095218, 30.555725839], [114.34209009, 30.555724941], [114.342085016, 30.555723841], [114.342080377, 30.555723243], [114.34207578, 30.555722438], [114.342070575, 30.555721977], [114.342066147, 30.555721406], [114.341882955, 30.555503465], [114.341816631, 30.555424551], [114.341715187, 30.555250646], [114.341715752, 30.555248335], [114.341716377, 30.555245941], [114.341716434, 30.555245551], [114.341716528, 30.555245165], [114.341716839, 30.555242725], [114.341717189, 30.55524029], [114.341717201, 30.555239897], [114.34171725, 30.555239505], [114.341717284, 30.555237052], [114.341717355, 30.555234598], [114.34171732, 30.555234206], [114.341717326, 30.555233812], [114.341717078, 30.555231367], [114.34171687, 30.55522892], [114.341716792, 30.555228533], [114.341716753, 30.55522814], [114.341716229, 30.555225728], [114.341715742, 30.55522331], [114.341715621, 30.55522293], [114.341715536, 30.555222543], [114.34171474, 30.555220187], [114.341713981, 30.555217822], [114.341713817, 30.555217455], [114.341713689, 30.555217076], [114.341712629, 30.555214798], [114.341711604, 30.555212509], [114.341711398, 30.555212157], [114.341711228, 30.555211792], [114.341709914, 30.555209615], [114.341708634, 30.555207422], [114.341708389, 30.555207089], [114.341708178, 30.55520674], [114.341706622, 30.555204684], [114.341705099, 30.555202611], [114.341704817, 30.5552023], [114.341704568, 30.55520197], [114.341702786, 30.555200057], [114.341701033, 30.55519812], [114.341700718, 30.555197835], [114.341700432, 30.555197529], [114.341698439, 30.555195774], [114.341698181, 30.555195539], [114.341697651, 30.555193982], [114.34169518, 30.5551887], [114.34169212, 30.555183653], [114.3416885, 30.555178889], [114.341684355, 30.555174453], [114.341679725, 30.555170389], [114.341674655, 30.555166735], [114.341669193, 30.555163526], [114.341663392, 30.555160793], [114.341662605, 30.555160505], [114.34163671, 30.555116113], [114.34163302, 30.555110218], [114.341106218, 30.554323817], [114.341105881, 30.554323316], [114.341017944, 30.554193548], [114.341150353, 30.554143937], [114.342742165, 30.553549051], [114.344416667, 30.553018916], [114.344416667, 30.553083333], [114.344333333, 30.553083333], [114.344333333, 30.55325], [114.34425, 30.55325], [114.34425, 30.553333333], [114.344166667, 30.553333333], [114.344166667, 30.553416667], [114.344, 30.553416667], [114.344, 30.553583334], [114.343916666, 30.553583334], [114.343916666, 30.553666667], [114.343666667, 30.553666667], [114.343666667, 30.553833333], [114.343500001, 30.553833333], [114.343500001, 30.554], [114.343416667, 30.554], [114.343416667, 30.554083333], [114.343500001, 30.554083333], [114.343500001, 30.554166666], [114.343333334, 30.554166666], [114.343333334, 30.554], [114.34325, 30.554], [114.34325, 30.55475], [114.343, 30.55475], [114.343, 30.555], [114.34325, 30.555], [114.34325, 30.554833334], [114.343416667, 30.554833334], [114.343416667, 30.55475], [114.343583334, 30.55475], [114.343583334, 30.554666667], [114.344416667, 30.554666667], [114.344416667, 30.554583333], [114.344916667, 30.554583333], [114.344916667, 30.5545], [114.3455, 30.5545], [114.3455, 30.554416667], [114.34575, 30.554416667], [114.34575, 30.5545], [114.346, 30.5545], [114.346, 30.554572075], [114.345255284, 30.5546359], [114.345245113, 30.554636996], [114.344819212, 30.554692397], [114.344803398, 30.554695013], [114.344065598, 30.554843513], [114.344059115, 30.554844916], [114.343670015, 30.554935016], [114.34365184, 30.554940027], [114.343634295, 30.554946494], [114.343391996, 30.555047694]]]}, "properties": {"id": 3681, "land_type": "公园与绿地用地"}}, {"type": "Feature", "geometry": {"type": "Polygon", "coordinates": [[[114.347606225, 30.554982994], [114.346964633, 30.554992968], [114.346957317, 30.554838634], [114.346957257, 30.554838062], [114.34695725, 30.554837489], [114.34695704, 30.554834506], [114.347632071, 30.554649326], [114.347626888, 30.55470288], [114.347615454, 30.554807814], [114.347114627, 30.554823018], [114.347108038, 30.554823497], [114.347101536, 30.554824529], [114.347095183, 30.554826107], [114.347089041, 30.554828213], [114.347083167, 30.554830827], [114.347077619, 30.554833925], [114.34707245, 30.554837475], [114.347067711, 30.554841445], [114.347063446, 30.554845796], [114.347059697, 30.554850486], [114.3470565, 30.55485547], [114.347053886, 30.554860699], [114.347051878, 30.554866124], [114.3470505, 30.554871692], [114.347049761, 30.55487735], [114.347049669, 30.554883043], [114.347050225, 30.554888717], [114.347051426, 30.554894316], [114.347053256, 30.554899787], [114.347055702, 30.554905077], [114.347058738, 30.554910135], [114.347062335, 30.554914912], [114.347066458, 30.554919364], [114.347071068, 30.554923445], [114.347076121, 30.554927117], [114.347081566, 30.554930346], [114.347087354, 30.554933099], [114.347093426, 30.55493535], [114.347099726, 30.554937079], [114.347106192, 30.554938267], [114.347112763, 30.554938903], [114.347119374, 30.554938982], [114.347607897, 30.554924152], [114.347606225, 30.554982994]]]}, "properties": {"id": 3682, "land_type": "公园与绿地用地"}}, {"type": "Feature", "geometry": {"type": "Polygon", "coordinates": [[[114.346101267, 30.555009185], [114.346099207, 30.555009278], [114.345824208, 30.555033278], [114.345823832, 30.555033327], [114.345823454, 30.555033347], [114.34582292, 30.555033422], [114.345822378, 30.555033459], [114.345166611, 30.555106322], [114.345152198, 30.55510746], [114.345136943, 30.555064135], [114.345280032, 30.555042413], [114.346027853, 30.554976762], [114.346130805, 30.554967765], [114.346133725, 30.554967492], [114.346557526, 30.554925092], [114.346585898, 30.554920465], [114.346823767, 30.554866269], [114.346829838, 30.554994333], [114.346500608, 30.554995983], [114.346498427, 30.554996024], [114.346103427, 30.555009024], [114.346103375, 30.555009028], [114.346103322, 30.555009028], [114.346101267, 30.555009185]]]}, "properties": {"id": 3683, "land_type": "教育用地"}}, {"type": "Feature", "geometry": {"type": "Polygon", "coordinates": [[[114.354280608, 30.537215225], [114.354353652, 30.537391982], [114.354406777, 30.537555186], [114.354420047, 30.537602977], [114.354447588, 30.537716676], [114.35412595, 30.537817031], [114.354150261, 30.53773542], [114.354151366, 30.537731004], [114.354152068, 30.537726528], [114.354166067, 30.537600528], [114.354166372, 30.537595393], [114.354167027, 30.537512332], [114.35428283, 30.53748496], [114.354285454, 30.537484218], [114.354288091, 30.537483514], [114.354288594, 30.537483331], [114.354289112, 30.537483185], [114.354291639, 30.537482225], [114.354294185, 30.537481302], [114.354294663, 30.537481078], [114.354295163, 30.537480888], [114.354297569, 30.53747972], [114.354299996, 30.537478586], [114.354300447, 30.537478323], [114.354300922, 30.537478092], [114.354303184, 30.537476727], [114.35430547, 30.537475392], [114.354305889, 30.537475093], [114.354306336, 30.537474823], [114.354308431, 30.537473273], [114.354310555, 30.537471753], [114.354310938, 30.537471419], [114.354311352, 30.537471112], [114.35431326, 30.537469393], [114.354315201, 30.537467701], [114.354315544, 30.537467336], [114.354315921, 30.537466997], [114.354317625, 30.537465125], [114.354319363, 30.537463277], [114.354319663, 30.537462884], [114.35432, 30.537462515], [114.354321483, 30.537460507], [114.354323002, 30.537458523], [114.354323257, 30.537458107], [114.354323549, 30.53745771], [114.354324797, 30.537455588], [114.354326083, 30.537453483], [114.354326289, 30.537453048], [114.354326534, 30.537452629], [114.354327534, 30.537450412], [114.354328576, 30.537448209], [114.35432873, 30.537447759], [114.354328927, 30.537447321], [114.35432967, 30.537445029], [114.354330455, 30.537442749], [114.354330558, 30.537442287], [114.354330704, 30.537441835], [114.354331183, 30.537439493], [114.354331704, 30.537437157], [114.354331755, 30.537436689], [114.354331849, 30.537436227], [114.354332059, 30.537433855], [114.354332311, 30.537431486], [114.354332308, 30.537431017], [114.354332349, 30.537430548], [114.354332288, 30.53742817], [114.35433227, 30.537425792], [114.354332213, 30.537425324], [114.354332202, 30.537424855], [114.35433187, 30.537422494], [114.354331581, 30.537420128], [114.354331471, 30.537419668], [114.354331406, 30.537419202], [114.354330807, 30.53741688], [114.354330252, 30.537414549], [114.354290252, 30.53728055], [114.354287873, 30.537274146], [114.354212192, 30.537104874], [114.354280608, 30.537215225]]]}, "properties": {"id": 3684, "land_type": "公园与绿地用地"}}, {"type": "Feature", "geometry": {"type": "Polygon", "coordinates": [[[114.348124298, 30.548194122], [114.34809295, 30.548198269], [114.347989131, 30.548200849], [114.34798612, 30.548196916], [114.347981552, 30.548190763], [114.347980662, 30.548189789], [114.347979869, 30.548188754], [114.347974528, 30.54818308], [114.347969282, 30.548177342], [114.347968285, 30.548176447], [114.347967378, 30.548175484], [114.347961418, 30.548170288], [114.347955543, 30.548165021], [114.347954449, 30.548164214], [114.347953438, 30.548163333], [114.347946914, 30.548158665], [114.347940469, 30.548153918], [114.347939288, 30.548153209], [114.347938181, 30.548152417], [114.347931157, 30.548148322], [114.347924203, 30.548144142], [114.347922947, 30.548143535], [114.347921755, 30.548142841], [114.3479143, 30.548139359], [114.347906903, 30.548135786], [114.347905584, 30.548135288], [114.347904319, 30.548134697], [114.347896503, 30.548131862], [114.347888735, 30.548128931], [114.347887367, 30.548128547], [114.347886039, 30.548128065], [114.347877939, 30.548125903], [114.347869875, 30.548123641], [114.347868468, 30.548123375], [114.347867093, 30.548123008], [114.347858785, 30.54812154], [114.347850503, 30.54811997], [114.347849073, 30.548119824], [114.347847662, 30.548119574], [114.347839229, 30.548118815], [114.347830806, 30.548117952], [114.347829368, 30.548117927], [114.347827936, 30.548117797], [114.347819454, 30.548117754], [114.347810975, 30.548117606], [114.34780954, 30.548117702], [114.347808101, 30.548117695], [114.347799656, 30.548118367], [114.347791201, 30.548118935], [114.347789783, 30.548119153], [114.347788349, 30.548119267], [114.347780023, 30.548120648], [114.347771672, 30.548121928], [114.347770287, 30.548122263], [114.347768873, 30.548122498], [114.347760742, 30.548124576], [114.347752578, 30.548126554], [114.347751237, 30.548127005], [114.347749857, 30.548127358], [114.347742002, 30.548130112], [114.347734103, 30.54813277], [114.347732819, 30.548133332], [114.347731486, 30.5481338], [114.347723982, 30.548137204], [114.347716424, 30.548140516], [114.34771521, 30.548141183], [114.347713937, 30.548141762], [114.347706857, 30.548145782], [114.347699712, 30.548149716], [114.34769858, 30.548150483], [114.347697379, 30.548151166], [114.347690791, 30.548155765], [114.347689498, 30.548156642], [114.347492544, 30.548129693], [114.347480807, 30.548128538], [114.344095965, 30.547924504], [114.344121267, 30.547539276], [114.344121267, 30.547539211], [114.344121275, 30.547539146], [114.344279275, 30.545033146], [114.344279276, 30.545032989], [114.344279294, 30.545032831], [114.344279293, 30.545030734], [114.344279356, 30.545028639], [114.344279305, 30.545028046], [114.344279309, 30.545027453], [114.344279292, 30.545027294], [114.344279292, 30.545027137], [114.344279052, 30.54502505], [114.344278876, 30.545022959], [114.34427876, 30.545022374], [114.344278695, 30.545021782], [114.34427866, 30.545021628], [114.344278642, 30.54502147], [114.344200895, 30.544570938], [114.344180374, 30.5443882], [114.344180374, 30.544280782], [114.344189086, 30.544158803], [114.344212069, 30.544017078], [114.344248101, 30.543908981], [114.344270103, 30.543870481], [114.344362327, 30.543772551], [114.344364559, 30.543770044], [114.344417559, 30.543707044], [114.344421496, 30.543701789], [114.344424754, 30.543696201], [114.344427294, 30.543690341], [114.344447294, 30.543635342], [114.344449065, 30.543629384], [114.344450092, 30.543623298], [114.344450366, 30.543617153], [114.344449366, 30.543558153], [114.344448989, 30.543552805], [114.34444804, 30.54354751], [114.344446528, 30.543542313], [114.344444465, 30.543537259], [114.344383465, 30.543407259], [114.344383361, 30.543407038], [114.344271498, 30.543171433], [114.34424559, 30.543099053], [114.344399361, 30.543050039], [114.344767531, 30.54293274], [114.345850494, 30.542598068], [114.346841264, 30.542293628], [114.346844586, 30.542301598], [114.346911456, 30.542462133], [114.346635468, 30.542541888], [114.346629311, 30.542543962], [114.346623419, 30.542546546], [114.346617849, 30.542549615], [114.346612656, 30.54255314], [114.346607889, 30.542557085], [114.346603594, 30.542561414], [114.346599812, 30.542566085], [114.34659658, 30.542571052], [114.346593928, 30.542576269], [114.346591883, 30.542581684], [114.346590465, 30.542587247], [114.346589686, 30.542592901], [114.346589555, 30.542598594], [114.346590073, 30.542604271], [114.346591233, 30.542609877], [114.346593026, 30.542615358], [114.346595435, 30.542620662], [114.346598435, 30.542625736], [114.346601998, 30.542630532], [114.34660609, 30.542635005], [114.346610671, 30.54263911], [114.346615698, 30.54264281], [114.346621121, 30.542646068], [114.346626889, 30.542648851], [114.346632945, 30.542651134], [114.346639234, 30.542652895], [114.346645691, 30.542654116], [114.346652257, 30.542654787], [114.346658868, 30.542654901], [114.34666546, 30.542654456], [114.346671968, 30.542653455], [114.346678332, 30.542651911], [114.346955097, 30.542571932], [114.346992965, 30.542672026], [114.346711022, 30.542753702], [114.346704865, 30.54275578], [114.346698976, 30.542758368], [114.34669341, 30.542761441], [114.346688219, 30.542764968], [114.346683455, 30.542768917], [114.346679163, 30.542773249], [114.346675385, 30.542777922], [114.346672158, 30.542782891], [114.346669512, 30.54278811], [114.346667471, 30.542793527], [114.346666058, 30.542799088], [114.346665284, 30.542804744], [114.346665157, 30.542810438], [114.346665679, 30.542816114], [114.346666844, 30.54282172], [114.346668643, 30.542827199], [114.346671056, 30.542832501], [114.34667406, 30.542837574], [114.346677627, 30.542842367], [114.346681723, 30.542846838], [114.346686309, 30.54285094], [114.346691338, 30.542854637], [114.346696764, 30.54285789], [114.346702534, 30.54286067], [114.346708593, 30.542862949], [114.346714882, 30.542864706], [114.346721341, 30.542865924], [114.346727908, 30.54286659], [114.346734518, 30.5428667], [114.346741109, 30.54286625], [114.346747617, 30.542865246], [114.34675398, 30.542863698], [114.347099171, 30.5427637], [114.347481963, 30.542652902], [114.347488119, 30.542650825], [114.347494009, 30.542648239], [114.347499577, 30.542645168], [114.347504769, 30.542641642], [114.347509534, 30.542637694], [114.347513826, 30.542633363], [114.347517606, 30.542628691], [114.347520835, 30.542623721], [114.347523483, 30.542618503], [114.347525525, 30.542613088], [114.34752694, 30.542607525], [114.347527716, 30.54260187], [114.347527844, 30.542596177], [114.347527324, 30.5425905], [114.347526159, 30.542584895], [114.347524363, 30.542579415], [114.347521952, 30.542574112], [114.347518949, 30.54256904], [114.347515383, 30.542564245], [114.347511289, 30.542559773], [114.347506705, 30.54255567], [114.347501676, 30.542551972], [114.347496251, 30.542548717], [114.347490481, 30.542545936], [114.347484424, 30.542543655], [114.347478135, 30.542541897], [114.347471677, 30.542540678], [114.347465111, 30.542540011], [114.3474585, 30.5425399], [114.347451909, 30.542540348], [114.3474454, 30.542541351], [114.347439037, 30.542542897], [114.347120693, 30.542635041], [114.347082831, 30.542534966], [114.347406388, 30.542441196], [114.347412543, 30.542439117], [114.347418432, 30.542436529], [114.347423998, 30.542433455], [114.347429189, 30.542429928], [114.347433952, 30.542425978], [114.347438242, 30.542421646], [114.34744202, 30.542416972], [114.347445247, 30.542412003], [114.347447893, 30.542406784], [114.347449932, 30.542401367], [114.347451345, 30.542395804], [114.347452117, 30.542390149], [114.347452243, 30.542384456], [114.347451721, 30.542378779], [114.347450554, 30.542373174], [114.347448756, 30.542367694], [114.347446342, 30.542362393], [114.347443336, 30.54235732], [114.347439769, 30.542352527], [114.347435672, 30.542348057], [114.347431087, 30.542343955], [114.347426057, 30.542340259], [114.347420629, 30.542337006], [114.347414859, 30.542334227], [114.3474088, 30.542331948], [114.347402511, 30.542330191], [114.347396051, 30.542328975], [114.347389485, 30.542328309], [114.347382875, 30.5423282], [114.347376284, 30.542328651], [114.347369775, 30.542329655], [114.347363413, 30.542331205], [114.347039212, 30.542425162], [114.346971416, 30.542262406], [114.346969124, 30.542256905], [114.347625185, 30.542080372], [114.347628007, 30.542079582], [114.348206459, 30.541911801], [114.348297466, 30.541911588], [114.348341942, 30.541920528], [114.34839214, 30.541946689], [114.348392737, 30.541946999], [114.348407261, 30.54195448], [114.348368136, 30.542201358], [114.348366775, 30.542212704], [114.348331119, 30.54264994], [114.348270119, 30.543229303], [114.348087765, 30.544751078], [114.348081541, 30.544802145], [114.348068599, 30.544829523], [114.34806641, 30.544834895], [114.348064842, 30.544840427], [114.348063913, 30.544846065], [114.348063627, 30.544851754], [114.348063993, 30.544857439], [114.348065002, 30.544863066], [114.348066647, 30.544868582], [114.348068914, 30.544873931], [114.348071776, 30.544879064], [114.348072108, 30.544879534], [114.347920883, 30.546120228], [114.34791998, 30.546130648], [114.34790368, 30.546445548], [114.347903491, 30.546451468], [114.34790049, 30.546697069], [114.347900487, 30.546700512], [114.347904388, 30.547063212], [114.347904677, 30.54707105], [114.347920277, 30.54731815], [114.347921191, 30.547327733], [114.34794869, 30.547543033], [114.347950068, 30.54755177], [114.347988067, 30.547754271], [114.347992681, 30.547772549], [114.34805413, 30.547965463], [114.348124298, 30.548194122]]]}, "properties": {"id": 3679, "land_type": "行政办公用地"}}, {"type": "Feature", "geometry": {"type": "Polygon", "coordinates": [[[114.347818231, 30.549380461], [114.347819792, 30.549384571], [114.348000991, 30.54984227], [114.348003876, 30.549849087], [114.34813783, 30.550146281], [114.348225204, 30.550484524], [114.348267318, 30.550739011], [114.348290371, 30.551077041], [114.348280163, 30.551326416], [114.342720109, 30.553113943], [114.342323403, 30.552049628], [114.342306557, 30.551973821], [114.342265317, 30.551698891], [114.342261398, 30.551440203], [114.342289127, 30.551002465], [114.34248677, 30.549739751], [114.342486922, 30.549738211], [114.342487155, 30.54973668], [114.342546101, 30.549109257], [114.342660391, 30.548135192], [114.344589409, 30.548251262], [114.344653398, 30.548255068], [114.344720344, 30.548259065], [114.345835106, 30.548326161], [114.346105895, 30.54834244], [114.346105988, 30.548342611], [114.346106034, 30.548342684], [114.34610607, 30.548342761], [114.346111434, 30.54835255], [114.346087336, 30.548357978], [114.346048966, 30.548357978], [114.345973543, 30.548352249], [114.345898165, 30.548345307], [114.345890738, 30.548344979], [114.345883314, 30.548345357], [114.345875984, 30.548346437], [114.345868837, 30.548348207], [114.345828837, 30.548360207], [114.345821923, 30.54836266], [114.345815366, 30.548365758], [114.345809249, 30.548369462], [114.345784249, 30.548386462], [114.345778804, 30.548390593], [114.345773907, 30.548395205], [114.345769613, 30.548400244], [114.345765974, 30.548405651], [114.345763031, 30.548411365], [114.345744031, 30.548454364], [114.345742037, 30.548459619], [114.345740632, 30.548465012], [114.345726633, 30.548534013], [114.345725931, 30.548538497], [114.345725637, 30.548543014], [114.34572266, 30.54869379], [114.345707905, 30.548908246], [114.345694279, 30.548991944], [114.345693713, 30.548997065], [114.345690713, 30.549048064], [114.345690656, 30.549052736], [114.345691038, 30.549057396], [114.345708038, 30.549189396], [114.345709087, 30.549195018], [114.345710773, 30.549200524], [114.345713077, 30.54920586], [114.345715977, 30.549210978], [114.345719445, 30.549215826], [114.345723448, 30.549220356], [114.345727949, 30.549224529], [114.345732902, 30.5492283], [114.34573826, 30.549231637], [114.345743973, 30.549234504], [114.345749984, 30.549236874], [114.345756237, 30.549238727], [114.34576267, 30.549240042], [114.34576922, 30.549240808], [114.345775828, 30.549241018], [114.345782428, 30.549240668], [114.345788955, 30.549239764], [114.345795348, 30.549238312], [114.345801546, 30.549236328], [114.345807488, 30.549233831], [114.345813117, 30.549230844], [114.345818378, 30.549227396], [114.345823222, 30.549223521], [114.345827603, 30.549219255], [114.345831475, 30.54921464], [114.345834804, 30.549209721], [114.345837557, 30.549204544], [114.345839709, 30.549199159], [114.345841236, 30.549193619], [114.345842126, 30.549187977], [114.345842369, 30.549182287], [114.345841964, 30.549176604], [114.345825563, 30.549049258], [114.345828136, 30.549005506], [114.345841722, 30.548922055], [114.345842256, 30.548917432], [114.345857256, 30.548699433], [114.345857365, 30.548696986], [114.345860275, 30.54854952], [114.345872259, 30.548490451], [114.345882352, 30.548467609], [114.345883861, 30.548466584], [114.345898878, 30.548462079], [114.345959836, 30.548467693], [114.345961081, 30.548467797], [114.346040082, 30.548473798], [114.346046001, 30.548474022], [114.346096, 30.548474022], [114.346101738, 30.548473811], [114.346107434, 30.548473181], [114.346113046, 30.548472134], [114.346179336, 30.548457203], [114.346179799, 30.548457712], [114.346183861, 30.548461455], [114.346188291, 30.548464875], [114.346205291, 30.548476874], [114.346212717, 30.548481429], [114.346229717, 30.54849043], [114.346232904, 30.548492014], [114.346247903, 30.548499015], [114.346253001, 30.548501159], [114.346258289, 30.548502927], [114.346263731, 30.548504304], [114.346291731, 30.548510305], [114.346297874, 30.548511363], [114.346304105, 30.548511924], [114.346310369, 30.548511986], [114.34634337, 30.548510986], [114.346346994, 30.548510792], [114.346398256, 30.548506849], [114.346518516, 30.548499891], [114.346525083, 30.548499231], [114.346531543, 30.548498021], [114.346537835, 30.54849627], [114.346543896, 30.548493997], [114.346549671, 30.548491223], [114.346555101, 30.548487975], [114.346560136, 30.548484285], [114.346564726, 30.548480186], [114.346568828, 30.54847572], [114.346572402, 30.54847093], [114.346575414, 30.54846586], [114.346577834, 30.548460562], [114.346579639, 30.548455084], [114.346580812, 30.548449481], [114.346581341, 30.548443805], [114.346581223, 30.548438112], [114.346580456, 30.548432456], [114.34657905, 30.548426892], [114.346577018, 30.548421474], [114.346574378, 30.548416253], [114.346571157, 30.548411281], [114.346567385, 30.548406605], [114.3465631, 30.548402268], [114.34655834, 30.548398315], [114.346553156, 30.548394782], [114.346547593, 30.548391704], [114.346541707, 30.548389111], [114.346535553, 30.548387027], [114.346529192, 30.548385473], [114.346522686, 30.548384463], [114.346516096, 30.548384006], [114.346509486, 30.548384109], [114.346388485, 30.548391108], [114.346387006, 30.548391207], [114.346336816, 30.548395069], [114.346315086, 30.548395727], [114.346304573, 30.548393475], [114.346298716, 30.548390741], [114.346287175, 30.548384631], [114.346280653, 30.548380027], [114.34626536, 30.548361548], [114.346259965, 30.548351701], [114.347463718, 30.548424062], [114.347480725, 30.548424158], [114.34756987, 30.548419807], [114.347546936, 30.548496688], [114.347542882, 30.548513799], [114.34754084, 30.548531174], [114.347540828, 30.548548637], [114.347542849, 30.548566014], [114.347546881, 30.548583128], [114.347629081, 30.548859929], [114.347632031, 30.548868862], [114.347818231, 30.549380461]]]}, "properties": {"id": 3680, "land_type": "行政办公用地"}}, {"type": "Feature", "geometry": {"type": "Polygon", "coordinates": [[[114.354244233, 30.539195676], [114.354243042, 30.539196656], [114.354019655, 30.539385212], [114.353977444, 30.539283474], [114.353975178, 30.539278694], [114.353972427, 30.539274105], [114.353942427, 30.539229106], [114.353938563, 30.539223959], [114.35393409, 30.539219192], [114.353929057, 30.539214858], [114.353923523, 30.539211005], [114.353917547, 30.539207677], [114.353911197, 30.53920491], [114.353861195, 30.53918591], [114.353855179, 30.539183914], [114.353848969, 30.539182423], [114.35384262, 30.53918145], [114.353788621, 30.539175449], [114.353782759, 30.539175021], [114.353776877, 30.539175035], [114.353771019, 30.53917549], [114.353765228, 30.539176384], [114.353703228, 30.539188384], [114.353697403, 30.53918975], [114.353353248, 30.539284922], [114.35332378, 30.539282004], [114.353308341, 30.538980066], [114.353307357, 30.538942685], [114.353307031, 30.53893815], [114.35330503, 30.53892115], [114.353304255, 30.538916468], [114.353301255, 30.538902468], [114.353298955, 30.538894752], [114.353293955, 30.538881752], [114.353291275, 30.538875874], [114.353287867, 30.538870282], [114.353278868, 30.538857282], [114.353274325, 30.538851533], [114.353269015, 30.538846293], [114.353245015, 30.538825293], [114.353242853, 30.538823484], [114.353202853, 30.538791483], [114.353202682, 30.53879136], [114.353202524, 30.538791223], [114.353107525, 30.538716224], [114.353102963, 30.538712929], [114.352977606, 30.538630247], [114.35293333, 30.538525199], [114.352931972, 30.538522233], [114.352883613, 30.538424586], [114.352870488, 30.538337716], [114.353061212, 30.538270168], [114.35324078, 30.538214611], [114.354051784, 30.53796361], [114.354051864, 30.537963581], [114.354051948, 30.537963559], [114.354453435, 30.537838289], [114.354394144, 30.538074751], [114.354393118, 30.538079996], [114.354392655, 30.538085301], [114.354392757, 30.538090619], [114.354406758, 30.538283618], [114.354406931, 30.538285506], [114.35443393, 30.538529505], [114.354434014, 30.538530211], [114.354448014, 30.538642211], [114.35444903, 30.538647782], [114.35446203, 30.538701781], [114.354463464, 30.538706663], [114.354465384, 30.538711418], [114.354467775, 30.538716013], [114.354513775, 30.538795013], [114.3545174, 30.538800477], [114.354521689, 30.53880557], [114.354607632, 30.538896764], [114.354606276, 30.538897801], [114.354527629, 30.538958038], [114.354523573, 30.538961417], [114.354428261, 30.53904776], [114.354244233, 30.539195676]]]}, "properties": {"id": 3685, "land_type": "教育用地"}}, {"type": "Feature", "geometry": {"type": "Polygon", "coordinates": [[[114.354150363, 30.541106461], [114.35414952, 30.541112207], [114.354149346, 30.541117998], [114.354149844, 30.541123775], [114.354151007, 30.541129481], [114.354152826, 30.541135057], [114.354155282, 30.54114045], [114.354158348, 30.541145605], [114.354161997, 30.541150473], [114.354241557, 30.541245781], [114.354222527, 30.541330981], [114.35380708, 30.541266231], [114.353866661, 30.541043], [114.353866867, 30.541042006], [114.353867146, 30.541041026], [114.353867449, 30.541039205], [114.353867824, 30.541037394], [114.353867917, 30.541036388], [114.353868083, 30.541035389], [114.353868177, 30.541033552], [114.353868344, 30.541031717], [114.353868321, 30.541030708], [114.353868373, 30.541029701], [114.353868258, 30.541027863], [114.353868216, 30.541026023], [114.353868078, 30.541025022], [114.353868015, 30.541024014], [114.35386769, 30.541022196], [114.35386744, 30.541020368], [114.353867188, 30.541019383], [114.35386701, 30.541018385], [114.353866481, 30.541016603], [114.353866023, 30.541014807], [114.353865661, 30.541013847], [114.353865371, 30.54101287], [114.35386464, 30.541011141], [114.353863981, 30.541009391], [114.353863511, 30.541008466], [114.353863112, 30.541007518], [114.353862188, 30.541005858], [114.353861332, 30.541004174], [114.35386076, 30.541003293], [114.353860254, 30.541002383], [114.353859146, 30.541000809], [114.353858102, 30.540999205], [114.353857432, 30.540998376], [114.353856825, 30.540997513], [114.353855544, 30.540996042], [114.353854323, 30.540994533], [114.353853562, 30.540993765], [114.353852859, 30.540992957], [114.353851417, 30.540991601], [114.353850029, 30.540990202], [114.353849185, 30.540989502], [114.353848393, 30.540988757], [114.353846803, 30.54098753], [114.353845264, 30.540986254], [114.353844344, 30.540985629], [114.353843471, 30.540984956], [114.35384175, 30.540983867], [114.353840073, 30.540982728], [114.353839086, 30.540982183], [114.353838141, 30.540981587], [114.353836303, 30.540980649], [114.353834505, 30.540979657], [114.353833461, 30.540979198], [114.353832452, 30.540978685], [114.353830517, 30.540977906], [114.353828614, 30.540977071], [114.353827523, 30.540976704], [114.353826462, 30.540976277], [114.353824446, 30.540975666], [114.353822458, 30.540974995], [114.353821329, 30.540974722], [114.353820224, 30.540974385], [114.353664225, 30.540934386], [114.353659195, 30.540933276], [114.353325195, 30.540871276], [114.353318671, 30.540870351], [114.353312074, 30.540869981], [114.353305465, 30.54087017], [114.35329891, 30.540870916], [114.353292472, 30.540872211], [114.353286213, 30.540874043], [114.353280191, 30.540876395], [114.353274467, 30.540879245], [114.353269094, 30.540882564], [114.353264124, 30.54088632], [114.353259607, 30.540890479], [114.353255584, 30.540894998], [114.353252095, 30.540899834], [114.353249173, 30.540904943], [114.353246848, 30.540910273], [114.353245139, 30.540915774], [114.353244064, 30.540921394], [114.353243635, 30.540927076], [114.353243855, 30.540932766], [114.353244721, 30.540938412], [114.353246224, 30.540943957], [114.353248352, 30.540949349], [114.353251083, 30.540954535], [114.353254392, 30.540959465], [114.353258246, 30.540964093], [114.353262606, 30.540968372], [114.353267434, 30.540972263], [114.353272681, 30.540975728], [114.353278298, 30.540978733], [114.353284229, 30.540981249], [114.353290418, 30.540983253], [114.353296805, 30.540984724], [114.353628266, 30.541046253], [114.353721173, 30.541070075], [114.35367434, 30.541245543], [114.353580403, 30.541230902], [114.353068983, 30.541151129], [114.353272086, 30.540806249], [114.353272672, 30.54080523], [114.353309554, 30.540739441], [114.353522956, 30.540366486], [114.353667972, 30.540132304], [114.353671805, 30.540127924], [114.353671968, 30.540127718], [114.35367215, 30.540127525], [114.353672712, 30.5401268], [114.353673329, 30.540126111], [114.353769239, 30.540007223], [114.354086146, 30.539618336], [114.354086509, 30.539617842], [114.354086914, 30.539617373], [114.354115465, 30.539580793], [114.354385138, 30.539343599], [114.354385296, 30.53934346], [114.354525658, 30.539219174], [114.354370182, 30.540039656], [114.354150363, 30.541106461]]]}, "properties": {"id": 3686, "land_type": "教育用地"}}, {"type": "Feature", "geometry": {"type": "Polygon", "coordinates": [[[114.354191337, 30.541457372], [114.354111386, 30.541759038], [114.353693423, 30.541683204], [114.353705316, 30.541599961], [114.35375403, 30.541440179], [114.353773786, 30.54137931], [114.354191337, 30.541457372]]]}, "properties": {"id": 3687, "land_type": "教育用地"}}, {"type": "Feature", "geometry": {"type": "Polygon", "coordinates": [[[114.354081396, 30.541872197], [114.354031553, 30.542060337], [114.35399597, 30.542054101], [114.353620838, 30.54197952], [114.353669746, 30.541797508], [114.354081396, 30.541872197]]]}, "properties": {"id": 3688, "land_type": "教育用地"}}, {"type": "Feature", "geometry": {"type": "Polygon", "coordinates": [[[114.352875622, 30.54355816], [114.352817622, 30.54356216], [114.352809607, 30.543563133], [114.352801787, 30.543564926], [114.352752787, 30.543578926], [114.352747246, 30.543580746], [114.352741912, 30.543582979], [114.352736828, 30.543585606], [114.352656895, 30.543631149], [114.352615082, 30.543645087], [114.352509885, 30.543663246], [114.352508992, 30.543661274], [114.352466074, 30.54357444], [114.352415154, 30.543469606], [114.352414881, 30.543469052], [114.352409916, 30.543459121], [114.352341146, 30.543320585], [114.352304337, 30.543243288], [114.35230416, 30.543242311], [114.352296327, 30.543076832], [114.352293335, 30.543001029], [114.352293304, 30.543000702], [114.352293304, 30.543000373], [114.352285524, 30.542852551], [114.352311774, 30.542624086], [114.352376053, 30.542321193], [114.352468931, 30.542122032], [114.352584705, 30.541943034], [114.353180776, 30.542029648], [114.353340561, 30.54205766], [114.353967376, 30.54216752], [114.354198846, 30.54221354], [114.354206374, 30.542214653], [114.354214001, 30.542215025], [114.354243001, 30.542215025], [114.35424929, 30.542214772], [114.354255526, 30.542214014], [114.354261652, 30.542212758], [114.354267615, 30.542211015], [114.354273363, 30.542208799], [114.354296364, 30.542198799], [114.354302494, 30.542195776], [114.354308224, 30.542192216], [114.354313489, 30.54218816], [114.354318233, 30.542183651], [114.354322402, 30.542178738], [114.354344402, 30.542149739], [114.354347827, 30.542144684], [114.354350644, 30.542139357], [114.354352824, 30.542133814], [114.354354344, 30.542128109], [114.354407344, 30.541870109], [114.354407388, 30.541869805], [114.354407463, 30.541869507], [114.354480948, 30.541488416], [114.355084671, 30.54158034], [114.355091093, 30.541581045], [114.355097563, 30.541581217], [114.355104023, 30.541580854], [114.355110413, 30.541579957], [114.355116673, 30.541578536], [114.355122746, 30.541576605], [114.355128576, 30.541574182], [114.355140582, 30.54156856], [114.355190766, 30.541569995], [114.355196205, 30.54156996], [114.355201621, 30.541569548], [114.35522895, 30.541566513], [114.354830359, 30.541778851], [114.354825125, 30.541781941], [114.354820254, 30.541785442], [114.354815786, 30.541789321], [114.354811761, 30.541793546], [114.354808215, 30.541798078], [114.35480518, 30.541802877], [114.354802684, 30.5418079], [114.354800746, 30.541813104], [114.354752948, 30.5419659], [114.354633751, 30.54234669], [114.354596853, 30.542464486], [114.354595725, 30.542468708], [114.354594965, 30.542472989], [114.354555166, 30.542771885], [114.354511209, 30.543101606], [114.354083095, 30.543085581], [114.354088268, 30.543006255], [114.354088287, 30.543000065], [114.354087542, 30.542993908], [114.354080542, 30.542955908], [114.354079283, 30.542950654], [114.354071283, 30.542923654], [114.354069357, 30.542918262], [114.354066831, 30.542913057], [114.354063732, 30.542908089], [114.354060087, 30.542903401], [114.354055931, 30.542899041], [114.354051302, 30.54289505], [114.354046247, 30.542891465], [114.353993342, 30.542857526], [114.353993246, 30.542857465], [114.35399055, 30.542855907], [114.353987857, 30.542854345], [114.353987805, 30.54285432], [114.353987756, 30.542854291], [114.353984896, 30.542852968], [114.353982039, 30.542851641], [114.353981984, 30.542851622], [114.353981931, 30.542851597], [114.353978934, 30.542850521], [114.35397594, 30.542849442], [114.353975883, 30.542849427], [114.353975827, 30.542849407], [114.353972723, 30.542848589], [114.35396962, 30.542847768], [114.353969562, 30.542847758], [114.353969504, 30.542847742], [114.353966322, 30.542847192], [114.35396314, 30.542846636], [114.353963081, 30.542846631], [114.353963023, 30.542846621], [114.353959792, 30.54284634], [114.353956563, 30.542846056], [114.353956445, 30.542846051], [114.353386564, 30.542820056], [114.353385506, 30.542820052], [114.35338445, 30.542819987], [114.353382202, 30.542820041], [114.353379953, 30.542820034], [114.353378899, 30.54282012], [114.353377842, 30.542820145], [114.353375609, 30.542820388], [114.35337337, 30.54282057], [114.353372332, 30.542820745], [114.353371282, 30.542820859], [114.353369089, 30.542821289], [114.35336688, 30.542821659], [114.353365867, 30.542821921], [114.353364836, 30.542822123], [114.353362702, 30.542822737], [114.353360546, 30.542823292], [114.353359567, 30.542823637], [114.353358564, 30.542823926], [114.353356509, 30.542824716], [114.353354428, 30.542825451], [114.353353493, 30.542825878], [114.353352527, 30.542826249], [114.353350574, 30.542827209], [114.353348585, 30.542828116], [114.353347703, 30.542828619], [114.353346784, 30.542829071], [114.353344949, 30.542830191], [114.353343073, 30.542831261], [114.353342253, 30.542831837], [114.353341391, 30.542832363], [114.353339691, 30.542833634], [114.353337946, 30.542834857], [114.353337195, 30.542835499], [114.353336397, 30.542836095], [114.35333485, 30.542837504], [114.353333254, 30.542838869], [114.353332579, 30.54283957], [114.353331852, 30.542840231], [114.353330474, 30.542841763], [114.35332904, 30.542843256], [114.353328448, 30.542844012], [114.3533278, 30.542844731], [114.353326603, 30.542846372], [114.353325345, 30.542847979], [114.353324843, 30.542848781], [114.353324279, 30.542849551], [114.353323275, 30.542851285], [114.353322206, 30.54285299], [114.353321798, 30.542853831], [114.353321325, 30.542854646], [114.353320522, 30.542856456], [114.353319652, 30.542858243], [114.353319342, 30.542859114], [114.353318964, 30.542859965], [114.353318371, 30.542861834], [114.35331771, 30.542863686], [114.353317499, 30.542864579], [114.35331722, 30.542865457], [114.353316842, 30.542867367], [114.353316394, 30.542869266], [114.353316286, 30.542870173], [114.35331611, 30.542871071], [114.353315951, 30.542873003], [114.353315721, 30.542874931], [114.353315717, 30.542875843], [114.353315642, 30.542876751], [114.353309643, 30.543116733], [114.353302659, 30.543388053], [114.353292755, 30.54357778], [114.352884774, 30.543558066], [114.352875622, 30.54355816]]]}, "properties": {"id": 3689, "land_type": "教育用地"}}, {"type": "Feature", "geometry": {"type": "Polygon", "coordinates": [[[114.359709116, 30.534996095], [114.359710264, 30.534997602], [114.359751264, 30.535049602], [114.35975236, 30.535050949], [114.359812681, 30.535122974], [114.359826544, 30.535163106], [114.359832319, 30.535215809], [114.35979885, 30.535283545], [114.359740877, 30.535366492], [114.359690674, 30.535408066], [114.359421814, 30.53552412], [114.359420013, 30.535524995], [114.359418174, 30.535525813], [114.359285506, 30.535592148], [114.359189096, 30.535628413], [114.359158762, 30.535631573], [114.359130324, 30.535628784], [114.359081866, 30.535603438], [114.359000402, 30.535546602], [114.358865728, 30.535445107], [114.358820056, 30.535403626], [114.35913342, 30.535261333], [114.359134726, 30.535260724], [114.359368726, 30.535148725], [114.359369797, 30.535148151], [114.359370905, 30.535147635], [114.359393906, 30.535135635], [114.359395782, 30.53513462], [114.359689654, 30.534969683], [114.359709116, 30.534996095]]]}, "properties": {"id": 3690, "land_type": "公园与绿地用地"}}, {"type": "Feature", "geometry": {"type": "Polygon", "coordinates": [[[114.357392041, 30.535099595], [114.357514636, 30.53530739], [114.357518971, 30.53531371], [114.357671671, 30.53550731], [114.357676076, 30.535512293], [114.357754076, 30.535591294], [114.357758429, 30.535595301], [114.357763202, 30.535598937], [114.35776835, 30.535602168], [114.357773831, 30.535604965], [114.357835571, 30.53563317], [114.357835273, 30.535633657], [114.357834517, 30.535634751], [114.357833737, 30.535636177], [114.357832886, 30.535637573], [114.357832331, 30.535638752], [114.357831702, 30.535639904], [114.357831089, 30.535641388], [114.357830401, 30.535642849], [114.357829982, 30.53564407], [114.357829487, 30.535645269], [114.357829046, 30.535646799], [114.357828527, 30.535648311], [114.35782825, 30.535649561], [114.357827894, 30.535650796], [114.357827629, 30.535652356], [114.357827285, 30.535653904], [114.357827151, 30.535655171], [114.357826937, 30.535656431], [114.357826851, 30.535658006], [114.357826686, 30.535659575], [114.357826696, 30.535660849], [114.357826627, 30.53566212], [114.357826721, 30.535663693], [114.357826734, 30.53566527], [114.357826889, 30.535666535], [114.357826964, 30.535667807], [114.357828986, 30.535685117], [114.357827394, 30.535686036], [114.3578223, 30.535689645], [114.357817642, 30.535693666], [114.357813462, 30.535698059], [114.357809801, 30.535702784], [114.357806693, 30.535707794], [114.357804169, 30.535713042], [114.357802253, 30.535718477], [114.357800963, 30.535724049], [114.35780031, 30.5357297], [114.357800304, 30.535735381], [114.357811004, 30.535927481], [114.357811364, 30.535931297], [114.357836064, 30.536117197], [114.357837016, 30.536122322], [114.357876791, 30.53628843], [114.357787167, 30.536389037], [114.357692851, 30.536435128], [114.357687116, 30.536438272], [114.357681776, 30.536441897], [114.357676887, 30.536445967], [114.357672501, 30.53645044], [114.35766866, 30.536455272], [114.357665404, 30.536460413], [114.357662765, 30.53646581], [114.357660772, 30.536471409], [114.357659444, 30.536477152], [114.357642337, 30.536577281], [114.357626828, 30.536626139], [114.357601649, 30.536647807], [114.357451826, 30.536688393], [114.357382481, 30.536702531], [114.357380049, 30.536703069], [114.35729605, 30.536723069], [114.35728961, 30.536724907], [114.357283419, 30.536727294], [114.357277536, 30.536730204], [114.357272024, 30.53673361], [114.357263748, 30.536739288], [114.35724582, 30.536744135], [114.357239636, 30.536746098], [114.357233705, 30.536748573], [114.357228082, 30.536751534], [114.357139582, 30.536803434], [114.357133922, 30.536807145], [114.357128748, 30.536811348], [114.357124117, 30.536815998], [114.357053367, 30.536895142], [114.356982931, 30.536973542], [114.356919003, 30.536985236], [114.356917034, 30.536985623], [114.356798035, 30.537010624], [114.356796644, 30.537010929], [114.356694126, 30.537034471], [114.356607038, 30.537047188], [114.356600926, 30.537048334], [114.356594964, 30.537049963], [114.356589202, 30.537052062], [114.356538113, 30.537073133], [114.356458122, 30.53709335], [114.356298198, 30.536379206], [114.35628724, 30.536328401], [114.356285489, 30.5363222], [114.356239489, 30.536191201], [114.356238746, 30.536189411], [114.356238074, 30.536187602], [114.356237637, 30.536186731], [114.356237266, 30.536185837], [114.356236324, 30.536184119], [114.356235449, 30.536182375], [114.356191449, 30.536105375], [114.356187477, 30.536099357], [114.356182701, 30.536093791], [114.3561177, 30.536026791], [114.356113168, 30.536022563], [114.356108171, 30.536018744], [114.356102761, 30.536015369], [114.356096988, 30.536012472], [114.356031988, 30.535983473], [114.356024039, 30.535980469], [114.355957041, 30.535959469], [114.355950988, 30.535957845], [114.355944785, 30.535956719], [114.355938486, 30.535956099], [114.355902776, 30.535954047], [114.355646266, 30.534867813], [114.355654762, 30.534864113], [114.356175993, 30.534765871], [114.356279104, 30.534847843], [114.356284748, 30.534851863], [114.356290865, 30.534855332], [114.356297381, 30.534858207], [114.356304223, 30.534860457], [114.356373683, 30.534879646], [114.356441043, 30.534898335], [114.356447785, 30.534899879], [114.356595185, 30.534926679], [114.356602059, 30.534927612], [114.356609007, 30.53492793], [114.356615957, 30.534927628], [114.356622834, 30.534926712], [114.356672829, 30.534917744], [114.3566862, 30.534919973], [114.35669038, 30.534920553], [114.35671738, 30.534923554], [114.356724275, 30.534924011], [114.35673119, 30.534923858], [114.356738049, 30.534923095], [114.356744781, 30.53492173], [114.356757995, 30.534918426], [114.356825152, 30.534906915], [114.356827492, 30.534906476], [114.35699861, 30.534871654], [114.357170723, 30.534840814], [114.357172549, 30.534840464], [114.357231933, 30.534828331], [114.357262633, 30.534880383], [114.357392041, 30.535099595]]]}, "properties": {"id": 3692, "land_type": "教育用地"}}, {"type": "Feature", "geometry": {"type": "Polygon", "coordinates": [[[114.356850016, 30.539738508], [114.356790783, 30.539703955], [114.356787591, 30.539702203], [114.35655859, 30.539584203], [114.356553791, 30.539581953], [114.356548796, 30.539580045], [114.356478339, 30.539556026], [114.356506075, 30.539492396], [114.356508156, 30.539486768], [114.356519156, 30.539450766], [114.356520422, 30.539445715], [114.356521163, 30.539440586], [114.35652137, 30.539435421], [114.356521044, 30.539430261], [114.356518043, 30.539404262], [114.356517128, 30.53939889], [114.356515632, 30.539393615], [114.356513572, 30.539388486], [114.356510963, 30.539383543], [114.35650783, 30.539378832], [114.3565042, 30.539374395], [114.356500104, 30.539370269], [114.356495577, 30.53936649], [114.356470577, 30.53934749], [114.356465128, 30.539343762], [114.356459264, 30.539340538], [114.356453043, 30.539337852], [114.356446536, 30.539335733], [114.356439808, 30.539334204], [114.356388286, 30.539324913], [114.356366831, 30.539315011], [114.356112276, 30.539092396], [114.356074479, 30.539055568], [114.356070064, 30.539051655], [114.356065242, 30.539048114], [114.356053242, 30.539040114], [114.356048474, 30.53903721], [114.356043432, 30.539034673], [114.356038153, 30.539032522], [114.356032678, 30.539030772], [114.356014678, 30.539025773], [114.356007911, 30.539024222], [114.356000993, 30.539023285], [114.355994, 30.539022972], [114.355943, 30.539022972], [114.355939732, 30.539023041], [114.355454225, 30.539043347], [114.355437797, 30.53901367], [114.355455545, 30.538970284], [114.355457174, 30.538965705], [114.355458361, 30.538961025], [114.355459095, 30.538956278], [114.355466094, 30.538890278], [114.355466373, 30.538885136], [114.355466122, 30.538879992], [114.355465343, 30.538874888], [114.355464042, 30.538869864], [114.355448042, 30.538818863], [114.355446257, 30.538814026], [114.355443988, 30.538809342], [114.355441254, 30.538804846], [114.355438073, 30.538800574], [114.355402073, 30.538756573], [114.355398431, 30.538752516], [114.355394386, 30.53874875], [114.355389971, 30.538745307], [114.35538522, 30.538742213], [114.355380171, 30.538739493], [114.355341171, 30.538720493], [114.355335741, 30.538718119], [114.355330083, 30.538716178], [114.355324246, 30.538714685], [114.355318275, 30.538713651], [114.355312221, 30.538713086], [114.355275221, 30.538711086], [114.355270112, 30.538710977], [114.355265007, 30.538711202], [114.355244818, 30.538712755], [114.355227176, 30.538689857], [114.355126552, 30.538497403], [114.354985751, 30.538221706], [114.354914161, 30.537991249], [114.354822236, 30.537684499], [114.354822029, 30.537683926], [114.354821874, 30.537683341], [114.354821456, 30.537682263], [114.354821113, 30.537681165], [114.354818611, 30.537674494], [114.354726088, 30.537380009], [114.354676139, 30.537217177], [114.354674073, 30.537211597], [114.354599072, 30.537039598], [114.354597045, 30.537035446], [114.35459465, 30.537031442], [114.35442465, 30.536772442], [114.354421348, 30.536767913], [114.354417576, 30.536763664], [114.354215576, 30.536556663], [114.354211698, 30.536553016], [114.354028698, 30.536395017], [114.354024008, 30.536391332], [114.353898007, 30.536301333], [114.35389783, 30.536301217], [114.353897664, 30.536301089], [114.353708073, 30.536167479], [114.354030027, 30.535945357], [114.354380185, 30.535705545], [114.354756255, 30.536113105], [114.354757136, 30.536113969], [114.354757955, 30.536114875], [114.354762956, 30.536119874], [114.354766871, 30.536123468], [114.354817871, 30.536166468], [114.354823999, 30.536171045], [114.354830718, 30.536174955], [114.354885719, 30.536202955], [114.354892155, 30.536205841], [114.354898914, 30.536208114], [114.354905917, 30.536209747], [114.354913084, 30.536210723], [114.355003084, 30.536218723], [114.355010597, 30.536219027], [114.355018104, 30.536218608], [114.355133103, 30.536206608], [114.355139797, 30.536205612], [114.355705928, 30.536095837], [114.355940412, 30.536201012], [114.356004859, 30.536448496], [114.356181656, 30.537127887], [114.356220555, 30.537277482], [114.356401259, 30.537971398], [114.356441704, 30.538126776], [114.356082841, 30.53820014], [114.355694131, 30.538279742], [114.355304647, 30.538359339], [114.355298722, 30.538360799], [114.355292977, 30.53836272], [114.35528746, 30.538365084], [114.355282217, 30.538367872], [114.355277292, 30.538371063], [114.35521039, 30.538418662], [114.355205886, 30.538422174], [114.355201765, 30.538426022], [114.355198064, 30.538430173], [114.355194813, 30.538434595], [114.355162613, 30.538483096], [114.355159617, 30.538488172], [114.355157212, 30.538493476], [114.355155423, 30.538498958], [114.355154266, 30.538504565], [114.355153754, 30.538510243], [114.355153889, 30.538515936], [114.355154672, 30.53852159], [114.355156095, 30.538527152], [114.355158143, 30.538532567], [114.355160799, 30.538537781], [114.355164035, 30.538542748], [114.355167819, 30.538547416], [114.355172118, 30.538551744], [114.355176888, 30.538555686], [114.355182083, 30.538559208], [114.355187656, 30.538562274], [114.35519355, 30.538564855], [114.355199708, 30.538566926], [114.355206074, 30.538568467], [114.355212583, 30.538569463], [114.355219175, 30.538569905], [114.355225786, 30.538569788], [114.355232351, 30.538569113], [114.355238808, 30.538567888], [114.355245094, 30.538566124], [114.355251149, 30.538563837], [114.355256915, 30.53856105], [114.355262336, 30.53855779], [114.35526736, 30.538554088], [114.355271938, 30.538549979], [114.355276027, 30.538545504], [114.355279587, 30.538540705], [114.355305685, 30.538501394], [114.355351017, 30.538469141], [114.355383791, 30.538462443], [114.355385415, 30.538463655], [114.35539081, 30.538466946], [114.355396555, 30.538469765], [114.355402592, 30.538472086], [114.355408865, 30.538473887], [114.355415313, 30.538475149], [114.355421871, 30.53847586], [114.355428481, 30.538476015], [114.355435076, 30.53847561], [114.355441594, 30.53847465], [114.355980593, 30.53837165], [114.355980687, 30.538371629], [114.355980782, 30.538371614], [114.356479576, 30.538275001], [114.356646172, 30.538933259], [114.356850016, 30.539738508]]]}, "properties": {"id": 3693, "land_type": "教育用地"}}, {"type": "Feature", "geometry": {"type": "Polygon", "coordinates": [[[114.35511456, 30.541448654], [114.355084507, 30.541442532], [114.355083549, 30.541442343], [114.35493655, 30.541414343], [114.354934027, 30.541413906], [114.354518027, 30.541348905], [114.354511427, 30.541348161], [114.354504773, 30.541347983], [114.354498133, 30.54134837], [114.354496068, 30.541348579], [114.354498358, 30.541259281], [114.354498226, 30.541254164], [114.354494226, 30.541202164], [114.354493315, 30.541195753], [114.3544837, 30.5411496], [114.354474133, 30.541076891], [114.354458701, 30.540867589], [114.354483528, 30.540728177], [114.354609437, 30.540078643], [114.354734421, 30.539445729], [114.354734573, 30.539444922], [114.354816046, 30.538993976], [114.35499194, 30.538891987], [114.355107393, 30.539086783], [114.355108622, 30.539088629], [114.355109746, 30.539090425], [114.355110219, 30.539091028], [114.355110645, 30.539091668], [114.355112098, 30.539093432], [114.355113441, 30.539095148], [114.355113956, 30.539095684], [114.355114432, 30.53909626], [114.355180232, 30.53916836], [114.355308137, 30.539308467], [114.355312166, 30.539312487], [114.355316604, 30.539316171], [114.355321414, 30.539319492], [114.355630115, 30.539513293], [114.355634786, 30.539515975], [114.3556397, 30.539518315], [114.355644823, 30.539520293], [114.355822888, 30.539581512], [114.356009946, 30.539647226], [114.356108639, 30.539681924], [114.356111053, 30.539682727], [114.356386786, 30.539769183], [114.356652314, 30.539886589], [114.356859383, 30.540002119], [114.357050793, 30.540307989], [114.357041211, 30.540571618], [114.356681063, 30.540545426], [114.356674273, 30.540438821], [114.356673909, 30.540435201], [114.356663911, 30.540362201], [114.356662664, 30.540356011], [114.356650664, 30.54031101], [114.356648699, 30.540305098], [114.356646018, 30.540299397], [114.356642652, 30.540293973], [114.356609652, 30.540246973], [114.356605957, 30.540242251], [114.356601743, 30.540237863], [114.35659705, 30.540233852], [114.356591922, 30.540230257], [114.356586411, 30.540227112], [114.356580567, 30.540224447], [114.356574449, 30.540222289], [114.356568115, 30.540220657], [114.356561625, 30.540219567], [114.356555042, 30.540219031], [114.356548431, 30.540219054], [114.356541854, 30.540219634], [114.356535374, 30.540220768], [114.356529055, 30.540222441], [114.356522955, 30.540224641], [114.356517138, 30.540227345], [114.356511654, 30.540230528], [114.35650656, 30.540234157], [114.356501903, 30.540238199], [114.356497729, 30.540242616], [114.356494076, 30.540247363], [114.356490983, 30.540252395], [114.356488476, 30.540257665], [114.356486582, 30.540263121], [114.356485317, 30.540268711], [114.356484696, 30.540274379], [114.356484721, 30.540280074], [114.356485395, 30.540285738], [114.35648671, 30.54029132], [114.356488654, 30.540296762], [114.356491209, 30.540302014], [114.356494348, 30.540307026], [114.356521756, 30.540346061], [114.356530519, 30.540378923], [114.356539843, 30.540446994], [114.356548762, 30.540587005], [114.356503009, 30.540583061], [114.356496266, 30.540582773], [114.356489523, 30.540583067], [114.356482848, 30.540583941], [114.356476309, 30.540585386], [114.356469969, 30.540587387], [114.356463895, 30.540589925], [114.356458146, 30.540592974], [114.35645278, 30.540596503], [114.356447851, 30.540600477], [114.356443408, 30.540604856], [114.356439497, 30.540609595], [114.356436156, 30.540614648], [114.35643342, 30.540619963], [114.356431314, 30.540625489], [114.35642986, 30.540631167], [114.356396713, 30.540800763], [114.356017711, 30.54078762], [114.356011257, 30.540787663], [114.356004839, 30.540788236], [114.355998513, 30.540789338], [114.355992338, 30.540790954], [114.355986371, 30.540793072], [114.355980667, 30.540795673], [114.355975278, 30.540798731], [114.355970254, 30.54080222], [114.35596564, 30.540806106], [114.355961479, 30.540810355], [114.355957809, 30.540814926], [114.355954663, 30.540819781], [114.355952072, 30.540824872], [114.355950058, 30.540830152], [114.35594864, 30.540835575], [114.355947831, 30.540841089], [114.355927276, 30.541068158], [114.355883342, 30.541088711], [114.35567552, 30.54118602], [114.355637313, 30.541203924], [114.35511456, 30.541448654]]]}, "properties": {"id": 3700, "land_type": "体育与文化用地"}}, {"type": "Feature", "geometry": {"type": "Polygon", "coordinates": [[[114.357888471, 30.538716742], [114.357893464, 30.53872323], [114.357948465, 30.53878523], [114.357952022, 30.538788915], [114.358014012, 30.538847972], [114.357973351, 30.538942346], [114.357896406, 30.539103195], [114.357862689, 30.539173783], [114.357727497, 30.53937972], [114.357635398, 30.539484111], [114.357106214, 30.539782005], [114.357109247, 30.539739563], [114.357109336, 30.53973405], [114.357108817, 30.539728555], [114.357107696, 30.539723127], [114.357079708, 30.539617177], [114.356877722, 30.538846227], [114.356877681, 30.538846102], [114.356877654, 30.538845974], [114.356697943, 30.538174055], [114.356520185, 30.537370144], [114.35652015, 30.537369993], [114.356488587, 30.537229269], [114.356561544, 30.537192147], [114.356586494, 30.537181857], [114.356697167, 30.537153884], [114.356722806, 30.537147997], [114.356859663, 30.537128012], [114.356868114, 30.537126289], [114.357032502, 30.537082964], [114.357035423, 30.537082298], [114.357037219, 30.537081721], [114.357041514, 30.537080589], [114.357048006, 30.53707856], [114.357054222, 30.537075968], [114.357056307, 30.537074859], [114.357103652, 30.537057295], [114.357109213, 30.537054966], [114.357114503, 30.537052208], [114.357119476, 30.537049044], [114.357124092, 30.537045499], [114.357128312, 30.537041606], [114.357210312, 30.536958606], [114.357213779, 30.536954783], [114.357277316, 30.536878355], [114.357328062, 30.536843541], [114.35741008, 30.536821365], [114.357487605, 30.536800364], [114.357515787, 30.536794618], [114.357613052, 30.536776753], [114.357621004, 30.536774847], [114.357705004, 30.536749847], [114.357711046, 30.536747762], [114.357716825, 30.536745186], [114.357756825, 30.536725186], [114.357762668, 30.536721904], [114.357768087, 30.536718121], [114.35777302, 30.536713875], [114.357795021, 30.536692874], [114.357799441, 30.536688188], [114.35780327, 30.53668313], [114.357806469, 30.536677758], [114.357809002, 30.536672128], [114.357830001, 30.536617129], [114.357831929, 30.536610955], [114.357842928, 30.536565954], [114.357843119, 30.536565148], [114.357856336, 30.53650699], [114.357868491, 30.536486228], [114.357893297, 30.536471343], [114.357958047, 30.536436025], [114.357963243, 30.536432886], [114.357968074, 30.536429338], [114.357972497, 30.536425416], [114.35797647, 30.536421152], [114.357979961, 30.536416584], [114.357982936, 30.536411755], [114.358005936, 30.536369755], [114.358008978, 30.536363191], [114.358011072, 30.536356358], [114.358018478, 30.536324396], [114.358008593, 30.536467703], [114.357973529, 30.536692162], [114.357973496, 30.536692486], [114.357973432, 30.536692807], [114.357973231, 30.536695157], [114.357972984, 30.536697505], [114.357972985, 30.536697671], [114.357972968, 30.536697836], [114.357972974, 30.536698161], [114.357972946, 30.536698487], [114.357973013, 30.536700842], [114.357973035, 30.5367032], [114.357973056, 30.536703365], [114.357973058, 30.53670353], [114.357973101, 30.536703854], [114.35797311, 30.536704179], [114.35801021, 30.537136379], [114.358011169, 30.53714274], [114.358012937, 30.537148971], [114.358185536, 30.537638216], [114.358326619, 30.538087379], [114.35820817, 30.53836103], [114.358207341, 30.538363059], [114.358078118, 30.53869918], [114.358066874, 30.538725277], [114.358053846, 30.538712864], [114.358003286, 30.53865587], [114.357961043, 30.538592057], [114.357946375, 30.538559269], [114.35791593, 30.538481684], [114.357897031, 30.538431951], [114.357896206, 30.538429907], [114.357890206, 30.538415908], [114.357888251, 30.53841183], [114.357885943, 30.538407892], [114.357876942, 30.53839389], [114.357873503, 30.538389105], [114.357869543, 30.538384629], [114.357865097, 30.538380505], [114.35786021, 30.538376771], [114.357848718, 30.538368815], [114.357841155, 30.538362933], [114.357834773, 30.538358543], [114.35782782, 30.538354852], [114.357814821, 30.538348852], [114.35781201, 30.538347703], [114.357809205, 30.538346541], [114.357809023, 30.538346484], [114.357808847, 30.538346412], [114.357805918, 30.538345507], [114.357802995, 30.538344586], [114.357802807, 30.538344545], [114.357802624, 30.538344488], [114.357799606, 30.538343834], [114.357796592, 30.538343166], [114.3577964, 30.538343139], [114.357796212, 30.538343099], [114.357793134, 30.538342703], [114.357790059, 30.538342291], [114.357789865, 30.538342282], [114.357789673, 30.538342258], [114.357786565, 30.538342124], [114.357783458, 30.538341973], [114.357783264, 30.538341981], [114.357783069, 30.538341972], [114.357779961, 30.538342101], [114.357776852, 30.538342214], [114.357738852, 30.538345214], [114.357729547, 30.538346519], [114.357527546, 30.538387519], [114.357527335, 30.538387562], [114.357459336, 30.538401562], [114.357453788, 30.538402923], [114.357369788, 30.538426922], [114.357362794, 30.538429302], [114.357294792, 30.538456302], [114.357292104, 30.538457433], [114.357193105, 30.538501433], [114.357189944, 30.538502931], [114.357080943, 30.538557931], [114.35707541, 30.538561047], [114.357070257, 30.538564616], [114.357065534, 30.538568602], [114.35706129, 30.538572968], [114.357057561, 30.53857767], [114.357054386, 30.538582665], [114.357051795, 30.538587905], [114.357049812, 30.538593338], [114.357048457, 30.538598911], [114.357047744, 30.538604572], [114.357047678, 30.538610266], [114.35704826, 30.538615939], [114.357049485, 30.538621535], [114.35705134, 30.538627001], [114.35705381, 30.538632284], [114.357056868, 30.538637332], [114.357060486, 30.538642099], [114.357064629, 30.538646537], [114.357069257, 30.538650604], [114.357074325, 30.538654259], [114.357079786, 30.538657472], [114.357085586, 30.538660206], [114.357091669, 30.538662438], [114.357097977, 30.538664146], [114.357104448, 30.538665312], [114.35711102, 30.538665926], [114.357117632, 30.538665984], [114.357124218, 30.538665482], [114.357130716, 30.538664427], [114.357137061, 30.538662829], [114.357143195, 30.538660702], [114.357149056, 30.538658069], [114.3572565, 30.538603854], [114.357352565, 30.538561158], [114.357415787, 30.538536055], [114.357493473, 30.538513861], [114.35755856, 30.538500459], [114.357755855, 30.538460414], [114.357764916, 30.538459699], [114.357765471, 30.538460084], [114.357765572, 30.538460241], [114.357769359, 30.538469078], [114.357787969, 30.538518049], [114.357788174, 30.53851858], [114.357819174, 30.53859758], [114.357820132, 30.538599864], [114.357837132, 30.538637863], [114.357839129, 30.538641872], [114.357841471, 30.53864574], [114.357888471, 30.538716742]]]}, "properties": {"id": 3694, "land_type": "教育用地"}}, {"type": "Feature", "geometry": {"type": "Polygon", "coordinates": [[[114.360937783, 30.538875322], [114.36093876, 30.538875524], [114.361138761, 30.538915524], [114.361143983, 30.538916383], [114.361164399, 30.538919026], [114.361489928, 30.538988809], [114.361496714, 30.538989949], [114.361601214, 30.539002749], [114.361604862, 30.53900311], [114.361665134, 30.539007625], [114.361755128, 30.539028949], [114.361760689, 30.539030051], [114.361766338, 30.539030743], [114.361772034, 30.539031021], [114.361775676, 30.539031066], [114.361726548, 30.539407722], [114.361726534, 30.539407905], [114.361726501, 30.539408086], [114.361724605, 30.539423504], [114.361011552, 30.539363416], [114.360659874, 30.539315499], [114.360661357, 30.539167969], [114.360680256, 30.538893434], [114.360680323, 30.53888774], [114.360679742, 30.538882068], [114.360678518, 30.538876471], [114.360676662, 30.538871005], [114.360674195, 30.538865722], [114.360671137, 30.538860673], [114.360667519, 30.538855906], [114.360663378, 30.538851468], [114.360658749, 30.5388474], [114.360653682, 30.538843744], [114.360648221, 30.538840532], [114.360642422, 30.538837797], [114.360636339, 30.538835565], [114.360630032, 30.538833857], [114.360623561, 30.538832688], [114.360616988, 30.538832073], [114.360610377, 30.538832016], [114.36060379, 30.538832516], [114.360597294, 30.538833571], [114.360590947, 30.538835169], [114.360584813, 30.538837294], [114.360578951, 30.538839927], [114.360573417, 30.538843043], [114.360568263, 30.538846611], [114.360563541, 30.538850597], [114.360559294, 30.538854961], [114.360555566, 30.538859664], [114.36055239, 30.538864659], [114.360549799, 30.538869898], [114.360547816, 30.53887533], [114.360546459, 30.538880904], [114.360545744, 30.538886565], [114.360526745, 30.539162565], [114.360526629, 30.539165498], [114.360525275, 30.539300309], [114.360210489, 30.539270521], [114.360144754, 30.539260625], [114.360110674, 30.53922382], [114.360110267, 30.539223384], [114.360076272, 30.539187389], [114.360063151, 30.539173487], [114.360097598, 30.539130626], [114.360097869, 30.539130284], [114.360258771, 30.538926984], [114.360261105, 30.538923819], [114.360330806, 30.538822219], [114.360333885, 30.53881718], [114.360336377, 30.538811905], [114.360338256, 30.538806445], [114.360339506, 30.538800854], [114.360340112, 30.538795182], [114.36034007, 30.538789488], [114.360339381, 30.538783825], [114.36033805, 30.538778247], [114.360336091, 30.538772808], [114.360333523, 30.53876756], [114.36033037, 30.538762556], [114.360326661, 30.538757841], [114.360322435, 30.538753461], [114.36031773, 30.53874946], [114.360312594, 30.538745875], [114.360307073, 30.538742742], [114.360301223, 30.538740089], [114.360295099, 30.538737942], [114.36028876, 30.538736323], [114.360282266, 30.538735248], [114.360275683, 30.538734725], [114.360269072, 30.53873476], [114.360262496, 30.538735355], [114.360256019, 30.538736501], [114.360249705, 30.538738189], [114.360243613, 30.5387404], [114.360237801, 30.538743116], [114.360232327, 30.538746309], [114.360227242, 30.53874995], [114.360222596, 30.538754002], [114.360218434, 30.538758427], [114.360214796, 30.538763182], [114.360146203, 30.538863167], [114.359986666, 30.539064744], [114.359974638, 30.53907971], [114.359807279, 30.538902397], [114.359801562, 30.538897058], [114.35973356, 30.538841058], [114.359726514, 30.538836], [114.3596338, 30.538778178], [114.359554084, 30.538727358], [114.359553063, 30.53872672], [114.359494054, 30.538690553], [114.359317326, 30.538555062], [114.359313442, 30.538551955], [114.359184239, 30.538443501], [114.359182082, 30.53844011], [114.359182021, 30.538440024], [114.359181969, 30.538439933], [114.359180498, 30.538437885], [114.359179063, 30.538435818], [114.359052504, 30.538272263], [114.358980612, 30.538127535], [114.358899777, 30.537884047], [114.35889851, 30.537880631], [114.35878751, 30.537610631], [114.358786341, 30.537607993], [114.358717341, 30.537462993], [114.35871424, 30.537457361], [114.358589128, 30.537258442], [114.358568008, 30.537184787], [114.358566091, 30.537179286], [114.358563552, 30.537173976], [114.358560416, 30.537168908], [114.358556714, 30.537164131], [114.358433315, 30.537020831], [114.358429404, 30.5370167], [114.358409637, 30.536997678], [114.358640658, 30.537107997], [114.358799282, 30.537207764], [114.358903795, 30.537292154], [114.359067719, 30.537499515], [114.359272304, 30.537906144], [114.359435191, 30.53844619], [114.359437171, 30.538451635], [114.35943976, 30.538456886], [114.359442936, 30.538461894], [114.359446669, 30.538466608], [114.359450921, 30.538470983], [114.35945565, 30.538474978], [114.359460812, 30.538478553], [114.359466356, 30.538481675], [114.359472231, 30.538484313], [114.359478378, 30.53848644], [114.359484737, 30.538488038], [114.359933089, 30.538580343], [114.360486816, 30.538763761], [114.360489966, 30.538764728], [114.360629166, 30.538804128], [114.360633927, 30.53880531], [114.360697262, 30.538818887], [114.360720146, 30.538827836], [114.360725872, 30.538829808], [114.360731783, 30.538831322], [114.360937783, 30.538875322]]]}, "properties": {"id": 3695, "land_type": "教育用地"}}, {"type": "Feature", "geometry": {"type": "Polygon", "coordinates": [[[114.35830978, 30.537161029], [114.358365108, 30.5371963], [114.358459769, 30.537296423], [114.358462442, 30.537300675], [114.358544491, 30.537586814], [114.358544609, 30.537587216], [114.358619169, 30.537839488], [114.358677768, 30.538110234], [114.358678878, 30.538114474], [114.358680354, 30.53811863], [114.358756653, 30.53830793], [114.358814453, 30.538451331], [114.358817294, 30.53845729], [114.358820885, 30.53846294], [114.35882518, 30.538468214], [114.358908919, 30.538559748], [114.358700202, 30.539278685], [114.358219023, 30.539266141], [114.358209037, 30.539249084], [114.358172105, 30.539160112], [114.358216397, 30.538900965], [114.358248289, 30.538764698], [114.358328112, 30.538551835], [114.358328127, 30.538551788], [114.358328147, 30.538551744], [114.358349812, 30.538493641], [114.358449444, 30.538253529], [114.358449846, 30.538252532], [114.358503845, 30.538114533], [114.358505412, 30.538109902], [114.358506525, 30.538105176], [114.358507181, 30.538100385], [114.358518181, 30.537975386], [114.358518324, 30.53796875], [114.358513323, 30.53785775], [114.358513226, 30.537856804], [114.358513202, 30.537855855], [114.358512937, 30.53785397], [114.358512743, 30.537852077], [114.358512539, 30.537851144], [114.358512407, 30.537850202], [114.358476407, 30.537669202], [114.358474628, 30.537662604], [114.358303628, 30.537162603], [114.358303219, 30.537161448], [114.358303065, 30.537161029], [114.35830978, 30.537161029]]]}, "properties": {"id": 3696, "land_type": "教育用地"}}, {"type": "Feature", "geometry": {"type": "Polygon", "coordinates": [[[114.354541309, 30.538038316], [114.354542875, 30.538042836], [114.354715475, 30.538476034], [114.354718065, 30.538481585], [114.354825744, 30.538681848], [114.354833225, 30.538695812], [114.354834584, 30.538698053], [114.354835915, 30.538700307], [114.354836114, 30.538700576], [114.354836286, 30.538700859], [114.354837894, 30.538702976], [114.354839475, 30.538705106], [114.354839704, 30.538705357], [114.354839908, 30.538705624], [114.354841748, 30.538707594], [114.354843564, 30.538709581], [114.354882777, 30.538748414], [114.354799943, 30.538775167], [114.354794369, 30.538777218], [114.354789029, 30.538779694], [114.354783971, 30.538782573], [114.354714549, 30.538826061], [114.354630935, 30.538737337], [114.354592179, 30.538670778], [114.354581636, 30.538626982], [114.35456803, 30.538518142], [114.354541174, 30.538275436], [114.354527825, 30.538091399], [114.354541214, 30.538037994], [114.354541309, 30.538038316]]]}, "properties": {"id": 3697, "land_type": "公园与绿地用地"}}, {"type": "Feature", "geometry": {"type": "Polygon", "coordinates": [[[114.355980291, 30.539139027], [114.35601252, 30.539170432], [114.356013789, 30.539171551], [114.356014998, 30.539172718], [114.356277998, 30.539402717], [114.356282976, 30.539406655], [114.356288388, 30.539410143], [114.356294178, 30.539413146], [114.356333178, 30.539431147], [114.356338966, 30.539433519], [114.356344989, 30.539435408], [114.356351193, 30.539436795], [114.356382371, 30.539442419], [114.356378719, 30.539454373], [114.356352676, 30.539514116], [114.356321434, 30.539503921], [114.356043192, 30.539408182], [114.355794324, 30.539320979], [114.35563844, 30.539239731], [114.355566643, 30.539187434], [114.355537785, 30.539156044], [114.355944635, 30.539139027], [114.355980291, 30.539139027]]]}, "properties": {"id": 3698, "land_type": "公园与绿地用地"}}, {"type": "Feature", "geometry": {"type": "Polygon", "coordinates": [[[114.361657878, 30.541789378], [114.361622543, 30.542081595], [114.36150082, 30.542040054], [114.361495325, 30.542038412], [114.361489686, 30.542037184], [114.361483945, 30.542036378], [114.360955945, 30.541982379], [114.360955181, 30.541982304], [114.360695627, 30.541958346], [114.360292074, 30.541916392], [114.360291279, 30.541916342], [114.360290489, 30.541916243], [114.360267654, 30.54191434], [114.359962382, 30.54187965], [114.359649981, 30.541831209], [114.359537998, 30.541807633], [114.359536206, 30.541807336], [114.359534431, 30.54180697], [114.359200556, 30.54175299], [114.359100954, 30.541736552], [114.358916149, 30.541689367], [114.358914388, 30.541688997], [114.358912647, 30.54168856], [114.35855855, 30.541615747], [114.357983447, 30.541482954], [114.357980991, 30.541482496], [114.357978549, 30.54148199], [114.357648938, 30.541428175], [114.357176289, 30.541157672], [114.357171391, 30.541155119], [114.357155054, 30.541147405], [114.35715834, 30.541056415], [114.35717154, 30.540695024], [114.357182717, 30.54038746], [114.358403888, 30.540923892], [114.358888089, 30.541136591], [114.359357091, 30.541342592], [114.359759589, 30.541519392], [114.359764148, 30.541521213], [114.359768852, 30.541522736], [114.359945752, 30.541573636], [114.359951964, 30.541575143], [114.359958316, 30.541576132], [114.359964748, 30.541576591], [114.359971203, 30.541576519], [114.359977619, 30.541575915], [114.359983939, 30.541574784], [114.359990105, 30.541573139], [114.359996058, 30.541570993], [114.360001746, 30.541568366], [114.360007117, 30.541565282], [114.36001212, 30.541561769], [114.360016709, 30.541557862], [114.360020844, 30.541553593], [114.360024487, 30.541549003], [114.360027601, 30.541544134], [114.36003016, 30.54153903], [114.36003214, 30.541533739], [114.360033524, 30.541528309], [114.360034298, 30.541522791], [114.360061729, 30.541196482], [114.360223749, 30.540606959], [114.360270806, 30.540526165], [114.360385656, 30.540388929], [114.360386682, 30.540387668], [114.360613693, 30.540100643], [114.361288145, 30.54016972], [114.36170768, 30.540212632], [114.361717262, 30.540215098], [114.361796296, 30.54039937], [114.36175963, 30.540922031], [114.361657878, 30.541789378]]]}, "properties": {"id": 3702, "land_type": "体育与文化用地"}}, {"type": "Feature", "geometry": {"type": "Polygon", "coordinates": [[[114.354502412, 30.533360578], [114.354497163, 30.533363709], [114.354492282, 30.533367254], [114.354487811, 30.53337118], [114.354483793, 30.533375454], [114.354480263, 30.533380036], [114.354477252, 30.533384885], [114.354474787, 30.533389958], [114.354472891, 30.533395209], [114.35447158, 30.533400591], [114.354470867, 30.533406056], [114.354459577, 30.533556458], [114.354149874, 30.53358918], [114.354084594, 30.533592557], [114.354082386, 30.53356606], [114.354083373, 30.533390281], [114.354083236, 30.533387608], [114.354083116, 30.533384933], [114.354083089, 30.533384764], [114.35408308, 30.533384592], [114.354082639, 30.533381943], [114.354082217, 30.533379291], [114.35408217, 30.533379125], [114.354082142, 30.533378954], [114.354081401, 30.533376355], [114.354080679, 30.533373752], [114.354080614, 30.533373591], [114.354080567, 30.533373423], [114.354079533, 30.5333709], [114.354078519, 30.53336837], [114.354078436, 30.533368214], [114.35407837, 30.533368052], [114.354077054, 30.533365628], [114.354075756, 30.533363196], [114.354075656, 30.533363049], [114.354075571, 30.533362893], [114.354073986, 30.533360591], [114.354072418, 30.53335828], [114.354072301, 30.533358141], [114.354072199, 30.533357994], [114.354070361, 30.533355837], [114.354068537, 30.53335367], [114.354068404, 30.533353541], [114.354068287, 30.533353403], [114.354066212, 30.533351412], [114.35406415, 30.53334941], [114.354064004, 30.533349293], [114.354063871, 30.533349165], [114.354061578, 30.533347358], [114.354059299, 30.53334554], [114.35405914, 30.533345436], [114.354058993, 30.53334532], [114.354056506, 30.533343715], [114.354054031, 30.533342098], [114.35405386, 30.533342009], [114.354053701, 30.533341906], [114.354051045, 30.533340519], [114.354048397, 30.533339119], [114.354048217, 30.533339044], [114.354048046, 30.533338955], [114.354045245, 30.533337798], [114.35404245, 30.533336628], [114.354042264, 30.533336569], [114.354042084, 30.533336495], [114.354039164, 30.533335581], [114.354036249, 30.533334653], [114.354036057, 30.533334609], [114.35403587, 30.53333455], [114.354032859, 30.533333887], [114.354029853, 30.533333209], [114.354029656, 30.533333182], [114.354029464, 30.53333314], [114.354026393, 30.533332734], [114.354023324, 30.533332313], [114.354023126, 30.533332303], [114.354022928, 30.533332277], [114.354019827, 30.533332133], [114.354016725, 30.533331973], [114.353584725, 30.533327972], [114.353583787, 30.533328003], [114.35358285, 30.533327978], [114.353379154, 30.533330973], [114.352873782, 30.533334476], [114.352887247, 30.533097631], [114.352915471, 30.532779397], [114.3530068, 30.532564054], [114.353139352, 30.532287972], [114.3531413, 30.532288525], [114.353177078, 30.532305105], [114.353182445, 30.532307334], [114.353561446, 30.532447335], [114.353567105, 30.532449171], [114.353572934, 30.532450562], [114.353578883, 30.532451499], [114.353663883, 30.532461498], [114.353665247, 30.5324616], [114.353666602, 30.532461769], [114.353668538, 30.532461846], [114.353670471, 30.532461991], [114.353671838, 30.532461977], [114.353673206, 30.532462031], [114.354054206, 30.532461031], [114.354054798, 30.532461004], [114.354055392, 30.532461019], [114.354635341, 30.532450692], [114.354654949, 30.532661171], [114.354656529, 30.532820782], [114.354658429, 30.53302317], [114.354659229, 30.533104094], [114.354659267, 30.533105593], [114.35466593, 30.533272619], [114.354502412, 30.533360578]]]}, "properties": {"id": 3705, "land_type": "居住用地"}}, {"type": "Feature", "geometry": {"type": "Polygon", "coordinates": [[[114.354032592, 30.533955592], [114.354037192, 30.533986731], [114.354027697, 30.534067008], [114.354026329, 30.534070656], [114.353987292, 30.534088343], [114.353713062, 30.534206013], [114.35362077, 30.534245275], [114.353615415, 30.534190957], [114.353619403, 30.533952525], [114.354032592, 30.533955592]]]}, "properties": {"id": 3706, "land_type": "公园与绿地用地"}}, {"type": "Feature", "geometry": {"type": "Polygon", "coordinates": [[[114.357259427, 30.532442942], [114.357260627, 30.532694238], [114.357260765, 30.532697718], [114.357268465, 30.532801018], [114.357269179, 30.532806504], [114.357270495, 30.532811906], [114.357272401, 30.532817176], [114.35727488, 30.532822267], [114.357302381, 30.532871968], [114.357306106, 30.53287781], [114.357310585, 30.532883246], [114.357359892, 30.532936346], [114.357398265, 30.533041766], [114.357395472, 30.533079402], [114.354788241, 30.533981492], [114.354786841, 30.533977239], [114.354711741, 30.533746997], [114.35469979, 30.53368963], [114.354701179, 30.533684581], [114.354780771, 30.533654457], [114.354960185, 30.533613734], [114.355382411, 30.53353987], [114.35538248, 30.533539855], [114.35538255, 30.533539845], [114.355383969, 30.533539532], [114.355385405, 30.533539285], [114.355422405, 30.533531285], [114.35542802, 30.533529844], [114.355522013, 30.533501846], [114.355743238, 30.533435998], [114.355808369, 30.533421216], [114.355810536, 30.53342069], [114.356390237, 30.533271089], [114.356396224, 30.533269275], [114.356401987, 30.533266984], [114.356805587, 30.533086184], [114.356811394, 30.533083257], [114.356812128, 30.533082797], [114.356819323, 30.533080153], [114.356847159, 30.533071802], [114.356853297, 30.533069665], [114.356859161, 30.533067019], [114.356864695, 30.533063889], [114.356869846, 30.533060308], [114.356874564, 30.533056308], [114.356878805, 30.533051928], [114.356899805, 30.533027928], [114.35690338, 30.533023413], [114.356906448, 30.533018628], [114.356914447, 30.533004628], [114.356916887, 30.532999823], [114.356918813, 30.532994848], [114.356920209, 30.532989745], [114.35692721, 30.532957744], [114.356928292, 30.532949852], [114.356930293, 30.532914854], [114.356930361, 30.532913136], [114.356932361, 30.532825136], [114.356932345, 30.532824672], [114.356932374, 30.53282421], [114.356933373, 30.532585408], [114.3569378, 30.53222087], [114.357257913, 30.532136927], [114.357259427, 30.532442942]]]}, "properties": {"id": 3716, "land_type": "居住用地"}}, {"type": "Feature", "geometry": {"type": "Polygon", "coordinates": [[[114.355393154, 30.533145269], [114.355386381, 30.533146167], [114.355379746, 30.533147653], [114.355373322, 30.533149711], [114.355338323, 30.533162711], [114.355332089, 30.533165363], [114.355326209, 30.533168552], [114.355320738, 30.533172248], [114.355315742, 30.533176409], [114.35528974, 30.533200409], [114.355285709, 30.533204494], [114.355282131, 30.533208882], [114.355279038, 30.533213536], [114.35527646, 30.533218417], [114.355274413, 30.533223482], [114.355272919, 30.533228686], [114.355263919, 30.533267687], [114.355262911, 30.533273678], [114.355262632, 30.533279728], [114.355263086, 30.533285769], [114.355281497, 30.53342078], [114.354931716, 30.533500172], [114.354851882, 30.533510611], [114.354854012, 30.533507378], [114.354856479, 30.533502713], [114.354858461, 30.53349788], [114.354870461, 30.53346388], [114.354872366, 30.533457], [114.354873286, 30.533449972], [114.354878285, 30.533365971], [114.35487836, 30.533361837], [114.35487736, 30.533318838], [114.354877343, 30.533318628], [114.354877348, 30.533318417], [114.354872171, 30.533154948], [114.355262395, 30.533142994], [114.35526459, 30.533142896], [114.355281591, 30.533141896], [114.355282476, 30.533141806], [114.355283366, 30.533141771], [114.355285757, 30.533141474], [114.355288157, 30.53314123], [114.355289028, 30.533141065], [114.35528991, 30.533140956], [114.355292256, 30.533140457], [114.355294616, 30.533140012], [114.355295464, 30.533139775], [114.35529633, 30.533139591], [114.355298607, 30.533138898], [114.355300905, 30.533138255], [114.355301722, 30.533137948], [114.355302562, 30.533137692], [114.35530475, 30.533136809], [114.355306964, 30.533135976], [114.355307742, 30.533135601], [114.35530855, 30.533135275], [114.355310626, 30.533134212], [114.355312734, 30.533133196], [114.355313466, 30.533132757], [114.355314232, 30.533132364], [114.355316178, 30.533131131], [114.355318161, 30.533129943], [114.355318839, 30.533129444], [114.355319556, 30.533128988], [114.355321352, 30.533127596], [114.355323191, 30.533126246], [114.355323809, 30.533125692], [114.355324471, 30.533125179], [114.3553261, 30.533123643], [114.355327776, 30.533122143], [114.355328328, 30.53312154], [114.355328928, 30.533120973], [114.355330374, 30.533119305], [114.355331872, 30.533117672], [114.355332353, 30.533117026], [114.355332886, 30.53311641], [114.355334135, 30.53311463], [114.355335439, 30.533112877], [114.355335845, 30.533112194], [114.355336305, 30.533111536], [114.355337346, 30.533109658], [114.355338444, 30.533107805], [114.35533877, 30.53310709], [114.355339154, 30.533106397], [114.355339976, 30.533104441], [114.355340857, 30.533102502], [114.3553411, 30.533101764], [114.355341403, 30.533101042], [114.355341998, 30.533099025], [114.355342655, 30.533097022], [114.355342812, 30.533096267], [114.355343032, 30.533095523], [114.355343395, 30.533093465], [114.355343821, 30.533091417], [114.355343892, 30.533090651], [114.355344025, 30.533089892], [114.355344152, 30.533087814], [114.355344344, 30.533085739], [114.355344326, 30.533084972], [114.355344373, 30.533084205], [114.355346139, 30.532654281], [114.355389627, 30.532653793], [114.355389627, 30.533079], [114.355389951, 30.533084688], [114.355390921, 30.533090321], [114.355392527, 30.533095846], [114.355394755, 30.533101207], [114.355397582, 30.533106355], [114.35540098, 30.53311124], [114.35540492, 30.533115814], [114.35540936, 30.533120034], [114.355414259, 30.533123859], [114.355419569, 30.533127251], [114.35542524, 30.533130178], [114.355431217, 30.533132614], [114.355437442, 30.533134532], [114.355443856, 30.533135916], [114.355450396, 30.533136751], [114.355457001, 30.533137031], [114.355463604, 30.533136751], [114.355470143, 30.533135916], [114.355476557, 30.533134532], [114.355482783, 30.533132614], [114.355488759, 30.533130178], [114.355494431, 30.533127251], [114.355499741, 30.533123859], [114.355504641, 30.533120034], [114.35550908, 30.533115814], [114.35551302, 30.53311124], [114.355516419, 30.533106355], [114.355519246, 30.533101207], [114.355521472, 30.533095846], [114.355523078, 30.533090321], [114.355524049, 30.533084688], [114.355524374, 30.533079], [114.355524374, 30.532652341], [114.356232527, 30.532645031], [114.356703877, 30.532643543], [114.356703829, 30.532648521], [114.356703828, 30.53264942], [114.356706128, 30.53292312], [114.356706773, 30.532995321], [114.356622379, 30.533026323], [114.356233865, 30.533158817], [114.35591537, 30.533260735], [114.355894997, 30.533226914], [114.355885573, 30.533203784], [114.355883131, 30.533198604], [114.355880122, 30.533193651], [114.355876574, 30.53318897], [114.355872519, 30.533184605], [114.355867995, 30.533180597], [114.355863046, 30.533176981], [114.355857713, 30.533173793], [114.355818714, 30.533152793], [114.355816613, 30.533151781], [114.355814542, 30.533150721], [114.355813728, 30.533150392], [114.355812943, 30.533150015], [114.355810736, 30.533149184], [114.355808556, 30.533148305], [114.355807708, 30.533148047], [114.355806883, 30.533147737], [114.355804592, 30.533147098], [114.355802322, 30.533146406], [114.355801448, 30.53314622], [114.355800592, 30.533145982], [114.355798239, 30.53314554], [114.355795902, 30.533145043], [114.355795012, 30.533144932], [114.355794133, 30.533144766], [114.355791742, 30.533144524], [114.355789359, 30.533144227], [114.35578846, 30.533144192], [114.355787566, 30.533144102], [114.35578516, 30.533144063], [114.355782754, 30.533143968], [114.355464878, 30.533144968], [114.355400001, 30.533144968], [114.355393154, 30.533145269]]]}, "properties": {"id": 3717, "land_type": "教育用地"}}, {"type": "Feature", "geometry": {"type": "Polygon", "coordinates": [[[114.358435858, 30.544005167], [114.358427858, 30.544115479], [114.358422038, 30.544195528], [114.35834316, 30.544196851], [114.358138288, 30.544186093], [114.357730955, 30.544162736], [114.35774675, 30.543648635], [114.3577466, 30.543642943], [114.357745803, 30.54363729], [114.357744367, 30.543631731], [114.357742306, 30.543626321], [114.357739637, 30.543621111], [114.35773639, 30.54361615], [114.357732593, 30.543611489], [114.357728284, 30.543607169], [114.357723504, 30.543603236], [114.3577183, 30.543599724], [114.357712721, 30.543596668], [114.35770682, 30.543594098], [114.357700656, 30.543592038], [114.357694287, 30.543590509], [114.357687775, 30.543589526], [114.357681182, 30.543589095], [114.357674572, 30.543589224], [114.357668008, 30.543589911], [114.357661555, 30.543591148], [114.357655273, 30.543592923], [114.357649223, 30.543595221], [114.357643464, 30.543598018], [114.357638052, 30.543601288], [114.357633036, 30.543604999], [114.357628469, 30.543609116], [114.357624391, 30.543613598], [114.357620842, 30.543618403], [114.357617859, 30.543623485], [114.357615468, 30.543628794], [114.357613692, 30.543634279], [114.357612549, 30.543639888], [114.35761205, 30.543645565], [114.357596398, 30.54415502], [114.356627207, 30.544099448], [114.356647617, 30.543822082], [114.357398479, 30.543841499], [114.357405089, 30.54384139], [114.357411656, 30.543840724], [114.357418115, 30.543839507], [114.357424404, 30.543837751], [114.357430462, 30.543835471], [114.357436233, 30.543832692], [114.35744166, 30.543829439], [114.35744669, 30.543825742], [114.357451274, 30.543821641], [114.357455371, 30.543817171], [114.357458939, 30.543812376], [114.357461944, 30.543807304], [114.357464357, 30.543802003], [114.357466155, 30.543796523], [114.357467321, 30.543790919], [114.357467844, 30.543785241], [114.357467718, 30.543779549], [114.357466944, 30.543773893], [114.357465531, 30.543768331], [114.357463492, 30.543762914], [114.357460846, 30.543757696], [114.357457618, 30.543752726], [114.35745384, 30.543748052], [114.357449549, 30.543743721], [114.357444787, 30.543739772], [114.357439596, 30.543736244], [114.357434029, 30.543733171], [114.357428139, 30.543730583], [114.357421984, 30.543728504], [114.357415622, 30.543726956], [114.357409114, 30.543725952], [114.357402522, 30.543725501], [114.356656139, 30.543706201], [114.356669308, 30.543527027], [114.357298637, 30.543595665], [114.357305228, 30.543596102], [114.357311839, 30.543595981], [114.357318403, 30.543595302], [114.357324859, 30.543594073], [114.357331144, 30.543592305], [114.357337197, 30.543590014], [114.35734296, 30.543587223], [114.357348378, 30.543583959], [114.357353398, 30.543580254], [114.357357973, 30.543576143], [114.357362058, 30.543571664], [114.357365613, 30.543566864], [114.357368605, 30.543561786], [114.357371004, 30.54355648], [114.357372789, 30.543550997], [114.357373941, 30.54354539], [114.357374448, 30.543539712], [114.357374307, 30.543534019], [114.357373519, 30.543528365], [114.357372092, 30.543522805], [114.357370039, 30.543517393], [114.357367378, 30.543512179], [114.357364138, 30.543507215], [114.357360349, 30.54350255], [114.357356046, 30.543498226], [114.357351272, 30.543494286], [114.357346074, 30.543490768], [114.357340499, 30.543487706], [114.357334604, 30.543485129], [114.357328442, 30.543483062], [114.357322075, 30.543481526], [114.357315566, 30.543480534], [114.356623957, 30.543405103], [114.356473447, 30.543351743], [114.356467875, 30.543350011], [114.356462147, 30.543348705], [114.356456308, 30.54334784], [114.356167074, 30.543316129], [114.356161234, 30.543238259], [114.356160439, 30.543232362], [114.356158947, 30.543226565], [114.356125946, 30.543123566], [114.356124248, 30.543119009], [114.356122121, 30.543114588], [114.356101121, 30.543075588], [114.356097523, 30.543069793], [114.356093188, 30.543064384], [114.356028189, 30.542992384], [114.35602292, 30.542987212], [114.356016978, 30.542982614], [114.355930978, 30.542923614], [114.355927157, 30.542921177], [114.355830952, 30.542864239], [114.355410758, 30.542579464], [114.354923496, 30.542246813], [114.354961195, 30.542092172], [114.35500668, 30.542034671], [114.355007388, 30.542033757], [114.355046401, 30.541982375], [114.355321324, 30.541693607], [114.355411251, 30.541605855], [114.355491041, 30.541563349], [114.355496205, 30.541560304], [114.355501018, 30.541556859], [114.355526177, 30.541537083], [114.355747295, 30.541428935], [114.355881301, 30.541368384], [114.355887137, 30.541365415], [114.356003137, 30.541299416], [114.356008353, 30.541296128], [114.356013178, 30.541292425], [114.356017569, 30.541288341], [114.356021486, 30.541283915], [114.356024893, 30.541279184], [114.356027756, 30.541274195], [114.356067757, 30.541195194], [114.356070383, 30.541189094], [114.356072201, 30.541182779], [114.356084516, 30.541126678], [114.356141057, 30.541098067], [114.356299965, 30.541018114], [114.356512945, 30.540911123], [114.356515934, 30.540909531], [114.356577934, 30.540874531], [114.35658317, 30.540871255], [114.356588019, 30.54086756], [114.356592433, 30.540863482], [114.356596372, 30.540859058], [114.356629371, 30.540818058], [114.356632595, 30.54081364], [114.356635345, 30.540808993], [114.356664344, 30.540753992], [114.356667064, 30.540747966], [114.356668986, 30.540741714], [114.35667009, 30.540735318], [114.356672337, 30.540714291], [114.357034881, 30.540745541], [114.357023659, 30.541052776], [114.35702205, 30.541097313], [114.357015015, 30.541096495], [114.357013261, 30.541096366], [114.357011518, 30.541096168], [114.35700997, 30.541096124], [114.357008427, 30.54109601], [114.357006668, 30.54109603], [114.357004909, 30.541095981], [114.357003364, 30.541096067], [114.357001817, 30.541096085], [114.357000067, 30.541096253], [114.356998312, 30.541096352], [114.356996784, 30.541096569], [114.356995245, 30.541096717], [114.356993524, 30.541097032], [114.356991788, 30.541097279], [114.356990293, 30.541097624], [114.356988778, 30.541097901], [114.356987101, 30.54109836], [114.356985401, 30.541098752], [114.356983952, 30.541099222], [114.356982477, 30.541099625], [114.356980861, 30.541100223], [114.356979213, 30.541100756], [114.356977824, 30.541101346], [114.356976402, 30.541101873], [114.356974861, 30.541102604], [114.356973283, 30.541103274], [114.356971968, 30.541103978], [114.356970611, 30.541104622], [114.356969161, 30.54110548], [114.356967668, 30.541106281], [114.356966439, 30.541107092], [114.356965163, 30.541107847], [114.356963818, 30.541108824], [114.356962422, 30.541109746], [114.356961291, 30.541110659], [114.356960108, 30.541111517], [114.356958879, 30.541112602], [114.356957595, 30.541113638], [114.356956573, 30.541114641], [114.356955493, 30.541115596], [114.356954395, 30.541116779], [114.356953234, 30.541117919], [114.356952332, 30.541119003], [114.356951366, 30.541120045], [114.356950408, 30.541121316], [114.356949383, 30.541122548], [114.356948608, 30.541123701], [114.356947765, 30.54112482], [114.356946956, 30.541126166], [114.356946076, 30.541127478], [114.356945436, 30.541128693], [114.356944725, 30.541129877], [114.356944073, 30.541131285], [114.356943345, 30.541132665], [114.356942848, 30.541133928], [114.356942274, 30.541135166], [114.356941785, 30.541136622], [114.356941219, 30.541138056], [114.356870305, 30.541351797], [114.356851234, 30.541407315], [114.356781012, 30.541440078], [114.356718438, 30.541469265], [114.356637839, 30.541483092], [114.35663656, 30.541483368], [114.356635263, 30.54148358], [114.356345264, 30.54154358], [114.356337535, 30.541545608], [114.356162535, 30.541601608], [114.356155298, 30.54160435], [114.356148484, 30.541607802], [114.356028705, 30.54167696], [114.355933727, 30.541703757], [114.355928056, 30.541705604], [114.3559226, 30.541707883], [114.355917404, 30.541710575], [114.355912511, 30.541713659], [114.355907959, 30.541717109], [114.355903786, 30.541720897], [114.355694586, 30.541928797], [114.355690594, 30.541933171], [114.355687108, 30.541937854], [114.355684158, 30.541942803], [114.355681771, 30.541947973], [114.355679971, 30.541953316], [114.355678772, 30.541958783], [114.355678187, 30.541964323], [114.355678221, 30.541969886], [114.355678874, 30.541975421], [114.35568014, 30.541980877], [114.355712339, 30.542091776], [114.355714365, 30.542097487], [114.355717061, 30.542102989], [114.3557204, 30.542108222], [114.355724346, 30.542113131], [114.355728856, 30.542117665], [114.355733883, 30.542121778], [114.355739374, 30.542125423], [114.355878875, 30.542208523], [114.355884392, 30.542211481], [114.355890215, 30.542213968], [114.355896289, 30.54221596], [114.356139691, 30.542284405], [114.356212885, 30.542315906], [114.356219651, 30.542318429], [114.356226698, 30.542320302], [114.356375699, 30.542352301], [114.356376319, 30.542352433], [114.357031321, 30.542487432], [114.357032768, 30.542487716], [114.357197532, 30.542518387], [114.357215404, 30.542527347], [114.357312147, 30.542575768], [114.357318042, 30.542578394], [114.357324208, 30.542580506], [114.357330585, 30.542582086], [114.357487685, 30.542613886], [114.357494646, 30.542614967], [114.357501702, 30.542615412], [114.357650134, 30.542618066], [114.357743078, 30.542625853], [114.357749682, 30.542626126], [114.357756285, 30.542625839], [114.357762824, 30.542624997], [114.357769236, 30.542623607], [114.357775458, 30.542621682], [114.357781432, 30.542619241], [114.357787099, 30.542616307], [114.357792404, 30.54261291], [114.357797298, 30.54260908], [114.357801733, 30.542604857], [114.357804071, 30.542602134], [114.357809174, 30.542601597], [114.357816026, 30.542600565], [114.357822719, 30.542598928], [114.357829178, 30.542596706], [114.357887178, 30.542573707], [114.357893557, 30.542570811], [114.357899541, 30.542567345], [114.357905059, 30.542563348], [114.357910051, 30.542558867], [114.35795205, 30.542516866], [114.357956548, 30.542511837], [114.357960381, 30.542506415], [114.357963502, 30.542500663], [114.358013162, 30.542394391], [114.358065827, 30.542289924], [114.358093331, 30.542274285], [114.358125182, 30.542264484], [114.358153967, 30.542265613], [114.358221418, 30.542284251], [114.358224021, 30.542284921], [114.358354022, 30.542315922], [114.358355308, 30.542316171], [114.358356573, 30.542316484], [114.358820573, 30.542410485], [114.358827076, 30.542411514], [114.358833665, 30.542411991], [114.358840275, 30.542411908], [114.358846845, 30.542411269], [114.358853311, 30.542410077], [114.358859609, 30.542408347], [114.358865681, 30.542406092], [114.358871467, 30.542403335], [114.358876911, 30.542400104], [114.358881961, 30.542396428], [114.358886568, 30.542392344], [114.358890689, 30.542387891], [114.358894282, 30.542383111], [114.358897314, 30.542378051], [114.358899756, 30.542372759], [114.358901584, 30.542367286], [114.358902781, 30.542361687], [114.358903333, 30.542356011], [114.358903238, 30.542350318], [114.358902495, 30.542344659], [114.358901113, 30.542339091], [114.358899102, 30.542333666], [114.358896483, 30.542328438], [114.358893283, 30.542323455], [114.358889531, 30.542318766], [114.358885263, 30.542314417], [114.358880521, 30.542310449], [114.358875351, 30.5423069], [114.358869801, 30.542303805], [114.358863925, 30.542301193], [114.358857782, 30.54229909], [114.358851427, 30.542297516], [114.358388709, 30.542203776], [114.358261287, 30.54217339], [114.358186582, 30.542152747], [114.358180843, 30.5421514], [114.358174989, 30.542150493], [114.358169065, 30.542150034], [114.358118065, 30.542148034], [114.358111522, 30.542148051], [114.358105011, 30.542148616], [114.358098595, 30.54214972], [114.358092333, 30.542151357], [114.358040332, 30.542167357], [114.358032889, 30.542170091], [114.35802588, 30.542173575], [114.357974879, 30.542202576], [114.357969646, 30.542205873], [114.357964805, 30.542209588], [114.357960403, 30.542213687], [114.357956478, 30.542218132], [114.357953065, 30.542222881], [114.3579502, 30.54222789], [114.3578892, 30.54234889], [114.357888499, 30.542350335], [114.357842667, 30.542448417], [114.357817512, 30.54247357], [114.357782381, 30.542487503], [114.357739342, 30.542492033], [114.357680677, 30.542492871], [114.357565689, 30.542471369], [114.357293082, 30.542417446], [114.357292654, 30.542417381], [114.357292234, 30.542417285], [114.35724687, 30.54240884], [114.357214861, 30.542392791], [114.357074077, 30.54229469], [114.357072037, 30.542293324], [114.356901638, 30.542183623], [114.356896463, 30.542180603], [114.356890985, 30.542178009], [114.356885251, 30.542175863], [114.356879311, 30.542174185], [114.356873216, 30.542172988], [114.356867019, 30.542172283], [114.356860772, 30.542172075], [114.356194671, 30.542176573], [114.356140038, 30.542137777], [114.356073467, 30.542081819], [114.35600576, 30.542022941], [114.355966355, 30.541985999], [114.355954731, 30.541962751], [114.355950847, 30.541934921], [114.355954767, 30.541906176], [114.35596188, 30.541891949], [114.355962107, 30.541891427], [114.355962382, 30.541890919], [114.355968032, 30.54187899], [114.355995666, 30.541847622], [114.356059298, 30.541799014], [114.356088308, 30.541782265], [114.356286026, 30.541726482], [114.356644572, 30.541634301], [114.356651116, 30.541632298], [114.356657386, 30.541629724], [114.356764717, 30.541579659], [114.356898929, 30.541556634], [114.357277759, 30.541534198], [114.357375397, 30.541549666], [114.357652183, 30.541593626], [114.358811696, 30.54182493], [114.359428696, 30.54194803], [114.359549719, 30.541972135], [114.359555867, 30.541973102], [114.360441466, 30.542076303], [114.360609666, 30.542095902], [114.361378833, 30.542185493], [114.361499698, 30.542202561], [114.361631022, 30.542221044], [114.3617222, 30.542420735], [114.361724767, 30.54242567], [114.361762667, 30.542490268], [114.361767223, 30.542496901], [114.361818624, 30.542561501], [114.361824125, 30.54256752], [114.361885525, 30.542626267], [114.361955827, 30.542700522], [114.361709108, 30.54273024], [114.361077567, 30.542766101], [114.361072263, 30.542766584], [114.361067019, 30.542767427], [114.361008123, 30.542778996], [114.3609654, 30.542781734], [114.360962951, 30.54278193], [114.360769852, 30.54280043], [114.360764914, 30.542801064], [114.360760043, 30.54280201], [114.360537443, 30.54285281], [114.36053353, 30.542853814], [114.36036023, 30.542903213], [114.360356062, 30.542904534], [114.360140361, 30.542979934], [114.360134504, 30.542982269], [114.359415769, 30.543305641], [114.359228994, 30.543389227], [114.359147368, 30.543412811], [114.359088076, 30.543419019], [114.359015981, 30.543402848], [114.359010121, 30.543401771], [114.359004174, 30.543401146], [114.358998186, 30.543400978], [114.358969556, 30.543401277], [114.358900792, 30.543388233], [114.358895197, 30.543387383], [114.358830697, 30.543379983], [114.358825549, 30.543379565], [114.35882038, 30.543379487], [114.35873778, 30.543380988], [114.35873097, 30.543381409], [114.358724245, 30.543382422], [114.358717674, 30.543384016], [114.358626074, 30.543410616], [114.358619938, 30.543412691], [114.358614067, 30.543415273], [114.358562067, 30.543440973], [114.358556054, 30.543444323], [114.358550487, 30.543448203], [114.35854543, 30.543452571], [114.358507131, 30.543489371], [114.358502916, 30.543493849], [114.358499238, 30.543498665], [114.358496134, 30.543503772], [114.358473935, 30.543545173], [114.358471587, 30.543550142], [114.358469783, 30.543555278], [114.358468536, 30.543560533], [114.35846786, 30.543565867], [114.358435858, 30.544005167]]]}, "properties": {"id": 3703, "land_type": "教育用地"}}, {"type": "Feature", "geometry": {"type": "Polygon", "coordinates": [[[114.357810057, 30.530708372], [114.357803537, 30.53070932], [114.357797157, 30.530710814], [114.357790978, 30.530712839], [114.357785059, 30.530715377], [114.357779457, 30.530718402], [114.357774226, 30.530721886], [114.357769417, 30.530725793], [114.357765075, 30.530730088], [114.357761244, 30.53073473], [114.357757958, 30.530739671], [114.357755252, 30.530744869], [114.357753149, 30.530750268], [114.357751671, 30.530755819], [114.357739672, 30.530813819], [114.357738774, 30.530820163], [114.35773381, 30.530884695], [114.357717855, 30.531051226], [114.357717637, 30.531057073], [114.357722632, 30.531289778], [114.357724626, 30.531496241], [114.357724626, 30.53162744], [114.357719725, 30.531705881], [114.357719716, 30.531707441], [114.357719627, 30.531709], [114.357719627, 30.531924], [114.357719964, 30.531929792], [114.357720968, 30.531935524], [114.357722633, 30.531941142], [114.357736634, 30.531980142], [114.357737726, 30.531982936], [114.357795997, 30.532120151], [114.357812659, 30.532581803], [114.357813305, 30.532588213], [114.35781477, 30.532594521], [114.357817038, 30.532600652], [114.357901038, 30.532790652], [114.357901284, 30.5327912], [114.357932606, 30.532859942], [114.357910297, 30.532867442], [114.357909744, 30.532867631], [114.357575044, 30.532983132], [114.357570133, 30.532985025], [114.357525739, 30.533004015], [114.3575034, 30.532942646], [114.357504607, 30.532942453], [114.357510956, 30.532940863], [114.357517093, 30.532938745], [114.35752296, 30.53293612], [114.3575285, 30.532933011], [114.35753366, 30.53292945], [114.35753839, 30.532925471], [114.357542644, 30.53292111], [114.35754638, 30.532916412], [114.357549565, 30.532911422], [114.357552167, 30.532906187], [114.357554159, 30.532900757], [114.357555526, 30.532895184], [114.35755625, 30.532889523], [114.357556327, 30.532883829], [114.357555755, 30.532878155], [114.357554542, 30.532872557], [114.357552696, 30.532867089], [114.357550238, 30.532861802], [114.357502466, 30.53277211], [114.357466032, 30.532684134], [114.357442524, 30.531995838], [114.357457268, 30.531988466], [114.357548706, 30.531944735], [114.357554154, 30.531941829], [114.357603154, 30.53191283], [114.357605882, 30.531911127], [114.357678882, 30.531863127], [114.357680289, 30.531862104], [114.357681745, 30.531861135], [114.357682813, 30.531860268], [114.357683933, 30.531859453], [114.357685218, 30.531858317], [114.357686557, 30.531857229], [114.357687521, 30.531856277], [114.357688543, 30.531855371], [114.357689692, 30.531854132], [114.357690901, 30.531852936], [114.357691752, 30.531851907], [114.357692667, 30.531850919], [114.357693668, 30.531849589], [114.357694736, 30.531848297], [114.357695465, 30.5318472], [114.357696263, 30.531846141], [114.357697109, 30.531844732], [114.357698024, 30.531843356], [114.357698626, 30.531842203], [114.357699298, 30.531841081], [114.35769998, 30.531839608], [114.357700735, 30.531838161], [114.357701201, 30.531836963], [114.357701744, 30.531835789], [114.357702254, 30.531834266], [114.357702841, 30.531832762], [114.357703169, 30.531831532], [114.357703576, 30.531830318], [114.35770391, 30.531828758], [114.357704322, 30.531827213], [114.357715323, 30.531774213], [114.357716065, 30.531769542], [114.357716367, 30.531764834], [114.357717362, 30.531705158], [114.357720352, 30.531604485], [114.357720373, 30.531603288], [114.357721373, 30.531429287], [114.357721371, 30.531428477], [114.357716371, 30.530949479], [114.357716363, 30.530949353], [114.357716368, 30.530949226], [114.357716349, 30.530948964], [114.357716357, 30.530948703], [114.357712357, 30.530794703], [114.357712102, 30.530790799], [114.357705103, 30.530723798], [114.357704885, 30.530722028], [114.357687886, 30.530601027], [114.357687309, 30.530597724], [114.357654329, 30.530439816], [114.35761369, 30.530241582], [114.357598457, 30.530129236], [114.35760436, 30.529889229], [114.357604371, 30.529888561], [114.357608368, 30.529532825], [114.357614362, 30.52925809], [114.357614229, 30.529253195], [114.357613617, 30.529248328], [114.357603619, 30.529191328], [114.357602267, 30.5291856], [114.357600254, 30.529180017], [114.357597599, 30.529174637], [114.357575599, 30.529135637], [114.357571907, 30.529129932], [114.357567493, 30.52912462], [114.357492314, 30.529044135], [114.357478073, 30.52898942], [114.35747537, 30.528931746], [114.357474373, 30.528629835], [114.357474372, 30.528629803], [114.357474373, 30.528629769], [114.357472373, 30.528196769], [114.357472095, 30.528191739], [114.357471314, 30.528186749], [114.357456314, 30.528114749], [114.357454714, 30.528108855], [114.357452409, 30.528103136], [114.357449426, 30.528097655], [114.357445796, 30.528092471], [114.357425663, 30.528066848], [114.357425632, 30.528066675], [114.357425591, 30.528066537], [114.357425565, 30.528066396], [114.357424777, 30.528063777], [114.357424002, 30.528061155], [114.357423946, 30.528061022], [114.357423905, 30.528060883], [114.357422822, 30.528058344], [114.357421753, 30.528055799], [114.357421681, 30.528055672], [114.357421625, 30.528055538], [114.357420258, 30.528053101], [114.357418905, 30.52805066], [114.35741882, 30.528050538], [114.357418748, 30.528050411], [114.35741711, 30.528048101], [114.357415486, 30.528045785], [114.357415387, 30.528045671], [114.357415301, 30.52804555], [114.357413408, 30.528043391], [114.357411528, 30.528041223], [114.357411416, 30.528041118], [114.357411317, 30.528041005], [114.357409188, 30.528039015], [114.357407071, 30.528037017], [114.357406948, 30.528036922], [114.357406836, 30.528036817], [114.357404491, 30.528035017], [114.357402156, 30.528033208], [114.357402023, 30.528033123], [114.357401899, 30.528033029], [114.35739936, 30.528031435], [114.35739683, 30.528029832], [114.357396688, 30.528029759], [114.357396556, 30.528029674], [114.357393847, 30.528028304], [114.357391147, 30.52802692], [114.357390998, 30.52802686], [114.357390856, 30.528026788], [114.357388004, 30.528025652], [114.357385161, 30.528024504], [114.357385005, 30.528024456], [114.357384855, 30.528024397], [114.357381889, 30.528023507], [114.357378927, 30.528022605], [114.357378767, 30.52802257], [114.357378611, 30.528022524], [114.357375558, 30.528021889], [114.357372509, 30.52802124], [114.357372345, 30.52802122], [114.357372184, 30.528021186], [114.357369074, 30.528020812], [114.357365965, 30.528020426], [114.3573658, 30.528020418], [114.357365636, 30.528020399], [114.357362498, 30.528020289], [114.357361667, 30.528020256], [114.35733984, 30.528010968], [114.357334728, 30.528009016], [114.357329443, 30.528007435], [114.357324026, 30.528006238], [114.357264027, 30.527995236], [114.357261972, 30.527994889], [114.357216973, 30.52798789], [114.357214046, 30.527987553], [114.357220844, 30.527352754], [114.357947297, 30.528544325], [114.358745937, 30.530155557], [114.358971099, 30.530823385], [114.358971685, 30.530825029], [114.359282541, 30.531654414], [114.359526, 30.5323133], [114.359526113, 30.532313602], [114.359532524, 30.532330629], [114.359323571, 30.532406021], [114.358905052, 30.532552729], [114.358811207, 30.532577024], [114.358809876, 30.532577382], [114.358693877, 30.532609681], [114.358693771, 30.532609711], [114.358593771, 30.532637711], [114.358590098, 30.532638842], [114.358058126, 30.532817732], [114.358026841, 30.532749073], [114.35794699, 30.532568456], [114.357930341, 30.532107197], [114.357929737, 30.532101039], [114.357928376, 30.532094972], [114.357926274, 30.532089065], [114.357864862, 30.53194445], [114.357854374, 30.531915233], [114.357854374, 30.531765521], [114.358008778, 30.531762013], [114.358015864, 30.531761528], [114.358022853, 30.531760403], [114.358029664, 30.53175865], [114.358042665, 30.53175465], [114.35804918, 30.531752307], [114.358055375, 30.531749389], [114.358061181, 30.53174593], [114.358066536, 30.531741966], [114.358071378, 30.53173754], [114.358075657, 30.531732703], [114.358079325, 30.531727507], [114.358084324, 30.531719507], [114.358087655, 30.531713334], [114.358090125, 30.531706867], [114.358094125, 30.531693867], [114.358095562, 30.53168798], [114.358097562, 30.53167698], [114.358098067, 30.531673528], [114.358099067, 30.531664528], [114.358099373, 30.531659], [114.358099373, 30.531496], [114.358099373, 30.531427], [114.358099247, 30.531423436], [114.35809842, 30.531411873], [114.358099356, 30.531376315], [114.358099373, 30.531375], [114.358099373, 30.531308], [114.358099143, 30.531303205], [114.358098454, 30.531298444], [114.35809731, 30.531293747], [114.35809231, 30.531276747], [114.358090456, 30.5312715], [114.358088035, 30.531266426], [114.358085069, 30.531261572], [114.358081583, 30.53125698], [114.35807761, 30.531252693], [114.358073184, 30.531248749], [114.358068347, 30.531245181], [114.35806314, 30.531242023], [114.35805761, 30.531239302], [114.358051806, 30.531237044], [114.358045781, 30.531235268], [114.358033781, 30.531232267], [114.358028027, 30.531231063], [114.358022172, 30.531230297], [114.358016261, 30.531229977], [114.357954262, 30.531228977], [114.35795204, 30.531228974], [114.357856123, 30.53123015], [114.357852426, 30.531057855], [114.357868146, 30.530893774], [114.357868226, 30.530892837], [114.357872981, 30.53083103], [114.357884329, 30.530776181], [114.357885168, 30.530770532], [114.35788536, 30.53076484], [114.357884904, 30.530759159], [114.357883802, 30.530753543], [114.357882069, 30.530748047], [114.357879718, 30.530742725], [114.357876771, 30.530737626], [114.35787326, 30.5307328], [114.357869216, 30.530728295], [114.357864678, 30.530724153], [114.357859692, 30.530720412], [114.357854303, 30.530717113], [114.357848565, 30.530714283], [114.357842533, 30.530711952], [114.357836265, 30.53071014], [114.357829821, 30.530708867], [114.357823262, 30.530708145], [114.357816653, 30.530707979], [114.357810057, 30.530708372]]]}, "properties": {"id": 3707, "land_type": "教育用地"}}, {"type": "Feature", "geometry": {"type": "Polygon", "coordinates": [[[114.354987528, 30.53025243], [114.354986426, 30.530557119], [114.354985501, 30.530818967], [114.354317749, 30.530818967], [114.354313382, 30.530414487], [114.354317351, 30.530283514], [114.354317348, 30.530283425], [114.354317356, 30.530283336], [114.354321315, 30.530135163], [114.354496434, 30.530132625], [114.354987936, 30.530125431], [114.354987528, 30.53025243]]]}, "properties": {"id": 3708, "land_type": "居住用地"}}, {"type": "Feature", "geometry": {"type": "Polygon", "coordinates": [[[114.35498509, 30.530935032], [114.354984358, 30.531143077], [114.35430211, 30.531147492], [114.354319153, 30.530966696], [114.354319245, 30.530964223], [114.354319373, 30.53096175], [114.354319363, 30.530961581], [114.35431937, 30.530961412], [114.354319061, 30.530935032], [114.35498509, 30.530935032]]]}, "properties": {"id": 3709, "land_type": "教育用地"}}, {"type": "Feature", "geometry": {"type": "Polygon", "coordinates": [[[114.357399974, 30.531771066], [114.357324722, 30.531916495], [114.357171148, 30.53196349], [114.35685966, 30.532033794], [114.356523291, 30.532066137], [114.356522374, 30.531353968], [114.356522374, 30.531013439], [114.356907265, 30.531010034], [114.357387837, 30.531011032], [114.357388369, 30.531011011], [114.357388898, 30.531011027], [114.357409111, 30.531010795], [114.357399974, 30.531771066]]]}, "properties": {"id": 3710, "land_type": "公园与绿地用地"}}, {"type": "Feature", "geometry": {"type": "Polygon", "coordinates": [[[114.355218749, 30.532092893], [114.355223373, 30.531349311], [114.355223366, 30.531349155], [114.355223374, 30.531349], [114.355223374, 30.53120021], [114.355224893, 30.531018711], [114.355782304, 30.531016032], [114.356242596, 30.531014663], [114.356241427, 30.531261557], [114.356240827, 30.531382452], [114.356239526, 30.531645253], [114.356237515, 30.532078867], [114.356196583, 30.532079978], [114.355867364, 30.532082972], [114.355449439, 30.532085969], [114.35544941, 30.532085971], [114.35544938, 30.53208597], [114.355448515, 30.532086014], [114.355447647, 30.532086002], [114.355218749, 30.532092893]]]}, "properties": {"id": 3711, "land_type": "教育用地"}}, {"type": "Feature", "geometry": {"type": "Polygon", "coordinates": [[[114.354277374, 30.532107287], [114.354277374, 30.531743], [114.354277373, 30.531742676], [114.354275389, 30.531436137], [114.354291277, 30.53126363], [114.35498395, 30.531259148], [114.354983927, 30.531265724], [114.354983126, 30.531488621], [114.354982727, 30.531605324], [114.354981727, 30.531880805], [114.354981627, 30.531904691], [114.354980986, 30.532094969], [114.354779001, 30.532094969], [114.354778389, 30.532094994], [114.354777776, 30.532094978], [114.354777427, 30.532094997], [114.354777076, 30.532094992], [114.354277374, 30.532107287]]]}, "properties": {"id": 3712, "land_type": "教育用地"}}, {"type": "Feature", "geometry": {"type": "Polygon", "coordinates": [[[114.35552327, 30.53253628], [114.355519369, 30.53233026], [114.355518654, 30.532263423], [114.356029525, 30.532267829], [114.356031313, 30.532267825], [114.356305105, 30.532263929], [114.356707132, 30.532261366], [114.356704886, 30.532527476], [114.356231753, 30.532528969], [114.356231474, 30.532528982], [114.356231193, 30.532528972], [114.35552327, 30.53253628]]]}, "properties": {"id": 3713, "land_type": "居住用地"}}, {"type": "Feature", "geometry": {"type": "Polygon", "coordinates": [[[114.355047899, 30.532259931], [114.355125313, 30.532260031], [114.355383889, 30.532262261], [114.355384629, 30.532331534], [114.355384643, 30.53233174], [114.355384635, 30.532331946], [114.355388533, 30.532537733], [114.355278321, 30.53253897], [114.354854717, 30.532541564], [114.354851362, 30.532388924], [114.354848626, 30.532259181], [114.355047706, 30.532259931], [114.355047755, 30.532259929], [114.355047805, 30.532259931], [114.355047852, 30.532259929], [114.355047899, 30.532259931]]]}, "properties": {"id": 3714, "land_type": "教育用地"}}, {"type": "Feature", "geometry": {"type": "Polygon", "coordinates": [[[114.355209854, 30.533028468], [114.354868245, 30.533038933], [114.354865352, 30.532958499], [114.354860359, 30.532751792], [114.354860355, 30.532751743], [114.354860356, 30.532751693], [114.354857897, 30.532657611], [114.355211386, 30.532655447], [114.355209854, 30.533028468]]]}, "properties": {"id": 3715, "land_type": "居住用地"}}, {"type": "Feature", "geometry": {"type": "Polygon", "coordinates": [[[114.353376158, 30.533949028], [114.353484669, 30.533950878], [114.353481612, 30.534133647], [114.353004028, 30.534124253], [114.352999787, 30.53394734], [114.353376158, 30.533949028]]]}, "properties": {"id": 3745, "land_type": "教育用地"}}, {"type": "Feature", "geometry": {"type": "Polygon", "coordinates": [[[114.359263853, 30.533323517], [114.359257329, 30.533326249], [114.359251183, 30.533329568], [114.359245489, 30.533333437], [114.359183488, 30.533380438], [114.359183379, 30.533380529], [114.359183262, 30.53338061], [114.359181009, 30.533382512], [114.359178746, 30.533384406], [114.359178648, 30.533384506], [114.359178539, 30.533384596], [114.359176513, 30.533386679], [114.359174477, 30.533388755], [114.359174391, 30.533388862], [114.359174294, 30.533388962], [114.359172514, 30.533391206], [114.359170724, 30.533393443], [114.35917065, 30.533393557], [114.359170565, 30.533393665], [114.35916905, 30.533396048], [114.359167523, 30.533398425], [114.359167462, 30.533398546], [114.359167389, 30.53339866], [114.359166152, 30.53340116], [114.359164903, 30.533403655], [114.359164857, 30.533403779], [114.359164798, 30.533403899], [114.359163852, 30.533406491], [114.359162891, 30.53340908], [114.35916286, 30.533409207], [114.359162815, 30.533409331], [114.359162167, 30.533411991], [114.359161507, 30.533414648], [114.35916149, 30.533414779], [114.359161459, 30.533414905], [114.359154459, 30.533452906], [114.359153689, 30.533459503], [114.359150689, 30.533519504], [114.359150719, 30.533525028], [114.359151357, 30.533530525], [114.359161358, 30.533588525], [114.359162538, 30.533593724], [114.359164263, 30.533598807], [114.359199262, 30.533686807], [114.359200175, 30.53368878], [114.35920103, 30.53369077], [114.359201287, 30.533691224], [114.359201498, 30.533691694], [114.359201615, 30.533691892], [114.35920171, 30.533692097], [114.359202843, 30.533693983], [114.359203919, 30.533695892], [114.359210742, 30.533706614], [114.359347369, 30.533927006], [114.358862742, 30.534159093], [114.358749528, 30.534203012], [114.3586345, 30.534246879], [114.358482387, 30.534291284], [114.358380675, 30.534303528], [114.358379565, 30.534303669], [114.358149164, 30.534334782], [114.358127536, 30.534305493], [114.358048568, 30.534152434], [114.358047906, 30.534151304], [114.358047317, 30.534150145], [114.357995317, 30.534060146], [114.357995233, 30.534060016], [114.357995163, 30.534059878], [114.357894619, 30.533888076], [114.357867108, 30.533812881], [114.357821767, 30.5336394], [114.357796812, 30.533541576], [114.357795274, 30.533535516], [114.357753073, 30.533369258], [114.358779785, 30.533009554], [114.358781946, 30.533008759], [114.358920847, 30.532955159], [114.358923299, 30.532954161], [114.359145799, 30.532858862], [114.359148474, 30.53285765], [114.359246268, 30.532810939], [114.35930113, 30.532793129], [114.359645137, 30.532685148], [114.359653035, 30.532682422], [114.359676231, 30.532673677], [114.359683608, 30.532690557], [114.35975453, 30.532854424], [114.359164564, 30.533080999], [114.359158665, 30.533083571], [114.359153087, 30.533086628], [114.359147883, 30.533090141], [114.359143104, 30.533094077], [114.359138796, 30.533098397], [114.359135001, 30.533103061], [114.359131755, 30.533108021], [114.359129089, 30.533113233], [114.359127029, 30.533118644], [114.359125594, 30.533124203], [114.359124798, 30.533129857], [114.359124651, 30.533135551], [114.359125151, 30.533141229], [114.359126296, 30.533146838], [114.359128074, 30.533152324], [114.359130467, 30.533157633], [114.359133452, 30.533162714], [114.359137001, 30.533167518], [114.359141081, 30.533172], [114.35914565, 30.533176116], [114.359150666, 30.533179827], [114.35915608, 30.533183096], [114.35916184, 30.533185892], [114.359167889, 30.533188189], [114.359174172, 30.533189962], [114.359180627, 30.533191198], [114.35918719, 30.533191883], [114.359188182, 30.533191902], [114.359193801, 30.533192011], [114.359200394, 30.533191579], [114.359206906, 30.533190594], [114.359213274, 30.533189063], [114.359219437, 30.533187002], [114.359801669, 30.532963397], [114.359863377, 30.533106057], [114.359263853, 30.533323517]]]}, "properties": {"id": 3718, "land_type": "商务办公用地"}}, {"type": "Feature", "geometry": {"type": "Polygon", "coordinates": [[[114.359962388, 30.533334974], [114.35930283, 30.533589082], [114.359293736, 30.53356622], [114.359285588, 30.533518959], [114.359288145, 30.533467814], [114.359290737, 30.533453747], [114.359326269, 30.533426811], [114.359910461, 30.533214913], [114.359962388, 30.533334974]]]}, "properties": {"id": 3719, "land_type": "行政办公用地"}}, {"type": "Feature", "geometry": {"type": "Polygon", "coordinates": [[[114.360043566, 30.533522659], [114.36004572, 30.533527075], [114.360048291, 30.533531324], [114.36010609, 30.533617921], [114.360290489, 30.533894221], [114.360291831, 30.533896143], [114.36057389, 30.534283341], [114.360181057, 30.53449521], [114.360100629, 30.534538547], [114.359931475, 30.534625071], [114.359828403, 30.534463611], [114.359626752, 30.534130189], [114.359626542, 30.534129879], [114.359626362, 30.534129554], [114.359497397, 30.53392261], [114.35935661, 30.533695506], [114.360009525, 30.533443957], [114.360043566, 30.533522659]]]}, "properties": {"id": 3720, "land_type": "居住用地"}}, {"type": "Feature", "geometry": {"type": "Polygon", "coordinates": [[[114.354765713, 30.535164296], [114.354204246, 30.535561752], [114.354160886, 30.535592387], [114.353837927, 30.535804668], [114.35383734, 30.53580506], [114.353705844, 30.535893485], [114.353671479, 30.535914841], [114.353667069, 30.535917829], [114.353662963, 30.535921123], [114.353554283, 30.536015909], [114.353542662, 30.535935161], [114.35354158, 30.53592975], [114.353539908, 30.53592445], [114.353537662, 30.535919311], [114.353534862, 30.535914378], [114.353496576, 30.535854298], [114.353331088, 30.535594119], [114.353329301, 30.535591478], [114.353100401, 30.535272678], [114.353095442, 30.535266662], [114.353015742, 30.535181962], [114.353009318, 30.535176034], [114.353008943, 30.535175734], [114.353669243, 30.534845188], [114.3543436, 30.534507604], [114.356840688, 30.533638408], [114.356841181, 30.533638235], [114.357498562, 30.533406805], [114.357508658, 30.53343481], [114.357508717, 30.533434949], [114.35750876, 30.533435091], [114.35753231, 30.533499261], [114.357543192, 30.53360863], [114.357547572, 30.533652656], [114.357548374, 30.533657898], [114.357549728, 30.533663054], [114.357603528, 30.533831954], [114.357604834, 30.533835587], [114.357625135, 30.533886086], [114.357733434, 30.534155385], [114.35782213, 30.534376175], [114.357824792, 30.534381821], [114.357848292, 30.534425021], [114.357965904, 30.534641023], [114.357731277, 30.53473311], [114.357623754, 30.534774533], [114.357588077, 30.534773452], [114.357453229, 30.534715139], [114.357446241, 30.534712532], [114.357438955, 30.534710621], [114.357431466, 30.53470943], [114.357376466, 30.53470343], [114.357375417, 30.53470336], [114.357374377, 30.53470323], [114.357373166, 30.534703182], [114.357371961, 30.534703069], [114.357370916, 30.534703061], [114.357369874, 30.534702992], [114.357368823, 30.534703011], [114.357367771, 30.53470297], [114.357366562, 30.534703025], [114.35736535, 30.534703014], [114.35731026, 30.534704881], [114.357307567, 30.534700316], [114.357306035, 30.534698007], [114.357304519, 30.534695689], [114.357304394, 30.534695535], [114.357304287, 30.534695373], [114.3573025, 30.534693203], [114.357300728, 30.534691024], [114.357300586, 30.534690881], [114.357300459, 30.534690729], [114.357298434, 30.53468872], [114.357296423, 30.534686701], [114.357296266, 30.534686572], [114.357296122, 30.534686431], [114.357293879, 30.534684602], [114.357291646, 30.534682763], [114.357291476, 30.534682647], [114.357291317, 30.534682519], [114.357288876, 30.534680889], [114.357286446, 30.534679248], [114.357286262, 30.534679146], [114.35728609, 30.534679032], [114.357283475, 30.534677616], [114.35728087, 30.534676187], [114.357280676, 30.534676102], [114.35728049, 30.534676002], [114.357277728, 30.534674816], [114.357274972, 30.534673613], [114.357274769, 30.534673545], [114.357274575, 30.534673461], [114.357271688, 30.534672513], [114.35726881, 30.534671549], [114.3572686, 30.534671497], [114.357268396, 30.534671431], [114.357265417, 30.534670731], [114.357262443, 30.534670015], [114.357262228, 30.534669982], [114.357262017, 30.534669933], [114.357258973, 30.534669488], [114.357255932, 30.534669026], [114.357255714, 30.534669011], [114.357255499, 30.53466898], [114.357252418, 30.534668794], [114.357249339, 30.534668591], [114.357249121, 30.534668594], [114.357248904, 30.534668582], [114.357245816, 30.534668657], [114.357242729, 30.534668715], [114.357242513, 30.534668737], [114.357242294, 30.534668743], [114.357239231, 30.534669078], [114.357236166, 30.534669397], [114.357235952, 30.534669437], [114.357235736, 30.534669461], [114.357232725, 30.534670053], [114.35722971, 30.534670629], [114.356814109, 30.534768629], [114.356722109, 30.534790356], [114.356683841, 30.534797219], [114.356553389, 30.534719312], [114.35655152, 30.534718234], [114.356507376, 30.53469371], [114.356449216, 30.534659208], [114.356447964, 30.534658483], [114.356424963, 30.534645484], [114.356417059, 30.534641645], [114.35640006, 30.534634645], [114.35639453, 30.534632623], [114.356388813, 30.534631034], [114.356382955, 30.53462989], [114.356377001, 30.5346292], [114.356371001, 30.534628969], [114.356339001, 30.534628969], [114.356336438, 30.534629011], [114.356275438, 30.534631011], [114.356270382, 30.534631342], [114.35626537, 30.534631998], [114.356211394, 30.534640871], [114.356208829, 30.534639923], [114.356202595, 30.534638214], [114.356196197, 30.534637034], [114.356189696, 30.534636393], [114.356183155, 30.534636299], [114.356176633, 30.534636751], [114.356170193, 30.534637747], [114.355421648, 30.534786096], [114.355270704, 30.534814948], [114.355264601, 30.534816376], [114.35525868, 30.534818291], [114.355252993, 30.534820677], [114.355247592, 30.534823511], [114.355242522, 30.534826768], [114.354870749, 30.535089942], [114.354694283, 30.534844452], [114.354690339, 30.534839548], [114.354685832, 30.534835019], [114.354680808, 30.534830911], [114.354675322, 30.534827271], [114.354669429, 30.534824134], [114.354663195, 30.534821535], [114.354656684, 30.534819501], [114.354637684, 30.534814501], [114.354631476, 30.534813143], [114.354625147, 30.534812297], [114.354618753, 30.534811974], [114.354612353, 30.534812174], [114.354606004, 30.534812897], [114.354599762, 30.534814136], [114.354593687, 30.534815881], [114.354578686, 30.534820879], [114.354573785, 30.53482271], [114.354569066, 30.534824868], [114.354338066, 30.534940868], [114.354332525, 30.534943973], [114.354327363, 30.534947533], [114.354322632, 30.53495151], [114.354318376, 30.534955869], [114.354314636, 30.534960565], [114.354311449, 30.534965554], [114.354308844, 30.534970789], [114.354306849, 30.534976218], [114.354305481, 30.53498179], [114.354304753, 30.53498745], [114.354304673, 30.534993145], [114.354305241, 30.534998818], [114.354306452, 30.535004417], [114.354308295, 30.535009885], [114.354310751, 30.535015173], [114.354313796, 30.535020228], [114.354317403, 30.535025], [114.354321536, 30.535029447], [114.354326154, 30.535033521], [114.354331213, 30.535037188], [114.354336666, 30.535040408], [114.354342458, 30.535043153], [114.354348536, 30.535045396], [114.354354838, 30.535047116], [114.354361307, 30.535048294], [114.354367879, 30.535048921], [114.35437449, 30.535048991], [114.354381077, 30.5350485], [114.354387577, 30.535047457], [114.354393927, 30.535045871], [114.354400066, 30.535043756], [114.354405934, 30.535041131], [114.354605237, 30.534941049], [114.354765713, 30.535164296]]]}, "properties": {"id": 3721, "land_type": "教育用地"}}, {"type": "Feature", "geometry": {"type": "Polygon", "coordinates": [[[114.35950744, 30.534184128], [114.359709248, 30.53451781], [114.35970963, 30.534518374], [114.359709963, 30.53451896], [114.359815553, 30.534684365], [114.359757999, 30.534713804], [114.359753022, 30.534716613], [114.359619372, 30.534799535], [114.359252776, 30.535019175], [114.359163231, 30.535060715], [114.359027968, 30.535117125], [114.358790755, 30.535199697], [114.358786881, 30.53520117], [114.358696201, 30.535238604], [114.358583854, 30.535051358], [114.358583794, 30.53505127], [114.358583745, 30.535051177], [114.358419972, 30.534780554], [114.358298195, 30.534571934], [114.358297897, 30.53457148], [114.358297643, 30.534571009], [114.358219419, 30.534442775], [114.358399881, 30.534418406], [114.358507325, 30.534405472], [114.358513545, 30.534404464], [114.358519626, 30.534402959], [114.358680626, 30.53435596], [114.358686276, 30.534354063], [114.358804276, 30.534309062], [114.358804468, 30.534308979], [114.358804668, 30.534308912], [114.358920668, 30.534263911], [114.35892574, 30.534261718], [114.359410977, 30.534029339], [114.35950744, 30.534184128]]]}, "properties": {"id": 3722, "land_type": "教育用地"}}, {"type": "Feature", "geometry": {"type": "Polygon", "coordinates": [[[114.358260727, 30.535114776], [114.358299213, 30.535173154], [114.358299249, 30.535173209], [114.358406449, 30.535335409], [114.358409838, 30.535340019], [114.358413716, 30.535344335], [114.358418047, 30.535348317], [114.358422794, 30.535351932], [114.358427913, 30.535355147], [114.358443204, 30.535363832], [114.358270276, 30.535480402], [114.358264288, 30.535484955], [114.358258969, 30.535490087], [114.358157069, 30.535600987], [114.358153313, 30.535605538], [114.358044491, 30.535597238], [114.357848367, 30.535507641], [114.357781084, 30.535439495], [114.357632829, 30.535251532], [114.357592729, 30.535183564], [114.357596751, 30.535182065], [114.357602534, 30.535179302], [114.357607973, 30.535176066], [114.357613018, 30.535172385], [114.35761762, 30.535168296], [114.357621735, 30.535163838], [114.357625322, 30.535159053], [114.357628347, 30.53515399], [114.357630782, 30.535148696], [114.357632602, 30.535143221], [114.357633791, 30.535137619], [114.357634336, 30.535131943], [114.357634232, 30.53512625], [114.357633482, 30.535120591], [114.357632091, 30.535115024], [114.357630074, 30.5351096], [114.357627449, 30.535104374], [114.357496361, 30.53487497], [114.357489409, 30.53486065], [114.357540771, 30.534882862], [114.357547408, 30.534885356], [114.357554317, 30.534887223], [114.357561419, 30.534888441], [114.357568631, 30.534888995], [114.357634631, 30.534890995], [114.35764077, 30.53489094], [114.357646877, 30.534890404], [114.357652902, 30.534889391], [114.357658796, 30.53488791], [114.357664508, 30.534885973], [114.357786508, 30.534838973], [114.357786936, 30.534838806], [114.358023133, 30.534746103], [114.358050003, 30.534795444], [114.358052448, 30.534799508], [114.358079145, 30.534839903], [114.358260727, 30.535114776]]]}, "properties": {"id": 3723, "land_type": "公园与绿地用地"}}, {"type": "Feature", "geometry": {"type": "Polygon", "coordinates": [[[114.349195327, 30.540135544], [114.349072258, 30.540331318], [114.349064625, 30.540344821], [114.349003525, 30.540465921], [114.348998376, 30.540477183], [114.348909304, 30.540693786], [114.348710547, 30.54102237], [114.348708612, 30.541025652], [114.348565512, 30.541274952], [114.348558397, 30.541289195], [114.348497131, 30.541343476], [114.348404622, 30.541410957], [114.348291754, 30.541472538], [114.348182131, 30.541527659], [114.347742207, 30.54165324], [114.34774169, 30.541653389], [114.34686379, 30.54190739], [114.346861354, 30.541908117], [114.346044943, 30.542159394], [114.345978381, 30.54192899], [114.345978103, 30.541928061], [114.34593759, 30.541797099], [114.345940246, 30.541703201], [114.345964531, 30.54156915], [114.345997493, 30.541395353], [114.345998255, 30.541389447], [114.346072255, 30.540318447], [114.346072261, 30.540317955], [114.346072313, 30.540317466], [114.346089543, 30.539968567], [114.346624349, 30.539973025], [114.346630955, 30.5399728], [114.346637504, 30.539972019], [114.346643932, 30.539970689], [114.34665018, 30.539968823], [114.346656183, 30.539966438], [114.346661887, 30.539963558], [114.346667236, 30.53996021], [114.346672177, 30.539956426], [114.346676665, 30.539952244], [114.346680654, 30.539947703], [114.346684108, 30.539942848], [114.346686993, 30.539937723], [114.346689281, 30.539932381], [114.346690949, 30.539926871], [114.346691982, 30.539921246], [114.346692371, 30.539915561], [114.34669211, 30.539909871], [114.346691203, 30.539904231], [114.346689659, 30.539898694], [114.346687492, 30.539893314], [114.346684723, 30.539888143], [114.346681379, 30.539883231], [114.346677492, 30.539878623], [114.346673099, 30.539874368], [114.346668243, 30.539870503], [114.346662971, 30.539867066], [114.346657333, 30.539864091], [114.346651384, 30.539861607], [114.346645181, 30.539859637], [114.346638783, 30.5398582], [114.346632252, 30.53985731], [114.346625652, 30.539856976], [114.346096333, 30.539852564], [114.346182262, 30.538569341], [114.346182355, 30.538564611], [114.346179468, 30.538460719], [114.346380473, 30.538383359], [114.346387914, 30.538380256], [114.346742015, 30.538220855], [114.347152343, 30.538036044], [114.347158296, 30.538033195], [114.347540691, 30.537839164], [114.347616893, 30.537947823], [114.347641469, 30.538045045], [114.347643436, 30.538051185], [114.347646173, 30.538057103], [114.347649647, 30.538062727], [114.347915406, 30.538441255], [114.348067592, 30.538674068], [114.348071095, 30.538678864], [114.348075124, 30.538683342], [114.348079642, 30.538687461], [114.348084604, 30.538691179], [114.348089963, 30.538694464], [114.348095669, 30.538697284], [114.348101668, 30.53869961], [114.3481079, 30.538701422], [114.348114309, 30.538702701], [114.348120831, 30.538703436], [114.348127406, 30.53870362], [114.34813397, 30.538703251], [114.34814046, 30.538702332], [114.348146817, 30.538700871], [114.348152977, 30.538698886], [114.348158883, 30.53869639], [114.349322088, 30.538142847], [114.349325439, 30.538146308], [114.349330151, 30.538150303], [114.349335294, 30.53815388], [114.349340821, 30.538157007], [114.349346677, 30.538159652], [114.349352806, 30.53816179], [114.349359147, 30.5381634], [114.349365642, 30.538164465], [114.349372226, 30.53816498], [114.349378837, 30.538164935], [114.349385412, 30.538164331], [114.349391887, 30.538163176], [114.349398198, 30.538161479], [114.349404286, 30.538159259], [114.349410092, 30.538156535], [114.349415561, 30.538153334], [114.349420639, 30.538149687], [114.349425277, 30.538145629], [114.349429431, 30.538141198], [114.349433061, 30.538136438], [114.349436131, 30.538131395], [114.349438614, 30.538126116], [114.349440481, 30.538120654], [114.349441721, 30.53811506], [114.349442317, 30.538109389], [114.349442264, 30.538103694], [114.349441564, 30.538098032], [114.349440223, 30.538092456], [114.349438423, 30.538087486], [114.349991283, 30.537824391], [114.349996905, 30.537821397], [114.350002159, 30.537817942], [114.350006996, 30.53781406], [114.350011367, 30.537809789], [114.350015231, 30.537805169], [114.350018551, 30.537800246], [114.350021295, 30.537795066], [114.350023436, 30.537789679], [114.350024954, 30.537784137], [114.350025834, 30.537778494], [114.350026069, 30.537772805], [114.350025653, 30.537767122], [114.350024594, 30.537761502], [114.3500229, 30.537755999], [114.350020588, 30.537750664], [114.350017681, 30.537745551], [114.349467247, 30.536886932], [114.350072002, 30.536592732], [114.350292433, 30.536529959], [114.350391641, 30.536534067], [114.350425133, 30.536550813], [114.350497356, 30.536629914], [114.35060545, 30.536873167], [114.350612742, 30.536892952], [114.350681957, 30.537173961], [114.350701625, 30.537389476], [114.35064068, 30.537769914], [114.350571747, 30.537964961], [114.350513701, 30.538068231], [114.350420321, 30.538038558], [114.350414651, 30.538036998], [114.350408845, 30.538035875], [114.350402946, 30.538035198], [114.350397, 30.538034971], [114.350324, 30.538034971], [114.350314203, 30.538035588], [114.350235202, 30.538045589], [114.350228779, 30.538046678], [114.350222509, 30.538048301], [114.350216452, 30.538050438], [114.350010452, 30.53813344], [114.350004607, 30.538136102], [114.349999094, 30.538139246], [114.349993966, 30.538142839], [114.349989271, 30.53814685], [114.349985056, 30.538151236], [114.349981359, 30.538155958], [114.349978218, 30.538160969], [114.349975661, 30.538166221], [114.349973716, 30.538171662], [114.349972399, 30.538177244], [114.349971722, 30.538182908], [114.349971694, 30.538188602], [114.349972315, 30.538194272], [114.349973577, 30.538199863], [114.34997547, 30.538205319], [114.349977975, 30.538210589], [114.349981067, 30.538215622], [114.349984716, 30.53822037], [114.349988889, 30.538224788], [114.349993544, 30.538228831], [114.349998638, 30.538232462], [114.350004119, 30.538235647], [114.350009938, 30.538238352], [114.350016035, 30.538240553], [114.350022354, 30.53824223], [114.350028832, 30.538243364], [114.35003541, 30.538243946], [114.350042022, 30.53824397], [114.350048605, 30.538243436], [114.350055094, 30.538242349], [114.35006143, 30.538240719], [114.350067548, 30.538238561], [114.350264586, 30.538159173], [114.350328924, 30.538151028], [114.350384968, 30.538151028], [114.350454722, 30.538173193], [114.350335387, 30.538385695], [114.350254893, 30.538523129], [114.350187428, 30.538638333], [114.349751439, 30.53932516], [114.349736874, 30.539331028], [114.349719817, 30.53933975], [114.349703835, 30.539349868], [114.349689083, 30.539361287], [114.3496757, 30.539373897], [114.349663817, 30.539387576], [114.349653549, 30.539402191], [114.349305549, 30.539957292], [114.349304999, 30.539958174], [114.349195327, 30.540135544]]]}, "properties": {"id": 3724, "land_type": "居住用地"}}, {"type": "Feature", "geometry": {"type": "Polygon", "coordinates": [[[114.352577679, 30.53999723], [114.352570845, 30.539998089], [114.352564152, 30.539999549], [114.352557665, 30.54000159], [114.352551455, 30.540004192], [114.352545587, 30.540007328], [114.352540123, 30.540010965], [114.352517122, 30.540027966], [114.352512364, 30.540031845], [114.352508065, 30.540036104], [114.352504267, 30.540040702], [114.352501005, 30.540045597], [114.352498311, 30.540050741], [114.352482311, 30.540085741], [114.352480274, 30.540090892], [114.352478807, 30.540096184], [114.352477921, 30.540101573], [114.352471926, 30.540156541], [114.352430851, 30.540528777], [114.351795872, 30.540430881], [114.351795273, 30.540430791], [114.351234747, 30.54034886], [114.351025081, 30.540315556], [114.351229388, 30.539407838], [114.351272267, 30.53933394], [114.351274189, 30.539330322], [114.351334189, 30.539206322], [114.351336392, 30.539201073], [114.351337999, 30.539195667], [114.351338993, 30.539190153], [114.351351994, 30.539085153], [114.351352231, 30.539082785], [114.351372251, 30.538819034], [114.351546818, 30.538770188], [114.351550246, 30.53876914], [114.351847606, 30.538670354], [114.35249396, 30.538468555], [114.352496154, 30.538467833], [114.352553968, 30.538447792], [114.352579751, 30.538533343], [114.352582898, 30.538553793], [114.352594353, 30.538714652], [114.35259506, 30.538720199], [114.352596383, 30.538725663], [114.352598309, 30.538730991], [114.35260082, 30.538736135], [114.352603893, 30.538741048], [114.352607501, 30.538745684], [114.352611609, 30.53875], [114.352616178, 30.538753957], [114.352621169, 30.538757517], [114.352626532, 30.538760647], [114.35263222, 30.53876332], [114.35263818, 30.538765509], [114.352644357, 30.538767195], [114.352650693, 30.538768363], [114.35265713, 30.538769], [114.352663608, 30.538769103], [114.352805298, 30.538765464], [114.35282581, 30.53889882], [114.352826949, 30.538904236], [114.352828677, 30.538909533], [114.352830981, 30.538914666], [114.352833839, 30.538919587], [114.352837225, 30.538924254], [114.35284111, 30.538928624], [114.352845457, 30.538932656], [114.352850229, 30.538936316], [114.352855381, 30.53893957], [114.352860868, 30.538942389], [114.352866641, 30.538944748], [114.352872646, 30.538946624], [114.352878832, 30.538948003], [114.352885141, 30.538948871], [114.352911825, 30.538951431], [114.352944576, 30.539117705], [114.352946934, 30.539125954], [114.352980932, 30.539215953], [114.352983335, 30.539221375], [114.352986354, 30.539226565], [114.35298996, 30.539231467], [114.35303996, 30.539292467], [114.353044769, 30.539297672], [114.353050239, 30.53930237], [114.353114238, 30.53935137], [114.353119951, 30.539355287], [114.353126123, 30.539358649], [114.35313268, 30.539361417], [114.353139548, 30.539363556], [114.353216508, 30.539383546], [114.35323947, 30.539389536], [114.353240894, 30.539389844], [114.353242299, 30.539390216], [114.35324355, 30.539390436], [114.353244784, 30.539390721], [114.353245338, 30.5393908], [114.353245883, 30.539390917], [114.353247337, 30.539391103], [114.353248777, 30.539391355], [114.353250046, 30.539391469], [114.353251306, 30.539391649], [114.353352307, 30.539401647], [114.353359451, 30.539402025], [114.3533666, 30.539401748], [114.353373676, 30.53940082], [114.353380597, 30.539399249], [114.35373572, 30.539301045], [114.353783172, 30.539291861], [114.353815717, 30.539295477], [114.353836581, 30.539303405], [114.353852579, 30.539327403], [114.353913677, 30.539474665], [114.353881344, 30.539501957], [114.35387916, 30.539503989], [114.35387697, 30.539506018], [114.353876915, 30.53950608], [114.353876854, 30.539506138], [114.353874912, 30.539508345], [114.353872965, 30.539510548], [114.353723764, 30.539697647], [114.353723114, 30.539698478], [114.35345939, 30.540041733], [114.353179067, 30.540053811], [114.352591473, 30.539997331], [114.352584579, 30.539996975], [114.352577679, 30.53999723]]]}, "properties": {"id": 3725, "land_type": "体育与文化用地"}}, {"type": "Feature", "geometry": {"type": "Polygon", "coordinates": [[[114.350532103, 30.539876937], [114.350544591, 30.539880398], [114.350481614, 30.540086386], [114.350227229, 30.540034051], [114.350246856, 30.539963499], [114.350276187, 30.539910704], [114.350282366, 30.539906952], [114.350311537, 30.539897924], [114.350371824, 30.539886793], [114.3504325, 30.539876086], [114.350532103, 30.539876937]]]}, "properties": {"id": 3726, "land_type": "教育用地"}}, {"type": "Feature", "geometry": {"type": "Polygon", "coordinates": [[[114.350512337, 30.540212025], [114.350775957, 30.540281226], [114.350763041, 30.540368212], [114.350757779, 30.540392418], [114.350757753, 30.540392578], [114.35075771, 30.540392735], [114.350757401, 30.540394766], [114.350162072, 30.540252404], [114.350194397, 30.540146617], [114.350512337, 30.540212025]]]}, "properties": {"id": 3727, "land_type": "居住用地"}}, {"type": "Feature", "geometry": {"type": "Polygon", "coordinates": [[[114.353089161, 30.540630377], [114.35256394, 30.540549307], [114.352606072, 30.540167489], [114.352606078, 30.540167427], [114.352611185, 30.540120611], [114.352613205, 30.540116195], [114.353169527, 30.540169669], [114.35317494, 30.54017], [114.353180366, 30.540169955], [114.353378208, 30.540161431], [114.353089161, 30.540630377]]]}, "properties": {"id": 3728, "land_type": "教育用地"}}, {"type": "Feature", "geometry": {"type": "Polygon", "coordinates": [[[114.350738445, 30.540510677], [114.350713002, 30.540628225], [114.35008414, 30.540487838], [114.35012604, 30.540364232], [114.350738445, 30.540510677]]]}, "properties": {"id": 3729, "land_type": "行政办公用地"}}, {"type": "Feature", "geometry": {"type": "Polygon", "coordinates": [[[114.350316542, 30.54161207], [114.350268867, 30.541627824], [114.350268621, 30.541627906], [114.349951253, 30.541733999], [114.349918972, 30.541718398], [114.349912179, 30.541715534], [114.349905056, 30.541713343], [114.349842056, 30.541697344], [114.349836128, 30.541696087], [114.349573129, 30.541651086], [114.349569021, 30.541650496], [114.3492942, 30.541618517], [114.349104377, 30.541595539], [114.349103471, 30.541595468], [114.349102573, 30.541595342], [114.348974707, 30.541582883], [114.348980315, 30.541562796], [114.349030216, 30.541412478], [114.349500052, 30.540635288], [114.349850136, 30.540068245], [114.34992685, 30.539951555], [114.349945258, 30.53994734], [114.349963836, 30.539941353], [114.349981643, 30.539933826], [114.349998507, 30.539924833], [114.350014266, 30.539914459], [114.350028769, 30.539902805], [114.350041877, 30.539889983], [114.350053461, 30.539876115], [114.350295747, 30.539553836], [114.350295002, 30.539556332], [114.350293993, 30.539561959], [114.350293627, 30.539567644], [114.350293911, 30.539573334], [114.350294842, 30.539578972], [114.350296408, 30.539584504], [114.350298597, 30.539589877], [114.350301388, 30.53959504], [114.350304751, 30.539599942], [114.350308658, 30.539604536], [114.350313068, 30.539608779], [114.35031794, 30.539612629], [114.350323226, 30.53961605], [114.350328876, 30.539619007], [114.350334836, 30.539621474], [114.350341047, 30.539623425], [114.35034745, 30.539624842], [114.350353985, 30.539625712], [114.350522048, 30.539640866], [114.350489654, 30.539760515], [114.350426668, 30.539759976], [114.350419536, 30.53976024], [114.350412477, 30.539761153], [114.350344477, 30.539773154], [114.350343879, 30.539773262], [114.350278879, 30.539785262], [114.350270215, 30.539787392], [114.350228215, 30.539800392], [114.350222628, 30.539802369], [114.350217269, 30.539804769], [114.350212182, 30.539807572], [114.350184182, 30.539824572], [114.350178772, 30.539828226], [114.350173822, 30.539832337], [114.350169385, 30.539836861], [114.350165506, 30.539841749], [114.350162226, 30.539846954], [114.350122226, 30.539918953], [114.3501195, 30.539924608], [114.350117482, 30.539930478], [114.350080656, 30.540062854], [114.350015074, 30.540277483], [114.349935564, 30.540512035], [114.349869701, 30.540689581], [114.349651948, 30.540970805], [114.349648554, 30.540975692], [114.349645733, 30.540980841], [114.34964351, 30.540986205], [114.349641909, 30.54099173], [114.349640946, 30.540997364], [114.349640626, 30.541003051], [114.349640957, 30.541008738], [114.349641932, 30.541014371], [114.349643545, 30.541019894], [114.349645779, 30.541025254], [114.349648611, 30.541030399], [114.349652015, 30.541035281], [114.349655958, 30.541039852], [114.349660403, 30.541044067], [114.349665306, 30.541047888], [114.34967062, 30.541051276], [114.349676294, 30.541054199], [114.349682273, 30.541056629], [114.3496885, 30.541058543], [114.349694915, 30.541059922], [114.349701457, 30.541060753], [114.34970806, 30.541061026], [114.349714664, 30.541060743], [114.349721204, 30.541059901], [114.349727616, 30.541058512], [114.349733838, 30.54105659], [114.349739813, 30.541054151], [114.349745481, 30.541051218], [114.349750789, 30.541047822], [114.349755684, 30.541043995], [114.349760119, 30.541039771], [114.349764053, 30.541035195], [114.349931077, 30.540819487], [114.350062882, 30.540989247], [114.350110661, 30.541080516], [114.350046412, 30.54110492], [114.349745099, 30.541194125], [114.349738958, 30.541196239], [114.349733089, 30.541198861], [114.349727547, 30.541201964], [114.349722384, 30.541205521], [114.34971765, 30.541209497], [114.349713391, 30.541213853], [114.34970965, 30.541218548], [114.34970646, 30.541223536], [114.349703854, 30.541228769], [114.349701856, 30.541234198], [114.349700484, 30.541239768], [114.349699754, 30.541245427], [114.349699671, 30.541251122], [114.349700238, 30.541256795], [114.349701446, 30.541262394], [114.349703286, 30.541267864], [114.349705739, 30.541273151], [114.349708782, 30.541278206], [114.349712388, 30.54128298], [114.349716517, 30.541287427], [114.349721134, 30.541291503], [114.349726192, 30.541295171], [114.349731643, 30.541298394], [114.349737434, 30.54130114], [114.349743511, 30.541303386], [114.349749813, 30.541305106], [114.349756281, 30.541306288], [114.349762852, 30.541306917], [114.349769463, 30.541306988], [114.349776051, 30.5413065], [114.349782551, 30.54130546], [114.349788901, 30.541303875], [114.350092901, 30.541213875], [114.350098187, 30.541212092], [114.350158099, 30.541189335], [114.350210214, 30.541333611], [114.35017539, 30.541342231], [114.350169522, 30.541343938], [114.349773522, 30.541476939], [114.349767487, 30.541479266], [114.349761747, 30.54148209], [114.349756356, 30.541485386], [114.349751364, 30.541489121], [114.349746823, 30.54149326], [114.349742775, 30.541497762], [114.349739258, 30.541502584], [114.349736307, 30.54150768], [114.34973395, 30.541513], [114.34973221, 30.541518494], [114.349731103, 30.541524108], [114.349730641, 30.541529789], [114.349730828, 30.54153548], [114.349731661, 30.54154113], [114.349733133, 30.541546681], [114.34973523, 30.541552082], [114.349737932, 30.541557279], [114.349741212, 30.541562224], [114.349745039, 30.541566868], [114.349749375, 30.541571165], [114.34975418, 30.541575077], [114.349759408, 30.541578564], [114.349765007, 30.541581592], [114.349770924, 30.541584134], [114.349777101, 30.541586163], [114.349783479, 30.541587663], [114.349789998, 30.541588616], [114.349796594, 30.541589013], [114.349803202, 30.541588853], [114.349809761, 30.541588135], [114.349816207, 30.541586867], [114.349822477, 30.541585061], [114.350215589, 30.541453031], [114.350242309, 30.541446418], [114.350250761, 30.541485598], [114.350252017, 30.541490321], [114.350253728, 30.541494935], [114.35025588, 30.541499413], [114.350316542, 30.54161207]]]}, "properties": {"id": 3730, "land_type": "居住用地"}}, {"type": "Feature", "geometry": {"type": "Polygon", "coordinates": [[[114.350698968, 30.540744981], [114.350699628, 30.540831381], [114.350699979, 30.540836922], [114.350700942, 30.540842408], [114.350702509, 30.540847789], [114.350704666, 30.540853018], [114.350718264, 30.540881575], [114.350235513, 30.541036661], [114.35018342, 30.54093715], [114.350180916, 30.54093285], [114.350178006, 30.540928744], [114.350005067, 30.540706005], [114.350044783, 30.540598941], [114.350698968, 30.540744981]]]}, "properties": {"id": 3731, "land_type": "行政办公用地"}}, {"type": "Feature", "geometry": {"type": "Polygon", "coordinates": [[[114.35084346, 30.541139318], [114.350338345, 30.541297661], [114.350283268, 30.541145183], [114.350769966, 30.540988829], [114.35084346, 30.541139318]]]}, "properties": {"id": 3732, "land_type": "行政办公用地"}}, {"type": "Feature", "geometry": {"type": "Polygon", "coordinates": [[[114.352314461, 30.541653932], [114.352310161, 30.541659733], [114.352306691, 30.541665931], [114.352256128, 30.541771824], [114.352212541, 30.541829134], [114.352167022, 30.541857203], [114.352130416, 30.541873089], [114.352078798, 30.541876724], [114.352035552, 30.541872793], [114.35200559, 30.541865696], [114.351895174, 30.541830744], [114.351842949, 30.541735269], [114.351839853, 30.541730261], [114.351836204, 30.541725537], [114.351806203, 30.541690537], [114.351801727, 30.541685849], [114.351796707, 30.54168159], [114.351791198, 30.541677805], [114.351785259, 30.541674537], [114.351740259, 30.541652536], [114.351733727, 30.541649734], [114.35172688, 30.541647557], [114.3517198, 30.54164603], [114.351623801, 30.541630031], [114.351615927, 30.541629129], [114.351520928, 30.541623129], [114.351514662, 30.541622985], [114.351508406, 30.541623343], [114.351502217, 30.5416242], [114.351407655, 30.541641222], [114.351367598, 30.541554542], [114.351367447, 30.54155422], [114.351096229, 30.540977402], [114.351150896, 30.540929809], [114.351155306, 30.540925573], [114.351159214, 30.540920984], [114.351162581, 30.540916089], [114.351181581, 30.540885089], [114.351184448, 30.540879779], [114.351186678, 30.540874249], [114.35118825, 30.540868553], [114.351223187, 30.540705849], [114.351233112, 30.540662177], [114.351263409, 30.540529628], [114.351827511, 30.540612036], [114.351808041, 30.540712772], [114.351807277, 30.540718427], [114.35180716, 30.540724121], [114.351807691, 30.540729798], [114.351808867, 30.540735401], [114.351810673, 30.540740879], [114.351813095, 30.540746177], [114.351816108, 30.540751246], [114.351819684, 30.540756036], [114.351823786, 30.540760501], [114.351828379, 30.540764599], [114.351833415, 30.540768289], [114.351838846, 30.540771536], [114.351844621, 30.540774308], [114.351850684, 30.54077658], [114.351856976, 30.540778329], [114.351863438, 30.540779539], [114.351870004, 30.540780197], [114.351876614, 30.540780298], [114.351883206, 30.540779839], [114.351889712, 30.540778829], [114.351896072, 30.540777272], [114.351902224, 30.540775186], [114.35190811, 30.540772591], [114.351913671, 30.540769512], [114.351918856, 30.540765977], [114.351923613, 30.540762023], [114.351927897, 30.540757686], [114.351931667, 30.540753007], [114.351934886, 30.540748033], [114.351937525, 30.540742812], [114.351939555, 30.540737393], [114.351940959, 30.540731828], [114.351960242, 30.540632061], [114.352989838, 30.540792241], [114.352980157, 30.540808112], [114.352979611, 30.540809026], [114.352935817, 30.540884017], [114.352781315, 30.541148348], [114.35261071, 30.541435788], [114.352549793, 30.541538618], [114.352548356, 30.54154104], [114.352545422, 30.541540987], [114.352538158, 30.541541193], [114.352498157, 30.541544192], [114.352491873, 30.541544921], [114.352485696, 30.541546156], [114.352479682, 30.541547885], [114.352443682, 30.541559885], [114.352437766, 30.541562144], [114.352432131, 30.54156488], [114.352408294, 30.541577793], [114.352365454, 30.541600706], [114.352360085, 30.541603899], [114.352355099, 30.541607524], [114.352350544, 30.541611549], [114.352346461, 30.541615932], [114.352314461, 30.541653932]]]}, "properties": {"id": 3733, "land_type": "医疗卫生用地"}}, {"type": "Feature", "geometry": {"type": "Polygon", "coordinates": [[[114.350962661, 30.541398695], [114.350442643, 30.541570415], [114.350381691, 30.541457217], [114.350371662, 30.541410718], [114.35089411, 30.541246942], [114.350962661, 30.541398695]]]}, "properties": {"id": 3734, "land_type": "居住用地"}}, {"type": "Feature", "geometry": {"type": "Polygon", "coordinates": [[[114.35360533, 30.54147096], [114.353573835, 30.541574263], [114.353572131, 30.541581914], [114.353561339, 30.541657457], [114.35285436, 30.541511807], [114.352940972, 30.541367709], [114.35360533, 30.54147096]]]}, "properties": {"id": 3735, "land_type": "教育用地"}}, {"type": "Feature", "geometry": {"type": "Polygon", "coordinates": [[[114.351084872, 30.541661328], [114.351114889, 30.54173637], [114.351116645, 30.541801351], [114.35111687, 30.54180493], [114.351125597, 30.541893073], [114.351104665, 30.541942074], [114.351069267, 30.541939225], [114.35106466, 30.541938992], [114.35081765, 30.541933746], [114.350584824, 30.541907498], [114.350492931, 30.541678099], [114.351012316, 30.54150659], [114.351084872, 30.541661328]]]}, "properties": {"id": 3736, "land_type": "居住用地"}}, {"type": "Feature", "geometry": {"type": "Polygon", "coordinates": [[[114.353538282, 30.541772034], [114.353488663, 30.541956694], [114.353205431, 30.541915538], [114.352662976, 30.54182044], [114.352775112, 30.541643842], [114.352775457, 30.541643229], [114.352775855, 30.541642639], [114.352790635, 30.541618005], [114.353538282, 30.541772034]]]}, "properties": {"id": 3737, "land_type": "居住用地"}}, {"type": "Feature", "geometry": {"type": "Polygon", "coordinates": [[[114.351602105, 30.54174462], [114.35168335, 30.541758162], [114.351706296, 30.541769379], [114.35172387, 30.541789881], [114.351769838, 30.541873917], [114.351720014, 30.541946456], [114.351716989, 30.541951384], [114.351714528, 30.541956539], [114.351673894, 30.54205485], [114.351585013, 30.542032332], [114.351584944, 30.542032317], [114.351584871, 30.542032296], [114.351427407, 30.541992743], [114.351442064, 30.541861557], [114.351442297, 30.541858773], [114.351446297, 30.541786773], [114.351446325, 30.541781785], [114.351445854, 30.541776813], [114.351442478, 30.541753514], [114.351520515, 30.541739466], [114.351602105, 30.54174462]]]}, "properties": {"id": 3738, "land_type": "公园与绿地用地"}}, {"type": "Feature", "geometry": {"type": "Polygon", "coordinates": [[[114.352236583, 30.542031454], [114.352233668, 30.542036158], [114.352146409, 30.542194021], [114.351802202, 30.542090469], [114.351839294, 30.542000729], [114.35187542, 30.541948134], [114.351961757, 30.541975464], [114.351967135, 30.541976949], [114.352005135, 30.541985949], [114.35201049, 30.541987017], [114.352015928, 30.541987706], [114.352070928, 30.541992705], [114.352077206, 30.541993021], [114.35208349, 30.541992832], [114.35215449, 30.541987833], [114.352160921, 30.541987111], [114.35216724, 30.541985859], [114.352173392, 30.54198409], [114.352179317, 30.54198182], [114.352232317, 30.541958819], [114.352236875, 30.541956647], [114.352241222, 30.54195418], [114.352301222, 30.54191718], [114.352306108, 30.541913862], [114.352310618, 30.541910171], [114.352314714, 30.541906137], [114.35231836, 30.541901795], [114.352372359, 30.541830794], [114.352375603, 30.541826053], [114.35237831, 30.541821069], [114.352428256, 30.541716467], [114.352447777, 30.541693285], [114.352462907, 30.541685193], [114.352386868, 30.541813571], [114.352288678, 30.541955962], [114.352236583, 30.542031454]]]}, "properties": {"id": 3739, "land_type": "公园与绿地用地"}}, {"type": "Feature", "geometry": {"type": "Polygon", "coordinates": [[[114.351439082, 30.542172213], [114.350905203, 30.543054671], [114.350917918, 30.543029834], [114.3510271, 30.542844223], [114.351027707, 30.542843164], [114.351084708, 30.542741164], [114.351086986, 30.542736596], [114.351127985, 30.542643597], [114.351130422, 30.542636863], [114.351131892, 30.542629924], [114.351137892, 30.542586924], [114.351138345, 30.542581704], [114.351138249, 30.542576471], [114.351137606, 30.542571267], [114.351136422, 30.542566134], [114.351128422, 30.542538135], [114.351126699, 30.542533099], [114.351124455, 30.542528218], [114.351121707, 30.542523531], [114.35111848, 30.542519079], [114.351116891, 30.542517091], [114.351348036, 30.542148072], [114.351439082, 30.542172213]]]}, "properties": {"id": 3740, "land_type": "居住用地"}}, {"type": "Feature", "geometry": {"type": "Polygon", "coordinates": [[[114.349088775, 30.536004304], [114.349082244, 30.536005193], [114.349075845, 30.536006627], [114.349069641, 30.536008596], [114.34906369, 30.536011078], [114.349058051, 30.536014051], [114.349052777, 30.536017486], [114.34904792, 30.536021349], [114.349043525, 30.536025604], [114.349039636, 30.536030209], [114.349036289, 30.536035121], [114.349033518, 30.536040291], [114.349031348, 30.536045671], [114.349029801, 30.536051207], [114.349028892, 30.536056847], [114.34902863, 30.536062537], [114.349029015, 30.536068223], [114.349030046, 30.536073848], [114.349031712, 30.536079359], [114.349033997, 30.536084704], [114.349036878, 30.536089828], [114.349040331, 30.536094685], [114.349320426, 30.536448585], [114.349407566, 30.536579943], [114.349122561, 30.536721574], [114.349121804, 30.536721953], [114.348591368, 30.536989518], [114.348229958, 30.537167078], [114.347732022, 30.537411506], [114.347376273, 30.537579656], [114.34737451, 30.537580589], [114.347372677, 30.537581418], [114.346982992, 30.537779248], [114.346586924, 30.537966975], [114.346240092, 30.538119763], [114.345983137, 30.538220442], [114.345806102, 30.538277761], [114.345676954, 30.538319544], [114.34524925, 30.538435456], [114.344789468, 30.538539406], [114.34408685, 30.538696465], [114.344086711, 30.538696496], [114.34358463, 30.538809222], [114.343004316, 30.538922294], [114.343008846, 30.538904287], [114.343009477, 30.538901439], [114.3431087, 30.538383064], [114.343132774, 30.538379437], [114.343433055, 30.538348816], [114.343729839, 30.538332935], [114.344265497, 30.53830895], [114.34427044, 30.538308571], [114.34464744, 30.538267571], [114.344650818, 30.538267128], [114.345243653, 30.538176154], [114.34540449, 30.538152178], [114.34541026, 30.538151091], [114.34550226, 30.538130091], [114.345510577, 30.538127684], [114.345873962, 30.537999255], [114.346345315, 30.537856752], [114.346352245, 30.537854276], [114.346552245, 30.537771277], [114.346557525, 30.537768831], [114.346562531, 30.537765991], [114.346567224, 30.537762778], [114.346571568, 30.537759218], [114.346667568, 30.537673218], [114.34667148, 30.53766939], [114.346674986, 30.537665281], [114.346678061, 30.537660923], [114.346680679, 30.537656349], [114.346779679, 30.537462349], [114.346782658, 30.53745531], [114.346951621, 30.536958419], [114.347168583, 30.536329529], [114.347169664, 30.53632599], [114.347197664, 30.53622099], [114.347198817, 30.536215446], [114.34719934, 30.536209832], [114.347199229, 30.536204201], [114.347198485, 30.536198606], [114.347186485, 30.536135605], [114.347185243, 30.536130518], [114.347183475, 30.536125547], [114.347057475, 30.535820546], [114.347056233, 30.535817766], [114.346995033, 30.53569069], [114.347031601, 30.535674233], [114.347037389, 30.535671303], [114.347042811, 30.535667891], [114.34704781, 30.535664032], [114.347052339, 30.535659762], [114.347056352, 30.535655126], [114.34705981, 30.53565017], [114.347062678, 30.535644942], [114.347064927, 30.535639494], [114.347066535, 30.535633879], [114.347067487, 30.535628155], [114.347067772, 30.535622379], [114.347064384, 30.535220932], [114.347104722, 30.534338783], [114.347104549, 30.53433176], [114.347103392, 30.534324805], [114.347068061, 30.534176896], [114.347057283, 30.53387967], [114.347063207, 30.533343623], [114.347066371, 30.533057252], [114.34706636, 30.533057017], [114.347066374, 30.533056781], [114.347066229, 30.533054172], [114.347066109, 30.533051561], [114.347066072, 30.533051327], [114.347066058, 30.533051093], [114.347065618, 30.533048508], [114.347065201, 30.533045921], [114.347065137, 30.533045691], [114.347065098, 30.533045458], [114.347064365, 30.533042923], [114.347063656, 30.533040384], [114.347063566, 30.533040161], [114.3470635, 30.533039932], [114.347062482, 30.533037472], [114.347061488, 30.533035003], [114.347061373, 30.53303479], [114.347061281, 30.533034567], [114.347059989, 30.533032204], [114.347058718, 30.533029832], [114.34705858, 30.533029629], [114.347058463, 30.533029415], [114.347056907, 30.533027173], [114.347055373, 30.533024921], [114.347055212, 30.533024729], [114.347055072, 30.533024527], [114.347053269, 30.533022427], [114.347051485, 30.533020313], [114.347051304, 30.533020138], [114.347051141, 30.533019947], [114.347049107, 30.53301801], [114.347047092, 30.533016058], [114.347046891, 30.533015898], [114.347046706, 30.533015722], [114.347044463, 30.533013965], [114.347042236, 30.533012193], [114.347042016, 30.533012051], [114.347041815, 30.533011892], [114.347039381, 30.533010334], [114.347036963, 30.533008757], [114.347036729, 30.533008634], [114.347036509, 30.533008494], [114.34703391, 30.533007147], [114.347031324, 30.533005783], [114.347031078, 30.533005681], [114.347030842, 30.533005558], [114.347028104, 30.533004439], [114.347025375, 30.533003299], [114.347025117, 30.533003218], [114.34702487, 30.533003117], [114.347022016, 30.533002233], [114.347019171, 30.53300133], [114.347018906, 30.53300127], [114.347018648, 30.533001191], [114.347015707, 30.533000553], [114.347012773, 30.532999894], [114.347012502, 30.532999857], [114.347012236, 30.5329998], [114.347009237, 30.532999412], [114.347006242, 30.532999004], [114.347005968, 30.532998991], [114.347005698, 30.532998955], [114.347002668, 30.532998824], [114.346999641, 30.53299867], [114.346999368, 30.53299868], [114.346999095, 30.532998669], [114.346419673, 30.532997972], [114.346419879, 30.532997705], [114.346420857, 30.532996116], [114.346421903, 30.53299456], [114.346422408, 30.532993604], [114.34642298, 30.532992675], [114.346434979, 30.532970675], [114.346437751, 30.532964771], [114.346439756, 30.532958641], [114.346440968, 30.532952359], [114.346441375, 30.532946], [114.346441375, 30.532879], [114.346441373, 30.532878577], [114.346437373, 30.532406577], [114.346436999, 30.532400891], [114.346435982, 30.532395263], [114.346434328, 30.532389749], [114.346432055, 30.532384401], [114.346429185, 30.532379271], [114.346425744, 30.532374408], [114.346421768, 30.532369858], [114.346417292, 30.532365667], [114.346412361, 30.532361873], [114.346407021, 30.532358514], [114.346401326, 30.532355622], [114.346395327, 30.532353225], [114.346389086, 30.532351346], [114.346382661, 30.532350002], [114.346376114, 30.532349208], [114.346369508, 30.53234897], [114.346362908, 30.532349291], [114.346356374, 30.532350167], [114.346349973, 30.532351591], [114.346343763, 30.532353549], [114.346337808, 30.532356021], [114.346332162, 30.532358984], [114.346326879, 30.532362411], [114.346322014, 30.532366265], [114.346317609, 30.532370514], [114.34631371, 30.532375112], [114.346310351, 30.532380019], [114.346307569, 30.532385184], [114.346305386, 30.53239056], [114.346303827, 30.532396094], [114.346302904, 30.532401733], [114.346302629, 30.532407424], [114.346306627, 30.532879212], [114.346306627, 30.532926618], [114.346306626, 30.532931025], [114.346016944, 30.532946074], [114.346009671, 30.532946795], [114.346002531, 30.532948191], [114.345995609, 30.532950247], [114.345988989, 30.532952937], [114.345945988, 30.532972937], [114.345940516, 30.532975778], [114.345935382, 30.532979053], [114.34593063, 30.532982733], [114.345926306, 30.532986783], [114.345922444, 30.532991169], [114.345919084, 30.532995849], [114.345918213, 30.532997368], [114.345483536, 30.532996847], [114.345470115, 30.532718592], [114.345470107, 30.532718417], [114.345448607, 30.532302717], [114.345447989, 30.532297048], [114.345446728, 30.532291457], [114.345444839, 30.532286], [114.345442336, 30.532280728], [114.345439246, 30.532275694], [114.3454383, 30.532274462], [114.34541256, 30.532253966], [114.345410384, 30.532252953], [114.345404286, 30.532250751], [114.345397969, 30.532249073], [114.34539149, 30.532247936], [114.345384913, 30.532247352], [114.345378302, 30.532247326], [114.345371719, 30.532247859], [114.345365228, 30.532248944], [114.345358892, 30.532250572], [114.345352772, 30.532252727], [114.345346928, 30.532255389], [114.345341414, 30.532258531], [114.345336283, 30.532262124], [114.345331587, 30.532266132], [114.345327369, 30.532270518], [114.345323671, 30.532275239], [114.345320527, 30.532280249], [114.345317969, 30.5322855], [114.345316021, 30.532290943], [114.345314701, 30.532296523], [114.345314023, 30.532302188], [114.345313993, 30.532307882], [114.345335488, 30.532723496], [114.345348659, 30.532996532], [114.343381028, 30.532989925], [114.343377369, 30.532724311], [114.343377351, 30.532723513], [114.343355354, 30.53198457], [114.34333439, 30.531220932], [114.343335925, 30.531158796], [114.343336358, 30.531141234], [114.343336349, 30.531140937], [114.34333637, 30.531140641], [114.34333737, 30.53106264], [114.343337189, 30.531057711], [114.343321189, 30.530871711], [114.343319811, 30.53086357], [114.34329181, 30.530753571], [114.343290889, 30.530750385], [114.34325489, 30.530639386], [114.343253455, 30.530635496], [114.343232687, 30.530585368], [114.343534503, 30.53050617], [114.34421194, 30.530406814], [114.344314207, 30.530678687], [114.344316777, 30.530684453], [114.344320043, 30.530689951], [114.344323969, 30.530695118], [114.34438297, 30.530764419], [114.344386734, 30.53076845], [114.344390901, 30.530772176], [114.344395435, 30.530775569], [114.344400302, 30.530778599], [114.344403206, 30.530780243], [114.344410939, 30.530794526], [114.344412025, 30.530796299], [114.344413049, 30.530798097], [114.344413566, 30.530798815], [114.344414024, 30.530799564], [114.344415306, 30.530801235], [114.34441653, 30.530802939], [114.344417127, 30.53080361], [114.344417668, 30.530804316], [114.344419133, 30.530805871], [114.344420546, 30.530807463], [114.344421215, 30.530808082], [114.344421835, 30.530808738], [114.344423469, 30.530810162], [114.344425057, 30.530811627], [114.344425794, 30.530812186], [114.344426484, 30.530812787], [114.344428275, 30.530814066], [114.344430019, 30.53081539], [114.344430816, 30.530815884], [114.344431571, 30.530816423], [114.344433499, 30.530817545], [114.344435387, 30.530818716], [114.344436236, 30.530819139], [114.34443705, 30.530819613], [114.344439094, 30.530820567], [114.344441107, 30.530821573], [114.344604659, 30.530894261], [114.344751894, 30.530977594], [114.344963585, 30.531097489], [114.344970032, 30.531100715], [114.345854068, 30.531488405], [114.347019351, 30.532049473], [114.347059267, 30.532073722], [114.348233026, 30.53278689], [114.34902432, 30.533307227], [114.349164089, 30.533399114], [114.349225992, 30.53355751], [114.349248925, 30.533622458], [114.349253213, 30.533633304], [114.349469106, 30.534125729], [114.349464993, 30.534141156], [114.349462463, 30.534158385], [114.349461937, 30.534175744], [114.349463421, 30.534193063], [114.349466901, 30.534210167], [114.349472343, 30.534226888], [114.349611609, 30.534585049], [114.349726844, 30.534881406], [114.349809369, 30.535105117], [114.349815714, 30.535119947], [114.349823593, 30.53513422], [114.349832944, 30.535147819], [114.349843688, 30.535160631], [114.349949387, 30.535275332], [114.349953502, 30.535279373], [114.349957444, 30.53528354], [114.349960039, 30.535285791], [114.349962467, 30.535288176], [114.349967022, 30.53529185], [114.349971419, 30.535295666], [114.349974256, 30.535297686], [114.349976944, 30.535299854], [114.349981896, 30.535303126], [114.349986705, 30.535306551], [114.349989759, 30.535308323], [114.34999268, 30.535310254], [114.349997981, 30.535313092], [114.350003158, 30.535316095], [114.350006399, 30.5353176], [114.350009526, 30.535319275], [114.350015123, 30.535321652], [114.350020616, 30.535324203], [114.350024013, 30.535325428], [114.350026053, 30.535326294], [114.350041329, 30.535366807], [114.349877391, 30.535425633], [114.349875751, 30.535426244], [114.349736351, 30.535480044], [114.349730003, 30.53548285], [114.349724034, 30.535486219], [114.349718514, 30.535490113], [114.349713502, 30.535494489], [114.349566002, 30.53563769], [114.349561587, 30.535642457], [114.349557778, 30.535647598], [114.349554617, 30.535653054], [114.349552138, 30.535658768], [114.349506538, 30.535783468], [114.349504845, 30.535789058], [114.349503804, 30.535794765], [114.349503429, 30.535800534], [114.34950372, 30.535806306], [114.349504676, 30.535812024], [114.349506288, 30.535817632], [114.349632288, 30.536178032], [114.349634503, 30.536183397], [114.349637317, 30.53618855], [114.349640705, 30.536193441], [114.349644633, 30.536198022], [114.349649062, 30.53620225], [114.349653953, 30.536206083], [114.349659256, 30.536209484], [114.34966492, 30.536212422], [114.34967089, 30.536214866], [114.349677111, 30.536216796], [114.349683521, 30.536218191], [114.349690059, 30.536219038], [114.349696662, 30.53621933], [114.349703267, 30.536219062], [114.349709809, 30.536218237], [114.349716226, 30.536216866], [114.349722456, 30.536214957], [114.349728439, 30.536212533], [114.349734116, 30.536209615], [114.349739436, 30.536206232], [114.349744343, 30.536202417], [114.349748793, 30.536198205], [114.349752742, 30.536193638], [114.349756153, 30.536188759], [114.349758992, 30.536183616], [114.349761233, 30.536178258], [114.349762852, 30.536172737], [114.349763835, 30.536167105], [114.349764173, 30.536161419], [114.349763862, 30.53615573], [114.349762906, 30.536150095], [114.349761313, 30.536144568], [114.349641296, 30.535801283], [114.349676341, 30.535705446], [114.349804679, 30.535580851], [114.349930035, 30.535532472], [114.350080035, 30.535478646], [114.350190953, 30.53581907], [114.350167354, 30.535945348], [114.350144812, 30.536053789], [114.350081653, 30.536148132], [114.350000548, 30.53623352], [114.349833987, 30.536350865], [114.349832505, 30.536351925], [114.349758632, 30.536405506], [114.349524285, 30.536521946], [114.349436098, 30.536389011], [114.349433269, 30.536385114], [114.349151669, 30.536029314], [114.349147681, 30.536024771], [114.349143196, 30.536020588], [114.349138256, 30.536016802], [114.34913291, 30.536013452], [114.349127207, 30.53601057], [114.349121204, 30.536008183], [114.349114958, 30.536006314], [114.34910853, 30.536004983], [114.349101981, 30.536004199], [114.349095375, 30.536003973], [114.349088775, 30.536004304]]]}, "properties": {"id": 3741, "land_type": "体育与文化用地"}}, {"type": "Feature", "geometry": {"type": "Polygon", "coordinates": [[[114.353948303, 30.533447408], [114.353947627, 30.533567719], [114.353947799, 30.533572155], [114.353949768, 30.533595785], [114.353446591, 30.533600352], [114.353447163, 30.533446052], [114.353584214, 30.533444036], [114.353948303, 30.533447408]]]}, "properties": {"id": 3742, "land_type": "行政办公用地"}}, {"type": "Feature", "geometry": {"type": "Polygon", "coordinates": [[[114.353311835, 30.533602585], [114.353254727, 30.533603977], [114.352842541, 30.533607349], [114.352863209, 30.533450615], [114.35331241, 30.533447501], [114.353311835, 30.533602585]]]}, "properties": {"id": 3743, "land_type": "居住用地"}}, {"type": "Feature", "geometry": {"type": "Polygon", "coordinates": [[[114.352864995, 30.533946667], [114.352869211, 30.534122561], [114.352307925, 30.534119245], [114.352239621, 30.533961251], [114.352750948, 30.533946037], [114.352864995, 30.533946667]]]}, "properties": {"id": 3744, "land_type": "居住用地"}}, {"type": "Feature", "geometry": {"type": "Polygon", "coordinates": [[[114.352800827, 30.534856989], [114.352799079, 30.534857869], [114.35263697, 30.534940983], [114.35244925, 30.534862406], [114.352448361, 30.534862042], [114.35234274, 30.534819462], [114.352265765, 30.534780724], [114.352206694, 30.534709869], [114.352200186, 30.5346797], [114.352267583, 30.534560389], [114.352270508, 30.534554374], [114.352314509, 30.534447374], [114.352314977, 30.534446193], [114.35233798, 30.534386185], [114.35233886, 30.534383441], [114.35233974, 30.534380696], [114.352340306, 30.53437789], [114.352340869, 30.534375085], [114.352341112, 30.534372245], [114.352341353, 30.534369406], [114.352345099, 30.534235529], [114.352937, 30.534239026], [114.353485986, 30.534249826], [114.353494868, 30.53433991], [114.353495225, 30.534342196], [114.353495533, 30.534344488], [114.353495666, 30.534345017], [114.35349575, 30.534345554], [114.353496365, 30.534347799], [114.353496932, 30.534350054], [114.353497125, 30.534350569], [114.35349727, 30.534351096], [114.353498138, 30.534353279], [114.353498959, 30.534355475], [114.353499209, 30.534355971], [114.353499413, 30.534356484], [114.353500526, 30.534358582], [114.353501592, 30.534360698], [114.353501898, 30.534361171], [114.35350216, 30.534361664], [114.353503505, 30.534363659], [114.353504807, 30.534365674], [114.353505166, 30.534366119], [114.353505483, 30.534366588], [114.353507048, 30.534368459], [114.353508574, 30.534370354], [114.353508981, 30.534370768], [114.353509349, 30.534371208], [114.353511121, 30.534372937], [114.353512854, 30.534374695], [114.353513307, 30.534375071], [114.353513722, 30.534375478], [114.353515683, 30.53437705], [114.353517609, 30.534378653], [114.353518101, 30.534378989], [114.353518561, 30.534379358], [114.353520691, 30.534380757], [114.353522789, 30.53438219], [114.353523318, 30.534382483], [114.353523819, 30.534382812], [114.353526097, 30.534384025], [114.353528349, 30.534385274], [114.353528908, 30.53438552], [114.353529443, 30.534385805], [114.353531849, 30.53438682], [114.353534232, 30.534387873], [114.353534817, 30.534388071], [114.353535382, 30.534388309], [114.353537891, 30.534389116], [114.353540382, 30.534389962], [114.353540987, 30.53439011], [114.353541577, 30.5343903], [114.353544165, 30.53439089], [114.353546741, 30.534391522], [114.35354736, 30.534391619], [114.353547968, 30.534391758], [114.353550611, 30.534392127], [114.353553247, 30.534392539], [114.353553873, 30.534392583], [114.353554495, 30.534392669], [114.353557167, 30.534392813], [114.353559837, 30.534393], [114.353560465, 30.534392991], [114.353561093, 30.534393025], [114.35356377, 30.534392943], [114.353566448, 30.534392904], [114.353567072, 30.534392842], [114.3535677, 30.534392823], [114.353570355, 30.534392514], [114.353573015, 30.53439225], [114.353573631, 30.534392135], [114.353574253, 30.534392063], [114.35357686, 30.534391532], [114.353579477, 30.534391044], [114.353580076, 30.534390878], [114.353580688, 30.534390753], [114.353583222, 30.534390005], [114.353585771, 30.534389299], [114.353586348, 30.534389082], [114.353586942, 30.534388907], [114.353589379, 30.534387949], [114.353591836, 30.53438703], [114.353772835, 30.53431003], [114.353773043, 30.534309942], [114.354048042, 30.534191942], [114.354049367, 30.534191358], [114.354113368, 30.534162358], [114.354118981, 30.534159507], [114.35412425, 30.534156203], [114.354129122, 30.534152475], [114.354133554, 30.534148361], [114.354137504, 30.534143896], [114.354140934, 30.534139123], [114.354143812, 30.534134088], [114.354146113, 30.534128837], [114.354158113, 30.534096835], [114.354159936, 30.534090925], [114.354161027, 30.534084881], [114.354172027, 30.533991882], [114.35417237, 30.533985273], [114.354171835, 30.533978674], [114.354159242, 30.533893434], [114.354155248, 30.533781587], [114.354523956, 30.53374862], [114.354524865, 30.533748498], [114.354525853, 30.533748428], [114.354528604, 30.533747994], [114.354530844, 30.533747693], [114.354531568, 30.533747528], [114.354532357, 30.533747404], [114.354535306, 30.533746675], [114.354537583, 30.533746156], [114.354538123, 30.533745981], [114.354538713, 30.533745834], [114.354541881, 30.533744753], [114.354544103, 30.533744028], [114.354572022, 30.533733462], [114.354579686, 30.53377025], [114.354581138, 30.533775696], [114.354657137, 30.534008696], [114.354657163, 30.534008761], [114.354657181, 30.534008828], [114.354662503, 30.534024996], [114.354067673, 30.534230804], [114.354050726, 30.534237888], [114.352800827, 30.534856989]]]}, "properties": {"id": 3746, "land_type": "公园与绿地用地"}}, {"type": "Feature", "geometry": {"type": "Polygon", "coordinates": [[[114.35069735, 30.534422748], [114.351345095, 30.534878558], [114.351326413, 30.534900222], [114.351233488, 30.534936029], [114.351233088, 30.534936204], [114.351232676, 30.534936348], [114.351109525, 30.534985495], [114.350791676, 30.535112347], [114.350785447, 30.535115182], [114.350779598, 30.535118561], [114.350774189, 30.535122449], [114.350769281, 30.535126802], [114.350764928, 30.535131572], [114.350755927, 30.535142572], [114.35075233, 30.535147473], [114.350749316, 30.535152659], [114.350746919, 30.535158078], [114.350745162, 30.535163677], [114.350744064, 30.535169397], [114.350743632, 30.535175185], [114.350743874, 30.535180981], [114.350746874, 30.535210979], [114.350747594, 30.535215799], [114.350748778, 30.535220549], [114.35075042, 30.535225197], [114.350866197, 30.535509651], [114.350958988, 30.5357531], [114.350961364, 30.535758433], [114.350964336, 30.535763536], [114.350967877, 30.535768366], [114.350971952, 30.53577287], [114.350986326, 30.535787244], [114.350834307, 30.535865179], [114.350777097, 30.535718812], [114.350626635, 30.535328271], [114.350624784, 30.53532368], [114.350492224, 30.535009248], [114.350497437, 30.534975682], [114.350499031, 30.53496014], [114.350499004, 30.534944538], [114.350497356, 30.534929001], [114.350494098, 30.534913653], [114.350489258, 30.534898619], [114.350468996, 30.534845109], [114.350265959, 30.534308917], [114.350265331, 30.534307501], [114.35026484, 30.534306046], [114.350183712, 30.534103805], [114.35069735, 30.534422748]]]}, "properties": {"id": 3747, "land_type": "居住用地"}}, {"type": "Feature", "geometry": {"type": "Polygon", "coordinates": [[[114.352498407, 30.535012024], [114.352144862, 30.535193283], [114.351973886, 30.535061724], [114.351970083, 30.535059007], [114.351933949, 30.535035062], [114.351936897, 30.535030685], [114.351956776, 30.535002645], [114.352422037, 30.535011506], [114.352479018, 30.535003907], [114.352498407, 30.535012024]]]}, "properties": {"id": 3748, "land_type": "公园与绿地用地"}}, {"type": "Feature", "geometry": {"type": "Polygon", "coordinates": [[[114.351372237, 30.535029937], [114.351745364, 30.535362751], [114.351605936, 30.535428491], [114.351456252, 30.535491933], [114.351452298, 30.535493752], [114.351073752, 30.535682107], [114.350994012, 30.5354729], [114.35099358, 30.535471801], [114.350884293, 30.535203297], [114.35128892, 30.535041815], [114.351355731, 30.535016071], [114.351372237, 30.535029937]]]}, "properties": {"id": 3749, "land_type": "商业服务用地"}}, {"type": "Feature", "geometry": {"type": "Polygon", "coordinates": [[[114.35291403, 30.535258195], [114.352988056, 30.535336866], [114.353213765, 30.535651222], [114.353378413, 30.535910081], [114.35340333, 30.535949182], [114.353089504, 30.535723408], [114.35275076, 30.535453409], [114.352750407, 30.535453153], [114.352750077, 30.535452873], [114.352747873, 30.535451325], [114.352745692, 30.535449751], [114.352745311, 30.535449526], [114.352744952, 30.535449274], [114.352620374, 30.53537025], [114.352887203, 30.535236676], [114.35291403, 30.535258195]]]}, "properties": {"id": 3750, "land_type": "公园与绿地用地"}}, {"type": "Feature", "geometry": {"type": "Polygon", "coordinates": [[[114.353333597, 30.536203826], [114.353311857, 30.536221498], [114.353307201, 30.536225681], [114.353303052, 30.536230242], [114.353299453, 30.536235138], [114.353296438, 30.536240318], [114.353294038, 30.536245731], [114.353292277, 30.536251323], [114.353291172, 30.536257039], [114.353290734, 30.536262822], [114.353290968, 30.536268613], [114.353291872, 30.536274355], [114.353293436, 30.536279991], [114.353295644, 30.536285464], [114.353298476, 30.53629072], [114.353301901, 30.536295707], [114.353305887, 30.536300375], [114.353310395, 30.536304677], [114.353315378, 30.53630857], [114.353556299, 30.536478749], [114.353554004, 30.536479464], [114.353553219, 30.536479786], [114.353552409, 30.536480059], [114.353550237, 30.536481012], [114.353548037, 30.536481916], [114.353547293, 30.536482303], [114.353546518, 30.536482643], [114.353544464, 30.536483775], [114.353542377, 30.536484861], [114.353541681, 30.53648531], [114.353540948, 30.536485712], [114.353539034, 30.536487012], [114.353537079, 30.536488268], [114.353536438, 30.536488773], [114.353535756, 30.536489237], [114.353499866, 30.536516155], [114.353255945, 30.536299005], [114.353051771, 30.53609186], [114.352978172, 30.536014282], [114.352977782, 30.53601391], [114.35297743, 30.536013514], [114.352977361, 30.53601345], [114.352977299, 30.53601338], [114.352935417, 30.535971012], [114.352959484, 30.535951995], [114.353333597, 30.536203826]]]}, "properties": {"id": 3751, "land_type": "公园与绿地用地"}}, {"type": "Feature", "geometry": {"type": "Polygon", "coordinates": [[[114.352619766, 30.536630981], [114.352611732, 30.536631522], [114.352402732, 30.536656522], [114.352396303, 30.536657567], [114.352270303, 30.536683568], [114.3522613, 30.536686011], [114.352096301, 30.536742011], [114.352090406, 30.536744299], [114.352084792, 30.536747063], [114.351951793, 30.536820062], [114.35194586, 30.536823723], [114.351940422, 30.536827913], [114.351935542, 30.536832585], [114.351931278, 30.536837686], [114.351867278, 30.536923686], [114.351864319, 30.536928074], [114.351760319, 30.537099073], [114.351757813, 30.537103675], [114.351755782, 30.537108448], [114.351720782, 30.537203448], [114.351719188, 30.537208579], [114.351718145, 30.537213813], [114.351708145, 30.537282813], [114.351707627, 30.537289688], [114.35170806, 30.537296567], [114.35172406, 30.537417566], [114.351724338, 30.537419408], [114.35176313, 30.537647544], [114.351734275, 30.537694192], [114.351540244, 30.537681147], [114.351537727, 30.537681085], [114.351535215, 30.537680971], [114.351216867, 30.537680098], [114.351218919, 30.537673812], [114.35122179, 30.537663088], [114.351223468, 30.537652178], [114.35122394, 30.537641179], [114.35121864, 30.53720688], [114.351217138, 30.537190781], [114.351158039, 30.536853482], [114.351155639, 30.536843049], [114.351152139, 30.536832849], [114.35102744, 30.53652245], [114.351027301, 30.536522104], [114.350978693, 30.536402333], [114.350966416, 30.536272981], [114.350982249, 30.536248477], [114.351077118, 30.536167935], [114.351253808, 30.53605429], [114.351765403, 30.535798245], [114.352299209, 30.535531025], [114.352328936, 30.535563755], [114.352333568, 30.53556834], [114.352338734, 30.535572482], [114.352344373, 30.535576136], [114.352562443, 30.535702596], [114.352849571, 30.535881345], [114.352831194, 30.535895866], [114.352798036, 30.535918601], [114.352797203, 30.535919232], [114.352796323, 30.535919817], [114.35279613, 30.535919973], [114.352795921, 30.535920114], [114.352750983, 30.535953597], [114.352723949, 30.535965612], [114.352703325, 30.535973434], [114.352672421, 30.535978981], [114.352508361, 30.536003251], [114.352022175, 30.536027064], [114.3520156, 30.536027666], [114.352009126, 30.536028819], [114.352002814, 30.536030514], [114.351996725, 30.536032735], [114.351990918, 30.536035458], [114.351985449, 30.536038658], [114.351980371, 30.536042304], [114.351975732, 30.536046362], [114.351971577, 30.536050792], [114.351967947, 30.536055551], [114.351964875, 30.536060594], [114.351962392, 30.536065872], [114.351960521, 30.536071335], [114.351959281, 30.536076928], [114.351958684, 30.536082599], [114.351958735, 30.536088294], [114.351959434, 30.536093957], [114.351960774, 30.536099534], [114.351962742, 30.53610497], [114.351965319, 30.536110215], [114.351968481, 30.536115216], [114.351972196, 30.536119927], [114.35197643, 30.5361243], [114.351981141, 30.536128296], [114.351986285, 30.536131874], [114.35199181, 30.536135002], [114.351997665, 30.536137647], [114.352003793, 30.536139786], [114.352010134, 30.536141397], [114.352016629, 30.536142466], [114.352023214, 30.53614298], [114.352029826, 30.536142936], [114.352519825, 30.536118937], [114.352527404, 30.536118193], [114.352696405, 30.536093192], [114.352698745, 30.536092809], [114.352737745, 30.536085809], [114.352744562, 30.53608426], [114.352751153, 30.536082108], [114.352780153, 30.536071108], [114.352783895, 30.536069569], [114.352819894, 30.536053569], [114.352826751, 30.536050065], [114.352832704, 30.536046135], [114.352848433, 30.536062045], [114.352828373, 30.536105604], [114.352826443, 30.536110398], [114.352825006, 30.536115319], [114.352824074, 30.53612033], [114.352815073, 30.536187331], [114.352814627, 30.536193838], [114.352815031, 30.536200349], [114.35283803, 30.536380348], [114.352838986, 30.536385598], [114.352847987, 30.536423599], [114.352850075, 30.536430327], [114.352930792, 30.536639198], [114.352818523, 30.536628332], [114.352809765, 30.53662798], [114.352619766, 30.536630981]]]}, "properties": {"id": 3752, "land_type": "教育用地"}}, {"type": "Feature", "geometry": {"type": "Polygon", "coordinates": [[[114.353142207, 30.538121791], [114.353014224, 30.538161388], [114.353011377, 30.538162332], [114.35281223, 30.538232864], [114.352602874, 30.538057842], [114.352581871, 30.538018835], [114.352533142, 30.537888245], [114.352530649, 30.537882594], [114.352527488, 30.537877198], [114.352523692, 30.537872114], [114.352519303, 30.537867398], [114.352459302, 30.537809397], [114.352455061, 30.537805651], [114.352450443, 30.537802249], [114.35244549, 30.537799219], [114.352440238, 30.537796587], [114.352434735, 30.537794371], [114.35242902, 30.537792593], [114.35233202, 30.537766593], [114.352325727, 30.537765189], [114.352319307, 30.537764314], [114.352171871, 30.537750461], [114.351958616, 30.537721696], [114.351943143, 30.537719529], [114.351898132, 30.537640589], [114.351857819, 30.53740351], [114.351842851, 30.537290315], [114.351851088, 30.537233474], [114.351882428, 30.537148411], [114.351982314, 30.536984177], [114.352036717, 30.536911071], [114.352151736, 30.53684794], [114.352306299, 30.536795483], [114.352424512, 30.536771089], [114.35262627, 30.536746956], [114.352807844, 30.536744089], [114.353020477, 30.536764666], [114.35302184, 30.53676474], [114.353023195, 30.536764881], [114.353024704, 30.536764911], [114.35302621, 30.536765009], [114.353026643, 30.536765], [114.353027077, 30.536765023], [114.35302844, 30.536764982], [114.353029804, 30.536765008], [114.353031311, 30.53676491], [114.353032821, 30.53676488], [114.35303325, 30.536764835], [114.353033685, 30.536764822], [114.353035037, 30.536764665], [114.353036397, 30.536764576], [114.353037885, 30.536764351], [114.353039383, 30.536764195], [114.353188384, 30.536742195], [114.353188948, 30.536742087], [114.353189522, 30.536742018], [114.353189919, 30.536741936], [114.353190321, 30.536741883], [114.353426322, 30.536700884], [114.353432391, 30.536699574], [114.353438293, 30.536697785], [114.353460532, 30.536690027], [114.353471141, 30.536701045], [114.353475304, 30.536704985], [114.35347987, 30.536708581], [114.353484797, 30.536711799], [114.353848494, 30.536927432], [114.353895957, 30.53696089], [114.353945502, 30.537048022], [114.353993672, 30.537172696], [114.354026945, 30.537321949], [114.354033582, 30.537436665], [114.354032652, 30.537466445], [114.354032666, 30.537467028], [114.354032628, 30.537467606], [114.354031649, 30.537592033], [114.354018434, 30.537710965], [114.353972613, 30.53786479], [114.353271056, 30.538081918], [114.353262379, 30.538037545], [114.353343477, 30.538036014], [114.353349312, 30.538035685], [114.353355093, 30.538034921], [114.353360775, 30.538033729], [114.353366315, 30.538032116], [114.353387316, 30.538025118], [114.353393567, 30.538022712], [114.353399505, 30.538019773], [114.353405063, 30.53801633], [114.353410188, 30.538012419], [114.353414826, 30.53800808], [114.353418927, 30.538003357], [114.353422452, 30.537998301], [114.353435452, 30.537977301], [114.35343841, 30.537971859], [114.3534407, 30.537966184], [114.353442296, 30.537960334], [114.353443182, 30.537954375], [114.353443348, 30.537948367], [114.35344279, 30.537942377], [114.353432995, 30.537878707], [114.353412621, 30.537674012], [114.353413125, 30.537668979], [114.353413353, 30.53766261], [114.353412771, 30.537656257], [114.353411383, 30.537649998], [114.353409207, 30.537643908], [114.353406207, 30.537636909], [114.353403592, 30.537631627], [114.353400384, 30.537626593], [114.353395384, 30.537619594], [114.353391516, 30.537614747], [114.353387097, 30.537610262], [114.353382174, 30.537606185], [114.353376798, 30.537602559], [114.353371023, 30.53759942], [114.353364909, 30.537596801], [114.353358518, 30.537594728], [114.353351916, 30.537593222], [114.353340916, 30.537591222], [114.353334399, 30.537590322], [114.353327811, 30.537589976], [114.353321215, 30.537590186], [114.353066565, 30.537609085], [114.352687915, 30.537624032], [114.352681448, 30.537624557], [114.352675068, 30.537625617], [114.352668837, 30.5376272], [114.352638838, 30.537636201], [114.352632707, 30.537638337], [114.352626849, 30.537640979], [114.352621318, 30.537644104], [114.352616171, 30.537647682], [114.352611456, 30.537651676], [114.352607218, 30.53765605], [114.352603499, 30.53766076], [114.352600333, 30.537665761], [114.352597753, 30.537671006], [114.352595781, 30.537676444], [114.352594438, 30.537682022], [114.352590438, 30.537704021], [114.352589772, 30.537709193], [114.352589646, 30.537714395], [114.352590062, 30.537719586], [114.352627062, 30.537998586], [114.35262812, 30.538004151], [114.352629801, 30.538009601], [114.352632087, 30.538014885], [114.352634959, 30.538019953], [114.352638388, 30.538024757], [114.352642342, 30.538029252], [114.352646785, 30.538033395], [114.352659785, 30.538044395], [114.352664664, 30.538048142], [114.352669943, 30.538051462], [114.35267557, 30.538054327], [114.352681493, 30.538056709], [114.352687657, 30.538058585], [114.352694003, 30.538059938], [114.352700471, 30.538060755], [114.352707001, 30.538061028], [114.352725, 30.538061028], [114.352728752, 30.538060939], [114.353126572, 30.538041829], [114.353142207, 30.538121791]]]}, "properties": {"id": 3753, "land_type": "教育用地"}}, {"type": "Feature", "geometry": {"type": "Polygon", "coordinates": [[[114.349867164, 30.537750863], [114.349369427, 30.537987727], [114.349156562, 30.537687256], [114.34907124, 30.537548843], [114.349028231, 30.537405482], [114.349026402, 30.537400372], [114.349024035, 30.537395428], [114.348935035, 30.537231428], [114.348934455, 30.537230482], [114.348933944, 30.537229508], [114.348899812, 30.537172216], [114.349289577, 30.536973364], [114.349349915, 30.536944012], [114.349867164, 30.537750863]]]}, "properties": {"id": 3754, "land_type": "交通枢纽用地"}}, {"type": "Feature", "geometry": {"type": "Polygon", "coordinates": [[[114.353298872, 30.537889956], [114.353299082, 30.537891285], [114.353299211, 30.537892623], [114.353303527, 30.537920683], [114.353181524, 30.537922986], [114.353180389, 30.537923055], [114.353179248, 30.537923061], [114.35275537, 30.537943423], [114.352728209, 30.537738621], [114.353074085, 30.537724967], [114.353075433, 30.537724857], [114.353076785, 30.537724815], [114.353280928, 30.537709663], [114.353298872, 30.537889956]]]}, "properties": {"id": 3755, "land_type": "体育与文化用地"}}, {"type": "Feature", "geometry": {"type": "Polygon", "coordinates": [[[114.348813491, 30.53728154], [114.348899327, 30.537439711], [114.34894277, 30.537584518], [114.348945198, 30.53759101], [114.348948493, 30.537597212], [114.349038493, 30.537743212], [114.349040487, 30.537746226], [114.349251376, 30.538043905], [114.34817902, 30.538554214], [114.348179679, 30.538551318], [114.348180304, 30.538545649], [114.348180281, 30.538539955], [114.348179611, 30.53853429], [114.348178298, 30.538528708], [114.348176358, 30.538523264], [114.348173807, 30.53851801], [114.34817067, 30.538512997], [114.347743797, 30.537904309], [114.347741332, 30.537894555], [114.347739587, 30.537888998], [114.347737213, 30.537883619], [114.347734232, 30.537878467], [114.347667619, 30.537776396], [114.348025129, 30.537599925], [114.348649354, 30.537299949], [114.348652373, 30.537298454], [114.348783663, 30.537231473], [114.348813491, 30.53728154]]]}, "properties": {"id": 3756, "land_type": "居住用地"}}, {"type": "Feature", "geometry": {"type": "Polygon", "coordinates": [[[114.35142045, 30.53783762], [114.351646103, 30.537863809], [114.351648852, 30.537864079], [114.351761498, 30.537873114], [114.351899957, 30.537891641], [114.351901125, 30.537891788], [114.35201091, 30.537904786], [114.352231192, 30.537930951], [114.352320434, 30.537948221], [114.35235548, 30.537969248], [114.352384576, 30.537999691], [114.352422836, 30.538076477], [114.35245932, 30.538157159], [114.352460553, 30.538159704], [114.352488291, 30.538213357], [114.352520476, 30.538334299], [114.352446936, 30.53835979], [114.35180104, 30.538561446], [114.351799754, 30.53856186], [114.351503452, 30.538660296], [114.351326102, 30.538709921], [114.351263264, 30.538656646], [114.351263003, 30.538656426], [114.351209118, 30.538611232], [114.351176883, 30.538555974], [114.351161324, 30.538472125], [114.351160529, 30.538398147], [114.351187539, 30.538354157], [114.351328523, 30.538125186], [114.351331162, 30.538120377], [114.351333281, 30.53811538], [114.351372281, 30.538008381], [114.351373777, 30.538003558], [114.351374787, 30.537998642], [114.351375303, 30.53799367], [114.35137532, 30.537988677], [114.351373321, 30.537945677], [114.35137273, 30.537939996], [114.351371495, 30.537934393], [114.351369627, 30.53792892], [114.351367145, 30.537923632], [114.351364072, 30.537918579], [114.351336072, 30.53787758], [114.351332674, 30.537873092], [114.35132881, 30.537868894], [114.351324514, 30.53786502], [114.35131982, 30.537861504], [114.351314771, 30.537858376], [114.351309408, 30.537855662], [114.351303777, 30.537853387], [114.351297927, 30.537851568], [114.351287651, 30.537848827], [114.351342271, 30.53783575], [114.35142045, 30.53783762]]]}, "properties": {"id": 3757, "land_type": "公园与绿地用地"}}, {"type": "Feature", "geometry": {"type": "Polygon", "coordinates": [[[114.35055148, 30.53952683], [114.350368014, 30.539510288], [114.350361413, 30.539509973], [114.350354808, 30.539510219], [114.350348262, 30.539511019], [114.350341838, 30.539512369], [114.350335599, 30.539514254], [114.350329604, 30.539516657], [114.350323912, 30.539519556], [114.35031936, 30.539522426], [114.350569262, 30.539190016], [114.350576771, 30.539179186], [114.350905442, 30.538663631], [114.350937014, 30.538614177], [114.350941454, 30.538606809], [114.350958444, 30.538576902], [114.350975531, 30.538641071], [114.350977155, 30.538646112], [114.350979299, 30.538651007], [114.350981945, 30.538655715], [114.350985074, 30.538660199], [114.351063117, 30.538761428], [114.351101638, 30.538811715], [114.35111797, 30.538876387], [114.351123257, 30.538936844], [114.351112992, 30.539069051], [114.351094721, 30.539202029], [114.351064648, 30.53927276], [114.351030233, 30.539315199], [114.351024603, 30.539314561], [114.350743415, 30.53927667], [114.350736527, 30.539276052], [114.350729603, 30.539276046], [114.350722714, 30.539276653], [114.350715934, 30.539277865], [114.350709335, 30.53927967], [114.350702985, 30.539282049], [114.350660986, 30.539300049], [114.350655605, 30.539302626], [114.35065052, 30.539305614], [114.350645773, 30.539308991], [114.350641404, 30.539312726], [114.350637448, 30.539316789], [114.350598448, 30.539360789], [114.350595018, 30.539365041], [114.350592039, 30.53936954], [114.350589539, 30.539374249], [114.350587537, 30.539379131], [114.350586048, 30.539384147], [114.35055148, 30.53952683]]]}, "properties": {"id": 3758, "land_type": "居住用地"}}, {"type": "Feature", "geometry": {"type": "Polygon", "coordinates": [[[114.361156606, 30.530540736], [114.361077551, 30.530749337], [114.360780566, 30.531000813], [114.360538965, 30.531102646], [114.359471434, 30.531523679], [114.358865614, 30.530027884], [114.358390609, 30.528855872], [114.358389287, 30.528852879], [114.35827214, 30.528608139], [114.358644722, 30.528619335], [114.35898739, 30.528641802], [114.359327823, 30.528670621], [114.359564244, 30.528700423], [114.359570515, 30.528700956], [114.359837388, 30.528712861], [114.359963242, 30.528725381], [114.360069609, 30.528752226], [114.360925071, 30.529014656], [114.361100719, 30.529074109], [114.361106732, 30.529100172], [114.361112393, 30.529404859], [114.361099388, 30.529429475], [114.361059246, 30.529450137], [114.360986038, 30.5294631], [114.360901898, 30.529452489], [114.360724642, 30.52934982], [114.360640284, 30.529232452], [114.360636419, 30.529227636], [114.360632011, 30.529223179], [114.360627103, 30.529219128], [114.360621747, 30.529215525], [114.360615998, 30.529212403], [114.360522997, 30.529167403], [114.36051711, 30.529164871], [114.360510964, 30.529162847], [114.360504618, 30.529161349], [114.360498133, 30.529160391], [114.360393133, 30.52914939], [114.360386406, 30.529148979], [114.360379665, 30.529149148], [114.360372977, 30.529149898], [114.36036641, 30.529151219], [114.360360028, 30.5291531], [114.360264028, 30.5291861], [114.36025815, 30.529188407], [114.360252556, 30.52919119], [114.360247296, 30.52919442], [114.36024242, 30.52919807], [114.360088499, 30.529324939], [114.359946008, 30.529365041], [114.359524457, 30.529367969], [114.359518638, 30.529368226], [114.359512866, 30.529368916], [114.359507185, 30.529370032], [114.359308185, 30.529417031], [114.359306201, 30.529417529], [114.359094775, 30.529473523], [114.358885683, 30.529485086], [114.358879114, 30.52948573], [114.358872649, 30.529486924], [114.358866352, 30.529488659], [114.358860283, 30.529490918], [114.358854499, 30.529493677], [114.358849057, 30.529496912], [114.358844009, 30.529500591], [114.358839406, 30.529504677], [114.358835289, 30.529509134], [114.358831698, 30.529513916], [114.358828669, 30.529518978], [114.358826231, 30.529524273], [114.358824407, 30.529529747], [114.358823214, 30.529535349], [114.358822665, 30.529541023], [114.358822765, 30.529546719], [114.358823511, 30.529552377], [114.358824899, 30.529557945], [114.358826913, 30.52956337], [114.358829535, 30.529568598], [114.358832739, 30.52957358], [114.358836494, 30.529578267], [114.358840765, 30.529582615], [114.35884551, 30.52958658], [114.358850684, 30.529590126], [114.358856236, 30.529593219], [114.358862112, 30.529595829], [114.358868259, 30.529597929], [114.358874613, 30.529599499], [114.358881117, 30.529600527], [114.358887706, 30.529601], [114.358894317, 30.529600914], [114.359111317, 30.529588913], [114.359119142, 30.529588082], [114.3591268, 30.52958647], [114.359344813, 30.529528732], [114.359534337, 30.529483971], [114.359957543, 30.529481032], [114.35996444, 30.529480679], [114.359971257, 30.529479719], [114.359977925, 30.529478164], [114.360144926, 30.529431163], [114.360150567, 30.52942933], [114.360155995, 30.529427072], [114.360161167, 30.529424404], [114.360166042, 30.529421348], [114.360170581, 30.529417929], [114.360326125, 30.529289722], [114.360393969, 30.529266401], [114.360468628, 30.529274222], [114.360534859, 30.52930627], [114.360617716, 30.529421549], [114.360621795, 30.529426604], [114.360626473, 30.529431257], [114.360631695, 30.529435457], [114.360637406, 30.529439158], [114.360839405, 30.529556159], [114.360844542, 30.529558855], [114.360849937, 30.529561147], [114.360855549, 30.529563014], [114.360861332, 30.529564443], [114.360867239, 30.529565421], [114.360978239, 30.529579421], [114.360984071, 30.529579934], [114.360989933, 30.52958001], [114.36099578, 30.529579645], [114.361001568, 30.529578844], [114.361097567, 30.529561845], [114.361104855, 30.529560184], [114.361111882, 30.529557831], [114.361118559, 30.529554817], [114.36118656, 30.529519817], [114.361192207, 30.529516567], [114.361197445, 30.529512843], [114.361202223, 30.529508685], [114.361206489, 30.529504133], [114.361210201, 30.529499233], [114.361213323, 30.529494038], [114.361241323, 30.529441037], [114.361243553, 30.529436268], [114.361245282, 30.529431348], [114.361246501, 30.529426315], [114.361247197, 30.52942121], [114.361247366, 30.529416072], [114.361241901, 30.529121897], [114.361388023, 30.529171357], [114.361403763, 30.529207585], [114.361156606, 30.530540736]]]}, "properties": {"id": 3778, "land_type": "居住用地"}}, {"type": "Feature", "geometry": {"type": "Polygon", "coordinates": [[[114.350294371, 30.529301221], [114.350568954, 30.529312811], [114.350585235, 30.53003901], [114.350533079, 30.529991242], [114.350528014, 30.529987062], [114.350522473, 30.529983359], [114.350516514, 30.529980171], [114.350510203, 30.529977536], [114.350334204, 30.529913536], [114.350328255, 30.529911652], [114.350322129, 30.529910257], [114.350315876, 30.529909364], [114.350092772, 30.529886743], [114.350130652, 30.529297501], [114.350294371, 30.529301221]]]}, "properties": {"id": 3816, "land_type": "居住用地"}}, {"type": "Feature", "geometry": {"type": "Polygon", "coordinates": [[[114.352746898, 30.530142527], [114.352961416, 30.530145803], [114.352961129, 30.530172654], [114.35295933, 30.530333934], [114.352957529, 30.530490726], [114.352956029, 30.530626045], [114.352953529, 30.53085684], [114.35295313, 30.530891422], [114.35294583, 30.531546343], [114.35294523, 30.531603155], [114.352943229, 30.531780838], [114.352942628, 30.531835071], [114.352862458, 30.531841901], [114.352486375, 30.531834363], [114.352486375, 30.531827], [114.352486357, 30.531826698], [114.352486371, 30.531826395], [114.352480381, 30.531331339], [114.352483201, 30.531221383], [114.352524574, 30.531070325], [114.352525922, 30.531063708], [114.352526374, 30.531057], [114.352526374, 30.531003], [114.352526323, 30.531000745], [114.352519366, 30.530846702], [114.352517372, 30.530554658], [114.352517299, 30.530553509], [114.352517303, 30.530552357], [114.352495474, 30.530139925], [114.352746898, 30.530142527]]]}, "properties": {"id": 3817, "land_type": "教育用地"}}, {"type": "Feature", "geometry": {"type": "Polygon", "coordinates": [[[114.350056511, 30.532144161], [114.350049955, 30.532144903], [114.350043515, 30.532146194], [114.350037254, 30.532148024], [114.350031231, 30.532150373], [114.350025504, 30.532153219], [114.350020129, 30.532156535], [114.350015157, 30.53216029], [114.350010636, 30.532164445], [114.35000661, 30.532168962], [114.350003117, 30.532173798], [114.350000192, 30.532178905], [114.349997861, 30.532184234], [114.349996148, 30.532189736], [114.34999507, 30.532195355], [114.349994636, 30.532201036], [114.349994851, 30.532206728], [114.349995712, 30.532212374], [114.349997212, 30.532217922], [114.349999336, 30.532223314], [114.350002064, 30.532228503], [114.350005367, 30.532233435], [114.350009218, 30.532238065], [114.350013576, 30.532242348], [114.3500184, 30.532246242], [114.350023646, 30.53224971], [114.350029259, 30.532252719], [114.350035188, 30.532255238], [114.350041376, 30.532257246], [114.350047762, 30.532258721], [114.350054285, 30.53225965], [114.350415567, 30.532295522], [114.350364707, 30.532772405], [114.35033372, 30.532796629], [114.35029321, 30.532828337], [114.34979501, 30.533217658], [114.349689001, 30.532924093], [114.349686414, 30.532917408], [114.349248581, 30.531858162], [114.349265195, 30.531780252], [114.349267864, 30.531762832], [114.34926848, 30.531745268], [114.349267037, 30.53172774], [114.349263551, 30.531710427], [114.349258056, 30.531693505], [114.349142755, 30.531397004], [114.349142471, 30.531396377], [114.349142254, 30.53139573], [114.349006754, 30.53105603], [114.348999125, 30.531039655], [114.348989611, 30.531024031], [114.34897831, 30.531009315], [114.348965338, 30.530995661], [114.348950829, 30.530983207], [114.34893493, 30.530972082], [114.348934429, 30.530971799], [114.348815695, 30.530670301], [114.348322161, 30.529379718], [114.348322374, 30.529376], [114.348322374, 30.529285478], [114.348322612, 30.529283844], [114.348332144, 30.529256521], [114.348350649, 30.529241144], [114.348505834, 30.529196246], [114.348963634, 30.529063894], [114.349611406, 30.52888423], [114.349680352, 30.529073847], [114.349687755, 30.529105471], [114.349689452, 30.529111194], [114.349691813, 30.529116739], [114.349694817, 30.529122047], [114.349698432, 30.529127066], [114.34970262, 30.529131741], [114.349718721, 30.529147942], [114.349723038, 30.529151896], [114.349727767, 30.529155486], [114.349738126, 30.529162636], [114.349449172, 30.529152019], [114.34944256, 30.529152056], [114.349435984, 30.52915265], [114.349429508, 30.529153798], [114.349423194, 30.529155487], [114.349417102, 30.529157699], [114.349412883, 30.529159672], [114.349303926, 30.52915699], [114.349297315, 30.529157107], [114.34929075, 30.529157782], [114.349284293, 30.529159007], [114.349278006, 30.529160771], [114.34927195, 30.529163059], [114.349266186, 30.529165846], [114.349260764, 30.529169106], [114.349255741, 30.52917281], [114.349251162, 30.529176918], [114.349247073, 30.529181394], [114.349243514, 30.529186192], [114.349240517, 30.529191269], [114.349238113, 30.529196574], [114.349236324, 30.529202057], [114.349235167, 30.529207665], [114.349234654, 30.529213343], [114.34923479, 30.529219037], [114.349235573, 30.529224692], [114.349236995, 30.529230253], [114.349239044, 30.529235668], [114.349241699, 30.529240884], [114.349244935, 30.529245851], [114.34924872, 30.52925052], [114.349253019, 30.529254847], [114.349257789, 30.529258791], [114.349262985, 30.529262313], [114.349268557, 30.529265379], [114.34927445, 30.529267961], [114.34928061, 30.529270031], [114.349286974, 30.529271572], [114.349293485, 30.529272568], [114.349300076, 30.52927301], [114.349624724, 30.529281001], [114.349870754, 30.529289278], [114.349884802, 30.529730132], [114.349880303, 30.529877271], [114.349866256, 30.529937487], [114.349793537, 30.529980222], [114.349763553, 30.529986525], [114.349452856, 30.529999029], [114.349452214, 30.529999058], [114.349287213, 30.530007058], [114.349280228, 30.530007714], [114.34927336, 30.530008991], [114.349266683, 30.530010879], [114.349251684, 30.530015878], [114.349245751, 30.530018145], [114.349240099, 30.530020893], [114.34923478, 30.530024096], [114.349229844, 30.530027725], [114.349225335, 30.530031747], [114.349221298, 30.530036123], [114.349217767, 30.530040814], [114.349214778, 30.530045775], [114.349206778, 30.530060775], [114.349204392, 30.530065873], [114.349202577, 30.530071141], [114.349201347, 30.530076535], [114.349200717, 30.530082004], [114.349197717, 30.530132004], [114.349197627, 30.530135159], [114.349198628, 30.530449159], [114.349198969, 30.530454846], [114.349199958, 30.530460478], [114.349201582, 30.530465999], [114.349203826, 30.530471355], [114.34920667, 30.530476496], [114.349210084, 30.530481374], [114.349214037, 30.530485938], [114.349218491, 30.530490147], [114.349223402, 30.53049396], [114.349228723, 30.530497341], [114.349234404, 30.530500255], [114.349240389, 30.530502676], [114.34924662, 30.53050458], [114.349253037, 30.530505948], [114.349259581, 30.530506769], [114.349266186, 30.530507032], [114.349272788, 30.530506737], [114.349279326, 30.530505886], [114.349285735, 30.530504487], [114.349291954, 30.530502553], [114.349297923, 30.530500105], [114.349303585, 30.530497164], [114.349308884, 30.530493758], [114.349313771, 30.530489922], [114.349318198, 30.530485692], [114.349322123, 30.530481108], [114.349325506, 30.530476216], [114.349328316, 30.530471061], [114.349330526, 30.530465694], [114.349332115, 30.530460165], [114.349333067, 30.53045453], [114.349333374, 30.530448841], [114.349332397, 30.530142132], [114.349521645, 30.530132328], [114.349524432, 30.530132133], [114.349716932, 30.530115233], [114.349726075, 30.530113878], [114.349783111, 30.530101887], [114.349789212, 30.530101363], [114.349842212, 30.530094363], [114.349848587, 30.530093247], [114.349854806, 30.530091606], [114.349860815, 30.530089458], [114.349866552, 30.53008682], [114.349969552, 30.530033821], [114.349970245, 30.530033459], [114.350037331, 30.529997989], [114.350290616, 30.530023672], [114.350444677, 30.530079693], [114.350541922, 30.530168757], [114.35054713, 30.530173045], [114.350552841, 30.530176828], [114.350558989, 30.530180065], [114.350587983, 30.53019355], [114.350578435, 30.530684426], [114.350565984, 30.531322285], [114.350498662, 30.531527629], [114.350497257, 30.531532812], [114.35049641, 30.531538085], [114.350489014, 30.531607351], [114.349994906, 30.531553585], [114.349677359, 30.531506799], [114.349670795, 30.531506115], [114.349664186, 30.531505989], [114.349657593, 30.531506422], [114.349651081, 30.531507408], [114.349644713, 30.53150894], [114.349638551, 30.531511003], [114.349632652, 30.531513576], [114.349627075, 30.531516633], [114.349621871, 30.531520148], [114.349617094, 30.531524085], [114.349612788, 30.531528407], [114.349608993, 30.531533069], [114.349605748, 30.531538032], [114.349603083, 30.531543244], [114.349601024, 30.531548656], [114.349599591, 30.531554215], [114.349598797, 30.531559869], [114.349598651, 30.531565563], [114.349599153, 30.531571241], [114.349600299, 30.53157685], [114.349602078, 30.531582335], [114.349604472, 30.531587643], [114.349607459, 30.531592724], [114.34961101, 30.531597529], [114.34961509, 30.53160201], [114.34961966, 30.531606125], [114.349624677, 30.531609835], [114.349630092, 30.531613103], [114.349635852, 30.531615898], [114.349641903, 30.531618193], [114.349648186, 30.531619966], [114.349654641, 30.531621201], [114.349973641, 30.531668202], [114.349976556, 30.531668575], [114.350476665, 30.531722995], [114.350446809, 30.532002585], [114.350427897, 30.532179914], [114.350069715, 30.532144349], [114.350063118, 30.532143976], [114.350056511, 30.532144161]]]}, "properties": {"id": 3818, "land_type": "商业服务用地"}}, {"type": "Feature", "geometry": {"type": "Polygon", "coordinates": [[[114.354012767, 30.531147217], [114.354006222, 30.531148021], [114.3539998, 30.531149375], [114.353993561, 30.531151263], [114.35398757, 30.53115367], [114.35398188, 30.53115657], [114.353976548, 30.531159938], [114.353971624, 30.53116374], [114.353967156, 30.531167938], [114.353963188, 30.531172493], [114.353959759, 30.531177362], [114.353956898, 30.531182497], [114.353954636, 30.531187848], [114.353952995, 30.531193365], [114.353951988, 30.531198993], [114.353951628, 30.53120468], [114.353951915, 30.531210369], [114.35395285, 30.531216007], [114.353954421, 30.531221539], [114.353956613, 30.531226912], [114.353959407, 30.531232074], [114.353962775, 30.531236975], [114.353966685, 30.531241567], [114.353971097, 30.531245808], [114.353975972, 30.531249656], [114.353981261, 30.531253074], [114.353986913, 30.531256029], [114.353992874, 30.531258492], [114.353999087, 30.53126044], [114.354005492, 30.531261855], [114.354012026, 30.531262721], [114.354018628, 30.531263032], [114.354063834, 30.531263247], [114.354063527, 30.531329029], [114.354063427, 30.53134509], [114.354063427, 30.5313454], [114.354063427, 30.531360886], [114.354062526, 30.531557872], [114.354062328, 30.531606782], [114.354060926, 30.531908868], [114.354060044, 30.532112739], [114.354050738, 30.532112975], [114.353916945, 30.532113904], [114.353827255, 30.532092378], [114.353747479, 30.532070535], [114.353634444, 30.532028993], [114.353423432, 30.531944389], [114.35342219, 30.531943954], [114.353420981, 30.531943456], [114.353321785, 30.531907746], [114.353164543, 30.531846976], [114.353184081, 30.531762314], [114.353184147, 30.531761931], [114.35318425, 30.531761555], [114.353184631, 30.531759115], [114.353185051, 30.531756681], [114.353185072, 30.531756294], [114.353185132, 30.531755911], [114.353185234, 30.53175345], [114.353185374, 30.531750992], [114.353185352, 30.531750607], [114.353185368, 30.53175022], [114.353182384, 30.531559313], [114.353184354, 30.531489408], [114.353184348, 30.531489212], [114.353184364, 30.531489016], [114.353197352, 30.530850643], [114.353200322, 30.53078527], [114.353200357, 30.530784292], [114.353206356, 30.530552292], [114.353206355, 30.530552239], [114.353206359, 30.530552185], [114.35321336, 30.530257239], [114.353216185, 30.530147934], [114.353302128, 30.530148233], [114.353302981, 30.53014823], [114.35332988, 30.530148031], [114.353330033, 30.53014803], [114.353660833, 30.53014493], [114.353661283, 30.530144925], [114.353786871, 30.530143024], [114.354068973, 30.530138844], [114.354068428, 30.530266179], [114.354068012, 30.530358106], [114.353415058, 30.530365973], [114.353412572, 30.530366108], [114.353410084, 30.530366192], [114.353409274, 30.530366287], [114.35340846, 30.530366331], [114.353406001, 30.530366677], [114.353403534, 30.530366969], [114.35340274, 30.530367134], [114.353401934, 30.530367246], [114.353399526, 30.530367796], [114.353397104, 30.530368297], [114.353396332, 30.530368527], [114.353395543, 30.530368707], [114.35339321, 30.530369458], [114.353390855, 30.530370161], [114.353390114, 30.530370455], [114.353389349, 30.5303707], [114.353387113, 30.530371645], [114.35338485, 30.530372543], [114.353384146, 30.530372898], [114.353383413, 30.530373208], [114.353381294, 30.530374336], [114.353379144, 30.530375421], [114.353378484, 30.530375834], [114.35337779, 30.530376203], [114.353375809, 30.530377505], [114.353373794, 30.530378766], [114.353373183, 30.530379233], [114.353372534, 30.530379659], [114.353370713, 30.530381122], [114.35336885, 30.530382547], [114.353368296, 30.530383063], [114.353367698, 30.530383543], [114.353366051, 30.530385152], [114.353364359, 30.530386728], [114.353363866, 30.530387288], [114.353363327, 30.530387815], [114.353361872, 30.530389556], [114.353360366, 30.530391268], [114.35335994, 30.530391867], [114.353359463, 30.530392437], [114.353358212, 30.530394293], [114.35335691, 30.530396121], [114.353356553, 30.530396755], [114.353356144, 30.530397362], [114.353355111, 30.530399315], [114.353354022, 30.530401245], [114.353353739, 30.530401904], [114.3533534, 30.530402544], [114.353352594, 30.530404574], [114.353351731, 30.530406588], [114.353351524, 30.530407268], [114.353351261, 30.530407933], [114.35335069, 30.530410021], [114.353350059, 30.530412097], [114.353349931, 30.530412791], [114.353349744, 30.530413477], [114.353349413, 30.530415602], [114.353349022, 30.530417722], [114.353348974, 30.530418424], [114.353348866, 30.53041912], [114.353348778, 30.530421265], [114.35334863, 30.530423407], [114.35334363, 30.530844406], [114.353343643, 30.530844703], [114.353343626, 30.530845], [114.353343626, 30.530873], [114.353344098, 30.530879847], [114.353348098, 30.530908847], [114.353348993, 30.530913624], [114.353350346, 30.530918321], [114.353352149, 30.530922903], [114.353365149, 30.530951903], [114.353367854, 30.530957151], [114.353371149, 30.530962143], [114.353375, 30.530966829], [114.353379371, 30.530971166], [114.353384217, 30.530975108], [114.353389492, 30.530978619], [114.353414492, 30.530993619], [114.353420723, 30.53099694], [114.353427338, 30.530999658], [114.353458338, 30.531010658], [114.353463952, 30.531012403], [114.353469725, 30.531013715], [114.353475609, 30.531014581], [114.35351261, 30.531018581], [114.353520661, 30.531019031], [114.353982662, 30.531021031], [114.353982977, 30.53102102], [114.353983291, 30.531021031], [114.354065002, 30.531020728], [114.354064391, 30.531147183], [114.354019372, 30.531146969], [114.354012767, 30.531147217]]]}, "properties": {"id": 3819, "land_type": "教育用地"}}, {"type": "Feature", "geometry": {"type": "Polygon", "coordinates": [[[114.35139585, 30.530810026], [114.351713625, 30.530816849], [114.351734393, 30.530821465], [114.351735183, 30.530823832], [114.351713896, 30.531215694], [114.351709907, 30.531235636], [114.3516991, 30.53125782], [114.351677392, 30.531276238], [114.351620946, 30.531317878], [114.351511958, 30.531382104], [114.351506569, 30.531385636], [114.351501617, 30.531389615], [114.351456617, 30.531429615], [114.351451879, 30.531434305], [114.35144775, 30.531439405], [114.351444279, 30.531444855], [114.351420279, 30.531487856], [114.351417301, 30.531494096], [114.351405301, 30.531524096], [114.351403153, 30.531530719], [114.351401929, 30.531537514], [114.351388103, 30.531662927], [114.351382061, 30.531697458], [114.351378499, 30.531707928], [114.3513386, 30.531697477], [114.351332877, 30.531696212], [114.351327047, 30.531695383], [114.350785835, 30.531639304], [114.350900667, 30.530806096], [114.35139585, 30.530810026]]]}, "properties": {"id": 3820, "land_type": "居住用地"}}, {"type": "Feature", "geometry": {"type": "Polygon", "coordinates": [[[114.350829015, 30.532543442], [114.35082254, 30.532544145], [114.350816173, 30.532545385], [114.350809977, 30.532547149], [114.350804007, 30.532549422], [114.350798322, 30.532552181], [114.350792973, 30.532555403], [114.35078801, 30.532559053], [114.350622428, 30.532693367], [114.350692707, 30.532266141], [114.350692747, 30.532265779], [114.350692822, 30.532265419], [114.350769281, 30.53175449], [114.351305069, 30.531810007], [114.35133608, 30.531818129], [114.35124107, 30.532008148], [114.351127656, 30.532166537], [114.351124776, 30.532170984], [114.351078777, 30.532249984], [114.351076112, 30.532255182], [114.35107405, 30.53226058], [114.351036383, 30.532378287], [114.350981387, 30.532459469], [114.350911167, 30.532525946], [114.350911061, 30.532526057], [114.350910943, 30.532526158], [114.350878239, 30.532557429], [114.350877512, 30.532556849], [114.350872315, 30.532553447], [114.350866761, 30.532550496], [114.350860901, 30.53254802], [114.350854791, 30.532546045], [114.350848488, 30.532544588], [114.35084205, 30.532543664], [114.350835539, 30.532543281], [114.350829015, 30.532543442]]]}, "properties": {"id": 3823, "land_type": "居住用地"}}, {"type": "Feature", "geometry": {"type": "Polygon", "coordinates": [[[114.35309847, 30.532158075], [114.353095975, 30.532158131], [114.35309517, 30.532158216], [114.353094359, 30.532158251], [114.353091891, 30.532158568], [114.353089414, 30.532158833], [114.353088622, 30.532158987], [114.353087819, 30.532159089], [114.353085399, 30.532159613], [114.353082965, 30.532160087], [114.353082193, 30.532160306], [114.353081406, 30.532160476], [114.353079057, 30.532161202], [114.353076689, 30.532161878], [114.353075947, 30.532162162], [114.353075182, 30.532162398], [114.353072928, 30.532163318], [114.353070648, 30.532164191], [114.35306994, 30.532164537], [114.353069206, 30.532164836], [114.353067068, 30.532165942], [114.353064898, 30.532167003], [114.353064235, 30.532167407], [114.353063537, 30.532167767], [114.353061534, 30.532169048], [114.353059495, 30.532170288], [114.353058881, 30.532170745], [114.353058229, 30.532171162], [114.353056381, 30.532172606], [114.353054494, 30.532174012], [114.353053934, 30.532174518], [114.353053332, 30.532174989], [114.353051658, 30.532176582], [114.353049939, 30.53217814], [114.353049441, 30.532178692], [114.353048896, 30.532179211], [114.353047409, 30.532180938], [114.353045877, 30.532182633], [114.353045443, 30.532183224], [114.353044961, 30.532183787], [114.353043678, 30.53218563], [114.353042346, 30.532187448], [114.353041981, 30.532188074], [114.353041564, 30.532188673], [114.353040498, 30.532190617], [114.353039378, 30.532192537], [114.353039087, 30.53219319], [114.35303874, 30.532193823], [114.352881741, 30.532520823], [114.352881266, 30.532521968], [114.352880716, 30.532523088], [114.352785717, 30.532747088], [114.352784941, 30.532749239], [114.352784115, 30.532751377], [114.352783961, 30.532751958], [114.352783756, 30.532752526], [114.352783229, 30.532754733], [114.352782648, 30.532756929], [114.352782563, 30.532757521], [114.352782423, 30.532758104], [114.352782149, 30.532760345], [114.352781822, 30.532762579], [114.352752822, 30.53308958], [114.352752797, 30.533090372], [114.352752707, 30.533091162], [114.352735813, 30.533388302], [114.352706868, 30.533607802], [114.352098138, 30.533606115], [114.352088884, 30.533572954], [114.352091838, 30.533533073], [114.352107376, 30.533480419], [114.352188712, 30.53329423], [114.352376339, 30.532900013], [114.352376995, 30.532898579], [114.352494448, 30.532631823], [114.352704206, 30.532214285], [114.352719136, 30.532192329], [114.352719908, 30.532191056], [114.35272075, 30.532189816], [114.352815972, 30.532032408], [114.352853395, 30.531990731], [114.352860724, 30.531984585], [114.352874417, 30.53198902], [114.352903958, 30.532009183], [114.352910358, 30.532013054], [114.352917237, 30.532016258], [114.352979736, 30.532041458], [114.352980889, 30.532041868], [114.352981923, 30.5320423], [114.35298363, 30.532042842], [114.352985543, 30.532043521], [114.353373443, 30.532163421], [114.353375854, 30.532164123], [114.35359133, 30.532222915], [114.353688906, 30.532249609], [114.35369531, 30.532251067], [114.35370185, 30.532251976], [114.353708461, 30.532252327], [114.353811162, 30.532253428], [114.353953376, 30.532254927], [114.353954608, 30.53225493], [114.354126891, 30.532254033], [114.354635256, 30.532258096], [114.354635162, 30.532334606], [114.354053201, 30.532344969], [114.353677478, 30.532345956], [114.353606164, 30.532337566], [114.353238296, 30.532201679], [114.353199922, 30.532183895], [114.353194598, 30.532181682], [114.35318907, 30.532179879], [114.353122068, 30.532160879], [114.353121286, 30.532160693], [114.353120521, 30.532160458], [114.353118101, 30.532159937], [114.353115695, 30.532159365], [114.353114895, 30.532159247], [114.353114107, 30.532159077], [114.353111638, 30.532158762], [114.353109179, 30.532158397], [114.35310837, 30.532158347], [114.353107567, 30.532158245], [114.353105074, 30.532158141], [114.353102586, 30.532157984], [114.353101773, 30.532158003], [114.353100962, 30.532157969], [114.35309847, 30.532158075]]]}, "properties": {"id": 3824, "land_type": "教育用地"}}, {"type": "Feature", "geometry": {"type": "Polygon", "coordinates": [[[114.348303788, 30.531121376], [114.348292134, 30.531153773], [114.34828691, 30.531171565], [114.348283889, 30.531189731], [114.348283105, 30.53120807], [114.348284567, 30.531226378], [114.348288256, 30.531244453], [114.348294135, 30.531262092], [114.348408363, 30.531547207], [114.348523789, 30.531837423], [114.348530966, 30.531852983], [114.348539844, 30.531867876], [114.348550342, 30.531881968], [114.348562364, 30.531895124], [114.348575797, 30.531907225], [114.348590518, 30.531918159], [114.348601547, 30.531924876], [114.348852956, 30.532599322], [114.34885365, 30.532601149], [114.34898955, 30.532952348], [114.348989732, 30.532952816], [114.349080869, 30.533186128], [114.347953132, 30.532407715], [114.347952186, 30.532407075], [114.347447186, 30.532071074], [114.347441489, 30.532067671], [114.346982489, 30.531822671], [114.346977189, 30.53182012], [114.346341061, 30.531545495], [114.345672919, 30.531235893], [114.345671895, 30.531235428], [114.345455894, 30.531139427], [114.345455495, 30.531139252], [114.34499383, 30.530937399], [114.344886054, 30.530888968], [114.344986688, 30.530708659], [114.345000246, 30.530705047], [114.345443539, 30.530908326], [114.34544951, 30.530910749], [114.345455727, 30.530912656], [114.345462131, 30.530914031], [114.345468661, 30.530914858], [114.345475254, 30.530915134], [114.345481845, 30.53091485], [114.345488372, 30.530914013], [114.345494774, 30.530912629], [114.345500989, 30.530910713], [114.345506955, 30.530908283], [114.345512616, 30.530905362], [114.345517919, 30.530901977], [114.345522812, 30.530898161], [114.345527247, 30.530893951], [114.345531183, 30.530889388], [114.345534582, 30.530884514], [114.345537411, 30.530879378], [114.345539644, 30.530874028], [114.345558444, 30.530820928], [114.345560156, 30.530814984], [114.345561132, 30.530808918], [114.345561359, 30.530802797], [114.345560837, 30.530796689], [114.34555957, 30.530790663], [114.345557574, 30.530784786], [114.345450274, 30.530521385], [114.345447845, 30.530516229], [114.345444853, 30.530511295], [114.345441326, 30.530506631], [114.345437297, 30.53050228], [114.345432803, 30.530498282], [114.345427884, 30.530494672], [114.345422587, 30.530491485], [114.34541696, 30.53048875], [114.345411054, 30.530486491], [114.345404924, 30.530484731], [114.345398627, 30.530483484], [114.345392219, 30.530482762], [114.345385762, 30.530482572], [114.345379313, 30.530482917], [114.345372931, 30.530483792], [114.345366677, 30.530485189], [114.344986977, 30.530586989], [114.344985916, 30.530587324], [114.344984836, 30.530587597], [114.344982956, 30.530588162], [114.344918789, 30.53060526], [114.344912287, 30.530607313], [114.344906065, 30.530609931], [114.344900186, 30.530613085], [114.344894715, 30.530616741], [114.344889709, 30.530620863], [114.34488522, 30.530625404], [114.344881296, 30.530630319], [114.344877979, 30.530635556], [114.34476637, 30.530835528], [114.344672738, 30.530793915], [114.344509163, 30.530701333], [114.344449564, 30.530591249], [114.344385867, 30.530431518], [114.344368033, 30.530384746], [114.344467465, 30.530370852], [114.344483101, 30.530368118], [114.344498437, 30.53036433], [114.345674237, 30.530030131], [114.345676246, 30.53002955], [114.345898742, 30.529964074], [114.345898551, 30.529964373], [114.345890552, 30.529978373], [114.345890022, 30.529979322], [114.345884022, 30.529990322], [114.345881574, 30.529995425], [114.345879703, 30.530000705], [114.345878421, 30.530006113], [114.345877742, 30.530011604], [114.345877705, 30.530014497], [114.345547892, 30.53011318], [114.345541761, 30.530115311], [114.345535901, 30.530117948], [114.345530369, 30.530121068], [114.345525221, 30.53012464], [114.345520501, 30.53012863], [114.34551626, 30.530132999], [114.345512535, 30.530137705], [114.345509365, 30.530142701], [114.345506778, 30.530147944], [114.3455048, 30.530153377], [114.345503451, 30.530158953], [114.345502741, 30.530164615], [114.34550268, 30.53017031], [114.345503267, 30.530175982], [114.345504496, 30.530181578], [114.345506357, 30.530187043], [114.345508831, 30.530192325], [114.345511893, 30.530197372], [114.345515515, 30.530202136], [114.345519661, 30.530206572], [114.345524294, 30.530210636], [114.345529365, 30.53021429], [114.345534828, 30.530217498], [114.34554063, 30.530220228], [114.345546715, 30.530222457], [114.345553024, 30.530224161], [114.345559497, 30.530225324], [114.34556607, 30.530225935], [114.345572681, 30.530225987], [114.345579266, 30.530225481], [114.345585763, 30.530224423], [114.345592108, 30.53022282], [114.345907423, 30.530128473], [114.346072671, 30.53058416], [114.346026896, 30.530624368], [114.346022162, 30.530628994], [114.346018024, 30.530634027], [114.34601453, 30.53063941], [114.346011719, 30.530645083], [114.345997719, 30.530678083], [114.345995874, 30.530683136], [114.345994572, 30.530688312], [114.345993823, 30.530693569], [114.345985823, 30.530783569], [114.345985653, 30.530789632], [114.345986219, 30.530795678], [114.345987513, 30.530801638], [114.345989523, 30.530807451], [114.345992227, 30.53081305], [114.346012226, 30.530849051], [114.346015546, 30.53085431], [114.346019477, 30.530859247], [114.346023978, 30.530863809], [114.346029, 30.530867948], [114.346034492, 30.530871619], [114.346069491, 30.530892619], [114.346078014, 30.530896967], [114.346391014, 30.531030967], [114.346397072, 30.531033249], [114.34640336, 30.531035008], [114.346409818, 30.531036227], [114.346416385, 30.531036896], [114.346422995, 30.531037007], [114.346429587, 30.531036559], [114.346436095, 30.531035557], [114.346442458, 30.531034011], [114.346448615, 30.531031934], [114.346454505, 30.531029348], [114.346460074, 30.531026276], [114.346465265, 30.53102275], [114.346470031, 30.531018802], [114.346474324, 30.531014471], [114.346478103, 30.531009798], [114.346481333, 30.531004829], [114.346483982, 30.530999611], [114.346486024, 30.530994195], [114.34648744, 30.530988632], [114.346488216, 30.530982976], [114.346488344, 30.530977281], [114.346487825, 30.530971605], [114.346486661, 30.530965998], [114.346484867, 30.530960517], [114.346482456, 30.530955215], [114.346479452, 30.53095014], [114.346475887, 30.530945345], [114.346471793, 30.530940873], [114.34646721, 30.530936768], [114.346462181, 30.53093307], [114.346456757, 30.530929814], [114.346450987, 30.530927033], [114.346142434, 30.530794936], [114.346126098, 30.530785135], [114.346121552, 30.530776953], [114.346127468, 30.530710406], [114.346133288, 30.530696686], [114.346186763, 30.530649716], [114.346345438, 30.530597713], [114.346376087, 30.53067636], [114.346431045, 30.53081925], [114.34643117, 30.530819528], [114.346431265, 30.530819814], [114.346432362, 30.530822182], [114.34643343, 30.530824562], [114.346433586, 30.530824827], [114.346433713, 30.530825103], [114.346435074, 30.53082737], [114.346436408, 30.530829647], [114.346436593, 30.530829898], [114.346436752, 30.530830163], [114.346438364, 30.530832302], [114.34643995, 30.530834455], [114.346440162, 30.53083469], [114.34644035, 30.53083494], [114.346442198, 30.530836933], [114.346444022, 30.530838942], [114.34644426, 30.530839158], [114.346444475, 30.53083939], [114.346446541, 30.530841217], [114.346448585, 30.530843064], [114.346448847, 30.530843258], [114.346449087, 30.53084347], [114.346451351, 30.530845116], [114.346453595, 30.53084678], [114.346453877, 30.530846952], [114.346454142, 30.530847143], [114.346456581, 30.530848588], [114.346459004, 30.530850055], [114.346459304, 30.530850202], [114.346459589, 30.530850371], [114.346462182, 30.530851603], [114.34646476, 30.530852858], [114.346465075, 30.530852978], [114.346465378, 30.530853122], [114.346468099, 30.53085413], [114.346470806, 30.530855161], [114.346471135, 30.530855254], [114.346471451, 30.530855372], [114.346474274, 30.530856145], [114.346477086, 30.530856944], [114.346477423, 30.530857009], [114.346477752, 30.530857099], [114.346480649, 30.53085763], [114.346483537, 30.530858186], [114.346483881, 30.530858223], [114.346484219, 30.530858285], [114.346487162, 30.530858568], [114.346490101, 30.530858878], [114.346490447, 30.530858886], [114.34649079, 30.530858919], [114.346493751, 30.530858953], [114.346496711, 30.530859013], [114.346497055, 30.530858992], [114.346497401, 30.530858995], [114.346500351, 30.530858779], [114.346503305, 30.530858591], [114.346503645, 30.530858539], [114.346503989, 30.530858513], [114.3465069, 30.53085805], [114.346509818, 30.530857611], [114.34651015, 30.530857532], [114.346510491, 30.530857477], [114.346513335, 30.53085677], [114.346516188, 30.530856088], [114.34651651, 30.530855981], [114.346516843, 30.530855898], [114.347119842, 30.530677898], [114.347125984, 30.530675789], [114.347131857, 30.530673173], [114.347137403, 30.530670073], [114.347142571, 30.53066652], [114.347147308, 30.530662547], [114.347151571, 30.530658194], [114.347155318, 30.530653501], [114.347158512, 30.530648515], [114.347161124, 30.530643283], [114.347163128, 30.530637856], [114.347164506, 30.530632286], [114.347165242, 30.530626627], [114.347165332, 30.530620932], [114.347164771, 30.530615257], [114.34716357, 30.530609657], [114.347161735, 30.530604185], [114.347159287, 30.530598895], [114.347156249, 30.530593837], [114.34715265, 30.53058906], [114.347148525, 30.530584609], [114.347143913, 30.530580528], [114.347138859, 30.530576856], [114.347133411, 30.53057363], [114.347127623, 30.530570877], [114.347121549, 30.530568627], [114.347115248, 30.530566901], [114.347108781, 30.530565715], [114.347102211, 30.530565081], [114.347095601, 30.530565004], [114.347089012, 30.530565485], [114.34708251, 30.530566521], [114.347076158, 30.530568101], [114.34653755, 30.530727093], [114.346524913, 30.530694239], [114.347039886, 30.530541885], [114.347046026, 30.530539774], [114.347051896, 30.530537153], [114.347057441, 30.53053405], [114.347062605, 30.530530493], [114.34706734, 30.530526518], [114.347071598, 30.530522161], [114.347075342, 30.530517467], [114.347078533, 30.530512479], [114.347081141, 30.530507246], [114.347083141, 30.530501818], [114.347084513, 30.530496247], [114.347085245, 30.530490587], [114.34708533, 30.530484893], [114.347084766, 30.530479218], [114.347083559, 30.530473619], [114.347081721, 30.530468148], [114.347079268, 30.530462859], [114.347076227, 30.530457802], [114.347072623, 30.530453028], [114.347068494, 30.530448579], [114.347063879, 30.530444501], [114.347058822, 30.530440832], [114.347053372, 30.530437608], [114.347047581, 30.53043486], [114.347041506, 30.530432613], [114.347035204, 30.530430891], [114.347028736, 30.530429708], [114.347022165, 30.530429078], [114.347015554, 30.530429005], [114.347008965, 30.530429491], [114.347002466, 30.53043053], [114.346996115, 30.530432114], [114.346482281, 30.530584131], [114.346471888, 30.53055746], [114.346931713, 30.530415636], [114.346932138, 30.530415484], [114.346932579, 30.530415363], [114.347799053, 30.530136532], [114.347903436, 30.530104638], [114.348201813, 30.530832013], [114.348303788, 30.531121376]]]}, "properties": {"id": 3821, "land_type": "医疗卫生用地"}}, {"type": "Feature", "geometry": {"type": "Polygon", "coordinates": [[[114.352215174, 30.532880211], [114.351934804, 30.533314918], [114.351932017, 30.533319757], [114.351929764, 30.533324797], [114.351877365, 30.533460598], [114.351875783, 30.53346537], [114.351874681, 30.533470241], [114.351874066, 30.533475174], [114.351866365, 30.533578275], [114.351866294, 30.533584602], [114.351867023, 30.533590898], [114.351868544, 30.533597088], [114.351920344, 30.533762788], [114.351920941, 30.533764395], [114.351921413, 30.533765867], [114.351921866, 30.533766878], [114.351922278, 30.533767987], [114.351923109, 30.533769661], [114.351923788, 30.533771182], [114.351924296, 30.533772051], [114.35192477, 30.533773007], [114.352009252, 30.533923164], [114.352069108, 30.534089516], [114.352130995, 30.534277267], [114.352122734, 30.53440333], [114.352117971, 30.53447674], [114.352055903, 30.534575851], [114.351901535, 30.534822341], [114.351865383, 30.534874979], [114.351811376, 30.534947037], [114.351529821, 30.534762833], [114.349992107, 30.533751544], [114.349979576, 30.533715614], [114.349978575, 30.533713186], [114.349977771, 30.533710704], [114.349904821, 30.533521985], [114.349866026, 30.533414367], [114.349866015, 30.533414332], [114.349856907, 30.533389092], [114.34995506, 30.53330801], [114.35019184, 30.533150156], [114.350273237, 30.533097546], [114.350351392, 30.533047811], [114.350506883, 30.533008706], [114.350514052, 30.533006517], [114.350520889, 30.533003647], [114.350527306, 30.533000133], [114.350666306, 30.532914132], [114.350670852, 30.532911057], [114.350675075, 30.532907656], [114.350881982, 30.532726143], [114.350928199, 30.532766733], [114.350933003, 30.532770562], [114.350938214, 30.532773969], [114.350943785, 30.532776926], [114.350949663, 30.532779403], [114.350955791, 30.532781378], [114.350962114, 30.532782831], [114.35096857, 30.532783749], [114.3509751, 30.532784122], [114.35098164, 30.532783949], [114.35098813, 30.53278323], [114.350994509, 30.532781972], [114.351000715, 30.532780187], [114.351006692, 30.532777893], [114.351012381, 30.532775109], [114.351017731, 30.532771863], [114.351022689, 30.532768185], [114.351068265, 30.532730914], [114.35108497, 30.532744376], [114.351085991, 30.532745121], [114.351086958, 30.532745916], [114.351088511, 30.532746961], [114.351090014, 30.532748058], [114.351091113, 30.532748714], [114.351092168, 30.532749422], [114.351093832, 30.532750332], [114.351095452, 30.532751297], [114.351096623, 30.532751856], [114.351097751, 30.532752473], [114.351099511, 30.532753237], [114.351101233, 30.53275406], [114.351102461, 30.532754519], [114.351103655, 30.532755037], [114.351105493, 30.532755649], [114.351107301, 30.532756323], [114.351108575, 30.532756674], [114.351109822, 30.53275709], [114.351111721, 30.532757544], [114.351113596, 30.532758062], [114.351114905, 30.532758305], [114.351116193, 30.532758613], [114.351118134, 30.532758904], [114.35112006, 30.532759262], [114.351121389, 30.532759392], [114.351122706, 30.53275959], [114.351124672, 30.532759717], [114.351126629, 30.532759909], [114.351127966, 30.532759927], [114.3511293, 30.532760013], [114.35113127, 30.532759972], [114.35113324, 30.532759999], [114.351134573, 30.532759905], [114.35113591, 30.532759877], [114.351137865, 30.532759671], [114.35113983, 30.532759532], [114.351141145, 30.532759324], [114.351142473, 30.532759184], [114.351144395, 30.532758813], [114.351146334, 30.532758508], [114.351147619, 30.532758193], [114.351148924, 30.53275794], [114.351150796, 30.532757409], [114.351152691, 30.532756942], [114.351153934, 30.532756519], [114.351155204, 30.532756157], [114.351157006, 30.532755471], [114.351158838, 30.532754846], [114.351160027, 30.532754319], [114.35116125, 30.532753853], [114.351162965, 30.532753018], [114.351164718, 30.532752242], [114.351165842, 30.532751617], [114.351167006, 30.532751049], [114.351168618, 30.532750073], [114.351170272, 30.532749153], [114.351171319, 30.532748437], [114.351172414, 30.532747774], [114.351173907, 30.532746666], [114.351175449, 30.53274561], [114.351176409, 30.532744809], [114.351177424, 30.532744057], [114.351405116, 30.532557592], [114.351417594, 30.532568235], [114.351417646, 30.53256828], [114.351511646, 30.53264828], [114.351513477, 30.532649781], [114.351532477, 30.532664781], [114.3515375, 30.532668376], [114.351542903, 30.532671537], [114.351620904, 30.532712536], [114.351626294, 30.532715086], [114.351631932, 30.532717202], [114.351637772, 30.532718868], [114.351643764, 30.532720066], [114.351649856, 30.53272079], [114.351656, 30.532721032], [114.351784, 30.532721032], [114.351790605, 30.532720753], [114.351797145, 30.532719916], [114.351803559, 30.532718532], [114.351809784, 30.532716614], [114.35181576, 30.53271418], [114.351821431, 30.532711252], [114.351826743, 30.532707859], [114.351831641, 30.532704034], [114.351836081, 30.532699815], [114.35184002, 30.532695241], [114.351843419, 30.532690357], [114.351846245, 30.532685208], [114.351848474, 30.532679845], [114.35185008, 30.532674322], [114.351851049, 30.532668688], [114.351851374, 30.532663], [114.351851049, 30.532657312], [114.35185008, 30.532651679], [114.351848474, 30.532646154], [114.351846245, 30.532640792], [114.351843419, 30.532635645], [114.35184002, 30.53263076], [114.351836081, 30.532626185], [114.351831641, 30.532621966], [114.351826743, 30.532618141], [114.351821431, 30.532614749], [114.35181576, 30.532611821], [114.351809784, 30.532609386], [114.351803559, 30.532607467], [114.351797145, 30.532606084], [114.351790605, 30.532605248], [114.351784, 30.532604969], [114.351674934, 30.532604969], [114.351618692, 30.532575405], [114.351605454, 30.532564955], [114.35151238, 30.532485743], [114.351478408, 30.532456765], [114.35147348, 30.532452955], [114.351468142, 30.532449582], [114.351462445, 30.532446676], [114.351451444, 30.532441676], [114.35144524, 30.532439194], [114.351438776, 30.532437267], [114.351426776, 30.532434268], [114.351420611, 30.532432994], [114.351414334, 30.532432225], [114.351408, 30.532431969], [114.351396, 30.532431969], [114.351388926, 30.53243229], [114.351381931, 30.532433248], [114.35137509, 30.532434834], [114.351368482, 30.532437029], [114.351362178, 30.532439811], [114.351350178, 30.53244581], [114.351345725, 30.532448242], [114.351341506, 30.532450966], [114.351331507, 30.532457966], [114.351327577, 30.532460943], [114.351301657, 30.532482171], [114.351298871, 30.532477922], [114.351295071, 30.53247326], [114.35129076, 30.532468944], [114.351285978, 30.53246501], [114.351280771, 30.532461501], [114.35127519, 30.532458448], [114.351269289, 30.532455879], [114.351263123, 30.532453822], [114.351256753, 30.532452296], [114.35125024, 30.532451314], [114.351243647, 30.532450888], [114.351237038, 30.532451019], [114.351230475, 30.532451709], [114.351224021, 30.532452948], [114.351217741, 30.532454727], [114.351211692, 30.532457028], [114.351205934, 30.532459827], [114.351200524, 30.532463101], [114.351195511, 30.532466815], [114.351067589, 30.532571427], [114.351055549, 30.532561724], [114.351085833, 30.532533054], [114.351090312, 30.532528339], [114.351094193, 30.532523246], [114.351157193, 30.532430246], [114.351159906, 30.532425811], [114.351162165, 30.53242119], [114.351163952, 30.53241642], [114.351202193, 30.532296919], [114.351243897, 30.532225295], [114.351358343, 30.532065464], [114.351362879, 30.532057955], [114.351476879, 30.531829955], [114.351477155, 30.531829317], [114.351477486, 30.5318287], [114.351477722, 30.531828115], [114.351478009, 30.531827547], [114.351478564, 30.531826072], [114.351479193, 30.53182462], [114.351479396, 30.531823962], [114.351479655, 30.531823319], [114.351512655, 30.53172632], [114.351514622, 30.531718649], [114.351521621, 30.531678649], [114.351522071, 30.531675486], [114.351535314, 30.531555367], [114.351543421, 30.531535098], [114.351560987, 30.531503626], [114.351593654, 30.531474589], [114.351700043, 30.531411895], [114.351705825, 30.531408076], [114.351766825, 30.531363077], [114.351770281, 30.531360342], [114.351803281, 30.531332343], [114.351807789, 30.531328119], [114.351811791, 30.531323533], [114.351815248, 30.531318629], [114.351818125, 30.531313455], [114.351837126, 30.531274455], [114.351839677, 30.531268258], [114.351841395, 30.531261853], [114.351847396, 30.531231853], [114.351848301, 30.531224713], [114.3518703, 30.530819712], [114.351870245, 30.530813402], [114.351869393, 30.530807134], [114.351867758, 30.530800984], [114.351856756, 30.530767984], [114.351854707, 30.530762777], [114.351852093, 30.53075776], [114.35184894, 30.530752979], [114.351845277, 30.530748477], [114.351841134, 30.530744293], [114.351836551, 30.530740466], [114.351831567, 30.530737028], [114.351807567, 30.530722029], [114.351802285, 30.530719044], [114.351796702, 30.530716498], [114.351790868, 30.530714412], [114.351784831, 30.530712807], [114.351739832, 30.530702807], [114.351732315, 30.530701524], [114.351724679, 30.530700985], [114.351398679, 30.530693985], [114.35139762, 30.53069397], [114.35089362, 30.530689969], [114.35088422, 30.530690462], [114.35083122, 30.530696463], [114.350829706, 30.5306967], [114.350828179, 30.530696867], [114.350826455, 30.530697208], [114.350824715, 30.530697481], [114.350823235, 30.530697844], [114.350821735, 30.530698141], [114.350820058, 30.530698625], [114.350818357, 30.530699044], [114.350816925, 30.53069953], [114.350815467, 30.530699952], [114.350813853, 30.530700575], [114.350812207, 30.530701135], [114.350810839, 30.530701741], [114.350809434, 30.530702283], [114.350807899, 30.530703041], [114.350806326, 30.530703736], [114.350805033, 30.530704455], [114.350803697, 30.530705113], [114.350802255, 30.530705995], [114.350800768, 30.530706821], [114.350799563, 30.530707646], [114.350798307, 30.530708414], [114.350796974, 30.530709414], [114.350795589, 30.530710361], [114.350794483, 30.530711282], [114.350793321, 30.530712153], [114.350792108, 30.530713262], [114.350790837, 30.53071432], [114.35078984, 30.530715331], [114.350788784, 30.530716295], [114.350787702, 30.530717501], [114.350786558, 30.530718662], [114.350785682, 30.530719752], [114.35078474, 30.530720801], [114.350783801, 30.530722091], [114.350782794, 30.530723344], [114.350782047, 30.530724503], [114.350781228, 30.530725627], [114.350780441, 30.53072699], [114.350779582, 30.530728322], [114.350778968, 30.530729539], [114.350778282, 30.530730726], [114.350777654, 30.530732149], [114.35077695, 30.530733547], [114.350776478, 30.530734809], [114.350775931, 30.530736047], [114.350775467, 30.530737518], [114.350774926, 30.530738968], [114.350774601, 30.530740265], [114.350774197, 30.530741544], [114.350773903, 30.530743046], [114.350773528, 30.530744535], [114.350773352, 30.530745852], [114.350773097, 30.530747159], [114.350701891, 30.531263813], [114.350713163, 30.530686375], [114.350722547, 30.530203985], [114.350779732, 30.530201986], [114.350782468, 30.530201773], [114.350785206, 30.530201601], [114.350785759, 30.530201519], [114.350786318, 30.530201476], [114.350789016, 30.530201033], [114.350791721, 30.53020063], [114.350792262, 30.530200502], [114.350792814, 30.530200412], [114.350795448, 30.530199745], [114.350798094, 30.530199115], [114.350798618, 30.530198941], [114.350799156, 30.530198805], [114.350801702, 30.530197918], [114.350804265, 30.530197069], [114.350804766, 30.530196852], [114.350805287, 30.530196671], [114.350807719, 30.530195573], [114.350810171, 30.530194511], [114.350810646, 30.530194253], [114.350811144, 30.530194028], [114.350813439, 30.530192732], [114.350815761, 30.530191467], [114.350816203, 30.53019117], [114.350816672, 30.530190905], [114.350818809, 30.530189421], [114.350820975, 30.530187967], [114.350821382, 30.530187633], [114.350821818, 30.53018733], [114.350823777, 30.530185672], [114.350825766, 30.530184042], [114.350826133, 30.530183676], [114.350826534, 30.530183337], [114.350828294, 30.530181522], [114.350830089, 30.530179733], [114.350830411, 30.530179337], [114.350830771, 30.530178966], [114.350832316, 30.530177011], [114.350833899, 30.530175078], [114.350834176, 30.530174657], [114.350834491, 30.530174258], [114.350835807, 30.530172182], [114.350837161, 30.530170124], [114.350837389, 30.530169683], [114.350837657, 30.530169258], [114.35083873, 30.530167081], [114.350839844, 30.530164919], [114.35084002, 30.530164461], [114.350840239, 30.530164015], [114.350841059, 30.530161758], [114.350841922, 30.530159512], [114.350842045, 30.530159041], [114.350842213, 30.53015858], [114.350842772, 30.530156264], [114.350843374, 30.530153957], [114.350843444, 30.530153477], [114.350843558, 30.530153004], [114.350843851, 30.530150652], [114.350844188, 30.530148305], [114.350844202, 30.530147822], [114.350844262, 30.530147341], [114.350844285, 30.530144976], [114.350844355, 30.530142612], [114.350842399, 30.530072244], [114.350853338, 30.529780899], [114.350863312, 30.529521562], [114.350875025, 30.529339054], [114.350878884, 30.529321571], [114.351188543, 30.52932921], [114.351521541, 30.529343957], [114.351522041, 30.529343978], [114.351852007, 30.529356476], [114.351836663, 30.529888996], [114.35182615, 30.530093535], [114.351812079, 30.530126862], [114.351757926, 30.530218727], [114.351757581, 30.530219322], [114.351698581, 30.530322321], [114.351695951, 30.530327546], [114.351693926, 30.530332967], [114.351692529, 30.530338534], [114.351691772, 30.530344192], [114.351691663, 30.530349886], [114.351692201, 30.530355562], [114.351693384, 30.530361166], [114.351695198, 30.530366642], [114.351697627, 30.53037194], [114.351700646, 30.530377005], [114.351704228, 30.530381792], [114.351708337, 30.530386254], [114.351712933, 30.530390348], [114.351717975, 30.530394033], [114.35172341, 30.530397275], [114.351729189, 30.530400042], [114.351735255, 30.530402309], [114.35174155, 30.530404052], [114.351748012, 30.530405256], [114.35175458, 30.530405907], [114.35176119, 30.530406001], [114.35176778, 30.530405537], [114.351774286, 30.530404519], [114.351780643, 30.530402957], [114.351786793, 30.530400864], [114.351792675, 30.530398264], [114.351798232, 30.530395179], [114.351803412, 30.530391639], [114.351808164, 30.530387679], [114.351812442, 30.530383337], [114.351816207, 30.530378655], [114.35181942, 30.530373678], [114.351878248, 30.530270976], [114.351934074, 30.530176274], [114.351937317, 30.530169835], [114.351956317, 30.530124835], [114.351958325, 30.530119206], [114.35195966, 30.530113429], [114.351960308, 30.530107567], [114.351971307, 30.529893567], [114.351971353, 30.52989244], [114.351986667, 30.529360917], [114.352098215, 30.529364065], [114.352112142, 30.529383759], [114.35214652, 30.529484804], [114.352176467, 30.529629128], [114.352170925, 30.529691253], [114.3521708, 30.529692992], [114.3521621, 30.529853391], [114.352162342, 30.529861713], [114.352167542, 30.529907813], [114.352168618, 30.529913932], [114.352170444, 30.529919917], [114.352172999, 30.529925701], [114.352176254, 30.529931218], [114.352180173, 30.529936405], [114.352251025, 30.530020051], [114.352284244, 30.530077508], [114.352284229, 30.530080077], [114.352282528, 30.530329058], [114.352280527, 30.530626561], [114.352278727, 30.530889557], [114.352271627, 30.531921157], [114.352271644, 30.531921486], [114.352271627, 30.531921816], [114.352274327, 30.532350015], [114.352274644, 30.532355331], [114.352311223, 30.5326785], [114.352215174, 30.532880211]]]}, "properties": {"id": 3822, "land_type": "教育用地"}}, {"type": "Feature", "geometry": {"type": "Polygon", "coordinates": [[[114.340913147, 30.548298803], [114.340913429, 30.548298812], [114.340913708, 30.548298844], [114.341349308, 30.548328404], [114.341336297, 30.548543764], [114.340497816, 30.548490391], [114.340515506, 30.548268937], [114.340913147, 30.548298803]]]}, "properties": {"id": 16969, "land_type": "商业服务用地"}}, {"type": "Feature", "geometry": {"type": "Polygon", "coordinates": [[[114.344031203, 30.555778927], [114.343998897, 30.555787625], [114.343996143, 30.555788424], [114.342952196, 30.556112637], [114.342890508, 30.556016456], [114.342885373, 30.556001568], [114.342885373, 30.555998857], [114.342887784, 30.555994759], [114.34293361, 30.555975772], [114.343068685, 30.55593593], [114.343991148, 30.555667968], [114.344031203, 30.555778927]]]}, "properties": {"id": 17122, "land_type": "教育用地"}}, {"type": "Feature", "geometry": {"type": "Polygon", "coordinates": [[[114.345417573, 30.5566989], [114.345426406, 30.556732894], [114.34502635, 30.556646717], [114.345019045, 30.556645507], [114.344959045, 30.556638508], [114.34495, 30.556637983], [114.344893, 30.556637983], [114.344889832, 30.556638046], [114.344815832, 30.556641047], [114.344807739, 30.556641799], [114.344799811, 30.556643386], [114.344523703, 30.556714037], [114.344471884, 30.556569577], [114.34453618, 30.556552877], [114.34468039, 30.556520722], [114.344710008, 30.556516166], [114.344819355, 30.556518875], [114.345387194, 30.556601976], [114.345417573, 30.5566989]]]}, "properties": {"id": 17128, "land_type": "教育用地"}}, {"type": "Feature", "geometry": {"type": "Polygon", "coordinates": [[[114.346870131, 30.556717167], [114.346439834, 30.556712686], [114.346440899, 30.556579508], [114.346502347, 30.556581934], [114.346612778, 30.556587903], [114.346620448, 30.556587942], [114.346688448, 30.556584941], [114.346688552, 30.556584937], [114.346754553, 30.556581936], [114.346759176, 30.556581588], [114.346797175, 30.556577588], [114.346802916, 30.556576766], [114.346808554, 30.556575519], [114.346814045, 30.556573859], [114.346843045, 30.55656386], [114.346844485, 30.556563296], [114.346870131, 30.556717167]]]}, "properties": {"id": 17129, "land_type": "居住用地"}}, {"type": "Feature", "geometry": {"type": "Polygon", "coordinates": [[[114.344414133, 30.556801743], [114.344423954, 30.556834892], [114.343776558, 30.557096974], [114.343517172, 30.556816157], [114.344229751, 30.556594919], [114.344309676, 30.556572773], [114.344330369, 30.55656822], [114.344414133, 30.556801743]]]}, "properties": {"id": 17130, "land_type": "教育用地"}}, {"type": "Feature", "geometry": {"type": "Polygon", "coordinates": [[[114.344238184, 30.558403182], [114.344061764, 30.558459634], [114.344049586, 30.558464129], [114.34403798, 30.558469632], [114.343743782, 30.558625833], [114.343728757, 30.558635091], [114.342716114, 30.559354379], [114.342077711, 30.558664866], [114.341662542, 30.5582151], [114.342064094, 30.557924598], [114.342187848, 30.557836771], [114.342193243, 30.557832498], [114.342198066, 30.557827746], [114.342202262, 30.55782257], [114.342268693, 30.557730305], [114.342315683, 30.557695901], [114.342737697, 30.557409571], [114.342738677, 30.557408893], [114.342854483, 30.55732726], [114.342976829, 30.557276438], [114.343111408, 30.557222608], [114.343163784, 30.55721001], [114.344238184, 30.558403182]]]}, "properties": {"id": 17131, "land_type": "教育用地"}}, {"type": "Feature", "geometry": {"type": "Polygon", "coordinates": [[[114.342612154, 30.559428224], [114.342583058, 30.55944889], [114.342527824, 30.559488122], [114.342029414, 30.559805487], [114.341429536, 30.559248395], [114.342017259, 30.558785703], [114.342612154, 30.559428224]]]}, "properties": {"id": 17132, "land_type": "医疗卫生用地"}}, {"type": "Feature", "geometry": {"type": "Polygon", "coordinates": [[[114.343077168, 30.529210655], [114.343076627, 30.529218], [114.343076627, 30.529244], [114.34307692, 30.5292494], [114.343077793, 30.529254754], [114.343079244, 30.529260015], [114.343100242, 30.529323015], [114.343102769, 30.529329239], [114.343390929, 30.529927522], [114.34298974, 30.530115368], [114.342433183, 30.53027227], [114.342386075, 30.53021103], [114.342279721, 30.529978808], [114.342025769, 30.529417914], [114.342025688, 30.529417757], [114.342025624, 30.529417595], [114.3418625, 30.529063496], [114.341835386, 30.528989903], [114.341674933, 30.528528018], [114.34171248, 30.528499589], [114.3417181, 30.528494803], [114.341723031, 30.528489482], [114.341764031, 30.528439481], [114.341768012, 30.528434001], [114.341771262, 30.528428174], [114.341831262, 30.528303173], [114.341832502, 30.528300389], [114.342018233, 30.527849046], [114.342056944, 30.527761698], [114.342059199, 30.527755629], [114.342060667, 30.527749383], [114.342070668, 30.527690383], [114.342071374, 30.527682], [114.342071374, 30.527637], [114.342071081, 30.527631599], [114.342070206, 30.527626245], [114.342068757, 30.527620984], [114.342049757, 30.527563984], [114.342048892, 30.527561797], [114.342048073, 30.527559598], [114.342047825, 30.527559103], [114.342047622, 30.527558594], [114.342046513, 30.52755649], [114.342045448, 30.52755437], [114.342017448, 30.52750537], [114.342013912, 30.52749994], [114.342009721, 30.527494868], [114.342004925, 30.52749021], [114.341848925, 30.52735421], [114.341844461, 30.527350655], [114.341839643, 30.52734746], [114.341335123, 30.527043163], [114.341321243, 30.527031503], [114.341318633, 30.5270274], [114.341315317, 30.526999553], [114.341314365, 30.526950039], [114.341313968, 30.526944634], [114.341312987, 30.526939284], [114.341311431, 30.526934035], [114.341300431, 30.526903035], [114.34129837, 30.526898053], [114.341295791, 30.526893253], [114.341292716, 30.526888675], [114.341289169, 30.526884357], [114.341285182, 30.526880335], [114.341260182, 30.526857335], [114.341258523, 30.526855861], [114.341225074, 30.526827191], [114.341225074, 30.5268243], [114.34122507, 30.526823681], [114.341225023, 30.526819912], [114.341485647, 30.526828096], [114.341486045, 30.526828093], [114.341486436, 30.526828117], [114.34204798, 30.526840078], [114.342027552, 30.527474691], [114.342027694, 30.527480385], [114.342028482, 30.527486039], [114.34202991, 30.527491601], [114.342031964, 30.527497014], [114.342034624, 30.527502228], [114.342037865, 30.527507192], [114.342041655, 30.527511859], [114.342045957, 30.527516184], [114.342050731, 30.527520124], [114.342055931, 30.527523641], [114.342061505, 30.527526704], [114.342067402, 30.527529281], [114.342073563, 30.527531347], [114.34207993, 30.527532883], [114.342086441, 30.527533874], [114.342093033, 30.527534312], [114.342099643, 30.52753419], [114.342106207, 30.527533511], [114.342112663, 30.527532281], [114.342118948, 30.527530512], [114.342125001, 30.52752822], [114.342130764, 30.527525429], [114.342136181, 30.527522164], [114.342141202, 30.527518458], [114.342145776, 30.527514346], [114.34214986, 30.527509867], [114.342153415, 30.527505065], [114.342156407, 30.527499986], [114.342158806, 30.527494679], [114.342160589, 30.527489195], [114.34216174, 30.527483587], [114.342162247, 30.527477909], [114.342184549, 30.526785108], [114.342184546, 30.526785021], [114.342184554, 30.526784934], [114.342184476, 30.526782174], [114.342184408, 30.526779414], [114.342184395, 30.526779328], [114.342184392, 30.526779241], [114.342184, 30.526776501], [114.342183619, 30.526773759], [114.342183597, 30.526773675], [114.342183585, 30.526773588], [114.342182883, 30.526770895], [114.342182191, 30.526768199], [114.342182159, 30.526768116], [114.342182137, 30.526768031], [114.342181132, 30.526765409], [114.342180137, 30.526762785], [114.342180095, 30.526762706], [114.342180064, 30.526762623], [114.342178766, 30.526760098], [114.342177476, 30.526757571], [114.342177426, 30.526757496], [114.342177387, 30.526757416], [114.342175807, 30.526755013], [114.342174235, 30.526752606], [114.342174178, 30.526752535], [114.342174128, 30.52675246], [114.342172283, 30.526750202], [114.342170446, 30.52674794], [114.34217038, 30.526747874], [114.342170322, 30.526747803], [114.342168229, 30.526745712], [114.342166143, 30.526743616], [114.34216607, 30.526743555], [114.342166004, 30.52674349], [114.342163684, 30.526741585], [114.342161369, 30.526739676], [114.34216129, 30.526739622], [114.342161217, 30.526739562], [114.342158691, 30.526737863], [114.34215617, 30.526736157], [114.342156084, 30.526736111], [114.342156004, 30.526736057], [114.342153297, 30.526734579], [114.342150595, 30.526733095], [114.342150505, 30.526733056], [114.34215042, 30.526733009], [114.342147557, 30.526731767], [114.342144698, 30.526730518], [114.342144604, 30.526730487], [114.342144515, 30.526730447], [114.342141524, 30.526729454], [114.342138538, 30.526728451], [114.342138441, 30.526728428], [114.342138346, 30.526728396], [114.342135257, 30.52672766], [114.342132171, 30.526726915], [114.342132072, 30.5267269], [114.342131974, 30.526726877], [114.342128816, 30.526726405], [114.34212566, 30.526725923], [114.34212556, 30.526725917], [114.34212546, 30.526725902], [114.342122264, 30.526725699], [114.342119067, 30.526725487], [114.342118967, 30.526725489], [114.342118866, 30.526725483], [114.341560129, 30.526713581], [114.341596016, 30.526262468], [114.341596046, 30.526261129], [114.341596157, 30.526259794], [114.34159611, 30.526258284], [114.341596144, 30.526256773], [114.341596022, 30.526255439], [114.34159598, 30.5262541], [114.341595761, 30.526252602], [114.341595624, 30.526251095], [114.34159535, 30.526249778], [114.341595156, 30.52624845], [114.341594768, 30.526246976], [114.341594459, 30.526245489], [114.341594036, 30.526244202], [114.341593693, 30.526242896], [114.341593139, 30.526241462], [114.341592662, 30.526240008], [114.341592096, 30.526238762], [114.341591605, 30.526237492], [114.34159089, 30.526236112], [114.341590251, 30.526234706], [114.341589545, 30.526233513], [114.341588912, 30.52623229], [114.341588044, 30.526230978], [114.341587247, 30.526229632], [114.341586409, 30.526228505], [114.34158564, 30.526227342], [114.341584627, 30.526226108], [114.34158368, 30.526224836], [114.341582719, 30.526223784], [114.341581821, 30.526222692], [114.341580672, 30.52622155], [114.341579587, 30.526220364], [114.341578509, 30.526219399], [114.341577491, 30.526218388], [114.341576219, 30.526217349], [114.341575002, 30.52621626], [114.341573821, 30.526215391], [114.341572692, 30.52621447], [114.341571307, 30.526213543], [114.341569973, 30.526212562], [114.341568698, 30.526211797], [114.341567472, 30.526210976], [114.341565987, 30.526210171], [114.341564548, 30.526209307], [114.341563192, 30.526208653], [114.341561878, 30.52620794], [114.34156031, 30.526207264], [114.341558778, 30.526206525], [114.341557354, 30.52620599], [114.341555965, 30.52620539], [114.341554327, 30.52620485], [114.34155272, 30.526204246], [114.341551242, 30.526203832], [114.341549791, 30.526203353], [114.341548099, 30.526202953], [114.341546431, 30.526202487], [114.341544913, 30.5262022], [114.341543415, 30.526201846], [114.341541686, 30.526201591], [114.341539972, 30.526201268], [114.34153843, 30.526201111], [114.341536898, 30.526200886], [114.341535148, 30.526200777], [114.341533406, 30.526200601], [114.341531853, 30.526200574], [114.341530303, 30.526200479], [114.340801802, 30.526186479], [114.340795268, 30.526186626], [114.34078878, 30.526187318], [114.340782401, 30.52618855], [114.340776192, 30.526190307], [114.340770207, 30.526192575], [114.340764508, 30.526195331], [114.340759145, 30.526198551], [114.340754169, 30.526202202], [114.340749627, 30.526206252], [114.340745563, 30.526210662], [114.340742014, 30.526215391], [114.340739014, 30.526220394], [114.34073659, 30.526225624], [114.340734765, 30.52623103], [114.340733559, 30.526236564], [114.340732981, 30.526242174], [114.340726993, 30.526370725], [114.340290141, 30.526353947], [114.340318842, 30.526187529], [114.340366042, 30.52591393], [114.340366692, 30.525908263], [114.340366693, 30.525902567], [114.340366047, 30.5258969], [114.340364758, 30.525891313], [114.340362842, 30.525885863], [114.340360313, 30.5258806], [114.340357197, 30.525875577], [114.340353525, 30.52587084], [114.340349333, 30.525866437], [114.340344658, 30.525862409], [114.340339549, 30.525858794], [114.340334052, 30.525855629], [114.340328222, 30.525852942], [114.340322115, 30.525850763], [114.340315787, 30.525849107], [114.340309304, 30.525847994], [114.340302724, 30.525847435], [114.340296112, 30.525847433], [114.340289532, 30.52584799], [114.340283047, 30.5258491], [114.340276719, 30.525850752], [114.340270611, 30.52585293], [114.340264779, 30.525855613], [114.34025928, 30.525858776], [114.340254167, 30.525862388], [114.340249491, 30.525866414], [114.340245296, 30.525870816], [114.340241621, 30.525875551], [114.340238503, 30.525880572], [114.340235971, 30.525885834], [114.34023405, 30.525891283], [114.340232758, 30.52589687], [114.340195444, 30.526113157], [114.339441868, 30.526017773], [114.339371978, 30.525769427], [114.339370106, 30.525763964], [114.339367622, 30.525758686], [114.33936455, 30.525753644], [114.339360919, 30.525748884], [114.339356764, 30.525744454], [114.339352123, 30.525740396], [114.339347045, 30.52573675], [114.339341575, 30.525733549], [114.339335768, 30.525730827], [114.339329679, 30.525728607], [114.339323366, 30.525726912], [114.339316892, 30.525725759], [114.339310317, 30.525725158], [114.339303706, 30.525725114], [114.339297122, 30.525725629], [114.339290627, 30.525726698], [114.339284286, 30.52572831], [114.339278158, 30.525730449], [114.339272304, 30.525733096], [114.339266778, 30.525736224], [114.339261635, 30.525739803], [114.339256925, 30.5257438], [114.339252691, 30.525748175], [114.339248977, 30.525752886], [114.339245816, 30.525757888], [114.339243239, 30.525763133], [114.339241271, 30.525768571], [114.339239933, 30.525774148], [114.339239235, 30.525779811], [114.339239185, 30.525785507], [114.339239782, 30.525791179], [114.339241023, 30.525796773], [114.339321623, 30.526083173], [114.339397527, 30.526352588], [114.339398383, 30.526355083], [114.339399214, 30.526357586], [114.33939932, 30.526357815], [114.339399399, 30.526358049], [114.339400536, 30.526360461], [114.339401648, 30.526362882], [114.339401777, 30.5263631], [114.339401884, 30.526363328], [114.33940329, 30.526365632], [114.339404672, 30.526367946], [114.339404826, 30.526368152], [114.339404958, 30.526368369], [114.339406619, 30.526370545], [114.339408258, 30.526372731], [114.339408435, 30.526372923], [114.339408592, 30.526373128], [114.339410492, 30.526375153], [114.339412371, 30.526377191], [114.339412569, 30.526377366], [114.339412748, 30.526377557], [114.339414869, 30.526379411], [114.339416972, 30.526381281], [114.339417189, 30.526381439], [114.339417389, 30.526381613], [114.339419711, 30.52638328], [114.339422016, 30.526384962], [114.339422251, 30.526385102], [114.339422469, 30.526385259], [114.339424969, 30.526386721], [114.339427454, 30.526388201], [114.339427703, 30.526388321], [114.339427939, 30.526388458], [114.339430594, 30.526389702], [114.339433236, 30.526390965], [114.339433497, 30.526391063], [114.339433747, 30.52639118], [114.33943653, 30.526392193], [114.339439304, 30.526393227], [114.339439574, 30.526393302], [114.339439837, 30.526393398], [114.339442722, 30.526394172], [114.3394456, 30.526394967], [114.339445878, 30.526395019], [114.339446149, 30.526395091], [114.339449109, 30.526395617], [114.339452063, 30.526396166], [114.340161964, 30.526496766], [114.340168471, 30.526497409], [114.34017473, 30.526497503], [114.340204736, 30.526593664], [114.340206492, 30.526598452], [114.340208719, 30.52660309], [114.340211406, 30.526607546], [114.340214528, 30.526611785], [114.340283627, 30.526697184], [114.3402892, 30.526703181], [114.3403606, 30.526770381], [114.340362947, 30.526772384], [114.340365296, 30.526774389], [114.340367862, 30.526776185], [114.340370426, 30.52677798], [114.340373185, 30.52677955], [114.340375941, 30.526781121], [114.340378865, 30.526782451], [114.340381788, 30.526783781], [114.340384848, 30.526784859], [114.340387908, 30.526785936], [114.340391077, 30.526786749], [114.340394245, 30.526787562], [114.340397491, 30.526788105], [114.340400735, 30.526788647], [114.340404026, 30.526788913], [114.340407316, 30.526789178], [114.340773916, 30.526803179], [114.340903887, 30.526808138], [114.34105993, 30.526863108], [114.341089961, 30.526878418], [114.341086054, 30.526996547], [114.341086118, 30.526999259], [114.341086168, 30.527001971], [114.341086186, 30.527002105], [114.34108619, 30.527002241], [114.341086563, 30.527004934], [114.341086921, 30.527007629], [114.341086954, 30.527007762], [114.341086973, 30.527007897], [114.341087651, 30.527010545], [114.341088315, 30.527013197], [114.341088362, 30.527013326], [114.341088397, 30.527013458], [114.341089371, 30.527016037], [114.341090334, 30.527018619], [114.341090397, 30.527018744], [114.341090445, 30.527018873], [114.34109171, 30.527021357], [114.341092962, 30.527023846], [114.341093038, 30.527023965], [114.341093101, 30.527024088], [114.341094642, 30.527026454], [114.34109617, 30.527028826], [114.34109626, 30.527028937], [114.341096338, 30.527029055], [114.34109814, 30.527031278], [114.34109993, 30.527033509], [114.341100033, 30.527033613], [114.341100123, 30.527033724], [114.34110217, 30.527035785], [114.341104206, 30.527037854], [114.341104319, 30.527037949], [114.341104423, 30.527038052], [114.341106694, 30.52703993], [114.341108955, 30.527041817], [114.341487919, 30.527328342], [114.341004055, 30.527482433], [114.340885029, 30.527518802], [114.340748358, 30.527231026], [114.340744044, 30.527223533], [114.340718043, 30.527185532], [114.340714761, 30.527181191], [114.340711043, 30.52717712], [114.340706918, 30.52717335], [114.340702419, 30.527169911], [114.340697583, 30.527166832], [114.340678582, 30.527155833], [114.340672628, 30.527152757], [114.340666338, 30.527150226], [114.34065978, 30.527148266], [114.34063578, 30.527142265], [114.340629431, 30.527140961], [114.340622966, 30.527140193], [114.340616445, 30.527139967], [114.340609929, 30.527140286], [114.340587928, 30.527142285], [114.340582441, 30.527142982], [114.340577038, 30.527144066], [114.340571757, 30.527145528], [114.340329709, 30.527222161], [114.340245732, 30.527011178], [114.340243283, 30.527005888], [114.340240244, 30.52700083], [114.340236644, 30.526996053], [114.340232518, 30.526991603], [114.340227905, 30.526987522], [114.340222851, 30.526983851], [114.340217403, 30.526980624], [114.340211614, 30.526977872], [114.34020554, 30.526975623], [114.34019924, 30.526973897], [114.340192773, 30.526972712], [114.340186201, 30.526972079], [114.34017959, 30.526972002], [114.340173002, 30.526972485], [114.340166501, 30.526973522], [114.340160149, 30.526975102], [114.340154007, 30.526977212], [114.340148135, 30.526979829], [114.34014259, 30.52698293], [114.340137424, 30.526986484], [114.340132686, 30.526990457], [114.340128424, 30.526994812], [114.340124679, 30.526999504], [114.340121484, 30.527004491], [114.340118873, 30.527009722], [114.340116869, 30.527015151], [114.340115493, 30.527020721], [114.340114757, 30.527026381], [114.340114669, 30.527032075], [114.340115229, 30.527037751], [114.340116434, 30.527043351], [114.340118268, 30.527048822], [114.340217919, 30.527299186], [114.33969526, 30.52746534], [114.339239444, 30.526381468], [114.339072541, 30.525973703], [114.339072343, 30.525973287], [114.339072187, 30.52597286], [114.339011187, 30.525830859], [114.339010111, 30.525828688], [114.339009077, 30.525826501], [114.339008813, 30.52582607], [114.33900859, 30.525825621], [114.339007273, 30.525823551], [114.339005996, 30.525821463], [114.339005684, 30.525821055], [114.339005411, 30.525820628], [114.339003863, 30.525818679], [114.339002355, 30.525816708], [114.339001999, 30.525816329], [114.339001679, 30.525815926], [114.338999917, 30.525814118], [114.338998191, 30.525812284], [114.338997793, 30.525811937], [114.338997429, 30.525811563], [114.338995471, 30.525809912], [114.338993544, 30.525808233], [114.338993108, 30.525807921], [114.338992704, 30.52580758], [114.338990567, 30.525806101], [114.338988459, 30.525804593], [114.33898799, 30.52580432], [114.338987548, 30.525804015], [114.338985253, 30.525802724], [114.338982983, 30.525801401], [114.338982486, 30.525801168], [114.338982012, 30.525800901], [114.338979581, 30.525799811], [114.338977172, 30.525798685], [114.338976649, 30.525798497], [114.338976147, 30.525798272], [114.338973603, 30.525797391], [114.338971078, 30.525796475], [114.338970537, 30.525796331], [114.338970012, 30.525796149], [114.338967381, 30.525795488], [114.338964762, 30.525794789], [114.338964208, 30.525794692], [114.338963664, 30.525794554], [114.33896097, 30.525794119], [114.338958285, 30.525793644], [114.338957723, 30.525793593], [114.338957166, 30.525793504], [114.338954436, 30.525793298], [114.338951709, 30.525793052], [114.338951143, 30.525793049], [114.33895058, 30.525793006], [114.338947838, 30.525793032], [114.338945098, 30.525793018], [114.338944534, 30.525793063], [114.338943968, 30.525793068], [114.338941243, 30.525793326], [114.338938514, 30.525793542], [114.338937958, 30.525793635], [114.338937395, 30.525793688], [114.338934714, 30.525794174], [114.338932022, 30.52579462], [114.33893148, 30.525794758], [114.338930925, 30.525794859], [114.33892831, 30.525795568], [114.338925684, 30.52579624], [114.336195162, 30.526621955], [114.33605039, 30.526190728], [114.336004643, 30.525845935], [114.336049021, 30.525518186], [114.336145372, 30.525068949], [114.336229657, 30.52506283], [114.336238883, 30.525061601], [114.336361884, 30.525037603], [114.336366501, 30.525036552], [114.336700502, 30.524949552], [114.336703325, 30.524948758], [114.337060224, 30.524840789], [114.338005124, 30.524557818], [114.33800619, 30.52455749], [114.33819619, 30.524497491], [114.338196565, 30.524497353], [114.338196954, 30.524497244], [114.33819961, 30.524496243], [114.338202278, 30.524495269], [114.338202637, 30.524495101], [114.33820301, 30.524494961], [114.338343011, 30.52443496], [114.338350231, 30.52443137], [114.338870231, 30.52413437], [114.33887097, 30.524133943], [114.339101462, 30.523998491], [114.339309639, 30.52392874], [114.339412681, 30.523932013], [114.33939723, 30.525097238], [114.339397237, 30.525097914], [114.339397227, 30.525098109], [114.33939724, 30.525098341], [114.339397251, 30.525099494], [114.339398813, 30.525148448], [114.338899548, 30.525140474], [114.338893109, 30.525140636], [114.338886718, 30.525141329], [114.338880432, 30.525142543], [114.33887431, 30.525144269], [114.338868407, 30.52514649], [114.338862777, 30.525149187], [114.338857472, 30.525152335], [114.33885254, 30.525155905], [114.338848027, 30.525159864], [114.338843973, 30.525164176], [114.338840415, 30.525168803], [114.338837388, 30.525173701], [114.338834917, 30.525178825], [114.338833025, 30.525184129], [114.33883173, 30.525189566], [114.338831043, 30.525195083], [114.338830972, 30.525200632], [114.338852171, 30.525697532], [114.338852739, 30.525703206], [114.338853948, 30.525708805], [114.338855789, 30.525714275], [114.338858244, 30.525719563], [114.338861289, 30.52572462], [114.338864894, 30.525729394], [114.338869024, 30.52573384], [114.338873642, 30.525737916], [114.3388787, 30.525741584], [114.338884152, 30.525744807], [114.338889944, 30.525747553], [114.338896021, 30.525749797], [114.338902324, 30.525751518], [114.338908792, 30.525752698], [114.338915364, 30.525753326], [114.338921974, 30.525753397], [114.338928561, 30.525752908], [114.338935062, 30.525751866], [114.338941412, 30.52575028], [114.338947551, 30.525748167], [114.33895342, 30.525745544], [114.338958963, 30.525742438], [114.338964125, 30.525738881], [114.338968858, 30.525734903], [114.338973116, 30.525730546], [114.338976856, 30.525725849], [114.338980045, 30.52572086], [114.33898265, 30.525715626], [114.338984647, 30.525710196], [114.338986017, 30.525704624], [114.338986747, 30.525698964], [114.338986828, 30.525693269], [114.338968244, 30.525257664], [114.339466851, 30.525265626], [114.339467408, 30.525265632], [114.340371809, 30.525273632], [114.34084771, 30.525277833], [114.340854317, 30.525277612], [114.340860866, 30.525276834], [114.340867296, 30.525275507], [114.340873543, 30.525273643], [114.34087955, 30.52527126], [114.340885255, 30.525268382], [114.340890606, 30.525265038], [114.34089555, 30.525261256], [114.34090004, 30.525257076], [114.340904033, 30.525252535], [114.34090749, 30.525247681], [114.340910378, 30.525242557], [114.340912669, 30.525237214], [114.340914342, 30.525231704], [114.340915378, 30.52522608], [114.340915771, 30.525220394], [114.340915514, 30.525214703], [114.34091461, 30.525209061], [114.340913069, 30.525203523], [114.340910906, 30.525198142], [114.34090814, 30.525192968], [114.340904799, 30.525188053], [114.340900916, 30.525183444], [114.340896526, 30.525179185], [114.340891673, 30.525175317], [114.340886403, 30.525171878], [114.340880767, 30.525168899], [114.340874819, 30.525166412], [114.340868618, 30.525164439], [114.34086222, 30.525162998], [114.340855691, 30.525162105], [114.340849091, 30.525161768], [114.340438226, 30.525158142], [114.340436381, 30.525094631], [114.34043642, 30.52509091], [114.340438426, 30.525087901], [114.340441476, 30.525082749], [114.340443914, 30.525077359], [114.340445719, 30.525071787], [114.340446869, 30.525066089], [114.34044887, 30.525052088], [114.340449363, 30.525046044], [114.340471929, 30.523965813], [114.340749555, 30.523974498], [114.340756166, 30.523974425], [114.340762737, 30.523973795], [114.340769205, 30.523972612], [114.340775507, 30.523970889], [114.340781582, 30.523968642], [114.340787374, 30.523965894], [114.340792824, 30.523962669], [114.340797881, 30.523959], [114.340802495, 30.523954922], [114.340806624, 30.523950473], [114.340810226, 30.523945697], [114.340813268, 30.52394064], [114.34081572, 30.523935351], [114.340817559, 30.52392988], [114.340818765, 30.523924281], [114.340819329, 30.523918606], [114.340819245, 30.523912911], [114.340818513, 30.52390725], [114.34081714, 30.523901679], [114.340815139, 30.523896251], [114.340812531, 30.523891017], [114.340809341, 30.523886028], [114.340805598, 30.523881334], [114.340801338, 30.523876978], [114.340796603, 30.523873002], [114.340796281, 30.52387278], [114.340796089, 30.523872015], [114.34079407, 30.523866592], [114.340791445, 30.523861364], [114.340788237, 30.523856385], [114.340784477, 30.523851699], [114.340780203, 30.523847354], [114.340775455, 30.52384339], [114.340770279, 30.523839847], [114.340764724, 30.523836758], [114.340758845, 30.523834152], [114.340752698, 30.523832056], [114.340746341, 30.523830488], [114.340739837, 30.523829465], [114.340733247, 30.523828995], [114.340485373, 30.523821868], [114.340485373, 30.523517], [114.340484934, 30.523510377], [114.340483619, 30.52350384], [114.340473619, 30.523466841], [114.340473171, 30.523465488], [114.340472803, 30.523464117], [114.340472265, 30.523462751], [114.340471806, 30.523461364], [114.340471206, 30.523460055], [114.340470683, 30.523458722], [114.340469993, 30.523457408], [114.340469378, 30.523456066], [114.340468632, 30.523454815], [114.34046796, 30.523453532], [114.340467124, 30.523452282], [114.340466359, 30.523450999], [114.340465475, 30.523449816], [114.340464659, 30.523448598], [114.340463685, 30.523447423], [114.340462778, 30.523446211], [114.340461764, 30.523445109], [114.340460814, 30.523443964], [114.34045971, 30.523442879], [114.34045867, 30.523441749], [114.340457535, 30.523440738], [114.340456459, 30.523439679], [114.340455238, 30.523438692], [114.340454073, 30.523437655], [114.340452829, 30.523436744], [114.340451637, 30.523435782], [114.34045031, 30.523434902], [114.340449033, 30.523433969], [114.340447691, 30.523433167], [114.340446397, 30.52343231], [114.340444974, 30.523431547], [114.340443598, 30.523430726], [114.340442171, 30.523430042], [114.340440785, 30.523429297], [114.340439284, 30.523428658], [114.340437819, 30.523427957], [114.340436322, 30.523427397], [114.340434857, 30.523426774], [114.340433291, 30.523426264], [114.340431754, 30.52342569], [114.3404302, 30.523425259], [114.340428672, 30.523424762], [114.340427055, 30.523424388], [114.34042546, 30.523423946], [114.340423864, 30.523423649], [114.340422288, 30.523423284], [114.340420635, 30.523423046], [114.340418998, 30.523422741], [114.340417376, 30.523422579], [114.340415765, 30.52342235], [114.340414094, 30.523422254], [114.34041243, 30.523422088], [114.340410797, 30.523422065], [114.340409167, 30.523421972], [114.340148403, 30.523418079], [114.340139163, 30.523416205], [114.340145357, 30.523053447], [114.340148976, 30.522964756], [114.340171564, 30.522965343], [114.340164357, 30.523064991], [114.340164269, 30.523070686], [114.340164832, 30.523076361], [114.340166036, 30.523081961], [114.340167872, 30.523087433], [114.340170322, 30.523092723], [114.340173362, 30.52309778], [114.340176962, 30.523102558], [114.340181089, 30.523107006], [114.340185703, 30.523111088], [114.340190758, 30.523114758], [114.340196206, 30.523117984], [114.340201996, 30.523120735], [114.340208072, 30.523122983], [114.340214372, 30.523124708], [114.34022084, 30.523125892], [114.340227411, 30.523126525], [114.340234022, 30.523126599], [114.340240609, 30.523126116], [114.340247111, 30.523125078], [114.340253462, 30.523123496], [114.340259603, 30.523121386], [114.340265475, 30.523118768], [114.34027102, 30.523115666], [114.340276186, 30.523112111], [114.340280922, 30.523108137], [114.340285183, 30.523103782], [114.340288928, 30.523099088], [114.340292122, 30.523094101], [114.340294732, 30.523088868], [114.340296734, 30.52308344], [114.340298108, 30.523077869], [114.340298844, 30.523072209], [114.340306847, 30.522961556], [114.340308144, 30.522960931], [114.340310365, 30.52295992], [114.340311028, 30.522959543], [114.340311722, 30.522959209], [114.340313784, 30.522957973], [114.34031588, 30.522956778], [114.340316497, 30.522956347], [114.340317149, 30.522955955], [114.340319061, 30.522954552], [114.340321011, 30.522953186], [114.340321575, 30.522952704], [114.340322179, 30.52295226], [114.340323923, 30.522950701], [114.340325708, 30.522949177], [114.340326214, 30.52294865], [114.340326766, 30.522948157], [114.340328323, 30.522946459], [114.340329926, 30.522944791], [114.340330371, 30.522944225], [114.340330863, 30.522943688], [114.34033222, 30.522941865], [114.340333625, 30.522940071], [114.340334003, 30.522939468], [114.340334432, 30.522938893], [114.340335575, 30.522936965], [114.340336769, 30.522935061], [114.340337077, 30.522934429], [114.340337438, 30.52293382], [114.340338356, 30.522931804], [114.340339329, 30.522929809], [114.340339563, 30.522929155], [114.340339852, 30.522928518], [114.340340537, 30.522926435], [114.340341278, 30.522924367], [114.340341436, 30.522923696], [114.340341652, 30.522923038], [114.340342096, 30.522920906], [114.340342598, 30.522918786], [114.34034268, 30.522918105], [114.34034282, 30.522917431], [114.340343018, 30.522915273], [114.340343277, 30.52291312], [114.340354276, 30.52273712], [114.340354322, 30.522736252], [114.34036513, 30.522496521], [114.340373347, 30.522458862], [114.340439381, 30.522366414], [114.34044289, 30.52236084], [114.340445674, 30.52235497], [114.340447695, 30.522348873], [114.340448934, 30.522342622], [114.340454934, 30.522297623], [114.340455374, 30.522291137], [114.340454969, 30.522284648], [114.340437969, 30.522151648], [114.340381966, 30.521715618], [114.340380917, 30.521709994], [114.340379233, 30.521704486], [114.340376931, 30.521699147], [114.340374033, 30.521694029], [114.340370566, 30.521689179], [114.340366564, 30.521684644], [114.340362065, 30.52168047], [114.340357113, 30.521676697], [114.340351756, 30.521673359], [114.340346044, 30.521670491], [114.340340033, 30.521668116], [114.340333782, 30.521666263], [114.340327349, 30.521664944], [114.340320797, 30.521664177], [114.34031419, 30.521663966], [114.340307592, 30.521664314], [114.340301064, 30.521665217], [114.340294669, 30.521666668], [114.340288471, 30.521668651], [114.340282529, 30.521671147], [114.340276899, 30.521674135], [114.340271636, 30.521677582], [114.34026679, 30.521681457], [114.34026241, 30.521685723], [114.340258536, 30.521690339], [114.340255205, 30.521695259], [114.34025245, 30.521700436], [114.340250298, 30.521705821], [114.340248768, 30.521711362], [114.340247877, 30.521717006], [114.340247631, 30.521722697], [114.340248036, 30.521728383], [114.340304033, 30.522164367], [114.340320202, 30.522290863], [114.340316775, 30.522316566], [114.340297624, 30.522343379], [114.340283166, 30.522342738], [114.340092176, 30.52233424], [114.339908689, 30.52232611], [114.339838254, 30.522308388], [114.339788821, 30.522289428], [114.339782617, 30.522280525], [114.339769657, 30.522227159], [114.339820318, 30.52115035], [114.339820372, 30.521148387], [114.339821371, 30.521019516], [114.339822896, 30.52090135], [114.339915197, 30.520864712], [114.339915497, 30.520864591], [114.340708589, 30.520545685], [114.340801791, 30.521113328], [114.340801973, 30.521114371], [114.340968064, 30.522008362], [114.340973351, 30.522064032], [114.340974236, 30.522069788], [114.340975784, 30.522075438], [114.340977979, 30.522080927], [114.3409808, 30.5220862], [114.340984217, 30.522091202], [114.340988199, 30.522095886], [114.340992704, 30.522100205], [114.340997687, 30.522104113], [114.341003099, 30.522107574], [114.341008885, 30.52211055], [114.341014987, 30.522113016], [114.341021344, 30.522114943], [114.341027893, 30.522116312], [114.341034569, 30.522117112], [114.341041302, 30.522117333], [114.341111816, 30.52211661], [114.341113692, 30.52211743], [114.341165692, 30.52213643], [114.341171325, 30.522138237], [114.341177122, 30.522139605], [114.341183038, 30.522140521], [114.341189024, 30.522140981], [114.34139849, 30.522148961], [114.341643259, 30.522161638], [114.341750427, 30.522183164], [114.341741034, 30.522977501], [114.341737459, 30.523125851], [114.3417163, 30.523518409], [114.341716235, 30.523520212], [114.34170993, 30.523874804], [114.341103809, 30.523853014], [114.341097198, 30.523853056], [114.341090623, 30.523853656], [114.341084148, 30.523854808], [114.341077835, 30.523856501], [114.341071745, 30.52385872], [114.341065938, 30.523861441], [114.341060467, 30.52386464], [114.341055388, 30.523868286], [114.341050747, 30.523872343], [114.341046591, 30.523876773], [114.341042957, 30.523881531], [114.341039884, 30.523886574], [114.341037399, 30.523891852], [114.341035527, 30.523897314], [114.341034284, 30.523902908], [114.341033685, 30.52390858], [114.341033734, 30.523914276], [114.34103443, 30.52391994], [114.341035767, 30.523925516], [114.341037734, 30.523930955], [114.341040309, 30.523936201], [114.341043469, 30.523941203], [114.341047182, 30.523945916], [114.341051415, 30.523950292], [114.341056124, 30.523954289], [114.341061265, 30.523957869], [114.34106679, 30.523960999], [114.341072644, 30.523963647], [114.341078771, 30.523965787], [114.341085112, 30.5239674], [114.341091606, 30.52396847], [114.34109819, 30.523968987], [114.341848994, 30.523995979], [114.342541475, 30.524024384], [114.342529474, 30.524533695], [114.341940025, 30.52452597], [114.341939839, 30.524525976], [114.341939652, 30.524525966], [114.341099652, 30.524518966], [114.341093045, 30.52451919], [114.341086495, 30.524519971], [114.341080067, 30.524521301], [114.34107382, 30.524523169], [114.341067817, 30.524525554], [114.341062112, 30.524528434], [114.341056764, 30.524531783], [114.341051822, 30.524535567], [114.341047335, 30.52453975], [114.341043346, 30.52454429], [114.341039892, 30.524549148], [114.341037008, 30.524554272], [114.341036865, 30.524554603], [114.34098354, 30.524554167], [114.340976935, 30.524554392], [114.340970385, 30.524555174], [114.340963957, 30.524556505], [114.34095771, 30.524558373], [114.340951707, 30.524560759], [114.340946003, 30.52456364], [114.340940656, 30.524566989], [114.340935715, 30.524570774], [114.340931227, 30.524574957], [114.340927239, 30.5245795], [114.340923787, 30.524584356], [114.340920902, 30.524589482], [114.340918616, 30.524594826], [114.340916949, 30.524600337], [114.340915917, 30.524605962], [114.34091553, 30.524611648], [114.340915792, 30.52461734], [114.340916699, 30.52462298], [114.340918245, 30.524628518], [114.340920412, 30.524633899], [114.340923183, 30.524639071], [114.340926528, 30.524643983], [114.340930415, 30.52464859], [114.340934809, 30.524652846], [114.340939666, 30.52465671], [114.340944938, 30.524660147], [114.340950576, 30.524663121], [114.340956526, 30.524665604], [114.34096273, 30.524667575], [114.340969129, 30.524669011], [114.340975659, 30.5246699], [114.34098226, 30.524670233], [114.341861072, 30.524677431], [114.341844926, 30.524824537], [114.341844637, 30.524828986], [114.341844745, 30.524833441], [114.341846745, 30.524862442], [114.341846794, 30.524862822], [114.341846805, 30.524863205], [114.341847151, 30.524865653], [114.341847461, 30.524868104], [114.341847552, 30.524868479], [114.341847606, 30.524868858], [114.34184823, 30.524871264], [114.341848817, 30.524873678], [114.341848951, 30.524874043], [114.341849048, 30.524874417], [114.341849943, 30.524876759], [114.341850801, 30.524879111], [114.341850975, 30.524879463], [114.341851114, 30.524879827], [114.341852272, 30.524882082], [114.341853394, 30.52488435], [114.341853607, 30.524884686], [114.341853787, 30.524885036], [114.341855195, 30.524887183], [114.34185657, 30.524889346], [114.341856821, 30.524889662], [114.34185704, 30.524889995], [114.34186804, 30.524904994], [114.341871524, 30.524909302], [114.341875446, 30.52491332], [114.341879774, 30.524917017], [114.341884473, 30.524920362], [114.341919162, 30.524942865], [114.341925339, 30.524947635], [114.341920731, 30.525097824], [114.341912293, 30.525159428], [114.341762274, 30.525174347], [114.341755401, 30.525175343], [114.341748686, 30.525176945], [114.341742198, 30.525179135], [114.341701198, 30.525195136], [114.341700156, 30.525195596], [114.341699083, 30.525195999], [114.341697217, 30.525196897], [114.341695317, 30.525197738], [114.341694333, 30.525198285], [114.34169331, 30.525198776], [114.341691556, 30.525199827], [114.34168976, 30.525200824], [114.341688842, 30.525201451], [114.341687881, 30.525202027], [114.341686254, 30.52520322], [114.341684581, 30.525204364], [114.341683739, 30.525205065], [114.341682848, 30.525205719], [114.341681365, 30.525207045], [114.341679829, 30.525208325], [114.341679072, 30.525209094], [114.341678514, 30.525209592], [114.341227729, 30.52519789], [114.341221119, 30.525197998], [114.341214552, 30.525198663], [114.341208093, 30.52519988], [114.341201804, 30.525201636], [114.341195744, 30.525203915], [114.341189973, 30.525206695], [114.341184547, 30.525209949], [114.341179516, 30.525213644], [114.34117493, 30.525217748], [114.341170834, 30.525222217], [114.341167265, 30.525227013], [114.34116426, 30.525232086], [114.341161846, 30.525237387], [114.341160046, 30.525242868], [114.34115888, 30.525248474], [114.341158357, 30.525254151], [114.341158482, 30.525259846], [114.341159254, 30.525265503], [114.341160668, 30.525271066], [114.341162707, 30.525276483], [114.341165352, 30.525281704], [114.341168579, 30.525286674], [114.341172356, 30.525291349], [114.341176646, 30.525295683], [114.341181409, 30.525299633], [114.341186598, 30.525303162], [114.341192165, 30.525306236], [114.341198054, 30.525308825], [114.341204209, 30.525310904], [114.341210571, 30.525312454], [114.341217079, 30.525313459], [114.341223671, 30.52531391], [114.34164996, 30.525324976], [114.341644731, 30.525610835], [114.341643842, 30.525614684], [114.341632859, 30.525626246], [114.341629007, 30.525630723], [114.341625671, 30.525635498], [114.341622883, 30.525640526], [114.341620667, 30.525645762], [114.341607667, 30.525681762], [114.341605984, 30.525687411], [114.341604966, 30.525693176], [114.341604626, 30.525699], [114.341604626, 30.525752], [114.341604673, 30.525754161], [114.341610786, 30.525895407], [114.341215923, 30.525860271], [114.341209321, 30.525859965], [114.341202716, 30.525860217], [114.34119617, 30.525861026], [114.341189749, 30.525862384], [114.341183514, 30.525864278], [114.341177524, 30.525866688], [114.341171837, 30.525869593], [114.341166507, 30.525872963], [114.341161587, 30.525876768], [114.341157124, 30.52588097], [114.34115316, 30.525885528], [114.341149734, 30.525890399], [114.341146879, 30.525895536], [114.341144622, 30.52590089], [114.341142985, 30.525906407], [114.341141984, 30.525912037], [114.341141627, 30.525917724], [114.341141921, 30.525923413], [114.34114286, 30.525929051], [114.341144436, 30.525934583], [114.341146633, 30.525939955], [114.341149432, 30.525945114], [114.341152803, 30.525950013], [114.341156716, 30.525954605], [114.341161134, 30.525958841], [114.341166012, 30.525962687], [114.341171303, 30.525966101], [114.341176958, 30.525969053], [114.341182922, 30.525971512], [114.341189136, 30.525973456], [114.341195542, 30.525974866], [114.341202077, 30.525975729], [114.341674078, 30.526017728], [114.341674599, 30.526017752], [114.341675115, 30.526017813], [114.342006116, 30.526042814], [114.342010256, 30.526043015], [114.342234255, 30.526048016], [114.342234739, 30.526048025], [114.342469869, 30.526051819], [114.342466277, 30.526135171], [114.34244368, 30.526625208], [114.342368171, 30.526680924], [114.342363694, 30.526684545], [114.342359619, 30.5266885], [114.342355979, 30.526692759], [114.342352805, 30.526697287], [114.342350121, 30.526702044], [114.342336121, 30.526730044], [114.34233368, 30.52673573], [114.342331939, 30.526741603], [114.342330919, 30.526747601], [114.342330631, 30.526753658], [114.342331631, 30.526829657], [114.342331726, 30.526832144], [114.342339725, 30.526959145], [114.342340312, 30.526964255], [114.34234142, 30.526969304], [114.342343043, 30.526974247], [114.342345167, 30.526979047], [114.342347776, 30.526983667], [114.342364776, 30.527010668], [114.342367943, 30.527015194], [114.342371575, 30.527019452], [114.342375641, 30.527023409], [114.342380109, 30.527027031], [114.34238494, 30.527030286], [114.342415941, 30.527049286], [114.342421116, 30.527052161], [114.342426574, 30.527054617], [114.342432271, 30.527056632], [114.342438157, 30.527058192], [114.342444183, 30.527059281], [114.342450299, 30.527059894], [114.3425333, 30.527064894], [114.342536203, 30.527065015], [114.342971202, 30.527075013], [114.342977813, 30.527074886], [114.342984376, 30.527074201], [114.342990831, 30.527072965], [114.342997113, 30.52707119], [114.343003163, 30.527068893], [114.343008923, 30.527066097], [114.343014337, 30.527062828], [114.343019353, 30.527059117], [114.343023922, 30.527055], [114.343028001, 30.527050518], [114.34303155, 30.527045713], [114.343031875, 30.527045159], [114.343031642, 30.527054788], [114.343031828, 30.527060481], [114.343032662, 30.527066131], [114.343034134, 30.527071683], [114.34303623, 30.527077084], [114.343038932, 30.527082282], [114.343042212, 30.527087228], [114.343046039, 30.527091873], [114.343050376, 30.527096171], [114.343055182, 30.527100084], [114.343060408, 30.52710357], [114.343066007, 30.527106599], [114.343071924, 30.527109142], [114.343078101, 30.527111171], [114.34308448, 30.527112671], [114.343090998, 30.527113624], [114.343097594, 30.527114021], [114.343104204, 30.527113861], [114.343110761, 30.527113144], [114.343117208, 30.527111876], [114.343123479, 30.527110069], [114.343129512, 30.527107741], [114.343135254, 30.527104917], [114.343140645, 30.52710162], [114.343145636, 30.527097884], [114.343150177, 30.527093745], [114.343154226, 30.527089242], [114.343157743, 30.52708442], [114.343160694, 30.527079323], [114.343163051, 30.527074002], [114.343164791, 30.527068508], [114.343165897, 30.527062893], [114.343166359, 30.527057211], [114.34317336, 30.526768412], [114.343173366, 30.526768076], [114.343177342, 30.526541188], [114.34317761, 30.526541624], [114.343178187, 30.526542711], [114.343179154, 30.526544141], [114.343180052, 30.526545604], [114.343180817, 30.5265466], [114.343181515, 30.526547633], [114.34318264, 30.526548975], [114.343183698, 30.526550354], [114.343184573, 30.526551281], [114.343185386, 30.52655225], [114.343211386, 30.52658025], [114.34321635, 30.526585029], [114.343221896, 30.526589307], [114.343227957, 30.526593032], [114.343260957, 30.526611032], [114.343266929, 30.526613933], [114.34327321, 30.526616298], [114.34327974, 30.526618098], [114.343286447, 30.52661932], [114.343293264, 30.526619946], [114.344317263, 30.526668945], [114.344317721, 30.526668967], [114.344722721, 30.526685966], [114.344731568, 30.526685836], [114.344787569, 30.526681836], [114.344788994, 30.526681673], [114.344790428, 30.526681579], [114.34479227, 30.526681299], [114.344794123, 30.526681088], [114.344795523, 30.526680804], [114.34479694, 30.526680589], [114.34479874, 30.526680156], [114.344800561, 30.52667979], [114.344801922, 30.52667939], [114.344803307, 30.526679056], [114.34480505, 30.526678472], [114.34480682, 30.526677954], [114.344808128, 30.526677441], [114.344809469, 30.526676992], [114.34486147, 30.526656992], [114.3448675, 30.526654353], [114.344873193, 30.526651205], [114.34487849, 30.526647582], [114.344883339, 30.526643519], [114.344887691, 30.526639058], [114.344909692, 30.526614058], [114.344913367, 30.526609434], [114.344916508, 30.526604524], [114.344919085, 30.526599377], [114.344921072, 30.52659404], [114.344922454, 30.526588562], [114.344923215, 30.526582994], [114.344956214, 30.526170995], [114.344963783, 30.526075744], [114.345242109, 30.52608395], [114.345224778, 30.526306109], [114.345224782, 30.526313939], [114.345227782, 30.526351938], [114.345228521, 30.526357429], [114.345229865, 30.526362835], [114.345231798, 30.526368106], [114.345234305, 30.526373194], [114.345237363, 30.526378054], [114.345240945, 30.526382641], [114.345259944, 30.526404641], [114.345264375, 30.526409253], [114.345269333, 30.526413448], [114.345274768, 30.52641718], [114.345280619, 30.526420411], [114.345286826, 30.526423105], [114.345293322, 30.526425234], [114.345329321, 30.526435235], [114.345334802, 30.52643654], [114.345340392, 30.526437442], [114.34534605, 30.526437936], [114.346018049, 30.526471935], [114.346024661, 30.52647199], [114.346031247, 30.526471485], [114.346037744, 30.526470429], [114.346044089, 30.526468828], [114.346050221, 30.526466698], [114.346056082, 30.526464061], [114.346061614, 30.526460944], [114.346066766, 30.526457372], [114.346071485, 30.526453384], [114.346075728, 30.526449017], [114.346079454, 30.526444311], [114.346082627, 30.526439315], [114.346085215, 30.526434074], [114.346087195, 30.52642864], [114.346088547, 30.526423065], [114.346089259, 30.526417403], [114.346089321, 30.526411707], [114.346088736, 30.526406035], [114.346087508, 30.526400438], [114.34608565, 30.526394973], [114.346083178, 30.52638969], [114.346080118, 30.526384641], [114.346076498, 30.526379877], [114.346072352, 30.52637544], [114.346067722, 30.526371374], [114.346062651, 30.526367718], [114.34605719, 30.526364509], [114.346051389, 30.526361776], [114.346045304, 30.526359547], [114.346038995, 30.526357842], [114.346032524, 30.526356677], [114.346025951, 30.526356065], [114.345362514, 30.526322498], [114.345360471, 30.52632193], [114.345359527, 30.526309977], [114.345381222, 30.526031891], [114.345381236, 30.526031213], [114.345381309, 30.526030538], [114.345415286, 30.525362012], [114.345494189, 30.524232384], [114.345502175, 30.524157088], [114.345623221, 30.524162945], [114.345629833, 30.524162986], [114.345636417, 30.524162468], [114.345642911, 30.524161395], [114.345649251, 30.524159781], [114.345655377, 30.524157638], [114.34566123, 30.524154988], [114.345666753, 30.524151858], [114.345671894, 30.524148276], [114.345676602, 30.524144276], [114.345680832, 30.524139899], [114.345684544, 30.524135186], [114.345687614, 30.52413032], [114.345801295, 30.524440039], [114.345796405, 30.524446084], [114.345789944, 30.524456023], [114.345784645, 30.524466459], [114.345780558, 30.524477293], [114.345777725, 30.524488419], [114.345776171, 30.524499731], [114.345775911, 30.52451112], [114.345776949, 30.524522476], [114.345779274, 30.524533688], [114.345782863, 30.524544651], [114.346399463, 30.526126251], [114.346400347, 30.526128446], [114.346592922, 30.526591478], [114.34659043, 30.526595221], [114.346582299, 30.526610806], [114.346575981, 30.526627002], [114.346571536, 30.526643653], [114.346569006, 30.5266606], [114.346568958, 30.526662008], [114.345946804, 30.526809911], [114.345886541, 30.526821316], [114.345880105, 30.526822826], [114.345873873, 30.526824877], [114.345867907, 30.526827448], [114.345863919, 30.526829615], [114.345676489, 30.526874173], [114.345528946, 30.526894612], [114.345102308, 30.526946447], [114.344840026, 30.526973374], [114.344835975, 30.526973897], [114.344707975, 30.526993897], [114.344702193, 30.526995029], [114.344325192, 30.527084029], [114.344318909, 30.527085802], [114.344312857, 30.527088097], [114.344307097, 30.527090892], [114.344301681, 30.52709416], [114.344296665, 30.527097869], [114.344292094, 30.527101984], [114.344288013, 30.527106464], [114.344284462, 30.527111269], [114.344281475, 30.52711635], [114.34427908, 30.527121658], [114.344277301, 30.527127143], [114.344276154, 30.527132752], [114.344275652, 30.527138431], [114.344275797, 30.527144125], [114.34427659, 30.527149779], [114.344278023, 30.52715534], [114.344280081, 30.527160751], [114.344282745, 30.527165964], [114.34428599, 30.527170927], [114.344289783, 30.527175592], [114.344294089, 30.527179913], [114.344298867, 30.52718385], [114.344304068, 30.527187366], [114.344309646, 30.527190424], [114.344315545, 30.527192997], [114.344321707, 30.52719506], [114.344328075, 30.527196593], [114.344334586, 30.52719758], [114.344341179, 30.527198013], [114.34434779, 30.527197888], [114.344354354, 30.527197205], [114.344360808, 30.527195971], [114.344734945, 30.527107647], [114.344841247, 30.527091037], [114.344838726, 30.527095344], [114.344836342, 30.527100656], [114.344834574, 30.527106145], [114.344833439, 30.527111756], [114.344832948, 30.527117435], [114.344833105, 30.527123129], [114.34483391, 30.527128782], [114.344835354, 30.52713434], [114.344837425, 30.527139749], [114.344840098, 30.527144956], [114.344843354, 30.527149914], [114.344847158, 30.527154573], [114.344851472, 30.527158888], [114.344856257, 30.527162819], [114.344861467, 30.527166325], [114.344867051, 30.527169375], [114.344872954, 30.527171939], [114.344879122, 30.527173993], [114.344885493, 30.527175516], [114.344892006, 30.527176494], [114.344898599, 30.527176917], [114.344905209, 30.52717678], [114.344911772, 30.527176087], [114.344918224, 30.527174843], [114.345705198, 30.526987757], [114.345780698, 30.526977298], [114.345785548, 30.526976468], [114.34586728, 30.52695977], [114.345898766, 30.5269627], [114.345906089, 30.526963035], [114.34591341, 30.526962682], [114.345920645, 30.526961647], [114.3463094, 30.526887077], [114.346386618, 30.526876965], [114.346456058, 30.526876027], [114.346462283, 30.526875695], [114.346468446, 30.526874867], [114.346525446, 30.526864868], [114.346531854, 30.526863458], [114.346595854, 30.526846458], [114.346601628, 30.526844673], [114.346619784, 30.52683824], [114.34672164, 30.527108477], [114.346371153, 30.527201541], [114.346365803, 30.527203177], [114.345810639, 30.527396023], [114.345637802, 30.527449027], [114.345631691, 30.527451199], [114.345625854, 30.527453875], [114.345620351, 30.527457032], [114.345615233, 30.527460638], [114.345610551, 30.527464659], [114.345606348, 30.527469056], [114.345602667, 30.527473785], [114.345599541, 30.527478804], [114.345597, 30.527484063], [114.345595071, 30.52748951], [114.345593771, 30.527495094], [114.345593112, 30.527500761], [114.345593103, 30.527506456], [114.34559374, 30.527512125], [114.34559502, 30.527517713], [114.345596928, 30.527523165], [114.345599449, 30.52752843], [114.345602557, 30.527533457], [114.345606222, 30.527538198], [114.345610407, 30.527542606], [114.345615076, 30.527546639], [114.345620179, 30.527550259], [114.345625671, 30.527553431], [114.345631497, 30.527556124], [114.345637602, 30.527558311], [114.345643927, 30.527559974], [114.345650409, 30.527561093], [114.345656988, 30.52756166], [114.345663599, 30.52756167], [114.345670181, 30.52756112], [114.345676668, 30.527560018], [114.345682997, 30.527558373], [114.345693359, 30.527555195], [114.345693618, 30.527555401], [114.345693899, 30.527555587], [114.34569416, 30.527555791], [114.345696529, 30.527557311], [114.345698879, 30.527558851], [114.34569918, 30.52755901], [114.345699463, 30.527559193], [114.345701993, 30.527560505], [114.345704507, 30.527561839], [114.345704825, 30.527561973], [114.345705127, 30.52756213], [114.345707795, 30.527563222], [114.345710449, 30.527564337], [114.34571078, 30.527564444], [114.345711099, 30.527564574], [114.345713878, 30.527565436], [114.345716646, 30.527566323], [114.345716988, 30.5275664], [114.34571732, 30.527566503], [114.345720184, 30.527567126], [114.345723039, 30.527567774], [114.345723388, 30.527567824], [114.345723731, 30.527567897], [114.345726651, 30.527568276], [114.345729567, 30.52756868], [114.345729919, 30.5275687], [114.345730269, 30.527568745], [114.345733218, 30.527568874], [114.345736167, 30.527569031], [114.345736519, 30.527569019], [114.345736873, 30.527569034], [114.345739822, 30.527568915], [114.345742773, 30.527568821], [114.345743124, 30.527568781], [114.345743477, 30.527568766], [114.345746399, 30.527568397], [114.345749325, 30.527568056], [114.345749669, 30.527567985], [114.345750018, 30.527567941], [114.345752885, 30.527567327], [114.345755758, 30.52756674], [114.345756092, 30.527566641], [114.345756435, 30.527566567], [114.345759218, 30.527565716], [114.34576201, 30.527564887], [114.346424412, 30.527336782], [114.346767497, 30.527246226], [114.346777523, 30.527279072], [114.346782106, 30.52729202], [114.347200508, 30.528327719], [114.347310645, 30.528600222], [114.347297796, 30.528644801], [114.34728015, 30.528670428], [114.347223751, 30.528724665], [114.347164054, 30.528740605], [114.347151204, 30.528744448], [114.346926961, 30.528818903], [114.345387309, 30.529251585], [114.345382757, 30.529252917], [114.344377681, 30.529558338], [114.344326534, 30.529408198], [114.344320374, 30.52934747], [114.344320374, 30.529286081], [114.344404711, 30.528772122], [114.344405373, 30.528764], [114.344405373, 30.528677], [114.344405067, 30.528671471], [114.344395068, 30.528581471], [114.344393769, 30.528574407], [114.344369768, 30.528481407], [114.344367926, 30.528475675], [114.344333927, 30.528387674], [114.344331177, 30.528381688], [114.34431896, 30.528358878], [114.344334916, 30.528345936], [114.344473795, 30.528309978], [114.344479331, 30.528308315], [114.344484678, 30.528306244], [114.344489797, 30.528303779], [114.344494647, 30.528300941], [114.344575847, 30.528248842], [114.344581012, 30.52824517], [114.344585728, 30.528241075], [114.344589949, 30.528236596], [114.344593634, 30.528231779], [114.344596745, 30.528226672], [114.344635745, 30.528154071], [114.344637693, 30.528150056], [114.344693093, 30.528022656], [114.34469355, 30.528021571], [114.344712351, 30.527975572], [114.344714169, 30.52797035], [114.344715412, 30.527965006], [114.344730612, 30.527878706], [114.344731301, 30.5278727], [114.344731263, 30.527866666], [114.344727962, 30.527817265], [114.344727561, 30.52781345], [114.344706361, 30.527666351], [114.344705242, 30.527660805], [114.344703506, 30.527655379], [114.34464245, 30.527495366], [114.344598871, 30.527352182], [114.344596904, 30.527346798], [114.344594338, 30.527341605], [114.344591198, 30.52733665], [114.344587514, 30.527331981], [114.344583321, 30.527327644], [114.344578659, 30.527323677], [114.344573572, 30.527320119], [114.344568107, 30.527317004], [114.344562317, 30.527314361], [114.344556256, 30.527312214], [114.344549982, 30.527310585], [114.344543553, 30.527309489], [114.344537032, 30.527308936], [114.344530479, 30.527308931], [114.344523956, 30.527309475], [114.344517526, 30.527310563], [114.344511249, 30.527312182], [114.344392259, 30.527348409], [114.344235219, 30.52738587], [114.344233463, 30.527386312], [114.34406352, 30.527431165], [114.34385658, 30.527482426], [114.34385081, 30.527484102], [114.34384524, 30.527486219], [114.343839914, 30.527488762], [114.343834876, 30.527491708], [114.343830168, 30.527495033], [114.343734567, 30.527569033], [114.343729638, 30.527573265], [114.343725242, 30.527577913], [114.343721425, 30.527582926], [114.343718229, 30.527588253], [114.34371569, 30.527593834], [114.343713831, 30.527599612], [114.343683031, 30.527719012], [114.343681908, 30.527724673], [114.343681441, 30.527730402], [114.343681633, 30.527736143], [114.343682484, 30.52774184], [114.343719484, 30.527919639], [114.34372188, 30.52792774], [114.343783479, 30.52808704], [114.343785839, 30.528092281], [114.343788777, 30.528097303], [114.343933577, 30.528317503], [114.343937725, 30.528323048], [114.343942576, 30.528328154], [114.344081277, 30.528458253], [114.344084493, 30.528461072], [114.344147415, 30.528512568], [114.344179401, 30.52862234], [114.344177555, 30.52872744], [114.34417168, 30.528817932], [114.344148022, 30.528925166], [114.344117342, 30.529052068], [114.344116792, 30.529054631], [114.344082892, 30.529235132], [114.344082236, 30.529239832], [114.344069835, 30.529375133], [114.344069642, 30.529380951], [114.344070127, 30.529386756], [114.344088627, 30.529516855], [114.344088914, 30.529518643], [114.344110682, 30.529640263], [114.343787964, 30.529743615], [114.343761871, 30.529753838], [114.343509968, 30.529871785], [114.343228699, 30.529287811], [114.343211374, 30.529235834], [114.343211374, 30.529221687], [114.343213585, 30.529206754], [114.3432456, 30.529144505], [114.343247993, 30.529139153], [114.343260992, 30.529105154], [114.343262865, 30.529099217], [114.343263995, 30.529093143], [114.343264374, 30.529087], [114.343264374, 30.52907], [114.343264044, 30.529064261], [114.343263056, 30.529058577], [114.343261421, 30.529053005], [114.343259153, 30.529047601], [114.343242154, 30.529012602], [114.343240592, 30.529009624], [114.343079119, 30.528723558], [114.342987606, 30.528545507], [114.342984637, 30.528540419], [114.342981102, 30.528535606], [114.342977037, 30.528531114], [114.34297248, 30.528526988], [114.342967475, 30.528523265], [114.342962072, 30.528519985], [114.34295632, 30.528517175], [114.342950277, 30.528514865], [114.342943999, 30.528513075], [114.342937549, 30.528511825], [114.342930988, 30.528511125], [114.342924379, 30.528510983], [114.342917784, 30.5285114], [114.342911269, 30.528512371], [114.342904896, 30.528513887], [114.342898726, 30.528515934], [114.342892819, 30.528518493], [114.342887231, 30.528521537], [114.342882017, 30.528525039], [114.342877226, 30.528528963], [114.342872906, 30.528533275], [114.342869097, 30.52853793], [114.342865835, 30.528542883], [114.342863153, 30.528548089], [114.342861076, 30.528553496], [114.342859624, 30.528559052], [114.342858811, 30.528564704], [114.342858646, 30.528570398], [114.342859129, 30.528576078], [114.342860257, 30.52858169], [114.342862017, 30.528587178], [114.342864394, 30.528592494], [114.342928213, 30.528716664], [114.342722753, 30.528788196], [114.342717295, 30.528790344], [114.34271208, 30.528792902], [114.34270715, 30.528795851], [114.342702545, 30.528799166], [114.342698299, 30.528802819], [114.3426813, 30.528818819], [114.342676547, 30.528823825], [114.342672471, 30.528829256], [114.342669122, 30.528835043], [114.342657122, 30.528859043], [114.342654685, 30.528864714], [114.342652946, 30.52887057], [114.342651924, 30.528876551], [114.342651631, 30.528882591], [114.342652067, 30.528888625], [114.34265323, 30.528894586], [114.342655106, 30.528900412], [114.342657678, 30.528906037], [114.342797678, 30.529171037], [114.342800708, 30.529176098], [114.342804299, 30.52918088], [114.342808418, 30.529185335], [114.342813024, 30.529189422], [114.342818073, 30.529193098], [114.342823515, 30.529196332], [114.3428293, 30.52919909], [114.342835371, 30.529201347], [114.342841669, 30.52920308], [114.342848134, 30.529204273], [114.342854703, 30.529204915], [114.342861315, 30.529204999], [114.342867903, 30.529204525], [114.342874406, 30.529203495], [114.342880761, 30.529201923], [114.342886906, 30.529199821], [114.342892782, 30.529197211], [114.342898333, 30.529194117], [114.342903505, 30.529190569], [114.342908249, 30.529186602], [114.342912518, 30.529182253], [114.342916272, 30.529177565], [114.342919475, 30.529172582], [114.342922094, 30.529167353], [114.342924106, 30.529161928], [114.342925491, 30.52915636], [114.342926236, 30.529150701], [114.342926334, 30.529145006], [114.342925783, 30.529139331], [114.342924588, 30.52913373], [114.342922763, 30.529128255], [114.342920323, 30.529122963], [114.342796109, 30.528887846], [114.342984918, 30.528822113], [114.34311858, 30.529058907], [114.343128779, 30.529079906], [114.343121051, 30.529100119], [114.343086401, 30.529167495], [114.343084053, 30.529172727], [114.343082303, 30.529178131], [114.343081167, 30.529183655], [114.343077168, 30.529210655]]]}, "properties": {"id": 17089, "land_type": "居住用地"}}, {"type": "Feature", "geometry": {"type": "Polygon", "coordinates": [[[114.339816132, 30.530030488], [114.339867217, 30.530169274], [114.339964239, 30.530522366], [114.339965033, 30.530524983], [114.340115995, 30.530978834], [114.339941631, 30.531029554], [114.339930853, 30.531032986], [114.338425195, 30.531554802], [114.337654627, 30.529871782], [114.337771728, 30.529831984], [114.337771821, 30.529831947], [114.337771916, 30.529831919], [114.337841916, 30.529807919], [114.337846339, 30.529806243], [114.337930338, 30.529771242], [114.337933915, 30.529769565], [114.33794642, 30.529784617], [114.337995866, 30.529857331], [114.337996955, 30.529858767], [114.337997979, 30.529860238], [114.337998763, 30.529861149], [114.337999483, 30.529862098], [114.338000731, 30.529863435], [114.338001917, 30.529864813], [114.338002801, 30.529865653], [114.338003626, 30.529866537], [114.33800502, 30.529867762], [114.338006356, 30.529869033], [114.338007332, 30.529869794], [114.338008254, 30.529870603], [114.33800978, 30.529871705], [114.338011256, 30.529872858], [114.338012313, 30.529873533], [114.338013322, 30.529874261], [114.338014967, 30.529875229], [114.338016566, 30.52987625], [114.338017695, 30.529876833], [114.338018782, 30.529877473], [114.338020529, 30.529878296], [114.338022237, 30.529879178], [114.338023426, 30.529879664], [114.338024582, 30.529880207], [114.338026413, 30.52988088], [114.338028213, 30.529881614], [114.338029453, 30.529881996], [114.338030664, 30.529882441], [114.338032564, 30.529882955], [114.338034438, 30.529883533], [114.338035715, 30.529883809], [114.338036971, 30.529884148], [114.338038921, 30.529884501], [114.338040851, 30.529884917], [114.338042155, 30.529885083], [114.338043442, 30.529885316], [114.338045423, 30.529885501], [114.338047392, 30.529885753], [114.338048707, 30.529885809], [114.338050015, 30.529885931], [114.338052007, 30.529885949], [114.338053996, 30.529886033], [114.33805531, 30.529885977], [114.338056627, 30.529885988], [114.33805861, 30.529885838], [114.3380606, 30.529885754], [114.338061902, 30.529885588], [114.338063213, 30.529885488], [114.33806517, 30.529885171], [114.33806714, 30.529884919], [114.338068417, 30.529884643], [114.33806971, 30.529884433], [114.338071622, 30.529883952], [114.338073553, 30.529883536], [114.338318553, 30.529819535], [114.338321495, 30.529818629], [114.338324442, 30.529817736], [114.338324607, 30.529817669], [114.338324779, 30.529817617], [114.338327603, 30.529816466], [114.338330435, 30.529815329], [114.33833059, 30.529815249], [114.338330756, 30.529815183], [114.338333436, 30.529813799], [114.338336124, 30.529812428], [114.338336271, 30.529812335], [114.338336427, 30.529812255], [114.338338936, 30.529810652], [114.338341456, 30.52980906], [114.338341592, 30.529808956], [114.338341738, 30.529808862], [114.338344053, 30.529807056], [114.33834638, 30.529805259], [114.338346503, 30.529805144], [114.338346637, 30.529805038], [114.338348736, 30.529803045], [114.338350846, 30.529801061], [114.338350956, 30.529800935], [114.338351078, 30.529800819], [114.33835294, 30.529798657], [114.338354814, 30.529796505], [114.338354908, 30.529796371], [114.338355017, 30.529796245], [114.338356623, 30.529793936], [114.338358244, 30.529791636], [114.338358323, 30.529791495], [114.338358416, 30.52979136], [114.338359752, 30.529788928], [114.338361103, 30.529786501], [114.338361166, 30.529786353], [114.338361243, 30.529786212], [114.338362296, 30.529783679], [114.338363365, 30.52978115], [114.338363409, 30.529780997], [114.338363471, 30.529780849], [114.338364231, 30.529778239], [114.338365006, 30.529775632], [114.338365034, 30.529775478], [114.338365078, 30.529775326], [114.338365537, 30.529772664], [114.338366012, 30.529770003], [114.338366022, 30.529769847], [114.338366049, 30.529769692], [114.338366203, 30.529767004], [114.338366373, 30.529764317], [114.338366366, 30.529764161], [114.338366374, 30.529764003], [114.338366221, 30.529761316], [114.338366084, 30.529758627], [114.338366059, 30.529758471], [114.33836605, 30.529758315], [114.338365592, 30.529755654], [114.33836515, 30.529752989], [114.338365106, 30.529752837], [114.338365079, 30.529752682], [114.338364321, 30.529750072], [114.338363579, 30.529747457], [114.338334578, 30.529663458], [114.338334374, 30.529662956], [114.338334217, 30.529662443], [114.338333278, 30.529660272], [114.338332385, 30.529658086], [114.338332124, 30.529657604], [114.338331909, 30.529657106], [114.338330727, 30.529655023], [114.338329591, 30.529652923], [114.338329277, 30.529652467], [114.338329005, 30.529651989], [114.338327593, 30.529650018], [114.338326223, 30.529648023], [114.338325857, 30.529647595], [114.338325534, 30.529647142], [114.338323904, 30.529645299], [114.338322314, 30.52964343], [114.338321901, 30.529643034], [114.338321528, 30.529642612], [114.338319696, 30.529640915], [114.3383179, 30.529639189], [114.338317445, 30.52963883], [114.338317025, 30.529638442], [114.338315009, 30.529636907], [114.338313025, 30.529635342], [114.338312532, 30.529635023], [114.338312069, 30.529634671], [114.338309888, 30.529633315], [114.338307737, 30.529631924], [114.338307209, 30.529631648], [114.338306709, 30.529631338], [114.338304384, 30.529630171], [114.338302084, 30.52962897], [114.338301528, 30.52962874], [114.338300995, 30.529628473], [114.338298548, 30.529627509], [114.338296122, 30.529626507], [114.338295543, 30.529626325], [114.338294982, 30.529626104], [114.338292438, 30.529625351], [114.33828991, 30.529624559], [114.338289313, 30.529624427], [114.338288729, 30.529624254], [114.338286111, 30.52962372], [114.338283505, 30.529623145], [114.338282896, 30.529623063], [114.338282295, 30.529622941], [114.33827963, 30.529622631], [114.33827697, 30.529622278], [114.338276354, 30.529622249], [114.338275744, 30.529622178], [114.338273055, 30.529622094], [114.338270368, 30.529621968], [114.338269752, 30.529621991], [114.338269135, 30.529621971], [114.33826645, 30.529622114], [114.338263763, 30.529622216], [114.338263152, 30.529622292], [114.338262536, 30.529622324], [114.33825988, 30.529622694], [114.338257217, 30.529623021], [114.338256619, 30.529623147], [114.338256009, 30.529623231], [114.338253409, 30.529623823], [114.338250795, 30.529624374], [114.338250214, 30.529624551], [114.338249616, 30.529624687], [114.338064473, 30.529675306], [114.338064508, 30.529675275], [114.33806928, 30.529670521], [114.338073427, 30.529665349], [114.338125426, 30.52959235], [114.338128958, 30.529586717], [114.338175957, 30.529500717], [114.338176641, 30.529499425], [114.338197641, 30.529458425], [114.33820001, 30.529453108], [114.338201763, 30.529447616], [114.338202881, 30.529442003], [114.338203356, 30.529436323], [114.338203182, 30.52943063], [114.338202362, 30.529424979], [114.338200902, 30.529419424], [114.338198817, 30.529414019], [114.338196127, 30.529408817], [114.338192858, 30.529403866], [114.338189042, 30.529399216], [114.338184714, 30.52939491], [114.338179917, 30.52939099], [114.338174698, 30.529387494], [114.338169106, 30.529384455], [114.338163195, 30.529381905], [114.338157023, 30.529379864], [114.338150648, 30.529378354], [114.338144131, 30.52937739], [114.338137536, 30.529376982], [114.338130927, 30.529377131], [114.338124366, 30.529377838], [114.338117917, 30.529379095], [114.338111643, 30.529380891], [114.338105603, 30.529383208], [114.338099856, 30.529386024], [114.338094457, 30.529389311], [114.338089458, 30.529393039], [114.338084908, 30.52939717], [114.338080849, 30.529401665], [114.338077322, 30.529406482], [114.338074359, 30.529411574], [114.338053691, 30.529451925], [114.338008629, 30.529534382], [114.337962407, 30.52959927], [114.337926025, 30.529631781], [114.337912743, 30.529639086], [114.337911291, 30.529639974], [114.337909793, 30.529640805], [114.337909204, 30.529641206], [114.337908584, 30.529641569], [114.337865797, 30.529669202], [114.337789838, 30.529700851], [114.337722178, 30.529724049], [114.337602138, 30.529764847], [114.33744166, 30.529442395], [114.337383273, 30.52932492], [114.337072253, 30.528699781], [114.337068403, 30.528692709], [114.336781242, 30.528208377], [114.336541738, 30.527654965], [114.33623434, 30.52673869], [114.336232908, 30.526734426], [114.338873612, 30.525959079], [114.339047438, 30.526377783], [114.338413251, 30.526566072], [114.338249625, 30.526613637], [114.338228324, 30.526614942], [114.338227454, 30.526614549], [114.338223851, 30.526610495], [114.33821527, 30.526596634], [114.338202666, 30.526569062], [114.338173402, 30.526453778], [114.338188715, 30.526360091], [114.338189315, 30.52635442], [114.338189266, 30.526348724], [114.33818857, 30.52634306], [114.338187232, 30.526337483], [114.338185265, 30.526332045], [114.338182692, 30.5263268], [114.338179531, 30.526321797], [114.338175817, 30.526317085], [114.338171586, 30.526312709], [114.338166875, 30.526308712], [114.338161735, 30.526305131], [114.33815621, 30.526302002], [114.338150356, 30.526299354], [114.338144229, 30.526297214], [114.338137888, 30.5262956], [114.338131394, 30.526294531], [114.338124809, 30.526294014], [114.338118198, 30.526294057], [114.338111623, 30.526294656], [114.338105148, 30.526295809], [114.338098835, 30.526297503], [114.338092746, 30.52629972], [114.338086938, 30.526302443], [114.338081467, 30.526305641], [114.338076387, 30.526309287], [114.338071747, 30.526313344], [114.33806759, 30.526317772], [114.338063959, 30.526322532], [114.338060884, 30.526327574], [114.3380584, 30.526332851], [114.338056527, 30.526338314], [114.338055285, 30.526343908], [114.338038285, 30.526447908], [114.338037715, 30.526453036], [114.338037674, 30.526458187], [114.338038165, 30.52646332], [114.338039182, 30.526468397], [114.338072181, 30.526598396], [114.338073541, 30.526602884], [114.338075311, 30.526607262], [114.338091311, 30.526642263], [114.338094551, 30.526648308], [114.338107551, 30.526669308], [114.33811034, 30.5266734], [114.338113507, 30.526677283], [114.338129507, 30.526695282], [114.338134261, 30.52670007], [114.338139591, 30.526704384], [114.338145433, 30.526708175], [114.338151716, 30.5267114], [114.338182717, 30.5267254], [114.33818835, 30.526727664], [114.338194201, 30.526729473], [114.338200221, 30.526730808], [114.338206359, 30.52673166], [114.338212562, 30.526732022], [114.338218777, 30.526731889], [114.338267777, 30.526728888], [114.338273455, 30.526728333], [114.338279057, 30.526727363], [114.338284543, 30.526725989], [114.338397949, 30.526693022], [114.338499239, 30.526893189], [114.33850255, 30.526898863], [114.33850656, 30.526904191], [114.338511222, 30.526909109], [114.338529222, 30.526926108], [114.338534167, 30.52693032], [114.33853959, 30.52693407], [114.338545433, 30.526937318], [114.338551633, 30.526940031], [114.338558124, 30.526942179], [114.338564839, 30.526943738], [114.338591838, 30.526948738], [114.338597892, 30.526949614], [114.338604015, 30.52695001], [114.338610154, 30.526949925], [114.338616257, 30.526949359], [114.338622277, 30.526948317], [114.33862816, 30.526946806], [114.338644305, 30.526941962], [114.338834598, 30.527226936], [114.338838173, 30.527231728], [114.338842275, 30.527236194], [114.338846865, 30.527240293], [114.3388519, 30.527243985], [114.338857331, 30.527247233], [114.338863104, 30.527250008], [114.338869167, 30.527252281], [114.338875457, 30.527254032], [114.338881918, 30.527255245], [114.338888486, 30.527255905], [114.338895096, 30.527256006], [114.338901687, 30.52725555], [114.338908194, 30.52725454], [114.338914554, 30.527252985], [114.338920707, 30.5272509], [114.338926594, 30.527248306], [114.338932156, 30.527245228], [114.338937341, 30.527241694], [114.3389421, 30.52723774], [114.338946385, 30.527233404], [114.338950157, 30.527228725], [114.338953377, 30.527223752], [114.338956018, 30.527218531], [114.33895805, 30.527213111], [114.338959457, 30.527207546], [114.338960223, 30.52720189], [114.338960342, 30.527196195], [114.338959812, 30.527190518], [114.338958639, 30.527184913], [114.338956833, 30.527179433], [114.338954413, 30.527174134], [114.338951402, 30.527169063], [114.338746402, 30.526862064], [114.33874294, 30.526857409], [114.338738981, 30.526853059], [114.33873456, 30.526849052], [114.33871756, 30.526835052], [114.338712711, 30.526831424], [114.338707483, 30.52682821], [114.338701924, 30.526825439], [114.338696083, 30.526823136], [114.338690014, 30.526821323], [114.338683773, 30.526820017], [114.338677416, 30.526819228], [114.338671, 30.526818965], [114.338656, 30.526818965], [114.338648489, 30.526819326], [114.338641072, 30.526820407], [114.33863384, 30.526822193], [114.338613407, 30.526828324], [114.338525902, 30.526655398], [114.339092814, 30.526487083], [114.339899661, 30.528430542], [114.339902417, 30.528436212], [114.339905852, 30.528441599], [114.339930311, 30.528475551], [114.339468564, 30.528617145], [114.339410094, 30.528545595], [114.339409017, 30.528544316], [114.339274215, 30.528388543], [114.33911841, 30.528204773], [114.33911472, 30.528200801], [114.339110642, 30.528197121], [114.338663627, 30.527827731], [114.338878488, 30.527671326], [114.338879018, 30.5276709], [114.338879583, 30.527670511], [114.338881433, 30.527668959], [114.338883323, 30.527667441], [114.338883801, 30.527666973], [114.338884319, 30.527666538], [114.338885984, 30.527664836], [114.338887692, 30.527663166], [114.338888114, 30.527662661], [114.338888581, 30.527662184], [114.338890044, 30.52766035], [114.338891553, 30.527658544], [114.338891917, 30.527658004], [114.338892326, 30.52765749], [114.338893574, 30.527655542], [114.33889487, 30.527653617], [114.33889517, 30.527653049], [114.338895519, 30.527652504], [114.33889654, 30.52765046], [114.338897611, 30.527648434], [114.338897844, 30.527647844], [114.338898131, 30.527647271], [114.338898913, 30.52764515], [114.338899748, 30.527643045], [114.338899914, 30.527642438], [114.338900134, 30.527641843], [114.338900671, 30.527639666], [114.338901262, 30.5276375], [114.338901358, 30.527636883], [114.338901509, 30.527636273], [114.338901797, 30.527634061], [114.338902138, 30.527631855], [114.338902163, 30.527631232], [114.338902244, 30.527630613], [114.338902278, 30.527628388], [114.338902368, 30.527626164], [114.338902322, 30.527625541], [114.338902331, 30.527624918], [114.338902111, 30.527622701], [114.338901948, 30.52762048], [114.338901831, 30.527619864], [114.33890177, 30.527619242], [114.338901299, 30.527617055], [114.338900884, 30.527614859], [114.338900698, 30.527614257], [114.338900566, 30.527613643], [114.338899849, 30.527611506], [114.338899185, 30.527609355], [114.338898931, 30.527608771], [114.33889873, 30.527608172], [114.338897773, 30.527606104], [114.338896868, 30.527604021], [114.338896549, 30.527603461], [114.33889628, 30.527602882], [114.33883528, 30.527487882], [114.338831843, 30.527482242], [114.338485841, 30.526983242], [114.33848236, 30.526978716], [114.338448361, 30.526938716], [114.338445098, 30.526935174], [114.338441523, 30.526931862], [114.338399523, 30.526895862], [114.33839417, 30.526891739], [114.338388338, 30.52688813], [114.338330339, 30.52685613], [114.337962333, 30.526653127], [114.337956598, 30.526650295], [114.337950568, 30.52664796], [114.3379443, 30.526646146], [114.337937857, 30.52664487], [114.337931299, 30.526644144], [114.33792469, 30.526643975], [114.337918093, 30.526644366], [114.337911574, 30.526645311], [114.337905191, 30.526646802], [114.337899011, 30.526648824], [114.337893091, 30.52665136], [114.337887487, 30.526654381], [114.337882253, 30.526657863], [114.337877442, 30.526661768], [114.337873097, 30.526666063], [114.337869263, 30.526670702], [114.337865975, 30.526675643], [114.337863265, 30.526680838], [114.337861159, 30.526686236], [114.337859678, 30.526691787], [114.337858835, 30.526697436], [114.337858639, 30.526703128], [114.337859092, 30.52670881], [114.337860189, 30.526714426], [114.33786192, 30.526719924], [114.337864268, 30.526725247], [114.337867211, 30.526730347], [114.337870719, 30.526735175], [114.33787476, 30.526739683], [114.337879295, 30.526743827], [114.33788428, 30.526747569], [114.337889666, 30.526750871], [114.338257664, 30.526953872], [114.33830959, 30.526982519], [114.338342748, 30.527010942], [114.338371776, 30.527045093], [114.338714259, 30.527539019], [114.338752485, 30.527611084], [114.338519513, 30.527780674], [114.338519355, 30.527780799], [114.338519186, 30.527780913], [114.338516939, 30.527782742], [114.338514678, 30.527784559], [114.338514536, 30.527784697], [114.33851438, 30.527784824], [114.338512352, 30.527786835], [114.338510308, 30.527788834], [114.338510184, 30.527788983], [114.338510044, 30.527789123], [114.338508253, 30.527791294], [114.338506447, 30.527793456], [114.33850634, 30.527793616], [114.338506215, 30.527793766], [114.338504681, 30.527796079], [114.33850313, 30.527798383], [114.338503041, 30.527798551], [114.338502936, 30.527798711], [114.338501671, 30.527801142], [114.33850039, 30.527803566], [114.33850032, 30.527803741], [114.338500233, 30.527803909], [114.338499252, 30.527806435], [114.338498252, 30.527808955], [114.338498203, 30.527809135], [114.338498136, 30.52780931], [114.338497446, 30.527811907], [114.338496738, 30.5278145], [114.33849671, 30.527814682], [114.338496662, 30.527814862], [114.338496272, 30.527817504], [114.338495862, 30.527820145], [114.338495854, 30.527820329], [114.338495827, 30.527820512], [114.338495741, 30.527823174], [114.338495633, 30.527825836], [114.338495647, 30.52782602], [114.338495641, 30.527826205], [114.338495856, 30.527828861], [114.338496052, 30.52783152], [114.338496087, 30.527831702], [114.338496102, 30.527831886], [114.338496619, 30.527834512], [114.338497117, 30.527837141], [114.338497172, 30.527837319], [114.338497208, 30.527837501], [114.338498022, 30.52784007], [114.338498816, 30.527842645], [114.338498891, 30.527842817], [114.338498947, 30.527842996], [114.338500049, 30.527845485], [114.338501133, 30.52784798], [114.338501227, 30.527848144], [114.338501303, 30.527848317], [114.338502683, 30.527850701], [114.338504045, 30.527853092], [114.338504158, 30.527853249], [114.338504253, 30.527853413], [114.338505898, 30.52785567], [114.338507526, 30.527857934], [114.338507656, 30.527858081], [114.33850777, 30.527858236], [114.338509663, 30.527860343], [114.33851154, 30.52786246], [114.338511687, 30.527862594], [114.338511818, 30.527862739], [114.338513942, 30.527864676], [114.33851605, 30.527866624], [114.338516211, 30.527866746], [114.338516359, 30.527866879], [114.339013085, 30.528277347], [114.339114199, 30.528396611], [114.338822036, 30.528496054], [114.338571154, 30.52853803], [114.338564812, 30.528539368], [114.33855865, 30.528541229], [114.338076304, 30.528709952], [114.338031022, 30.528720698], [114.338018689, 30.528720335], [114.338013622, 30.528718646], [114.337973074, 30.528687682], [114.337868325, 30.528564675], [114.33786406, 30.528560159], [114.33785929, 30.528556034], [114.337854064, 30.528552341], [114.337848434, 30.528549118], [114.337807434, 30.528528118], [114.337801424, 30.528525383], [114.337795123, 30.528523183], [114.337788598, 30.528521542], [114.337781913, 30.528520476], [114.337775139, 30.528519994], [114.337768342, 30.528520104], [114.337701342, 30.528524105], [114.337694776, 30.528524777], [114.337688318, 30.528526], [114.337682032, 30.528527763], [114.337675975, 30.528530048], [114.337670208, 30.528532832], [114.337664785, 30.52853609], [114.337659759, 30.528539792], [114.337655179, 30.528543899], [114.337651089, 30.528548373], [114.337647527, 30.528553171], [114.337644527, 30.528558248], [114.337642121, 30.528563552], [114.337640329, 30.528569034], [114.33763917, 30.528574641], [114.337638655, 30.528580319], [114.337638787, 30.528586013], [114.337639569, 30.528591669], [114.337640988, 30.52859723], [114.337643034, 30.528602646], [114.337645687, 30.528607863], [114.33764892, 30.528612831], [114.337652703, 30.528617501], [114.337656999, 30.52862183], [114.337661767, 30.528625775], [114.337666962, 30.528629299], [114.337672531, 30.528632367], [114.337678425, 30.528634951], [114.337684582, 30.528637024], [114.337690947, 30.528638566], [114.337697456, 30.528639566], [114.337704048, 30.52864001], [114.337710658, 30.528639896], [114.337756659, 30.528637148], [114.337767783, 30.528642846], [114.337868674, 30.528761325], [114.337873209, 30.528766097], [114.337878306, 30.528770427], [114.337933306, 30.528812425], [114.337937965, 30.528815676], [114.33794294, 30.528818557], [114.337948194, 30.528821045], [114.337953684, 30.528823123], [114.337980684, 30.528832122], [114.337987839, 30.52883412], [114.337995209, 30.528835418], [114.338002701, 30.528836], [114.338036701, 30.528837], [114.3380435, 30.528836904], [114.338050254, 30.528836219], [114.338056893, 30.52883495], [114.338115893, 30.528820951], [114.33812335, 30.52881877], [114.338603278, 30.528650893], [114.338853847, 30.52860897], [114.338859884, 30.528607708], [114.338865759, 30.528605973], [114.339196802, 30.528493296], [114.339300436, 30.52861305], [114.339343475, 30.528665718], [114.339343249, 30.528665954], [114.339342064, 30.528667478], [114.339340817, 30.528668964], [114.339340223, 30.528669841], [114.339339567, 30.528670685], [114.339338561, 30.528672301], [114.339337489, 30.528673885], [114.339336998, 30.528674808], [114.339336441, 30.528675703], [114.339335623, 30.528677396], [114.339334738, 30.528679064], [114.339334353, 30.528680023], [114.339333901, 30.52868096], [114.33933328, 30.528682715], [114.339332588, 30.528684449], [114.339332316, 30.528685437], [114.339331971, 30.528686409], [114.339331553, 30.528688206], [114.339331062, 30.528689991], [114.339330904, 30.528690997], [114.339330672, 30.528691992], [114.339330459, 30.528693817], [114.339330173, 30.528695634], [114.33933013, 30.528696648], [114.339330013, 30.528697659], [114.33933001, 30.528699493], [114.339329932, 30.528701326], [114.339330004, 30.528702339], [114.339330003, 30.528703354], [114.339330208, 30.528705179], [114.339330338, 30.528707009], [114.339330526, 30.528708012], [114.339330639, 30.528709023], [114.339331052, 30.528710822], [114.33933139, 30.528712633], [114.339331692, 30.528713615], [114.33933192, 30.52871461], [114.339332534, 30.528716366], [114.339333077, 30.528718139], [114.339816132, 30.530030488]]]}, "properties": {"id": 16935, "land_type": "居住用地"}}, {"type": "Feature", "geometry": {"type": "Polygon", "coordinates": [[[114.341417057, 30.544653978], [114.340982027, 30.544609795], [114.340942455, 30.544601424], [114.340877049, 30.544570961], [114.340870329, 30.544568234], [114.340863303, 30.544566158], [114.340856054, 30.544564762], [114.340486054, 30.544511762], [114.340478699, 30.544511063], [114.340289565, 30.544502105], [114.339859427, 30.544472163], [114.339857195, 30.544472102], [114.339854966, 30.544471981], [114.339777073, 30.54447102], [114.341272606, 30.544030505], [114.341442612, 30.54398042], [114.341417057, 30.544653978]]]}, "properties": {"id": 16957, "land_type": "行政办公用地"}}, {"type": "Feature", "geometry": {"type": "Polygon", "coordinates": [[[114.3398508, 30.544587991], [114.340279572, 30.544617837], [114.3402813, 30.544617937], [114.3404676, 30.544626761], [114.340822847, 30.544677649], [114.340885952, 30.544707039], [114.340891096, 30.544709198], [114.340896435, 30.544710971], [114.34090193, 30.54471235], [114.34095393, 30.54472335], [114.340962109, 30.544724625], [114.34141275, 30.544770393], [114.34139727, 30.544891855], [114.339867338, 30.544767314], [114.339752054, 30.544754939], [114.339757495, 30.544586839], [114.3398508, 30.544587991]]]}, "properties": {"id": 16958, "land_type": "交通枢纽用地"}}, {"type": "Feature", "geometry": {"type": "Polygon", "coordinates": [[[114.342186357, 30.530342701], [114.342044995, 30.530384558], [114.341376757, 30.530582791], [114.341322589, 30.530598493], [114.341079031, 30.530669095], [114.341072437, 30.530671117], [114.340361112, 30.530901227], [114.340054234, 30.530237727], [114.340061128, 30.530148115], [114.340063226, 30.530120836], [114.340063265, 30.530118917], [114.340063374, 30.530117], [114.340063374, 30.530095], [114.340063078, 30.530089569], [114.340062194, 30.530084188], [114.34006073, 30.530078901], [114.34000073, 30.529899902], [114.339999721, 30.529897151], [114.339876198, 30.529587348], [114.339660615, 30.528958563], [114.339658252, 30.528952806], [114.339584252, 30.528798805], [114.339581626, 30.528793981], [114.339536204, 30.528719607], [114.340127764, 30.528538206], [114.340160799, 30.52852851], [114.340163559, 30.528528174], [114.340179582, 30.52852577], [114.340197551, 30.528524954], [114.340203033, 30.528524511], [114.340208454, 30.528523683], [114.340245454, 30.528516683], [114.340246182, 30.528516512], [114.340246922, 30.52851639], [114.340249371, 30.528515766], [114.340251835, 30.528515189], [114.340252539, 30.528514958], [114.340253262, 30.528514774], [114.341295448, 30.528200493], [114.341314153, 30.528199853], [114.341356145, 30.528209991], [114.341395175, 30.528226772], [114.341409571, 30.528236846], [114.341494025, 30.528516138], [114.34149317, 30.528515597], [114.341487482, 30.528512692], [114.341481493, 30.528510281], [114.341475258, 30.528508387], [114.341468837, 30.528507029], [114.341462292, 30.528506219], [114.341455686, 30.528505967], [114.341449084, 30.528506273], [114.341442549, 30.528507134], [114.341436142, 30.528508544], [114.341429928, 30.528510488], [114.340792027, 30.52874109], [114.340560141, 30.528816727], [114.340556966, 30.528817843], [114.340450965, 30.528857843], [114.340444553, 30.528860623], [114.34043852, 30.528863973], [114.340432937, 30.528867858], [114.340392936, 30.528898859], [114.340392498, 30.528899234], [114.340392025, 30.528899578], [114.340390152, 30.52890124], [114.340388244, 30.528902871], [114.34038785, 30.528903282], [114.340387419, 30.528903664], [114.340385744, 30.528905475], [114.34038403, 30.52890726], [114.340383686, 30.528907702], [114.3403833, 30.528908119], [114.34038184, 30.528910064], [114.340380338, 30.528911984], [114.340380044, 30.528912453], [114.340379708, 30.528912901], [114.340378475, 30.528914959], [114.3403772, 30.528916997], [114.340376961, 30.528917488], [114.340376678, 30.528917962], [114.340375686, 30.528920114], [114.340374648, 30.52892225], [114.340374465, 30.52892276], [114.340374238, 30.528923256], [114.340373496, 30.528925481], [114.340372706, 30.528927695], [114.340372583, 30.528928217], [114.340372411, 30.528928729], [114.340366412, 30.528950728], [114.340365268, 30.528956015], [114.340364696, 30.528961371], [114.340362696, 30.528999372], [114.340362759, 30.529005634], [114.340363605, 30.529011853], [114.340374605, 30.529066852], [114.340375865, 30.529071834], [114.340406865, 30.529172834], [114.340408615, 30.52917767], [114.340410848, 30.529182359], [114.340461848, 30.529277358], [114.340462465, 30.529278475], [114.340500464, 30.529345474], [114.340503809, 30.529350676], [114.340507753, 30.529355556], [114.340508251, 30.529356108], [114.340440885, 30.529374751], [114.340437787, 30.529375755], [114.340434697, 30.529376758], [114.340431729, 30.529378019], [114.340428762, 30.52937928], [114.340425957, 30.529380782], [114.340423153, 30.529382285], [114.340420527, 30.52938402], [114.340417903, 30.529385756], [114.340415492, 30.529387701], [114.340413078, 30.52938965], [114.3404109, 30.529391788], [114.34040872, 30.529393933], [114.340406796, 30.529396244], [114.340404869, 30.529398562], [114.340403218, 30.529401026], [114.340401568, 30.529403489], [114.340400201, 30.529406087], [114.34039884, 30.529408677], [114.340397776, 30.529411376], [114.340396714, 30.529414076], [114.340395964, 30.529416847], [114.340395213, 30.529419623], [114.340394782, 30.529422443], [114.340394351, 30.529425269], [114.340394243, 30.529428112], [114.340394136, 30.529430961], [114.340394353, 30.5294338], [114.340394569, 30.529436638], [114.340395108, 30.529439451], [114.340395648, 30.529442263], [114.340396503, 30.529445011], [114.340397361, 30.529447764], [114.340557463, 30.529876472], [114.340559795, 30.529881804], [114.340562724, 30.529886913], [114.34056622, 30.52989175], [114.34057025, 30.529896269], [114.340574775, 30.529900426], [114.34057975, 30.529904181], [114.340585131, 30.529907495], [114.340590862, 30.529910342], [114.340596889, 30.529912689], [114.340603155, 30.529914516], [114.340609598, 30.529915805], [114.340616158, 30.529916544], [114.34062277, 30.529916724], [114.340629371, 30.529916347], [114.340635896, 30.529915411], [114.340642284, 30.52991393], [114.340782408, 30.529874996], [114.340783071, 30.529875007], [114.34078962, 30.529874557], [114.34082562, 30.529870557], [114.340833005, 30.529869371], [114.340840192, 30.529867486], [114.340992192, 30.529819486], [114.34099828, 30.529817266], [114.341004087, 30.529814542], [114.341007804, 30.529812367], [114.341886249, 30.529568279], [114.341989939, 30.529799992], [114.342186357, 30.530342701]]]}, "properties": {"id": 16939, "land_type": "居住用地"}}, {"type": "Feature", "geometry": {"type": "Polygon", "coordinates": [[[114.339851668, 30.544882578], [114.339852668, 30.544882644], [114.33985366, 30.544882766], [114.341379472, 30.545006971], [114.341357061, 30.545131533], [114.339844473, 30.545019241], [114.33974511, 30.545010097], [114.339749244, 30.544871584], [114.339851668, 30.544882578]]]}, "properties": {"id": 16959, "land_type": "居住用地"}}, {"type": "Feature", "geometry": {"type": "Polygon", "coordinates": [[[114.341784918, 30.538834294], [114.341778385, 30.538835169], [114.341771983, 30.538836592], [114.341765773, 30.538838548], [114.341759817, 30.53884102], [114.34175417, 30.538843982], [114.341748888, 30.538847408], [114.341744021, 30.538851261], [114.341739615, 30.538855509], [114.341735715, 30.538860106], [114.341732357, 30.538865012], [114.341729573, 30.538870177], [114.341727389, 30.538875552], [114.341725829, 30.538881085], [114.341724905, 30.538886724], [114.341724628, 30.538892414], [114.341725, 30.538898099], [114.341726017, 30.538903727], [114.341794532, 30.539189701], [114.341795983, 30.539199107], [114.341699386, 30.539220948], [114.341699139, 30.539221005], [114.341103349, 30.539356755], [114.340728281, 30.539429543], [114.340457555, 30.539469909], [114.340033785, 30.539505444], [114.339821043, 30.539511917], [114.339820836, 30.539511923], [114.339789336, 30.539512924], [114.339786827, 30.539513023], [114.339304214, 30.539536115], [114.338899403, 30.539554506], [114.338897809, 30.539554675], [114.338895222, 30.539554752], [114.338882115, 30.539556261], [114.338881323, 30.539556421], [114.338880772, 30.53955648], [114.338494572, 30.53962118], [114.338490696, 30.539621969], [114.338488196, 30.539622388], [114.338486463, 30.539622831], [114.338484053, 30.539623323], [114.338478124, 30.539624972], [114.338475523, 30.53962564], [114.338474762, 30.539625908], [114.338473768, 30.539626185], [114.338189468, 30.539716285], [114.338173657, 30.539722314], [114.337988558, 30.539805514], [114.337978706, 30.539810408], [114.337969368, 30.539816002], [114.33781079, 30.539919802], [114.337809374, 30.539335879], [114.337809373, 30.539335637], [114.337806373, 30.538922638], [114.337806103, 30.5389178], [114.337805366, 30.538913], [114.33779592, 30.538866498], [114.337800306, 30.538863722], [114.337805225, 30.538859917], [114.337809688, 30.538855715], [114.33781365, 30.538851156], [114.337817074, 30.538846285], [114.337819928, 30.538841148], [114.337822184, 30.538835795], [114.337823819, 30.538830277], [114.337824819, 30.538824649], [114.337825172, 30.538818961], [114.337824878, 30.538813273], [114.337823938, 30.538807636], [114.33782236, 30.538802106], [114.33782016, 30.538796736], [114.337817361, 30.538791577], [114.337813987, 30.538786679], [114.337810073, 30.538782091], [114.337805655, 30.538777854], [114.337800776, 30.538774011], [114.337795482, 30.538770597], [114.337789827, 30.538767648], [114.337783863, 30.53876519], [114.337777648, 30.538763248], [114.337666348, 30.538733697], [114.33765652, 30.538728236], [114.337651171, 30.538725555], [114.337645559, 30.538723309], [114.33763973, 30.538721516], [114.335350286, 30.53811757], [114.334211825, 30.537793798], [114.334205314, 30.537792254], [114.333963915, 30.537746054], [114.333955985, 30.537744958], [114.333947959, 30.537744683], [114.333701236, 30.537748915], [114.333674182, 30.537744941], [114.333539528, 30.53771021], [114.333532469, 30.537708742], [114.333525267, 30.537707936], [114.332672467, 30.537652536], [114.332669257, 30.537652394], [114.332277657, 30.537643094], [114.33227479, 30.537643079], [114.330847291, 30.537661518], [114.330426562, 30.537616219], [114.329897311, 30.537507035], [114.329638121, 30.537425938], [114.329563219, 30.53735383], [114.329245078, 30.536861441], [114.329245255, 30.53686135], [114.329250578, 30.536857972], [114.329255491, 30.536854161], [114.329259946, 30.536849954], [114.329263902, 30.536845391], [114.329267318, 30.536840515], [114.329270164, 30.536835374], [114.329272411, 30.536830019], [114.329274038, 30.5368245], [114.329275028, 30.536818869], [114.329275373, 30.536813182], [114.329280374, 30.535438181], [114.329280369, 30.53543809], [114.329280375, 30.535438], [114.329280375, 30.535437], [114.329280227, 30.535433164], [114.329275226, 30.535368164], [114.329274625, 30.535363375], [114.329274507, 30.535362848], [114.329355958, 30.535328623], [114.329748988, 30.535184473], [114.330413448, 30.534940552], [114.330842623, 30.534782825], [114.330861212, 30.534775001], [114.330878774, 30.534765583], [114.330895125, 30.534754668], [114.331080633, 30.534617192], [114.331352139, 30.534520464], [114.332280215, 30.534197976], [114.332359587, 30.53437219], [114.332225028, 30.534422822], [114.332224398, 30.534423092], [114.332223746, 30.53442332], [114.332221438, 30.534424358], [114.332219106, 30.534425356], [114.33221851, 30.534425677], [114.332217887, 30.534425958], [114.332215709, 30.534427188], [114.332213501, 30.534428377], [114.332212944, 30.534428747], [114.332212356, 30.534429079], [114.332210328, 30.534430485], [114.332208268, 30.534431856], [114.332207756, 30.534432272], [114.332207207, 30.534432652], [114.33220535, 30.534434224], [114.332203455, 30.534435761], [114.332202992, 30.534436218], [114.33220249, 30.534436642], [114.33220082, 30.534438364], [114.332199109, 30.534440053], [114.332198702, 30.534440547], [114.332198249, 30.534441012], [114.332196783, 30.534442865], [114.332195273, 30.534444692], [114.332194924, 30.534445217], [114.332194527, 30.534445718], [114.33219328, 30.534447686], [114.332191984, 30.534449631], [114.332191695, 30.534450184], [114.332191358, 30.534450716], [114.33219034, 30.534452781], [114.332189272, 30.534454826], [114.332189047, 30.534455399], [114.332188772, 30.534455957], [114.332187994, 30.534458097], [114.332187164, 30.534460223], [114.332187006, 30.534460813], [114.332186796, 30.534461392], [114.332186265, 30.534463587], [114.332185681, 30.534465773], [114.332185591, 30.534466374], [114.332185447, 30.534466966], [114.33218517, 30.534469197], [114.332184837, 30.534471422], [114.332184815, 30.534472026], [114.33218474, 30.53447263], [114.332184716, 30.534474872], [114.332184639, 30.534477113], [114.332184687, 30.534477718], [114.33218468, 30.534478324], [114.332184912, 30.534480558], [114.33218509, 30.534482795], [114.332185206, 30.534483393], [114.332185269, 30.534483996], [114.332185754, 30.534486199], [114.332186185, 30.534488411], [114.332186369, 30.534488996], [114.332186501, 30.534489591], [114.332187233, 30.534491743], [114.332187914, 30.534493907], [114.332188164, 30.534494474], [114.332188363, 30.534495056], [114.332189338, 30.534497135], [114.332190261, 30.534499231], [114.332190574, 30.534499775], [114.332190838, 30.534500337], [114.332539333, 30.535150107], [114.332506897, 30.535177035], [114.3320079, 30.535365871], [114.332001984, 30.535368415], [114.331996386, 30.535371446], [114.33199116, 30.535374936], [114.331986356, 30.535378848], [114.331982023, 30.535383148], [114.331978198, 30.535387794], [114.33197492, 30.535392739], [114.331972221, 30.535397938], [114.331970126, 30.53540334], [114.331968657, 30.535408892], [114.331967826, 30.535414541], [114.331967641, 30.535420234], [114.331968106, 30.535425914], [114.331969215, 30.535431529], [114.331970958, 30.535437023], [114.331973318, 30.535442342], [114.33197627, 30.535447437], [114.33197979, 30.535452258], [114.331983841, 30.535456759], [114.331988384, 30.535460896], [114.331993376, 30.53546463], [114.33199877, 30.535467925], [114.332004512, 30.535470748], [114.332010547, 30.535473072], [114.332016818, 30.535474876], [114.332023265, 30.535476143], [114.332029824, 30.535476858], [114.332036433, 30.535477016], [114.332043029, 30.535476616], [114.332049547, 30.53547566], [114.332055925, 30.53547416], [114.332062101, 30.535472128], [114.332572102, 30.535279128], [114.332577432, 30.535276864], [114.332582512, 30.535274203], [114.332587299, 30.535271168], [114.332591756, 30.535267781], [114.332644041, 30.535224376], [114.332666307, 30.535206949], [114.332666466, 30.535206813], [114.332666638, 30.535206689], [114.332717493, 30.535166356], [114.333019781, 30.535038054], [114.333021326, 30.535037315], [114.333022909, 30.535036637], [114.333024214, 30.535035932], [114.333025561, 30.535035289], [114.333027015, 30.535034423], [114.333028512, 30.535033615], [114.333029731, 30.535032804], [114.333030999, 30.535032049], [114.333032346, 30.535031064], [114.333033745, 30.535030135], [114.333034867, 30.535029224], [114.333036041, 30.535028366], [114.333037271, 30.535027272], [114.333038557, 30.535026229], [114.33303957, 30.535025228], [114.333040642, 30.535024275], [114.33304174, 30.535023083], [114.333042902, 30.535021936], [114.333043795, 30.535020855], [114.333044752, 30.535019816], [114.333045711, 30.535018537], [114.333046736, 30.535017297], [114.333047502, 30.535016146], [114.333048337, 30.53501503], [114.333049146, 30.535013676], [114.333050024, 30.535012356], [114.333050655, 30.535011145], [114.33305136, 30.535009965], [114.33305201, 30.53500855], [114.333052735, 30.535007161], [114.333053225, 30.535005904], [114.333053791, 30.53500467], [114.333054278, 30.535003206], [114.33305484, 30.535001763], [114.333055185, 30.53500047], [114.333055609, 30.534999194], [114.333055926, 30.534997697], [114.333056322, 30.534996213], [114.333056518, 30.534994897], [114.333056794, 30.534993591], [114.333056939, 30.534992075], [114.333057165, 30.534990564], [114.333057211, 30.534989239], [114.333057337, 30.534987916], [114.333057309, 30.534986394], [114.333057361, 30.534984873], [114.333057256, 30.534983549], [114.33305723, 30.534982222], [114.333057029, 30.53498071], [114.333056908, 30.534979192], [114.333056653, 30.534977882], [114.333056477, 30.534976565], [114.333056104, 30.534975076], [114.333055811, 30.534973575], [114.333055407, 30.534972295], [114.333055084, 30.534970998], [114.333054542, 30.534969548], [114.33305408, 30.53496808], [114.333053533, 30.534966839], [114.333053062, 30.534965576], [114.33305236, 30.534964179], [114.333051733, 30.534962756], [114.332715733, 30.534300756], [114.332715685, 30.534300673], [114.332715646, 30.534300587], [114.332714213, 30.534298122], [114.332712789, 30.534295656], [114.332712733, 30.534295577], [114.332712685, 30.534295495], [114.332710978, 30.534293163], [114.332709282, 30.534290829], [114.332709216, 30.534290756], [114.332709159, 30.534290678], [114.332707195, 30.534288502], [114.33270524, 30.534286321], [114.332705167, 30.534286254], [114.332705101, 30.534286181], [114.3327029, 30.534284182], [114.332700705, 30.534282176], [114.332700624, 30.534282116], [114.33270055, 30.534282049], [114.332698132, 30.534280246], [114.332695721, 30.534278434], [114.332695635, 30.534278381], [114.332695553, 30.534278321], [114.332692941, 30.53427673], [114.332690335, 30.534275132], [114.332690241, 30.534275086], [114.332690154, 30.534275032], [114.332687374, 30.53427367], [114.332684599, 30.5342723], [114.332684501, 30.534272261], [114.332684408, 30.534272216], [114.332681486, 30.534271095], [114.332678568, 30.534269965], [114.332678467, 30.534269936], [114.332678369, 30.534269899], [114.332675333, 30.534269029], [114.332672301, 30.534268152], [114.332672196, 30.534268131], [114.332672095, 30.534268101], [114.332668975, 30.534267492], [114.332665858, 30.534266875], [114.332665751, 30.534266864], [114.332665647, 30.534266843], [114.332662472, 30.5342665], [114.332659299, 30.53426615], [114.332659192, 30.534266147], [114.332659086, 30.534266135], [114.332655888, 30.534266062], [114.33265269, 30.534265981], [114.332652583, 30.534265987], [114.332652476, 30.534265984], [114.332649285, 30.534266182], [114.332646095, 30.534266371], [114.332645988, 30.534266386], [114.332645882, 30.534266392], [114.332642728, 30.534266858], [114.332639574, 30.534267315], [114.332639471, 30.534267339], [114.332639366, 30.534267355], [114.332636281, 30.534268085], [114.332633193, 30.534268806], [114.332633092, 30.534268839], [114.33263299, 30.534268864], [114.332630002, 30.53426985], [114.332627013, 30.534270829], [114.332626916, 30.53427087], [114.332626816, 30.534270903], [114.332483066, 30.5343255], [114.332404338, 30.534152696], [114.333040622, 30.533920261], [114.333570464, 30.533748313], [114.333574123, 30.533747091], [114.333777831, 30.533677062], [114.334054336, 30.53358433], [114.33406054, 30.533582146], [114.334444423, 30.533440606], [114.335549638, 30.533073897], [114.336436582, 30.532780714], [114.337071784, 30.532574309], [114.337099072, 30.532646062], [114.337313572, 30.53321026], [114.337315936, 30.533215578], [114.337318893, 30.533220672], [114.337322415, 30.533225491], [114.33732647, 30.533229989], [114.337331016, 30.533234125], [114.337336011, 30.533237856], [114.337341406, 30.533241146], [114.337347151, 30.533243967], [114.337353188, 30.533246288], [114.337359461, 30.533248088], [114.337365909, 30.533249351], [114.337372468, 30.533250062], [114.337379077, 30.533250217], [114.337385673, 30.533249813], [114.33739219, 30.533248854], [114.337398567, 30.53324735], [114.337404742, 30.533245314], [114.337410655, 30.533242767], [114.337416251, 30.533239732], [114.337421473, 30.53323624], [114.337426274, 30.533232324], [114.337430606, 30.533228022], [114.337434426, 30.533223374], [114.3374377, 30.533218426], [114.337440396, 30.533213226], [114.337442486, 30.533207823], [114.337443951, 30.533202271], [114.337444777, 30.533196619], [114.337444957, 30.533190927], [114.337444488, 30.533185246], [114.337443374, 30.533179633], [114.337441628, 30.533174141], [114.337227128, 30.532609941], [114.337197981, 30.5325333], [114.338509048, 30.532107218], [114.338548333, 30.532204981], [114.338548451, 30.532205235], [114.338548543, 30.532205497], [114.338630544, 30.532403497], [114.338633068, 30.532408761], [114.338636179, 30.532413786], [114.338639847, 30.532418525], [114.338644037, 30.532422931], [114.338648707, 30.532426961], [114.338653814, 30.532430578], [114.338659308, 30.532433747], [114.338665136, 30.532436436], [114.338671242, 30.53243862], [114.338677567, 30.532440279], [114.33868405, 30.532441396], [114.33869063, 30.532441959], [114.338697241, 30.532441965], [114.338703822, 30.532441412], [114.338710308, 30.532440306], [114.338716636, 30.532438658], [114.338722748, 30.532436484], [114.338728581, 30.532433803], [114.338734083, 30.532430644], [114.338739197, 30.532427036], [114.338743877, 30.532423013], [114.338748076, 30.532418614], [114.338751756, 30.532413882], [114.338754878, 30.532408862], [114.338757413, 30.532403602], [114.338759339, 30.532398154], [114.338760635, 30.53239257], [114.33876129, 30.532386903], [114.338761296, 30.532381208], [114.338760654, 30.53237554], [114.338759371, 30.532369953], [114.338757457, 30.532364503], [114.338697028, 30.532218587], [114.339020378, 30.532103823], [114.339099929, 30.532083725], [114.339153062, 30.532087521], [114.339166518, 30.532090025], [114.339199723, 30.532129616], [114.339369934, 30.53244069], [114.339526731, 30.532796955], [114.339573019, 30.532909783], [114.339646362, 30.533206088], [114.339661596, 30.533331764], [114.339660177, 30.533469358], [114.339531666, 30.533478151], [114.339523901, 30.533479076], [114.339441901, 30.533493076], [114.339436824, 30.53349412], [114.339431855, 30.5334955], [114.339358855, 30.533518501], [114.339352161, 30.533520971], [114.339345815, 30.533524048], [114.339224939, 30.533590336], [114.339175921, 30.533611106], [114.339074968, 30.533632175], [114.33901204, 30.533633788], [114.338964322, 30.533625112], [114.338700545, 30.533494673], [114.338694688, 30.533492096], [114.338688567, 30.533490023], [114.33868224, 30.533488473], [114.338632239, 30.533478473], [114.338625181, 30.533477398], [114.338618029, 30.533476976], [114.338610866, 30.53347721], [114.338603773, 30.533478099], [114.338596829, 30.53347963], [114.338559829, 30.533489631], [114.338554145, 30.533491413], [114.338548669, 30.533493626], [114.338543445, 30.533496254], [114.338538516, 30.533499274], [114.338533922, 30.533502664], [114.338346921, 30.533653665], [114.338342891, 30.533657209], [114.338294892, 30.533703208], [114.338291313, 30.53370694], [114.338288107, 30.533710916], [114.338285298, 30.533715108], [114.338268298, 30.533743108], [114.338265311, 30.533748739], [114.338263039, 30.533754612], [114.338261505, 30.533760661], [114.338260728, 30.533766814], [114.338257728, 30.533813814], [114.338257656, 30.533818732], [114.338258069, 30.533823636], [114.338287069, 30.534040635], [114.338288145, 30.534046254], [114.338289857, 30.534051755], [114.338292187, 30.534057085], [114.338295112, 30.534062192], [114.338298603, 30.534067028], [114.338302629, 30.534071546], [114.338307149, 30.534075702], [114.338312119, 30.534079457], [114.338317495, 30.534082773], [114.338323221, 30.534085621], [114.338329243, 30.534087971], [114.338335504, 30.534089801], [114.338341944, 30.534091093], [114.338348499, 30.534091837], [114.338355107, 30.534092022], [114.338361704, 30.53409165], [114.338368227, 30.534090722], [114.338374613, 30.534089247], [114.338380802, 30.53408724], [114.338386732, 30.534084721], [114.338392346, 30.534081714], [114.338397591, 30.534078247], [114.338402417, 30.534074354], [114.338406776, 30.534070072], [114.338410627, 30.534065443], [114.338413932, 30.534060511], [114.33841666, 30.534055323], [114.338418785, 30.534049931], [114.338420286, 30.534044385], [114.33842115, 30.534038738], [114.338421364, 30.534033046], [114.338420932, 30.534027363], [114.338392587, 30.533815263], [114.338394471, 30.533785745], [114.338400775, 30.533775362], [114.338441183, 30.533736639], [114.338614854, 30.533596401], [114.33861965, 30.533595104], [114.338642077, 30.53359959], [114.338906455, 30.533730327], [114.338912725, 30.533733064], [114.338919293, 30.533735222], [114.338926085, 30.53373678], [114.338992086, 30.53374878], [114.339000003, 30.5337498], [114.339008005, 30.533750004], [114.339086006, 30.533748004], [114.339092984, 30.533747512], [114.339099866, 30.533746398], [114.339214865, 30.533722399], [114.339221941, 30.533720563], [114.33922874, 30.53371807], [114.339287741, 30.533693072], [114.339294185, 30.533689951], [114.339412014, 30.533625335], [114.339473231, 30.533606047], [114.339546249, 30.533593581], [114.339732336, 30.533580849], [114.339732438, 30.533580837], [114.339732544, 30.533580835], [114.339956179, 30.533564932], [114.34026081, 30.533553981], [114.340263199, 30.533553858], [114.3405932, 30.533531858], [114.340593871, 30.53353181], [114.340885871, 30.53350981], [114.340892422, 30.533509037], [114.340898853, 30.533507713], [114.340905101, 30.533505853], [114.34091111, 30.533503474], [114.340916817, 30.5335006], [114.34092217, 30.533497258], [114.340927118, 30.53349348], [114.340931611, 30.533489302], [114.340935607, 30.533484766], [114.340939069, 30.533479913], [114.34094196, 30.533474791], [114.340944255, 30.533469451], [114.340945932, 30.533463942], [114.340946974, 30.533458318], [114.340947369, 30.533452634], [114.340947119, 30.533446943], [114.340946219, 30.5334413], [114.340944683, 30.533435762], [114.340942523, 30.533430379], [114.340939762, 30.533425204], [114.340936426, 30.533420288], [114.340932545, 30.533415677], [114.340928158, 30.533411416], [114.340923308, 30.533407546], [114.340918041, 30.533404104], [114.340912407, 30.533401123], [114.340906461, 30.533398631], [114.340900261, 30.533396655], [114.340893865, 30.533395211], [114.340887336, 30.533394314], [114.340880736, 30.533393972], [114.34087413, 30.533394189], [114.340582465, 30.533416164], [114.340253995, 30.533438063], [114.33994919, 30.533449019], [114.339946457, 30.533449166], [114.339795027, 30.533459934], [114.339796372, 30.533329516], [114.33979601, 30.533322974], [114.339780009, 30.533190973], [114.339778893, 30.533184899], [114.339703893, 30.5328819], [114.339701524, 30.532874666], [114.339653525, 30.532757666], [114.339652999, 30.53275643], [114.339494998, 30.532397429], [114.339492944, 30.532393259], [114.339318945, 30.53207526], [114.339316027, 30.532070512], [114.339312614, 30.532066017], [114.339260613, 30.532004017], [114.339256193, 30.531999289], [114.339251225, 30.531994986], [114.339245762, 30.531991153], [114.339239864, 30.531987831], [114.339233595, 30.53198506], [114.339227025, 30.531982866], [114.339220225, 30.531981276], [114.339177226, 30.531973276], [114.339168569, 30.531972166], [114.339098567, 30.531967166], [114.339092376, 30.53196697], [114.339086188, 30.531967265], [114.339080058, 30.531968048], [114.339074038, 30.531969314], [114.338979038, 30.531993314], [114.338972332, 30.531995344], [114.338652323, 30.532108922], [114.338632698, 30.532060082], [114.339210399, 30.531835589], [114.340109376, 30.531531985], [114.340514252, 30.531395268], [114.341286657, 30.531150779], [114.34128753, 30.531164323], [114.341304332, 30.531424028], [114.341304958, 30.531429323], [114.341337657, 30.531619023], [114.341337753, 30.531619561], [114.341388543, 30.531896322], [114.341499035, 30.533102763], [114.341577336, 30.533956072], [114.341578179, 30.533961721], [114.341579661, 30.533967271], [114.341581769, 30.533972669], [114.341584479, 30.533977863], [114.341587769, 30.533982803], [114.341591604, 30.533987442], [114.341595949, 30.533991734], [114.341600761, 30.53399564], [114.341605995, 30.53399912], [114.3416116, 30.534002141], [114.34161752, 30.534004675], [114.341623702, 30.534006697], [114.341630083, 30.534008186], [114.341636603, 30.534009132], [114.341643199, 30.534009521], [114.341649808, 30.53400935], [114.341656366, 30.534008623], [114.34166281, 30.534007347], [114.341669076, 30.534005532], [114.341675106, 30.534003198], [114.341680842, 30.534000364], [114.341686228, 30.533997061], [114.341691211, 30.533993319], [114.341695746, 30.533989174], [114.341699786, 30.533984665], [114.341703294, 30.533979838], [114.341706236, 30.533974739], [114.341708583, 30.533969414], [114.341710313, 30.533963917], [114.341711409, 30.533958302], [114.341711862, 30.53395262], [114.341711664, 30.533946928], [114.341638895, 30.533153892], [114.342641065, 30.533121049], [114.342650642, 30.533501258], [114.342650648, 30.533501322], [114.342650646, 30.533501384], [114.34265065, 30.533501437], [114.342650649, 30.533501489], [114.342668648, 30.534105489], [114.342669142, 30.534111168], [114.34267028, 30.534116779], [114.342672051, 30.534122265], [114.342674436, 30.534127576], [114.342677416, 30.53413266], [114.342680959, 30.534137467], [114.342685033, 30.534141953], [114.342689597, 30.534146073], [114.342694609, 30.534149788], [114.342700019, 30.534153063], [114.342705775, 30.534155864], [114.342711823, 30.534158166], [114.342718103, 30.534159946], [114.342724556, 30.534161187], [114.342731118, 30.534161879], [114.342737728, 30.534162012], [114.342744322, 30.534161586], [114.342750835, 30.534160606], [114.342757206, 30.534159081], [114.342763371, 30.534157026], [114.342769274, 30.534154459], [114.342774856, 30.534151408], [114.342780063, 30.534147899], [114.342784847, 30.534143968], [114.342789159, 30.534139651], [114.342792961, 30.534134992], [114.342796213, 30.534130034], [114.342798886, 30.534124825], [114.342800952, 30.534119415], [114.342802395, 30.534113857], [114.342803197, 30.534108204], [114.342803351, 30.534102512], [114.342787084, 30.533556627], [114.343722102, 30.533537403], [114.343735643, 30.534077253], [114.343735674, 30.534077631], [114.343735667, 30.534078009], [114.343735906, 30.53408047], [114.34373611, 30.534082934], [114.343736183, 30.534083307], [114.34373622, 30.534083684], [114.343736738, 30.534086113], [114.343737221, 30.534088548], [114.343737337, 30.534088913], [114.343737416, 30.534089285], [114.343738209, 30.534091659], [114.343738966, 30.53409404], [114.343739122, 30.534094394], [114.343739244, 30.534094759], [114.343740303, 30.534097054], [114.343741327, 30.53409936], [114.343741523, 30.534099699], [114.343741685, 30.534100051], [114.343743, 30.534102246], [114.343744282, 30.534104454], [114.343744516, 30.534104774], [114.343744718, 30.534105111], [114.343746275, 30.534107184], [114.343747803, 30.534109275], [114.343748072, 30.534109574], [114.343748312, 30.534109892], [114.343750098, 30.534111823], [114.343751855, 30.534113774], [114.343752157, 30.534114049], [114.343752431, 30.534114346], [114.343754429, 30.534116117], [114.3437564, 30.53411791], [114.343756732, 30.534118159], [114.343757039, 30.534118431], [114.343759228, 30.534120024], [114.343761394, 30.534121643], [114.343761753, 30.534121862], [114.343762089, 30.534122106], [114.343764449, 30.534123507], [114.343766788, 30.534124936], [114.34376717, 30.534125123], [114.343767533, 30.534125338], [114.343770041, 30.534126534], [114.343772532, 30.534127757], [114.343772933, 30.534127912], [114.343773318, 30.534128095], [114.34377595, 30.534129073], [114.343778568, 30.53413008], [114.343778986, 30.5341302], [114.343779389, 30.53413035], [114.343782121, 30.534131101], [114.343784839, 30.534131883], [114.343785269, 30.534131966], [114.343785687, 30.534132081], [114.343788491, 30.534132599], [114.343791287, 30.534133147], [114.343791724, 30.534133194], [114.343792153, 30.534133273], [114.343795003, 30.534133551], [114.343797846, 30.53413386], [114.343798286, 30.53413387], [114.343798723, 30.534133913], [114.343801589, 30.534133949], [114.343804455, 30.534134017], [114.343804894, 30.534133991], [114.343805334, 30.534133996], [114.344607985, 30.534110036], [114.344613829, 30.534365896], [114.344369565, 30.534401482], [114.344368534, 30.534401639], [114.344083849, 30.534447039], [114.343584746, 30.534460799], [114.34358463, 30.534460803], [114.34271023, 30.534486203], [114.342708883, 30.534486253], [114.342191044, 30.534510236], [114.342102895, 30.534513305], [114.341739546, 30.53449774], [114.341732934, 30.534497738], [114.341726355, 30.534498293], [114.341719869, 30.5344994], [114.341713541, 30.53450105], [114.341707431, 30.534503226], [114.341701598, 30.534505908], [114.341696098, 30.534509068], [114.341690986, 30.534512679], [114.341686307, 30.534516703], [114.341682109, 30.534521103], [114.341678433, 30.534525836], [114.341675312, 30.534530857], [114.341672778, 30.534536117], [114.341670856, 30.534541565], [114.341669561, 30.53454715], [114.341668909, 30.534552818], [114.341668905, 30.534558512], [114.341669549, 30.53456418], [114.341670836, 30.534569766], [114.341672751, 30.534575217], [114.341675277, 30.534580479], [114.341678391, 30.534585503], [114.341682061, 30.534590241], [114.341686252, 30.534594645], [114.341690924, 30.534598674], [114.341696033, 30.534602289], [114.341701528, 30.534605456], [114.341707357, 30.534608144], [114.341713464, 30.534610327], [114.34171979, 30.534611983], [114.341726274, 30.534613097], [114.341732854, 30.534613658], [114.341962097, 30.534623478], [114.341963862, 30.534624513], [114.341969666, 30.534627242], [114.341975752, 30.534629466], [114.341982062, 30.534631166], [114.341988535, 30.534632327], [114.34199511, 30.534632934], [114.34200172, 30.534632983], [114.342102268, 30.534629482], [114.342111053, 30.534629859], [114.342118018, 30.534629847], [114.342197382, 30.534626172], [114.343351079, 30.534586005], [114.343879347, 30.534576305], [114.343876638, 30.534702931], [114.343876775, 30.534707839], [114.343877392, 30.53471272], [114.343883392, 30.534746719], [114.343884613, 30.534751987], [114.343886394, 30.534757135], [114.343888722, 30.534762119], [114.343891573, 30.534766896], [114.343907572, 30.534790896], [114.343911223, 30.534795786], [114.343915422, 30.534800336], [114.343920128, 30.534804502], [114.343925295, 30.534808241], [114.343930869, 30.534811517], [114.34396887, 30.534831517], [114.343975308, 30.534834505], [114.343982084, 30.534836875], [114.344036085, 30.534852874], [114.34404324, 30.53485462], [114.344050575, 30.534855676], [114.344058, 30.534856029], [114.344173001, 30.534856029], [114.344174141, 30.534856022], [114.344860141, 30.534846023], [114.344862578, 30.534845949], [114.3449866, 30.534840268], [114.345009284, 30.534843292], [114.345036491, 30.534859616], [114.345041623, 30.534862408], [114.345155623, 30.534918408], [114.345159661, 30.534920239], [114.345231661, 30.534950239], [114.345237744, 30.534952464], [114.345244051, 30.534954163], [114.345311052, 30.534969163], [114.345317996, 30.534970386], [114.345325052, 30.534970974], [114.345378051, 30.534972975], [114.34538449, 30.534972952], [114.345675489, 30.534959952], [114.345682395, 30.534959335], [114.345689189, 30.53495811], [114.34575519, 30.53494311], [114.345761492, 30.534941389], [114.345767568, 30.534939144], [114.345773359, 30.534936396], [114.34577881, 30.534933173], [114.345783869, 30.534929506], [114.345788485, 30.534925428], [114.345792614, 30.534920981], [114.345796219, 30.534916208], [114.345799262, 30.534911152], [114.345801716, 30.534905863], [114.345803556, 30.534900394], [114.345804763, 30.534894794], [114.345805329, 30.53488912], [114.345805246, 30.534883426], [114.345804515, 30.534877766], [114.345803145, 30.534872195], [114.345801146, 30.534866767], [114.345798539, 30.534861532], [114.34579535, 30.534856545], [114.345791608, 30.534851849], [114.34578735, 30.534847493], [114.345782617, 30.534843517], [114.345777453, 30.53483996], [114.34577191, 30.534836856], [114.34576604, 30.534834234], [114.345759901, 30.534832121], [114.34575355, 30.534830536], [114.345747049, 30.534829496], [114.345740462, 30.534829008], [114.345733851, 30.534829079], [114.34572728, 30.53482971], [114.345720812, 30.534830891], [114.345661551, 30.534844359], [114.345380729, 30.534856904], [114.345338061, 30.534855293], [114.345284369, 30.534843273], [114.345220395, 30.534816617], [114.345111018, 30.534762888], [114.34507351, 30.534740384], [114.345068329, 30.534737567], [114.345062873, 30.534735168], [114.345057185, 30.534733206], [114.345051313, 30.534731696], [114.345045308, 30.534730652], [114.345000308, 30.534724652], [114.344993382, 30.534724042], [114.344986423, 30.534724051], [114.344856641, 30.534729996], [114.34417243, 30.534739969], [114.344069264, 30.534739969], [114.344032862, 30.534729184], [114.344015841, 30.534720225], [114.344014712, 30.534718531], [114.344011468, 30.534700147], [114.344014171, 30.534573779], [114.34415835, 30.534571019], [114.344288203, 30.534569021], [114.344294116, 30.534568706], [114.344299973, 30.534567944], [114.344512974, 30.534531945], [114.344695243, 30.534501068], [114.344781967, 30.534488152], [114.344915569, 30.534490954], [114.345153602, 30.534513012], [114.345592376, 30.534594041], [114.345593006, 30.534594154], [114.345655337, 30.534605129], [114.345655734, 30.534606358], [114.345657784, 30.534611077], [114.345660301, 30.534615624], [114.345663267, 30.534619967], [114.345684567, 30.534648267], [114.345687998, 30.534652414], [114.345691836, 30.534656285], [114.345696054, 30.534659852], [114.345700618, 30.534663087], [114.345731818, 30.534683287], [114.345737275, 30.534686472], [114.345743068, 30.534689184], [114.34574914, 30.534691394], [114.345755436, 30.534693083], [114.345803035, 30.534703683], [114.345809571, 30.534704844], [114.345816209, 30.534705443], [114.345822883, 30.534705474], [114.345829526, 30.534704935], [114.345868126, 30.534700136], [114.345873883, 30.534699198], [114.345879523, 30.534697833], [114.345885004, 30.534696052], [114.345890285, 30.534693866], [114.345909046, 30.53468522], [114.34610581, 30.534903217], [114.346107709, 30.534905227], [114.346400109, 30.535200927], [114.346400165, 30.535200983], [114.346612908, 30.535415565], [114.346757054, 30.535724187], [114.346909221, 30.536104898], [114.34693342, 30.536209187], [114.346929018, 30.536271365], [114.3467247, 30.536865623], [114.346724361, 30.536866642], [114.346508088, 30.537540655], [114.346471123, 30.537622063], [114.346445338, 30.537645585], [114.345946104, 30.537804596], [114.34562418, 30.537898515], [114.345453997, 30.537939133], [114.345045925, 30.538010327], [114.345045283, 30.538010441], [114.344364856, 30.5381351], [114.344180634, 30.538164974], [114.344180481, 30.538164999], [114.343960648, 30.538201101], [114.343400212, 30.538212487], [114.34339718, 30.538212609], [114.34304578, 30.538233409], [114.343040734, 30.538233872], [114.342855734, 30.538256972], [114.342852631, 30.538257424], [114.342164257, 30.538371871], [114.342053857, 30.538371871], [114.342044756, 30.538370971], [114.342007232, 30.538296723], [114.341988881, 30.538246042], [114.341961674, 30.538087487], [114.341965562, 30.538032286], [114.341966987, 30.53802934], [114.341975946, 30.538025189], [114.343012581, 30.537910557], [114.343019089, 30.537909555], [114.343025453, 30.537908009], [114.343031609, 30.537905933], [114.3430375, 30.537903347], [114.343043069, 30.537900277], [114.34304826, 30.537896751], [114.343053026, 30.537892803], [114.34305732, 30.537888473], [114.3430611, 30.537883801], [114.343064329, 30.537878832], [114.34306698, 30.537873615], [114.343069022, 30.537868199], [114.343070439, 30.537862637], [114.343071216, 30.537856981], [114.343071344, 30.537851288], [114.343070825, 30.537845611], [114.343069663, 30.537840005], [114.343067868, 30.537834524], [114.343065458, 30.53782922], [114.343062456, 30.537824147], [114.34305889, 30.537819351], [114.343054797, 30.537814879], [114.343050215, 30.537810774], [114.343045186, 30.537807076], [114.343039762, 30.537803821], [114.343033993, 30.537801038], [114.343027936, 30.537798757], [114.343021647, 30.537796997], [114.343015188, 30.537795777], [114.343008623, 30.537795108], [114.343002012, 30.537794997], [114.342995421, 30.537795445], [114.341946421, 30.537911445], [114.341940352, 30.53791236], [114.341934405, 30.537913749], [114.341928632, 30.5379156], [114.341923077, 30.537917899], [114.341882078, 30.537936899], [114.341876456, 30.537939817], [114.34187119, 30.537943192], [114.34186633, 30.537946994], [114.341861923, 30.537951185], [114.341858011, 30.537955724], [114.34185463, 30.53796057], [114.341851811, 30.537965676], [114.341836812, 30.537996676], [114.341834315, 30.538002771], [114.341834163, 30.538003334], [114.341830365, 30.537793695], [114.341829938, 30.537788012], [114.341828866, 30.537782393], [114.341827159, 30.537776891], [114.341824835, 30.53777156], [114.341821916, 30.53776645], [114.341818428, 30.537761612], [114.341814408, 30.537757092], [114.341809891, 30.537752933], [114.341804923, 30.537749174], [114.341799552, 30.537745854], [114.341793829, 30.537743002], [114.341787808, 30.537740648], [114.341781549, 30.537738814], [114.341775112, 30.537737517], [114.341768557, 30.537736769], [114.341761948, 30.537736579], [114.34175535, 30.537736947], [114.341748827, 30.53773787], [114.341742439, 30.53773934], [114.341736248, 30.537741341], [114.341730317, 30.537743856], [114.3417247, 30.53774686], [114.341719451, 30.537750323], [114.341714622, 30.537754213], [114.341710259, 30.537758491], [114.341706404, 30.537763118], [114.341703094, 30.537768047], [114.34170036, 30.537773232], [114.34169823, 30.537778624], [114.341696724, 30.537784168], [114.341695856, 30.537789814], [114.341695634, 30.537795506], [114.341701035, 30.538093605], [114.341701821, 30.538101584], [114.34173132, 30.538265583], [114.341732583, 30.538270926], [114.341734421, 30.538276143], [114.341777321, 30.538380044], [114.341779794, 30.538385225], [114.341782835, 30.538390178], [114.341786418, 30.538394854], [114.341790506, 30.538399212], [114.341795064, 30.538403209], [114.341864764, 30.538458709], [114.341870217, 30.538462613], [114.341876117, 30.538466003], [114.341882397, 30.538468839], [114.341888989, 30.538471091], [114.34189582, 30.538472734], [114.341902813, 30.538473749], [114.341982495, 30.538481632], [114.342013793, 30.538506026], [114.342014491, 30.538506518], [114.342015145, 30.538507052], [114.342017046, 30.538508322], [114.342018907, 30.538509635], [114.342019657, 30.538510067], [114.342020369, 30.538510542], [114.342022406, 30.538511645], [114.342024407, 30.538512795], [114.342025203, 30.53851316], [114.342025966, 30.538513574], [114.342028119, 30.5385145], [114.342030241, 30.538515476], [114.342031075, 30.538515772], [114.342031881, 30.538516119], [114.342034128, 30.538516859], [114.342036351, 30.538517651], [114.342037215, 30.538517875], [114.342038056, 30.538518153], [114.342040377, 30.538518699], [114.34204268, 30.5385193], [114.342043564, 30.53851945], [114.342044434, 30.538519655], [114.342046806, 30.538520004], [114.342049166, 30.538520406], [114.342050063, 30.538520482], [114.342050952, 30.538520612], [114.342053352, 30.538520759], [114.342055746, 30.53852096], [114.342056648, 30.538520959], [114.342057547, 30.538521014], [114.342059952, 30.538520956], [114.342062358, 30.538520956], [114.342063255, 30.538520879], [114.342064157, 30.538520858], [114.342185157, 30.538512858], [114.342190827, 30.538512274], [114.342968269, 30.538403253], [114.342876798, 30.538881129], [114.342859335, 30.538950543], [114.342815777, 30.53895903], [114.342809383, 30.538958233], [114.342748383, 30.538953233], [114.342743393, 30.538952984], [114.342738394, 30.538953055], [114.342673395, 30.538956055], [114.342671569, 30.538956217], [114.342669738, 30.53895631], [114.342668283, 30.538956509], [114.342666818, 30.538956638], [114.34266502, 30.538956953], [114.342663207, 30.538957201], [114.342391206, 30.539006201], [114.342387617, 30.539006938], [114.34218782, 30.53905289], [114.341975722, 30.539100464], [114.341913381, 30.539111494], [114.341857984, 30.538880273], [114.341856332, 30.538874759], [114.34185406, 30.538869411], [114.34185119, 30.538864281], [114.34184775, 30.538859417], [114.341843774, 30.538854868], [114.341839299, 30.538850676], [114.341834369, 30.538846882], [114.341829031, 30.538843522], [114.341823335, 30.538840629], [114.341817338, 30.538838232], [114.341811097, 30.538836351], [114.341804672, 30.538835008], [114.341798124, 30.538834212], [114.341791519, 30.538833973], [114.341784918, 30.538834294]]]}, "properties": {"id": 16949, "land_type": "公园与绿地用地"}}, {"type": "Feature", "geometry": {"type": "Polygon", "coordinates": [[[114.340413534, 30.539805234], [114.34041394, 30.539810818], [114.340435166, 30.539975096], [114.340451173, 30.540344862], [114.34045191, 30.540351519], [114.340478708, 30.54050162], [114.340479672, 30.540505921], [114.340481008, 30.540510149], [114.340548296, 30.540695114], [114.340572277, 30.540837748], [114.340535037, 30.540951937], [114.340030856, 30.540656998], [114.340030232, 30.540656671], [114.34002964, 30.540656304], [114.339218253, 30.540203437], [114.339127408, 30.540127128], [114.339059683, 30.540044953], [114.339005285, 30.539941689], [114.33897327, 30.539848431], [114.339046489, 30.539841344], [114.339209516, 30.539832455], [114.340045719, 30.539793283], [114.340049882, 30.539793033], [114.340412883, 30.539766297], [114.340413534, 30.539805234]]]}, "properties": {"id": 16950, "land_type": "居住用地"}}, {"type": "Feature", "geometry": {"type": "Polygon", "coordinates": [[[114.340628231, 30.541499407], [114.340564157, 30.541601927], [114.340482474, 30.54168361], [114.340134752, 30.541896269], [114.340044382, 30.541944746], [114.340040068, 30.541947265], [114.339898067, 30.542037265], [114.339896935, 30.542037998], [114.339823507, 30.542086619], [114.339816374, 30.542090982], [114.339816374, 30.542053127], [114.339818373, 30.541658253], [114.339818374, 30.541657875], [114.339817375, 30.541260874], [114.339817329, 30.541258866], [114.339812452, 30.541144748], [114.339816004, 30.541095901], [114.339819057, 30.541081074], [114.340455853, 30.541449181], [114.340461517, 30.541452119], [114.340467488, 30.541454563], [114.340473709, 30.541456493], [114.340480119, 30.541457888], [114.340486657, 30.541458735], [114.34049326, 30.541459026], [114.340499865, 30.541458759], [114.340506408, 30.541457935], [114.340512824, 30.541456562], [114.340519054, 30.541454656], [114.340525037, 30.541452231], [114.340530715, 30.541449314], [114.340536033, 30.541445931], [114.340540942, 30.541442116], [114.340545391, 30.541437904], [114.340549341, 30.541433338], [114.340552752, 30.54142846], [114.340555591, 30.541423317], [114.340557832, 30.54141796], [114.340559452, 30.541412439], [114.340560436, 30.541406807], [114.340560773, 30.54140112], [114.340560463, 30.541395432], [114.340559506, 30.541389798], [114.340557914, 30.541384271], [114.340555698, 30.541378906], [114.340552884, 30.541373753], [114.340549497, 30.541368862], [114.340545569, 30.541364282], [114.340541139, 30.541360054], [114.34053625, 30.541356221], [114.340530946, 30.54135282], [114.339882955, 30.540978241], [114.339999337, 30.540809452], [114.340344501, 30.54100558], [114.340582303, 30.541141724], [114.340582785, 30.541141997], [114.340743493, 30.541232304], [114.34071712, 30.541285049], [114.340715954, 30.541287539], [114.340708953, 30.54130354], [114.340708754, 30.541304074], [114.340708506, 30.541304593], [114.340628231, 30.541499407]]]}, "properties": {"id": 16951, "land_type": "居住用地"}}, {"type": "Feature", "geometry": {"type": "Polygon", "coordinates": [[[114.346844044, 30.555542114], [114.346828687, 30.555882512], [114.346825728, 30.555936784], [114.346807764, 30.556178292], [114.346807749, 30.556185509], [114.346824864, 30.556428716], [114.346803935, 30.556446005], [114.346784208, 30.556459157], [114.346772108, 30.556463329], [114.34674513, 30.556466168], [114.346681501, 30.55646906], [114.346617387, 30.556471889], [114.346510221, 30.556466096], [114.346509085, 30.556466043], [114.346433086, 30.556463043], [114.346431397, 30.556462994], [114.346393042, 30.55646231], [114.346361995, 30.556446531], [114.346356304, 30.556438351], [114.346283586, 30.556309621], [114.346283267, 30.556309064], [114.346219425, 30.556199059], [114.346195532, 30.556148518], [114.346171117, 30.556079964], [114.34614942, 30.555998836], [114.346144123, 30.555962647], [114.346140319, 30.555907491], [114.34613735, 30.555813424], [114.346137236, 30.555812137], [114.346137201, 30.555810847], [114.346133484, 30.555766234], [114.346146294, 30.555522825], [114.346844044, 30.555542114]]]}, "properties": {"id": 17123, "land_type": "居住用地"}}, {"type": "Feature", "geometry": {"type": "Polygon", "coordinates": [[[114.345273969, 30.556099522], [114.345273976, 30.556099549], [114.345273982, 30.556099576], [114.345299938, 30.556209354], [114.344810339, 30.556090548], [114.344813741, 30.556013441], [114.34523895, 30.555950692], [114.345273969, 30.556099522]]]}, "properties": {"id": 17124, "land_type": "居住用地"}}, {"type": "Feature", "geometry": {"type": "Polygon", "coordinates": [[[114.339453608, 30.543757426], [114.339379608, 30.543765427], [114.339372138, 30.543766606], [114.339364869, 30.543768502], [114.338878869, 30.543921502], [114.338870944, 30.543924508], [114.338832943, 30.543941508], [114.338827705, 30.543944115], [114.33882276, 30.543947116], [114.338818147, 30.543950487], [114.338788147, 30.543974488], [114.338786029, 30.543976356], [114.338783892, 30.543978212], [114.33878372, 30.543978394], [114.33878353, 30.543978562], [114.338781634, 30.543980603], [114.33877972, 30.543982629], [114.338779569, 30.543982824], [114.338779398, 30.543983009], [114.338777743, 30.543985199], [114.338776069, 30.543987376], [114.338775941, 30.543987584], [114.338775793, 30.543987781], [114.338774395, 30.5439901], [114.338772977, 30.543992409], [114.338772873, 30.543992627], [114.338772747, 30.543992836], [114.338771621, 30.543995261], [114.338770471, 30.543997679], [114.338770393, 30.543997905], [114.338770292, 30.543998123], [114.338769447, 30.544000632], [114.338768579, 30.544003135], [114.338758578, 30.544038134], [114.338757416, 30.54404314], [114.33875677, 30.544048213], [114.338756643, 30.544053316], [114.338757039, 30.54405841], [114.338761039, 30.544089408], [114.33876194, 30.544094401], [114.338763342, 30.544099306], [114.338780341, 30.544149306], [114.338780998, 30.544151126], [114.3389073, 30.544481916], [114.337697667, 30.544838216], [114.337476063, 30.544386419], [114.337473218, 30.544381327], [114.337456612, 30.544354969], [114.339205827, 30.543563771], [114.339211522, 30.543560879], [114.339216862, 30.543557521], [114.339221793, 30.543553727], [114.339226268, 30.543549536], [114.339230245, 30.543544987], [114.339233686, 30.543540124], [114.339236556, 30.543534994], [114.339238829, 30.543529647], [114.339240481, 30.543524133], [114.339241499, 30.543518507], [114.339241873, 30.543512822], [114.339241596, 30.543507132], [114.339240673, 30.543501494], [114.339239113, 30.54349596], [114.339236931, 30.543490585], [114.339234147, 30.54348542], [114.33923079, 30.543480515], [114.33922689, 30.543475916], [114.339222486, 30.543471669], [114.33921762, 30.543467815], [114.339212338, 30.543464389], [114.339206692, 30.543461427], [114.339200735, 30.543458954], [114.339194527, 30.543456997], [114.339188125, 30.543455573], [114.339181592, 30.543454697], [114.33917499, 30.543454376], [114.339168385, 30.543454614], [114.339161837, 30.543455409], [114.339155412, 30.543456752], [114.33914917, 30.543458632], [114.339143174, 30.543461029], [114.339069268, 30.543494457], [114.339307795, 30.543364703], [114.339512579, 30.543263304], [114.339517802, 30.543260436], [114.339606802, 30.543206436], [114.339612668, 30.54320244], [114.339671668, 30.543157439], [114.339676287, 30.543153562], [114.339680453, 30.543149322], [114.33968413, 30.543144757], [114.339729131, 30.543082757], [114.339731678, 30.54307893], [114.339733881, 30.543074949], [114.33976688, 30.543008949], [114.339768954, 30.54300425], [114.339770549, 30.542999415], [114.339771651, 30.542994478], [114.339774868, 30.542975722], [114.339777038, 30.542973852], [114.339781231, 30.542969448], [114.339784902, 30.542964712], [114.339788017, 30.542959689], [114.339790544, 30.542954427], [114.339792462, 30.542948977], [114.339793749, 30.542943392], [114.339794394, 30.542937725], [114.339800799, 30.542824533], [114.33982465, 30.542685479], [114.339825021, 30.542682929], [114.339838022, 30.542573929], [114.339838058, 30.542573618], [114.339877531, 30.542224124], [114.339914025, 30.542173596], [114.340209447, 30.541992922], [114.340417619, 30.541881254], [114.340422084, 30.54187864], [114.340502084, 30.54182764], [114.34050832, 30.541823138], [114.340572104, 30.541771129], [114.340699508, 30.541693212], [114.340704584, 30.541689781], [114.340709255, 30.541685948], [114.340713479, 30.541681748], [114.340717218, 30.541677219], [114.340720435, 30.541672403], [114.340723105, 30.541667344], [114.340725199, 30.541662089], [114.340814194, 30.541398252], [114.340861409, 30.54131003], [114.341152102, 30.54152518], [114.34136734, 30.541737897], [114.341505922, 30.541928064], [114.341622095, 30.542185636], [114.341959809, 30.542993555], [114.34195989, 30.542993746], [114.342168919, 30.543488347], [114.341483508, 30.543697304], [114.341235315, 30.543773075], [114.340852092, 30.542914088], [114.34084942, 30.54290888], [114.340846169, 30.542903921], [114.340842368, 30.542899262], [114.340838057, 30.542894944], [114.340833274, 30.542891012], [114.340828067, 30.542887503], [114.340822486, 30.54288445], [114.340816584, 30.542881884], [114.340810419, 30.542879827], [114.340804049, 30.542878301], [114.340797536, 30.54287732], [114.340790942, 30.542876894], [114.340784333, 30.542877026], [114.34077777, 30.542877716], [114.340771316, 30.542878956], [114.340765036, 30.542880735], [114.340758988, 30.542883036], [114.34075323, 30.542885837], [114.34074782, 30.542889109], [114.340742808, 30.542892823], [114.340738243, 30.542896942], [114.340734168, 30.542901426], [114.340730623, 30.542906233], [114.340727643, 30.542911316], [114.340725255, 30.542916626], [114.340723483, 30.542922112], [114.340722345, 30.542927722], [114.340721849, 30.5429334], [114.340722003, 30.542939093], [114.340722803, 30.542944745], [114.340724243, 30.542950303], [114.34072631, 30.542955711], [114.341108267, 30.543811861], [114.341067542, 30.543824294], [114.339837166, 30.54419797], [114.339803551, 30.544115732], [114.33980322, 30.544115035], [114.33980295, 30.54411432], [114.339705949, 30.543895319], [114.339702922, 30.543889475], [114.339699167, 30.543883954], [114.339659167, 30.543831953], [114.339654946, 30.543827047], [114.339650149, 30.543822551], [114.339644831, 30.543818513], [114.339639049, 30.543814978], [114.339573049, 30.54377898], [114.339567699, 30.543776347], [114.339562091, 30.543774148], [114.339556272, 30.543772399], [114.339550293, 30.543771115], [114.339475293, 30.543758116], [114.339468108, 30.543757214], [114.339460851, 30.543756983], [114.339453608, 30.543757426]]]}, "properties": {"id": 16955, "land_type": "行政办公用地"}}, {"type": "Feature", "geometry": {"type": "Polygon", "coordinates": [[[114.341643584, 30.54712076], [114.34164377, 30.547120766], [114.341643953, 30.547120788], [114.342459753, 30.5471841], [114.342457514, 30.547200029], [114.342457214, 30.54720267], [114.3424033, 30.547823072], [114.340112058, 30.547704], [114.340123879, 30.547667645], [114.340125577, 30.547660897], [114.340126333, 30.547654021], [114.340161311, 30.546789576], [114.340174236, 30.546583535], [114.340201294, 30.546587286], [114.34020785, 30.546587914], [114.340214445, 30.546587986], [114.340221018, 30.546587501], [114.340227503, 30.546586467], [114.340233841, 30.54658489], [114.340239968, 30.546582788], [114.340245828, 30.54658018], [114.340251828, 30.54657718], [114.340258091, 30.546573633], [114.340263859, 30.546569508], [114.340268858, 30.546565508], [114.340273632, 30.54656128], [114.340277882, 30.546556656], [114.340281564, 30.546551685], [114.340284643, 30.546546416], [114.340287084, 30.546540907], [114.340288864, 30.546535213], [114.340289864, 30.546531213], [114.340290998, 30.54652511], [114.340306, 30.54640311], [114.340306186, 30.546401332], [114.340308185, 30.546378331], [114.340308374, 30.546374], [114.340308374, 30.546369], [114.340308026, 30.546363117], [114.340306988, 30.546357294], [114.340305271, 30.546351592], [114.340305076, 30.546351142], [114.340304762, 30.546350003], [114.340303762, 30.546347003], [114.340301689, 30.546341739], [114.340299038, 30.546336671], [114.340295838, 30.546331845], [114.340292115, 30.546327303], [114.340291128, 30.546326315], [114.340290571, 30.546325486], [114.34028986, 30.546324635], [114.340289211, 30.546323746], [114.340287931, 30.546322323], [114.340286712, 30.546320862], [114.340285907, 30.546320075], [114.340285161, 30.546319245], [114.340283725, 30.546317937], [114.340282345, 30.546316587], [114.340281455, 30.546315871], [114.340280617, 30.546315109], [114.340279039, 30.546313929], [114.340277512, 30.546312701], [114.340276544, 30.546312064], [114.340275624, 30.546311375], [114.340273921, 30.546310335], [114.340272261, 30.546309241], [114.340271226, 30.546308688], [114.340270232, 30.546308082], [114.340268417, 30.546307189], [114.340266642, 30.546306241], [114.340265548, 30.546305779], [114.34026449, 30.546305259], [114.340262582, 30.546304524], [114.340260707, 30.54630373], [114.340259566, 30.546303362], [114.340258455, 30.546302934], [114.340256472, 30.546302364], [114.340254516, 30.546301733], [114.340253338, 30.546301463], [114.340252184, 30.54630113], [114.340250146, 30.54630073], [114.340248127, 30.546300267], [114.340246924, 30.546300098], [114.340245737, 30.546299864], [114.340243663, 30.546299638], [114.340241602, 30.546299348], [114.340240385, 30.546299281], [114.340239178, 30.546299148], [114.340014392, 30.546284228], [114.339954398, 30.54627836], [114.33995505, 30.546274683], [114.33995905, 30.546239683], [114.339959373, 30.546234264], [114.339959107, 30.546228844], [114.339958255, 30.546223469], [114.339955254, 30.546209469], [114.339954865, 30.546207791], [114.339951866, 30.546195791], [114.339950627, 30.546191601], [114.339937627, 30.546153601], [114.339935697, 30.546148759], [114.339900234, 30.546071123], [114.339882274, 30.546010627], [114.339881462, 30.546008126], [114.339870276, 30.545976431], [114.339868044, 30.545967504], [114.339865302, 30.545916326], [114.339865129, 30.545914761], [114.339865035, 30.545913191], [114.339840035, 30.545699192], [114.33983876, 30.545692377], [114.339816761, 30.545607377], [114.339815337, 30.545602776], [114.339813481, 30.545598291], [114.339811204, 30.545593952], [114.339769204, 30.545521952], [114.339767599, 30.545519366], [114.339715831, 30.545440788], [114.339705373, 30.545407328], [114.339705373, 30.545355497], [114.339721886, 30.545237969], [114.339722026, 30.545236883], [114.339735162, 30.545125891], [114.339830842, 30.545134696], [114.33983153, 30.54513473], [114.339832214, 30.54513481], [114.341340343, 30.54524677], [114.341320944, 30.545418377], [114.341320669, 30.545421947], [114.341317669, 30.545494948], [114.34131779, 30.545501036], [114.341318651, 30.545507079], [114.341320243, 30.54551301], [114.341332242, 30.545549011], [114.341334396, 30.545554444], [114.341337164, 30.545559669], [114.341340518, 30.545564631], [114.341344426, 30.545569285], [114.341348847, 30.545573583], [114.341353741, 30.545577483], [114.341359057, 30.545580948], [114.341405058, 30.545607947], [114.341410041, 30.545610606], [114.341415273, 30.545612882], [114.341469273, 30.545633882], [114.341474856, 30.5456358], [114.341480616, 30.545637281], [114.341486506, 30.545638315], [114.341492479, 30.545638893], [114.341751321, 30.545653887], [114.341612154, 30.546904489], [114.341593795, 30.547000081], [114.341304416, 30.546976241], [114.341297413, 30.546975979], [114.341290417, 30.546976346], [114.341131893, 30.546991811], [114.3410917, 30.546990064], [114.340604001, 30.546965079], [114.34059739, 30.54696502], [114.340590804, 30.546965519], [114.340584306, 30.546966573], [114.340577959, 30.54696817], [114.340571824, 30.546970294], [114.340565962, 30.546972926], [114.340560427, 30.546976041], [114.340555273, 30.546979607], [114.34055055, 30.546983592], [114.340546302, 30.546987956], [114.340542573, 30.546992657], [114.340539396, 30.546997651], [114.340536803, 30.547002889], [114.340534818, 30.547008321], [114.340533461, 30.547013893], [114.340532745, 30.547019554], [114.340532677, 30.547025248], [114.340533257, 30.54703092], [114.34053448, 30.547036516], [114.340536334, 30.547041982], [114.340538801, 30.547047264], [114.340541858, 30.547052314], [114.340545473, 30.547057081], [114.340549615, 30.547061519], [114.340554242, 30.547065587], [114.340559309, 30.547069245], [114.340564768, 30.547072457], [114.340570567, 30.547075193], [114.340576648, 30.547077426], [114.340582955, 30.547079135], [114.340589427, 30.547080304], [114.340595999, 30.54708092], [114.341084, 30.54710592], [114.341084302, 30.547105923], [114.341084602, 30.547105949], [114.341130604, 30.54710795], [114.3411361, 30.547107995], [114.341141584, 30.547107654], [114.341298591, 30.547092336], [114.341643584, 30.54712076]]]}, "properties": {"id": 16962, "land_type": "医疗卫生用地"}}, {"type": "Feature", "geometry": {"type": "Polygon", "coordinates": [[[114.339809214, 30.546188857], [114.339820664, 30.546222323], [114.339822925, 30.546231373], [114.339824018, 30.546236473], [114.339821304, 30.546260229], [114.339815037, 30.54628619], [114.33981419, 30.546290514], [114.339813724, 30.546294882], [114.339811875, 30.546324461], [114.339795264, 30.54642804], [114.339790267, 30.546459017], [114.339789691, 30.546464466], [114.339789713, 30.546469936], [114.339790333, 30.546475383], [114.339791546, 30.546480753], [114.339793341, 30.546486002], [114.339795703, 30.546491081], [114.33979861, 30.546495947], [114.339802035, 30.546500555], [114.339805949, 30.546504864], [114.339808949, 30.546507864], [114.339814147, 30.546512512], [114.339819912, 30.546516635], [114.339826173, 30.54652018], [114.339828173, 30.54652118], [114.339834478, 30.546523961], [114.339841088, 30.546526157], [114.339847928, 30.546527744], [114.339854926, 30.546528703], [114.339855575, 30.546528732], [114.339872914, 30.546532893], [114.339877416, 30.546533831], [114.340040595, 30.546562759], [114.340026725, 30.546783871], [114.340026722, 30.546784426], [114.340026668, 30.54678498], [114.339991949, 30.54764304], [114.339974452, 30.547696849], [114.338470824, 30.547618709], [114.338514221, 30.547063901], [114.338514313, 30.547062447], [114.338519313, 30.546960448], [114.338519373, 30.546958], [114.338519373, 30.546865], [114.338519348, 30.546863423], [114.338516349, 30.546768422], [114.338515995, 30.546763858], [114.338504995, 30.546674859], [114.338504574, 30.546672084], [114.338491575, 30.546600085], [114.338490735, 30.546596281], [114.338472735, 30.546527281], [114.338471758, 30.54652399], [114.338448759, 30.546454991], [114.338447324, 30.546451185], [114.338410185, 30.546363154], [114.339156758, 30.546147129], [114.339162861, 30.546148881], [114.339169308, 30.546150143], [114.339175868, 30.546150855], [114.339182478, 30.54615101], [114.339189073, 30.546150605], [114.33919559, 30.546149646], [114.339201966, 30.546148143], [114.339737605, 30.545997087], [114.339739137, 30.546003212], [114.339740539, 30.546007874], [114.339752099, 30.546040631], [114.339770726, 30.546103373], [114.339773303, 30.546110242], [114.339809214, 30.546188857]]]}, "properties": {"id": 16964, "land_type": "居住用地"}}, {"type": "Feature", "geometry": {"type": "Polygon", "coordinates": [[[114.340864495, 30.548040995], [114.340855609, 30.548177996], [114.34045984, 30.548148272], [114.34005475, 30.548107496], [114.340055088, 30.548104329], [114.340055273, 30.548102163], [114.340061766, 30.54799973], [114.340864495, 30.548040995]]]}, "properties": {"id": 16967, "land_type": "商业服务用地"}}, {"type": "Feature", "geometry": {"type": "Polygon", "coordinates": [[[114.341844638, 30.54809138], [114.341834617, 30.548243702], [114.341425177, 30.548217148], [114.340989942, 30.548187612], [114.340999004, 30.54804791], [114.341844638, 30.54809138]]]}, "properties": {"id": 16968, "land_type": "行政办公用地"}}, {"type": "Feature", "geometry": {"type": "Polygon", "coordinates": [[[114.342231844, 30.549650941], [114.341341259, 30.549544529], [114.341341174, 30.549544522], [114.341341091, 30.549544509], [114.340386206, 30.549432523], [114.338524322, 30.549208536], [114.338517585, 30.54920802], [114.338510823, 30.54920809], [114.338332464, 30.549217632], [114.338328198, 30.549181573], [114.338323443, 30.54910167], [114.338328307, 30.548996595], [114.338334217, 30.548894166], [114.338441286, 30.547916427], [114.339927256, 30.547992815], [114.339920795, 30.548094752], [114.339917912, 30.54812167], [114.339917628, 30.548126822], [114.339917875, 30.548131976], [114.339919874, 30.548151976], [114.33992067, 30.548157172], [114.339922006, 30.548162286], [114.339923873, 30.548167275], [114.339926255, 30.548172097], [114.339929132, 30.548176715], [114.339938132, 30.548189715], [114.339938752, 30.548190517], [114.33993931, 30.548191354], [114.339940581, 30.548192887], [114.339941793, 30.548194457], [114.339942501, 30.548195203], [114.339943151, 30.548195987], [114.339944591, 30.548197407], [114.339945975, 30.548198866], [114.339946765, 30.548199549], [114.339947501, 30.548200275], [114.339949096, 30.548201567], [114.33995064, 30.548202902], [114.339951503, 30.548203514], [114.339952319, 30.548204175], [114.339954053, 30.548205325], [114.339955742, 30.548206525], [114.339956671, 30.548207061], [114.339957558, 30.54820765], [114.339959414, 30.548208648], [114.33996123, 30.548209698], [114.339962216, 30.548210155], [114.339963166, 30.548210666], [114.339965126, 30.548211502], [114.339967054, 30.548212393], [114.339968088, 30.548212765], [114.33996909, 30.548213193], [114.339971137, 30.54821386], [114.339973156, 30.548214585], [114.339974227, 30.548214868], [114.339975274, 30.548215208], [114.339977387, 30.548215699], [114.33997948, 30.548216251], [114.339980577, 30.54821644], [114.339981658, 30.548216692], [114.339983816, 30.548217003], [114.339985961, 30.548217375], [114.339987075, 30.548217471], [114.33998818, 30.548217629], [114.340381377, 30.548257208], [114.340358787, 30.548540003], [114.340323788, 30.548974989], [114.340323748, 30.54897671], [114.34032363, 30.548978429], [114.340323681, 30.548979555], [114.340323655, 30.548980682], [114.340323811, 30.548982398], [114.340323889, 30.548984119], [114.340324068, 30.548985235], [114.340324171, 30.548986359], [114.340324521, 30.548988053], [114.340324795, 30.548989758], [114.340325101, 30.548990855], [114.340325331, 30.548991965], [114.340325872, 30.548993622], [114.340326338, 30.548995295], [114.340326767, 30.54899636], [114.340327121, 30.548997445], [114.340327849, 30.548999048], [114.340328505, 30.549000674], [114.340329052, 30.549001699], [114.340329529, 30.549002749], [114.340330435, 30.549004283], [114.340331273, 30.549005846], [114.340331934, 30.549006819], [114.340332528, 30.549007823], [114.340333605, 30.549009274], [114.340334615, 30.549010759], [114.340335384, 30.54901167], [114.340336089, 30.54901262], [114.340337327, 30.549013973], [114.340338501, 30.549015365], [114.340339371, 30.549016208], [114.34034018, 30.549017093], [114.340341565, 30.549018335], [114.340342894, 30.549019621], [114.340343854, 30.549020387], [114.340344761, 30.5490212], [114.340346281, 30.549022318], [114.340347749, 30.549023487], [114.340348791, 30.549024167], [114.340349787, 30.549024899], [114.340351426, 30.549025885], [114.34035302, 30.549026924], [114.340354136, 30.549027513], [114.340355209, 30.549028158], [114.340356953, 30.549028999], [114.340358657, 30.549029899], [114.340359835, 30.549030391], [114.340360976, 30.549030942], [114.340362807, 30.549031633], [114.340364606, 30.549032384], [114.340365834, 30.549032774], [114.340367033, 30.549033226], [114.340368934, 30.549033759], [114.34037081, 30.549034354], [114.340372075, 30.549034639], [114.34037332, 30.549034988], [114.340375272, 30.549035358], [114.340377206, 30.549035793], [114.340378499, 30.549035969], [114.340379778, 30.549036211], [114.340381762, 30.549036413], [114.340383737, 30.549036684], [114.341336736, 30.549125684], [114.341336872, 30.549125691], [114.341337005, 30.549125709], [114.341339265, 30.549125815], [114.341341521, 30.549125982], [114.342297227, 30.549156296], [114.342231844, 30.549650941]]]}, "properties": {"id": 16970, "land_type": "公园与绿地用地"}}, {"type": "Feature", "geometry": {"type": "Polygon", "coordinates": [[[114.341325781, 30.548659455], [114.341284014, 30.549004036], [114.340462692, 30.548927333], [114.340488534, 30.54860616], [114.341325781, 30.548659455]]]}, "properties": {"id": 16971, "land_type": "公园与绿地用地"}}, {"type": "Feature", "geometry": {"type": "Polygon", "coordinates": [[[114.339335989, 30.549837659], [114.339329499, 30.549838738], [114.33932316, 30.549840361], [114.339317038, 30.54984251], [114.339311189, 30.549845166], [114.339305671, 30.549848303], [114.339300537, 30.54985189], [114.339295835, 30.549855894], [114.339291612, 30.549860274], [114.339287907, 30.54986499], [114.339284758, 30.549869997], [114.339282193, 30.549875245], [114.339280239, 30.549880684], [114.339278913, 30.549886263], [114.339278227, 30.549891926], [114.339278189, 30.54989762], [114.339278801, 30.549903289], [114.339280054, 30.54990888], [114.339281937, 30.549914338], [114.339284434, 30.549919611], [114.339287518, 30.549924647], [114.339291159, 30.5499294], [114.339295325, 30.549933822], [114.339299973, 30.549937871], [114.339305061, 30.549941507], [114.339310538, 30.549944697], [114.339316351, 30.54994741], [114.339322445, 30.549949617], [114.339328761, 30.549951301], [114.340798897, 30.550276029], [114.340988432, 30.550350348], [114.341076189, 30.550412514], [114.341140752, 30.550490668], [114.341726051, 30.551428762], [114.341729385, 30.55143354], [114.341733236, 30.55143802], [114.341737569, 30.551442161], [114.341742342, 30.551445926], [114.341747512, 30.551449277], [114.341753033, 30.551452187], [114.341758853, 30.551454627], [114.341764918, 30.551456575], [114.341771172, 30.551458013], [114.341777556, 30.551458926], [114.341784013, 30.551459309], [114.341980504, 30.551462792], [114.341997903, 30.551776668], [114.341998451, 30.551781779], [114.34199952, 30.551786829], [114.342055865, 30.551999103], [114.340393554, 30.553136363], [114.339002003, 30.551342478], [114.338923938, 30.55110154], [114.33864698, 30.550230674], [114.338646958, 30.550230617], [114.338646944, 30.550230558], [114.338359038, 30.549332477], [114.338512403, 30.549324272], [114.340367679, 30.549547463], [114.340367795, 30.549547472], [114.340367908, 30.549547491], [114.341322825, 30.549659481], [114.342213227, 30.549765872], [114.341998033, 30.551035319], [114.341997402, 30.551040958], [114.341980602, 30.551346729], [114.341826126, 30.551343989], [114.341257449, 30.550432538], [114.341252999, 30.550426366], [114.341180798, 30.550338966], [114.341177153, 30.550334939], [114.341173109, 30.550331204], [114.341168701, 30.55032779], [114.3410672, 30.550255891], [114.341062516, 30.550252856], [114.341057543, 30.550250184], [114.341052319, 30.550247896], [114.340849319, 30.550168295], [114.340843815, 30.550166385], [114.340838138, 30.550164898], [114.339362239, 30.549838897], [114.339355761, 30.549837755], [114.339349185, 30.549837165], [114.339342573, 30.549837133], [114.339335989, 30.549837659]]]}, "properties": {"id": 16976, "land_type": "教育用地"}}, {"type": "Feature", "geometry": {"type": "Polygon", "coordinates": [[[114.344199787, 30.556237562], [114.344200072, 30.55623822], [114.3442003, 30.556238895], [114.344287864, 30.556457809], [114.344274322, 30.556460789], [114.344270363, 30.556461772], [114.344187362, 30.556484771], [114.344185148, 30.556485422], [114.343429302, 30.556720092], [114.343129361, 30.556385923], [114.343018576, 30.556215372], [114.344040491, 30.555898001], [114.344071469, 30.55588966], [114.344199787, 30.556237562]]]}, "properties": {"id": 17125, "land_type": "居住用地"}}, {"type": "Feature", "geometry": {"type": "Polygon", "coordinates": [[[114.342336754, 30.552729426], [114.342360755, 30.552790729], [114.3425141, 30.553182778], [114.340955601, 30.553762931], [114.340842589, 30.553805024], [114.340581561, 30.553380197], [114.340847223, 30.553196212], [114.340849301, 30.553194712], [114.341481198, 30.55271979], [114.342140645, 30.552228218], [114.342336754, 30.552729426]]]}, "properties": {"id": 16980, "land_type": "居住用地"}}, {"type": "Feature", "geometry": {"type": "Polygon", "coordinates": [[[114.339966179, 30.553025483], [114.340200348, 30.5533211], [114.340541534, 30.553924616], [114.340461914, 30.55395909], [114.336035161, 30.55587534], [114.335595008, 30.554964327], [114.335594594, 30.554963475], [114.335177893, 30.554119975], [114.33516958, 30.554105893], [114.335111509, 30.554022179], [114.334957307, 30.553690934], [114.334956786, 30.553689954], [114.334956362, 30.55368894], [114.33465782, 30.553069918], [114.335212345, 30.552837309], [114.336544024, 30.552335147], [114.336544049, 30.552335139], [114.338757453, 30.55149929], [114.339966179, 30.553025483]]]}, "properties": {"id": 16981, "land_type": "教育用地"}}, {"type": "Feature", "geometry": {"type": "Polygon", "coordinates": [[[114.34087295, 30.554440033], [114.341373047, 30.555186572], [114.340963418, 30.555444676], [114.34061498, 30.555664188], [114.339964962, 30.55464339], [114.34020244, 30.554539369], [114.340679023, 30.554332308], [114.340772457, 30.554291738], [114.34087295, 30.554440033]]]}, "properties": {"id": 16984, "land_type": "商务办公用地"}}, {"type": "Feature", "geometry": {"type": "Polygon", "coordinates": [[[114.341418504, 30.555491715], [114.341408694, 30.55551694], [114.341392985, 30.555538362], [114.341376717, 30.555555986], [114.341013659, 30.555788891], [114.340435589, 30.556134335], [114.340431785, 30.556136784], [114.340405785, 30.556154784], [114.340401335, 30.556158152], [114.340397247, 30.556161845], [114.340393551, 30.556165832], [114.340382549, 30.556178832], [114.340379111, 30.556183319], [114.340376169, 30.556188061], [114.340373749, 30.556193016], [114.340371873, 30.556198143], [114.340367874, 30.556211144], [114.340366461, 30.556216898], [114.340365733, 30.556222746], [114.340365696, 30.556228627], [114.340366696, 30.556247627], [114.340367182, 30.556252431], [114.340370181, 30.556272431], [114.340372141, 30.556280706], [114.34038533, 30.556321092], [114.340385068, 30.556328157], [114.34038421, 30.556329873], [114.340382753, 30.556331861], [114.340360821, 30.556345873], [114.340326173, 30.556361864], [114.3403216, 30.556364179], [114.340317253, 30.556366796], [114.339268253, 30.557052797], [114.339267581, 30.557053242], [114.33925057, 30.557064661], [114.339101641, 30.556881113], [114.340083839, 30.556284407], [114.34008417, 30.556284184], [114.340084524, 30.556283986], [114.34069852, 30.555900988], [114.341427731, 30.555446244], [114.341418504, 30.555491715]]]}, "properties": {"id": 16987, "land_type": "商业服务用地"}}, {"type": "Feature", "geometry": {"type": "Polygon", "coordinates": [[[114.338823521, 30.556792776], [114.337197052, 30.557817399], [114.336840427, 30.55734312], [114.336563401, 30.556909625], [114.337258627, 30.556602559], [114.337493079, 30.556516435], [114.337689077, 30.556493488], [114.337695576, 30.556492445], [114.337701927, 30.556490859], [114.337708065, 30.556488745], [114.337713933, 30.556486121], [114.337719475, 30.556483017], [114.337724636, 30.556479458], [114.337729369, 30.556475481], [114.337733624, 30.556471124], [114.337737364, 30.556466429], [114.337740552, 30.55646144], [114.337743155, 30.556456207], [114.337745152, 30.556450779], [114.337746519, 30.556445209], [114.337747248, 30.55643955], [114.337747328, 30.556433856], [114.33774676, 30.556428185], [114.337745548, 30.556422587], [114.337743706, 30.556417119], [114.33774125, 30.556411833], [114.337738205, 30.556406779], [114.337734598, 30.556402008], [114.337730467, 30.556397562], [114.337725849, 30.556393488], [114.337720788, 30.556389823], [114.337715336, 30.556386602], [114.337709543, 30.556383858], [114.337703466, 30.556381616], [114.337697163, 30.556379896], [114.337690694, 30.556378718], [114.337684123, 30.556378092], [114.337677511, 30.556378022], [114.337670923, 30.556378512], [114.337465924, 30.556402511], [114.337460002, 30.556403439], [114.3374542, 30.556404817], [114.337448564, 30.556406636], [114.337203565, 30.556496635], [114.337199252, 30.556498377], [114.336499492, 30.556807446], [114.336299583, 30.556422467], [114.336264064, 30.556353006], [114.336229129, 30.556279753], [114.3398448, 30.554696023], [114.340505301, 30.555733283], [114.338823521, 30.556792776]]]}, "properties": {"id": 16988, "land_type": "商业服务用地"}}, {"type": "Feature", "geometry": {"type": "Polygon", "coordinates": [[[114.345358129, 30.556480023], [114.344837288, 30.556403802], [114.344827938, 30.556403006], [114.344706939, 30.556400007], [114.34470002, 30.556400142], [114.344693153, 30.556400887], [114.344654153, 30.556406886], [114.344649112, 30.556407834], [114.344501112, 30.556440836], [114.344498544, 30.556441455], [114.344431061, 30.556458982], [114.344430851, 30.556458982], [114.34435258, 30.556263305], [114.344738633, 30.556193702], [114.345328963, 30.556336951], [114.345358129, 30.556480023]]]}, "properties": {"id": 17126, "land_type": "居住用地"}}, {"type": "Feature", "geometry": {"type": "Polygon", "coordinates": [[[114.341580691, 30.555537086], [114.341585945, 30.555545255], [114.341591943, 30.555553032], [114.341664645, 30.555639535], [114.341847917, 30.555857572], [114.34184712, 30.555860299], [114.341846424, 30.555864294], [114.34184549, 30.555868253], [114.341844956, 30.555872735], [114.341844181, 30.555877191], [114.341843944, 30.555881226], [114.341843465, 30.555885244], [114.341843443, 30.55588975], [114.341843179, 30.55589425], [114.341843403, 30.555898285], [114.341843384, 30.555902325], [114.341847683, 30.555984624], [114.341847743, 30.555985693], [114.341848888, 30.556004954], [114.341831569, 30.556052403], [114.341808953, 30.556093843], [114.340420669, 30.557108118], [114.339675898, 30.557559911], [114.339661696, 30.557569366], [114.338132107, 30.55868456], [114.338064423, 30.558707826], [114.337982938, 30.558650457], [114.337966983, 30.558640307], [114.337949952, 30.558631553], [114.337932006, 30.558624278], [114.337913317, 30.558618554], [114.337894068, 30.558614434], [114.337891993, 30.558614173], [114.33772454, 30.558437678], [114.337605444, 30.558307666], [114.337978341, 30.558057481], [114.338118242, 30.557971159], [114.338120399, 30.557969771], [114.339277408, 30.557193766], [114.339350085, 30.557144983], [114.340394512, 30.556461974], [114.340428828, 30.556446136], [114.340437143, 30.556441594], [114.340473143, 30.556418594], [114.34047796, 30.556415209], [114.340482395, 30.556411456], [114.340486408, 30.556407368], [114.340489966, 30.556402977], [114.340500967, 30.556387978], [114.340503606, 30.556384045], [114.340505881, 30.556379945], [114.340513882, 30.556363946], [114.340516102, 30.55635886], [114.340517761, 30.556353619], [114.340518843, 30.556348266], [114.34051934, 30.556342849], [114.340520341, 30.55631585], [114.340520209, 30.556309935], [114.340519379, 30.556304063], [114.34051786, 30.556298294], [114.340503189, 30.556253371], [114.340501178, 30.556239963], [114.34050106, 30.556237709], [114.340514363, 30.556228499], [114.341091412, 30.555883665], [114.34109325, 30.555882527], [114.34146425, 30.555644527], [114.341468758, 30.555641366], [114.341472931, 30.555637882], [114.341476742, 30.555634102], [114.341500742, 30.555608101], [114.341504966, 30.555602978], [114.341526965, 30.555572978], [114.341530864, 30.55556688], [114.341533886, 30.555560425], [114.341547886, 30.555524423], [114.341549312, 30.555520245], [114.341550368, 30.555515986], [114.341555017, 30.555493074], [114.341580691, 30.555537086]]]}, "properties": {"id": 16989, "land_type": "公园与绿地用地"}}, {"type": "Feature", "geometry": {"type": "Polygon", "coordinates": [[[114.342937356, 30.556958549], [114.343074613, 30.557110982], [114.343069876, 30.557112121], [114.343064669, 30.557113572], [114.343059616, 30.557115382], [114.342919618, 30.557171382], [114.342918729, 30.557171745], [114.342788729, 30.557225745], [114.342781772, 30.557229084], [114.342775322, 30.557233107], [114.342653811, 30.557318764], [114.342231303, 30.557605428], [114.342229359, 30.5576068], [114.342173359, 30.557647799], [114.342168279, 30.557651928], [114.342163723, 30.557656487], [114.342159739, 30.557661429], [114.342093588, 30.557753306], [114.341978152, 30.557835228], [114.341977662, 30.55783558], [114.341526506, 30.558161968], [114.340726377, 30.55870338], [114.339689387, 30.559404817], [114.339519045, 30.559187028], [114.339509226, 30.559136423], [114.33949235, 30.558588462], [114.33949185, 30.558582784], [114.339490708, 30.558577177], [114.339488932, 30.558571692], [114.339486539, 30.558566384], [114.339483556, 30.558561304], [114.339480007, 30.5585565], [114.339475929, 30.558552019], [114.339471361, 30.558547902], [114.339466346, 30.558544193], [114.339460933, 30.558540924], [114.339455174, 30.558538127], [114.339449123, 30.55853583], [114.339442841, 30.558534055], [114.339439688, 30.55853345], [114.340146891, 30.55801111], [114.34016016, 30.558000379], [114.34074086, 30.557486479], [114.340804865, 30.557429816], [114.342222361, 30.55641705], [114.342229435, 30.556411753], [114.342284235, 30.556368753], [114.342355731, 30.556312577], [114.342937356, 30.556958549]]]}, "properties": {"id": 16992, "land_type": "商务办公用地"}}, {"type": "Feature", "geometry": {"type": "Polygon", "coordinates": [[[114.341933134, 30.558694715], [114.341336504, 30.55916442], [114.340868812, 30.558754569], [114.341557947, 30.558288264], [114.341933134, 30.558694715]]]}, "properties": {"id": 16994, "land_type": "商业服务用地"}}, {"type": "Feature", "geometry": {"type": "Polygon", "coordinates": [[[114.341285259, 30.559285063], [114.341947648, 30.559900206], [114.341355359, 30.560320891], [114.340228171, 30.561121559], [114.340082493, 30.56095773], [114.340082366, 30.560957602], [114.340082253, 30.560957462], [114.339947254, 30.560807463], [114.339945877, 30.560805984], [114.339511877, 30.560354984], [114.339511385, 30.560354478], [114.339103945, 30.55994074], [114.339703221, 30.559541223], [114.339704482, 30.559540738], [114.33970476, 30.559540602], [114.33970505, 30.559540487], [114.339705504, 30.559540259], [114.339705977, 30.559540064], [114.339708086, 30.559538967], [114.339710225, 30.559537916], [114.339710485, 30.559537757], [114.33971076, 30.559537618], [114.339711187, 30.559537354], [114.339711636, 30.559537119], [114.339713609, 30.55953585], [114.339715618, 30.559534623], [114.340762204, 30.558826695], [114.341285259, 30.559285063]]]}, "properties": {"id": 16999, "land_type": "居住用地"}}, {"type": "Feature", "geometry": {"type": "Polygon", "coordinates": [[[114.346056031, 30.556152564], [114.346067588, 30.556185011], [114.346069598, 30.556189875], [114.346095599, 30.556244875], [114.346097734, 30.556248937], [114.346162572, 30.556360659], [114.346236415, 30.556491378], [114.346239203, 30.556495814], [114.346255203, 30.556518814], [114.346258932, 30.556523615], [114.346263196, 30.556528073], [114.346267955, 30.556532143], [114.346273158, 30.556535786], [114.346278757, 30.556538965], [114.346306361, 30.556552993], [114.346305143, 30.556705235], [114.345536079, 30.556631701], [114.345506835, 30.5565384], [114.345454359, 30.556280969], [114.345454156, 30.556280202], [114.345454019, 30.556279424], [114.345422654, 30.556146776], [114.346056031, 30.556152564]]]}, "properties": {"id": 17127, "land_type": "教育用地"}}, {"type": "Feature", "geometry": {"type": "Polygon", "coordinates": [[[114.347858544, 30.529995202], [114.347753476, 30.530027306], [114.347752956, 30.53002749], [114.347752422, 30.530027637], [114.346885853, 30.530306499], [114.346364287, 30.530467365], [114.346363674, 30.530467583], [114.346363041, 30.530467761], [114.346191961, 30.53052383], [114.346017032, 30.530041446], [114.346014744, 30.530026581], [114.34633721, 30.529913819], [114.346638277, 30.529809831], [114.346715685, 30.529789796], [114.34673983, 30.529786729], [114.346763871, 30.529842273], [114.346764068, 30.529842665], [114.346764224, 30.52984307], [114.346802224, 30.52992707], [114.346804925, 30.529932269], [114.346808203, 30.529937214], [114.346812028, 30.529941859], [114.346816364, 30.529946159], [114.346821168, 30.529950072], [114.346826394, 30.529953561], [114.346831992, 30.529956591], [114.346837908, 30.529959135], [114.346844085, 30.529961165], [114.346850463, 30.529962666], [114.346856981, 30.529963621], [114.346863577, 30.529964021], [114.346870186, 30.52996386], [114.346876744, 30.529963145], [114.346883191, 30.529961877], [114.346889462, 30.529960073], [114.346895497, 30.529957747], [114.346901239, 30.529954924], [114.346906632, 30.529951628], [114.346911624, 30.529947894], [114.346916166, 30.529943756], [114.346920216, 30.529939254], [114.346923734, 30.529934432], [114.346926687, 30.529929336], [114.346929045, 30.529924016], [114.346930787, 30.529918522], [114.346931895, 30.529912908], [114.346932359, 30.529907227], [114.346932174, 30.529901533], [114.346931342, 30.529895883], [114.346929872, 30.529890331], [114.346927776, 30.52988493], [114.346915169, 30.529857061], [114.347297101, 30.529742822], [114.347303234, 30.529740692], [114.347309093, 30.529738055], [114.347314625, 30.529734935], [114.347319775, 30.529731364], [114.347324494, 30.529727375], [114.347328737, 30.529723007], [114.347332461, 30.529718301], [114.347335632, 30.529713304], [114.34733822, 30.529708063], [114.347340198, 30.529702629], [114.347341549, 30.529697054], [114.347342259, 30.529691391], [114.347342321, 30.529685697], [114.347341735, 30.529680024], [114.347340506, 30.529674428], [114.347338646, 30.529668963], [114.347336174, 30.529663681], [114.347333112, 30.529658633], [114.34732949, 30.529653869], [114.347325343, 30.529649432], [114.347320713, 30.529645367], [114.347315641, 30.529641713], [114.347310178, 30.529638506], [114.347304377, 30.529635773], [114.347298293, 30.529633544], [114.347291984, 30.529631841], [114.347285512, 30.529630677], [114.347278938, 30.529630065], [114.347272327, 30.529630012], [114.347265742, 30.529630517], [114.347259245, 30.529631575], [114.3472529, 30.529633178], [114.34712692, 30.52967086], [114.347127506, 30.529670363], [114.347131746, 30.529665994], [114.34713547, 30.529661288], [114.34713864, 30.52965629], [114.347141226, 30.529651049], [114.347143203, 30.529645614], [114.347144552, 30.529640039], [114.34714526, 30.529634376], [114.347145321, 30.529628681], [114.347144732, 30.529623008], [114.347143501, 30.529617414], [114.34714164, 30.529611949], [114.347139166, 30.529606667], [114.347136103, 30.52960162], [114.347135056, 30.529600245], [114.347533105, 30.529483105], [114.34761499, 30.529491357], [114.34766518, 30.52952382], [114.347858544, 30.529995202]]]}, "properties": {"id": 17096, "land_type": "医疗卫生用地"}}, {"type": "Feature", "geometry": {"type": "Polygon", "coordinates": [[[114.343023355, 30.530821355], [114.343024251, 30.531071209], [114.343026027, 30.531566379], [114.343026038, 30.531567282], [114.343056905, 30.532991274], [114.341628279, 30.533038092], [114.341522665, 30.531884936], [114.341522047, 30.531880439], [114.341470896, 30.531601708], [114.341438698, 30.531414911], [114.34142207, 30.531157874], [114.341418908, 30.531108913], [114.341529689, 30.53107381], [114.342273224, 30.530860155], [114.342970209, 30.530659876], [114.343023355, 30.530821355]]]}, "properties": {"id": 17097, "land_type": "居住用地"}}, {"type": "Feature", "geometry": {"type": "Polygon", "coordinates": [[[114.343201865, 30.531121122], [114.343201634, 30.531139062], [114.343199641, 30.531219766], [114.343199645, 30.531222373], [114.343220645, 30.531987371], [114.343220648, 30.531987487], [114.343242637, 30.532726089], [114.343246265, 30.532989473], [114.343191633, 30.53298929], [114.343160772, 30.531565568], [114.343159135, 30.531109115], [114.343201865, 30.531121122]]]}, "properties": {"id": 17098, "land_type": "公园与绿地用地"}}, {"type": "Feature", "geometry": {"type": "Polygon", "coordinates": [[[114.343706108, 30.533146889], [114.343718106, 30.533421389], [114.342783893, 30.533440597], [114.34277681, 30.533159355], [114.343315882, 30.533146033], [114.343706108, 30.533146889]]]}, "properties": {"id": 17099, "land_type": "公园与绿地用地"}}, {"type": "Feature", "geometry": {"type": "Polygon", "coordinates": [[[114.344587411, 30.53311004], [114.344586677, 30.533112791], [114.344585835, 30.533118439], [114.344585639, 30.533124132], [114.344605345, 30.533993983], [114.343868885, 30.534015967], [114.343855358, 30.533476746], [114.343855352, 30.533476681], [114.343855354, 30.533476615], [114.343855322, 30.533476217], [114.343855327, 30.533475816], [114.343839231, 30.533107528], [114.344587411, 30.53311004]]]}, "properties": {"id": 17100, "land_type": "公园与绿地用地"}}, {"type": "Feature", "geometry": {"type": "Polygon", "coordinates": [[[114.345804671, 30.53439664], [114.34579876, 30.534397117], [114.345792922, 30.534398042], [114.345787201, 30.534399404], [114.34575, 30.534409804], [114.345744535, 30.53441156], [114.345739268, 30.534413718], [114.345734235, 30.534416259], [114.345729478, 30.534419166], [114.345698677, 30.534439766], [114.345694194, 30.534443046], [114.345690058, 30.534446649], [114.345686305, 30.534450549], [114.34568296, 30.534454717], [114.34567236, 30.53446924], [114.345190115, 30.534399765], [114.345186207, 30.534399302], [114.345174991, 30.534398264], [114.345094825, 30.534383459], [114.345088528, 30.534382562], [114.344927727, 30.534366362], [114.344926483, 30.534366247], [114.344748267, 30.534351177], [114.344741361, 30.534048863], [114.344720361, 30.533121868], [114.344719908, 30.533116186], [114.34471881, 30.53311057], [114.344718782, 30.533110481], [114.345418638, 30.533112831], [114.345418806, 30.533112831], [114.345900803, 30.53311341], [114.345911622, 30.533543445], [114.345910627, 30.533678633], [114.345911067, 30.533685621], [114.345923067, 30.533775622], [114.345924358, 30.533782071], [114.345985175, 30.534008665], [114.345991718, 30.534087184], [114.345996606, 30.534197642], [114.345994717, 30.534299622], [114.345975463, 30.534396729], [114.345963472, 30.534409881], [114.345944872, 30.534418716], [114.345921587, 30.534422526], [114.345902489, 30.534412051], [114.345897248, 30.534409454], [114.345891757, 30.534407271], [114.345886061, 30.534405522], [114.345866761, 30.534400422], [114.345861134, 30.534399161], [114.345855402, 30.534398323], [114.345849606, 30.534397913], [114.345810606, 30.534396613], [114.345804671, 30.53439664]]]}, "properties": {"id": 17101, "land_type": "居住用地"}}, {"type": "Feature", "geometry": {"type": "Polygon", "coordinates": [[[114.346929679, 30.535217716], [114.346929628, 30.535220422], [114.346932502, 30.535560849], [114.346899232, 30.535491766], [114.346896182, 30.535486268], [114.346892479, 30.535481074], [114.346776478, 30.535336074], [114.346775415, 30.535334783], [114.346291415, 30.534763781], [114.346287806, 30.534759887], [114.346283824, 30.534756275], [114.346074825, 30.534582275], [114.34606957, 30.534578332], [114.34606387, 30.534574877], [114.346057788, 30.534571949], [114.346051385, 30.534569577], [114.346044733, 30.534567788], [114.346037903, 30.534566599], [114.346030964, 30.534566026], [114.346023997, 30.534566072], [114.346001056, 30.534567248], [114.346002228, 30.534539944], [114.346002071, 30.534533302], [114.346001035, 30.53452672], [114.346000478, 30.53452484], [114.346000536, 30.534524815], [114.346040536, 30.534505815], [114.346046278, 30.534502755], [114.346051637, 30.534499214], [114.346056556, 30.53449523], [114.346060987, 30.534490842], [114.346091987, 30.534456842], [114.346095851, 30.534452139], [114.346099156, 30.534447131], [114.346101869, 30.534441865], [114.34610396, 30.534436393], [114.346105412, 30.534430769], [114.346128412, 30.53431477], [114.346129086, 30.534310363], [114.346129366, 30.534305926], [114.346131366, 30.534197925], [114.346131325, 30.534194789], [114.346126324, 30.53408179], [114.346126201, 30.534079845], [114.346119201, 30.533995845], [114.346118622, 30.533991361], [114.346117642, 30.533986929], [114.3460565, 30.533759123], [114.346045398, 30.533675863], [114.346046373, 30.533543368], [114.346046358, 30.533541743], [114.346035587, 30.533113573], [114.346629166, 30.533114286], [114.346929235, 30.533272836], [114.346922529, 30.533879747], [114.34692256, 30.533882111], [114.346933559, 30.534185511], [114.346933988, 30.534190478], [114.346934909, 30.534195395], [114.346969756, 30.534341275], [114.346929679, 30.535217716]]]}, "properties": {"id": 17102, "land_type": "公园与绿地用地"}}, {"type": "Feature", "geometry": {"type": "Polygon", "coordinates": [[[114.345855911, 30.539520601], [114.34585583, 30.539521692], [114.34582093, 30.540064592], [114.345820918, 30.540064776], [114.345809273, 30.540256973], [114.345701295, 30.540256973], [114.345241114, 30.5402535], [114.34529632, 30.539071332], [114.345296262, 30.539065637], [114.345295555, 30.539059975], [114.345294207, 30.5390544], [114.345292232, 30.539048966], [114.345289647, 30.539043724], [114.345286479, 30.539038726], [114.345282757, 30.53903402], [114.345278517, 30.53902965], [114.345273801, 30.53902566], [114.345268652, 30.539022087], [114.345263122, 30.539018964], [114.345257263, 30.539016325], [114.345251134, 30.539014192], [114.34524479, 30.539012587], [114.345238294, 30.539011527], [114.345231708, 30.539011019], [114.345225097, 30.53901107], [114.345218523, 30.539011678], [114.34521205, 30.539012838], [114.34520574, 30.539014539], [114.345199655, 30.539016765], [114.345193851, 30.539019495], [114.345188386, 30.539022701], [114.345183314, 30.539026352], [114.34517868, 30.539030414], [114.345174531, 30.539034849], [114.345170907, 30.539039611], [114.345167842, 30.539044657], [114.345165366, 30.539049937], [114.345163503, 30.539055401], [114.345162271, 30.539060996], [114.345161682, 30.539066668], [114.34510633, 30.540251953], [114.344142855, 30.540236898], [114.344126979, 30.540123693], [114.344122054, 30.540080348], [114.344121196, 30.540075197], [114.344099523, 30.539976682], [114.34408776, 30.53990218], [114.344086649, 30.539896952], [114.344084987, 30.539891834], [114.344054644, 30.53981255], [114.344003704, 30.539645033], [114.343879105, 30.539099794], [114.343878879, 30.539099009], [114.343878717, 30.539098213], [114.343877372, 30.539093084], [114.344786698, 30.538905431], [114.344788029, 30.538905144], [114.34514803, 30.538824144], [114.345154552, 30.538822368], [114.345160832, 30.538820031], [114.345166804, 30.538817156], [114.345172407, 30.538813776], [114.345177583, 30.538809923], [114.345182279, 30.538805639], [114.345239643, 30.538747664], [114.345341008, 30.538724463], [114.345349971, 30.53872212], [114.345773671, 30.53859742], [114.345777736, 30.538596162], [114.345931043, 30.53854626], [114.345906863, 30.538929777], [114.345855911, 30.539520601]]]}, "properties": {"id": 17103, "land_type": "工业用地"}}, {"type": "Feature", "geometry": {"type": "Polygon", "coordinates": [[[114.343872391, 30.540227648], [114.343873271, 30.540231397], [114.341277931, 30.540174997], [114.340953166, 30.540166003], [114.340948305, 30.54016602], [114.340861304, 30.54016902], [114.340851789, 30.540169934], [114.34078879, 30.540179933], [114.340788487, 30.540179983], [114.34075029, 30.540186201], [114.340725599, 30.540047223], [114.340725581, 30.540047128], [114.340672709, 30.539752833], [114.340669914, 30.53973426], [114.340796243, 30.53971546], [114.340805282, 30.539713839], [114.341167382, 30.539637638], [114.341169436, 30.539637192], [114.341775636, 30.539500892], [114.341776551, 30.539500682], [114.34231565, 30.539375983], [114.342319026, 30.539375161], [114.342776789, 30.539258191], [114.342985421, 30.539215715], [114.343024409, 30.539232132], [114.343030786, 30.539234475], [114.343037407, 30.53923624], [114.343044204, 30.539237411], [114.343051107, 30.539237974], [114.343159106, 30.539241974], [114.343166751, 30.539241883], [114.343174334, 30.539241046], [114.343280333, 30.539224046], [114.343284758, 30.539223204], [114.343618581, 30.539149371], [114.343673694, 30.539381308], [114.3437862, 30.539893781], [114.343786633, 30.5398956], [114.343872391, 30.540227648]]]}, "properties": {"id": 17104, "land_type": "居住用地"}}, {"type": "Feature", "geometry": {"type": "Polygon", "coordinates": [[[114.344553639, 30.541283551], [114.344533814, 30.541638907], [114.344441707, 30.541636052], [114.344243364, 30.541623376], [114.344269058, 30.541266526], [114.344553639, 30.541283551]]]}, "properties": {"id": 17105, "land_type": "行政办公用地"}}, {"type": "Feature", "geometry": {"type": "Polygon", "coordinates": [[[114.34508095, 30.541307965], [114.345060144, 30.541655944], [114.344766224, 30.541646247], [114.344783797, 30.541294787], [114.34508095, 30.541307965]]]}, "properties": {"id": 17106, "land_type": "公园与绿地用地"}}, {"type": "Feature", "geometry": {"type": "Polygon", "coordinates": [[[114.343043295, 30.541619871], [114.343036722, 30.54162048], [114.34303025, 30.54162164], [114.34302394, 30.541623341], [114.343017853, 30.541625567], [114.34301205, 30.541628296], [114.343006586, 30.541631503], [114.343001513, 30.541635153], [114.342996879, 30.541639216], [114.34299273, 30.54164365], [114.342989107, 30.541648412], [114.342986042, 30.541653458], [114.342983566, 30.541658739], [114.342981702, 30.541664202], [114.34298047, 30.541669797], [114.34297988, 30.541675469], [114.34297994, 30.541681162], [114.342980647, 30.541686825], [114.342981994, 30.541692399], [114.342983969, 30.541697833], [114.342986553, 30.541703075], [114.342989723, 30.541708073], [114.342993445, 30.541712779], [114.342997684, 30.541717149], [114.3430024, 30.54172114], [114.343007549, 30.541724712], [114.343013079, 30.541727834], [114.343018937, 30.541730473], [114.343025068, 30.541732605], [114.343031412, 30.54173421], [114.343037907, 30.541735272], [114.343044493, 30.541735779], [114.344095492, 30.541772179], [114.34426679, 30.541778115], [114.344214422, 30.542624412], [114.344214346, 30.542628865], [114.344216545, 30.542709365], [114.344217045, 30.542715185], [114.344218221, 30.542720933], [114.344219234, 30.542724748], [114.343258662, 30.54304281], [114.342472297, 30.543282183], [114.342459889, 30.543286569], [114.34244805, 30.543291997], [114.342436896, 30.54329841], [114.342428083, 30.543304652], [114.341790723, 30.541904817], [114.341787888, 30.541899418], [114.341784429, 30.541894296], [114.341631429, 30.541692296], [114.341628358, 30.541688571], [114.341624955, 30.541685065], [114.341417955, 30.541488064], [114.341415691, 30.541486012], [114.341247691, 30.541341013], [114.341242106, 30.541336701], [114.341236001, 30.541332952], [114.340876, 30.541136952], [114.340874438, 30.541136191], [114.340872917, 30.54113537], [114.340778486, 30.541089829], [114.340797758, 30.541032011], [114.340799071, 30.541027354], [114.340799934, 30.541022619], [114.340803646, 30.540994776], [114.340807173, 30.540978909], [114.340808073, 30.540973479], [114.340808375, 30.540968], [114.340808375, 30.540936536], [114.34081228, 30.540873071], [114.340812314, 30.540867545], [114.340803313, 30.540684544], [114.340803231, 30.540683226], [114.340789231, 30.540498227], [114.340789157, 30.540497347], [114.340772157, 30.540315347], [114.34077171, 30.540311874], [114.340769941, 30.540301104], [114.340770514, 30.540301017], [114.340813362, 30.540294042], [114.340871491, 30.540284816], [114.340951266, 30.540282065], [114.341273835, 30.540290998], [114.341274301, 30.540291009], [114.341767688, 30.540301731], [114.341770186, 30.540303083], [114.341776102, 30.540305626], [114.341782278, 30.540307658], [114.341788656, 30.540309159], [114.341795174, 30.540310114], [114.341801769, 30.540310515], [114.343954769, 30.540349913], [114.345801569, 30.540383645], [114.345791466, 30.540549093], [114.345751344, 30.540987139], [114.345731266, 30.541197321], [114.345301668, 30.541195581], [114.345338138, 30.540820847], [114.345338366, 30.540815156], [114.345337946, 30.540809473], [114.34533688, 30.540803853], [114.345335181, 30.540798349], [114.345332863, 30.540793016], [114.34532995, 30.540787905], [114.345326468, 30.540783063], [114.345322452, 30.54077854], [114.345317942, 30.540774377], [114.345312979, 30.540770614], [114.345307612, 30.540767289], [114.345301892, 30.540764432], [114.345295874, 30.540762072], [114.345289617, 30.540760233], [114.345283181, 30.54075893], [114.345276627, 30.540758177], [114.34527002, 30.54075798], [114.345263421, 30.540758342], [114.345256895, 30.540759258], [114.345250507, 30.540760723], [114.345244314, 30.54076272], [114.345238378, 30.540765229], [114.345232758, 30.540768226], [114.345227506, 30.540771685], [114.345222672, 30.54077557], [114.345218303, 30.540779845], [114.345214442, 30.540784468], [114.345211125, 30.540789394], [114.345208386, 30.540794577], [114.345206249, 30.540799966], [114.345204737, 30.54080551], [114.345203862, 30.540811153], [114.345169341, 30.541165857], [114.344724818, 30.541144067], [114.344211813, 30.541119065], [114.34302582, 30.541061066], [114.343019208, 30.541061023], [114.343012624, 30.541061538], [114.34300613, 30.541062606], [114.342999788, 30.541064218], [114.34299366, 30.541066357], [114.342987806, 30.541069002], [114.34298228, 30.54107213], [114.342981483, 30.541072685], [114.3429023, 30.541067915], [114.34289569, 30.541067796], [114.342889099, 30.541068237], [114.342882589, 30.541069232], [114.342876224, 30.541070772], [114.342870063, 30.541072841], [114.342864169, 30.54107542], [114.342858597, 30.541078485], [114.3428534, 30.541082005], [114.342848629, 30.541085947], [114.342844328, 30.541090274], [114.342840542, 30.541094941], [114.342837305, 30.541099907], [114.342834649, 30.541105122], [114.342832599, 30.541110536], [114.342831175, 30.541116097], [114.342830391, 30.541121751], [114.342830253, 30.541127444], [114.342830765, 30.541133122], [114.342831919, 30.541138728], [114.342833707, 30.541144211], [114.34283611, 30.541149516], [114.342839106, 30.541154592], [114.342842664, 30.541159392], [114.342846751, 30.541163868], [114.342851329, 30.541167977], [114.342856351, 30.541171679], [114.342861772, 30.54117494], [114.342867536, 30.541177729], [114.342873591, 30.541180017], [114.342879877, 30.541181782], [114.342886334, 30.541183009], [114.342892899, 30.541183685], [114.344058575, 30.541253908], [114.344036771, 30.5416144], [114.343159618, 30.541585017], [114.343153008, 30.541585075], [114.343146435, 30.541585691], [114.343139963, 30.54158686], [114.343133656, 30.541588567], [114.343127573, 30.5415908], [114.343121775, 30.541593536], [114.343116315, 30.541596748], [114.343111248, 30.541600405], [114.343106621, 30.541604473], [114.343102479, 30.541608912], [114.343098861, 30.541613678], [114.343095804, 30.541618727], [114.343094572, 30.541621367], [114.343049907, 30.541619821], [114.343043295, 30.541619871]]]}, "properties": {"id": 17107, "land_type": "居住用地"}}, {"type": "Feature", "geometry": {"type": "Polygon", "coordinates": [[[114.346005651, 30.555911577], [114.346005745, 30.55591344], [114.346009745, 30.55597144], [114.346010155, 30.555975254], [114.346016155, 30.556016255], [114.346017345, 30.556022021], [114.346021138, 30.556036204], [114.34539521, 30.556030484], [114.345358057, 30.555872586], [114.345352268, 30.555847498], [114.345529719, 30.555854949], [114.345529971, 30.55585496], [114.345658971, 30.555859959], [114.345664005, 30.555859992], [114.345703005, 30.555858992], [114.345712339, 30.55585819], [114.34574634, 30.55585319], [114.345753786, 30.555851718], [114.345777786, 30.555845717], [114.345783612, 30.555844008], [114.345789234, 30.555841849], [114.345826234, 30.555825849], [114.345826289, 30.555825822], [114.345826345, 30.555825799], [114.345829166, 30.555824422], [114.34583199, 30.555823047], [114.345832042, 30.555823016], [114.345832096, 30.555822989], [114.345834746, 30.555821379], [114.345837399, 30.555819773], [114.345837447, 30.555819737], [114.345837498, 30.555819707], [114.345839952, 30.55581788], [114.34584241, 30.555816058], [114.345842453, 30.555816018], [114.345842501, 30.555815984], [114.345844735, 30.55581396], [114.345846975, 30.555811938], [114.345847013, 30.555811896], [114.345847055, 30.555811857], [114.345858055, 30.555800857], [114.345861729, 30.555796837], [114.345864977, 30.555792553], [114.345867776, 30.55578804], [114.345872776, 30.555779041], [114.345873304, 30.555778066], [114.345882305, 30.555761067], [114.345884204, 30.555757092], [114.345885758, 30.555753008], [114.345894759, 30.555726008], [114.3458961, 30.555721228], [114.345896967, 30.555716366], [114.345901968, 30.555677367], [114.345902369, 30.555671757], [114.345903369, 30.555605757], [114.345903374, 30.555605], [114.345903374, 30.555397], [114.345903351, 30.555396592], [114.345903368, 30.555396183], [114.345899236, 30.55514336], [114.346034126, 30.555131588], [114.346016742, 30.555387613], [114.346016731, 30.555388614], [114.346016645, 30.555389612], [114.346014663, 30.555460993], [114.345998696, 30.555764373], [114.345998799, 30.555771152], [114.346002692, 30.555817867], [114.346005651, 30.555911577]]]}, "properties": {"id": 17119, "land_type": "教育用地"}}, {"type": "Feature", "geometry": {"type": "Polygon", "coordinates": [[[114.345676141, 30.541873098], [114.345676655, 30.541877607], [114.345677575, 30.541882067], [114.345719675, 30.542048268], [114.345720377, 30.542050774], [114.345779172, 30.542241717], [114.345220287, 30.542418829], [114.344455375, 30.542651617], [114.344455375, 30.542636444], [114.344458347, 30.542468961], [114.344499859, 30.541786222], [114.344593377, 30.541789479], [114.345119295, 30.541807679], [114.345122221, 30.541807657], [114.345125147, 30.541807663], [114.345125526, 30.541807631], [114.345125907, 30.541807628], [114.345128816, 30.541807359], [114.345131728, 30.541807117], [114.345132101, 30.541807055], [114.345132481, 30.541807019], [114.345135345, 30.541806506], [114.345138216, 30.541806021], [114.34513858, 30.541805926], [114.345138954, 30.541805859], [114.345141745, 30.541805106], [114.345144548, 30.54180438], [114.345144899, 30.541804254], [114.345145263, 30.541804157], [114.345147956, 30.541803173], [114.345150661, 30.541802213], [114.345150999, 30.541802059], [114.345151348, 30.541801932], [114.345153917, 30.541800724], [114.345156501, 30.541799541], [114.345156818, 30.541799359], [114.345157152, 30.541799202], [114.34515957, 30.541797784], [114.345162006, 30.541796388], [114.345162301, 30.54179618], [114.345162616, 30.541795997], [114.345164862, 30.54179438], [114.345167128, 30.541792786], [114.345167397, 30.541792555], [114.345167689, 30.541792345], [114.34516974, 30.541790547], [114.345171813, 30.54178877], [114.345172056, 30.541788516], [114.345172322, 30.541788283], [114.345174159, 30.54178632], [114.34517602, 30.541784376], [114.345176232, 30.541784103], [114.345176471, 30.541783848], [114.345178075, 30.541781741], [114.345179706, 30.541779649], [114.345179887, 30.54177936], [114.345180096, 30.541779085], [114.345181451, 30.541776852], [114.345181977, 30.541776009], [114.345183376, 30.541775938], [114.345185032, 30.541775922], [114.345186673, 30.541775767], [114.34518832, 30.541775682], [114.345189957, 30.541775457], [114.345191605, 30.541775302], [114.34519322, 30.541775009], [114.345194849, 30.541774786], [114.345196453, 30.541774425], [114.345198075, 30.541774131], [114.345199649, 30.541773704], [114.345201245, 30.541773344], [114.3452028, 30.541772848], [114.345204381, 30.541772419], [114.345205899, 30.541771862], [114.345207447, 30.541771368], [114.345208938, 30.541770744], [114.345210463, 30.541770184], [114.34521191, 30.5417695], [114.345213393, 30.541768879], [114.345214805, 30.541768131], [114.34521626, 30.541767445], [114.345217621, 30.541766643], [114.345219028, 30.541765898], [114.345220348, 30.541765036], [114.345221717, 30.541764231], [114.345222981, 30.541763317], [114.345224296, 30.541762458], [114.345225512, 30.541761488], [114.345226782, 30.541760571], [114.345227936, 30.541759555], [114.345229147, 30.541758589], [114.345230247, 30.541757521], [114.345231407, 30.5417565], [114.345232439, 30.541755392], [114.345233535, 30.541754329], [114.345234508, 30.541753173], [114.345235546, 30.54175206], [114.345236447, 30.54175087], [114.345237416, 30.54174972], [114.345238253, 30.541748487], [114.345239159, 30.541747291], [114.345239922, 30.541746031], [114.345240754, 30.541744804], [114.345241447, 30.541743507], [114.345242212, 30.541742241], [114.345242827, 30.541740922], [114.345243518, 30.541739631], [114.345244059, 30.541738281], [114.345244676, 30.541736957], [114.34524514, 30.541735592], [114.345245678, 30.541734249], [114.345246063, 30.54173286], [114.345246528, 30.54173149], [114.345246832, 30.541730093], [114.345247216, 30.541728711], [114.345247442, 30.541727297], [114.345247748, 30.541725893], [114.345247891, 30.541724477], [114.345248116, 30.541723069], [114.345290019, 30.541311587], [114.345720164, 30.54131333], [114.345716454, 30.541352027], [114.345716346, 30.541353345], [114.345708548, 30.541465943], [114.345684885, 30.541592472], [114.345684726, 30.541593361], [114.345666026, 30.541704261], [114.345665388, 30.541710116], [114.345665442, 30.541715998], [114.345676141, 30.541873098]]]}, "properties": {"id": 17108, "land_type": "公园与绿地用地"}}, {"type": "Feature", "geometry": {"type": "Polygon", "coordinates": [[[114.344143617, 30.543208095], [114.344145639, 30.543212962], [114.344258586, 30.543450852], [114.344314818, 30.543570688], [114.344315476, 30.54360954], [114.344301992, 30.543646623], [114.344256518, 30.543700676], [114.344160674, 30.543802449], [114.344156257, 30.543807717], [114.34415255, 30.543813378], [114.34412455, 30.543862377], [114.344122148, 30.5438671], [114.344120241, 30.543871988], [114.344081242, 30.543988988], [114.344079274, 30.543996974], [114.344055274, 30.544144975], [114.344054754, 30.544149438], [114.344045753, 30.544275438], [114.344045627, 30.544279], [114.344045627, 30.544391], [114.344045939, 30.544396585], [114.34406694, 30.544583586], [114.344067359, 30.54458653], [114.344131637, 30.544959012], [114.342982166, 30.544786146], [114.342956768, 30.544624232], [114.342954724, 30.544615884], [114.342859723, 30.544332885], [114.342858768, 30.544330273], [114.342583251, 30.543634415], [114.342597027, 30.543629798], [114.343717066, 30.543267442], [114.344119024, 30.54313939], [114.344143617, 30.543208095]]]}, "properties": {"id": 17109, "land_type": "居住用地"}}, {"type": "Feature", "geometry": {"type": "Polygon", "coordinates": [[[114.342760226, 30.544856473], [114.342760226, 30.545045702], [114.342681162, 30.545608392], [114.342666084, 30.545607213], [114.341831065, 30.545542211], [114.341830291, 30.545542184], [114.341829522, 30.545542107], [114.34151365, 30.545523809], [114.341476084, 30.5455092], [114.341455046, 30.545496852], [114.341452711, 30.545489845], [114.341455258, 30.545427841], [114.341480872, 30.545201259], [114.341523579, 30.544963884], [114.341523735, 30.544962603], [114.341523972, 30.544961331], [114.341549972, 30.544757331], [114.34155035, 30.544749439], [114.341549403, 30.544719167], [114.341577336, 30.543982907], [114.341578978, 30.543940247], [114.342274457, 30.543735354], [114.342760226, 30.544856473]]]}, "properties": {"id": 17110, "land_type": "居住用地"}}, {"type": "Feature", "geometry": {"type": "Polygon", "coordinates": [[[114.342653921, 30.545722788], [114.342664967, 30.545723651], [114.342475948, 30.54706884], [114.34172831, 30.547010819], [114.341745471, 30.546921468], [114.341745734, 30.546919498], [114.341746067, 30.546917535], [114.341885673, 30.545662984], [114.342653921, 30.545722788]]]}, "properties": {"id": 17111, "land_type": "居住用地"}}, {"type": "Feature", "geometry": {"type": "Polygon", "coordinates": [[[114.344141483, 30.545078298], [114.34398673, 30.547532788], [114.343961534, 30.547916402], [114.342692106, 30.547839925], [114.342734134, 30.547406887], [114.342760127, 30.547144958], [114.342906125, 30.545683975], [114.342906127, 30.545683939], [114.342906132, 30.545683902], [114.342982915, 30.544904064], [114.344141483, 30.545078298]]]}, "properties": {"id": 17112, "land_type": "教育用地"}}, {"type": "Feature", "geometry": {"type": "Polygon", "coordinates": [[[114.342331733, 30.548895251], [114.342312512, 30.549040658], [114.341418491, 30.549012302], [114.34146701, 30.548612023], [114.341467066, 30.548611147], [114.341467191, 30.548610277], [114.341467209, 30.548609644], [114.341467283, 30.548609015], [114.3414837, 30.548337317], [114.34189294, 30.548363859], [114.341893566, 30.548363873], [114.341894188, 30.548363929], [114.341896869, 30.548363947], [114.34189955, 30.548364007], [114.341900174, 30.548363968], [114.3419008, 30.548363972], [114.34190347, 30.548363763], [114.341906145, 30.548363597], [114.341906762, 30.548363506], [114.341907385, 30.548363457], [114.341910018, 30.548363024], [114.34191266, 30.548362632], [114.341913265, 30.548362489], [114.341913879, 30.548362388], [114.341916451, 30.548361735], [114.341919035, 30.548361122], [114.34191962, 30.548360928], [114.34192022, 30.548360776], [114.341922705, 30.548359908], [114.341925208, 30.548359081], [114.341925767, 30.548358839], [114.341926347, 30.548358636], [114.341928721, 30.548357563], [114.341931118, 30.548356528], [114.341931648, 30.548356241], [114.341932202, 30.54835599], [114.341934442, 30.548354722], [114.341936709, 30.548353489], [114.341937204, 30.548353159], [114.341937726, 30.548352863], [114.341939812, 30.548351412], [114.341941928, 30.548349993], [114.341942382, 30.548349622], [114.341942869, 30.548349283], [114.341944779, 30.548347663], [114.341946724, 30.548346073], [114.341947133, 30.548345666], [114.341947579, 30.548345287], [114.341949296, 30.548343514], [114.341951051, 30.548341767], [114.341951411, 30.548341327], [114.341951812, 30.548340913], [114.341953319, 30.548339003], [114.341954866, 30.548337117], [114.341955174, 30.548336649], [114.341955527, 30.548336202], [114.341956807, 30.548334175], [114.341958134, 30.548332167], [114.341958387, 30.548331674], [114.341958687, 30.548331201], [114.341959732, 30.548329075], [114.341960821, 30.548326965], [114.341961019, 30.548326454], [114.341961263, 30.548325957], [114.34196206, 30.548323753], [114.341962905, 30.548321561], [114.341963044, 30.548321035], [114.341963229, 30.548320521], [114.341963772, 30.54831826], [114.341964364, 30.548316008], [114.341964442, 30.548315472], [114.341964568, 30.548314945], [114.341964851, 30.548312649], [114.341965183, 30.548310358], [114.3419652, 30.548309819], [114.341965265, 30.548309283], [114.341979147, 30.548098295], [114.342380384, 30.548118921], [114.342331733, 30.548895251]]]}, "properties": {"id": 17113, "land_type": "商业服务用地"}}, {"type": "Feature", "geometry": {"type": "Polygon", "coordinates": [[[114.346845859, 30.555338474], [114.346155394, 30.555333494], [114.346169688, 30.555122965], [114.346502484, 30.555112012], [114.346835279, 30.555110344], [114.346845859, 30.555338474]]]}, "properties": {"id": 17114, "land_type": "教育用地"}}, {"type": "Feature", "geometry": {"type": "Polygon", "coordinates": [[[114.345767689, 30.555340021], [114.345238117, 30.555348143], [114.345215843, 30.555259702], [114.345214563, 30.555255413], [114.345212905, 30.55525122], [114.345198879, 30.555219735], [114.345764696, 30.555156867], [114.345767689, 30.555340021]]]}, "properties": {"id": 17115, "land_type": "居住用地"}}, {"type": "Feature", "geometry": {"type": "Polygon", "coordinates": [[[114.34508525, 30.555288634], [114.34510349, 30.555361058], [114.344080907, 30.555527484], [114.344033077, 30.555399579], [114.345001919, 30.555224947], [114.345053303, 30.555216918], [114.34508525, 30.555288634]]]}, "properties": {"id": 17116, "land_type": "教育用地"}}, {"type": "Feature", "geometry": {"type": "Polygon", "coordinates": [[[114.34716459, 30.555609106], [114.3471584, 30.555609704], [114.347152299, 30.555610793], [114.347146342, 30.555612361], [114.347140579, 30.555614397], [114.347135058, 30.555616882], [114.347129828, 30.555619796], [114.347090827, 30.555643796], [114.347085705, 30.555647284], [114.347080998, 30.555651183], [114.347076752, 30.555655454], [114.347073006, 30.555660061], [114.347069796, 30.555664957], [114.347055795, 30.555688958], [114.347053546, 30.555693238], [114.347051705, 30.555697662], [114.347035705, 30.555741662], [114.347034125, 30.555746834], [114.347033103, 30.55575211], [114.347028104, 30.55578811], [114.347027892, 30.555789863], [114.347015674, 30.555908224], [114.346961242, 30.555925442], [114.346963299, 30.555887722], [114.346963299, 30.555887487], [114.346963322, 30.555887252], [114.346981323, 30.555488252], [114.34698132, 30.555488056], [114.346981339, 30.555487861], [114.346981332, 30.555487491], [114.346981361, 30.555487122], [114.346983361, 30.555398122], [114.34698335, 30.555397804], [114.346983371, 30.555397486], [114.346983305, 30.555396086], [114.34698332, 30.555394684], [114.346970068, 30.555108938], [114.347605651, 30.555099059], [114.347614611, 30.55561138], [114.34734168, 30.555612977], [114.347170819, 30.555609003], [114.34716459, 30.555609106]]]}, "properties": {"id": 17117, "land_type": "医疗卫生用地"}}, {"type": "Feature", "geometry": {"type": "Polygon", "coordinates": [[[114.343881769, 30.555373511], [114.343881826, 30.555373645], [114.343881869, 30.555373784], [114.343950502, 30.555557316], [114.343025466, 30.555826026], [114.343025168, 30.555826112], [114.343014847, 30.555829157], [114.343212606, 30.555685308], [114.343483844, 30.555498754], [114.343714104, 30.555374741], [114.343864697, 30.555327078], [114.343881769, 30.555373511]]]}, "properties": {"id": 17118, "land_type": "教育用地"}}, {"type": "Feature", "geometry": {"type": "Polygon", "coordinates": [[[114.345768627, 30.555604621], [114.345767675, 30.55566743], [114.345763662, 30.555698732], [114.345757622, 30.555716853], [114.345751565, 30.555728293], [114.345734284, 30.555735766], [114.34571989, 30.555739365], [114.345694295, 30.555743128], [114.345662512, 30.555743943], [114.345536156, 30.555739046], [114.345326853, 30.555730258], [114.345299194, 30.555606193], [114.345269224, 30.555468324], [114.345268699, 30.555466143], [114.345268064, 30.555463738], [114.345768627, 30.55545606], [114.345768627, 30.555604621]]]}, "properties": {"id": 17120, "land_type": "教育用地"}}, {"type": "Feature", "geometry": {"type": "Polygon", "coordinates": [[[114.345137015, 30.55549077], [114.345166776, 30.555627676], [114.345166812, 30.555627806], [114.345166835, 30.555627938], [114.345201835, 30.555784939], [114.345202135, 30.555786208], [114.345204815, 30.555796929], [114.345212625, 30.555836849], [114.34476562, 30.555902816], [114.344758703, 30.555904163], [114.344751987, 30.555906129], [114.34474555, 30.555908691], [114.344734549, 30.555913691], [114.344729121, 30.555916446], [114.344724016, 30.555919625], [114.344719277, 30.5559232], [114.344714947, 30.555927141], [114.344705947, 30.555936141], [114.344701445, 30.555941177], [114.344697609, 30.555946607], [114.344694486, 30.555952366], [114.344687485, 30.555967367], [114.344685241, 30.555972991], [114.344682242, 30.555981991], [114.344680473, 30.555988828], [114.344679675, 30.555995797], [114.344675674, 30.556086502], [114.344309783, 30.55615247], [114.344186275, 30.555817607], [114.34412177, 30.555638923], [114.345132694, 30.555474396], [114.345137015, 30.55549077]]]}, "properties": {"id": 17121, "land_type": "教育用地"}}, {"type": "Feature", "geometry": {"type": "Polygon", "coordinates": [[[114.3767475, 30.536489], [114.376731, 30.5363912], [114.3740714, 30.536568], [114.3718922, 30.531363001], [114.3723106, 30.5312058], [114.3723894, 30.5303511], [114.3704999, 30.5297569], [114.369785501, 30.5281023], [114.3703199, 30.5279343], [114.368582, 30.5245214], [114.3693391, 30.5242189], [114.3696502, 30.5245886], [114.3698755, 30.524681], [114.3701115, 30.5247827], [114.3702296, 30.5248843], [114.370648, 30.525013701], [114.3708196, 30.5250969], [114.3711844, 30.5251154], [114.3713346, 30.5251985], [114.3716672, 30.5256976], [114.3717638, 30.5259287], [114.3718711, 30.5263907], [114.3720105, 30.5264554], [114.3722573, 30.5265201], [114.3726972, 30.5264], [114.373062001, 30.5263168], [114.3733516, 30.5262891], [114.3736628, 30.5263723], [114.3739525, 30.5264], [114.3741027, 30.5263723], [114.3742529, 30.5264277], [114.3745104, 30.5264739], [114.3748215, 30.5264185], [114.3749073, 30.526326], [114.3751219, 30.5262244], [114.3752721, 30.5261412], [114.3753794, 30.5259471], [114.3754438, 30.5257623], [114.3754652, 30.5256052], [114.3754974, 30.525485], [114.3757013, 30.5254388], [114.3759909, 30.5253279], [114.3761733, 30.5252725], [114.376345, 30.5251616], [114.376420101, 30.525023], [114.3764523, 30.5248474], [114.3763665, 30.524718], [114.3762162, 30.5245239], [114.3759373, 30.5239971], [114.3757549, 30.5235627], [114.3764094, 30.523211501], [114.3764952, 30.5230729], [114.3765488, 30.5229158], [114.3767098, 30.5227124], [114.3767098, 30.5225646], [114.3766776, 30.522352], [114.3767098, 30.5222226], [114.376742, 30.522047], [114.3767741, 30.5219084], [114.3767312, 30.5217975], [114.3767205, 30.5215572], [114.3767967, 30.521494], [114.3772891, 30.5210858], [114.3775895, 30.5209287], [114.3777505, 30.5209657], [114.3778363, 30.5210026], [114.3781689, 30.5207716], [114.3786195, 30.5206422], [114.3788555, 30.520512801], [114.3789199, 30.5203372], [114.3791989, 30.520023], [114.3795315, 30.5196995], [114.379789, 30.5195701], [114.3798426, 30.5191542], [114.3798962, 30.5190248], [114.3801323, 30.518886101], [114.3804541, 30.5187567], [114.3807331, 30.5186089], [114.3815378, 30.518035801], [114.3816665, 30.5179064], [114.3817845, 30.5179249], [114.3823746, 30.5174258], [114.3827179, 30.517111601], [114.3830934, 30.5166032], [114.3832222, 30.516335201], [114.3833831, 30.5161318], [114.3836942, 30.5159932], [114.3842521, 30.5157806], [114.3844023, 30.5157436], [114.3846598, 30.5155958], [114.3852928, 30.517259401], [114.3852285, 30.5175737], [114.3851212, 30.517851], [114.384692, 30.5184425], [114.3844131, 30.5184702], [114.3842521, 30.518729], [114.3841556, 30.5195423], [114.3841556, 30.519662501], [114.3843272, 30.519662501], [114.3844131, 30.5197457], [114.3843487, 30.5201061], [114.3843916, 30.5203187], [114.384456, 30.520512801], [114.3845633, 30.5207346], [114.3841127, 30.5211598], [114.3838874, 30.5210673], [114.383544, 30.5211228], [114.3832758, 30.5212245], [114.3831149, 30.5214185], [114.3822153, 30.5212748], [114.3817631, 30.5233409], [114.3816236, 30.5233779], [114.3809047, 30.524339], [114.3806794, 30.5244222], [114.3804756, 30.5245793], [114.3801376, 30.5251617], [114.3800464, 30.5253187], [114.3799821, 30.525559], [114.3802074, 30.5257068], [114.3801001, 30.5259194], [114.3802074, 30.5260396], [114.3808511, 30.5265386], [114.3808082, 30.5266772], [114.3798962, 30.5277215], [114.3792096, 30.5272779], [114.3785122, 30.5283962], [114.3782333, 30.528581], [114.3781677, 30.5287081], [114.3780616, 30.528913701], [114.3780402, 30.5290893], [114.3780831, 30.5292279], [114.3779758, 30.529459], [114.3777719, 30.5298563], [114.3778363, 30.529967201], [114.3775574, 30.5302814], [114.3775574, 30.530457], [114.3775895, 30.5305494], [114.377214, 30.5311501], [114.3768385, 30.5323607], [114.3768278, 30.5325548], [114.3768492, 30.5327396], [114.3768814, 30.5331278], [114.3768278, 30.5332849], [114.3766561, 30.5333958], [114.3764737, 30.5334882], [114.376345, 30.5335806], [114.3763879, 30.5337562], [114.3765488, 30.5337099], [114.3767098, 30.5340334], [114.376742, 30.5342274], [114.3767849, 30.53444], [114.37686, 30.5348466], [114.3769673, 30.535937], [114.376978, 30.5361588], [114.376967, 30.5362533], [114.3768523, 30.5363361], [114.3768193, 30.5363907], [114.3768105, 30.5364863], [114.3767475, 30.536489]]]}, "properties": {"id": 19494, "land_type": "河流湖泊"}}, {"type": "Feature", "geometry": {"type": "Polygon", "coordinates": [[[114.3690919, 30.5336502], [114.3691884, 30.5336525], [114.3692823, 30.5336779], [114.3693011, 30.5337172], [114.3692823, 30.5338951], [114.369285, 30.5339621], [114.3692769, 30.5340244], [114.3692447, 30.5341076], [114.3690463, 30.5341538], [114.3689148, 30.5341261], [114.36888, 30.5340175], [114.3688505, 30.5337749], [114.3689041, 30.5337102], [114.3689685, 30.5336733], [114.3690141, 30.5336502], [114.3690919, 30.5336502]]]}, "properties": {"id": 19496, "land_type": "河流湖泊"}}, {"type": "Feature", "geometry": {"type": "Polygon", "coordinates": [[[114.3579771, 30.5402203], [114.357961, 30.5402434], [114.3578913, 30.5402666], [114.3576821, 30.540188], [114.3575802, 30.5402296], [114.357489, 30.5402203], [114.3573388, 30.5401372], [114.3572046, 30.5400494], [114.3571725, 30.5399431], [114.3572046, 30.5398785], [114.3577411, 30.539555], [114.3578162, 30.5396151], [114.3578752, 30.539689], [114.35802, 30.5397398], [114.3580469, 30.539786], [114.3581217, 30.5398969], [114.3579771, 30.5402203]]]}, "properties": {"id": 19497, "land_type": "河流湖泊"}}, {"type": "Feature", "geometry": {"type": "Polygon", "coordinates": [[[114.3679922, 30.5432142], [114.367761601, 30.5431772], [114.3674451, 30.5431587], [114.3672573, 30.5431726], [114.3671017, 30.5432142], [114.3665975, 30.5431079], [114.366458, 30.5431264], [114.3663454, 30.5431033], [114.3661201, 30.5429924], [114.365943, 30.542706], [114.3659323, 30.542572], [114.3660503, 30.5421608], [114.3661093, 30.5420776], [114.3662005, 30.5420915], [114.3663615, 30.5421885], [114.3664044, 30.5422948], [114.3664044, 30.5423872], [114.3665277, 30.5425397], [114.3666672, 30.5426321], [114.3669676, 30.5427568], [114.3671715, 30.5427753], [114.3673539, 30.5427614], [114.3675953, 30.5427106], [114.3677669, 30.5425812], [114.3678528, 30.5425489], [114.36796, 30.5425674], [114.3680191, 30.5425166], [114.3680888, 30.5425905], [114.3680942, 30.5426921], [114.3679922, 30.5432142]]]}, "properties": {"id": 19499, "land_type": "河流湖泊"}}, {"type": "Feature", "geometry": {"type": "Polygon", "coordinates": [[[114.3490331, 30.5530799], [114.3489727, 30.5531192], [114.348962, 30.5531457], [114.348966, 30.5531723], [114.3491015, 30.5535141], [114.3491819, 30.5537209], [114.3492061, 30.5538398], [114.3492021, 30.5539657], [114.3491203, 30.5541135], [114.3490029, 30.554178], [114.34879, 30.5541843], [114.3486126, 30.5541312], [114.3479778, 30.5542605], [114.3476564, 30.5543121], [114.3473214, 30.5543573], [114.3469527, 30.554395001], [114.346842, 30.5544344], [114.3465244, 30.5545468], [114.3463116, 30.5545672], [114.3459383, 30.5546036], [114.3456427, 30.5546156], [114.3450235, 30.5547032], [114.3446371, 30.5547765], [114.344031, 30.5548836], [114.3437759, 30.5547372], [114.343739201, 30.5547798], [114.3437489, 30.5548123], [114.3435847, 30.5548834], [114.3435006, 30.5548683], [114.3434844, 30.5548444], [114.3433639, 30.554707001], [114.3431498, 30.5545602], [114.3431539, 30.5543028], [114.3431849, 30.553887], [114.3434741, 30.5535426], [114.3440228, 30.5533532], [114.3440787, 30.5534803], [114.3442377, 30.5534317], [114.3442223, 30.5531945], [114.3445707, 30.5530186], [114.3449655, 30.5528943], [114.3454388, 30.5527286], [114.3461079, 30.5524948], [114.3464471, 30.5523667], [114.3469075, 30.552193], [114.347098, 30.5521514], [114.3471945, 30.552156], [114.3472762, 30.5522319], [114.3475256, 30.5521718], [114.3475834, 30.5520498], [114.3476827, 30.5519597], [114.34779, 30.5519042], [114.3478946, 30.5518742], [114.3480823, 30.5518996], [114.3483089, 30.5520081], [114.3484466, 30.5522072], [114.3485557, 30.552365], [114.3485919, 30.5523835], [114.3486549, 30.5523685], [114.3487856, 30.5526105], [114.3488234, 30.5526804], [114.3490331, 30.5530799]]]}, "properties": {"id": 19640, "land_type": "河流湖泊"}}, {"type": "Feature", "geometry": {"type": "Polygon", "coordinates": [[[114.362715, 30.558362], [114.3626882, 30.5584382], [114.3627364, 30.558489], [114.3628319, 30.558501], [114.3629821, 30.558501], [114.3641462, 30.5585703], [114.365541, 30.5586627], [114.3656429, 30.5587227], [114.3656171, 30.5588586], [114.3655571, 30.559351], [114.3655678, 30.5597806], [114.3656429, 30.5599515], [114.3656268, 30.5600762], [114.3654884, 30.5603136], [114.3653586, 30.5604042], [114.3651826, 30.5604753], [114.3650807, 30.5605769], [114.3648554, 30.5606093], [114.3646462, 30.5606878], [114.3643726, 30.5608079], [114.3642009, 30.5610111], [114.3641634, 30.5610897], [114.3639209, 30.5612125], [114.3638351, 30.5613142], [114.363761, 30.5613668], [114.3634231, 30.5613114], [114.3632353, 30.5613022], [114.3630959, 30.5613576], [114.3629886, 30.5614592], [114.362934, 30.561463], [114.3628192, 30.5615917], [114.3627346, 30.5617356], [114.3624796, 30.5617204], [114.362183, 30.5616687], [114.3619509, 30.5616047], [114.3618804, 30.5616991], [114.3618862, 30.5617225], [114.3619347, 30.5617717], [114.3621171, 30.5618277], [114.3623704, 30.561866], [114.3628113, 30.5619088], [114.362789, 30.5619886], [114.3626935, 30.5620689], [114.3625916, 30.5620689], [114.3624575, 30.5620597], [114.3614651, 30.562032], [114.3613632, 30.5616301], [114.3614732, 30.5615839], [114.3615012, 30.5615721], [114.3615233, 30.5615038], [114.3614899, 30.5614466], [114.3611808, 30.5613299], [114.3609866, 30.5611802], [114.3607559, 30.5610971], [114.360654, 30.5608753], [114.3605156, 30.5607109], [114.3602903, 30.5599025], [114.3603278, 30.5596577], [114.3603858, 30.5594249], [114.360757, 30.5593159], [114.3612881, 30.5590202], [114.3614855, 30.5589121], [114.3615767, 30.5587874], [114.3616357, 30.5587135], [114.3617269, 30.558598], [114.361861, 30.558538], [114.3620337, 30.558521301], [114.3622633, 30.5585241], [114.3624779, 30.5585149], [114.3625862, 30.5584751], [114.3626292, 30.558424301], [114.3626613, 30.558355], [114.362715, 30.558362]]]}, "properties": {"id": 19641, "land_type": "河流湖泊"}}, {"type": "Feature", "geometry": {"type": "Polygon", "coordinates": [[[114.358014701, 30.5552536], [114.3580683, 30.5554291], [114.3580898, 30.55554], [114.358014701, 30.555637], [114.3579567, 30.555722], [114.357887, 30.5557959], [114.3578763, 30.5558698], [114.357887, 30.555989901], [114.3579031, 30.55611], [114.3578334, 30.5562024], [114.3577636, 30.5562855], [114.3576939, 30.5564334], [114.3576295, 30.5564796], [114.3575491, 30.5564888], [114.3574525, 30.5564657], [114.3573023, 30.5564426], [114.3572379, 30.5563779], [114.3572379, 30.556304], [114.3573291, 30.5562578], [114.3573988, 30.5561747], [114.357431, 30.5560592], [114.3575276, 30.555966801], [114.3575973, 30.555916001], [114.3575437, 30.5558005], [114.3574793, 30.5556989], [114.3574203, 30.5556573], [114.3573667, 30.5555972], [114.3573988, 30.555528], [114.357431, 30.555394], [114.357431, 30.5553155], [114.3574514, 30.5552305], [114.3575051, 30.5552166], [114.3575748, 30.5552166], [114.3576402, 30.5552462], [114.3577153, 30.5551722], [114.357651, 30.5550752], [114.3576553, 30.5549671], [114.3577518, 30.554787], [114.3577894, 30.5546484], [114.3578162, 30.5545052], [114.3579449, 30.5544128], [114.358107, 30.5542853], [114.358166, 30.5542021], [114.3582303, 30.5541051], [114.3582679, 30.5539204], [114.358284, 30.5537309], [114.358284, 30.5535462], [114.3582303, 30.553366], [114.3581123, 30.5531905], [114.3580415, 30.55305], [114.35824, 30.5529992], [114.358535, 30.5529761], [114.358771101, 30.5529853], [114.3589105, 30.55299], [114.359624, 30.5531008], [114.3597377, 30.5531674], [114.3598128, 30.5533706], [114.3600532, 30.5537799], [114.3602946, 30.5541911], [114.3604244, 30.5544747], [114.3604823, 30.5547084], [114.3605091, 30.5550364], [114.3604501, 30.5552813], [114.3604609, 30.5553875], [114.3604233, 30.5555261], [114.3602409, 30.5555492], [114.3596144, 30.5555372], [114.359565, 30.5554845], [114.359565, 30.5554106], [114.3596465, 30.5551907], [114.3596412, 30.554969], [114.359565, 30.5547593], [114.3594212, 30.5545902], [114.3592861, 30.5544636], [114.3591691, 30.5544193], [114.3590286, 30.5544036], [114.3588794, 30.5544331], [114.3586917, 30.5545348], [114.3584707, 30.5547223], [114.3582883, 30.5548886], [114.3580844, 30.5550411], [114.358014701, 30.5552536]]]}, "properties": {"id": 19642, "land_type": "河流湖泊"}}, {"type": "Feature", "geometry": {"type": "Polygon", "coordinates": [[[114.3597581, 30.5616976], [114.3595281, 30.5619632], [114.3593998, 30.5620574], [114.3592656, 30.5621128], [114.3591154, 30.5621474], [114.3590027, 30.562153], [114.358936, 30.5622176], [114.3588539, 30.5622144], [114.3588416, 30.5621784], [114.3588002, 30.5621493], [114.3587608, 30.5621028], [114.3587058, 30.562070301], [114.3586416, 30.562063], [114.3584838, 30.5619597], [114.3584051, 30.5618215], [114.3582795, 30.5616434], [114.3580967, 30.5615253], [114.3579956, 30.5615445], [114.357898, 30.5616177], [114.3578108, 30.561716], [114.3570974, 30.561522], [114.3566371, 30.561413], [114.3563463, 30.561365], [114.3560953, 30.5613668], [114.3558192, 30.5613761], [114.3556128, 30.5606573], [114.3559226, 30.5605566], [114.3561318, 30.560552], [114.3563303, 30.5605936], [114.3567219, 30.5605936], [114.3570813, 30.5605797], [114.3571027, 30.5602471], [114.3574246, 30.5602471], [114.3577733, 30.560321], [114.3580748, 30.5603783], [114.3582947, 30.5604245], [114.3583859, 30.5604476], [114.3585189, 30.5604688], [114.3590618, 30.5601935], [114.3595553, 30.5599118], [114.359742, 30.559873], [114.359844, 30.559873], [114.359962, 30.559886801], [114.3600532, 30.5599653], [114.360257, 30.5605427], [114.360434, 30.5611294], [114.3604394, 30.5612218], [114.3600746, 30.5614527], [114.3597581, 30.5616976]]]}, "properties": {"id": 19643, "land_type": "河流湖泊"}}, {"type": "Feature", "geometry": {"type": "Polygon", "coordinates": [[[114.3562015, 30.553184], [114.3563356, 30.5532394], [114.3564697, 30.5533688], [114.3565405, 30.5535323], [114.3565395, 30.5537199], [114.3564858, 30.5538585], [114.3563678, 30.5539277], [114.3562444, 30.5539185], [114.3561275, 30.5538695], [114.3560685, 30.5537402], [114.3560202, 30.5535739], [114.3559719, 30.5534492], [114.3558485, 30.5533937], [114.3557241, 30.5533873], [114.3556179, 30.5533106], [114.3555857, 30.5532182], [114.3556329, 30.5531655], [114.3560406, 30.5531609], [114.3562015, 30.553184]]]}, "properties": {"id": 19644, "land_type": "河流湖泊"}}, {"type": "Feature", "geometry": {"type": "Polygon", "coordinates": [[[114.3434844, 30.5548444], [114.3432368, 30.5549559], [114.3431904, 30.5550505], [114.3430551, 30.555117], [114.3430064, 30.5551096], [114.3427467, 30.5552966], [114.3424518, 30.5555336], [114.3421568, 30.5557684], [114.3418171, 30.5560046], [114.3399687, 30.5572926], [114.3376763, 30.5588447], [114.3373739, 30.5589794], [114.3372614, 30.5590311], [114.3370353, 30.5591619], [114.3363943, 30.5594604], [114.3361403, 30.5596083], [114.3361171, 30.559574801], [114.3360611, 30.559601], [114.3360525, 30.5595871], [114.3359845, 30.5596179], [114.3359532, 30.5596156], [114.335412, 30.5598548], [114.3353832, 30.559905], [114.3352049, 30.5599864], [114.3351174, 30.5599887], [114.335065, 30.5600066], [114.3350239, 30.5600286], [114.3349893, 30.5600667], [114.334959, 30.5601239], [114.3349433, 30.5601417], [114.334923, 30.5601493], [114.3348954, 30.5601496], [114.3348495, 30.5601507], [114.334801, 30.5601624], [114.334761, 30.5601867], [114.3347159, 30.5602241], [114.3346944, 30.5602083], [114.3344786, 30.5603092], [114.3340682, 30.5605049], [114.3339222, 30.560545201], [114.3338294, 30.5605934], [114.333665, 30.5606954], [114.3331778, 30.5609066], [114.3330874, 30.5609102], [114.3329953, 30.5610067], [114.332704, 30.5610703], [114.3324883, 30.5612291], [114.3309849, 30.562201], [114.330072, 30.5627787], [114.3300709, 30.5629169], [114.3294371, 30.563350101], [114.3290052, 30.563636], [114.3288485, 30.5635534], [114.3286515, 30.563478901], [114.3288697, 30.5633143], [114.3294568, 30.5628714], [114.3307413, 30.561957401], [114.3307968, 30.5619273], [114.330821501, 30.5619427], [114.3310554, 30.5617835], [114.3325543, 30.5608458], [114.3327992, 30.5607392], [114.3374818, 30.5586264], [114.3417213, 30.5556773], [114.3427799, 30.5550067], [114.342931, 30.5548356], [114.343099, 30.554756], [114.3430738, 30.5547223], [114.3431214, 30.5546282], [114.3431498, 30.5545602], [114.3433639, 30.554707001], [114.3434844, 30.5548444]]]}, "properties": {"id": 19693, "land_type": "河流湖泊"}}, {"type": "Feature", "geometry": {"type": "Polygon", "coordinates": [[[114.3290052, 30.563636], [114.3288742, 30.5637548], [114.3288849, 30.5638557], [114.3292772, 30.5641972], [114.329492, 30.5642135], [114.329668, 30.5643088], [114.3297505, 30.5644176], [114.3298768, 30.5645617], [114.3299674, 30.5647467], [114.330028, 30.5648635], [114.3301976, 30.5650139], [114.330307, 30.5651008], [114.3303873, 30.5651034], [114.3304675, 30.565077901], [114.3305587, 30.5650053], [114.3306444, 30.5649703], [114.3307665, 30.565009], [114.3308996, 30.565132301], [114.3312123, 30.565298], [114.3314151, 30.5653056], [114.3316124, 30.5653744], [114.3317639, 30.5653934], [114.331779, 30.5653431], [114.331803, 30.5652357], [114.3319608, 30.5651236], [114.3320271, 30.5650359], [114.3321618, 30.5650217], [114.3322855, 30.5650357], [114.3324041, 30.5650762], [114.3325117, 30.5651286], [114.3325879, 30.5651994], [114.3326713, 30.5653192], [114.332732, 30.5654192], [114.3327653, 30.5655334], [114.3327431, 30.565648], [114.3326581, 30.5658611], [114.3325325, 30.5658643], [114.3323699, 30.5658484], [114.3322775, 30.5659438], [114.3323219, 30.5661284], [114.3324142, 30.5664688], [114.3326064, 30.566701], [114.3329817, 30.5668463], [114.3333564, 30.5669206], [114.333519, 30.566891901], [114.3336742, 30.5669078], [114.3337888, 30.5669556], [114.3339994, 30.5669715], [114.3342436, 30.5668814], [114.3351374, 30.5664338], [114.3353074, 30.5663352], [114.3355126, 30.5663571], [114.3355762, 30.5663081], [114.3356162, 30.5662292], [114.3358138, 30.5661897], [114.3360195, 30.5661572], [114.336206, 30.5661392], [114.3363319, 30.5660378], [114.3365015, 30.5659308], [114.3367242, 30.5658338], [114.3369187, 30.5658932], [114.3370859, 30.5659255], [114.3373501, 30.5659091], [114.3375307, 30.565822501], [114.3376346, 30.5657533], [114.3377289, 30.5658398], [114.3378824, 30.565920501], [114.338048, 30.5659941], [114.3380789, 30.5660807], [114.338165, 30.5660805], [114.3383722, 30.5659412], [114.3385819, 30.5660027], [114.3387109, 30.5661233], [114.3389361, 30.566205301], [114.3394924, 30.5663046], [114.3403112, 30.5666933], [114.3407239, 30.5668587], [114.3415921, 30.5676246], [114.3422859, 30.5680045], [114.3424755, 30.5681359], [114.3425679, 30.5682886], [114.3430742, 30.5691049], [114.3434806, 30.5697298], [114.343665301, 30.5700638], [114.3448435, 30.5710443], [114.3452297, 30.5714738], [114.3452274, 30.571727], [114.3453572, 30.5719929], [114.3454227, 30.5721173], [114.3453773, 30.5722947], [114.3451654, 30.5723225], [114.3451063, 30.572203601], [114.344822, 30.572222], [114.344645, 30.5724853], [114.3444114, 30.5727048], [114.3442927, 30.5728643], [114.3443335, 30.5729851], [114.3443889, 30.5730519], [114.3446512, 30.5730869], [114.3448729, 30.5730996], [114.3452424, 30.5732078], [114.3452978, 30.5733096], [114.3452984, 30.5734041], [114.3452793, 30.5734838], [114.3452651, 30.573516], [114.3452642, 30.5735878], [114.345257, 30.5736719], [114.3453095, 30.5738337], [114.3452883, 30.5739434], [114.3452582, 30.5740257], [114.34515, 30.5741144], [114.34486, 30.5743387], [114.3448301, 30.574447], [114.3448129, 30.5745095], [114.3448083, 30.5745598], [114.3448341, 30.5746107], [114.3449653, 30.5747793], [114.3450669, 30.5749781], [114.3451131, 30.5751324], [114.3450743, 30.5752103], [114.345041, 30.5751944], [114.3449653, 30.5752899], [114.3450096, 30.5753153], [114.3448932, 30.5754123], [114.3447842, 30.5754505], [114.3447528, 30.5754076], [114.3445515, 30.5755396], [114.3443683, 30.5756918], [114.3435947, 30.5755661], [114.3432922, 30.5758464], [114.3432617, 30.5761255], [114.3432266, 30.5761399], [114.3433393, 30.5763371], [114.3433837, 30.5763148], [114.3434309, 30.5764058], [114.3433965, 30.5764221], [114.3433451, 30.5764505], [114.3427722, 30.5766934], [114.3424092, 30.5767638], [114.3423149, 30.5767736], [114.3422634, 30.5767801], [114.3422207, 30.5767894], [114.3421703, 30.576792], [114.342073, 30.5768129], [114.3420074, 30.576838], [114.3418609, 30.5768777], [114.3417649, 30.5768748], [114.3416346, 30.5768213], [114.3415695, 30.5767411], [114.3415327, 30.5766713], [114.3414992, 30.5765836], [114.3414656, 30.576525], [114.3414397, 30.5764755], [114.34136, 30.576365], [114.3412331, 30.5762053], [114.3411184, 30.5760702], [114.3408832, 30.5758906], [114.3408731, 30.5758658], [114.3408725, 30.5758386], [114.340874, 30.5756945], [114.3408765, 30.5756256], [114.3408666, 30.5755764], [114.3408167, 30.5755382], [114.3407066, 30.5754779], [114.3404621, 30.5753558], [114.340281, 30.5753224], [114.3400368, 30.575272], [114.3399454, 30.5752434], [114.339758, 30.5751661], [114.3397038, 30.5751454], [114.3396601, 30.5751499], [114.339534, 30.5751915], [114.3393221, 30.5752625], [114.3392283, 30.5753387], [114.3392082, 30.5753546], [114.339186, 30.5753745], [114.339124, 30.5754461], [114.3391149, 30.5754507], [114.3391032, 30.5754498], [114.3388596, 30.5753106], [114.3388487, 30.5752989], [114.3388481, 30.575289], [114.3388393, 30.5751684], [114.3388393, 30.5750414], [114.3388984, 30.5748197], [114.3388769, 30.5747158], [114.3387919, 30.5746235], [114.3379851, 30.574291], [114.3369723, 30.5740693], [114.3341723, 30.5734179], [114.3336176, 30.5745038], [114.3334126, 30.574516401], [114.3330989, 30.5746233], [114.3315126, 30.5741147], [114.3295838, 30.5734078], [114.329116, 30.5733951], [114.3288287, 30.5737294], [114.3273539, 30.5733407], [114.3246429, 30.5723307], [114.324493, 30.5723584], [114.3243155, 30.5723913], [114.3226288, 30.5715398], [114.3228783, 30.5712749], [114.3228156, 30.5710724], [114.3228313, 30.5709374], [114.3228992, 30.570816], [114.3227895, 30.570555], [114.3227424, 30.5703795], [114.3228356, 30.5702344], [114.3225909, 30.5698351], [114.3222841, 30.5694031], [114.321691, 30.5695205], [114.3213472, 30.5693807], [114.3209397, 30.5692233], [114.3206418, 30.5690478], [114.3202708, 30.5688498], [114.3199739, 30.5688529], [114.3196535, 30.568947], [114.3193634, 30.5690011], [114.3189718, 30.5690074], [114.3186688, 30.5689008], [114.318375, 30.5688802], [114.3180622, 30.5688683], [114.317431, 30.5686384], [114.3173649, 30.568541201], [114.3168267, 30.5680643], [114.3167327, 30.5680283], [114.3164557, 30.5680013], [114.3162519, 30.5678438], [114.3147313, 30.56689], [114.314491, 30.566746], [114.3142297, 30.566674], [114.3140063, 30.5666624], [114.3138671, 30.5666217], [114.313882201, 30.5664726], [114.3140239, 30.5663293], [114.314144, 30.5663564], [114.314253, 30.566334101], [114.3143102, 30.5663134], [114.3143481, 30.5662762], [114.3143915, 30.5661734], [114.3143878, 30.5661321], [114.314373, 30.566078], [114.3143509, 30.566043], [114.314301, 30.5659762], [114.314288101, 30.5658521], [114.3143398, 30.5657614], [114.3143823, 30.5656752], [114.3144839, 30.5655912], [114.314543, 30.565584901], [114.3146021, 30.5656326], [114.3146774, 30.5656199], [114.3147741, 30.5655726], [114.314798, 30.5655053], [114.3148263, 30.565423], [114.3148094, 30.56536], [114.3147689, 30.5652926], [114.3146787, 30.5651643], [114.3144063, 30.564980401], [114.3144155, 30.5647913], [114.3145122, 30.5643773], [114.3144678, 30.5638666], [114.3144125, 30.5636128], [114.3144965, 30.5634212], [114.3145775, 30.563095], [114.3145827, 30.5627485], [114.3145489, 30.5625673], [114.3145515, 30.56231], [114.314771501, 30.5622925], [114.3147809, 30.5623123], [114.3149009, 30.5623517], [114.31504, 30.5624163], [114.3152226, 30.5624124], [114.3153454, 30.5625182], [114.3154734, 30.562601401], [114.3155648, 30.5626576], [114.3156589, 30.5626981], [114.3157177, 30.5626977], [114.3157765, 30.5626846], [114.3158773, 30.5626728], [114.3160038, 30.5626644], [114.3160978, 30.5626239], [114.3161292, 30.5625317], [114.3161213, 30.5624687], [114.3160194, 30.5623697], [114.3159385, 30.5622459], [114.315881, 30.5620705], [114.3158496, 30.5618927], [114.3159071, 30.5618275], [114.3160038, 30.5617532], [114.316050801, 30.56167], [114.3160221, 30.561526], [114.3160325, 30.5614563], [114.3161083, 30.5613528], [114.3161485, 30.5611987], [114.316102, 30.5610634], [114.3161339, 30.5609445], [114.3161989, 30.560822301], [114.3161661, 30.5607768], [114.3160458, 30.5607557], [114.3160735, 30.560612401], [114.316198, 30.5606293], [114.3163117, 30.5606331], [114.3164053, 30.5605613], [114.3164621, 30.56048], [114.3165065, 30.5604058], [114.3165901, 30.5603443], [114.3171655, 30.5601866], [114.3173055, 30.5600534], [114.3174597, 30.5600093], [114.3175572, 30.5599814], [114.3178306, 30.5599671], [114.3180617, 30.559999701], [114.3181453, 30.560108], [114.3183689, 30.5602321], [114.3187068, 30.5605778], [114.319308, 30.5606682], [114.3201265, 30.5611727], [114.3201518, 30.5611883], [114.3203228, 30.5612406], [114.3203095, 30.5613449], [114.3203612, 30.5614197], [114.3204273, 30.5614656], [114.3205608, 30.5615803], [114.3207252, 30.5616185], [114.3210263, 30.5615851], [114.3212425, 30.5615119], [114.3214549, 30.561387801], [114.3215769, 30.5613401], [114.3217524, 30.5613465], [114.3218614, 30.5613194], [114.3219464, 30.5612765], [114.3220092, 30.5612113], [114.3220683, 30.561162001], [114.3221533, 30.5611906], [114.3222512, 30.5611906], [114.3224391, 30.5611551], [114.323559, 30.5612664], [114.323843601, 30.5612741], [114.323984201, 30.5613434], [114.3241644, 30.561376501], [114.3242508, 30.5614888], [114.3243639, 30.5616183], [114.3246384, 30.561727501], [114.3249329, 30.5617964], [114.3251208, 30.5617863], [114.3252819, 30.5618165], [114.3253729, 30.5618904], [114.3255911, 30.5621201], [114.3258266, 30.5623198], [114.325936, 30.5625291], [114.3261079, 30.5627573], [114.3264788, 30.5628926], [114.3269039, 30.5630172], [114.3270306, 30.563088901], [114.3271024, 30.5631212], [114.3273066, 30.5631101], [114.3274898, 30.5630737], [114.3276326, 30.5631764], [114.3276509, 30.5631898], [114.3278051, 30.5633009], [114.3278241, 30.5633148], [114.3279833, 30.5634211], [114.3280331, 30.5634449], [114.3280955, 30.5634568], [114.3281563, 30.5634491], [114.3282692, 30.5634506], [114.3283782, 30.5634963], [114.3284389, 30.5635284], [114.3285096, 30.5635309], [114.3285806, 30.56351], [114.3286515, 30.563478901], [114.3288485, 30.5635534], [114.3290052, 30.563636]], [[114.3429466, 30.572198], [114.3427907, 30.5722449], [114.3426189, 30.5723862], [114.3425222, 30.5725783], [114.3424898, 30.5727589], [114.342538, 30.5729002], [114.3428964, 30.5731533], [114.343001, 30.5733254], [114.3430635, 30.5734835], [114.3430094, 30.5737146], [114.3430347, 30.5738146], [114.3431002, 30.5739279], [114.3432327, 30.5739333], [114.3433468, 30.5738724], [114.3434271, 30.5736896], [114.3434442, 30.5735007], [114.3434932, 30.5733697], [114.3434631, 30.5732417], [114.3433745, 30.5730766], [114.3434955, 30.5729857], [114.3435856, 30.573003601], [114.3438028, 30.5730076], [114.3439615, 30.5729346], [114.3441011, 30.5728217], [114.3440539, 30.5726163], [114.3437646, 30.5725661], [114.3435987, 30.5725024], [114.3434165, 30.5724492], [114.3433391, 30.5722927], [114.3430756, 30.5722157], [114.3429466, 30.572198]], [[114.3448565, 30.5738664], [114.344698, 30.5739259], [114.3446411, 30.5740309], [114.3446838, 30.5741473], [114.3447688, 30.5741848], [114.3448504, 30.5741815], [114.3449765, 30.5741219], [114.3451289, 30.5740187], [114.3451635, 30.5739478], [114.3451737, 30.5738454], [114.3451147, 30.5737772], [114.3450273, 30.5737562], [114.3448565, 30.5738664]], [[114.3431272, 30.5744097], [114.3429883, 30.5742692], [114.3428034, 30.5743169], [114.3426372, 30.5744409], [114.3426418, 30.5745682], [114.3424955, 30.5747433], [114.3423515, 30.5749284], [114.3421613, 30.5750212], [114.3420543, 30.5751141], [114.3420585, 30.5752182], [114.3420787, 30.5752642], [114.342021, 30.575304101], [114.3419627, 30.5752938], [114.3418928, 30.5752376], [114.341807, 30.5752104], [114.3416607, 30.5752505], [114.3415792, 30.5752951], [114.3415192, 30.575357], [114.3415122, 30.575469], [114.3415149, 30.5755194], [114.3415018, 30.575551], [114.3414545, 30.5755688], [114.3414022, 30.5755679], [114.3413726, 30.5755354], [114.3413576, 30.5755005], [114.3413041, 30.5754632], [114.341231401, 30.575448], [114.3411395, 30.5754472], [114.3410616, 30.5754871], [114.341009, 30.575563], [114.3409918, 30.5756406], [114.3410017, 30.575717701], [114.3410224, 30.5758637], [114.3410294, 30.5758998], [114.3410475, 30.5759293], [114.3410689, 30.5759449], [114.3411199, 30.5759547], [114.3411336, 30.5759578], [114.3412142, 30.5760296], [114.3413993, 30.5762634], [114.3415468, 30.5763974], [114.3416154, 30.5764489], [114.3417023, 30.5764805], [114.3419753, 30.5764753], [114.3422428, 30.5763986], [114.3422995, 30.5763435], [114.342352, 30.5761808], [114.3422682, 30.5760019], [114.3423507, 30.5758097], [114.3424755, 30.5757195], [114.3426126, 30.5756983], [114.3428344, 30.575746], [114.3430731, 30.5758106], [114.3432231, 30.5756847], [114.3433907, 30.5755849], [114.3435153, 30.5755119], [114.3437217, 30.5753163], [114.3440791, 30.5751359], [114.3441681, 30.5750006], [114.3441945, 30.5749013], [114.3441719, 30.57481], [114.3441713, 30.5747276], [114.3441287, 30.5746492], [114.3439805, 30.5744758], [114.3436879, 30.5745438], [114.3433952, 30.5746637], [114.3432377, 30.5745746], [114.3431272, 30.5744097]]]}, "properties": {"id": 20699, "land_type": "河流湖泊"}}, {"type": "Feature", "geometry": {"type": "Polygon", "coordinates": [[[114.341771, 30.6195634], [114.3341602, 30.6229036], [114.3256777, 30.6266263], [114.3246317, 30.625066], [114.3236715, 30.6236581], [114.3234166, 30.6232865], [114.3231565, 30.6227164], [114.322931201, 30.6223494], [114.3227193, 30.6219939], [114.3224215, 30.6215623], [114.3221748, 30.6212415], [114.3217215, 30.6204129], [114.3212468, 30.61971], [114.321059, 30.6193452], [114.3208779, 30.6190671], [114.3206258, 30.6186287], [114.3206588, 30.6185308], [114.3207807, 30.6184711], [114.3207451, 30.6183815], [114.3205306, 30.6184445], [114.3204635, 30.6184035], [114.3201471, 30.617846], [114.3199599, 30.617625], [114.3198154, 30.6174263], [114.3196763, 30.617247], [114.3194423, 30.6170307], [114.3193316, 30.6169043], [114.3192961, 30.6168218], [114.3191714, 30.6167277], [114.3188783, 30.616648101], [114.3186825, 30.6166215], [114.3186047, 30.6165177], [114.3186477, 30.6164299], [114.3187014, 30.616356], [114.3187898, 30.6162591], [114.318818, 30.6161195], [114.3185524, 30.6158401], [114.31843, 30.6156961], [114.3181448, 30.6153219], [114.3180307, 30.6152216], [114.3178698, 30.6149261], [114.3176768, 30.614723], [114.3177009, 30.6146676], [114.3177733, 30.6146167], [114.3178135, 30.6145567], [114.3178985, 30.6144968], [114.317938, 30.6144728], [114.3180292, 30.6144409], [114.3182131, 30.614369701], [114.3181917, 30.614253201], [114.3181287, 30.6142382], [114.3177948, 30.6142601], [114.317653901, 30.6140627], [114.3174715, 30.6138169], [114.31732, 30.6134274], [114.3173689, 30.6132341], [114.317324, 30.61308], [114.3170879, 30.6130344], [114.3168412, 30.6127458], [114.3167326, 30.6125785], [114.3166656, 30.6124596], [114.316577, 30.6122553], [114.3164201, 30.6121421], [114.3162324, 30.6119956], [114.3161975, 30.611886001], [114.315944, 30.6114427], [114.3158568, 30.6112972], [114.3157898, 30.6111669], [114.3157711, 30.6110746], [114.315704, 30.6109648], [114.3156396, 30.6108437], [114.3155001, 30.6106521], [114.3153673, 30.6105632], [114.3152788, 30.6104743], [114.3151514, 30.6103808], [114.3150495, 30.610277], [114.3150039, 30.6101558], [114.314982401, 30.610045], [114.3149248, 30.6099307], [114.3150187, 30.6098499], [114.314973, 30.6097333], [114.3148148, 30.609649], [114.3146485, 30.6092867], [114.3144313, 30.6091354], [114.3142972, 30.6090292], [114.3141335, 30.6087453], [114.3141737, 30.6086819], [114.314171101, 30.6085744], [114.3140732, 30.6084418], [114.3139082, 30.608094301], [114.3136628, 30.6077815], [114.3134831, 30.6075934], [114.3134201, 30.6074976], [114.3133899, 30.6074086], [114.3133614, 30.6073355], [114.3133022, 30.6072667], [114.3132792, 30.6072321], [114.3131639, 30.6071443], [114.3129628, 30.6070012], [114.3126181, 30.6066585], [114.3121969, 30.6060801], [114.3119019, 30.6057407], [114.3112931, 30.6050205], [114.3110114, 30.6046096], [114.3104053, 30.6037], [114.3098313, 30.6029243], [114.3094986, 30.602384], [114.3092036, 30.6018646], [114.3088227, 30.6013906], [114.3087155, 30.6012351], [114.3086887, 30.6011467], [114.3085331, 30.6008373], [114.3081965, 30.600394], [114.3080664, 30.6001447], [114.3080812, 30.5999104], [114.3079779, 30.5997498], [114.3076158, 30.599639001], [114.3074628, 30.5994221], [114.3070981, 30.5988448], [114.3070217, 30.5987399], [114.3068619, 30.598497], [114.306748, 30.5984157], [114.3065648, 30.5981964], [114.3063551, 30.5979191], [114.305934, 30.5974689], [114.3056524, 30.5967324], [114.3052312, 30.5960144], [114.3049121, 30.595481], [114.3046211, 30.5949673], [114.3043193, 30.5945228], [114.304035, 30.5941119], [114.3035039, 30.5933385], [114.303351, 30.5931421], [114.3032626, 30.5929309], [114.3030788, 30.59264], [114.3029407, 30.5925049], [114.302812, 30.5924311], [114.3026939, 30.5922856], [114.3025504, 30.5920789], [114.302356, 30.5917234], [114.3022925, 30.5914862], [114.3022101, 30.591264], [114.302173501, 30.5911657], [114.3021092, 30.5910491], [114.3021843, 30.5909533], [114.3021655, 30.5908564], [114.3020958, 30.5907802], [114.3019804, 30.590771], [114.3018087, 30.5907016], [114.3015888, 30.5905435], [114.3014413, 30.5903392], [114.3010819, 30.589882], [114.3005106, 30.5890346], [114.2997998, 30.5879632], [114.2991708, 30.5869704], [114.2988892, 30.5863758], [114.298464, 30.585742], [114.2981931, 30.5853702], [114.2978257, 30.5846406], [114.2975615, 30.5840241], [114.2974958, 30.5838763], [114.2973979, 30.5838405], [114.2972651, 30.5834515], [114.2970304, 30.5832933], [114.2969151, 30.5831766], [114.2967836, 30.5829654], [114.2965061, 30.582686], [114.2963924, 30.5824918], [114.2963105, 30.5823621], [114.296303501, 30.5823431], [114.2960246, 30.5818443], [114.2959276, 30.5816343], [114.2958553, 30.5815143], [114.2957134, 30.581349], [114.2955766, 30.5810765], [114.2954649, 30.5808337], [114.2953352, 30.5806442], [114.2951931, 30.5804692], [114.2949973, 30.5801333], [114.294945, 30.5799808], [114.2948686, 30.5797949], [114.294839, 30.579746501], [114.2946191, 30.5794543], [114.294422, 30.5790595], [114.2943388, 30.5789856], [114.2942865, 30.5788389], [114.294143, 30.5787534], [114.2940786, 30.5786218], [114.2940491, 30.5785023], [114.2939744, 30.5783964], [114.2939553, 30.5783678], [114.2939043, 30.5782743], [114.2938064, 30.5781473], [114.2937851, 30.5779309], [114.2937342, 30.5778307], [114.293608, 30.5777778], [114.2935208, 30.5776058], [114.2934424, 30.5775137], [114.2933741, 30.577356], [114.2933317, 30.5773252], [114.2933058, 30.5772518], [114.2931531, 30.5771112], [114.2930785, 30.5769882], [114.2930312, 30.5769523], [114.2928462, 30.5767248], [114.2926825, 30.5764373], [114.2924237, 30.5760471], [114.292118, 30.5756603], [114.292079, 30.5755552], [114.2918001, 30.5753612], [114.291717, 30.5753635], [114.2916834, 30.5752735], [114.2917424, 30.575188], [114.2914206, 30.57471], [114.2912945, 30.574473301], [114.2911376, 30.5741303], [114.2910598, 30.5740091], [114.2910075, 30.5739803], [114.2908975, 30.573845701], [114.2907246, 30.5736021], [114.2907232, 30.5735495], [114.2906454, 30.573411], [114.2905767, 30.573420801], [114.2904785, 30.5732106], [114.2904067, 30.5731258], [114.2903155, 30.5730346], [114.2903277, 30.5729645], [114.2902843, 30.5728852], [114.2901948, 30.5728729], [114.2899548, 30.5724665], [114.2899052, 30.5723383], [114.2898113, 30.5722587], [114.2896624, 30.5719481], [114.2892408, 30.5713096], [114.2891246, 30.571097], [114.2890911, 30.5710797], [114.2890683, 30.5710347], [114.2891112, 30.5710092], [114.2890194, 30.5708615], [114.2886722, 30.5703976], [114.2883589, 30.5699908], [114.2882341, 30.569895], [114.2874925, 30.5691201], [114.2872242, 30.568943501], [114.286795, 30.568634], [114.2866771, 30.5685347], [114.286488, 30.5683847], [114.2863807, 30.5682969], [114.2862184, 30.5682264], [114.2858454, 30.5682079], [114.2853471, 30.5676092], [114.2843711, 30.5664714], [114.2845058, 30.5664227], [114.284597, 30.5665105], [114.284817001, 30.5664689], [114.2850477, 30.566335], [114.2851872, 30.5663073], [114.2853963, 30.5663304], [114.2855331, 30.5663096], [114.2855895, 30.5662518], [114.2855573, 30.5661687], [114.2853212, 30.5659378], [114.2851388, 30.5654851], [114.2852139, 30.5654112], [114.2851361, 30.5649169], [114.2849967, 30.5647622], [114.2849135, 30.5645705], [114.2842805, 30.5637114], [114.2833251, 30.5624715], [114.282757, 30.5617344], [114.2824137, 30.5612632], [114.2821133, 30.5607921], [114.2817378, 30.5602839], [114.2815983, 30.5598405], [114.281491, 30.5597111], [114.2813945, 30.5594617], [114.2811692, 30.5591106], [114.2809546, 30.558778], [114.2807186, 30.5584085], [114.280386, 30.5580482], [114.280386, 30.5578449], [114.2799783, 30.5574015], [114.2797959, 30.556958], [114.2789912, 30.5555167], [114.2781758, 30.5540385], [114.2773068, 30.552551], [114.275207505, 30.548534511], [114.2774785, 30.5480513], [114.2810082, 30.5472937], [114.2840499, 30.546573], [114.2867213, 30.5458719], [114.2868233, 30.5461918], [114.2869601, 30.5466723], [114.287007, 30.546918301], [114.2870455, 30.5472051], [114.287048201, 30.5472252], [114.2870499, 30.5472382], [114.2871143, 30.5475697], [114.2871438, 30.5478561], [114.2871827, 30.5480248], [114.2872176, 30.5481737], [114.2872243, 30.5483343], [114.2872162, 30.548474], [114.2871974, 30.5485664], [114.2871559, 30.5487327], [114.287121, 30.5489025], [114.2871156, 30.5490434], [114.2871331, 30.5491601], [114.2871746, 30.5493252], [114.2872256, 30.5494246], [114.2873047, 30.5495331], [114.2875153, 30.5499027], [114.2876038, 30.5500887], [114.2876977, 30.5502746], [114.287817, 30.5505206], [114.287986, 30.5508451], [114.288050401, 30.5509092], [114.2880819, 30.550937], [114.288098, 30.5509566], [114.2881013, 30.5509791], [114.2880692, 30.5510322], [114.288049, 30.5510761], [114.2880517, 30.5511194], [114.2880671, 30.551187], [114.2881215, 30.5512805], [114.288171501, 30.5513357], [114.2881934, 30.5513611], [114.2882094, 30.5513791], [114.2882334, 30.551406], [114.2883213, 30.5515046], [114.2884997, 30.551691701], [114.2885614, 30.5517869], [114.2885992, 30.5518452], [114.2886338, 30.5518984], [114.2887799, 30.5521895], [114.2888976, 30.5524308], [114.2889012, 30.5524395], [114.2889047, 30.5524479], [114.289012, 30.5526503], [114.2891132, 30.5528368], [114.2892306, 30.5530129], [114.2892949, 30.553092], [114.2892956, 30.5531007], [114.2892138, 30.55317], [114.2892158, 30.553176], [114.2892253, 30.5531853], [114.2892333, 30.5531954], [114.2893345, 30.5532921], [114.2893402, 30.5532921], [114.2893801, 30.5532609], [114.2893858, 30.5532621], [114.2894847, 30.5533727], [114.2895813, 30.5534853], [114.2896188, 30.553548], [114.289622201, 30.5535559], [114.2896683, 30.5536003], [114.2896864, 30.5536177], [114.2897124, 30.5536427], [114.2897447, 30.5536738], [114.2897576, 30.5537509], [114.2897845, 30.5537971], [114.2898689, 30.553871], [114.2899963, 30.553968], [114.2900929, 30.5540904], [114.2901935, 30.5542995], [114.2902914, 30.5544254], [114.2904416, 30.5545455], [114.2905784, 30.5547025], [114.2906629, 30.5548226], [114.290742, 30.5549728], [114.2907795, 30.5550513], [114.2908271, 30.5551737], [114.2908848, 30.5552437], [114.2909498, 30.5553227], [114.2911658, 30.5556403], [114.2913415, 30.555884], [114.2915104, 30.5560503], [114.2916365, 30.5562247], [114.2918229, 30.5565284], [114.2919676, 30.5567861], [114.291993, 30.556816], [114.292063, 30.5568979], [114.2921622, 30.5569765], [114.292181, 30.557025], [114.292177, 30.5571509], [114.2921917, 30.5571867], [114.2922346, 30.5572271], [114.292299, 30.5573021], [114.2923808, 30.5573726], [114.2924237, 30.5574269], [114.2924988, 30.557577], [114.2925391, 30.5576105], [114.2926423, 30.5577121], [114.2926946, 30.5577779], [114.2927577, 30.5579119], [114.2927778, 30.5579685], [114.2928153, 30.5580228], [114.2930433, 30.5582918], [114.293227, 30.558584], [114.2933518, 30.5588069], [114.2934979, 30.5590159], [114.2937447, 30.5592919], [114.2938869, 30.5594605], [114.2940934, 30.5597019], [114.2943361, 30.5599791], [114.2946553, 30.560411], [114.2949021, 30.5607528], [114.295291, 30.5611847], [114.2956129, 30.5615565], [114.2960045, 30.5619238], [114.2965114, 30.562281701], [114.2969513, 30.5626374], [114.2974502, 30.5631224], [114.2980912, 30.5637552], [114.2985767, 30.5643349], [114.2987591, 30.5645578], [114.2989495, 30.564777201], [114.2991038, 30.5649158], [114.2992486, 30.5650163], [114.299309, 30.5650642], [114.2993425, 30.5651075], [114.299368, 30.565186], [114.2994069, 30.5652345], [114.2997234, 30.5655336], [114.2999849, 30.5657414], [114.3002518, 30.5660047], [114.3004449, 30.5662645], [114.300689, 30.5666052], [114.3009518, 30.5669839], [114.3009525, 30.5670042], [114.3009464, 30.5670278], [114.3009169, 30.5671133], [114.3009203, 30.5671439], [114.3009357, 30.5671664], [114.3011127, 30.5673742], [114.3011449, 30.5674072], [114.3012241, 30.5674395], [114.3012515, 30.5674637], [114.3012911, 30.5675463], [114.3014064, 30.5677553], [114.3015365, 30.568030101], [114.3017618, 30.5683281], [114.3018423, 30.5683944], [114.3018866, 30.5684308], [114.3019576, 30.5685463], [114.3019851, 30.5686133], [114.3021031, 30.568708], [114.302128, 30.5687357], [114.3022768, 30.5690013], [114.3025061, 30.5693523], [114.3026309, 30.5695509], [114.3027583, 30.5697472], [114.3028548, 30.569898501], [114.3030533, 30.570171], [114.3034369, 30.5706929], [114.3037158, 30.5710786], [114.303744, 30.5712622], [114.3037547, 30.5713511], [114.3037708, 30.5714146], [114.3038017, 30.5714538], [114.3039344, 30.5715508], [114.3040605, 30.5716767], [114.3041275, 30.5718788], [114.3041624, 30.572], [114.3041758, 30.5720202], [114.3042013, 30.5720335], [114.3043636, 30.5720173], [114.3043763, 30.5720214], [114.3045178, 30.5723037], [114.304605, 30.5725727], [114.3046573, 30.5726951], [114.3047773, 30.5728608], [114.3047793, 30.5728677], [114.3047297, 30.5728952], [114.304729, 30.572903], [114.3047579, 30.5729457], [114.3047659, 30.5729471], [114.3048108, 30.5729243], [114.3048189, 30.5729284], [114.3048719, 30.5730034], [114.3050301, 30.5732343], [114.3052232, 30.5736085], [114.3052413, 30.5736971], [114.3052407, 30.5737049], [114.3052085, 30.5737199], [114.3052075, 30.5737236], [114.3052467, 30.5737736], [114.3052521, 30.573773], [114.3052836, 30.5737586], [114.3052913, 30.573760001], [114.3054391, 30.574002201], [114.3055317, 30.5741939], [114.3055746, 30.5743001], [114.305704, 30.5744981], [114.3059206, 30.5748255], [114.3062398, 30.5754767], [114.3064047, 30.5758473], [114.3066394, 30.5763126], [114.30685, 30.5767895], [114.3071289, 30.5772733], [114.3074119, 30.5777882], [114.3078142, 30.578444], [114.3079671, 30.5787027], [114.3081629, 30.5790098], [114.3082836, 30.5791645], [114.3084647, 30.5793389], [114.3086015, 30.5794682], [114.3087852, 30.5796668], [114.3090199, 30.5799473], [114.3093739, 30.5802868], [114.3095599, 30.5805274], [114.3095747, 30.5805466], [114.3095952, 30.5805731], [114.3097575, 30.5808098], [114.3097765, 30.5808362], [114.3097896, 30.5808542], [114.3099332, 30.5810534], [114.3103945, 30.5816907], [114.3108264, 30.582255301], [114.3111402, 30.5826848], [114.311572, 30.583239], [114.3117692, 30.5835195], [114.3119355, 30.5837424], [114.3121085, 30.5839398], [114.3124531, 30.5843785], [114.3126905, 30.5847653], [114.3130928, 30.5853425], [114.3134335, 30.5859175], [114.313648, 30.58622], [114.3139431, 30.586506301], [114.3143105, 30.5868734], [114.3146673, 30.5872198], [114.3147826, 30.5873468], [114.3151286, 30.5878963], [114.3153352, 30.5882219], [114.3155229, 30.5885036], [114.3158314, 30.588873], [114.3162122, 30.589376401], [114.316408, 30.5896811], [114.3165385, 30.5898983], [114.3165728, 30.5899554], [114.3166494, 30.5900829], [114.3171215, 30.5907917], [114.3174487, 30.5913943], [114.3177143, 30.5918076], [114.3179691, 30.5923664], [114.3181166, 30.5929805], [114.318189, 30.5932039], [114.3181796, 30.5932316], [114.3181588, 30.593253], [114.3181404, 30.5932599], [114.3181434, 30.5932668], [114.3181552, 30.5932787], [114.3181679, 30.5932816], [114.3183352, 30.5932663], [114.3183392, 30.593269201], [114.3183486, 30.5933321], [114.3183443, 30.5933355], [114.3181904, 30.5933511], [114.3181713, 30.5933635], [114.3181615, 30.5933782], [114.3181582, 30.5933881], [114.318188, 30.593395], [114.3182232, 30.5934054], [114.3182397, 30.5934201], [114.3182467, 30.5934412], [114.3182883, 30.5936524], [114.3183312, 30.5939641], [114.3183781, 30.5940842], [114.3184505, 30.5942008], [114.3186074, 30.594388901], [114.3188006, 30.5946429], [114.3189535, 30.5949269], [114.3190017, 30.5950539], [114.3190272, 30.5951024], [114.3190674, 30.5951416], [114.3191962, 30.5952432], [114.3193746, 30.5954856], [114.3196374, 30.5958481], [114.3201832, 30.5965327], [114.3205936, 30.5970868], [114.3209584, 30.5975116], [114.3210859, 30.5976626], [114.3210975, 30.5976739], [114.3212562, 30.5978279], [114.3217362, 30.5982596], [114.322266, 30.5988114], [114.3227139, 30.5993366], [114.3230975, 30.5997822], [114.3235803, 30.6003825], [114.323929, 30.600777201], [114.3243608, 30.6013048], [114.3247765, 30.6017873], [114.3251467, 30.6022767], [114.3254122, 30.6026265], [114.3256523, 30.6029289], [114.32595, 30.6032798], [114.3262075, 30.6035661], [114.3266165, 30.6040036], [114.3269719, 30.6043902], [114.3274802, 30.6049489], [114.3277793, 30.6052837], [114.3281568, 30.6056997], [114.3282594, 30.605816901], [114.3285236, 30.6061344], [114.3287489, 30.6064402], [114.3290882, 30.6068927], [114.3291643, 30.6069786], [114.3291791, 30.606996], [114.329343, 30.6071801], [114.3295401, 30.607431801], [114.3298633, 30.6077942], [114.3302844, 30.6082513], [114.3305647, 30.608571], [114.3308343, 30.6088838], [114.3311895, 30.6093016], [114.3312478, 30.6093699], [114.3312829, 30.6094113], [114.3315129, 30.6096491], [114.3316618, 30.6097426], [114.3317959, 30.6098268], [114.3318763, 30.6098788], [114.3319729, 30.6099595], [114.3321379, 30.6101512], [114.3322237, 30.6102723], [114.3322619, 30.6104224], [114.33227, 30.6104328], [114.3323913, 30.6104616], [114.3324121, 30.6104714], [114.3325925, 30.6106971], [114.3327467, 30.6108864], [114.3328607, 30.6109868], [114.333082, 30.6111403], [114.3334334, 30.6114947], [114.3338048, 30.6118675], [114.3341522, 30.6122795], [114.3344405, 30.6125554], [114.3349072, 30.6130159], [114.3352814, 30.6133887], [114.3356636, 30.6137488], [114.3360177, 30.6140697], [114.3363757, 30.6143986], [114.3368277, 30.6148222], [114.3372743, 30.6152492], [114.3376297, 30.6156128], [114.3379904, 30.6159844], [114.3383874, 30.6163734], [114.3388554, 30.6168212], [114.3393141, 30.6172771], [114.3397875, 30.617728301], [114.3403937, 30.6182892], [114.341197, 30.6190463], [114.341771, 30.6195634]], [[114.3183068, 30.6059755], [114.3185842, 30.6062892], [114.3186714, 30.606232], [114.3183941, 30.6059183], [114.3183068, 30.6059755]], [[114.321665, 30.6038065], [114.3219424, 30.6041201], [114.3220296, 30.604063], [114.3217523, 30.6037493], [114.321665, 30.6038065]]]}, "properties": {"id": 38221, "land_type": "河流湖泊"}}, {"type": "Feature", "geometry": {"type": "Polygon", "coordinates": [[[114.3943517, 30.5647461], [114.3942364, 30.5647564], [114.3941599, 30.5647888], [114.393657, 30.5653246], [114.3935765, 30.565492], [114.393543, 30.5656606], [114.3935738, 30.565977], [114.393602, 30.5662634], [114.3936181, 30.566499], [114.3936181, 30.5666144], [114.3936194, 30.566774901], [114.3936006, 30.5670298], [114.3935604, 30.56721], [114.3934638, 30.5674501], [114.3932185, 30.5677854], [114.392855, 30.5682284], [114.3923534, 30.568822], [114.3921442, 30.5690344], [114.391876, 30.5692099], [114.3916453, 30.5693162], [114.3913821, 30.5694029], [114.3913698, 30.5693731], [114.3914706, 30.5693413], [114.3911189, 30.568564801], [114.390609401, 30.5687165], [114.3906427, 30.5688014], [114.3900746, 30.568906], [114.3899243, 30.5689413], [114.3895961, 30.5690183], [114.3895505, 30.5690644], [114.3895585, 30.569143], [114.388858501, 30.5693138], [114.3885113, 30.5694182], [114.3881209, 30.5695772], [114.3875874, 30.5697924], [114.3871031, 30.5700175], [114.3868502, 30.5701507], [114.3867953, 30.5702581], [114.3866711, 30.57057], [114.3865184, 30.570881], [114.3863716, 30.5710443], [114.3864056, 30.5711478], [114.3863413, 30.5712148], [114.3862715, 30.5713049], [114.3862031, 30.5714062], [114.3861173, 30.571567801], [114.386069, 30.5717064], [114.3860636, 30.5719604], [114.3861575, 30.5726971], [114.386226, 30.5732748], [114.3862741, 30.5735714], [114.386455, 30.5743851], [114.3865704, 30.5749272], [114.3867169, 30.5755702], [114.3870614, 30.5771273], [114.3876125, 30.5787368], [114.3878234, 30.5792292], [114.3878707, 30.5794869], [114.3878778, 30.5796087], [114.3878073, 30.5797375], [114.3871724, 30.5806864], [114.3863563, 30.5818813], [114.3858532, 30.5825162], [114.3853529, 30.5833198], [114.3852952, 30.5833764], [114.3852442, 30.5833879], [114.3836741, 30.5833307], [114.3823352, 30.5832522], [114.3821931, 30.5832426], [114.3820728, 30.5832353], [114.382037, 30.5832332], [114.3819171, 30.5832275], [114.3808808, 30.5831462], [114.3802513, 30.583089701], [114.3789531, 30.5829469], [114.3789102, 30.5829166], [114.3788284, 30.582731001], [114.3787466, 30.5825844], [114.3785883, 30.58241], [114.3784381, 30.5822888], [114.3781739, 30.5821791], [114.3779875, 30.5821214], [114.377435, 30.5818962], [114.3768744, 30.5816988], [114.3765955, 30.5816041], [114.3761422, 30.5814194], [114.3759142, 30.5812797], [114.3755454, 30.5810696], [114.3752557, 30.5809899], [114.3749258, 30.5809437], [114.3731932, 30.5808514], [114.3731953, 30.5806238], [114.3731959, 30.5805581], [114.3731783, 30.58038], [114.3730912, 30.5802279], [114.3730376, 30.5801402], [114.3729315, 30.5801698], [114.3729223, 30.580288], [114.3729464, 30.5803965], [114.373043, 30.5804912], [114.373043, 30.5805627], [114.3729625, 30.580632], [114.3728391, 30.5806851], [114.3727169, 30.5807217], [114.3726392, 30.580811801], [114.3725897, 30.5808814], [114.3724958, 30.580923], [114.3724299, 30.580918], [114.372418, 30.5808583], [114.3723885, 30.5808168], [114.3724448, 30.5807983], [114.3724958, 30.5807382], [114.3725655, 30.5806459], [114.3726031, 30.5806159], [114.3726782, 30.5805535], [114.3726713, 30.5804585], [114.3726016, 30.5802899], [114.3726219, 30.5801332], [114.3726219, 30.5800363], [114.3725989, 30.5799897], [114.3726272, 30.5799254], [114.372646, 30.5798862], [114.372638, 30.5798515], [114.372607, 30.579835], [114.3725185, 30.5797981], [114.3724836, 30.5797611], [114.3723763, 30.579678], [114.3723402, 30.5796368], [114.3723751, 30.5795998], [114.3725521, 30.5795098], [114.3725521, 30.579556], [114.3725441, 30.5796275], [114.372605801, 30.5797222], [114.3726433, 30.5797869], [114.3726916, 30.5798215], [114.3727304, 30.5798697], [114.3728081, 30.5799713], [114.3728847, 30.5800201], [114.3729464, 30.580057], [114.3729893, 30.5800455], [114.3730081, 30.5800132], [114.3729571, 30.5799554], [114.3728659, 30.5798077], [114.3728484, 30.5796942], [114.3728322, 30.5796591], [114.3727694, 30.5795236], [114.3727184, 30.5794405], [114.3727023, 30.5793966], [114.3726257, 30.579329301], [114.3725092, 30.579138], [114.3725173, 30.5790664], [114.3724958, 30.5790133], [114.3724246, 30.5789875], [114.3710269, 30.578814], [114.370203, 30.5775495], [114.3701794, 30.5774805], [114.3701728, 30.5774], [114.3701676, 30.5773576], [114.370511, 30.5769881], [114.370857, 30.5766463], [114.370983, 30.5765794], [114.3715034, 30.5765032], [114.3718333, 30.5766302], [114.372084, 30.5767985], [114.3721257, 30.5768265], [114.3722154, 30.5769254], [114.3723054, 30.5769858], [114.3724219, 30.5770178], [114.3725092, 30.5769835], [114.3726272, 30.5768934], [114.3727372, 30.5768172], [114.3728257, 30.5767341], [114.3729276, 30.5766879], [114.3732319, 30.5766275], [114.3734212, 30.5765701], [114.3735284, 30.5765216], [114.3735419, 30.5764454], [114.3737216, 30.5764039], [114.3739013, 30.5764223], [114.3740998, 30.5764454], [114.374224301, 30.5765098], [114.3742526, 30.5766256], [114.3742807, 30.576895401], [114.374258, 30.5770228], [114.3741749, 30.5772006], [114.3741761, 30.5773157], [114.3742768, 30.5774546], [114.3743599, 30.5775516], [114.3746845, 30.5775539], [114.3748803, 30.577383], [114.3752612, 30.5770366], [114.3752746, 30.5770135], [114.3756072, 30.576711], [114.3759693, 30.5761776], [114.376188, 30.575811], [114.3762697, 30.5756741], [114.3766184, 30.5753254], [114.3768624, 30.5750091], [114.3769027, 30.5747897], [114.3768785, 30.5746142], [114.3767739, 30.5743555], [114.3767042, 30.5742124], [114.3766088, 30.5741982], [114.376503, 30.5742147], [114.3764172, 30.5741847], [114.3763287, 30.5740969], [114.3762333, 30.5740527], [114.3760402, 30.5740203], [114.3757735, 30.574025301], [114.3755225, 30.5740688], [114.3753804, 30.5741243], [114.3751738, 30.5742305], [114.3750037, 30.5742632], [114.3748922, 30.5742513], [114.3747232, 30.5741658], [114.374602501, 30.5740596], [114.3741385, 30.5737709], [114.3736411, 30.5732863], [114.3733085, 30.5727875], [114.3729315, 30.5721498], [114.3727491, 30.571875], [114.3726284, 30.5718057], [114.3724287, 30.5717714], [114.3722651, 30.5718107], [114.3720893, 30.5719027], [114.3719888, 30.5719723], [114.3719559, 30.5719804], [114.371921, 30.5719789], [114.3706109, 30.5709308], [114.3705847, 30.5708661], [114.3705324, 30.5707056], [114.370452, 30.5704863], [114.3703802, 30.5702778], [114.3702743, 30.5700515], [114.3701241, 30.5698933], [114.3700336, 30.5698061], [114.3700194, 30.5697639], [114.3700348, 30.569716], [114.3702092, 30.569447], [114.3704452, 30.5690192], [114.37047, 30.5689799], [114.3705233, 30.5688959], [114.3705269, 30.5688826], [114.3705258, 30.568872701], [114.3705199, 30.5688583], [114.3706262, 30.5686953], [114.3706946, 30.568619], [114.3707375, 30.5685578], [114.370767, 30.5684978], [114.3711252, 30.5679066], [114.3711372, 30.5678858], [114.3711654, 30.567872], [114.3712673, 30.5678662], [114.3713385, 30.5678281], [114.3714336, 30.5676941], [114.371486, 30.5675891], [114.3715396, 30.5672218], [114.3715128, 30.5668951], [114.3714417, 30.5667369], [114.3713639, 30.5666052], [114.3712083, 30.5665475], [114.3710593, 30.566561], [114.370893, 30.5665887], [114.370851, 30.5663286], [114.3708335, 30.5663021], [114.3708059, 30.5662865], [114.3707409, 30.5660671], [114.3707328, 30.5659886], [114.3706746, 30.5657288], [114.3707214, 30.5656349], [114.3707187, 30.5655564], [114.3706987, 30.5653997], [114.3706478, 30.5650324], [114.3704949, 30.5646606], [114.3703593, 30.5643046], [114.3703259, 30.5641895], [114.3703259, 30.5640509], [114.3703473, 30.5638777], [114.3704251, 30.5638223], [114.3705002, 30.5637645], [114.3703688, 30.5635058], [114.3703313, 30.5633719], [114.3703259, 30.563104], [114.3703688, 30.5629054], [114.3704171, 30.5625635], [114.3705217, 30.5623487], [114.3706638, 30.5621085], [114.3706585, 30.5620462], [114.3705324, 30.5618776], [114.3704144, 30.5616697], [114.3703915, 30.5614731], [114.3703876, 30.5613441], [114.3703393, 30.5612794], [114.3702761, 30.5612421], [114.3701086, 30.5612424], [114.3699999, 30.5612306], [114.3698604, 30.561159], [114.3696124, 30.56103], [114.3694473, 30.5608887], [114.3692984, 30.5607348], [114.369273, 30.5607086], [114.3689499, 30.560334801], [114.3686146, 30.5598544], [114.3684335, 30.5595561], [114.3682418, 30.5591846], [114.3680058, 30.5586372], [114.3678985, 30.5583], [114.367759, 30.5578149], [114.3675739, 30.5572167], [114.3674598, 30.5568976], [114.3672682, 30.5567063], [114.3670375, 30.5564591], [114.3668831, 30.5563133], [114.3665896, 30.5559995], [114.3665896, 30.5558563], [114.3667559, 30.5553874], [114.3668685, 30.5551841], [114.3670724, 30.5552604], [114.3671475, 30.5552119], [114.3671502, 30.5551149], [114.3671502, 30.5548515], [114.3672172, 30.5547037], [114.3672092, 30.5546067], [114.3671797, 30.5545374], [114.3671084, 30.5544886], [114.3668268, 30.5545024], [114.3665613, 30.5545486], [114.3665237, 30.554703401], [114.3666122, 30.5549159], [114.3667678, 30.5551307], [114.3667705, 30.5552531], [114.3666176, 30.5555603], [114.3665184, 30.5559044], [114.3664164, 30.5559576], [114.3663038, 30.5559807], [114.3662314, 30.5560222], [114.3662904, 30.5560523], [114.3663682, 30.5560523], [114.366462, 30.5560453], [114.3665091, 30.5560665], [114.366517201, 30.5560919], [114.3664984, 30.5561242], [114.3665157, 30.5561608], [114.3665493, 30.5561866], [114.3665976, 30.5561981], [114.3666352, 30.5562258], [114.3666995, 30.5562697], [114.3667398, 30.5562905], [114.3667437, 30.5563571], [114.3667356, 30.5563872], [114.3666942, 30.5564245], [114.366631, 30.5564657], [114.3664996, 30.5565119], [114.3663923, 30.556505], [114.3664808, 30.5566574], [114.3665413, 30.556766301], [114.3664862, 30.5568353], [114.3664084, 30.5568722], [114.3664125, 30.5569742], [114.3664138, 30.5571517], [114.3663977, 30.5572649], [114.3662918, 30.5573599], [114.366277, 30.557445], [114.3661577, 30.5574846], [114.3660409, 30.5575628], [114.3659095, 30.5576206], [114.3657915, 30.5577499], [114.3657271, 30.5579], [114.3656857, 30.5581152], [114.3656896, 30.5583781], [114.3655823, 30.5584451], [114.3643821, 30.5584039], [114.3628264, 30.5582815], [114.3627486, 30.5583023], [114.362715, 30.558362], [114.3626613, 30.558355], [114.3626631, 30.5582922], [114.3626709, 30.5580112], [114.3627111, 30.557678701], [114.3627996, 30.5574177], [114.362864, 30.5571197], [114.3630625, 30.556503], [114.3630651, 30.5564222], [114.3629832, 30.5563479], [114.3628559, 30.5562305], [114.3625716, 30.5558701], [114.3624858, 30.555729201], [114.3624375, 30.5556045], [114.3624321, 30.5555144], [114.3624885, 30.5553481], [114.3627352, 30.5552627], [114.3630932, 30.5550752], [114.3632422, 30.5549878], [114.363261, 30.5549024], [114.3632663, 30.5547407], [114.3632878, 30.554348], [114.3631871, 30.553918], [114.3621195, 30.5534907], [114.3618808, 30.553396], [114.3614678, 30.5532551], [114.3611298, 30.5530888], [114.3606229, 30.5529595], [114.3603815, 30.5529156], [114.3601132, 30.5529271], [114.3598665, 30.5529502], [114.3596921, 30.553021801], [114.3589626, 30.5528925], [114.3588848, 30.5529456], [114.3587092, 30.5529182], [114.3583644, 30.5529156], [114.3581391, 30.5529318], [114.3579904, 30.5529552], [114.3577732, 30.5527635], [114.3575666, 30.5526503], [114.3574057, 30.552608701], [114.3567056, 30.552946], [114.3565244, 30.552975601], [114.3563984, 30.5529318], [114.3561328, 30.5529872], [114.3559412, 30.5530083], [114.3552826, 30.552978], [114.3551512, 30.5529341], [114.3545009, 30.5527196], [114.3543143, 30.55271], [114.3541668, 30.5527354], [114.3540273, 30.5527886], [114.3540005, 30.552941], [114.353684, 30.5530011], [114.3535514, 30.5528767], [114.3535391, 30.5527816], [114.3527881, 30.5527678], [114.3525655, 30.5525876], [114.3523375, 30.552583], [114.3522034, 30.5525183], [114.3521781, 30.5524193], [114.3522129, 30.552331601], [114.3521995, 30.5522946], [114.3521459, 30.5522992], [114.3520949, 30.5523362], [114.3520466, 30.5524078], [114.3519459, 30.5524906], [114.3518359, 30.5524952], [114.3517891, 30.552405501], [114.3516926, 30.552405501], [114.3516348, 30.5524883], [114.351596, 30.5526134], [114.3514926, 30.5526361], [114.351152, 30.5526869], [114.3510796, 30.5527516], [114.3509106, 30.5527585], [114.3508021, 30.5527912], [114.3506585, 30.5528578], [114.3503983, 30.5528986], [114.3502133, 30.5529251], [114.3500604, 30.5529563], [114.3495199, 30.5530938], [114.3494622, 30.553092601], [114.3493871, 30.5530684], [114.3492839, 30.5530187], [114.3492007, 30.5530106], [114.3491377, 30.553021], [114.3490331, 30.5530799], [114.3488234, 30.5526804], [114.3487856, 30.5526105], [114.3486549, 30.5523685], [114.3488587, 30.5522126], [114.348907, 30.5521375], [114.3489405, 30.5520428], [114.3489526, 30.5519273], [114.3488346, 30.5514073], [114.3488038, 30.5509757], [114.3487582, 30.5504814], [114.348659, 30.5500679], [114.3484417, 30.549495], [114.3481601, 30.548825201], [114.3480394, 30.5485272], [114.3484793, 30.5484625], [114.3484552, 30.5483378], [114.3485705, 30.548317], [114.3485812, 30.54828], [114.3492786, 30.5481414], [114.3498553, 30.5479913], [114.3500698, 30.5479405], [114.3505848, 30.5480052], [114.351262, 30.5480649], [114.3515907, 30.5480236], [114.3521486, 30.5478735], [114.3523885, 30.5478085], [114.3526621, 30.5478015], [114.3530122, 30.5479174], [114.3534816, 30.5480421], [114.3538518, 30.5480791], [114.3543828, 30.548088301], [114.3547852, 30.5480398], [114.3552438, 30.5478827], [114.3557186, 30.5477303], [114.3563462, 30.547564], [114.3568478, 30.5475154], [114.357462, 30.5475062], [114.3580601, 30.547527], [114.3585549, 30.5476329], [114.3589733, 30.54776], [114.3592415, 30.5478685], [114.3595112, 30.5480906], [114.359699, 30.5481484], [114.3599362, 30.5481711], [114.360124, 30.5481526], [114.360214, 30.548189901], [114.3603037, 30.5481965], [114.3603642, 30.548183], [114.3606807, 30.5480075], [114.3607531, 30.5478365], [114.3610535, 30.5476494], [114.3612225, 30.5475663], [114.3617428, 30.5472637], [114.3621344, 30.5470719], [114.3624321, 30.5469888], [114.3627916, 30.5468502], [114.3630464, 30.5467532], [114.3634621, 30.546536001], [114.3639047, 30.5463374], [114.3642775, 30.5461225], [114.3646933, 30.5459632], [114.3649755, 30.5458776], [114.3649872, 30.5458751], [114.3653718, 30.5457841], [114.365816, 30.5456802], [114.3658418, 30.5456765], [114.3660409, 30.5456094], [114.3662704, 30.5455243], [114.3666045, 30.5453774], [114.3666161, 30.5453747], [114.3671072, 30.5451188], [114.3674263, 30.5449248], [114.3678877, 30.544658], [114.3680044, 30.5445841], [114.3681197, 30.544494], [114.3683048, 30.5442549], [114.3683732, 30.5441174], [114.3683799, 30.5439511], [114.368355, 30.543770101], [114.3683538, 30.5437615], [114.3683535, 30.5437532], [114.3683525, 30.5437297], [114.3683507, 30.5436543], [114.368338, 30.5436172], [114.3682823, 30.5435344], [114.3682679, 30.5434337], [114.3682712, 30.5433364], [114.3682981, 30.5430675], [114.3683302, 30.5430109], [114.368455, 30.5428794], [114.3684608, 30.5428738], [114.3684658, 30.5428689], [114.3685468, 30.5427805], [114.3686266, 30.5426228], [114.368679, 30.5425282], [114.3687607, 30.5424276], [114.3688144, 30.542363], [114.3688251, 30.5423098], [114.3688076, 30.5422774], [114.3687795, 30.5422252], [114.3686575, 30.5420892], [114.3686602, 30.5420349], [114.3687889, 30.5416792], [114.3688801, 30.5415764], [114.3689553, 30.5415722], [114.3690236, 30.5415683], [114.3691564, 30.541499], [114.3692328, 30.5414597], [114.3696901, 30.5407216], [114.3697936, 30.5405895], [114.3703003, 30.5399431], [114.3703593, 30.5398634], [114.370582, 30.5396521], [114.370712, 30.5396139], [114.3708275, 30.5396151], [114.3711023, 30.539696], [114.371168, 30.5396844], [114.3717635, 30.53913], [114.3717393, 30.5388655], [114.3716629, 30.5387419], [114.3716334, 30.5386356], [114.3716629, 30.5384981], [114.3718587, 30.538224401], [114.3719445, 30.5381008], [114.3720156, 30.5378744], [114.3720599, 30.5377935], [114.3721122, 30.5377115], [114.3721497, 30.5375868], [114.372151, 30.5373927], [114.3721497, 30.5371848], [114.3721591, 30.5370381], [114.372178, 30.5370035], [114.3721953, 30.5369712], [114.3721821, 30.5368811], [114.3723674, 30.5368627], [114.3724649, 30.5368649], [114.3725252, 30.5368568], [114.3726955, 30.5368441], [114.374093, 30.5367493], [114.3761408, 30.5365923], [114.3767405, 30.53655], [114.3767475, 30.536489], [114.3768105, 30.5364863], [114.3768664, 30.5365553], [114.3770152, 30.5365888], [114.3771146, 30.5366512], [114.3772593, 30.5369134], [114.3773505, 30.5371224], [114.3775155, 30.5373904], [114.3776844, 30.5375591], [114.3779325, 30.537812], [114.3780841, 30.5379564], [114.3782035, 30.5380442], [114.3783577, 30.5381401], [114.3786836, 30.5382729], [114.3789142, 30.538385], [114.3792146, 30.5385293], [114.3795955, 30.5387141], [114.3797725, 30.5387742], [114.3809527, 30.5389117], [114.3814919, 30.5388435], [114.3817816, 30.5388389], [114.382297801, 30.5388528], [114.3828051, 30.5389475], [114.383744901, 30.5391635], [114.3847352, 30.5390267], [114.3853207, 30.5388458], [114.3855688, 30.5387684], [114.3858048, 30.5386749], [114.3859151, 30.5385984], [114.3863051, 30.5386183], [114.3863238, 30.5386841], [114.3863714, 30.5387182], [114.3864264, 30.5387303], [114.3864955, 30.5387141], [114.3865498, 30.5386651], [114.3865639, 30.5386015], [114.3873538, 30.538633], [114.3876639, 30.5386261], [114.3881145, 30.5387832], [114.3884686, 30.538968], [114.3891123, 30.5392175], [114.3894164, 30.5393191], [114.3894554, 30.5394049], [114.3894593, 30.5395085], [114.389442, 30.5398438], [114.3893909, 30.5399062], [114.3894244, 30.5399936], [114.3893212, 30.540864601], [114.3892796, 30.5409307], [114.3893091, 30.5410032], [114.3892394, 30.541941], [114.3892608, 30.5421859], [114.3893078, 30.5423225], [114.3892863, 30.5424149], [114.3893574, 30.5425001], [114.3895987, 30.5432115], [114.3896873, 30.5434033], [114.3898133, 30.5435327], [114.3901004, 30.5437337], [114.3901563, 30.5436846], [114.390229, 30.5437292], [114.3902291, 30.5437868], [114.3902613, 30.543816801], [114.3905443, 30.5439881], [114.3908299, 30.544161], [114.3911399, 30.5443693], [114.391361, 30.544526], [114.3917606, 30.5446808], [114.3921966, 30.5448659], [114.392376201, 30.5449496], [114.3924373, 30.5449941], [114.3924917, 30.545029901], [114.393012001, 30.5452401], [114.3934009, 30.5453441], [114.393637, 30.5454111], [114.393883, 30.5454451], [114.3939567, 30.5454151], [114.3940171, 30.5453585], [114.3940457, 30.5452452], [114.3941083, 30.5452607], [114.3941022, 30.5453391], [114.3941237, 30.5454061], [114.3941297, 30.5454451], [114.3941425, 30.545504], [114.3941532, 30.5455416], [114.3942263, 30.5456091], [114.3943316, 30.5456819], [114.3947017, 30.5458915], [114.3949726, 30.5460024], [114.3951765, 30.5460809], [114.3953106, 30.5461283], [114.3954568, 30.5461687], [114.3956003, 30.5462184], [114.3958068, 30.5462807], [114.3959503, 30.5463189], [114.3961032, 30.5463524], [114.3962722, 30.5463928], [114.3965404, 30.5464436], [114.3969172, 30.5465614], [114.3971103, 30.5466411], [114.3972807, 30.5467728], [114.397396, 30.5468663], [114.3976012, 30.5470142], [114.3980022, 30.5471551], [114.3983147, 30.5473583], [114.3986244, 30.5477545], [114.3987277, 30.5479139], [114.3986714, 30.5483655], [114.3985628, 30.5487016], [114.3985252, 30.5491578], [114.3985292, 30.5495805], [114.3986097, 30.5501672], [114.3986352, 30.5504767], [114.3985789, 30.5512702], [114.3986124, 30.5515774], [114.3986795, 30.5528224], [114.3987538, 30.5529697], [114.3988658, 30.5534691], [114.3990536, 30.5538317], [114.3993808, 30.5543087], [114.4000138, 30.5549854], [114.4003519, 30.5552531], [114.4006892, 30.5554708], [114.4012371, 30.5558244], [114.4014689, 30.555974], [114.4015051, 30.5560711], [114.4015253, 30.556205], [114.401489, 30.5580828], [114.4014843, 30.5582699], [114.4014669, 30.5599427], [114.4015038, 30.5599427], [114.4014702, 30.561664], [114.4014475, 30.5617759], [114.4013844, 30.561866], [114.4012812, 30.5619145], [114.4011578, 30.5619445], [114.4011578, 30.5619791], [114.3985811, 30.5622844], [114.3982497, 30.5623373], [114.3979848, 30.5623776], [114.3978198, 30.562403], [114.3970365, 30.5625031], [114.3967013, 30.5625655], [114.3964089, 30.5626694], [114.3962601, 30.562739], [114.396008, 30.5628915], [114.3955265, 30.5633869], [114.395509, 30.563443501], [114.3955533, 30.5635173], [114.3943517, 30.5647461]], [[114.3865524, 30.5698628], [114.3866034, 30.5697935], [114.3867026, 30.5697219], [114.3867134, 30.5696758], [114.3866758, 30.5696157], [114.3865685, 30.5695649], [114.3865015, 30.5695487], [114.3864344, 30.569558], [114.3863486, 30.5696203], [114.3862949, 30.5696711], [114.3862735, 30.5697404], [114.3862547, 30.5698259], [114.3862762, 30.5698767], [114.3862976, 30.5699044], [114.3863057, 30.5699205], [114.3863057, 30.5699598], [114.3863191, 30.5699968], [114.3863727, 30.5700245], [114.3864156, 30.5700268], [114.3865524, 30.5698628]]]}, "properties": {"id": 38385, "land_type": "河流湖泊"}}]}