{"type": "FeatureCollection", "features": [{"type": "Feature", "geometry": {"type": "Polygon", "coordinates": [[[114.3548485, 30.53738], [114.3548187, 30.5373998], [114.3547659, 30.5373873], [114.354752, 30.5373572], [114.3547653, 30.5373269], [114.3547988, 30.5373122], [114.354835, 30.5373208], [114.3548551, 30.5373482], [114.3548485, 30.53738]]]}, "properties": {"id": 18200, "block_id": 18200, "area_sqm": 70, "poi_count": 0, "dominant_category": null, "category_entropy": null, "street_block_id": 3693}}, {"type": "Feature", "geometry": {"type": "Polygon", "coordinates": [[[114.3494009, 30.5449342], [114.3492134, 30.545044], [114.3484165, 30.5450382], [114.3484341, 30.5449085], [114.3484674, 30.5444959], [114.3485344, 30.5438847], [114.3486955, 30.5420739], [114.348685518, 30.541903273], [114.3487365, 30.5416915], [114.348752499, 30.541634196], [114.3487728, 30.5416307], [114.3490121, 30.541679], [114.3496748, 30.5417899], [114.3499017, 30.5418461], [114.3502201, 30.5419249], [114.3504425, 30.54195], [114.3510379, 30.5420171], [114.3511213, 30.5420265], [114.3512617, 30.5420518], [114.351315, 30.5420786], [114.3506122, 30.5432006], [114.3507722, 30.5432518], [114.3506518, 30.5435053], [114.3508824, 30.5436878], [114.3508758, 30.5438691], [114.3507697, 30.5439754], [114.3508665, 30.5439819], [114.3510196, 30.5439921], [114.3510595, 30.5439934], [114.3510402, 30.5446347], [114.35103, 30.5449733], [114.350483, 30.5449554], [114.3494009, 30.5449342]]]}, "properties": {"id": 19236, "block_id": 19236, "area_sqm": 79596, "poi_count": 48, "dominant_category": "商务住宅", "category_entropy": 2.135, "street_block_id": 3659}}, {"type": "Feature", "geometry": {"type": "Polygon", "coordinates": [[[114.3544953, 30.5300746], [114.3541366, 30.5300798], [114.354092, 30.5300143], [114.3541068, 30.5300062], [114.3541169, 30.5299951], [114.3541226, 30.5299819], [114.3541232, 30.5299678], [114.3541187, 30.5299543], [114.3541095, 30.5299427], [114.3540965, 30.5299341], [114.3540811, 30.5299294], [114.3540648, 30.5299291], [114.3540722, 30.5297997], [114.3540816, 30.5297817], [114.3540392, 30.5297756], [114.3540277, 30.5297425], [114.3539765, 30.5297313], [114.3539546, 30.5296498], [114.3539416, 30.5296209], [114.3539004, 30.5296136], [114.353894, 30.5295808], [114.353857, 30.5295679], [114.3538255, 30.5295289], [114.3538101, 30.5295039], [114.3537507, 30.5294401], [114.353917, 30.5291928], [114.3539649, 30.5291327], [114.3540187, 30.5290712], [114.354044, 30.5290711], [114.3550619, 30.5290667], [114.3550555, 30.5300664], [114.3544953, 30.5300746]]]}, "properties": {"id": 17231, "block_id": 17231, "area_sqm": 11861, "poi_count": 17, "dominant_category": "科教文化服务", "category_entropy": 1.071, "street_block_id": 3760}}, {"type": "Feature", "geometry": {"type": "Polygon", "coordinates": [[[114.3536601, 30.5300869], [114.3533293, 30.53009], [114.3533306, 30.5299831], [114.353334525, 30.529604131], [114.3533837, 30.5296032], [114.3536749, 30.5296063], [114.3536274, 30.5297104], [114.3536327, 30.5298813], [114.3536327, 30.5299275], [114.35374, 30.5299945], [114.3537857, 30.530085], [114.3536601, 30.5300869]]]}, "properties": {"id": 17234, "block_id": 17234, "area_sqm": 1730, "poi_count": 1, "dominant_category": "地名地址信息", "category_entropy": 0.0, "street_block_id": 3760}}, {"type": "Feature", "geometry": {"type": "Polygon", "coordinates": [[[114.3507363, 30.5292615], [114.3506728, 30.5301777], [114.3504752, 30.5301154], [114.3503828, 30.5300623], [114.350278, 30.5300092], [114.350164, 30.5299747], [114.3500131, 30.5299562], [114.3498214, 30.5300341], [114.3499269, 30.5299721], [114.3499475, 30.5298838], [114.3499522, 30.5297301], [114.3499362, 30.529228], [114.3507363, 30.5292615]]]}, "properties": {"id": 17244, "block_id": 17244, "area_sqm": 6533, "poi_count": 1, "dominant_category": "商务住宅", "category_entropy": 0.0, "street_block_id": 3816}}, {"type": "Feature", "geometry": {"type": "Polygon", "coordinates": [[[114.3517662, 30.5300278], [114.3516861, 30.530195], [114.3506728, 30.5301777], [114.3507363, 30.5292615], [114.3518548, 30.5292877], [114.3518506, 30.5293702], [114.3518186, 30.5296245], [114.3517662, 30.5300278]]]}, "properties": {"id": 17246, "block_id": 17246, "area_sqm": 10628, "poi_count": 12, "dominant_category": "科教文化服务", "category_entropy": 0.721, "street_block_id": 3822}}, {"type": "Feature", "geometry": {"type": "Polygon", "coordinates": [[[114.3530257, 30.5302818], [114.3529072, 30.5302836], [114.3523476, 30.5302796], [114.3523516, 30.5300804], [114.3527479, 30.5300845], [114.3530227, 30.5300876], [114.3530245, 30.5301755], [114.3530257, 30.5302818]]]}, "properties": {"id": 17251, "block_id": 17251, "area_sqm": 1421, "poi_count": 3, "dominant_category": "购物服务", "category_entropy": 1.099, "street_block_id": 3817}}, {"type": "Feature", "geometry": {"type": "Polygon", "coordinates": [[[114.3542902, 30.5392381], [114.3539285, 30.5395434], [114.353849, 30.5392663], [114.3537766, 30.5392293], [114.3535995, 30.5392478], [114.3531382, 30.5392963], [114.352929, 30.5391369], [114.3529022, 30.5390018], [114.3528547, 30.5386216], [114.3527103, 30.5385482], [114.3526822, 30.5384749], [114.3526634, 30.5383382], [114.3526382, 30.5382841], [114.3533663, 30.538052], [114.3543944, 30.5377775], [114.3543879, 30.5378906], [114.3543611, 30.5379969], [114.354337, 30.5381216], [114.3544027, 30.5387396], [114.3544617, 30.5388112], [114.3545288, 30.5388736], [114.354651, 30.5389412], [114.3545724, 30.5390014], [114.3544757, 30.539089], [114.3542902, 30.5392381]]]}, "properties": {"id": 18490, "block_id": 18490, "area_sqm": 21949, "poi_count": 12, "dominant_category": "科教文化服务", "category_entropy": 1.011, "street_block_id": 3685}}, {"type": "Feature", "geometry": {"type": "Polygon", "coordinates": [[[114.3655837, 30.5395215], [114.3653436, 30.5396358], [114.3651424, 30.5396232], [114.3650378, 30.5396105], [114.3650217, 30.5394291], [114.3650437, 30.539283], [114.3653882, 30.5392492], [114.3656296, 30.5391799], [114.3656936, 30.5391702], [114.3656716, 30.539392], [114.3656267, 30.5394581], [114.3655837, 30.5395215]]]}, "properties": {"id": 18504, "block_id": 18504, "area_sqm": 2365, "poi_count": 2, "dominant_category": "地名地址信息", "category_entropy": 0.693, "street_block_id": 2450}}, {"type": "Feature", "geometry": {"type": "Polygon", "coordinates": [[[114.3553203, 30.5412445], [114.355043, 30.5412578], [114.3542167, 30.5411166], [114.3542395, 30.541006], [114.3544366, 30.5400494], [114.3546029, 30.5391718], [114.3544757, 30.539089], [114.3545724, 30.5390014], [114.354651, 30.5389412], [114.3546769, 30.5389214], [114.3548236, 30.5388295], [114.3549845, 30.5387544], [114.3550308, 30.5387971], [114.355005, 30.53884], [114.3550533, 30.5389209], [114.3551674, 30.5390604], [114.3552332, 30.5391325], [114.3553336, 30.5392362], [114.3555093, 30.5393494], [114.3557074, 30.5394387], [114.3558749, 30.5394942], [114.3560012, 30.5395312], [114.3558852, 30.5403038], [114.3558905, 30.5407196], [114.3559764, 30.5407635], [114.356054839, 30.540871732], [114.3560281, 30.5408718], [114.356028753, 30.541076429], [114.3559856, 30.5410862], [114.3559222, 30.541138], [114.3557077, 30.541237], [114.3556695, 30.5412549], [114.3554928, 30.5411967], [114.3553203, 30.5412445]]]}, "properties": {"id": 18740, "block_id": 18740, "area_sqm": 33779, "poi_count": 5, "dominant_category": "体育休闲服务", "category_entropy": 0.95, "street_block_id": 3700}}, {"type": "Feature", "geometry": {"type": "Polygon", "coordinates": [[[114.3536229, 30.5410553], [114.3535684, 30.541288], [114.3528414, 30.5411746], [114.3530026, 30.5408988], [114.3532231, 30.5409357], [114.3535907, 30.5410091], [114.3536121, 30.5410253], [114.3536229, 30.5410553]]]}, "properties": {"id": 18746, "block_id": 18746, "area_sqm": 2119, "poi_count": 2, "dominant_category": "商务住宅", "category_entropy": 0.0, "street_block_id": 3686}}, {"type": "Feature", "geometry": {"type": "Polygon", "coordinates": [[[114.3555079, 30.5421273], [114.3552931, 30.5421434], [114.3552044, 30.5420951], [114.3550736, 30.5420187], [114.354818, 30.541981], [114.3548658, 30.5418282], [114.3554556, 30.541514], [114.355579, 30.541417], [114.3557935, 30.5412691], [114.3559222, 30.541138], [114.3559856, 30.5410862], [114.356028753, 30.541076429], [114.3560288, 30.5410911], [114.3564253, 30.5410901], [114.356425189, 30.541055429], [114.3565181, 30.5410603], [114.3566044, 30.5411717], [114.3567757, 30.5412625], [114.3567703, 30.5413595], [114.3568319, 30.5415165], [114.3566253, 30.5415787], [114.3562659, 30.5416711], [114.3559547, 30.5417589], [114.3557455, 30.5419668], [114.3557777, 30.5420777], [114.3555079, 30.5421273]]]}, "properties": {"id": 18876, "block_id": 18876, "area_sqm": 10867, "poi_count": 4, "dominant_category": "科教文化服务", "category_entropy": 1.04, "street_block_id": 3703}}, {"type": "Feature", "geometry": {"type": "Polygon", "coordinates": [[[114.3617249, 30.5417953], [114.3616582, 30.5421599], [114.3615254, 30.5421459], [114.3613888, 30.5421281], [114.3613565, 30.5421216], [114.3612707, 30.5421042], [114.3604583, 30.5419786], [114.3603376, 30.5419324], [114.3601284, 30.5418007], [114.3600531, 30.5416704], [114.3600383, 30.5415214], [114.3597793, 30.5413708], [114.3600475, 30.5405622], [114.3600886, 30.5405014], [114.3604125, 30.5400216], [114.3612961, 30.5401121], [114.3617214, 30.5401556], [114.3617688, 30.5401678], [114.3618644, 30.5403907], [114.3618268, 30.5409267], [114.3618176, 30.5410047], [114.3617815, 30.541313], [114.3617465, 30.5416109], [114.3617249, 30.5417953]]]}, "properties": {"id": 18881, "block_id": 18881, "area_sqm": 36390, "poi_count": 2, "dominant_category": "体育休闲服务", "category_entropy": 0.693, "street_block_id": 3702}}, {"type": "Feature", "geometry": {"type": "Polygon", "coordinates": [[[114.3593215, 30.5423239], [114.3592847, 30.5423278], [114.3589265, 30.5422629], [114.3588991, 30.5422616], [114.3588194, 30.5422493], [114.3588891, 30.5419865], [114.358917, 30.5418809], [114.3589411, 30.5417901], [114.3594439, 30.5418915], [114.3593215, 30.5423239]]]}, "properties": {"id": 18912, "block_id": 18912, "area_sqm": 2512, "poi_count": 6, "dominant_category": "商务住宅", "category_entropy": 0.0, "street_block_id": 3703}}, {"type": "Feature", "geometry": {"type": "Polygon", "coordinates": [[[114.3469067, 30.5420174], [114.3458826, 30.5423326], [114.3458687, 30.5423061], [114.3457855, 30.5420359], [114.3457434, 30.5418697], [114.3457327, 30.5417126], [114.3457514, 30.5416017], [114.3457756, 30.5414723], [114.3457836, 30.5413568], [114.3457933, 30.5412556], [114.3458185, 30.5409918], [114.3458587, 30.5405529], [114.3458725, 30.5403269], [114.3458882, 30.5400678], [114.3459231, 30.5395249], [114.3459741, 30.5389335], [114.3460028, 30.5384783], [114.3462316, 30.5383929], [114.3464274, 30.5383144], [114.3468271, 30.5381273], [114.3475857, 30.5377693], [114.3476755, 30.5379069], [114.3477073, 30.5380327], [114.3479736, 30.538412], [114.3481263, 30.5386456], [114.3481793, 30.5386204], [114.3499535, 30.5377532], [114.3507328, 30.5373724], [114.3508342, 30.537361], [114.3508371, 30.5373929], [114.3507727, 30.5377949], [114.3506976, 30.5380074], [114.3505962, 30.5381878], [114.3504562, 30.5384371], [114.3503752, 30.5385754], [114.3500069, 30.5392043], [114.3498939, 30.5393796], [114.3498314, 30.5394849], [114.3494834, 30.54004], [114.3493734, 30.5402179], [114.34925, 30.5404142], [114.3491889, 30.5405353], [114.349179133, 30.54055905], [114.3487476, 30.5412352], [114.3486699, 30.5413569], [114.3485892, 30.5414284], [114.3484846, 30.5415047], [114.3483618, 30.5415717], [114.3482379, 30.541634], [114.3477846, 30.5417634], [114.3469067, 30.5420174]]]}, "properties": {"id": 18914, "block_id": 18914, "area_sqm": 149158, "poi_count": 260, "dominant_category": "地名地址信息", "category_entropy": 2.585, "street_block_id": 3724}}, {"type": "Feature", "geometry": {"type": "Polygon", "coordinates": [[[114.3588194, 30.5422493], [114.3587201, 30.5423664], [114.3586092, 30.5423475], [114.3582433, 30.5422854], [114.3583269, 30.5418952], [114.3583578, 30.5417693], [114.3583788, 30.541679], [114.3588269, 30.5417684], [114.3589411, 30.5417901], [114.358917, 30.5418809], [114.3588891, 30.5419865], [114.3588194, 30.5422493]]]}, "properties": {"id": 18922, "block_id": 18922, "area_sqm": 3625, "poi_count": 8, "dominant_category": "商务住宅", "category_entropy": 1.386, "street_block_id": 3703}}, {"type": "Feature", "geometry": {"type": "Polygon", "coordinates": [[[114.3659588, 30.5422853], [114.365856, 30.542378], [114.3656346, 30.5422971], [114.3654146, 30.5422232], [114.3645939, 30.5420522], [114.3646851, 30.5413777], [114.3646921, 30.5413062], [114.3660208, 30.5414468], [114.3662773, 30.5416138], [114.3661563, 30.5416522], [114.3659588, 30.5422853]]]}, "properties": {"id": 18924, "block_id": 18924, "area_sqm": 12851, "poi_count": 4, "dominant_category": "交通设施服务", "category_entropy": 1.04, "street_block_id": 2456}}, {"type": "Feature", "geometry": {"type": "Polygon", "coordinates": [[[114.352123, 30.5367505], [114.3520828, 30.5367595], [114.3519473, 30.5361833], [114.3520917, 30.5360881], [114.3523353, 30.536126], [114.3526487, 30.5360951], [114.3527144, 30.5361291], [114.3528257, 30.5363264], [114.3528233, 30.5363465], [114.3528085, 30.5366984], [114.3526508, 30.5366978], [114.352123, 30.5367505]]]}, "properties": {"id": 18130, "block_id": 18130, "area_sqm": 5128, "poi_count": 10, "dominant_category": "科教文化服务", "category_entropy": 0.5, "street_block_id": 3752}}, {"type": "Feature", "geometry": {"type": "Polygon", "coordinates": [[[114.3429906, 30.556923], [114.3413067, 30.5580857], [114.3409547, 30.557757], [114.340596, 30.5573651], [114.3406675, 30.5573018], [114.3420933, 30.5562831], [114.3421481, 30.5562401], [114.3422329, 30.5562303], [114.3422892, 30.5562326], [114.3423832, 30.5562484], [114.3429906, 30.556923]]]}, "properties": {"id": 20700, "block_id": 20700, "area_sqm": 22534, "poi_count": 81, "dominant_category": "餐饮服务", "category_entropy": 1.83, "street_block_id": 16992}}, {"type": "Feature", "geometry": {"type": "Polygon", "coordinates": [[[114.3512601, 30.5582476], [114.3511665, 30.5591094], [114.3509861, 30.55909], [114.3461115, 30.558567], [114.3452272, 30.5584772], [114.345019, 30.5584526], [114.3448483, 30.5584325], [114.3446807, 30.5583578], [114.3445601, 30.558304], [114.3443997, 30.5582393], [114.3439549, 30.5579939], [114.3429906, 30.556923], [114.3423832, 30.5562484], [114.342375, 30.5561771], [114.3423777, 30.5561263], [114.3423908, 30.5560555], [114.3424717, 30.5559964], [114.3430843, 30.5555508], [114.3433668, 30.5553565], [114.3436247, 30.5552176], [114.343801, 30.5551618], [114.3441437, 30.5550709], [114.3449426, 30.5549169], [114.3454405, 30.5567476], [114.3461618, 30.5567848], [114.3462583, 30.5567778], [114.3463093, 30.5567363], [114.3463281, 30.5566485], [114.3462855, 30.5565622], [114.3461752, 30.556339], [114.3460813, 30.5562651], [114.3460169, 30.5561796], [114.3460089, 30.5560872], [114.3460074, 30.5548036], [114.3461104, 30.5547946], [114.3465342, 30.5547522], [114.3468704, 30.5546756], [114.3476319, 30.5544667], [114.3477779, 30.5544387], [114.3476953, 30.5545924], [114.347671363, 30.555320001], [114.347664, 30.5555438], [114.3476122, 30.5555834], [114.3475681, 30.5556403], [114.3475479, 30.5556972], [114.347449, 30.5556945], [114.3472947, 30.5556903], [114.3471405, 30.5556861], [114.3471276, 30.5559785], [114.3469595, 30.5559724], [114.3469546, 30.5560881], [114.3469499, 30.556201], [114.3469441, 30.5563373], [114.3476287, 30.5563578], [114.3477351, 30.556361], [114.3477241, 30.5565143], [114.3477553, 30.5565412], [114.3480729, 30.5565554], [114.3481077, 30.556527], [114.3481169, 30.5563755], [114.3481246, 30.5562476], [114.3481316, 30.5561306], [114.3481389, 30.5560099], [114.3481555, 30.5557351], [114.3479437, 30.5557208], [114.3479205, 30.5557193], [114.3478967, 30.5556497], [114.3478544, 30.5555944], [114.3477718, 30.5555486], [114.347777855, 30.555322236], [114.3477885, 30.5549243], [114.3485706, 30.5549009], [114.3485669, 30.5549777], [114.3485438, 30.5554574], [114.3485224, 30.5557805], [114.3484874, 30.5569194], [114.3495578, 30.5569678], [114.3509792, 30.5570326], [114.3513773, 30.5570522], [114.3513333, 30.5575013], [114.3512601, 30.5582476]]]}, "properties": {"id": 20860, "block_id": 20860, "area_sqm": 238250, "poi_count": 269, "dominant_category": "商务住宅", "category_entropy": 2.358, "street_block_id": 3618}}, {"type": "Feature", "geometry": {"type": "Polygon", "coordinates": [[[114.354092, 30.5300143], [114.3540749, 30.5300178], [114.3540575, 30.5300161], [114.3540417, 30.5300096], [114.3540293, 30.5299988], [114.3540219, 30.5299851], [114.3540201, 30.52997], [114.3540244, 30.5299554], [114.354034, 30.5299427], [114.354048, 30.5299336], [114.3540648, 30.5299291], [114.3540811, 30.5299294], [114.3540965, 30.5299341], [114.3541095, 30.5299427], [114.3541187, 30.5299543], [114.3541232, 30.5299678], [114.3541226, 30.5299819], [114.3541169, 30.5299951], [114.3541068, 30.5300062], [114.354092, 30.5300143]]]}, "properties": {"id": 17225, "block_id": 17225, "area_sqm": 76, "poi_count": 0, "dominant_category": null, "category_entropy": null, "street_block_id": null}}, {"type": "Feature", "geometry": {"type": "Polygon", "coordinates": [[[114.3541366, 30.5300798], [114.3537857, 30.530085], [114.35374, 30.5299945], [114.3536327, 30.5299275], [114.3536327, 30.5298813], [114.3536274, 30.5297104], [114.3536749, 30.5296063], [114.3537181, 30.5295115], [114.3537507, 30.5294401], [114.3538101, 30.5295039], [114.3538255, 30.5295289], [114.353857, 30.5295679], [114.353894, 30.5295808], [114.3539004, 30.5296136], [114.3539416, 30.5296209], [114.3539546, 30.5296498], [114.3539765, 30.5297313], [114.3540277, 30.5297425], [114.3540392, 30.5297756], [114.3540816, 30.5297817], [114.3540722, 30.5297997], [114.3540648, 30.5299291], [114.354048, 30.5299336], [114.354034, 30.5299427], [114.3540244, 30.5299554], [114.3540201, 30.52997], [114.3540219, 30.5299851], [114.3540293, 30.5299988], [114.3540417, 30.5300096], [114.3540575, 30.5300161], [114.3540749, 30.5300178], [114.354092, 30.5300143], [114.3541366, 30.5300798]]]}, "properties": {"id": 17232, "block_id": 17232, "area_sqm": 2060, "poi_count": 0, "dominant_category": null, "category_entropy": null, "street_block_id": 3760}}, {"type": "Feature", "geometry": {"type": "Polygon", "coordinates": [[[114.3533293, 30.53009], [114.3533024, 30.5300902], [114.3531871, 30.5300898], [114.3530227, 30.5300876], [114.3531196, 30.5300247], [114.3533306, 30.5299831], [114.3533293, 30.53009]]]}, "properties": {"id": 17235, "block_id": 17235, "area_sqm": 225, "poi_count": 0, "dominant_category": null, "category_entropy": null, "street_block_id": null}}, {"type": "Feature", "geometry": {"type": "Polygon", "coordinates": [[[114.344767, 30.5299763], [114.3441565, 30.5300905], [114.344641, 30.5299111], [114.3473331, 30.5291174], [114.347472128, 30.529077953], [114.3474751, 30.529097], [114.3474714, 30.5291499], [114.3474314, 30.5292117], [114.347262, 30.5292605], [114.3449921, 30.529919], [114.344767, 30.5299763]]]}, "properties": {"id": 17236, "block_id": 17236, "area_sqm": 3696, "poi_count": 0, "dominant_category": null, "category_entropy": null, "street_block_id": null}}, {"type": "Feature", "geometry": {"type": "Polygon", "coordinates": [[[114.3437882, 30.5300362], [114.3435042, 30.5300984], [114.3438139, 30.529974], [114.3442493, 30.5298182], [114.3454694, 30.529442], [114.3471195, 30.528974], [114.3472465, 30.5289384], [114.3473343, 30.5289386], [114.3474026, 30.5289592], [114.3474411, 30.528992], [114.347442277, 30.528994372], [114.3472973, 30.5290334], [114.3439868, 30.5299831], [114.3437882, 30.5300362]]]}, "properties": {"id": 17238, "block_id": 17238, "area_sqm": 4049, "poi_count": 0, "dominant_category": null, "category_entropy": null, "street_block_id": null}}, {"type": "Feature", "geometry": {"type": "Polygon", "coordinates": [[[114.3531268, 30.5301753], [114.3530245, 30.5301755], [114.3530227, 30.5300876], [114.3531871, 30.5300898], [114.3531871, 30.5301303], [114.3531268, 30.5301753]]]}, "properties": {"id": 17243, "block_id": 17243, "area_sqm": 136, "poi_count": 0, "dominant_category": null, "category_entropy": null, "street_block_id": null}}, {"type": "Feature", "geometry": {"type": "Polygon", "coordinates": [[[114.354866, 30.5302404], [114.3541358, 30.5302664], [114.3541366, 30.5300798], [114.3544953, 30.5300746], [114.3550555, 30.5300664], [114.3550549, 30.5302526], [114.354866, 30.5302404]]]}, "properties": {"id": 17249, "block_id": 17249, "area_sqm": 1749, "poi_count": 6, "dominant_category": "生活服务", "category_entropy": 1.561, "street_block_id": 3708}}, {"type": "Feature", "geometry": {"type": "Polygon", "coordinates": [[[114.3531186, 30.5303183], [114.3531221, 30.5304963], [114.3530249, 30.5304913], [114.3530257, 30.5302818], [114.3530245, 30.5301755], [114.3531268, 30.5301753], [114.3532103, 30.5303158], [114.3531186, 30.5303183]]]}, "properties": {"id": 17274, "block_id": 17274, "area_sqm": 395, "poi_count": 0, "dominant_category": null, "category_entropy": null, "street_block_id": null}}, {"type": "Feature", "geometry": {"type": "Polygon", "coordinates": [[[114.3698948, 30.5307017], [114.3699105, 30.5307348], [114.3698623, 30.5307343], [114.3695991, 30.5301846], [114.3694195, 30.5298095], [114.3692789, 30.5295609], [114.3693394, 30.5295558], [114.3694642, 30.5297945], [114.3697026, 30.5302967], [114.3698948, 30.5307017]]]}, "properties": {"id": 17300, "block_id": 17300, "area_sqm": 646, "poi_count": 0, "dominant_category": null, "category_entropy": null, "street_block_id": null}}, {"type": "Feature", "geometry": {"type": "Polygon", "coordinates": [[[114.3486706, 30.5416483], [114.348663596, 30.541650144], [114.348664714, 30.541643756], [114.3486706, 30.5416483]]]}, "properties": {"id": 18823, "block_id": 18823, "area_sqm": 0, "poi_count": 0, "dominant_category": null, "category_entropy": null, "street_block_id": null}}, {"type": "Feature", "geometry": {"type": "Polygon", "coordinates": [[[114.3703684, 30.5307761], [114.369942488, 30.530794263], [114.3699105, 30.5307348], [114.3700781, 30.5307234], [114.37029, 30.5307147], [114.3703599, 30.5307129], [114.3721892, 30.5307037], [114.3724173, 30.5307103], [114.3726695, 30.5307376], [114.3730044, 30.5307846], [114.3724877, 30.5307678], [114.3703684, 30.5307761]]]}, "properties": {"id": 17306, "block_id": 17306, "area_sqm": 1884, "poi_count": 0, "dominant_category": null, "category_entropy": null, "street_block_id": null}}, {"type": "Feature", "geometry": {"type": "Polygon", "coordinates": [[[114.369942488, 30.530794263], [114.369896775, 30.530796213], [114.3698623, 30.5307343], [114.3699105, 30.5307348], [114.369942488, 30.530794263]]]}, "properties": {"id": 17307, "block_id": 17307, "area_sqm": 31, "poi_count": 0, "dominant_category": null, "category_entropy": null, "street_block_id": null}}, {"type": "Feature", "geometry": {"type": "Polygon", "coordinates": [[[114.369973035, 30.530851048], [114.369928816, 30.530853752], [114.369896775, 30.530796213], [114.369942488, 30.530794263], [114.369973035, 30.530851048]]]}, "properties": {"id": 17312, "block_id": 17312, "area_sqm": 28, "poi_count": 0, "dominant_category": null, "category_entropy": null, "street_block_id": null}}, {"type": "Feature", "geometry": {"type": "Polygon", "coordinates": [[[114.345494, 30.530804], [114.3454752, 30.5308571], [114.345007, 30.5306424], [114.3453867, 30.5305406], [114.345494, 30.530804]]]}, "properties": {"id": 17313, "block_id": 17313, "area_sqm": 744, "poi_count": 0, "dominant_category": null, "category_entropy": null, "street_block_id": null}}, {"type": "Feature", "geometry": {"type": "Polygon", "coordinates": [[[114.341962, 30.5308321], [114.341880707, 30.530865548], [114.341833438, 30.530728873], [114.3419872, 30.5306846], [114.3423974, 30.5305916], [114.341962, 30.5308321]]]}, "properties": {"id": 17317, "block_id": 17317, "area_sqm": 492, "poi_count": 0, "dominant_category": null, "category_entropy": null, "street_block_id": null}}, {"type": "Feature", "geometry": {"type": "Polygon", "coordinates": [[[114.3695875, 30.5308094], [114.368576605, 30.530886536], [114.3685704, 30.5308264], [114.3695989, 30.5307516], [114.3698623, 30.5307343], [114.369896775, 30.530796213], [114.3695875, 30.5308094]]]}, "properties": {"id": 17321, "block_id": 17321, "area_sqm": 822, "poi_count": 0, "dominant_category": null, "category_entropy": null, "street_block_id": null}}, {"type": "Feature", "geometry": {"type": "Polygon", "coordinates": [[[114.369973035, 30.530851048], [114.3700062, 30.5309127], [114.3699588, 30.5309076], [114.369928816, 30.530853752], [114.369973035, 30.530851048]]]}, "properties": {"id": 17324, "block_id": 17324, "area_sqm": 28, "poi_count": 0, "dominant_category": null, "category_entropy": null, "street_block_id": null}}, {"type": "Feature", "geometry": {"type": "Polygon", "coordinates": [[[114.3703173, 30.5309024], [114.3700062, 30.5309127], [114.369973035, 30.530851048], [114.3700425, 30.5308468], [114.3703789, 30.5308305], [114.3727215, 30.5308311], [114.3730062, 30.5308412], [114.3726805, 30.5308803], [114.3725329, 30.5308954], [114.3723745, 30.5309012], [114.3720851, 30.5308983], [114.370359, 30.530901], [114.3703173, 30.5309024]]]}, "properties": {"id": 17325, "block_id": 17325, "area_sqm": 2030, "poi_count": 0, "dominant_category": null, "category_entropy": null, "street_block_id": null}}, {"type": "Feature", "geometry": {"type": "Polygon", "coordinates": [[[114.3695421, 30.5308774], [114.3685837, 30.530955309], [114.368576605, 30.530886536], [114.3695875, 30.5308094], [114.369896775, 30.530796213], [114.369928816, 30.530853752], [114.3695421, 30.5308774]]]}, "properties": {"id": 17331, "block_id": 17331, "area_sqm": 932, "poi_count": 0, "dominant_category": null, "category_entropy": null, "street_block_id": null}}, {"type": "Feature", "geometry": {"type": "Polygon", "coordinates": [[[114.3541328, 30.530917], [114.3541326, 30.5309622], [114.3540394, 30.530961], [114.3540395, 30.530806], [114.3541333, 30.530806], [114.3541328, 30.530917]]]}, "properties": {"id": 17332, "block_id": 17332, "area_sqm": 155, "poi_count": 0, "dominant_category": null, "category_entropy": null, "street_block_id": null}}, {"type": "Feature", "geometry": {"type": "Polygon", "coordinates": [[[114.3699588, 30.5309076], [114.3685902, 30.5310183], [114.3685837, 30.530955309], [114.3695421, 30.5308774], [114.369928816, 30.530853752], [114.3699588, 30.5309076]]]}, "properties": {"id": 17340, "block_id": 17340, "area_sqm": 904, "poi_count": 0, "dominant_category": null, "category_entropy": null, "street_block_id": null}}, {"type": "Feature", "geometry": {"type": "Polygon", "coordinates": [[[114.3669638, 30.5310118], [114.3662014, 30.5310583], [114.3669743, 30.5309459], [114.3680389, 30.5308667], [114.3685704, 30.5308264], [114.368576605, 30.530886536], [114.3675221, 30.530967], [114.3669638, 30.5310118]]]}, "properties": {"id": 17346, "block_id": 17346, "area_sqm": 1321, "poi_count": 0, "dominant_category": null, "category_entropy": null, "street_block_id": null}}, {"type": "Feature", "geometry": {"type": "Polygon", "coordinates": [[[114.3413478, 30.5310527], [114.3412929, 30.5310694], [114.3412272, 30.5309096], [114.3413961, 30.5308548], [114.341833438, 30.530728873], [114.341880707, 30.530865548], [114.3417977, 30.5308997], [114.3413478, 30.5310527]]]}, "properties": {"id": 17347, "block_id": 17347, "area_sqm": 1093, "poi_count": 0, "dominant_category": null, "category_entropy": null, "street_block_id": null}}, {"type": "Feature", "geometry": {"type": "Polygon", "coordinates": [[[114.348624, 30.5307255], [114.34876926, 30.531094352], [114.348681, 30.5310596], [114.3486017, 30.5308417], [114.3484113, 30.5303539], [114.347911517, 30.529073673], [114.3479859, 30.5290523], [114.3481304, 30.5294225], [114.348624, 30.5307255]]]}, "properties": {"id": 17350, "block_id": 17350, "area_sqm": 1622, "poi_count": 0, "dominant_category": null, "category_entropy": null, "street_block_id": null}}, {"type": "Feature", "geometry": {"type": "Polygon", "coordinates": [[[114.3413548, 30.5311611], [114.3413335, 30.531168], [114.3412929, 30.5310694], [114.3413478, 30.5310527], [114.3417977, 30.5308997], [114.341880707, 30.530865548], [114.3418994, 30.5309196], [114.3419155, 30.5309808], [114.3413548, 30.5311611]]]}, "properties": {"id": 17357, "block_id": 17357, "area_sqm": 724, "poi_count": 0, "dominant_category": null, "category_entropy": null, "street_block_id": null}}, {"type": "Feature", "geometry": {"type": "Polygon", "coordinates": [[[114.3701358, 30.5311379], [114.3701413, 30.5312262], [114.3700062, 30.5309127], [114.3703173, 30.5309024], [114.370269, 30.5309248], [114.3702341, 30.5309473], [114.3701952, 30.5309808], [114.3701603, 30.5310258], [114.3701469, 30.5310576], [114.3701389, 30.5310917], [114.3701358, 30.5311379]]]}, "properties": {"id": 17369, "block_id": 17369, "area_sqm": 329, "poi_count": 0, "dominant_category": null, "category_entropy": null, "street_block_id": null}}, {"type": "Feature", "geometry": {"type": "Polygon", "coordinates": [[[114.355053, 30.5312229], [114.3541313, 30.5312433], [114.3541324, 30.5310159], [114.3541326, 30.5309622], [114.3541328, 30.530917], [114.3550525, 30.5309248], [114.355053, 30.5312229]]]}, "properties": {"id": 17371, "block_id": 17371, "area_sqm": 3058, "poi_count": 2, "dominant_category": "商务住宅", "category_entropy": 0.693, "street_block_id": 3709}}, {"type": "Feature", "geometry": {"type": "Polygon", "coordinates": [[[114.3405413, 30.5313014], [114.3398348, 30.5313682], [114.340562, 30.5311255], [114.3412272, 30.5309096], [114.3412929, 30.5310694], [114.3407251, 30.5312427], [114.3405413, 30.5313014]]]}, "properties": {"id": 17389, "block_id": 17389, "area_sqm": 1965, "poi_count": 0, "dominant_category": null, "category_entropy": null, "street_block_id": null}}, {"type": "Feature", "geometry": {"type": "Polygon", "coordinates": [[[114.3401116, 30.5311204], [114.339345, 30.5313734], [114.3397482, 30.5311221], [114.3400781, 30.5310167], [114.3401871, 30.5309819], [114.3411218, 30.5306912], [114.3415683, 30.5306635], [114.3410804, 30.5308115], [114.3401116, 30.5311204]]]}, "properties": {"id": 17390, "block_id": 17390, "area_sqm": 2153, "poi_count": 0, "dominant_category": null, "category_entropy": null, "street_block_id": null}}, {"type": "Feature", "geometry": {"type": "Polygon", "coordinates": [[[114.3571296, 30.5313826], [114.3570769, 30.5313853], [114.3570769, 30.5311683], [114.3572529, 30.5311703], [114.3572525, 30.5312226], [114.3571351, 30.531255], [114.3571296, 30.5313826]]]}, "properties": {"id": 17393, "block_id": 17393, "area_sqm": 216, "poi_count": 0, "dominant_category": null, "category_entropy": null, "street_block_id": 3710}}, {"type": "Feature", "geometry": {"type": "Polygon", "coordinates": [[[114.3567673, 30.5313904], [114.3565674, 30.5313907], [114.3563082, 30.5313827], [114.3563155, 30.5312225], [114.3563426, 30.5309216], [114.3564004, 30.53092], [114.3564735, 30.5309194], [114.3567161, 30.5309278], [114.3567486, 30.5310547], [114.3568371, 30.5311656], [114.3568237, 30.5313158], [114.3567673, 30.5313904]]]}, "properties": {"id": 17396, "block_id": 17396, "area_sqm": 2307, "poi_count": 0, "dominant_category": null, "category_entropy": null, "street_block_id": 3710}}, {"type": "Feature", "geometry": {"type": "Polygon", "coordinates": [[[114.3570769, 30.5313853], [114.3568639, 30.531392], [114.3567673, 30.5313904], [114.3568237, 30.5313158], [114.3568371, 30.5311656], [114.3570769, 30.5311683], [114.3570769, 30.5313853]]]}, "properties": {"id": 17397, "block_id": 17397, "area_sqm": 611, "poi_count": 0, "dominant_category": null, "category_entropy": null, "street_block_id": 3710}}, {"type": "Feature", "geometry": {"type": "Polygon", "coordinates": [[[114.3551519, 30.5314853], [114.3550505, 30.5314888], [114.355053, 30.5312229], [114.3551496, 30.5312217], [114.3551519, 30.5314853]]]}, "properties": {"id": 17402, "block_id": 17402, "area_sqm": 279, "poi_count": 0, "dominant_category": null, "category_entropy": null, "street_block_id": null}}, {"type": "Feature", "geometry": {"type": "Polygon", "coordinates": [[[114.3572525, 30.5312226], [114.3572506, 30.5314894], [114.3571389, 30.5314787], [114.3571296, 30.5313826], [114.3571351, 30.531255], [114.3572525, 30.5312226]]]}, "properties": {"id": 17404, "block_id": 17404, "area_sqm": 308, "poi_count": 0, "dominant_category": null, "category_entropy": null, "street_block_id": 3710}}, {"type": "Feature", "geometry": {"type": "Polygon", "coordinates": [[[114.3572502, 30.5315422], [114.3570833, 30.5315468], [114.3570769, 30.5313853], [114.3571296, 30.5313826], [114.3571389, 30.5314787], [114.3572506, 30.5314894], [114.3572502, 30.5315422]]]}, "properties": {"id": 17410, "block_id": 17410, "area_sqm": 168, "poi_count": 0, "dominant_category": null, "category_entropy": null, "street_block_id": 3710}}, {"type": "Feature", "geometry": {"type": "Polygon", "coordinates": [[[114.3570833, 30.5315468], [114.3568446, 30.5315534], [114.3567673, 30.5313904], [114.3568639, 30.531392], [114.3570769, 30.5313853], [114.3570833, 30.5315468]]]}, "properties": {"id": 17411, "block_id": 17411, "area_sqm": 471, "poi_count": 0, "dominant_category": null, "category_entropy": null, "street_block_id": 3710}}, {"type": "Feature", "geometry": {"type": "Polygon", "coordinates": [[[114.3563082, 30.5313827], [114.3563069, 30.5316455], [114.3562457, 30.5316455], [114.3562402, 30.5312228], [114.3563155, 30.5312225], [114.3563082, 30.5313827]]]}, "properties": {"id": 17428, "block_id": 17428, "area_sqm": 298, "poi_count": 0, "dominant_category": null, "category_entropy": null, "street_block_id": null}}, {"type": "Feature", "geometry": {"type": "Polygon", "coordinates": [[[114.3551519, 30.5314853], [114.3551547, 30.531649], [114.3550499, 30.5316477], [114.3550501, 30.5316055], [114.3550505, 30.5314888], [114.3551519, 30.5314853]]]}, "properties": {"id": 17430, "block_id": 17430, "area_sqm": 177, "poi_count": 0, "dominant_category": null, "category_entropy": null, "street_block_id": null}}, {"type": "Feature", "geometry": {"type": "Polygon", "coordinates": [[[114.3539806, 30.5316427], [114.3537033, 30.5316495], [114.3536288, 30.5315773], [114.35358, 30.531553], [114.3534651, 30.5315375], [114.3533205, 30.531532], [114.3533267, 30.5313508], [114.3541308, 30.5313454], [114.3541308, 30.531361], [114.3541299, 30.5315581], [114.3539891, 30.5315611], [114.3539806, 30.5316427]]]}, "properties": {"id": 17431, "block_id": 17431, "area_sqm": 2065, "poi_count": 0, "dominant_category": null, "category_entropy": null, "street_block_id": 3819}}, {"type": "Feature", "geometry": {"type": "Polygon", "coordinates": [[[114.3485809, 30.5313], [114.348769036, 30.531804707], [114.348715, 30.531781], [114.3485995, 30.5314906], [114.3484852, 30.5312053], [114.3485152, 30.5311219], [114.3485809, 30.5313]]]}, "properties": {"id": 17445, "block_id": 17445, "area_sqm": 355, "poi_count": 0, "dominant_category": null, "category_entropy": null, "street_block_id": null}}, {"type": "Feature", "geometry": {"type": "Polygon", "coordinates": [[[114.3536056, 30.5318339], [114.3535201, 30.5318372], [114.3534347, 30.5318271], [114.3533862, 30.5317922], [114.3533292, 30.5317342], [114.353306, 30.5316672], [114.3533207, 30.5316193], [114.353359, 30.531593], [114.3534219, 30.5315858], [114.3534878, 30.5315993], [114.3535573, 30.5316301], [114.3536052, 30.5316667], [114.3536295, 30.531687], [114.3536372, 30.531732], [114.3536371, 30.5317848], [114.3536056, 30.5318339]]]}, "properties": {"id": 17446, "block_id": 17446, "area_sqm": 666, "poi_count": 0, "dominant_category": null, "category_entropy": null, "street_block_id": 3819}}, {"type": "Feature", "geometry": {"type": "Polygon", "coordinates": [[[114.3485519, 30.5309843], [114.3488684, 30.5318483], [114.348769036, 30.531804707], [114.3485809, 30.5313], [114.3485152, 30.5311219], [114.3483939, 30.5307777], [114.34786, 30.5294609], [114.3477287, 30.5291262], [114.347822646, 30.529099207], [114.3483308, 30.5303755], [114.3485519, 30.5309843]]]}, "properties": {"id": 17448, "block_id": 17448, "area_sqm": 2739, "poi_count": 1, "dominant_category": "地名地址信息", "category_entropy": 0.0, "street_block_id": null}}, {"type": "Feature", "geometry": {"type": "Polygon", "coordinates": [[[114.3576711, 30.5309856], [114.3576752, 30.5318574], [114.3575681, 30.5318344], [114.3575031, 30.5318189], [114.3575436, 30.5309842], [114.3576118, 30.5309864], [114.3576711, 30.5309856]]]}, "properties": {"id": 17450, "block_id": 17450, "area_sqm": 1364, "poi_count": 0, "dominant_category": null, "category_entropy": null, "street_block_id": null}}, {"type": "Feature", "geometry": {"type": "Polygon", "coordinates": [[[114.3490664, 30.5317488], [114.34904, 30.5318726], [114.3489576, 30.5315726], [114.34876926, 30.531094352], [114.3488156, 30.5311126], [114.3489511, 30.5314523], [114.3490664, 30.5317488]]]}, "properties": {"id": 17452, "block_id": 17452, "area_sqm": 335, "poi_count": 0, "dominant_category": null, "category_entropy": null, "street_block_id": null}}, {"type": "Feature", "geometry": {"type": "Polygon", "coordinates": [[[114.3537841, 30.5318497], [114.3537197, 30.5318843], [114.3537305, 30.5318506], [114.3537305, 30.5318164], [114.3537167, 30.5317689], [114.3536874, 30.5317169], [114.3536648, 30.5316837], [114.3537033, 30.5316495], [114.3539806, 30.5316427], [114.3539802, 30.5316731], [114.3539829, 30.5318187], [114.353958, 30.5318432], [114.3538452, 30.5318447], [114.3537841, 30.5318497]]]}, "properties": {"id": 17453, "block_id": 17453, "area_sqm": 597, "poi_count": 0, "dominant_category": null, "category_entropy": null, "street_block_id": 3819}}, {"type": "Feature", "geometry": {"type": "Polygon", "coordinates": [[[114.3536056, 30.5318339], [114.3536564, 30.5318947], [114.3535357, 30.5318925], [114.3534339, 30.5318784], [114.3533604, 30.5318428], [114.3532795, 30.5317991], [114.3532267, 30.5317363], [114.3531978, 30.5316793], [114.3532065, 30.5316285], [114.3532331, 30.5315502], [114.3533205, 30.531532], [114.3534651, 30.5315375], [114.35358, 30.531553], [114.3536288, 30.5315773], [114.3537033, 30.5316495], [114.3536648, 30.5316837], [114.3536295, 30.531687], [114.3536052, 30.5316667], [114.3535573, 30.5316301], [114.3534878, 30.5315993], [114.3534219, 30.5315858], [114.353359, 30.531593], [114.3533207, 30.5316193], [114.353306, 30.5316672], [114.3533292, 30.5317342], [114.3533862, 30.5317922], [114.3534347, 30.5318271], [114.3535201, 30.5318372], [114.3536056, 30.5318339]]]}, "properties": {"id": 17454, "block_id": 17454, "area_sqm": 747, "poi_count": 0, "dominant_category": null, "category_entropy": null, "street_block_id": 3819}}, {"type": "Feature", "geometry": {"type": "Polygon", "coordinates": [[[114.3561796, 30.5317487], [114.3556251, 30.5319185], [114.3551547, 30.531649], [114.3554567, 30.5316953], [114.3558358, 30.5316599], [114.3561796, 30.5317487]]]}, "properties": {"id": 17460, "block_id": 17460, "area_sqm": 1371, "poi_count": 0, "dominant_category": null, "category_entropy": null, "street_block_id": 3711}}, {"type": "Feature", "geometry": {"type": "Polygon", "coordinates": [[[114.3388533, 30.5318339], [114.3384415, 30.5319608], [114.3383927, 30.5318414], [114.3390672, 30.5316189], [114.3398348, 30.5313682], [114.3405413, 30.5313014], [114.3398498, 30.5315224], [114.3388533, 30.5318339]]]}, "properties": {"id": 17464, "block_id": 17464, "area_sqm": 2833, "poi_count": 0, "dominant_category": null, "category_entropy": null, "street_block_id": null}}, {"type": "Feature", "geometry": {"type": "Polygon", "coordinates": [[[114.3562091, 30.5320274], [114.35569, 30.5320493], [114.3556251, 30.5319185], [114.3561796, 30.5317487], [114.3562081, 30.5319071], [114.3562091, 30.5320274]]]}, "properties": {"id": 17474, "block_id": 17474, "area_sqm": 1235, "poi_count": 0, "dominant_category": null, "category_entropy": null, "street_block_id": 3711}}, {"type": "Feature", "geometry": {"type": "Polygon", "coordinates": [[[114.35569, 30.5320493], [114.3551298, 30.5320619], [114.3552731, 30.5320135], [114.3553941, 30.531988], [114.3556251, 30.5319185], [114.35569, 30.5320493]]]}, "properties": {"id": 17475, "block_id": 17475, "area_sqm": 399, "poi_count": 0, "dominant_category": null, "category_entropy": null, "street_block_id": 3711}}, {"type": "Feature", "geometry": {"type": "Polygon", "coordinates": [[[114.3573464, 30.5319848], [114.3573402, 30.5321301], [114.3572735, 30.5320722], [114.3571994, 30.5320406], [114.3573464, 30.5319848]]]}, "properties": {"id": 17481, "block_id": 17481, "area_sqm": 100, "poi_count": 0, "dominant_category": null, "category_entropy": null, "street_block_id": null}}, {"type": "Feature", "geometry": {"type": "Polygon", "coordinates": [[[114.3563146, 30.5321468], [114.3562599, 30.532147], [114.3562091, 30.5320274], [114.3562081, 30.5319071], [114.3561796, 30.5317487], [114.3561796, 30.5316454], [114.3562457, 30.5316455], [114.3563069, 30.5316455], [114.3563146, 30.5321468]]]}, "properties": {"id": 17488, "block_id": 17488, "area_sqm": 569, "poi_count": 0, "dominant_category": null, "category_entropy": null, "street_block_id": null}}, {"type": "Feature", "geometry": {"type": "Polygon", "coordinates": [[[114.3556857, 30.5321484], [114.3551324, 30.5321497], [114.3551298, 30.5320619], [114.35569, 30.5320493], [114.3556857, 30.5321484]]]}, "properties": {"id": 17490, "block_id": 17490, "area_sqm": 553, "poi_count": 0, "dominant_category": null, "category_entropy": null, "street_block_id": null}}, {"type": "Feature", "geometry": {"type": "Polygon", "coordinates": [[[114.3551324, 30.5321497], [114.3550534, 30.5321499], [114.355049, 30.5319049], [114.3550491, 30.531881], [114.3550499, 30.5316477], [114.3551547, 30.531649], [114.3556251, 30.5319185], [114.3553941, 30.531988], [114.3552731, 30.5320135], [114.3551298, 30.5320619], [114.3551324, 30.5321497]]]}, "properties": {"id": 17491, "block_id": 17491, "area_sqm": 1544, "poi_count": 0, "dominant_category": null, "category_entropy": null, "street_block_id": 3711}}, {"type": "Feature", "geometry": {"type": "Polygon", "coordinates": [[[114.3541273, 30.53214], [114.3541257, 30.5321533], [114.3539542, 30.5321495], [114.3537187, 30.5321389], [114.3538582, 30.5320048], [114.3537197, 30.5318843], [114.3537841, 30.5318497], [114.3538452, 30.5318447], [114.353958, 30.5318432], [114.3539829, 30.5318187], [114.3539802, 30.5316731], [114.3539806, 30.5316427], [114.3539891, 30.5315611], [114.3541299, 30.5315581], [114.3541297, 30.531607], [114.3541283, 30.5319091], [114.3541273, 30.53214]]]}, "properties": {"id": 17492, "block_id": 17492, "area_sqm": 1560, "poi_count": 0, "dominant_category": null, "category_entropy": null, "street_block_id": 3819}}, {"type": "Feature", "geometry": {"type": "Polygon", "coordinates": [[[114.3539542, 30.5321495], [114.353961, 30.5324547], [114.3536429, 30.5324508], [114.3536131, 30.5324188], [114.3536131, 30.5323772], [114.3536699, 30.5322665], [114.3537187, 30.5321389], [114.3539542, 30.5321495]]]}, "properties": {"id": 17530, "block_id": 17530, "area_sqm": 987, "poi_count": 1, "dominant_category": "商务住宅", "category_entropy": 0.0, "street_block_id": 3824}}, {"type": "Feature", "geometry": {"type": "Polygon", "coordinates": [[[114.3595873, 30.5324367], [114.359400238, 30.532485128], [114.3593812, 30.5324311], [114.3594536, 30.5324033], [114.3595019, 30.5323687], [114.3595073, 30.532319], [114.3595902, 30.5322957], [114.3596367, 30.5324192], [114.3595873, 30.5324367]]]}, "properties": {"id": 17535, "block_id": 17535, "area_sqm": 248, "poi_count": 0, "dominant_category": null, "category_entropy": null, "street_block_id": null}}, {"type": "Feature", "geometry": {"type": "Polygon", "coordinates": [[[114.3595873, 30.5324367], [114.359406199, 30.532502043], [114.359400238, 30.532485128], [114.3595873, 30.5324367]]]}, "properties": {"id": 17540, "block_id": 17540, "area_sqm": 18, "poi_count": 0, "dominant_category": null, "category_entropy": null, "street_block_id": null}}, {"type": "Feature", "geometry": {"type": "Polygon", "coordinates": [[[114.359599, 30.5325761], [114.359448898, 30.532623216], [114.359406199, 30.532502043], [114.3595873, 30.5324367], [114.3596367, 30.5324192], [114.3596905, 30.5325416], [114.359599, 30.5325761]]]}, "properties": {"id": 17553, "block_id": 17553, "area_sqm": 353, "poi_count": 0, "dominant_category": null, "category_entropy": null, "street_block_id": null}}, {"type": "Feature", "geometry": {"type": "Polygon", "coordinates": [[[114.359599, 30.5325761], [114.359456311, 30.532644255], [114.359448898, 30.532623216], [114.359599, 30.5325761]]]}, "properties": {"id": 17554, "block_id": 17554, "area_sqm": 19, "poi_count": 0, "dominant_category": null, "category_entropy": null, "street_block_id": null}}, {"type": "Feature", "geometry": {"type": "Polygon", "coordinates": [[[114.3596709, 30.5326528], [114.3594805, 30.5327129], [114.359456311, 30.532644255], [114.359599, 30.5325761], [114.3596905, 30.5325416], [114.3597309, 30.532634], [114.3596709, 30.5326528]]]}, "properties": {"id": 17558, "block_id": 17558, "area_sqm": 246, "poi_count": 0, "dominant_category": null, "category_entropy": null, "street_block_id": null}}, {"type": "Feature", "geometry": {"type": "Polygon", "coordinates": [[[114.3532037, 30.5326989], [114.3531569, 30.5327147], [114.3531052, 30.5326845], [114.3531069, 30.5326371], [114.3531553, 30.5326313], [114.3532053, 30.5326601], [114.3532037, 30.5326989]]]}, "properties": {"id": 17559, "block_id": 17559, "area_sqm": 66, "poi_count": 0, "dominant_category": null, "category_entropy": null, "street_block_id": 3705}}, {"type": "Feature", "geometry": {"type": "Polygon", "coordinates": [[[114.3534482, 30.5328194], [114.3534429, 30.5328553], [114.3527821, 30.5328551], [114.3528161, 30.5327653], [114.3529126, 30.5325851], [114.3530097, 30.5326111], [114.3531069, 30.5326371], [114.3531052, 30.5326845], [114.3531569, 30.5327147], [114.3532037, 30.5326989], [114.3534482, 30.5328194]]]}, "properties": {"id": 17579, "block_id": 17579, "area_sqm": 1110, "poi_count": 0, "dominant_category": null, "category_entropy": null, "street_block_id": 3705}}, {"type": "Feature", "geometry": {"type": "Polygon", "coordinates": [[[114.3636284, 30.5330571], [114.3636244, 30.5331241], [114.3633011, 30.5330657], [114.3632487, 30.5328268], [114.3635738, 30.5327618], [114.3636216, 30.5329779], [114.3636284, 30.5330571]]]}, "properties": {"id": 17609, "block_id": 17609, "area_sqm": 1077, "poi_count": 0, "dominant_category": null, "category_entropy": null, "street_block_id": null}}, {"type": "Feature", "geometry": {"type": "Polygon", "coordinates": [[[114.357488918, 30.533172146], [114.357441388, 30.533188591], [114.3574045, 30.5330977], [114.3574621, 30.5330913], [114.3574754, 30.5331323], [114.357488918, 30.533172146]]]}, "properties": {"id": 17617, "block_id": 17617, "area_sqm": 52, "poi_count": 0, "dominant_category": null, "category_entropy": null, "street_block_id": null}}, {"type": "Feature", "geometry": {"type": "Polygon", "coordinates": [[[114.3556343, 30.5330334], [114.3556353, 30.5332009], [114.3553563, 30.5331894], [114.3553566, 30.5330547], [114.3553566, 30.533031], [114.3556343, 30.5330334]]]}, "properties": {"id": 17621, "block_id": 17621, "area_sqm": 482, "poi_count": 0, "dominant_category": null, "category_entropy": null, "street_block_id": null}}, {"type": "Feature", "geometry": {"type": "Polygon", "coordinates": [[[114.357441388, 30.533188591], [114.357336284, 30.533224957], [114.3573267, 30.5331225], [114.3574045, 30.5330977], [114.357441388, 30.533188591]]]}, "properties": {"id": 17622, "block_id": 17622, "area_sqm": 102, "poi_count": 0, "dominant_category": null, "category_entropy": null, "street_block_id": null}}, {"type": "Feature", "geometry": {"type": "Polygon", "coordinates": [[[114.357613684, 30.533240894], [114.357523065, 30.533272796], [114.357488918, 30.533172146], [114.357568846, 30.533144491], [114.357613684, 30.533240894]]]}, "properties": {"id": 17629, "block_id": 17629, "area_sqm": 102, "poi_count": 0, "dominant_category": null, "category_entropy": null, "street_block_id": null}}, {"type": "Feature", "geometry": {"type": "Polygon", "coordinates": [[[114.357523065, 30.533272796], [114.357481502, 30.533287428], [114.357441388, 30.533188591], [114.357488918, 30.533172146], [114.357523065, 30.533272796]]]}, "properties": {"id": 17633, "block_id": 17633, "area_sqm": 53, "poi_count": 0, "dominant_category": null, "category_entropy": null, "street_block_id": null}}, {"type": "Feature", "geometry": {"type": "Polygon", "coordinates": [[[114.3576826, 30.5333313], [114.3576747, 30.5333323], [114.3576595, 30.5333272], [114.3576495, 30.5333179], [114.357613684, 30.533240894], [114.3584894, 30.5329326], [114.3592543, 30.5326843], [114.359448898, 30.532623216], [114.359456311, 30.532644255], [114.3591158, 30.5328069], [114.3588933, 30.5329022], [114.3587544, 30.5329558], [114.3576826, 30.5333313]]]}, "properties": {"id": 17642, "block_id": 17642, "area_sqm": 1912, "poi_count": 0, "dominant_category": null, "category_entropy": null, "street_block_id": null}}, {"type": "Feature", "geometry": {"type": "Polygon", "coordinates": [[[114.357481502, 30.533287428], [114.357307638, 30.533348637], [114.3573438, 30.5333053], [114.357336284, 30.533224957], [114.357441388, 30.533188591], [114.357481502, 30.533287428]]]}, "properties": {"id": 17648, "block_id": 17648, "area_sqm": 151, "poi_count": 0, "dominant_category": null, "category_entropy": null, "street_block_id": null}}, {"type": "Feature", "geometry": {"type": "Polygon", "coordinates": [[[114.3633011, 30.5330657], [114.362966, 30.5333731], [114.3626501, 30.533193], [114.3633011, 30.5330657]]]}, "properties": {"id": 17652, "block_id": 17652, "area_sqm": 838, "poi_count": 0, "dominant_category": null, "category_entropy": null, "street_block_id": null}}, {"type": "Feature", "geometry": {"type": "Polygon", "coordinates": [[[114.357307638, 30.533348637], [114.35711255, 30.533417317], [114.3570586, 30.5333858], [114.357031, 30.5333727], [114.356962692, 30.533354217], [114.357336284, 30.533224957], [114.3573438, 30.5333053], [114.357307638, 30.533348637]]]}, "properties": {"id": 17659, "block_id": 17659, "area_sqm": 354, "poi_count": 0, "dominant_category": null, "category_entropy": null, "street_block_id": null}}, {"type": "Feature", "geometry": {"type": "Polygon", "coordinates": [[[114.3575593, 30.5333796], [114.3575375, 30.5334254], [114.357481502, 30.533287428], [114.357523065, 30.533272796], [114.3575593, 30.5333796]]]}, "properties": {"id": 17662, "block_id": 17662, "area_sqm": 56, "poi_count": 0, "dominant_category": null, "category_entropy": null, "street_block_id": null}}, {"type": "Feature", "geometry": {"type": "Polygon", "coordinates": [[[114.356962692, 30.533354217], [114.356722165, 30.533437439], [114.3567414, 30.5333965], [114.3567856, 30.5333715], [114.3568421, 30.5333537], [114.3569083, 30.5333395], [114.356962692, 30.533354217]]]}, "properties": {"id": 17667, "block_id": 17667, "area_sqm": 84, "poi_count": 0, "dominant_category": null, "category_entropy": null, "street_block_id": null}}, {"type": "Feature", "geometry": {"type": "Polygon", "coordinates": [[[114.3636244, 30.5331241], [114.3636311, 30.5334562], [114.362966, 30.5333731], [114.3633011, 30.5330657], [114.3636244, 30.5331241]]]}, "properties": {"id": 17676, "block_id": 17676, "area_sqm": 1805, "poi_count": 0, "dominant_category": null, "category_entropy": null, "street_block_id": null}}, {"type": "Feature", "geometry": {"type": "Polygon", "coordinates": [[[114.357242, 30.5334273], [114.3572158, 30.5334677], [114.3571358, 30.5334309], [114.35711255, 30.533417317], [114.357307638, 30.533348637], [114.357242, 30.5334273]]]}, "properties": {"id": 17677, "block_id": 17677, "area_sqm": 88, "poi_count": 0, "dominant_category": null, "category_entropy": null, "street_block_id": null}}, {"type": "Feature", "geometry": {"type": "Polygon", "coordinates": [[[114.3493054, 30.533215], [114.3494185, 30.5335044], [114.3492707, 30.5333962], [114.3490652, 30.5332611], [114.3492146, 30.5332965], [114.3492763, 30.5332723], [114.3493054, 30.533215]]]}, "properties": {"id": 17683, "block_id": 17683, "area_sqm": 289, "poi_count": 0, "dominant_category": null, "category_entropy": null, "street_block_id": null}}, {"type": "Feature", "geometry": {"type": "Polygon", "coordinates": [[[114.3566849, 30.533533], [114.356598, 30.5335746], [114.356496, 30.5335722], [114.3564338, 30.5335626], [114.35636677, 30.533560403], [114.356722165, 30.533437439], [114.3567001, 30.5334844], [114.3566849, 30.533533]]]}, "properties": {"id": 17695, "block_id": 17695, "area_sqm": 214, "poi_count": 0, "dominant_category": null, "category_entropy": null, "street_block_id": null}}, {"type": "Feature", "geometry": {"type": "Polygon", "coordinates": [[[114.35636677, 30.533560403], [114.356234791, 30.533606067], [114.3562727, 30.5335804], [114.356327, 30.5335591], [114.35636677, 30.533560403]]]}, "properties": {"id": 17697, "block_id": 17697, "area_sqm": 14, "poi_count": 0, "dominant_category": null, "category_entropy": null, "street_block_id": null}}, {"type": "Feature", "geometry": {"type": "Polygon", "coordinates": [[[114.3415672, 30.5336512], [114.341516, 30.533655], [114.341507, 30.5335642], [114.3415559, 30.5335606], [114.3416059, 30.533557], [114.3416149, 30.5336477], [114.3415672, 30.5336512]]]}, "properties": {"id": 17704, "block_id": 17704, "area_sqm": 96, "poi_count": 0, "dominant_category": null, "category_entropy": null, "street_block_id": null}}, {"type": "Feature", "geometry": {"type": "Polygon", "coordinates": [[[114.3567902, 30.5335308], [114.35599538, 30.533807465], [114.3560356, 30.5337746], [114.3560791, 30.5337354], [114.3561503, 30.5336783], [114.3562086, 30.5336238], [114.356234791, 30.533606067], [114.35636677, 30.533560403], [114.3564338, 30.5335626], [114.356496, 30.5335722], [114.356598, 30.5335746], [114.3566849, 30.533533], [114.3567001, 30.5334844], [114.356722165, 30.533437439], [114.356962692, 30.533354217], [114.357031, 30.5333727], [114.3570586, 30.5333858], [114.35711255, 30.533417317], [114.3567902, 30.5335308]]]}, "properties": {"id": 17722, "block_id": 17722, "area_sqm": 947, "poi_count": 0, "dominant_category": null, "category_entropy": null, "street_block_id": null}}, {"type": "Feature", "geometry": {"type": "Polygon", "coordinates": [[[114.35599538, 30.533807465], [114.355806682, 30.533873148], [114.3557736, 30.5338597], [114.3557232, 30.5338452], [114.3556392, 30.5338401], [114.355563213, 30.533838429], [114.356234791, 30.533606067], [114.3562086, 30.5336238], [114.3561503, 30.5336783], [114.3560791, 30.5337354], [114.3560356, 30.5337746], [114.35599538, 30.533807465]]]}, "properties": {"id": 17728, "block_id": 17728, "area_sqm": 519, "poi_count": 0, "dominant_category": null, "category_entropy": null, "street_block_id": null}}, {"type": "Feature", "geometry": {"type": "Polygon", "coordinates": [[[114.3558922, 30.5338674], [114.355826, 30.533881], [114.355806682, 30.533873148], [114.35599538, 30.533807465], [114.3559585, 30.5338376], [114.3558922, 30.5338674]]]}, "properties": {"id": 17731, "block_id": 17731, "area_sqm": 33, "poi_count": 0, "dominant_category": null, "category_entropy": null, "street_block_id": null}}, {"type": "Feature", "geometry": {"type": "Polygon", "coordinates": [[[114.3636108, 30.5336165], [114.3635749, 30.5339001], [114.3628717, 30.5338329], [114.3629337, 30.5335307], [114.3636108, 30.5336165]]]}, "properties": {"id": 17732, "block_id": 17732, "area_sqm": 2190, "poi_count": 1, "dominant_category": "地名地址信息", "category_entropy": 0.0, "street_block_id": 2472}}, {"type": "Feature", "geometry": {"type": "Polygon", "coordinates": [[[114.355563213, 30.533838429], [114.355348393, 30.533912756], [114.3553624, 30.5338989], [114.3554553, 30.533864], [114.3555255, 30.5338376], [114.355563213, 30.533838429]]]}, "properties": {"id": 17735, "block_id": 17735, "area_sqm": 23, "poi_count": 0, "dominant_category": null, "category_entropy": null, "street_block_id": null}}, {"type": "Feature", "geometry": {"type": "Polygon", "coordinates": [[[114.3553159, 30.5339449], [114.3552427, 30.5339755], [114.355196474, 30.533965318], [114.355348393, 30.533912756], [114.3553159, 30.5339449]]]}, "properties": {"id": 17745, "block_id": 17745, "area_sqm": 28, "poi_count": 0, "dominant_category": null, "category_entropy": null, "street_block_id": null}}, {"type": "Feature", "geometry": {"type": "Polygon", "coordinates": [[[114.355196474, 30.533965318], [114.354964134, 30.534045707], [114.3549626, 30.5340249], [114.3550045, 30.5340138], [114.3550243, 30.5339678], [114.355049, 30.5339627], [114.3551192, 30.5339483], [114.355196474, 30.533965318]]]}, "properties": {"id": 17750, "block_id": 17750, "area_sqm": 85, "poi_count": 0, "dominant_category": null, "category_entropy": null, "street_block_id": null}}, {"type": "Feature", "geometry": {"type": "Polygon", "coordinates": [[[114.354964134, 30.534045707], [114.354886342, 30.534072623], [114.354907, 30.5339736], [114.3548943, 30.5339528], [114.3549367, 30.5339388], [114.3549613, 30.5340071], [114.3549626, 30.5340249], [114.354964134, 30.534045707]]]}, "properties": {"id": 17754, "block_id": 17754, "area_sqm": 70, "poi_count": 0, "dominant_category": null, "category_entropy": null, "street_block_id": null}}, {"type": "Feature", "geometry": {"type": "Polygon", "coordinates": [[[114.35497684, 30.534162003], [114.354863169, 30.53420157], [114.354876, 30.5341222], [114.354886342, 30.534072623], [114.354964134, 30.534045707], [114.3549717, 30.5341483], [114.35497684, 30.534162003]]]}, "properties": {"id": 17771, "block_id": 17771, "area_sqm": 122, "poi_count": 0, "dominant_category": null, "category_entropy": null, "street_block_id": null}}, {"type": "Feature", "geometry": {"type": "Polygon", "coordinates": [[[114.35497684, 30.534162003], [114.35503, 30.5343037], [114.3548561, 30.5342453], [114.354863169, 30.53420157], [114.35497684, 30.534162003]]]}, "properties": {"id": 17781, "block_id": 17781, "area_sqm": 140, "poi_count": 0, "dominant_category": null, "category_entropy": null, "street_block_id": null}}, {"type": "Feature", "geometry": {"type": "Polygon", "coordinates": [[[114.3551292, 30.534303], [114.3550438, 30.5343346], [114.35503, 30.5343037], [114.35497684, 30.534162003], [114.355806682, 30.533873148], [114.355826, 30.533881], [114.3558922, 30.5338674], [114.3559585, 30.5338376], [114.35599538, 30.533807465], [114.3567902, 30.5335308], [114.35711255, 30.533417317], [114.3571358, 30.5334309], [114.3572158, 30.5334677], [114.357242, 30.5334273], [114.357307638, 30.533348637], [114.357481502, 30.533287428], [114.3575375, 30.5334254], [114.3568068, 30.5336684], [114.3564594, 30.5338128], [114.3563058, 30.5338849], [114.3563179, 30.5339093], [114.3551292, 30.534303]]]}, "properties": {"id": 17783, "block_id": 17783, "area_sqm": 4667, "poi_count": 0, "dominant_category": null, "category_entropy": null, "street_block_id": null}}, {"type": "Feature", "geometry": {"type": "Polygon", "coordinates": [[[114.3546538, 30.5343165], [114.354470724, 30.534338175], [114.354863169, 30.53420157], [114.3548561, 30.5342453], [114.3546538, 30.5343165]]]}, "properties": {"id": 17784, "block_id": 17784, "area_sqm": 132, "poi_count": 0, "dominant_category": null, "category_entropy": null, "street_block_id": null}}, {"type": "Feature", "geometry": {"type": "Polygon", "coordinates": [[[114.3542269, 30.5343615], [114.353966, 30.5345472], [114.3540765, 30.5343886], [114.3542701, 30.5342951], [114.3544875, 30.5342848], [114.3546961, 30.5342308], [114.354876, 30.5341222], [114.354863169, 30.53420157], [114.354470724, 30.534338175], [114.3544401, 30.5343418], [114.3542269, 30.5343615]]]}, "properties": {"id": 17800, "block_id": 17800, "area_sqm": 484, "poi_count": 1, "dominant_category": "地名地址信息", "category_entropy": 0.0, "street_block_id": null}}, {"type": "Feature", "geometry": {"type": "Polygon", "coordinates": [[[114.3458585, 30.5346427], [114.3458199, 30.5346475], [114.3457723, 30.5346369], [114.3457411, 30.5346167], [114.3457198, 30.5345884], [114.345711, 30.5345557], [114.3457192, 30.5345141], [114.34574, 30.5344856], [114.3457708, 30.534465], [114.345808, 30.5344546], [114.345847, 30.5344559], [114.3458663, 30.534461], [114.3458993, 30.5344791], [114.3459231, 30.5345057], [114.3459349, 30.5345378], [114.3459335, 30.5345704], [114.345919, 30.5346017], [114.345893, 30.5346268], [114.3458585, 30.5346427]]]}, "properties": {"id": 17808, "block_id": 17808, "area_sqm": 357, "poi_count": 0, "dominant_category": null, "category_entropy": null, "street_block_id": null}}, {"type": "Feature", "geometry": {"type": "Polygon", "coordinates": [[[114.353966, 30.5345472], [114.3537373, 30.534661], [114.3535742, 30.5346397], [114.353505924, 30.534641624], [114.3541179, 30.5343385], [114.354886342, 30.534072623], [114.354876, 30.5341222], [114.3546961, 30.5342308], [114.3544875, 30.5342848], [114.3542701, 30.5342951], [114.3540765, 30.5343886], [114.353966, 30.5345472]]]}, "properties": {"id": 17809, "block_id": 17809, "area_sqm": 1038, "poi_count": 0, "dominant_category": null, "category_entropy": null, "street_block_id": null}}, {"type": "Feature", "geometry": {"type": "Polygon", "coordinates": [[[114.3542842, 30.5344031], [114.353690997, 30.534700057], [114.3536939, 30.5346977], [114.3537373, 30.534661], [114.353966, 30.5345472], [114.3542269, 30.5343615], [114.3544401, 30.5343418], [114.354470724, 30.534338175], [114.3542842, 30.5344031]]]}, "properties": {"id": 17813, "block_id": 17813, "area_sqm": 242, "poi_count": 0, "dominant_category": null, "category_entropy": null, "street_block_id": null}}, {"type": "Feature", "geometry": {"type": "Polygon", "coordinates": [[[114.353505924, 30.534641624], [114.353335928, 30.534725826], [114.3533309, 30.5347232], [114.3533648, 30.5346456], [114.353505924, 30.534641624]]]}, "properties": {"id": 17815, "block_id": 17815, "area_sqm": 62, "poi_count": 0, "dominant_category": null, "category_entropy": null, "street_block_id": null}}, {"type": "Feature", "geometry": {"type": "Polygon", "coordinates": [[[114.3656645, 30.5344802], [114.3656432, 30.5347282], [114.3653846, 30.5347014], [114.3647585, 30.5346368], [114.364129, 30.534574], [114.3639857, 30.5345567], [114.3640494, 30.5344588], [114.3641675, 30.5343895], [114.3644974, 30.5343964], [114.3647491, 30.534362], [114.3656645, 30.5344802]]]}, "properties": {"id": 17816, "block_id": 17816, "area_sqm": 4104, "poi_count": 0, "dominant_category": null, "category_entropy": null, "street_block_id": 2478}}, {"type": "Feature", "geometry": {"type": "Polygon", "coordinates": [[[114.353335928, 30.534725826], [114.353288674, 30.534749232], [114.3533309, 30.5347232], [114.353335928, 30.534725826]]]}, "properties": {"id": 17818, "block_id": 17818, "area_sqm": 1, "poi_count": 0, "dominant_category": null, "category_entropy": null, "street_block_id": null}}, {"type": "Feature", "geometry": {"type": "Polygon", "coordinates": [[[114.3633655, 30.5344858], [114.3633048, 30.5347637], [114.3631857, 30.5347501], [114.362601, 30.5346207], [114.3620377, 30.5344682], [114.3621269, 30.5341778], [114.3625765, 30.5343438], [114.3627687, 30.5343872], [114.3630325, 30.5344472], [114.3633655, 30.5344858]]]}, "properties": {"id": 17821, "block_id": 17821, "area_sqm": 3764, "poi_count": 3, "dominant_category": "商务住宅", "category_entropy": 1.099, "street_block_id": 2479}}, {"type": "Feature", "geometry": {"type": "Polygon", "coordinates": [[[114.353690997, 30.534700057], [114.353484504, 30.534803427], [114.353335928, 30.534725826], [114.353505924, 30.534641624], [114.3535742, 30.5346397], [114.3537373, 30.534661], [114.3536939, 30.5346977], [114.353690997, 30.534700057]]]}, "properties": {"id": 17828, "block_id": 17828, "area_sqm": 365, "poi_count": 0, "dominant_category": null, "category_entropy": null, "street_block_id": null}}, {"type": "Feature", "geometry": {"type": "Polygon", "coordinates": [[[114.353690997, 30.534700057], [114.3535327, 30.5348286], [114.353484504, 30.534803427], [114.353690997, 30.534700057]]]}, "properties": {"id": 17833, "block_id": 17833, "area_sqm": 54, "poi_count": 0, "dominant_category": null, "category_entropy": null, "street_block_id": null}}, {"type": "Feature", "geometry": {"type": "Polygon", "coordinates": [[[114.3531562, 30.5348309], [114.353122474, 30.534831554], [114.353288674, 30.534749232], [114.3531562, 30.5348309]]]}, "properties": {"id": 17834, "block_id": 17834, "area_sqm": 14, "poi_count": 0, "dominant_category": null, "category_entropy": null, "street_block_id": null}}, {"type": "Feature", "geometry": {"type": "Polygon", "coordinates": [[[114.353122474, 30.534831554], [114.3529707, 30.5348345], [114.3531668, 30.5347339], [114.3533474, 30.5346364], [114.3538791, 30.5343941], [114.3538648, 30.5343773], [114.3542434, 30.5342099], [114.3546469, 30.5340408], [114.3547852, 30.533988], [114.3548943, 30.5339528], [114.354907, 30.5339736], [114.354886342, 30.534072623], [114.3541179, 30.5343385], [114.353505924, 30.534641624], [114.3533648, 30.5346456], [114.3533309, 30.5347232], [114.353288674, 30.534749232], [114.353122474, 30.534831554]]]}, "properties": {"id": 17835, "block_id": 17835, "area_sqm": 1652, "poi_count": 0, "dominant_category": null, "category_entropy": null, "street_block_id": null}}, {"type": "Feature", "geometry": {"type": "Polygon", "coordinates": [[[114.364129, 30.534574], [114.3640851, 30.5348348], [114.3634768, 30.5347591], [114.3633977, 30.534695], [114.3633655, 30.5344858], [114.3635203, 30.5345056], [114.3639857, 30.5345567], [114.364129, 30.534574]]]}, "properties": {"id": 17836, "block_id": 17836, "area_sqm": 1992, "poi_count": 3, "dominant_category": "地名地址信息", "category_entropy": 0.0, "street_block_id": 2481}}, {"type": "Feature", "geometry": {"type": "Polygon", "coordinates": [[[114.3520267, 30.5348449], [114.3519227, 30.5349055], [114.3519602, 30.5348509], [114.3521152, 30.5346034], [114.3521432, 30.5347332], [114.3522194, 30.5348246], [114.3521001, 30.5348265], [114.3520267, 30.5348449]]]}, "properties": {"id": 17851, "block_id": 17851, "area_sqm": 289, "poi_count": 0, "dominant_category": null, "category_entropy": null, "street_block_id": null}}, {"type": "Feature", "geometry": {"type": "Polygon", "coordinates": [[[114.353484504, 30.534803427], [114.353198973, 30.534946364], [114.3531562, 30.5348309], [114.353288674, 30.534749232], [114.353335928, 30.534725826], [114.353484504, 30.534803427]]]}, "properties": {"id": 17857, "block_id": 17857, "area_sqm": 369, "poi_count": 0, "dominant_category": null, "category_entropy": null, "street_block_id": null}}, {"type": "Feature", "geometry": {"type": "Polygon", "coordinates": [[[114.352868, 30.5349576], [114.352809891, 30.534987392], [114.3527643, 30.5349499], [114.3527828, 30.5349393], [114.3529707, 30.5348345], [114.353122474, 30.534831554], [114.352868, 30.5349576]]]}, "properties": {"id": 17865, "block_id": 17865, "area_sqm": 189, "poi_count": 0, "dominant_category": null, "category_entropy": null, "street_block_id": null}}, {"type": "Feature", "geometry": {"type": "Polygon", "coordinates": [[[114.3534368, 30.5349603], [114.3532274, 30.5350231], [114.353198973, 30.534946364], [114.353484504, 30.534803427], [114.3535327, 30.5348286], [114.3534368, 30.5349603]]]}, "properties": {"id": 17874, "block_id": 17874, "area_sqm": 344, "poi_count": 0, "dominant_category": null, "category_entropy": null, "street_block_id": null}}, {"type": "Feature", "geometry": {"type": "Polygon", "coordinates": [[[114.352809891, 30.534987392], [114.352706016, 30.535040648], [114.3526114, 30.5349948], [114.3524198, 30.5349146], [114.3523114, 30.5348709], [114.3522194, 30.5348246], [114.3521432, 30.5347332], [114.3521152, 30.5346034], [114.352112, 30.5344975], [114.3521663, 30.5346087], [114.3522339, 30.5346629], [114.3522499, 30.534694], [114.3523997, 30.5348312], [114.3526017, 30.5348978], [114.3527643, 30.5349499], [114.352809891, 30.534987392]]]}, "properties": {"id": 17880, "block_id": 17880, "area_sqm": 766, "poi_count": 0, "dominant_category": null, "category_entropy": null, "street_block_id": 3746}}, {"type": "Feature", "geometry": {"type": "Polygon", "coordinates": [[[114.3539578, 30.5348045], [114.3535222, 30.5350452], [114.3535327, 30.5348286], [114.353690997, 30.534700057], [114.3542842, 30.5344031], [114.354470724, 30.534338175], [114.3546538, 30.5343165], [114.3548561, 30.5342453], [114.35503, 30.5343037], [114.3547083, 30.53444], [114.3542572, 30.5346617], [114.3539578, 30.5348045]]]}, "properties": {"id": 17881, "block_id": 17881, "area_sqm": 3179, "poi_count": 0, "dominant_category": null, "category_entropy": null, "street_block_id": 3721}}, {"type": "Feature", "geometry": {"type": "Polygon", "coordinates": [[[114.353198973, 30.534946364], [114.352916405, 30.535087817], [114.3529027, 30.5350744], [114.3528752, 30.5350411], [114.352809891, 30.534987392], [114.352868, 30.5349576], [114.353122474, 30.534831554], [114.3531562, 30.5348309], [114.353198973, 30.534946364]]]}, "properties": {"id": 17889, "block_id": 17889, "area_sqm": 504, "poi_count": 0, "dominant_category": null, "category_entropy": null, "street_block_id": null}}, {"type": "Feature", "geometry": {"type": "Polygon", "coordinates": [[[114.363293, 30.5348794], [114.3631402, 30.5350987], [114.3624372, 30.535031], [114.3624646, 30.5347966], [114.363116, 30.5348979], [114.363293, 30.5348794]]]}, "properties": {"id": 17891, "block_id": 17891, "area_sqm": 1761, "poi_count": 3, "dominant_category": "地名地址信息", "category_entropy": 0.637, "street_block_id": 2480}}, {"type": "Feature", "geometry": {"type": "Polygon", "coordinates": [[[114.352916405, 30.535087817], [114.352845029, 30.535123548], [114.3527961, 30.5350843], [114.352706016, 30.535040648], [114.352809891, 30.534987392], [114.3528752, 30.5350411], [114.3529027, 30.5350744], [114.352916405, 30.535087817]]]}, "properties": {"id": 17897, "block_id": 17897, "area_sqm": 140, "poi_count": 0, "dominant_category": null, "category_entropy": null, "street_block_id": null}}, {"type": "Feature", "geometry": {"type": "Polygon", "coordinates": [[[114.3535222, 30.5350452], [114.3533716, 30.5351275], [114.3532274, 30.5350231], [114.3534368, 30.5349603], [114.3535327, 30.5348286], [114.3535222, 30.5350452]]]}, "properties": {"id": 17902, "block_id": 17902, "area_sqm": 373, "poi_count": 0, "dominant_category": null, "category_entropy": null, "street_block_id": 3721}}, {"type": "Feature", "geometry": {"type": "Polygon", "coordinates": [[[114.352845029, 30.535123548], [114.352779625, 30.53515629], [114.352697, 30.5351], [114.352640513, 30.535074231], [114.352706016, 30.535040648], [114.3527961, 30.5350843], [114.352845029, 30.535123548]]]}, "properties": {"id": 17906, "block_id": 17906, "area_sqm": 108, "poi_count": 0, "dominant_category": null, "category_entropy": null, "street_block_id": null}}, {"type": "Feature", "geometry": {"type": "Polygon", "coordinates": [[[114.3497612, 30.5343233], [114.3501077, 30.5351671], [114.350002, 30.5350524], [114.349919, 30.5348274], [114.349664, 30.5341716], [114.349680772, 30.534120507], [114.3497612, 30.5343233]]]}, "properties": {"id": 17909, "block_id": 17909, "area_sqm": 470, "poi_count": 0, "dominant_category": null, "category_entropy": null, "street_block_id": null}}, {"type": "Feature", "geometry": {"type": "Polygon", "coordinates": [[[114.3531294, 30.53519], [114.3530695, 30.5352377], [114.352916405, 30.535087817], [114.353198973, 30.534946364], [114.3532274, 30.5350231], [114.3531294, 30.53519]]]}, "properties": {"id": 17916, "block_id": 17916, "area_sqm": 466, "poi_count": 0, "dominant_category": null, "category_entropy": null, "street_block_id": null}}, {"type": "Feature", "geometry": {"type": "Polygon", "coordinates": [[[114.3533716, 30.5351275], [114.3531285, 30.5352839], [114.3530695, 30.5352377], [114.3531294, 30.53519], [114.3532274, 30.5350231], [114.3533716, 30.5351275]]]}, "properties": {"id": 17922, "block_id": 17922, "area_sqm": 333, "poi_count": 0, "dominant_category": null, "category_entropy": null, "street_block_id": 3721}}, {"type": "Feature", "geometry": {"type": "Polygon", "coordinates": [[[114.352779625, 30.53515629], [114.352518449, 30.535287034], [114.352697, 30.5351], [114.352779625, 30.53515629]]]}, "properties": {"id": 17923, "block_id": 17923, "area_sqm": 136, "poi_count": 0, "dominant_category": null, "category_entropy": null, "street_block_id": null}}, {"type": "Feature", "geometry": {"type": "Polygon", "coordinates": [[[114.352640513, 30.535074231], [114.352219003, 30.535290336], [114.3520789, 30.5351943], [114.3520079, 30.5352712], [114.3519433, 30.5352246], [114.352213, 30.5349347], [114.3522567, 30.5349548], [114.3523649, 30.5349485], [114.352640513, 30.535074231]]]}, "properties": {"id": 17926, "block_id": 17926, "area_sqm": 1344, "poi_count": 0, "dominant_category": null, "category_entropy": null, "street_block_id": 3748}}, {"type": "Feature", "geometry": {"type": "Polygon", "coordinates": [[[114.352219003, 30.535290336], [114.352115201, 30.535343555], [114.3520079, 30.5352712], [114.3520789, 30.5351943], [114.352219003, 30.535290336]]]}, "properties": {"id": 17936, "block_id": 17936, "area_sqm": 164, "poi_count": 0, "dominant_category": null, "category_entropy": null, "street_block_id": null}}, {"type": "Feature", "geometry": {"type": "Polygon", "coordinates": [[[114.352518449, 30.535287034], [114.352342606, 30.535375061], [114.352219003, 30.535290336], [114.352640513, 30.535074231], [114.352697, 30.5351], [114.352518449, 30.535287034]]]}, "properties": {"id": 17942, "block_id": 17942, "area_sqm": 555, "poi_count": 0, "dominant_category": null, "category_entropy": null, "street_block_id": null}}, {"type": "Feature", "geometry": {"type": "Polygon", "coordinates": [[[114.352115201, 30.535343555], [114.352032153, 30.535386134], [114.3519523, 30.5353314], [114.3520079, 30.5352712], [114.352115201, 30.535343555]]]}, "properties": {"id": 17944, "block_id": 17944, "area_sqm": 98, "poi_count": 0, "dominant_category": null, "category_entropy": null, "street_block_id": null}}, {"type": "Feature", "geometry": {"type": "Polygon", "coordinates": [[[114.352518449, 30.535287034], [114.3523981, 30.5354131], [114.352342606, 30.535375061], [114.352518449, 30.535287034]]]}, "properties": {"id": 17950, "block_id": 17950, "area_sqm": 62, "poi_count": 0, "dominant_category": null, "category_entropy": null, "street_block_id": null}}, {"type": "Feature", "geometry": {"type": "Polygon", "coordinates": [[[114.352342606, 30.535375061], [114.352238906, 30.535426973], [114.352115201, 30.535343555], [114.352219003, 30.535290336], [114.352342606, 30.535375061]]]}, "properties": {"id": 17952, "block_id": 17952, "area_sqm": 162, "poi_count": 0, "dominant_category": null, "category_entropy": null, "street_block_id": null}}, {"type": "Feature", "geometry": {"type": "Polygon", "coordinates": [[[114.3580308, 30.5352951], [114.3577043, 30.5354551], [114.3575563, 30.5352892], [114.3581432, 30.5350791], [114.3582734, 30.5350166], [114.3583193, 30.5350861], [114.3583578, 30.5351445], [114.3580308, 30.5352951]]]}, "properties": {"id": 17956, "block_id": 17956, "area_sqm": 1365, "poi_count": 0, "dominant_category": null, "category_entropy": null, "street_block_id": 3723}}, {"type": "Feature", "geometry": {"type": "Polygon", "coordinates": [[[114.352238906, 30.535426973], [114.352153854, 30.53546955], [114.352032153, 30.535386134], [114.352115201, 30.535343555], [114.352238906, 30.535426973]]]}, "properties": {"id": 17958, "block_id": 17958, "area_sqm": 130, "poi_count": 0, "dominant_category": null, "category_entropy": null, "street_block_id": null}}, {"type": "Feature", "geometry": {"type": "Polygon", "coordinates": [[[114.3523981, 30.5354131], [114.3523343, 30.5354913], [114.352238906, 30.535426973], [114.352342606, 30.535375061], [114.3523981, 30.5354131]]]}, "properties": {"id": 17960, "block_id": 17960, "area_sqm": 98, "poi_count": 0, "dominant_category": null, "category_entropy": null, "street_block_id": null}}, {"type": "Feature", "geometry": {"type": "Polygon", "coordinates": [[[114.3523343, 30.5354913], [114.3522864, 30.5355604], [114.352153854, 30.53546955], [114.352238906, 30.535426973], [114.3523343, 30.5354913]]]}, "properties": {"id": 17963, "block_id": 17963, "area_sqm": 123, "poi_count": 0, "dominant_category": null, "category_entropy": null, "street_block_id": null}}, {"type": "Feature", "geometry": {"type": "Polygon", "coordinates": [[[114.3545313, 30.535503], [114.3543138, 30.5356734], [114.354247, 30.5356066], [114.3547447, 30.5352543], [114.3552853, 30.5348716], [114.3552928, 30.5350465], [114.3546779, 30.5354443], [114.3545313, 30.535503]]]}, "properties": {"id": 17970, "block_id": 17970, "area_sqm": 1522, "poi_count": 0, "dominant_category": null, "category_entropy": null, "street_block_id": null}}, {"type": "Feature", "geometry": {"type": "Polygon", "coordinates": [[[114.3528284, 30.5358244], [114.3527677, 30.5358909], [114.3522864, 30.5355604], [114.3523343, 30.5354913], [114.3526909, 30.5357207], [114.3528284, 30.5358244]]]}, "properties": {"id": 17996, "block_id": 17996, "area_sqm": 572, "poi_count": 0, "dominant_category": null, "category_entropy": null, "street_block_id": null}}, {"type": "Feature", "geometry": {"type": "Polygon", "coordinates": [[[114.3546038, 30.5359854], [114.3546313, 30.5360625], [114.3542774, 30.5357119], [114.3542027, 30.5356379], [114.354247, 30.5356066], [114.3543138, 30.5356734], [114.3546038, 30.5359854]]]}, "properties": {"id": 18015, "block_id": 18015, "area_sqm": 270, "poi_count": 0, "dominant_category": null, "category_entropy": null, "street_block_id": 3693}}, {"type": "Feature", "geometry": {"type": "Polygon", "coordinates": [[[114.3507002, 30.5360677], [114.350632712, 30.536101795], [114.35027, 30.5351271], [114.350285311, 30.53502851], [114.3504348, 30.5353831], [114.3505854, 30.535774], [114.3507002, 30.5360677]]]}, "properties": {"id": 18023, "block_id": 18023, "area_sqm": 758, "poi_count": 0, "dominant_category": null, "category_entropy": null, "street_block_id": null}}, {"type": "Feature", "geometry": {"type": "Polygon", "coordinates": [[[114.353782, 30.5359134], [114.3534897, 30.5361459], [114.3534953, 30.5360778], [114.3535187, 30.5358984], [114.353605, 30.5359015], [114.3536863, 30.5359124], [114.353782, 30.5359134]]]}, "properties": {"id": 18030, "block_id": 18030, "area_sqm": 350, "poi_count": 0, "dominant_category": null, "category_entropy": null, "street_block_id": null}}, {"type": "Feature", "geometry": {"type": "Polygon", "coordinates": [[[114.353451, 30.5360253], [114.3533454, 30.5361718], [114.3533218, 30.536157], [114.3533671, 30.5361079], [114.3533844, 30.5360891], [114.3523981, 30.5354131], [114.352518449, 30.535287034], [114.352779625, 30.53515629], [114.3529665, 30.5352836], [114.3532562, 30.5355561], [114.3534499, 30.5358902], [114.353451, 30.5360253]]]}, "properties": {"id": 18038, "block_id": 18038, "area_sqm": 4363, "poi_count": 0, "dominant_category": null, "category_entropy": null, "street_block_id": 3750}}, {"type": "Feature", "geometry": {"type": "Polygon", "coordinates": [[[114.3507384, 30.5361619], [114.350666818, 30.536193444], [114.350632712, 30.536101795], [114.3507002, 30.5360677], [114.3507384, 30.5361619]]]}, "properties": {"id": 18041, "block_id": 18041, "area_sqm": 81, "poi_count": 0, "dominant_category": null, "category_entropy": null, "street_block_id": null}}, {"type": "Feature", "geometry": {"type": "Polygon", "coordinates": [[[114.353286, 30.5361957], [114.3532579, 30.5362262], [114.3527677, 30.5358909], [114.3528284, 30.5358244], [114.3533218, 30.536157], [114.353286, 30.5361957]]]}, "properties": {"id": 18047, "block_id": 18047, "area_sqm": 576, "poi_count": 0, "dominant_category": null, "category_entropy": null, "street_block_id": 3751}}, {"type": "Feature", "geometry": {"type": "Polygon", "coordinates": [[[114.3541697, 30.5362357], [114.3541073, 30.536247], [114.3540451, 30.5362349], [114.3539944, 30.5362016], [114.3539652, 30.5361555], [114.3539598, 30.5361031], [114.3539791, 30.5360532], [114.3540199, 30.5360142], [114.3540758, 30.5359923], [114.3541371, 30.5359916], [114.3541936, 30.5360122], [114.3542358, 30.5360505], [114.3542565, 30.5361002], [114.3542517, 30.536155], [114.3542209, 30.536203], [114.3541697, 30.5362357]]]}, "properties": {"id": 18052, "block_id": 18052, "area_sqm": 626, "poi_count": 0, "dominant_category": null, "category_entropy": null, "street_block_id": 3693}}, {"type": "Feature", "geometry": {"type": "Polygon", "coordinates": [[[114.350586326, 30.536228915], [114.3504999, 30.536267], [114.3504686, 30.5361847], [114.350555643, 30.536140728], [114.350586326, 30.536228915]]]}, "properties": {"id": 18054, "block_id": 18054, "area_sqm": 92, "poi_count": 0, "dominant_category": null, "category_entropy": null, "street_block_id": null}}, {"type": "Feature", "geometry": {"type": "Polygon", "coordinates": [[[114.3681352, 30.5361287], [114.3680381, 30.5362899], [114.3676564, 30.5360179], [114.367596, 30.5359398], [114.3675551, 30.5358767], [114.3680426, 30.5361083], [114.3681352, 30.5361287]]]}, "properties": {"id": 18057, "block_id": 18057, "area_sqm": 710, "poi_count": 1, "dominant_category": "地名地址信息", "category_entropy": 0.0, "street_block_id": null}}, {"type": "Feature", "geometry": {"type": "Polygon", "coordinates": [[[114.3529758, 30.5362903], [114.3528257, 30.5363264], [114.3527144, 30.5361291], [114.3526487, 30.5360951], [114.3527412, 30.5359212], [114.3527677, 30.5358909], [114.3532579, 30.5362262], [114.353286, 30.5361957], [114.3533218, 30.536157], [114.3533454, 30.5361718], [114.3534251, 30.5362186], [114.3533997, 30.5362371], [114.3533419, 30.5362821], [114.3533172, 30.5363012], [114.3532681, 30.53628], [114.3531761, 30.5362909], [114.3529758, 30.5362903]]]}, "properties": {"id": 18063, "block_id": 18063, "area_sqm": 1565, "poi_count": 0, "dominant_category": null, "category_entropy": null, "street_block_id": null}}, {"type": "Feature", "geometry": {"type": "Polygon", "coordinates": [[[114.3538233, 30.5363143], [114.3537997, 30.5363444], [114.3534897, 30.5361459], [114.353782, 30.5359134], [114.3538187, 30.5358879], [114.3538788, 30.5358508], [114.3540199, 30.5360142], [114.3539791, 30.5360532], [114.3539598, 30.5361031], [114.3539652, 30.5361555], [114.3539944, 30.5362016], [114.3538233, 30.5363143]]]}, "properties": {"id": 18066, "block_id": 18066, "area_sqm": 1460, "poi_count": 0, "dominant_category": null, "category_entropy": null, "street_block_id": null}}, {"type": "Feature", "geometry": {"type": "Polygon", "coordinates": [[[114.3508303, 30.5362633], [114.3508458, 30.5364266], [114.3507797, 30.5362638], [114.3507384, 30.5361619], [114.3509336, 30.5360804], [114.3511794, 30.5359573], [114.3509891, 30.5360797], [114.3508739, 30.5361775], [114.3508288, 30.5362473], [114.3508303, 30.5362633]]]}, "properties": {"id": 18076, "block_id": 18076, "area_sqm": 271, "poi_count": 0, "dominant_category": null, "category_entropy": null, "street_block_id": null}}, {"type": "Feature", "geometry": {"type": "Polygon", "coordinates": [[[114.358116, 30.5359275], [114.3580599, 30.5364753], [114.357949, 30.5363027], [114.357903, 30.5361106], [114.3578783, 30.5359247], [114.3578676, 30.5357326], [114.3581287, 30.5358121], [114.358116, 30.5359275]]]}, "properties": {"id": 18080, "block_id": 18080, "area_sqm": 1280, "poi_count": 0, "dominant_category": null, "category_entropy": null, "street_block_id": null}}, {"type": "Feature", "geometry": {"type": "Polygon", "coordinates": [[[114.3504686, 30.5361847], [114.3498363, 30.5365009], [114.3499193, 30.5364407], [114.3500963, 30.536316], [114.3501929, 30.5362143], [114.3502733, 30.5360942], [114.3503002, 30.5359648], [114.3503287, 30.5358123], [114.3504686, 30.5361847]]]}, "properties": {"id": 18085, "block_id": 18085, "area_sqm": 801, "poi_count": 0, "dominant_category": null, "category_entropy": null, "street_block_id": null}}, {"type": "Feature", "geometry": {"type": "Polygon", "coordinates": [[[114.3560124, 30.5364805], [114.355979, 30.5365013], [114.355938, 30.5364987], [114.3559084, 30.536474], [114.3559042, 30.5364387], [114.3559274, 30.5364094], [114.355967, 30.5363997], [114.3560045, 30.5364142], [114.3560225, 30.5364461], [114.3560124, 30.5364805]]]}, "properties": {"id": 18086, "block_id": 18086, "area_sqm": 96, "poi_count": 0, "dominant_category": null, "category_entropy": null, "street_block_id": 3693}}, {"type": "Feature", "geometry": {"type": "Polygon", "coordinates": [[[114.3539688, 30.5364874], [114.3538848, 30.5365686], [114.3536669, 30.5364078], [114.3535258, 30.5363116], [114.3533997, 30.5362371], [114.3534251, 30.5362186], [114.3534897, 30.5361459], [114.3537997, 30.5363444], [114.3538923, 30.5364135], [114.3539688, 30.5364874]]]}, "properties": {"id": 18094, "block_id": 18094, "area_sqm": 776, "poi_count": 0, "dominant_category": null, "category_entropy": null, "street_block_id": null}}, {"type": "Feature", "geometry": {"type": "Polygon", "coordinates": [[[114.3505462, 30.5363887], [114.3506159, 30.536572], [114.3505151, 30.5364616], [114.3504309, 30.5364195], [114.3502739, 30.536413], [114.3500172, 30.5364861], [114.3501528, 30.5364201], [114.3504999, 30.536267], [114.3505462, 30.5363887]]]}, "properties": {"id": 18095, "block_id": 18095, "area_sqm": 432, "poi_count": 0, "dominant_category": null, "category_entropy": null, "street_block_id": null}}, {"type": "Feature", "geometry": {"type": "Polygon", "coordinates": [[[114.3548823, 30.5367114], [114.3548493, 30.5367284], [114.3548106, 30.5367215], [114.354771, 30.536706], [114.3547674, 30.5366657], [114.3547818, 30.5366192], [114.3547782, 30.5365759], [114.3548429, 30.536613], [114.3548823, 30.5367114]]]}, "properties": {"id": 18122, "block_id": 18122, "area_sqm": 116, "poi_count": 0, "dominant_category": null, "category_entropy": null, "street_block_id": 3693}}, {"type": "Feature", "geometry": {"type": "Polygon", "coordinates": [[[114.3531073, 30.5367133], [114.3530933, 30.536754], [114.3530034, 30.5367216], [114.3531073, 30.5367133]]]}, "properties": {"id": 18127, "block_id": 18127, "area_sqm": 22, "poi_count": 0, "dominant_category": null, "category_entropy": null, "street_block_id": null}}, {"type": "Feature", "geometry": {"type": "Polygon", "coordinates": [[[114.3720497, 30.5367902], [114.3720143, 30.536802], [114.3718608, 30.5357348], [114.3718178, 30.5353994], [114.3717294, 30.5350658], [114.3716808, 30.5348829], [114.3713653, 30.5341645], [114.3709647, 30.533252], [114.370764, 30.5327759], [114.3699588, 30.5309076], [114.3700062, 30.5309127], [114.3701413, 30.5312262], [114.3701942, 30.5313488], [114.3708009, 30.5327717], [114.3710084, 30.5332378], [114.371409, 30.5341503], [114.3717256, 30.5348712], [114.3717749, 30.5350568], [114.3718639, 30.5353927], [114.3719072, 30.5357301], [114.3720497, 30.5367902]]]}, "properties": {"id": 18138, "block_id": 18138, "area_sqm": 2845, "poi_count": 0, "dominant_category": null, "category_entropy": null, "street_block_id": null}}, {"type": "Feature", "geometry": {"type": "Polygon", "coordinates": [[[114.3537035, 30.5368011], [114.3533832, 30.5368261], [114.3533752, 30.5367622], [114.3533254, 30.5363663], [114.3533172, 30.5363012], [114.3533419, 30.5362821], [114.3533997, 30.5362371], [114.3535258, 30.5363116], [114.3536669, 30.5364078], [114.3538848, 30.5365686], [114.3538436, 30.5365986], [114.3537075, 30.5367101], [114.3537035, 30.5368011]]]}, "properties": {"id": 18141, "block_id": 18141, "area_sqm": 2127, "poi_count": 0, "dominant_category": null, "category_entropy": null, "street_block_id": null}}, {"type": "Feature", "geometry": {"type": "Polygon", "coordinates": [[[114.3533832, 30.5368261], [114.3531092, 30.5368519], [114.3530933, 30.536754], [114.3531073, 30.5367133], [114.3530034, 30.5367216], [114.3528085, 30.5366984], [114.3528233, 30.5363465], [114.3528257, 30.5363264], [114.3529758, 30.5362903], [114.3531761, 30.5362909], [114.3532681, 30.53628], [114.3533172, 30.5363012], [114.3533254, 30.5363663], [114.3533752, 30.5367622], [114.3533832, 30.5368261]]]}, "properties": {"id": 18148, "block_id": 18148, "area_sqm": 2708, "poi_count": 0, "dominant_category": null, "category_entropy": null, "street_block_id": null}}, {"type": "Feature", "geometry": {"type": "Polygon", "coordinates": [[[114.3544729, 30.5369979], [114.3544014, 30.5370228], [114.3543389, 30.5368986], [114.3542258, 30.536739], [114.3540742, 30.5365749], [114.3539688, 30.5364874], [114.3538923, 30.5364135], [114.3537997, 30.5363444], [114.3538233, 30.5363143], [114.3539944, 30.5362016], [114.3540451, 30.5362349], [114.3541073, 30.536247], [114.3541697, 30.5362357], [114.3542209, 30.536203], [114.3542517, 30.536155], [114.3542565, 30.5361002], [114.3543931, 30.5361171], [114.3544795, 30.5361388], [114.354537, 30.5361605], [114.3545586, 30.536207], [114.3545514, 30.5362597], [114.354555, 30.5363372], [114.3545658, 30.5363961], [114.3545946, 30.5364519], [114.3546378, 30.5364829], [114.3547062, 30.5365108], [114.3547494, 30.5365356], [114.3547782, 30.5365759], [114.3547818, 30.5366192], [114.3547674, 30.5366657], [114.354771, 30.536706], [114.3548106, 30.5367215], [114.3548034, 30.5367649], [114.3547818, 30.5368331], [114.3547782, 30.5368951], [114.3547979, 30.5369404], [114.3546762, 30.536953], [114.3545557, 30.5369794], [114.3544729, 30.5369979]]]}, "properties": {"id": 18170, "block_id": 18170, "area_sqm": 5216, "poi_count": 0, "dominant_category": null, "category_entropy": null, "street_block_id": 3693}}, {"type": "Feature", "geometry": {"type": "Polygon", "coordinates": [[[114.3560706, 30.5364358], [114.3562474, 30.5371152], [114.3560101, 30.5370977], [114.3559851, 30.5370677], [114.3560143, 30.5370416], [114.3560395, 30.5369687], [114.3560719, 30.5368974], [114.3560755, 30.5368432], [114.3560791, 30.5367688], [114.3560773, 30.5367239], [114.3560629, 30.5366603], [114.3560251, 30.5365906], [114.3559801, 30.5365301], [114.355938, 30.5364987], [114.355979, 30.5365013], [114.3560124, 30.5364805], [114.3560225, 30.5364461], [114.3560706, 30.5364358]]]}, "properties": {"id": 18174, "block_id": 18174, "area_sqm": 842, "poi_count": 0, "dominant_category": null, "category_entropy": null, "street_block_id": 3693}}, {"type": "Feature", "geometry": {"type": "Polygon", "coordinates": [[[114.3550445, 30.5371407], [114.3550085, 30.5371648], [114.3549761, 30.5370997], [114.3548861, 30.537047], [114.3548393, 30.5370191], [114.3548106, 30.5369695], [114.3547979, 30.5369404], [114.3547782, 30.5368951], [114.3547818, 30.5368331], [114.3548034, 30.5367649], [114.3548106, 30.5367215], [114.3548493, 30.5367284], [114.3548823, 30.5367114], [114.3548429, 30.536613], [114.3549437, 30.5367401], [114.3551524, 30.5368703], [114.355282, 30.5370253], [114.3553899, 30.5371493], [114.3553126, 30.5371407], [114.3552388, 30.5371221], [114.3551686, 30.5371082], [114.355093, 30.537116], [114.3550445, 30.5371407]]]}, "properties": {"id": 18177, "block_id": 18177, "area_sqm": 1523, "poi_count": 0, "dominant_category": null, "category_entropy": null, "street_block_id": 3693}}, {"type": "Feature", "geometry": {"type": "Polygon", "coordinates": [[[114.3555771, 30.5371919], [114.3555015, 30.5371958], [114.3553899, 30.5371493], [114.355282, 30.5370253], [114.3551524, 30.5368703], [114.3549437, 30.5367401], [114.3548429, 30.536613], [114.3547782, 30.5365759], [114.3547494, 30.5365356], [114.3547062, 30.5365108], [114.3546378, 30.5364829], [114.3545946, 30.5364519], [114.3545658, 30.5363961], [114.354555, 30.5363372], [114.3545514, 30.5362597], [114.3545586, 30.536207], [114.354537, 30.5361605], [114.3544795, 30.5361388], [114.3543931, 30.5361171], [114.3542565, 30.5361002], [114.3542358, 30.5360505], [114.3541936, 30.5360122], [114.3541371, 30.5359916], [114.3540758, 30.5359923], [114.3540199, 30.5360142], [114.3538788, 30.5358508], [114.3542027, 30.5356379], [114.3542774, 30.5357119], [114.3546313, 30.5360625], [114.3547335, 30.5361638], [114.354858, 30.5361989], [114.3557282, 30.5360404], [114.3559993, 30.536162], [114.3560706, 30.5364358], [114.3560225, 30.5364461], [114.3560045, 30.5364142], [114.355967, 30.5363997], [114.3559274, 30.5364094], [114.3559042, 30.5364387], [114.3559084, 30.536474], [114.355938, 30.5364987], [114.3559801, 30.5365301], [114.3560251, 30.5365906], [114.3560629, 30.5366603], [114.3560773, 30.5367239], [114.3560791, 30.5367688], [114.3560755, 30.5368432], [114.3560719, 30.5368974], [114.3560395, 30.5369687], [114.3560143, 30.5370416], [114.3559851, 30.5370677], [114.3559657, 30.537085], [114.3559243, 30.5371005], [114.355883, 30.5371252], [114.3558254, 30.5371547], [114.355775, 30.5371702], [114.355721, 30.5371795], [114.3556526, 30.5371857], [114.3555771, 30.5371919]]]}, "properties": {"id": 18182, "block_id": 18182, "area_sqm": 14582, "poi_count": 0, "dominant_category": null, "category_entropy": null, "street_block_id": 3693}}, {"type": "Feature", "geometry": {"type": "Polygon", "coordinates": [[[114.3565298, 30.5371409], [114.3562863, 30.5372648], [114.3562474, 30.5371152], [114.3560706, 30.5364358], [114.3559993, 30.536162], [114.3562553, 30.5360993], [114.3564276, 30.5367532], [114.3565298, 30.5371409]]]}, "properties": {"id": 18190, "block_id": 18190, "area_sqm": 3127, "poi_count": 0, "dominant_category": null, "category_entropy": null, "street_block_id": null}}, {"type": "Feature", "geometry": {"type": "Polygon", "coordinates": [[[114.3547158, 30.5374024], [114.3545525, 30.5374519], [114.3545038, 30.5372983], [114.3544014, 30.5370228], [114.3544729, 30.5369979], [114.3545557, 30.5369794], [114.3546762, 30.536953], [114.3547979, 30.5369404], [114.3548106, 30.5369695], [114.3548393, 30.5370191], [114.3548861, 30.537047], [114.3549761, 30.5370997], [114.3550085, 30.5371648], [114.3550085, 30.5372268], [114.3549761, 30.5373786], [114.3549029, 30.5374102], [114.3548187, 30.5373998], [114.3548485, 30.53738], [114.3548551, 30.5373482], [114.354835, 30.5373208], [114.3547988, 30.5373122], [114.3547653, 30.5373269], [114.354752, 30.5373572], [114.3547659, 30.5373873], [114.3547158, 30.5374024]]]}, "properties": {"id": 18207, "block_id": 18207, "area_sqm": 2238, "poi_count": 0, "dominant_category": null, "category_entropy": null, "street_block_id": 3693}}, {"type": "Feature", "geometry": {"type": "Polygon", "coordinates": [[[114.3545741, 30.5375141], [114.354471, 30.5375395], [114.3544179, 30.5373744], [114.3543424, 30.5371917], [114.3542647, 30.537037], [114.354167, 30.5368908], [114.3539861, 30.5366709], [114.3538848, 30.5365686], [114.3539688, 30.5364874], [114.3540742, 30.5365749], [114.3542258, 30.536739], [114.3543389, 30.5368986], [114.3544014, 30.5370228], [114.3545038, 30.5372983], [114.3545525, 30.5374519], [114.3545741, 30.5375141]]]}, "properties": {"id": 18210, "block_id": 18210, "area_sqm": 1553, "poi_count": 0, "dominant_category": null, "category_entropy": null, "street_block_id": null}}, {"type": "Feature", "geometry": {"type": "Polygon", "coordinates": [[[114.355956, 30.5375994], [114.3559178, 30.5376235], [114.3558794, 30.5376235], [114.3557966, 30.5375677], [114.3556886, 30.5375212], [114.3556167, 30.5374685], [114.3556735, 30.5374482], [114.3557244, 30.5374372], [114.3557931, 30.537435], [114.3558669, 30.5374504], [114.3559204, 30.5374788], [114.3559509, 30.5375183], [114.3559687, 30.5375687], [114.355956, 30.5375994]]]}, "properties": {"id": 18214, "block_id": 18214, "area_sqm": 399, "poi_count": 0, "dominant_category": null, "category_entropy": null, "street_block_id": 3693}}, {"type": "Feature", "geometry": {"type": "Polygon", "coordinates": [[[114.3562104, 30.5375994], [114.3561875, 30.5376476], [114.3561367, 30.5376235], [114.3560807, 30.5376103], [114.3560171, 30.5376082], [114.355956, 30.5375994], [114.3559687, 30.5375687], [114.3559509, 30.5375183], [114.3559204, 30.5374788], [114.3558669, 30.5374504], [114.3557931, 30.537435], [114.3557244, 30.5374372], [114.3556735, 30.5374482], [114.3556167, 30.5374685], [114.3555843, 30.5373724], [114.3555591, 30.5372702], [114.3555015, 30.5371958], [114.3555771, 30.5371919], [114.3556526, 30.5371857], [114.355721, 30.5371795], [114.355775, 30.5371702], [114.3558254, 30.5371547], [114.355883, 30.5371252], [114.3559243, 30.5371005], [114.3559657, 30.537085], [114.3559851, 30.5370677], [114.3560101, 30.5370977], [114.3560374, 30.5371304], [114.3560578, 30.5371983], [114.3560781, 30.5372619], [114.356129, 30.5373035], [114.3561774, 30.5373583], [114.3562283, 30.5374306], [114.356241, 30.5374876], [114.3562283, 30.5375446], [114.3562104, 30.5375994]]]}, "properties": {"id": 18216, "block_id": 18216, "area_sqm": 2294, "poi_count": 0, "dominant_category": null, "category_entropy": null, "street_block_id": 3693}}, {"type": "Feature", "geometry": {"type": "Polygon", "coordinates": [[[114.3546394, 30.5377259], [114.3545254, 30.5377493], [114.3545193, 30.5377286], [114.354471, 30.5375395], [114.3545741, 30.5375141], [114.3546394, 30.5377259]]]}, "properties": {"id": 18227, "block_id": 18227, "area_sqm": 260, "poi_count": 0, "dominant_category": null, "category_entropy": null, "street_block_id": null}}, {"type": "Feature", "geometry": {"type": "Polygon", "coordinates": [[[114.3563122, 30.537858], [114.3562842, 30.5378865], [114.3562461, 30.5378821], [114.3562086, 30.5378552], [114.3561926, 30.5378164], [114.3561825, 30.5377703], [114.3561748, 30.5377155], [114.3561875, 30.5376476], [114.3562104, 30.5375994], [114.3563103, 30.5376782], [114.3563309, 30.5377177], [114.3563402, 30.5377681], [114.3563351, 30.5378076], [114.3563122, 30.537858]]]}, "properties": {"id": 18245, "block_id": 18245, "area_sqm": 349, "poi_count": 0, "dominant_category": null, "category_entropy": null, "street_block_id": 3693}}, {"type": "Feature", "geometry": {"type": "Polygon", "coordinates": [[[114.3562863, 30.5372648], [114.356467, 30.5379587], [114.3564362, 30.5379417], [114.356357, 30.5379122], [114.3562842, 30.5378865], [114.3563122, 30.537858], [114.3563351, 30.5378076], [114.3563402, 30.5377681], [114.3563309, 30.5377177], [114.3563103, 30.5376782], [114.3562104, 30.5375994], [114.3562283, 30.5375446], [114.356241, 30.5374876], [114.3562283, 30.5374306], [114.3561774, 30.5373583], [114.356129, 30.5373035], [114.3560781, 30.5372619], [114.3560578, 30.5371983], [114.3560374, 30.5371304], [114.3560101, 30.5370977], [114.3562474, 30.5371152], [114.3562863, 30.5372648]]]}, "properties": {"id": 18254, "block_id": 18254, "area_sqm": 1204, "poi_count": 0, "dominant_category": null, "category_entropy": null, "street_block_id": 3693}}, {"type": "Feature", "geometry": {"type": "Polygon", "coordinates": [[[114.355963, 30.5379614], [114.3558994, 30.537985], [114.3558744, 30.5379531], [114.3558305, 30.5379459], [114.3558146, 30.5378684], [114.3558614, 30.5378312], [114.3558974, 30.5377754], [114.3558938, 30.5376917], [114.3558794, 30.5376235], [114.3559178, 30.5376235], [114.355956, 30.5375994], [114.3560171, 30.5376082], [114.3560807, 30.5376103], [114.3561367, 30.5376235], [114.3561875, 30.5376476], [114.3561748, 30.5377155], [114.3561825, 30.5377703], [114.3561926, 30.5378164], [114.3562086, 30.5378552], [114.3561592, 30.5378885], [114.3560899, 30.5379203], [114.3560359, 30.5379366], [114.355963, 30.5379614]]]}, "properties": {"id": 18257, "block_id": 18257, "area_sqm": 1090, "poi_count": 0, "dominant_category": null, "category_entropy": null, "street_block_id": 3693}}, {"type": "Feature", "geometry": {"type": "Polygon", "coordinates": [[[114.355891, 30.5380228], [114.3558541, 30.5380444], [114.3558102, 30.5380371], [114.3557851, 30.5380053], [114.3557895, 30.5379854], [114.3557935, 30.5379675], [114.3558305, 30.5379459], [114.3558744, 30.5379531], [114.3558994, 30.537985], [114.355891, 30.5380228]]]}, "properties": {"id": 18267, "block_id": 18267, "area_sqm": 88, "poi_count": 0, "dominant_category": null, "category_entropy": null, "street_block_id": 3693}}, {"type": "Feature", "geometry": {"type": "Polygon", "coordinates": [[[114.3520362, 30.5378034], [114.3519726, 30.5380734], [114.3517304, 30.5380358], [114.3517604, 30.5377716], [114.3519049, 30.5377846], [114.3520362, 30.5378034]]]}, "properties": {"id": 18273, "block_id": 18273, "area_sqm": 759, "poi_count": 0, "dominant_category": null, "category_entropy": null, "street_block_id": 3757}}, {"type": "Feature", "geometry": {"type": "Polygon", "coordinates": [[[114.35251, 30.5381165], [114.3525431, 30.538166], [114.3519726, 30.5380734], [114.3520362, 30.5378034], [114.3522512, 30.5378565], [114.3523226, 30.5379068], [114.3523734, 30.5379412], [114.3524011, 30.5379761], [114.3524718, 30.5380545], [114.35251, 30.5381165]]]}, "properties": {"id": 18278, "block_id": 18278, "area_sqm": 1204, "poi_count": 0, "dominant_category": null, "category_entropy": null, "street_block_id": 3757}}, {"type": "Feature", "geometry": {"type": "Polygon", "coordinates": [[[114.3567801, 30.5381214], [114.356522, 30.53817], [114.356467, 30.5379587], [114.3562863, 30.5372648], [114.3565298, 30.5371409], [114.3567801, 30.5381214]]]}, "properties": {"id": 18279, "block_id": 18279, "area_sqm": 2739, "poi_count": 2, "dominant_category": "地名地址信息", "category_entropy": 0.0, "street_block_id": null}}, {"type": "Feature", "geometry": {"type": "Polygon", "coordinates": [[[114.3517304, 30.5380358], [114.3516866, 30.5382352], [114.3511132, 30.5381412], [114.3511366, 30.5380851], [114.3511588, 30.5379902], [114.3511306, 30.5379229], [114.351094, 30.537906], [114.3510093, 30.5378874], [114.3510482, 30.537768], [114.3511518, 30.5378001], [114.3512179, 30.5378053], [114.351334, 30.5377775], [114.3514179, 30.5377508], [114.3516511, 30.5377601], [114.3517604, 30.5377716], [114.3517304, 30.5380358]]]}, "properties": {"id": 18286, "block_id": 18286, "area_sqm": 2799, "poi_count": 0, "dominant_category": null, "category_entropy": null, "street_block_id": 3757}}, {"type": "Feature", "geometry": {"type": "Polygon", "coordinates": [[[114.3519726, 30.5380734], [114.3519331, 30.5382685], [114.3516866, 30.5382352], [114.3517304, 30.5380358], [114.3519726, 30.5380734]]]}, "properties": {"id": 18289, "block_id": 18289, "area_sqm": 528, "poi_count": 0, "dominant_category": null, "category_entropy": null, "street_block_id": 3757}}, {"type": "Feature", "geometry": {"type": "Polygon", "coordinates": [[[114.3533663, 30.538052], [114.3526382, 30.5382841], [114.3525431, 30.538166], [114.35251, 30.5381165], [114.3524718, 30.5380545], [114.3524011, 30.5379761], [114.3523734, 30.5379412], [114.3523226, 30.5379068], [114.3522512, 30.5378565], [114.3522719, 30.5375748], [114.3522747, 30.5375369], [114.3522673, 30.5374578], [114.3521948, 30.5372222], [114.3520956, 30.5368364], [114.3520828, 30.5367595], [114.352123, 30.5367505], [114.3526508, 30.5366978], [114.3528085, 30.5366984], [114.3530034, 30.5367216], [114.3530933, 30.536754], [114.3531092, 30.5368519], [114.3531606, 30.537303], [114.3531925, 30.5373954], [114.3532636, 30.5375615], [114.3533158, 30.5376764], [114.3533404, 30.5378474], [114.3533663, 30.538052]]]}, "properties": {"id": 18291, "block_id": 18291, "area_sqm": 15194, "poi_count": 0, "dominant_category": null, "category_entropy": null, "street_block_id": 3753}}, {"type": "Feature", "geometry": {"type": "Polygon", "coordinates": [[[114.3560984, 30.5382566], [114.3557097, 30.5383362], [114.3557111, 30.5382461], [114.3557651, 30.538169], [114.3558714, 30.5381213], [114.3559615, 30.5381287], [114.3560501, 30.5381767], [114.3560984, 30.5382566]]]}, "properties": {"id": 18295, "block_id": 18295, "area_sqm": 563, "poi_count": 0, "dominant_category": null, "category_entropy": null, "street_block_id": 3693}}, {"type": "Feature", "geometry": {"type": "Polygon", "coordinates": [[[114.3526382, 30.5382841], [114.3526634, 30.5383382], [114.3519331, 30.5382685], [114.3519726, 30.5380734], [114.3525431, 30.538166], [114.3526382, 30.5382841]]]}, "properties": {"id": 18296, "block_id": 18296, "area_sqm": 1247, "poi_count": 0, "dominant_category": null, "category_entropy": null, "street_block_id": 3757}}, {"type": "Feature", "geometry": {"type": "Polygon", "coordinates": [[[114.3557097, 30.5383362], [114.3553202, 30.5384158], [114.3553072, 30.5383271], [114.3553144, 30.5382372], [114.3553504, 30.538169], [114.3553971, 30.5381039], [114.3554943, 30.538045], [114.3555411, 30.5380078], [114.3555537, 30.5379829], [114.3555933, 30.5379916], [114.355623, 30.5379916], [114.3556715, 30.5379947], [114.3557066, 30.537997], [114.3557453, 30.5379931], [114.3557895, 30.5379854], [114.3557851, 30.5380053], [114.3558102, 30.5380371], [114.3558541, 30.5380444], [114.3558714, 30.5381213], [114.3557651, 30.538169], [114.3557111, 30.5382461], [114.3557097, 30.5383362]]]}, "properties": {"id": 18302, "block_id": 18302, "area_sqm": 1620, "poi_count": 0, "dominant_category": null, "category_entropy": null, "street_block_id": 3693}}, {"type": "Feature", "geometry": {"type": "Polygon", "coordinates": [[[114.3516866, 30.5382352], [114.3516515, 30.5384194], [114.3510342, 30.5383168], [114.3511, 30.5381971], [114.3511132, 30.5381412], [114.3516866, 30.5382352]]]}, "properties": {"id": 18304, "block_id": 18304, "area_sqm": 1188, "poi_count": 0, "dominant_category": null, "category_entropy": null, "street_block_id": 3757}}, {"type": "Feature", "geometry": {"type": "Polygon", "coordinates": [[[114.3526634, 30.5383382], [114.3526822, 30.5384749], [114.3519105, 30.5383945], [114.3519331, 30.5382685], [114.3526634, 30.5383382]]]}, "properties": {"id": 18309, "block_id": 18309, "area_sqm": 1051, "poi_count": 0, "dominant_category": null, "category_entropy": null, "street_block_id": 3757}}, {"type": "Feature", "geometry": {"type": "Polygon", "coordinates": [[[114.3505367, 30.538451], [114.350436675, 30.538608573], [114.3503752, 30.5385754], [114.3504562, 30.5384371], [114.3505962, 30.5381878], [114.3506976, 30.5380074], [114.3507727, 30.5377949], [114.3508371, 30.5373929], [114.3508342, 30.537361], [114.3508156, 30.5371573], [114.3507405, 30.5368524], [114.3506159, 30.536572], [114.3505462, 30.5363887], [114.3504999, 30.536267], [114.350586326, 30.536228915], [114.3506923, 30.5365335], [114.3508371, 30.5369263], [114.3509176, 30.537222], [114.3509229, 30.5374345], [114.3508907, 30.5376886], [114.3508049, 30.5379797], [114.3505367, 30.538451]]]}, "properties": {"id": 18326, "block_id": 18326, "area_sqm": 2219, "poi_count": 0, "dominant_category": null, "category_entropy": null, "street_block_id": null}}, {"type": "Feature", "geometry": {"type": "Polygon", "coordinates": [[[114.3506115, 30.5386331], [114.3505809, 30.5386864], [114.350497638, 30.53864147], [114.350887, 30.5380125], [114.350976, 30.5377808], [114.350971222, 30.537977257], [114.3506115, 30.5386331]]]}, "properties": {"id": 18338, "block_id": 18338, "area_sqm": 708, "poi_count": 0, "dominant_category": null, "category_entropy": null, "street_block_id": null}}, {"type": "Feature", "geometry": {"type": "Polygon", "coordinates": [[[114.3550388, 30.538725], [114.3549845, 30.5387544], [114.3548944, 30.5386715], [114.3548869, 30.5386575], [114.3547048, 30.538277], [114.3546066, 30.538024], [114.3545254, 30.5377493], [114.3546394, 30.5377259], [114.3547023, 30.5379244], [114.3547798, 30.5381751], [114.3548847, 30.5384251], [114.3549594, 30.5385847], [114.3549822, 30.5386286], [114.3550388, 30.538725]]]}, "properties": {"id": 18348, "block_id": 18348, "area_sqm": 1232, "poi_count": 0, "dominant_category": null, "category_entropy": null, "street_block_id": null}}, {"type": "Feature", "geometry": {"type": "Polygon", "coordinates": [[[114.3550703, 30.5387788], [114.3550308, 30.5387971], [114.3549845, 30.5387544], [114.3550388, 30.538725], [114.3550703, 30.5387788]]]}, "properties": {"id": 18356, "block_id": 18356, "area_sqm": 34, "poi_count": 0, "dominant_category": null, "category_entropy": null, "street_block_id": null}}, {"type": "Feature", "geometry": {"type": "Polygon", "coordinates": [[[114.3607035, 30.5387568], [114.3606791, 30.5388213], [114.3606027, 30.5387998], [114.3605156, 30.5387661], [114.3605483, 30.5387041], [114.3606502, 30.538749], [114.3607035, 30.5387568]]]}, "properties": {"id": 18359, "block_id": 18359, "area_sqm": 119, "poi_count": 0, "dominant_category": null, "category_entropy": null, "street_block_id": null}}, {"type": "Feature", "geometry": {"type": "Polygon", "coordinates": [[[114.3568362, 30.5389132], [114.356712, 30.5389209], [114.3565357, 30.5382243], [114.356522, 30.53817], [114.3567801, 30.5381214], [114.3569251, 30.5386891], [114.3570018, 30.5386772], [114.3569446, 30.5387576], [114.3569235, 30.5388769], [114.3569618, 30.5389014], [114.3568362, 30.5389132]]]}, "properties": {"id": 18369, "block_id": 18369, "area_sqm": 2202, "poi_count": 0, "dominant_category": null, "category_entropy": null, "street_block_id": null}}, {"type": "Feature", "geometry": {"type": "Polygon", "coordinates": [[[114.3546769, 30.5389214], [114.354651, 30.5389412], [114.3545288, 30.5388736], [114.3544617, 30.5388112], [114.3544027, 30.5387396], [114.354337, 30.5381216], [114.3543611, 30.5379969], [114.3543879, 30.5378906], [114.3543944, 30.5377775], [114.3545254, 30.5377493], [114.3546066, 30.538024], [114.3547048, 30.538277], [114.3548869, 30.5386575], [114.3548944, 30.5386715], [114.3549845, 30.5387544], [114.3548236, 30.5388295], [114.3546769, 30.5389214]]]}, "properties": {"id": 18376, "block_id": 18376, "area_sqm": 4188, "poi_count": 0, "dominant_category": null, "category_entropy": null, "street_block_id": 3697}}, {"type": "Feature", "geometry": {"type": "Polygon", "coordinates": [[[114.3552306, 30.5390237], [114.3551674, 30.5390604], [114.3550533, 30.5389209], [114.355005, 30.53884], [114.3550308, 30.5387971], [114.3550703, 30.5387788], [114.3551232, 30.538758], [114.3552185, 30.5387845], [114.3552801, 30.5388573], [114.3552976, 30.5389439], [114.3552306, 30.5390237]]]}, "properties": {"id": 18396, "block_id": 18396, "area_sqm": 581, "poi_count": 0, "dominant_category": null, "category_entropy": null, "street_block_id": null}}, {"type": "Feature", "geometry": {"type": "Polygon", "coordinates": [[[114.3553131, 30.5391266], [114.3552332, 30.5391325], [114.3551674, 30.5390604], [114.3552306, 30.5390237], [114.3553131, 30.5391266]]]}, "properties": {"id": 18411, "block_id": 18411, "area_sqm": 83, "poi_count": 0, "dominant_category": null, "category_entropy": null, "street_block_id": null}}, {"type": "Feature", "geometry": {"type": "Polygon", "coordinates": [[[114.3572697, 30.5390558], [114.3572306, 30.5391699], [114.3572035, 30.5389573], [114.357034, 30.5386625], [114.3570848, 30.5386393], [114.3571643, 30.538685], [114.3572035, 30.5387913], [114.3572576, 30.5388743], [114.3572847, 30.5389573], [114.3572697, 30.5390558]]]}, "properties": {"id": 18423, "block_id": 18423, "area_sqm": 428, "poi_count": 0, "dominant_category": null, "category_entropy": null, "street_block_id": 3694}}, {"type": "Feature", "geometry": {"type": "Polygon", "coordinates": [[[114.3570743, 30.5393628], [114.3569589, 30.5393934], [114.3568362, 30.5389132], [114.3569618, 30.5389014], [114.3570743, 30.5393628]]]}, "properties": {"id": 18467, "block_id": 18467, "area_sqm": 630, "poi_count": 0, "dominant_category": null, "category_entropy": null, "street_block_id": 3694}}, {"type": "Feature", "geometry": {"type": "Polygon", "coordinates": [[[114.3571564, 30.5393744], [114.3570865, 30.539409], [114.3570743, 30.5393628], [114.3571293, 30.5393483], [114.3571564, 30.5393744]]]}, "properties": {"id": 18469, "block_id": 18469, "area_sqm": 29, "poi_count": 0, "dominant_category": null, "category_entropy": null, "street_block_id": 3694}}, {"type": "Feature", "geometry": {"type": "Polygon", "coordinates": [[[114.3582077, 30.5393239], [114.3577839, 30.5394117], [114.3579234, 30.5391992], [114.3579587, 30.5391253], [114.3580093, 30.5392222], [114.3580669, 30.5392846], [114.3582077, 30.5393239]]]}, "properties": {"id": 18470, "block_id": 18470, "area_sqm": 439, "poi_count": 0, "dominant_category": null, "category_entropy": null, "street_block_id": null}}, {"type": "Feature", "geometry": {"type": "Polygon", "coordinates": [[[114.3570865, 30.539409], [114.3569713, 30.5394279], [114.3569589, 30.5393934], [114.3570743, 30.5393628], [114.3570865, 30.539409]]]}, "properties": {"id": 18475, "block_id": 18475, "area_sqm": 53, "poi_count": 0, "dominant_category": null, "category_entropy": null, "street_block_id": 3694}}, {"type": "Feature", "geometry": {"type": "Polygon", "coordinates": [[[114.3617935, 30.5394142], [114.3617811, 30.539515], [114.3604342, 30.5393765], [114.3606027, 30.5387998], [114.3606791, 30.5388213], [114.3607035, 30.5387568], [114.3614633, 30.5388678], [114.3618054, 30.5389259], [114.3617935, 30.5394142]]]}, "properties": {"id": 18487, "block_id": 18487, "area_sqm": 8413, "poi_count": 5, "dominant_category": "科教文化服务", "category_entropy": 0.5, "street_block_id": 3695}}, {"type": "Feature", "geometry": {"type": "Polygon", "coordinates": [[[114.3575596, 30.5395107], [114.3573745, 30.5395854], [114.3571564, 30.5393744], [114.3571764, 30.5393281], [114.3572306, 30.5391699], [114.3574383, 30.5393488], [114.3575467, 30.5393825], [114.3576344, 30.5394451], [114.3575596, 30.5395107]]]}, "properties": {"id": 18496, "block_id": 18496, "area_sqm": 974, "poi_count": 0, "dominant_category": null, "category_entropy": null, "street_block_id": 3694}}, {"type": "Feature", "geometry": {"type": "Polygon", "coordinates": [[[114.356432, 30.539547], [114.3564469, 30.5396109], [114.3563475, 30.5395706], [114.3562214, 30.539536], [114.3560183, 30.5394851], [114.3560832, 30.5391977], [114.3561269, 30.5392576], [114.3563046, 30.5393945], [114.356432, 30.539547]]]}, "properties": {"id": 18501, "block_id": 18501, "area_sqm": 782, "poi_count": 0, "dominant_category": null, "category_entropy": null, "street_block_id": 3698}}, {"type": "Feature", "geometry": {"type": "Polygon", "coordinates": [[[114.3587524, 30.5393381], [114.3586356, 30.5396436], [114.3584217, 30.5393295], [114.3587524, 30.5393381]]]}, "properties": {"id": 18505, "block_id": 18505, "area_sqm": 543, "poi_count": 0, "dominant_category": null, "category_entropy": null, "street_block_id": null}}, {"type": "Feature", "geometry": {"type": "Polygon", "coordinates": [[[114.3573745, 30.5395854], [114.3570508, 30.5397291], [114.3569713, 30.5394279], [114.3570865, 30.539409], [114.3571564, 30.5393744], [114.3573745, 30.5395854]]]}, "properties": {"id": 18512, "block_id": 18512, "area_sqm": 835, "poi_count": 0, "dominant_category": null, "category_entropy": null, "street_block_id": 3694}}, {"type": "Feature", "geometry": {"type": "Polygon", "coordinates": [[[114.3573908, 30.5396012], [114.3570314, 30.539756], [114.3569241, 30.5394026], [114.3569589, 30.5393934], [114.3569713, 30.5394279], [114.3570508, 30.5397291], [114.3573745, 30.5395854], [114.3573908, 30.5396012]]]}, "properties": {"id": 18518, "block_id": 18518, "area_sqm": 199, "poi_count": 0, "dominant_category": null, "category_entropy": null, "street_block_id": 3694}}, {"type": "Feature", "geometry": {"type": "Polygon", "coordinates": [[[114.3567702, 30.5398173], [114.3567049, 30.539819], [114.3564722, 30.539672], [114.3563341, 30.5396134], [114.3562051, 30.5395762], [114.3560012, 30.5395312], [114.3558749, 30.5394942], [114.3557074, 30.5394387], [114.3555093, 30.5393494], [114.3553336, 30.5392362], [114.3552332, 30.5391325], [114.3553131, 30.5391266], [114.355359, 30.5391647], [114.3555314, 30.5392899], [114.3558258, 30.539424], [114.3560183, 30.5394851], [114.3562214, 30.539536], [114.3563475, 30.5395706], [114.3564469, 30.5396109], [114.3565473, 30.5396683], [114.3566881, 30.5397473], [114.3567351, 30.5397771], [114.3567702, 30.5398173]]]}, "properties": {"id": 18529, "block_id": 18529, "area_sqm": 931, "poi_count": 0, "dominant_category": null, "category_entropy": null, "street_block_id": null}}, {"type": "Feature", "geometry": {"type": "Polygon", "coordinates": [[[114.357059, 30.5398226], [114.3569918, 30.5398402], [114.3569054, 30.5398224], [114.3569102, 30.5397602], [114.356712, 30.5389209], [114.3568362, 30.5389132], [114.3569589, 30.5393934], [114.3569241, 30.5394026], [114.3570314, 30.539756], [114.3573908, 30.5396012], [114.3573745, 30.5395854], [114.3575596, 30.5395107], [114.3576344, 30.5394451], [114.357683, 30.5394025], [114.3579406, 30.539089], [114.3580268, 30.5389448], [114.3580361, 30.5389635], [114.3579587, 30.5391253], [114.3579234, 30.5391992], [114.3577839, 30.5394117], [114.3576713, 30.5395064], [114.3573932, 30.53965], [114.357059, 30.5398226]]]}, "properties": {"id": 18531, "block_id": 18531, "area_sqm": 2006, "poi_count": 0, "dominant_category": null, "category_entropy": null, "street_block_id": 3694}}, {"type": "Feature", "geometry": {"type": "Polygon", "coordinates": [[[114.3600301, 30.5396763], [114.3600618, 30.5399167], [114.3599269, 30.5398763], [114.3599029, 30.5398691], [114.3597001, 30.5397456], [114.3596829, 30.5397351], [114.3594983, 30.5396225], [114.3596385, 30.5395724], [114.3600301, 30.5396763]]]}, "properties": {"id": 18543, "block_id": 18543, "area_sqm": 959, "poi_count": 0, "dominant_category": null, "category_entropy": null, "street_block_id": null}}, {"type": "Feature", "geometry": {"type": "Polygon", "coordinates": [[[114.350955, 30.5398994], [114.3509284, 30.539923], [114.350955, 30.5398005], [114.3509725, 30.5398255], [114.3509886, 30.5398416], [114.3510208, 30.539859], [114.351061, 30.5398693], [114.3510181, 30.5398751], [114.3509765, 30.5398855], [114.350955, 30.5398994]]]}, "properties": {"id": 18544, "block_id": 18544, "area_sqm": 51, "poi_count": 0, "dominant_category": null, "category_entropy": null, "street_block_id": null}}, {"type": "Feature", "geometry": {"type": "Polygon", "coordinates": [[[114.3569918, 30.5398402], [114.3569481, 30.5399615], [114.3568288, 30.5398752], [114.3567925, 30.5398259], [114.3569054, 30.5398224], [114.3569918, 30.5398402]]]}, "properties": {"id": 18552, "block_id": 18552, "area_sqm": 159, "poi_count": 0, "dominant_category": null, "category_entropy": null, "street_block_id": null}}, {"type": "Feature", "geometry": {"type": "Polygon", "coordinates": [[[114.3625581, 30.5400656], [114.3622926, 30.5400956], [114.3617679, 30.5400955], [114.3617643, 30.5398116], [114.3622282, 30.5398923], [114.3625608, 30.5399639], [114.3625581, 30.5400656]]]}, "properties": {"id": 18569, "block_id": 18569, "area_sqm": 1745, "poi_count": 0, "dominant_category": null, "category_entropy": null, "street_block_id": 2452}}, {"type": "Feature", "geometry": {"type": "Polygon", "coordinates": [[[114.3504495, 30.5398466], [114.3503943, 30.5401095], [114.350059, 30.5400425], [114.3501502, 30.5397964], [114.3504495, 30.5398466]]]}, "properties": {"id": 18574, "block_id": 18574, "area_sqm": 905, "poi_count": 0, "dominant_category": null, "category_entropy": null, "street_block_id": 3726}}, {"type": "Feature", "geometry": {"type": "Polygon", "coordinates": [[[114.3579715, 30.5403035], [114.3578388, 30.5405206], [114.3571241, 30.540211], [114.3569481, 30.5399615], [114.3569918, 30.5398402], [114.357059, 30.5398226], [114.3571079, 30.5399131], [114.3571776, 30.5401002], [114.3575558, 30.5402596], [114.3576953, 30.5402296], [114.3579715, 30.5403035]]]}, "properties": {"id": 18651, "block_id": 18651, "area_sqm": 1885, "poi_count": 0, "dominant_category": null, "category_entropy": null, "street_block_id": null}}, {"type": "Feature", "geometry": {"type": "Polygon", "coordinates": [[[114.3492098, 30.540511], [114.349179133, 30.54055905], [114.3491889, 30.5405353], [114.34925, 30.5404142], [114.3493734, 30.5402179], [114.3494834, 30.54004], [114.3498314, 30.5394849], [114.3493637, 30.5402574], [114.3492098, 30.540511]]]}, "properties": {"id": 18656, "block_id": 18656, "area_sqm": 111, "poi_count": 0, "dominant_category": null, "category_entropy": null, "street_block_id": null}}, {"type": "Feature", "geometry": {"type": "Polygon", "coordinates": [[[114.3509951, 30.5409124], [114.3508995, 30.5410052], [114.3508601, 30.5409015], [114.3508166, 30.5407965], [114.3507969, 30.5406894], [114.3508294, 30.5403823], [114.3510914, 30.5404204], [114.3509951, 30.5409124]]]}, "properties": {"id": 18695, "block_id": 18695, "area_sqm": 1302, "poi_count": 0, "dominant_category": null, "category_entropy": null, "street_block_id": null}}, {"type": "Feature", "geometry": {"type": "Polygon", "coordinates": [[[114.3562697, 30.5409099], [114.3561786, 30.5410425], [114.356054839, 30.540871732], [114.356334304, 30.540871028], [114.3562697, 30.5409099]]]}, "properties": {"id": 18702, "block_id": 18702, "area_sqm": 228, "poi_count": 0, "dominant_category": null, "category_entropy": null, "street_block_id": null}}, {"type": "Feature", "geometry": {"type": "Polygon", "coordinates": [[[114.3564246, 30.5408708], [114.356425189, 30.541055429], [114.3561786, 30.5410425], [114.3562697, 30.5409099], [114.356334304, 30.540871028], [114.3564246, 30.5408708]]]}, "properties": {"id": 18706, "block_id": 18706, "area_sqm": 351, "poi_count": 0, "dominant_category": null, "category_entropy": null, "street_block_id": null}}, {"type": "Feature", "geometry": {"type": "Polygon", "coordinates": [[[114.3564816, 30.5407824], [114.3565181, 30.5410603], [114.356425189, 30.541055429], [114.3564246, 30.5408708], [114.356334304, 30.540871028], [114.3564816, 30.5407824]]]}, "properties": {"id": 18708, "block_id": 18708, "area_sqm": 235, "poi_count": 0, "dominant_category": null, "category_entropy": null, "street_block_id": null}}, {"type": "Feature", "geometry": {"type": "Polygon", "coordinates": [[[114.3561786, 30.5410425], [114.356028753, 30.541076429], [114.3560281, 30.5408718], [114.356054839, 30.540871732], [114.3561786, 30.5410425]]]}, "properties": {"id": 18711, "block_id": 18711, "area_sqm": 188, "poi_count": 0, "dominant_category": null, "category_entropy": null, "street_block_id": null}}, {"type": "Feature", "geometry": {"type": "Polygon", "coordinates": [[[114.3564253, 30.5410901], [114.3560288, 30.5410911], [114.356028753, 30.541076429], [114.3561786, 30.5410425], [114.356425189, 30.541055429], [114.3564253, 30.5410901]]]}, "properties": {"id": 18714, "block_id": 18714, "area_sqm": 159, "poi_count": 0, "dominant_category": null, "category_entropy": null, "street_block_id": 3703}}, {"type": "Feature", "geometry": {"type": "Polygon", "coordinates": [[[114.3405928, 30.5409894], [114.3406196, 30.5410934], [114.3403817, 30.5409572], [114.3400035, 30.5407423], [114.3396306, 30.540546], [114.3391934, 30.5403265], [114.3390379, 30.5402318], [114.3389333, 30.5401232], [114.3388555, 30.5399754], [114.3387697, 30.5397467], [114.3388663, 30.539742], [114.3390347, 30.5397257], [114.339054, 30.5397975], [114.3390532, 30.5401347], [114.3391175, 30.5401993], [114.3393141, 30.540315], [114.3399606, 30.5406569], [114.3405928, 30.5409894]]]}, "properties": {"id": 18716, "block_id": 18716, "area_sqm": 2132, "poi_count": 0, "dominant_category": null, "category_entropy": null, "street_block_id": 16950}}, {"type": "Feature", "geometry": {"type": "Polygon", "coordinates": [[[114.3496156, 30.5400672], [114.34887992, 30.541284147], [114.348802206, 30.5412554], [114.3488898, 30.5411028], [114.3490951, 30.5407634], [114.3496247, 30.5398877], [114.350436675, 30.538608573], [114.350497638, 30.53864147], [114.3497599, 30.5398332], [114.3496156, 30.5400672]]]}, "properties": {"id": 18744, "block_id": 18744, "area_sqm": 2691, "poi_count": 0, "dominant_category": null, "category_entropy": null, "street_block_id": null}}, {"type": "Feature", "geometry": {"type": "Polygon", "coordinates": [[[114.353102197, 30.555709309], [114.3530648, 30.5557138], [114.353091029, 30.555689005], [114.353102197, 30.555709309]]]}, "properties": {"id": 20371, "block_id": 20371, "area_sqm": 4, "poi_count": 0, "dominant_category": null, "category_entropy": null, "street_block_id": null}}, {"type": "Feature", "geometry": {"type": "Polygon", "coordinates": [[[114.3619975, 30.5410208], [114.3619488, 30.5413257], [114.3617815, 30.541313], [114.3618176, 30.5410047], [114.3619975, 30.5410208]]]}, "properties": {"id": 18761, "block_id": 18761, "area_sqm": 573, "poi_count": 0, "dominant_category": null, "category_entropy": null, "street_block_id": null}}, {"type": "Feature", "geometry": {"type": "Polygon", "coordinates": [[[114.3510637, 30.5413091], [114.3510535, 30.5413451], [114.3509944, 30.5412147], [114.3510301, 30.541234], [114.3510744, 30.5412502], [114.3511549, 30.5412675], [114.3511026, 30.5412733], [114.3510811, 30.541286], [114.3510637, 30.5413091]]]}, "properties": {"id": 18765, "block_id": 18765, "area_sqm": 60, "poi_count": 0, "dominant_category": null, "category_entropy": null, "street_block_id": null}}, {"type": "Feature", "geometry": {"type": "Polygon", "coordinates": [[[114.3543132, 30.5412322], [114.3542761, 30.5413983], [114.3535684, 30.541288], [114.3536229, 30.5410553], [114.3536121, 30.5410253], [114.3537323, 30.5409931], [114.3538802, 30.540944], [114.3542395, 30.541006], [114.3542167, 30.5411166], [114.3543132, 30.5412322]]]}, "properties": {"id": 18782, "block_id": 18782, "area_sqm": 2582, "poi_count": 0, "dominant_category": null, "category_entropy": null, "street_block_id": 3686}}, {"type": "Feature", "geometry": {"type": "Polygon", "coordinates": [[[114.3488147, 30.5414816], [114.348786046, 30.541514748], [114.3488415, 30.5413477], [114.34887992, 30.541284147], [114.3489344, 30.5413043], [114.3488791, 30.5413939], [114.3488147, 30.5414816]]]}, "properties": {"id": 18800, "block_id": 18800, "area_sqm": 103, "poi_count": 0, "dominant_category": null, "category_entropy": null, "street_block_id": null}}, {"type": "Feature", "geometry": {"type": "Polygon", "coordinates": [[[114.3570919, 30.5412734], [114.3568319, 30.5415165], [114.3567703, 30.5413595], [114.3567757, 30.5412625], [114.3569741, 30.5410523], [114.357091, 30.5410546], [114.3570866, 30.5411764], [114.3570919, 30.5412734]]]}, "properties": {"id": 18801, "block_id": 18801, "area_sqm": 956, "poi_count": 0, "dominant_category": null, "category_entropy": null, "street_block_id": null}}, {"type": "Feature", "geometry": {"type": "Polygon", "coordinates": [[[114.3684965, 30.5415047], [114.3684806, 30.5415419], [114.3684605, 30.5415113], [114.368439, 30.5414974], [114.3684015, 30.5414835], [114.3684471, 30.5414697], [114.3684819, 30.5414489], [114.3685173, 30.5414087], [114.3684965, 30.5415047]]]}, "properties": {"id": 18806, "block_id": 18806, "area_sqm": 50, "poi_count": 0, "dominant_category": null, "category_entropy": null, "street_block_id": null}}, {"type": "Feature", "geometry": {"type": "Polygon", "coordinates": [[[114.3619488, 30.5413257], [114.361901, 30.5416249], [114.3617465, 30.5416109], [114.3617815, 30.541313], [114.3619488, 30.5413257]]]}, "properties": {"id": 18818, "block_id": 18818, "area_sqm": 517, "poi_count": 0, "dominant_category": null, "category_entropy": null, "street_block_id": null}}, {"type": "Feature", "geometry": {"type": "Polygon", "coordinates": [[[114.348786046, 30.541514748], [114.3486706, 30.5416483], [114.348664714, 30.541643756], [114.3486702, 30.5416124], [114.3487467, 30.5413521], [114.348802206, 30.5412554], [114.34887992, 30.541284147], [114.3488415, 30.5413477], [114.348786046, 30.541514748]]]}, "properties": {"id": 18821, "block_id": 18821, "area_sqm": 307, "poi_count": 0, "dominant_category": null, "category_entropy": null, "street_block_id": null}}, {"type": "Feature", "geometry": {"type": "Polygon", "coordinates": [[[114.348752499, 30.541634196], [114.3486706, 30.5416483], [114.348786046, 30.541514748], [114.3487848, 30.5415185], [114.348752499, 30.541634196]]]}, "properties": {"id": 18822, "block_id": 18822, "area_sqm": 49, "poi_count": 0, "dominant_category": null, "category_entropy": null, "street_block_id": null}}, {"type": "Feature", "geometry": {"type": "Polygon", "coordinates": [[[114.3486706, 30.5416483], [114.348658415, 30.541679757], [114.348663596, 30.541650144], [114.3486706, 30.5416483]]]}, "properties": {"id": 18828, "block_id": 18828, "area_sqm": 1, "poi_count": 0, "dominant_category": null, "category_entropy": null, "street_block_id": null}}, {"type": "Feature", "geometry": {"type": "Polygon", "coordinates": [[[114.3446241, 30.5412296], [114.3445961, 30.5417315], [114.3443377, 30.5417225], [114.3440982, 30.5417142], [114.3441293, 30.5412], [114.3446241, 30.5412296]]]}, "properties": {"id": 18831, "block_id": 18831, "area_sqm": 2690, "poi_count": 0, "dominant_category": null, "category_entropy": null, "street_block_id": 17105}}, {"type": "Feature", "geometry": {"type": "Polygon", "coordinates": [[[114.3451517, 30.541253], [114.345122, 30.5417497], [114.3445961, 30.5417315], [114.3446241, 30.5412296], [114.3451517, 30.541253]]]}, "properties": {"id": 18832, "block_id": 18832, "area_sqm": 2804, "poi_count": 0, "dominant_category": null, "category_entropy": null, "street_block_id": 17106}}, {"type": "Feature", "geometry": {"type": "Polygon", "coordinates": [[[114.3487365, 30.5416915], [114.348685518, 30.541903273], [114.3486706, 30.5416483], [114.348752499, 30.541634196], [114.3487365, 30.5416915]]]}, "properties": {"id": 18843, "block_id": 18843, "area_sqm": 110, "poi_count": 0, "dominant_category": null, "category_entropy": null, "street_block_id": null}}, {"type": "Feature", "geometry": {"type": "Polygon", "coordinates": [[[114.348658415, 30.541679757], [114.3485669, 30.541916], [114.3485182, 30.5418764], [114.3484619, 30.5418474], [114.3483934, 30.5418117], [114.3483128, 30.5417955], [114.3481842, 30.5417958], [114.3483497, 30.5417469], [114.3484668, 30.5417134], [114.348584, 30.5416711], [114.348663596, 30.541650144], [114.348658415, 30.541679757]]]}, "properties": {"id": 18845, "block_id": 18845, "area_sqm": 486, "poi_count": 0, "dominant_category": null, "category_entropy": null, "street_block_id": null}}, {"type": "Feature", "geometry": {"type": "Polygon", "coordinates": [[[114.34862, 30.5418993], [114.348608352, 30.5419728], [114.3485812, 30.5419413], [114.3485669, 30.541916], [114.348658415, 30.541679757], [114.34862, 30.5418993]]]}, "properties": {"id": 18853, "block_id": 18853, "area_sqm": 80, "poi_count": 0, "dominant_category": null, "category_entropy": null, "street_block_id": null}}, {"type": "Feature", "geometry": {"type": "Polygon", "coordinates": [[[114.3486819, 30.5419183], [114.348660478, 30.542033271], [114.348608352, 30.5419728], [114.34862, 30.5418993], [114.348658415, 30.541679757], [114.3486706, 30.5416483], [114.348685518, 30.541903273], [114.3486819, 30.5419183]]]}, "properties": {"id": 18862, "block_id": 18862, "area_sqm": 166, "poi_count": 0, "dominant_category": null, "category_entropy": null, "street_block_id": null}}, {"type": "Feature", "geometry": {"type": "Polygon", "coordinates": [[[114.348685518, 30.541903273], [114.3486955, 30.5420739], [114.348660478, 30.542033271], [114.3486819, 30.5419183], [114.348685518, 30.541903273]]]}, "properties": {"id": 18868, "block_id": 18868, "area_sqm": 30, "poi_count": 0, "dominant_category": null, "category_entropy": null, "street_block_id": null}}, {"type": "Feature", "geometry": {"type": "Polygon", "coordinates": [[[114.3604583, 30.5419786], [114.3612707, 30.5421042], [114.3606187, 30.5420384], [114.3604505, 30.5420188], [114.3604583, 30.5419786]]]}, "properties": {"id": 18871, "block_id": 18871, "area_sqm": 188, "poi_count": 0, "dominant_category": null, "category_entropy": null, "street_block_id": null}}, {"type": "Feature", "geometry": {"type": "Polygon", "coordinates": [[[114.3517463, 30.5418745], [114.3516039, 30.5421552], [114.3514331, 30.5421099], [114.351315, 30.5420786], [114.3512617, 30.5420518], [114.3512575, 30.5418791], [114.3512496, 30.5418053], [114.351234, 30.5417427], [114.3511966, 30.5416609], [114.3515612, 30.5416966], [114.3516091, 30.541718], [114.3516363, 30.5417405], [114.3516766, 30.5417867], [114.3517248, 30.5418514], [114.3517463, 30.5418745]]]}, "properties": {"id": 18879, "block_id": 18879, "area_sqm": 1947, "poi_count": 0, "dominant_category": null, "category_entropy": null, "street_block_id": 3738}}, {"type": "Feature", "geometry": {"type": "Polygon", "coordinates": [[[114.3613109, 30.5422157], [114.3610401, 30.5422762], [114.3608553, 30.5422682], [114.3608645, 30.5421966], [114.3605992, 30.5421726], [114.3606187, 30.5420384], [114.3612707, 30.5421042], [114.3613565, 30.5421216], [114.3613109, 30.5422157]]]}, "properties": {"id": 18896, "block_id": 18896, "area_sqm": 1204, "poi_count": 0, "dominant_category": null, "category_entropy": null, "street_block_id": 3703}}, {"type": "Feature", "geometry": {"type": "Polygon", "coordinates": [[[114.3522945, 30.5420611], [114.3521609, 30.5423028], [114.3516039, 30.5421552], [114.3517463, 30.5418745], [114.3518053, 30.5419115], [114.3519099, 30.5419415], [114.3520306, 30.5419369], [114.3521138, 30.5418999], [114.3521969, 30.5418376], [114.3522505, 30.5417313], [114.35228, 30.5416712], [114.3523203, 30.5416435], [114.3523981, 30.5416366], [114.352546, 30.5416726], [114.3524459, 30.5418416], [114.3523466, 30.5419856], [114.3522945, 30.5420611]]]}, "properties": {"id": 18906, "block_id": 18906, "area_sqm": 2876, "poi_count": 0, "dominant_category": null, "category_entropy": null, "street_block_id": 3739}}, {"type": "Feature", "geometry": {"type": "Polygon", "coordinates": [[[114.3598786, 30.542239], [114.3598539, 30.5424062], [114.3593215, 30.5423239], [114.3594439, 30.5418915], [114.3595649, 30.5419156], [114.3604505, 30.5420188], [114.3606187, 30.5420384], [114.3605992, 30.5421726], [114.3603654, 30.5421514], [114.3603438, 30.5422841], [114.3598786, 30.542239]]]}, "properties": {"id": 18928, "block_id": 18928, "area_sqm": 4163, "poi_count": 0, "dominant_category": null, "category_entropy": null, "street_block_id": 3703}}, {"type": "Feature", "geometry": {"type": "Polygon", "coordinates": [[[114.3481899, 30.5421982], [114.3481695, 30.5424172], [114.3475848, 30.5423733], [114.3476063, 30.5423064], [114.3480568, 30.5421469], [114.348191, 30.5421562], [114.3481899, 30.5421982]]]}, "properties": {"id": 18930, "block_id": 18930, "area_sqm": 1147, "poi_count": 0, "dominant_category": null, "category_entropy": null, "street_block_id": 3679}}, {"type": "Feature", "geometry": {"type": "Polygon", "coordinates": [[[114.3682517, 30.5427542], [114.3682473, 30.5428535], [114.3681951, 30.5428486], [114.3682042, 30.5427453], [114.3682772, 30.5425494], [114.3683865, 30.5423018], [114.3685481, 30.5419373], [114.368811, 30.5413759], [114.3690524, 30.5407129], [114.369151, 30.540553], [114.3692348, 30.5404218], [114.3695432, 30.54011], [114.3697149, 30.5399922], [114.370069, 30.539745], [114.3700806, 30.539732], [114.3703472, 30.5394326], [114.3706188, 30.5391928], [114.3708223, 30.5390061], [114.3711304, 30.5387234], [114.3716273, 30.5382619], [114.3717588, 30.5380817], [114.371858, 30.537883], [114.3719304, 30.5376889], [114.3719539, 30.537536], [114.3719559, 30.5374839], [114.3719599, 30.5371969], [114.3719634, 30.5368839], [114.3720143, 30.536802], [114.3720497, 30.5367902], [114.3720118, 30.5368835], [114.3720083, 30.5371973], [114.3720043, 30.5374848], [114.3720022, 30.5375394], [114.3719778, 30.5376981], [114.3719034, 30.5378976], [114.3718018, 30.5381011], [114.3716658, 30.5382874], [114.3711658, 30.5387518], [114.3708576, 30.5390346], [114.3706537, 30.5392216], [114.3703838, 30.5394599], [114.370119, 30.5397574], [114.3701039, 30.5397743], [114.3697452, 30.5400247], [114.369577, 30.5401401], [114.3692748, 30.5404456], [114.3691936, 30.5405728], [114.3690972, 30.540729], [114.3688566, 30.5413899], [114.3685931, 30.5419525], [114.3684317, 30.5423166], [114.3683229, 30.5425632], [114.3682517, 30.5427542]]]}, "properties": {"id": 18988, "block_id": 18988, "area_sqm": 3656, "poi_count": 0, "dominant_category": null, "category_entropy": null, "street_block_id": null}}, {"type": "Feature", "geometry": {"type": "Polygon", "coordinates": [[[114.3645819, 30.5431715], [114.3645148, 30.5431767], [114.3641473, 30.543108], [114.3641024, 30.5430877], [114.3640742, 30.543056], [114.3640843, 30.542974], [114.3641091, 30.5429578], [114.3641413, 30.5429462], [114.3641923, 30.5429411], [114.3645912, 30.5430121], [114.3646261, 30.5430363], [114.3646449, 30.5430658], [114.3646516, 30.5430976], [114.3646368, 30.5431438], [114.3645819, 30.5431715]]]}, "properties": {"id": 19038, "block_id": 19038, "area_sqm": 989, "poi_count": 0, "dominant_category": null, "category_entropy": null, "street_block_id": 2452}}, {"type": "Feature", "geometry": {"type": "Polygon", "coordinates": [[[114.3691453, 30.5432291], [114.3691112, 30.5435077], [114.3685972, 30.5434706], [114.3685877, 30.5434706], [114.368628, 30.5431899], [114.3686368, 30.5431908], [114.3691453, 30.5432291]]]}, "properties": {"id": 19065, "block_id": 19065, "area_sqm": 1561, "poi_count": 0, "dominant_category": null, "category_entropy": null, "street_block_id": 38385}}, {"type": "Feature", "geometry": {"type": "Polygon", "coordinates": [[[114.360503354, 30.543579563], [114.3604882, 30.5436979], [114.3601891, 30.5436725], [114.3601281, 30.5436674], [114.3595915, 30.5436133], [114.3601784, 30.543574], [114.3602889, 30.5435673], [114.3603994, 30.5435699], [114.360503354, 30.543579563]]]}, "properties": {"id": 19086, "block_id": 19086, "area_sqm": 692, "poi_count": 0, "dominant_category": null, "category_entropy": null, "street_block_id": null}}, {"type": "Feature", "geometry": {"type": "Polygon", "coordinates": [[[114.3680802, 30.5436659], [114.3680536, 30.5437588], [114.3680039, 30.5437583], [114.3680332, 30.5436559], [114.3681217, 30.543351], [114.3681951, 30.5428486], [114.3682473, 30.5428535], [114.3682377, 30.5430675], [114.3681694, 30.5433585], [114.3680802, 30.5436659]]]}, "properties": {"id": 19093, "block_id": 19093, "area_sqm": 550, "poi_count": 0, "dominant_category": null, "category_entropy": null, "street_block_id": null}}, {"type": "Feature", "geometry": {"type": "Polygon", "coordinates": [[[114.3638672, 30.5437591], [114.3637398, 30.5437718], [114.3635748, 30.543766], [114.3634899, 30.5437518], [114.3633398, 30.5437118], [114.3631645, 30.5436458], [114.3629793, 30.5435466], [114.3628074, 30.5433889], [114.3632132, 30.5433718], [114.3633514, 30.5433961], [114.3639421, 30.5435284], [114.3642889, 30.543639], [114.3640068, 30.5437477], [114.3638672, 30.5437591]]]}, "properties": {"id": 19094, "block_id": 19094, "area_sqm": 3472, "poi_count": 0, "dominant_category": null, "category_entropy": null, "street_block_id": null}}, {"type": "Feature", "geometry": {"type": "Polygon", "coordinates": [[[114.3685877, 30.5434706], [114.3685499, 30.5437727], [114.3683538, 30.5437615], [114.3680536, 30.5437588], [114.3680802, 30.5436659], [114.3681694, 30.5433585], [114.3682377, 30.5430675], [114.3682473, 30.5428535], [114.3684608, 30.5428738], [114.3686841, 30.5428937], [114.368628, 30.5431899], [114.3685877, 30.5434706]]]}, "properties": {"id": 19095, "block_id": 19095, "area_sqm": 4192, "poi_count": 0, "dominant_category": null, "category_entropy": null, "street_block_id": 38385}}, {"type": "Feature", "geometry": {"type": "Polygon", "coordinates": [[[114.3650468, 30.5437175], [114.364961, 30.5438653], [114.3648891, 30.5436674], [114.3648515, 30.5436235], [114.3648145, 30.5435223], [114.3649531, 30.5435919], [114.3651265, 30.5436011], [114.3650468, 30.5437175]]]}, "properties": {"id": 19100, "block_id": 19100, "area_sqm": 429, "poi_count": 0, "dominant_category": null, "category_entropy": null, "street_block_id": null}}, {"type": "Feature", "geometry": {"type": "Polygon", "coordinates": [[[114.3610201, 30.5436276], [114.3609919, 30.5438823], [114.3609369, 30.5438028], [114.3609435, 30.5437517], [114.3609248, 30.5437436], [114.3606847, 30.5437171], [114.3605653, 30.5437044], [114.3604882, 30.5436979], [114.360503354, 30.543579563], [114.3610201, 30.5436276]]]}, "properties": {"id": 19104, "block_id": 19104, "area_sqm": 736, "poi_count": 0, "dominant_category": null, "category_entropy": null, "street_block_id": 3628}}, {"type": "Feature", "geometry": {"type": "Polygon", "coordinates": [[[114.3508758, 30.5438691], [114.3508665, 30.5439819], [114.3507697, 30.5439754], [114.3508758, 30.5438691]]]}, "properties": {"id": 19122, "block_id": 19122, "area_sqm": 58, "poi_count": 0, "dominant_category": null, "category_entropy": null, "street_block_id": null}}, {"type": "Feature", "geometry": {"type": "Polygon", "coordinates": [[[114.360580426, 30.543928073], [114.3605579, 30.5440603], [114.3601427, 30.5440165], [114.3601493, 30.5439609], [114.360159, 30.5438799], [114.360580426, 30.543928073]]]}, "properties": {"id": 19140, "block_id": 19140, "area_sqm": 608, "poi_count": 0, "dominant_category": null, "category_entropy": null, "street_block_id": null}}, {"type": "Feature", "geometry": {"type": "Polygon", "coordinates": [[[114.3606565, 30.5440405], [114.3606527, 30.5440703], [114.3605579, 30.5440603], [114.360580426, 30.543928073], [114.3606594, 30.5439371], [114.3606512, 30.5439827], [114.3608711, 30.5440266], [114.3608644, 30.5440532], [114.3606565, 30.5440405]]]}, "properties": {"id": 19142, "block_id": 19142, "area_sqm": 218, "poi_count": 0, "dominant_category": null, "category_entropy": null, "street_block_id": null}}, {"type": "Feature", "geometry": {"type": "Polygon", "coordinates": [[[114.3598384, 30.544099], [114.3598353, 30.5441235], [114.3595118, 30.5440914], [114.3594615, 30.5440701], [114.3594327, 30.5440487], [114.3596188, 30.5439612], [114.3598526, 30.5439859], [114.3598384, 30.544099]]]}, "properties": {"id": 19148, "block_id": 19148, "area_sqm": 497, "poi_count": 0, "dominant_category": null, "category_entropy": null, "street_block_id": 3623}}, {"type": "Feature", "geometry": {"type": "Polygon", "coordinates": [[[114.3612411, 30.5440134], [114.3612278, 30.5441435], [114.3611943, 30.5441428], [114.3612104, 30.543996], [114.3613063, 30.544], [114.3614078, 30.5440206], [114.3612411, 30.5440134]]]}, "properties": {"id": 19150, "block_id": 19150, "area_sqm": 71, "poi_count": 0, "dominant_category": null, "category_entropy": null, "street_block_id": 3628}}, {"type": "Feature", "geometry": {"type": "Polygon", "coordinates": [[[114.3570642, 30.5442399], [114.357056, 30.544288], [114.3570102, 30.5442854], [114.3569498, 30.5442819], [114.3569536, 30.5442348], [114.3570642, 30.5442399]]]}, "properties": {"id": 19167, "block_id": 19167, "area_sqm": 55, "poi_count": 0, "dominant_category": null, "category_entropy": null, "street_block_id": null}}, {"type": "Feature", "geometry": {"type": "Polygon", "coordinates": [[[114.362018, 30.5440607], [114.3619959, 30.5443266], [114.3612154, 30.5442659], [114.3612278, 30.5441435], [114.3612411, 30.5440134], [114.3614078, 30.5440206], [114.362018, 30.5440607]]]}, "properties": {"id": 19170, "block_id": 19170, "area_sqm": 2173, "poi_count": 0, "dominant_category": null, "category_entropy": null, "street_block_id": 3628}}, {"type": "Feature", "geometry": {"type": "Polygon", "coordinates": [[[114.3570102, 30.5442854], [114.3569942, 30.544366], [114.3566631, 30.5443368], [114.3564889, 30.544317], [114.3562066, 30.544285], [114.3558668, 30.5442301], [114.3557968, 30.5441739], [114.3563087, 30.5442051], [114.3565511, 30.5442163], [114.3569536, 30.5442348], [114.3569498, 30.5442819], [114.3570102, 30.5442854]]]}, "properties": {"id": 19172, "block_id": 19172, "area_sqm": 1171, "poi_count": 0, "dominant_category": null, "category_entropy": null, "street_block_id": null}}, {"type": "Feature", "geometry": {"type": "Polygon", "coordinates": [[[114.35745, 30.5442577], [114.3574418, 30.5443917], [114.3570949, 30.5443734], [114.3569942, 30.544366], [114.3570102, 30.5442854], [114.357056, 30.544288], [114.3570642, 30.5442399], [114.35745, 30.5442577]]]}, "properties": {"id": 19175, "block_id": 19175, "area_sqm": 597, "poi_count": 0, "dominant_category": null, "category_entropy": null, "street_block_id": null}}, {"type": "Feature", "geometry": {"type": "Polygon", "coordinates": [[[114.3581248, 30.544349], [114.358047, 30.5444039], [114.3577744, 30.5444008], [114.3574418, 30.5443917], [114.35745, 30.5442577], [114.3574737, 30.5442588], [114.3576606, 30.544259], [114.3580776, 30.5442594], [114.3582412, 30.5442566], [114.358185, 30.5443033], [114.3581248, 30.544349]]]}, "properties": {"id": 19177, "block_id": 19177, "area_sqm": 1050, "poi_count": 0, "dominant_category": null, "category_entropy": null, "street_block_id": null}}, {"type": "Feature", "geometry": {"type": "Polygon", "coordinates": [[[114.3587276, 30.5443407], [114.358685, 30.5446629], [114.358446, 30.5446395], [114.3584792, 30.5443138], [114.3584854, 30.5442525], [114.3584951, 30.5441191], [114.3585031, 30.5440088], [114.3585546, 30.5439672], [114.3586126, 30.5439326], [114.358662, 30.5439109], [114.3587141, 30.5438943], [114.358768, 30.543883], [114.3588231, 30.5438772], [114.3596188, 30.5439612], [114.3594327, 30.5440487], [114.3588366, 30.5439835], [114.3588146, 30.5439847], [114.3587943, 30.5439921], [114.3587806, 30.5440023], [114.3587706, 30.5440153], [114.3587276, 30.5443407]]]}, "properties": {"id": 19197, "block_id": 19197, "area_sqm": 2810, "poi_count": 0, "dominant_category": null, "category_entropy": null, "street_block_id": 3623}}, {"type": "Feature", "geometry": {"type": "Polygon", "coordinates": [[[114.3619605, 30.5446237], [114.3619314, 30.5449093], [114.3611542, 30.5448664], [114.3611846, 30.5445682], [114.3619605, 30.5446237]]]}, "properties": {"id": 19220, "block_id": 19220, "area_sqm": 2427, "poi_count": 0, "dominant_category": null, "category_entropy": null, "street_block_id": 3628}}, {"type": "Feature", "geometry": {"type": "Polygon", "coordinates": [[[114.3547033, 30.5448826], [114.3546932, 30.544934], [114.3543799, 30.5448995], [114.3542999, 30.5448921], [114.3547398, 30.5445374], [114.3547033, 30.5448826]]]}, "properties": {"id": 19222, "block_id": 19222, "area_sqm": 846, "poi_count": 0, "dominant_category": null, "category_entropy": null, "street_block_id": 3649}}, {"type": "Feature", "geometry": {"type": "Polygon", "coordinates": [[[114.3547398, 30.5445374], [114.355254, 30.5449883], [114.3546932, 30.544934], [114.3547033, 30.5448826], [114.3547398, 30.5445374]]]}, "properties": {"id": 19228, "block_id": 19228, "area_sqm": 1188, "poi_count": 0, "dominant_category": null, "category_entropy": null, "street_block_id": 3656}}, {"type": "Feature", "geometry": {"type": "Polygon", "coordinates": [[[114.3514793, 30.5449664], [114.351471, 30.5450396], [114.3510286, 30.5450264], [114.35103, 30.5449733], [114.3510402, 30.5446347], [114.3515141, 30.5446741], [114.3514793, 30.5449664]]]}, "properties": {"id": 19235, "block_id": 19235, "area_sqm": 1853, "poi_count": 2, "dominant_category": "地名地址信息", "category_entropy": 0.693, "street_block_id": 3650}}, {"type": "Feature", "geometry": {"type": "Polygon", "coordinates": [[[114.3592936, 30.5448767], [114.3592652, 30.5450913], [114.3584085, 30.5450074], [114.3584426, 30.5446728], [114.358446, 30.5446395], [114.358685, 30.5446629], [114.3586649, 30.5448151], [114.3592351, 30.544871], [114.3592936, 30.5448767]]]}, "properties": {"id": 19245, "block_id": 19245, "area_sqm": 2377, "poi_count": 0, "dominant_category": null, "category_entropy": null, "street_block_id": 3623}}, {"type": "Feature", "geometry": {"type": "Polygon", "coordinates": [[[114.3597247, 30.544919], [114.3596968, 30.5451302], [114.3592652, 30.5450913], [114.3592936, 30.5448767], [114.3597247, 30.544919]]]}, "properties": {"id": 19251, "block_id": 19251, "area_sqm": 989, "poi_count": 0, "dominant_category": null, "category_entropy": null, "street_block_id": null}}, {"type": "Feature", "geometry": {"type": "Polygon", "coordinates": [[[114.356715, 30.5451284], [114.3567118, 30.5451537], [114.3563082, 30.5451064], [114.3563115, 30.5450759], [114.356405, 30.5450829], [114.3564771, 30.545103], [114.3566652, 30.5451258], [114.356715, 30.5451284]]]}, "properties": {"id": 19257, "block_id": 19257, "area_sqm": 113, "poi_count": 0, "dominant_category": null, "category_entropy": null, "street_block_id": null}}, {"type": "Feature", "geometry": {"type": "Polygon", "coordinates": [[[114.3559854, 30.5450686], [114.3559731, 30.5451742], [114.3559327, 30.5451713], [114.3557447, 30.5451582], [114.3557493, 30.5451265], [114.35575637, 30.545043074], [114.3559854, 30.5450686]]]}, "properties": {"id": 19262, "block_id": 19262, "area_sqm": 270, "poi_count": 0, "dominant_category": null, "category_entropy": null, "street_block_id": null}}, {"type": "Feature", "geometry": {"type": "Polygon", "coordinates": [[[114.3602996, 30.5449753], [114.3602678, 30.5451901], [114.3598615, 30.5451451], [114.3596968, 30.5451302], [114.3597247, 30.544919], [114.3601857, 30.5449642], [114.3602996, 30.5449753]]]}, "properties": {"id": 19265, "block_id": 19265, "area_sqm": 1309, "poi_count": 0, "dominant_category": null, "category_entropy": null, "street_block_id": null}}, {"type": "Feature", "geometry": {"type": "Polygon", "coordinates": [[[114.357384165, 30.544953267], [114.35736, 30.5451992], [114.35734, 30.5451958], [114.3572648, 30.5451876], [114.3572663, 30.5451764], [114.3572831, 30.544951], [114.3573538, 30.5449521], [114.357384165, 30.544953267]]]}, "properties": {"id": 19266, "block_id": 19266, "area_sqm": 252, "poi_count": 0, "dominant_category": null, "category_entropy": null, "street_block_id": 3625}}, {"type": "Feature", "geometry": {"type": "Polygon", "coordinates": [[[114.3574061, 30.5452072], [114.3574209, 30.5452368], [114.3569115, 30.5451771], [114.3569291, 30.5451358], [114.3571947, 30.54518], [114.3572648, 30.5451876], [114.35734, 30.5451958], [114.35736, 30.5451992], [114.3574061, 30.5452072]]]}, "properties": {"id": 19268, "block_id": 19268, "area_sqm": 179, "poi_count": 0, "dominant_category": null, "category_entropy": null, "street_block_id": null}}, {"type": "Feature", "geometry": {"type": "Polygon", "coordinates": [[[114.3615813, 30.5451517], [114.361569, 30.5452911], [114.3613625, 30.5452788], [114.360897, 30.5452512], [114.3609348, 30.5450594], [114.361045, 30.5442077], [114.3610494, 30.5441688], [114.3610749, 30.5441688], [114.3610775, 30.5441215], [114.3611017, 30.5441221], [114.361097, 30.5441671], [114.3611231, 30.5441677], [114.3611258, 30.5441261], [114.3611506, 30.5441273], [114.3611446, 30.5441683], [114.3611681, 30.5441688], [114.3611943, 30.5441428], [114.3612278, 30.5441435], [114.3612154, 30.5442659], [114.3611846, 30.5445682], [114.3611542, 30.5448664], [114.3611282, 30.545122], [114.3615813, 30.5451517]]]}, "properties": {"id": 19273, "block_id": 19273, "area_sqm": 2936, "poi_count": 0, "dominant_category": null, "category_entropy": null, "street_block_id": 3628}}, {"type": "Feature", "geometry": {"type": "Polygon", "coordinates": [[[114.3635642, 30.5452782], [114.3635438, 30.5452914], [114.3634004, 30.545065], [114.3633656, 30.5450072], [114.3640411, 30.5446968], [114.364155, 30.5449705], [114.3637241, 30.5451887], [114.3635642, 30.5452782]]]}, "properties": {"id": 19274, "block_id": 19274, "area_sqm": 2374, "poi_count": 5, "dominant_category": "商务住宅", "category_entropy": 1.332, "street_block_id": 3628}}, {"type": "Feature", "geometry": {"type": "Polygon", "coordinates": [[[114.3598737, 30.5452895], [114.3598716, 30.5453097], [114.3596977, 30.5452573], [114.3596634, 30.545254], [114.3586344, 30.5451533], [114.3586166, 30.5452882], [114.358378, 30.5452649], [114.3584085, 30.5450074], [114.3592652, 30.5450913], [114.3596968, 30.5451302], [114.3598615, 30.5451451], [114.3598548, 30.5452046], [114.3598702, 30.5452471], [114.3598737, 30.5452895]]]}, "properties": {"id": 19276, "block_id": 19276, "area_sqm": 2319, "poi_count": 0, "dominant_category": null, "category_entropy": null, "street_block_id": 3629}}, {"type": "Feature", "geometry": {"type": "Polygon", "coordinates": [[[114.358049231, 30.545310488], [114.3580343, 30.5453958], [114.3579441, 30.5453839], [114.3577636, 30.5453653], [114.3577765, 30.5452785], [114.358049231, 30.545310488]]]}, "properties": {"id": 19283, "block_id": 19283, "area_sqm": 251, "poi_count": 0, "dominant_category": null, "category_entropy": null, "street_block_id": null}}, {"type": "Feature", "geometry": {"type": "Polygon", "coordinates": [[[114.3569115, 30.5451771], [114.3568754, 30.5455077], [114.3566708, 30.5454879], [114.3567118, 30.5451537], [114.3569115, 30.5451771]]]}, "properties": {"id": 19292, "block_id": 19292, "area_sqm": 724, "poi_count": 0, "dominant_category": null, "category_entropy": null, "street_block_id": 3629}}, {"type": "Feature", "geometry": {"type": "Polygon", "coordinates": [[[114.3656721, 30.5456775], [114.3651298, 30.5458034], [114.3651156, 30.5457635], [114.3656567, 30.5456379], [114.3660047, 30.5455173], [114.3665104, 30.5453292], [114.3665499, 30.5453145], [114.3668416, 30.5451477], [114.3672788, 30.5448544], [114.3676603, 30.5446077], [114.3677649, 30.544506], [114.3679064, 30.544099], [114.3680039, 30.5437583], [114.3680536, 30.5437588], [114.3679531, 30.5441099], [114.3678082, 30.5445267], [114.3676933, 30.5446385], [114.3673082, 30.5448875], [114.3668699, 30.5451815], [114.366573, 30.5453513], [114.3665296, 30.5453674], [114.3660233, 30.5455557], [114.3656721, 30.5456775]]]}, "properties": {"id": 19318, "block_id": 19318, "area_sqm": 1773, "poi_count": 0, "dominant_category": null, "category_entropy": null, "street_block_id": 3624}}, {"type": "Feature", "geometry": {"type": "Polygon", "coordinates": [[[114.348430334, 30.548204199], [114.348341195, 30.548219662], [114.3482493, 30.5479202], [114.3481876, 30.5477265], [114.3481496, 30.547524], [114.3481221, 30.5473087], [114.3481065, 30.5470616], [114.3481026, 30.5466989], [114.3481056, 30.5464533], [114.3481219, 30.5461384], [114.3482888, 30.5447691], [114.3484713, 30.5432461], [114.3485326, 30.5426639], [114.3485684, 30.5422249], [114.348608352, 30.5419728], [114.348660478, 30.542033271], [114.3486225, 30.5422371], [114.3485875, 30.5426734], [114.3485316, 30.5432493], [114.3483444, 30.5447736], [114.3481936, 30.5461706], [114.3481848, 30.5464057], [114.3481798, 30.5465858], [114.3481894, 30.5469068], [114.34821, 30.5472345], [114.3482613, 30.5475766], [114.3483138, 30.547836], [114.3483705, 30.5480486], [114.348430334, 30.548204199]]]}, "properties": {"id": 19589, "block_id": 19589, "area_sqm": 4607, "poi_count": 0, "dominant_category": null, "category_entropy": null, "street_block_id": null}}, {"type": "Feature", "geometry": {"type": "Polygon", "coordinates": [[[114.348445652, 30.548244033], [114.348353579, 30.548260017], [114.348341195, 30.548219662], [114.348430334, 30.548204199], [114.348445652, 30.548244033]]]}, "properties": {"id": 19596, "block_id": 19596, "area_sqm": 41, "poi_count": 0, "dominant_category": null, "category_entropy": null, "street_block_id": null}}, {"type": "Feature", "geometry": {"type": "Polygon", "coordinates": [[[114.3477869, 30.5479195], [114.3477476, 30.5482821], [114.3476775, 30.5482725], [114.3477364, 30.5478574], [114.3477525, 30.5477627], [114.347782, 30.5476334], [114.3478303, 30.5474809], [114.3479134, 30.5472707], [114.3479751, 30.5471067], [114.3479805, 30.5469727], [114.3479671, 30.5468549], [114.3479376, 30.5466932], [114.3479, 30.5465153], [114.3478624, 30.5462405], [114.3478624, 30.5461042], [114.3478705, 30.5459956], [114.3478866, 30.5459147], [114.3479241, 30.5457415], [114.3479241, 30.5456237], [114.3479268, 30.5455683], [114.3478973, 30.5454204], [114.3478946, 30.5453003], [114.3479054, 30.5452333], [114.3479429, 30.5451109], [114.3480261, 30.5449584], [114.3481509, 30.5448093], [114.348131, 30.5448514], [114.3481229, 30.5449481], [114.348082, 30.5451059], [114.3480504, 30.5451977], [114.348011, 30.5453063], [114.3479991, 30.5453914], [114.3480096, 30.5454663], [114.348018, 30.5455732], [114.3480012, 30.5457279], [114.3479439, 30.5458965], [114.3479195, 30.5460025], [114.3479147, 30.5461], [114.3479318, 30.5462632], [114.3480472, 30.5467068], [114.3480659, 30.5469008], [114.3480538, 30.547073], [114.3479747, 30.5472657], [114.347854, 30.5475614], [114.3478031, 30.5477948], [114.3477869, 30.5479195]]]}, "properties": {"id": 19599, "block_id": 19599, "area_sqm": 2845, "poi_count": 0, "dominant_category": null, "category_entropy": null, "street_block_id": null}}, {"type": "Feature", "geometry": {"type": "Polygon", "coordinates": [[[114.3479853, 30.548312], [114.3478182, 30.5483334], [114.3478168, 30.5482916], [114.3479884, 30.5482708], [114.3482326, 30.5482385], [114.348341195, 30.548219662], [114.348353579, 30.548260017], [114.3482402, 30.5482797], [114.3479853, 30.548312]]]}, "properties": {"id": 19607, "block_id": 19607, "area_sqm": 235, "poi_count": 0, "dominant_category": null, "category_entropy": null, "street_block_id": null}}, {"type": "Feature", "geometry": {"type": "Polygon", "coordinates": [[[114.3446653, 30.5488949], [114.3446221, 30.5489008], [114.3445788, 30.5488966], [114.3445434, 30.5488864], [114.3445071, 30.5488585], [114.3444913, 30.5488331], [114.3444825, 30.5487959], [114.3444884, 30.5487569], [114.3445002, 30.5487366], [114.3445306, 30.5487078], [114.3445834, 30.5486796], [114.3446313, 30.5486707], [114.3446889, 30.5486951], [114.3447312, 30.5487298], [114.344742, 30.5487662], [114.3447489, 30.5488052], [114.3447381, 30.5488416], [114.3447056, 30.548878], [114.3446653, 30.5488949]]]}, "properties": {"id": 19673, "block_id": 19673, "area_sqm": 497, "poi_count": 0, "dominant_category": null, "category_entropy": null, "street_block_id": 3680}}, {"type": "Feature", "geometry": {"type": "Polygon", "coordinates": [[[114.3467778, 30.5496606], [114.3466466, 30.5501097], [114.3452731, 30.5498542], [114.3453205, 30.5496662], [114.3464827, 30.5498723], [114.3465692, 30.5496247], [114.3467778, 30.5496606]]]}, "properties": {"id": 19788, "block_id": 19788, "area_sqm": 3574, "poi_count": 0, "dominant_category": null, "category_entropy": null, "street_block_id": 3680}}, {"type": "Feature", "geometry": {"type": "Polygon", "coordinates": [[[114.3445706, 30.5498172], [114.3444903, 30.5501331], [114.3437403, 30.5499736], [114.3429578, 30.5498697], [114.3429776, 30.5497859], [114.3430169, 30.5496298], [114.3445706, 30.5498172]]]}, "properties": {"id": 19792, "block_id": 19792, "area_sqm": 4480, "poi_count": 0, "dominant_category": null, "category_entropy": null, "street_block_id": 3680}}, {"type": "Feature", "geometry": {"type": "Polygon", "coordinates": [[[114.3452731, 30.5498542], [114.3451744, 30.5502786], [114.3444903, 30.5501331], [114.3445706, 30.5498172], [114.3448888, 30.5498331], [114.3452731, 30.5498542]]]}, "properties": {"id": 19802, "block_id": 19802, "area_sqm": 2820, "poi_count": 0, "dominant_category": null, "category_entropy": null, "street_block_id": 3680}}, {"type": "Feature", "geometry": {"type": "Polygon", "coordinates": [[[114.3469458, 30.5510808], [114.3468555, 30.5511236], [114.3467109, 30.551112], [114.3459837, 30.550968], [114.3459385, 30.550933], [114.3459024, 30.5508397], [114.3460285, 30.5504441], [114.3469052, 30.550614], [114.3470091, 30.5507113], [114.3470272, 30.5508007], [114.3469458, 30.5510808]]]}, "properties": {"id": 19859, "block_id": 19859, "area_sqm": 5762, "poi_count": 0, "dominant_category": null, "category_entropy": null, "street_block_id": 3680}}, {"type": "Feature", "geometry": {"type": "Polygon", "coordinates": [[[114.3485849, 30.5514497], [114.3485102, 30.5515348], [114.348485, 30.5514121], [114.3485849, 30.5514497]]]}, "properties": {"id": 19893, "block_id": 19893, "area_sqm": 60, "poi_count": 0, "dominant_category": null, "category_entropy": null, "street_block_id": null}}, {"type": "Feature", "geometry": {"type": "Polygon", "coordinates": [[[114.350759, 30.5398977], [114.3507041, 30.5401678], [114.3503943, 30.5401095], [114.3504495, 30.5398466], [114.350759, 30.5398977]]]}, "properties": {"id": 18590, "block_id": 18590, "area_sqm": 910, "poi_count": 2, "dominant_category": "地名地址信息", "category_entropy": 0.693, "street_block_id": null}}, {"type": "Feature", "geometry": {"type": "Polygon", "coordinates": [[[114.340792206, 30.553885071], [114.3406906, 30.5539232], [114.3403172, 30.5532627], [114.3405721, 30.5533994], [114.3408229, 30.5537794], [114.340792206, 30.553885071]]]}, "properties": {"id": 20161, "block_id": 20161, "area_sqm": 1134, "poi_count": 0, "dominant_category": null, "category_entropy": null, "street_block_id": null}}, {"type": "Feature", "geometry": {"type": "Polygon", "coordinates": [[[114.340792206, 30.553885071], [114.3407504, 30.554029], [114.3406906, 30.5539232], [114.340792206, 30.553885071]]]}, "properties": {"id": 20177, "block_id": 20177, "area_sqm": 69, "poi_count": 0, "dominant_category": null, "category_entropy": null, "street_block_id": null}}, {"type": "Feature", "geometry": {"type": "Polygon", "coordinates": [[[114.3410358, 30.5539227], [114.3407504, 30.554029], [114.340792206, 30.553885071], [114.3409768, 30.5538158], [114.3410358, 30.5539227]]]}, "properties": {"id": 20178, "block_id": 20178, "area_sqm": 322, "poi_count": 0, "dominant_category": null, "category_entropy": null, "street_block_id": null}}, {"type": "Feature", "geometry": {"type": "Polygon", "coordinates": [[[114.3410698, 30.5539843], [114.3407909, 30.5540888], [114.3407662, 30.5540523], [114.3407504, 30.554029], [114.3410358, 30.5539227], [114.3410698, 30.5539843]]]}, "properties": {"id": 20184, "block_id": 20184, "area_sqm": 224, "poi_count": 0, "dominant_category": null, "category_entropy": null, "street_block_id": null}}, {"type": "Feature", "geometry": {"type": "Polygon", "coordinates": [[[114.3407504, 30.554029], [114.3405527, 30.5541146], [114.3404873, 30.5539994], [114.3406906, 30.5539232], [114.3407504, 30.554029]]]}, "properties": {"id": 20188, "block_id": 20188, "area_sqm": 290, "poi_count": 0, "dominant_category": null, "category_entropy": null, "street_block_id": null}}, {"type": "Feature", "geometry": {"type": "Polygon", "coordinates": [[[114.3500014, 30.5540093], [114.3496395, 30.5541358], [114.3495491, 30.5538839], [114.3494958, 30.553787], [114.3496166, 30.5538861], [114.3497413, 30.5539555], [114.3498387, 30.553997], [114.3500014, 30.5540093]]]}, "properties": {"id": 20192, "block_id": 20192, "area_sqm": 530, "poi_count": 0, "dominant_category": null, "category_entropy": null, "street_block_id": null}}, {"type": "Feature", "geometry": {"type": "Polygon", "coordinates": [[[114.3411297, 30.554093], [114.3408661, 30.5541997], [114.3407909, 30.5540888], [114.3410698, 30.5539843], [114.3411297, 30.554093]]]}, "properties": {"id": 20199, "block_id": 20199, "area_sqm": 393, "poi_count": 0, "dominant_category": null, "category_entropy": null, "street_block_id": null}}, {"type": "Feature", "geometry": {"type": "Polygon", "coordinates": [[[114.3496548, 30.5542259], [114.3495454, 30.5542574], [114.3495433, 30.5541693], [114.3496395, 30.5541358], [114.3496548, 30.5542259]]]}, "properties": {"id": 20210, "block_id": 20210, "area_sqm": 100, "poi_count": 0, "dominant_category": null, "category_entropy": null, "street_block_id": null}}, {"type": "Feature", "geometry": {"type": "Polygon", "coordinates": [[[114.3407073, 30.5542639], [114.3406603, 30.5542859], [114.3406322, 30.5542547], [114.340588, 30.5541769], [114.3407909, 30.5540888], [114.3408661, 30.5541997], [114.3407073, 30.5542639]]]}, "properties": {"id": 20212, "block_id": 20212, "area_sqm": 309, "poi_count": 0, "dominant_category": null, "category_entropy": null, "street_block_id": null}}, {"type": "Feature", "geometry": {"type": "Polygon", "coordinates": [[[114.3488709, 30.5547554], [114.3485619, 30.55476], [114.3485445, 30.5546516], [114.3485494, 30.5545721], [114.3491264, 30.5545576], [114.3491106, 30.5546278], [114.3490973, 30.5546945], [114.3488709, 30.5547554]]]}, "properties": {"id": 20259, "block_id": 20259, "area_sqm": 1061, "poi_count": 0, "dominant_category": null, "category_entropy": null, "street_block_id": null}}, {"type": "Feature", "geometry": {"type": "Polygon", "coordinates": [[[114.3503658, 30.5549499], [114.3503148, 30.5549599], [114.3502629, 30.5549542], [114.350221, 30.5549365], [114.3501874, 30.5549086], [114.3501653, 30.5548733], [114.3501568, 30.5548338], [114.3501628, 30.5547939], [114.3501826, 30.5547575], [114.3502144, 30.5547281], [114.3502551, 30.5547085], [114.3503008, 30.5547005], [114.3503527, 30.5547063], [114.3503991, 30.554727], [114.3504345, 30.5547602], [114.3504547, 30.5548018], [114.3504571, 30.5548468], [114.3504415, 30.5548898], [114.3504098, 30.5549256], [114.3503658, 30.5549499]]]}, "properties": {"id": 20277, "block_id": 20277, "area_sqm": 642, "poi_count": 0, "dominant_category": null, "category_entropy": null, "street_block_id": null}}, {"type": "Feature", "geometry": {"type": "Polygon", "coordinates": [[[114.3477885, 30.5549243], [114.347777855, 30.555322236], [114.347671363, 30.555320001], [114.3476953, 30.5545924], [114.3477779, 30.5544387], [114.347854, 30.554423], [114.3478083, 30.5546526], [114.3477885, 30.5549243]]]}, "properties": {"id": 20316, "block_id": 20316, "area_sqm": 1006, "poi_count": 0, "dominant_category": null, "category_entropy": null, "street_block_id": null}}, {"type": "Feature", "geometry": {"type": "Polygon", "coordinates": [[[114.3527073, 30.554536], [114.352945807, 30.555408085], [114.352784247, 30.555171008], [114.3525924, 30.5545793], [114.3522998, 30.5536928], [114.3519735, 30.5528107], [114.3518199, 30.5525023], [114.3516235, 30.5521753], [114.3514205, 30.5518885], [114.3511388, 30.5515208], [114.3506658, 30.5509633], [114.3501027, 30.5503348], [114.3498255, 30.5500615], [114.3492482, 30.5494789], [114.3486511, 30.5488102], [114.3484694, 30.5485456], [114.3483637, 30.548293], [114.348353579, 30.548260017], [114.348445652, 30.548244033], [114.3485605, 30.5485427], [114.3487484, 30.5488084], [114.3491745, 30.5492717], [114.34981, 30.5499089], [114.3503515, 30.5504565], [114.3509212, 30.5511093], [114.351411, 30.5516795], [114.3516846, 30.5520702], [114.3518267, 30.5523095], [114.3520429, 30.552764], [114.3523942, 30.5536701], [114.3527073, 30.554536]]]}, "properties": {"id": 20325, "block_id": 20325, "area_sqm": 8758, "poi_count": 0, "dominant_category": null, "category_entropy": null, "street_block_id": 38385}}, {"type": "Feature", "geometry": {"type": "Polygon", "coordinates": [[[114.3529769, 30.5554515], [114.352976508, 30.555480802], [114.352955, 30.5554417], [114.352945807, 30.555408085], [114.3529681, 30.5554408], [114.3529769, 30.5554515]]]}, "properties": {"id": 20331, "block_id": 20331, "area_sqm": 7, "poi_count": 0, "dominant_category": null, "category_entropy": null, "street_block_id": null}}, {"type": "Feature", "geometry": {"type": "Polygon", "coordinates": [[[114.347777855, 30.555322236], [114.3477718, 30.5555486], [114.347664, 30.5555438], [114.347671363, 30.555320001], [114.347777855, 30.555322236]]]}, "properties": {"id": 20341, "block_id": 20341, "area_sqm": 257, "poi_count": 0, "dominant_category": null, "category_entropy": null, "street_block_id": null}}, {"type": "Feature", "geometry": {"type": "Polygon", "coordinates": [[[114.3529447, 30.5555531], [114.352926633, 30.555556275], [114.3528784, 30.5554614], [114.352784247, 30.555171008], [114.352945807, 30.555408085], [114.352955, 30.5554417], [114.352976508, 30.555480802], [114.3529759, 30.5555262], [114.3529447, 30.5555531]]]}, "properties": {"id": 20345, "block_id": 20345, "area_sqm": 222, "poi_count": 0, "dominant_category": null, "category_entropy": null, "street_block_id": null}}, {"type": "Feature", "geometry": {"type": "Polygon", "coordinates": [[[114.353105, 30.5556758], [114.353091029, 30.555689005], [114.352976508, 30.555480802], [114.3529769, 30.5554515], [114.3531113, 30.5556167], [114.353105, 30.5556758]]]}, "properties": {"id": 20365, "block_id": 20365, "area_sqm": 92, "poi_count": 0, "dominant_category": null, "category_entropy": null, "street_block_id": null}}, {"type": "Feature", "geometry": {"type": "Polygon", "coordinates": [[[114.352926633, 30.555556275], [114.352999406, 30.555699421], [114.3529934, 30.5556981], [114.3529051, 30.5556545], [114.3528243, 30.5555933], [114.3527565, 30.5554409], [114.352863, 30.5555523], [114.3529043, 30.5555602], [114.352926633, 30.555556275]]]}, "properties": {"id": 20367, "block_id": 20367, "area_sqm": 163, "poi_count": 0, "dominant_category": null, "category_entropy": null, "street_block_id": null}}, {"type": "Feature", "geometry": {"type": "Polygon", "coordinates": [[[114.353091029, 30.555689005], [114.3530648, 30.5557138], [114.352999406, 30.555699421], [114.352926633, 30.555556275], [114.3529447, 30.5555531], [114.3529759, 30.5555262], [114.352976508, 30.555480802], [114.353091029, 30.555689005]]]}, "properties": {"id": 20370, "block_id": 20370, "area_sqm": 172, "poi_count": 0, "dominant_category": null, "category_entropy": null, "street_block_id": null}}, {"type": "Feature", "geometry": {"type": "Polygon", "coordinates": [[[114.3531113, 30.5556167], [114.353221, 30.5557515], [114.3531206, 30.5557071], [114.353102197, 30.555709309], [114.353091029, 30.555689005], [114.353105, 30.5556758], [114.3531113, 30.5556167]]]}, "properties": {"id": 20377, "block_id": 20377, "area_sqm": 58, "poi_count": 0, "dominant_category": null, "category_entropy": null, "street_block_id": null}}, {"type": "Feature", "geometry": {"type": "Polygon", "coordinates": [[[114.3530427, 30.5557406], [114.353032366, 30.555764254], [114.352999406, 30.555699421], [114.3530648, 30.5557138], [114.3530427, 30.5557406]]]}, "properties": {"id": 20381, "block_id": 20381, "area_sqm": 19, "poi_count": 0, "dominant_category": null, "category_entropy": null, "street_block_id": null}}, {"type": "Feature", "geometry": {"type": "Polygon", "coordinates": [[[114.3412022, 30.5557287], [114.3410843, 30.5557864], [114.3409527, 30.5556336], [114.3410595, 30.5555664], [114.3412022, 30.5557287]]]}, "properties": {"id": 20386, "block_id": 20386, "area_sqm": 279, "poi_count": 0, "dominant_category": null, "category_entropy": null, "street_block_id": 16987}}, {"type": "Feature", "geometry": {"type": "Polygon", "coordinates": [[[114.3531297, 30.5558971], [114.353108666, 30.555914334], [114.353032366, 30.555764254], [114.3530427, 30.5557406], [114.3530648, 30.5557138], [114.353102197, 30.555709309], [114.353198923, 30.555885159], [114.3531297, 30.5558971]]]}, "properties": {"id": 20398, "block_id": 20398, "area_sqm": 183, "poi_count": 0, "dominant_category": null, "category_entropy": null, "street_block_id": null}}, {"type": "Feature", "geometry": {"type": "Polygon", "coordinates": [[[114.353221, 30.5557515], [114.3533119, 30.5559158], [114.3532426, 30.5558915], [114.353201, 30.5558848], [114.353198923, 30.555885159], [114.353102197, 30.555709309], [114.3531206, 30.5557071], [114.353221, 30.5557515]]]}, "properties": {"id": 20399, "block_id": 20399, "area_sqm": 175, "poi_count": 0, "dominant_category": null, "category_entropy": null, "street_block_id": null}}, {"type": "Feature", "geometry": {"type": "Polygon", "coordinates": [[[114.3415901, 30.5557325], [114.3412433, 30.555971], [114.3410843, 30.5557864], [114.3412022, 30.5557287], [114.3414921, 30.5555871], [114.3415901, 30.5557325]]]}, "properties": {"id": 20410, "block_id": 20410, "area_sqm": 962, "poi_count": 0, "dominant_category": null, "category_entropy": null, "street_block_id": 16989}}, {"type": "Feature", "geometry": {"type": "Polygon", "coordinates": [[[114.3472947, 30.5556903], [114.347276, 30.5559836], [114.3471276, 30.5559785], [114.3471405, 30.5556861], [114.3472947, 30.5556903]]]}, "properties": {"id": 20412, "block_id": 20412, "area_sqm": 472, "poi_count": 0, "dominant_category": null, "category_entropy": null, "street_block_id": null}}, {"type": "Feature", "geometry": {"type": "Polygon", "coordinates": [[[114.347449, 30.5556945], [114.3474339, 30.555989], [114.347276, 30.5559836], [114.3472947, 30.5556903], [114.347449, 30.5556945]]]}, "properties": {"id": 20413, "block_id": 20413, "area_sqm": 489, "poi_count": 0, "dominant_category": null, "category_entropy": null, "street_block_id": null}}, {"type": "Feature", "geometry": {"type": "Polygon", "coordinates": [[[114.3478122, 30.555762], [114.3477956, 30.5560004], [114.3476452, 30.5559962], [114.3474339, 30.555989], [114.347449, 30.5556945], [114.3475479, 30.5556972], [114.3475681, 30.5556403], [114.3476122, 30.5555834], [114.347664, 30.5555438], [114.3477718, 30.5555486], [114.3478544, 30.5555944], [114.3478967, 30.5556497], [114.3479205, 30.5557193], [114.3479003, 30.5557209], [114.3478361, 30.5557193], [114.3478122, 30.555762]]]}, "properties": {"id": 20415, "block_id": 20415, "area_sqm": 1628, "poi_count": 0, "dominant_category": null, "category_entropy": null, "street_block_id": null}}, {"type": "Feature", "geometry": {"type": "Polygon", "coordinates": [[[114.3479437, 30.5557208], [114.3479242, 30.5560039], [114.3477956, 30.5560004], [114.3478122, 30.555762], [114.3478361, 30.5557193], [114.3479003, 30.5557209], [114.3479205, 30.5557193], [114.3479437, 30.5557208]]]}, "properties": {"id": 20416, "block_id": 20416, "area_sqm": 382, "poi_count": 0, "dominant_category": null, "category_entropy": null, "street_block_id": null}}, {"type": "Feature", "geometry": {"type": "Polygon", "coordinates": [[[114.3530012, 30.5558356], [114.3530062, 30.5560052], [114.3529322, 30.5558497], [114.3528243, 30.5555933], [114.3529051, 30.5556545], [114.3529934, 30.5556981], [114.352999406, 30.555699421], [114.353032366, 30.555764254], [114.3530012, 30.5558356]]]}, "properties": {"id": 20418, "block_id": 20418, "area_sqm": 302, "poi_count": 0, "dominant_category": null, "category_entropy": null, "street_block_id": null}}, {"type": "Feature", "geometry": {"type": "Polygon", "coordinates": [[[114.3424206, 30.5559046], [114.3421992, 30.5560518], [114.3420453, 30.5558945], [114.3421146, 30.5559345], [114.3421697, 30.5559574], [114.3422458, 30.5559606], [114.3422945, 30.5559554], [114.3424206, 30.5559046]]]}, "properties": {"id": 20432, "block_id": 20432, "area_sqm": 148, "poi_count": 0, "dominant_category": null, "category_entropy": null, "street_block_id": null}}, {"type": "Feature", "geometry": {"type": "Polygon", "coordinates": [[[114.3476452, 30.5559962], [114.34764, 30.5561085], [114.3473203, 30.5561002], [114.3469546, 30.5560881], [114.3469595, 30.5559724], [114.3471276, 30.5559785], [114.347276, 30.5559836], [114.3474339, 30.555989], [114.3476452, 30.5559962]]]}, "properties": {"id": 20445, "block_id": 20445, "area_sqm": 836, "poi_count": 0, "dominant_category": null, "category_entropy": null, "street_block_id": null}}, {"type": "Feature", "geometry": {"type": "Polygon", "coordinates": [[[114.3481389, 30.5560099], [114.3481316, 30.5561306], [114.34764, 30.5561085], [114.3476452, 30.5559962], [114.3477956, 30.5560004], [114.3479242, 30.5560039], [114.3481389, 30.5560099]]]}, "properties": {"id": 20446, "block_id": 20446, "area_sqm": 612, "poi_count": 0, "dominant_category": null, "category_entropy": null, "street_block_id": null}}, {"type": "Feature", "geometry": {"type": "Polygon", "coordinates": [[[114.3530401, 30.5560088], [114.3530846, 30.5561575], [114.3530062, 30.5560052], [114.3530012, 30.5558356], [114.353032366, 30.555764254], [114.353108666, 30.555914334], [114.3530738, 30.5559429], [114.3530401, 30.5560088]]]}, "properties": {"id": 20454, "block_id": 20454, "area_sqm": 186, "poi_count": 0, "dominant_category": null, "category_entropy": null, "street_block_id": null}}, {"type": "Feature", "geometry": {"type": "Polygon", "coordinates": [[[114.3362712, 30.5560642], [114.3359954, 30.5561849], [114.335956, 30.5561024], [114.336339, 30.555937], [114.3405527, 30.5541146], [114.340588, 30.5541769], [114.3401111, 30.5543841], [114.3362712, 30.5560642]]]}, "properties": {"id": 20461, "block_id": 20461, "area_sqm": 4294, "poi_count": 1, "dominant_category": "政府机构及社会团体", "category_entropy": 0.0, "street_block_id": null}}, {"type": "Feature", "geometry": {"type": "Polygon", "coordinates": [[[114.34764, 30.5561085], [114.3476346, 30.5562283], [114.3473368, 30.556214], [114.3469499, 30.556201], [114.3469546, 30.5560881], [114.3473203, 30.5561002], [114.34764, 30.5561085]]]}, "properties": {"id": 20467, "block_id": 20467, "area_sqm": 836, "poi_count": 0, "dominant_category": null, "category_entropy": null, "street_block_id": null}}, {"type": "Feature", "geometry": {"type": "Polygon", "coordinates": [[[114.3481316, 30.5561306], [114.3481246, 30.5562476], [114.3476346, 30.5562283], [114.34764, 30.5561085], [114.3481316, 30.5561306]]]}, "properties": {"id": 20470, "block_id": 20470, "area_sqm": 619, "poi_count": 0, "dominant_category": null, "category_entropy": null, "street_block_id": null}}, {"type": "Feature", "geometry": {"type": "Polygon", "coordinates": [[[114.3422811, 30.5561356], [114.3423832, 30.5562484], [114.3422892, 30.5562326], [114.3422329, 30.5562303], [114.3421481, 30.5562401], [114.3422811, 30.5561356]]]}, "properties": {"id": 20471, "block_id": 20471, "area_sqm": 117, "poi_count": 0, "dominant_category": null, "category_entropy": null, "street_block_id": null}}, {"type": "Feature", "geometry": {"type": "Polygon", "coordinates": [[[114.3476346, 30.5562283], [114.3476287, 30.5563578], [114.3469441, 30.5563373], [114.3469499, 30.556201], [114.3473368, 30.556214], [114.3476346, 30.5562283]]]}, "properties": {"id": 20488, "block_id": 20488, "area_sqm": 978, "poi_count": 0, "dominant_category": null, "category_entropy": null, "street_block_id": null}}, {"type": "Feature", "geometry": {"type": "Polygon", "coordinates": [[[114.3481246, 30.5562476], [114.3481169, 30.5563755], [114.3477351, 30.556361], [114.3476287, 30.5563578], [114.3476346, 30.5562283], [114.3481246, 30.5562476]]]}, "properties": {"id": 20490, "block_id": 20490, "area_sqm": 669, "poi_count": 0, "dominant_category": null, "category_entropy": null, "street_block_id": null}}, {"type": "Feature", "geometry": {"type": "Polygon", "coordinates": [[[114.3617679, 30.5400955], [114.3617688, 30.5401678], [114.3617214, 30.5401556], [114.3612961, 30.5401121], [114.3604125, 30.5400216], [114.3600618, 30.5399167], [114.3600301, 30.5396763], [114.3596385, 30.5395724], [114.3594983, 30.5396225], [114.3591912, 30.5394351], [114.3591679, 30.5394209], [114.3589426, 30.5393655], [114.3587524, 30.5393381], [114.3588331, 30.5390602], [114.3589163, 30.5387735], [114.3589823, 30.5385462], [114.3590658, 30.5385802], [114.359259, 30.5387372], [114.3594843, 30.5389405], [114.3599456, 30.5392178], [114.3604123, 30.5393748], [114.3604342, 30.5393765], [114.3617811, 30.539515], [114.3617627, 30.5396901], [114.3617643, 30.5398116], [114.3617679, 30.5400955]]]}, "properties": {"id": 18591, "block_id": 18591, "area_sqm": 19950, "poi_count": 21, "dominant_category": "科教文化服务", "category_entropy": 0.685, "street_block_id": 2449}}, {"type": "Feature", "geometry": {"type": "Polygon", "coordinates": [[[114.3519683, 30.55488], [114.3518268, 30.5570742], [114.3513773, 30.5570522], [114.3509792, 30.5570326], [114.3510787, 30.5559092], [114.3511066, 30.5555941], [114.3511723, 30.5548522], [114.3519683, 30.55488]]]}, "properties": {"id": 20587, "block_id": 20587, "area_sqm": 19181, "poi_count": 18, "dominant_category": "商务住宅", "category_entropy": 2.033, "street_block_id": null}}, {"type": "Feature", "geometry": {"type": "Polygon", "coordinates": [[[114.344616, 30.5584345], [114.3443909, 30.5584781], [114.3439939, 30.5580372], [114.3439549, 30.5579939], [114.3443997, 30.5582393], [114.3445601, 30.558304], [114.3446807, 30.5583578], [114.3448483, 30.5584325], [114.344616, 30.5584345]]]}, "properties": {"id": 20762, "block_id": 20762, "area_sqm": 1114, "poi_count": 0, "dominant_category": null, "category_entropy": null, "street_block_id": 3607}}, {"type": "Feature", "geometry": {"type": "Polygon", "coordinates": [[[114.3439451, 30.5586553], [114.3438365, 30.5587129], [114.3439146, 30.5585202], [114.3439711, 30.5583974], [114.3440008, 30.5582285], [114.3439939, 30.5580372], [114.3443909, 30.5584781], [114.3441087, 30.5585684], [114.3439451, 30.5586553]]]}, "properties": {"id": 20785, "block_id": 20785, "area_sqm": 1460, "poi_count": 1, "dominant_category": "地名地址信息", "category_entropy": 0.0, "street_block_id": 17131}}, {"type": "Feature", "geometry": {"type": "Polygon", "coordinates": [[[114.3382918, 30.5588916], [114.338212617, 30.558949425], [114.3382035, 30.558925], [114.338214, 30.5588792], [114.3382376, 30.5588357], [114.3397923, 30.5577022], [114.3405445, 30.5572459], [114.338591, 30.5586731], [114.3382918, 30.5588916]]]}, "properties": {"id": 20836, "block_id": 20836, "area_sqm": 1959, "poi_count": 0, "dominant_category": null, "category_entropy": null, "street_block_id": null}}, {"type": "Feature", "geometry": {"type": "Polygon", "coordinates": [[[114.3600668, 30.5591101], [114.3600608, 30.5593213], [114.3599754, 30.559171], [114.359853, 30.5590438], [114.3595731, 30.5588434], [114.3596628, 30.558851], [114.359745, 30.5588425], [114.3598231, 30.5588265], [114.3598874, 30.5588129], [114.3599767, 30.5587718], [114.3600717, 30.5586951], [114.360078, 30.5587652], [114.3600749, 30.5589191], [114.3600668, 30.5591101]]]}, "properties": {"id": 20916, "block_id": 20916, "area_sqm": 1231, "poi_count": 0, "dominant_category": null, "category_entropy": null, "street_block_id": null}}, {"type": "Feature", "geometry": {"type": "Polygon", "coordinates": [[[114.340036516, 30.56131507], [114.339977138, 30.561354005], [114.3383301, 30.559554], [114.338055759, 30.559266664], [114.338120155, 30.559228009], [114.338391, 30.5595118], [114.340036516, 30.56131507]]]}, "properties": {"id": 21219, "block_id": 21219, "area_sqm": 2170, "poi_count": 0, "dominant_category": null, "category_entropy": null, "street_block_id": null}}, {"type": "Feature", "geometry": {"type": "Polygon", "coordinates": [[[114.3814505, 30.5830797], [114.381166127, 30.583249191], [114.3787758, 30.5830942], [114.3787313, 30.5830004], [114.3786554, 30.5828554], [114.3785726, 30.5827138], [114.3784938, 30.5826154], [114.378386, 30.5825047], [114.3783025, 30.5824331], [114.3782324, 30.582387], [114.37814, 30.5823368], [114.3780104, 30.5822877], [114.3771736, 30.5820267], [114.3766371, 30.5818882], [114.3762268, 30.5817543], [114.3760363, 30.5815926], [114.3757547, 30.5813248], [114.3754972, 30.5811769], [114.3753497, 30.581117], [114.3748749, 30.58105], [114.3742163, 30.5810058], [114.3733541, 30.5809576], [114.3731461, 30.5809804], [114.3728472, 30.5810892], [114.3725307, 30.5811932], [114.3721752, 30.581165], [114.3719432, 30.5810999], [114.3717608, 30.5809844], [114.3716428, 30.5808736], [114.3715623, 30.5807165], [114.3714604, 30.5803933], [114.371396, 30.5800746], [114.3712887, 30.5797652], [114.3711761, 30.5794557], [114.3710902, 30.5791555], [114.3710426, 30.5790427], [114.3709869, 30.5789365], [114.3700899, 30.5775574], [114.3700324, 30.577478], [114.3699663, 30.5774026], [114.3698772, 30.5773232], [114.3695674, 30.577042], [114.369494, 30.5769722], [114.3694344, 30.5769024], [114.369379, 30.5768235], [114.3691945, 30.5765006], [114.3690964, 30.57633], [114.3696951, 30.5761224], [114.369895, 30.5760608], [114.3701312, 30.5760199], [114.3704919, 30.5759837], [114.3712217, 30.5759805], [114.3713101, 30.5759863], [114.3717061, 30.5760526], [114.3721495, 30.5760299], [114.3725304, 30.575896], [114.3732202, 30.5755935], [114.3734638, 30.5755357], [114.3736601, 30.5755288], [114.3740571, 30.5756397], [114.374336, 30.5757089], [114.3745206, 30.5756881], [114.3747169, 30.5756073], [114.3748156, 30.5755173], [114.375867, 30.5757205], [114.3760655, 30.5756604], [114.3762104, 30.5755865], [114.3764786, 30.5753325], [114.3764571, 30.5752679], [114.3761835, 30.5751801], [114.3756525, 30.5750554], [114.3752448, 30.5749723], [114.3747008, 30.5747344], [114.3741558, 30.574455], [114.37392, 30.5741788], [114.3735762, 30.5738133], [114.3733442, 30.5736058], [114.3730704, 30.5733365], [114.3729087, 30.5730353], [114.3725598, 30.5724075], [114.3723625, 30.572399], [114.3722729, 30.572238], [114.372204, 30.5721957], [114.3721227, 30.5721457], [114.3719484, 30.5720603], [114.3707044, 30.571144], [114.3703846, 30.5709125], [114.3702451, 30.5707508], [114.3701647, 30.5705337], [114.3700842, 30.5703074], [114.3699555, 30.5701226], [114.3697892, 30.5699748], [114.3698301, 30.5698784], [114.369934, 30.5697064], [114.3704585, 30.5688938], [114.3704706, 30.5688734], [114.3705897, 30.5686733], [114.3706058, 30.5686474], [114.3707838, 30.5683321], [114.3709526, 30.568028], [114.3711197, 30.5677963], [114.3711759, 30.5677936], [114.3712418, 30.5677772], [114.371274, 30.5677629], [114.3712999, 30.5677514], [114.3713638, 30.5676854], [114.3714039, 30.5675696], [114.3714307, 30.5673051], [114.3714294, 30.5672462], [114.3714253, 30.5670603], [114.3713931, 30.5668941], [114.3712858, 30.5667647], [114.3710552, 30.5667647], [114.3708674, 30.5667924], [114.3708191, 30.5666215], [114.3707877, 30.5663173], [114.3706992, 30.5660552], [114.3705563, 30.5657116], [114.3706743, 30.5655869], [114.3706367, 30.5653282], [114.3705724, 30.5650003], [114.3704007, 30.5645984], [114.3702827, 30.5642704], [114.370272, 30.5640441], [114.3701754, 30.5638732], [114.3701057, 30.5635545], [114.3701754, 30.5634067], [114.3701357, 30.5629748], [114.370007, 30.5628362], [114.369875, 30.5626584], [114.3697141, 30.5622935], [114.3692849, 30.5616699], [114.3692402, 30.5615935], [114.3690918, 30.5617946], [114.3688772, 30.5622796], [114.3687324, 30.562663], [114.3686819, 30.5628628], [114.3685919, 30.562907], [114.3684104, 30.5630011], [114.3681489, 30.563172], [114.3677573, 30.5634557], [114.3677106, 30.5635363], [114.3675663, 30.5638023], [114.3673429, 30.5640461], [114.3670746, 30.5644031], [114.3670055, 30.5644819], [114.3668266, 30.5645817], [114.3663022, 30.5647742], [114.3662025, 30.5648285], [114.3661558, 30.5649072], [114.3660558, 30.5650856], [114.3659834, 30.5650186], [114.3658156, 30.5649513], [114.3656106, 30.5649147], [114.3654443, 30.5649124], [114.3652243, 30.5649424], [114.3651492, 30.5649655], [114.3650607, 30.5649839], [114.3649937, 30.5649886], [114.3649212, 30.5649655], [114.3647133, 30.5648716], [114.3646482, 30.564779], [114.3646286, 30.5647139], [114.3646286, 30.5646307], [114.3646447, 30.5645892], [114.3648249, 30.5644021], [114.3649987, 30.5640764], [114.3651168, 30.5638224], [114.3651813, 30.5637183], [114.3654835, 30.5635928], [114.3656442, 30.5636632], [114.3660341, 30.5637175], [114.3664675, 30.5636301], [114.3668071, 30.5634922], [114.3670538, 30.5633487], [114.3672813, 30.5631335], [114.3674062, 30.5629129], [114.367435, 30.5626729], [114.3674318, 30.5625018], [114.3673742, 30.5623694], [114.36723, 30.5622122], [114.367041, 30.5621129], [114.3669545, 30.5620494], [114.3669118, 30.5619981], [114.367014, 30.5619725], [114.3670634, 30.5619402], [114.3670504, 30.5618439], [114.3670566, 30.5617617], [114.3670689, 30.5616688], [114.3671213, 30.5615627], [114.367223, 30.5614406], [114.367355, 30.5613395], [114.367434, 30.5612619], [114.3674555, 30.5612139], [114.3674786, 30.5611624], [114.3674804, 30.561102], [114.3674664, 30.5610188], [114.3674448, 30.5608941], [114.3673986, 30.5607933], [114.3673498, 30.5607246], [114.3672752, 30.5606542], [114.3671662, 30.5606062], [114.3669992, 30.5605632], [114.3668841, 30.5605651], [114.3667238, 30.5605293], [114.3667185, 30.5605582], [114.3667185, 30.5606329], [114.3667521, 30.5606893], [114.3668052, 30.5607121], [114.3668866, 30.5607121], [114.3669664, 30.5606797], [114.3670042, 30.5607323], [114.3671429, 30.5609286], [114.3671182, 30.5610506], [114.3670751, 30.5612523], [114.3670335, 30.5613345], [114.3669857, 30.5614114], [114.3666842, 30.5617022], [114.3665694, 30.5616694], [114.3664677, 30.5616537], [114.3663582, 30.5616649], [114.36622, 30.5616559], [114.3660818, 30.5616222], [114.3659044, 30.5615526], [114.3657349, 30.5614022], [114.3653682, 30.5610845], [114.3653123, 30.5610458], [114.3652104, 30.5610098], [114.3650929, 30.5609806], [114.3649466, 30.5609716], [114.3647403, 30.5609918], [114.3645653, 30.5610255], [114.3643564, 30.5610885], [114.3641344, 30.5611852], [114.3639933, 30.5612549], [114.3638889, 30.5613336], [114.3638314, 30.5613786], [114.3637061, 30.5614888], [114.363565, 30.5616215], [114.3634658, 30.5616957], [114.3633991, 30.5617383], [114.3633744, 30.5617542], [114.3632151, 30.5618059], [114.3630845, 30.5618329], [114.3629382, 30.5618396], [114.3628887, 30.5618375], [114.3626849, 30.5618284], [114.3624446, 30.5617992], [114.3621913, 30.5617519], [114.3619374, 30.5616757], [114.3615109, 30.5615395], [114.3613956, 30.5615002], [114.361189, 30.5614124], [114.3610496, 30.5613408], [114.3605789, 30.561032], [114.360179, 30.5597181], [114.3600608, 30.5593213], [114.3600668, 30.5591101], [114.3600749, 30.5589191], [114.360078, 30.5587652], [114.3600717, 30.5586951], [114.3600935, 30.5583139], [114.3602331, 30.5577891], [114.3604087, 30.5572971], [114.36062, 30.5564203], [114.3606982, 30.5558451], [114.360703, 30.5558098], [114.3607289, 30.5558087], [114.3607597, 30.5557986], [114.3607853, 30.5557809], [114.3608034, 30.5557571], [114.360812, 30.5557298], [114.3608104, 30.5557015], [114.3607987, 30.555675], [114.3607781, 30.5556529], [114.3607506, 30.5556373], [114.3607188, 30.5556299], [114.3606992, 30.5556307], [114.3606859, 30.5556313], [114.3606551, 30.5556413], [114.3606295, 30.5556591], [114.3606114, 30.5556828], [114.3606028, 30.5557102], [114.3606034, 30.5557208], [114.3605411, 30.5557234], [114.3591866, 30.55578], [114.3591061, 30.5558447], [114.3585241, 30.5566323], [114.3582398, 30.5569949], [114.3581365, 30.5570475], [114.3580279, 30.5570827], [114.3579226, 30.5571018], [114.3577945, 30.5571104], [114.3576866, 30.5571023], [114.3575343, 30.5570781], [114.3570033, 30.5569441], [114.3567029, 30.5568402], [114.3565352, 30.5567755], [114.3563327, 30.556682], [114.3562898, 30.5566462], [114.3562549, 30.5566081], [114.3562053, 30.5565353], [114.3561651, 30.5564706], [114.3561262, 30.5563436], [114.3561088, 30.5562755], [114.3561141, 30.556175], [114.356149, 30.5560584], [114.3562724, 30.5555364], [114.3564561, 30.5551991], [114.3565787, 30.5550231], [114.3566157, 30.5549127], [114.3566483, 30.554602], [114.3567103, 30.554351], [114.3567676, 30.5541529], [114.3567802, 30.5540698], [114.3567572, 30.5538311], [114.3567263, 30.5536894], [114.3566827, 30.5535349], [114.3566492, 30.5534437], [114.3566009, 30.5533398], [114.3565178, 30.5532254], [114.3564601, 30.5531769], [114.3563703, 30.5531261], [114.3563099, 30.5530972], [114.3562469, 30.5530868], [114.356157, 30.5530787], [114.3556555, 30.5530874], [114.3554999, 30.5530966], [114.3554288, 30.5531053], [114.3553752, 30.5531209], [114.3552424, 30.5532], [114.3552223, 30.5532601], [114.3552142, 30.5533617], [114.3552384, 30.5542209], [114.3552907, 30.5546044], [114.3552867, 30.5549451], [114.3552692, 30.555019], [114.355233, 30.5551033], [114.3551753, 30.5551679], [114.3546899, 30.5555987], [114.3543935, 30.5555421], [114.3540287, 30.5554948], [114.3538155, 30.5555086], [114.3533018, 30.5555641], [114.3531113, 30.5556167], [114.3529769, 30.5554515], [114.3529681, 30.5554408], [114.352945807, 30.555408085], [114.3527073, 30.554536], [114.3523942, 30.5536701], [114.3520429, 30.552764], [114.3518267, 30.5523095], [114.3516846, 30.5520702], [114.351411, 30.5516795], [114.3509212, 30.5511093], [114.3503515, 30.5504565], [114.34981, 30.5499089], [114.3491745, 30.5492717], [114.3487484, 30.5488084], [114.3485605, 30.5485427], [114.348445652, 30.548244033], [114.348697, 30.5482004], [114.349278, 30.5480591], [114.349852, 30.5479241], [114.3500728, 30.5478987], [114.3502501, 30.5478828], [114.3506456, 30.5478712], [114.3510977, 30.5478528], [114.3516171, 30.5478598], [114.3519501, 30.5478263], [114.3520524, 30.5477844], [114.3521216, 30.547733], [114.3522002, 30.5476971], [114.3523544, 30.5476844], [114.352544, 30.547704], [114.3530918, 30.547892], [114.3532843, 30.5479548], [114.3535239, 30.5480087], [114.3536508, 30.5480325], [114.3540737, 30.5480705], [114.3544287, 30.5480534], [114.3547469, 30.5479714], [114.3548597, 30.5479379], [114.35538, 30.5477834], [114.3558857, 30.5475922], [114.3563412, 30.5474804], [114.3563638, 30.5474773], [114.3566089, 30.5474438], [114.3567109, 30.5474384], [114.3570035, 30.5474231], [114.3575847, 30.5473933], [114.3581518, 30.5474343], [114.3586747, 30.5475372], [114.3590196, 30.5476354], [114.3593713, 30.5479065], [114.3595525, 30.5480114], [114.3597132, 30.5480531], [114.3598918, 30.5480705], [114.3600424, 30.5480604], [114.3602946, 30.5480267], [114.3604725, 30.5479375], [114.3606341, 30.5478536], [114.3611107, 30.5475712], [114.3619154, 30.5471084], [114.3620789, 30.5470361], [114.3627593, 30.546813], [114.3630356, 30.546712], [114.3635443, 30.5464611], [114.3640628, 30.546168], [114.3644283, 30.5460114], [114.3647277, 30.5459217], [114.3649993, 30.5458417], [114.3651298, 30.5458034], [114.3656721, 30.5456775], [114.3660233, 30.5455557], [114.3665296, 30.5453674], [114.366573, 30.5453513], [114.3668699, 30.5451815], [114.3673082, 30.5448875], [114.3676933, 30.5446385], [114.3678082, 30.5445267], [114.3679531, 30.5441099], [114.3680536, 30.5437588], [114.3683538, 30.5437615], [114.3685499, 30.5437727], [114.3685877, 30.5434706], [114.3685972, 30.5434706], [114.3691112, 30.5435077], [114.3691453, 30.5432291], [114.3686368, 30.5431908], [114.368628, 30.5431899], [114.3686841, 30.5428937], [114.3684608, 30.5428738], [114.3682473, 30.5428535], [114.3682517, 30.5427542], [114.3683229, 30.5425632], [114.3684317, 30.5423166], [114.3685931, 30.5419525], [114.3688566, 30.5413899], [114.3690972, 30.540729], [114.3691936, 30.5405728], [114.3692748, 30.5404456], [114.369577, 30.5401401], [114.3697452, 30.5400247], [114.3701039, 30.5397743], [114.370119, 30.5397574], [114.3703838, 30.5394599], [114.3706537, 30.5392216], [114.3708576, 30.5390346], [114.3711658, 30.5387518], [114.3716658, 30.5382874], [114.3718018, 30.5381011], [114.3719034, 30.5378976], [114.3719778, 30.5376981], [114.3720022, 30.5375394], [114.3720043, 30.5374848], [114.3720083, 30.5371973], [114.3720118, 30.5368835], [114.3720497, 30.5367902], [114.3720997, 30.5367754], [114.372401, 30.536754], [114.3726379, 30.5367421], [114.376718, 30.536469], [114.3768298, 30.5364615], [114.3771224, 30.5364419], [114.3771285, 30.5365194], [114.3773515, 30.5368059], [114.3774745, 30.5370466], [114.3775482, 30.5371888], [114.3779028, 30.5373823], [114.3783933, 30.5374322], [114.378609, 30.537516], [114.379204, 30.538322], [114.379387, 30.538452], [114.379784, 30.538614], [114.380852, 30.538828], [114.381653, 30.53875], [114.382248, 30.538763], [114.383583, 30.539062], [114.384155, 30.539059], [114.384506, 30.539003], [114.38578, 30.538553], [114.386086, 30.538382], [114.386452, 30.538013], [114.3865621, 30.5379592], [114.3867309, 30.5379526], [114.3868624, 30.5380149], [114.3871707, 30.5381787], [114.3878171, 30.5385136], [114.388324, 30.5387631], [114.3886888, 30.5389456], [114.3891039, 30.5391323], [114.3893936, 30.5392247], [114.3895062, 30.5392339], [114.3895605, 30.5392852], [114.3896135, 30.5393471], [114.3895793, 30.539567], [114.3895096, 30.540103], [114.3894499, 30.5406685], [114.3894043, 30.5411467], [114.3893561, 30.5420153], [114.3893748, 30.5422116], [114.3896376, 30.5430733], [114.3897484, 30.5433071], [114.3899676, 30.5435191], [114.3901778, 30.5436615], [114.3902531, 30.5437107], [114.3908954, 30.5440941], [114.3910324, 30.5442099], [114.3913604, 30.5443905], [114.3916442, 30.5444924], [114.3921113, 30.5446284], [114.3929207, 30.5449098], [114.3931842, 30.5449911], [114.3934411, 30.5450819], [114.394039, 30.5452568], [114.3941485, 30.5452931], [114.3946025, 30.5454202], [114.3947868, 30.5454825], [114.394929, 30.54562], [114.3951013, 30.5457345], [114.3952623, 30.545813], [114.3954828, 30.5458873], [114.3958986, 30.546026], [114.3962546, 30.5461225], [114.3964646, 30.5461692], [114.3966603, 30.5462154], [114.3970251, 30.5463378], [114.3973611, 30.5464759], [114.3975804, 30.5465758], [114.39777, 30.5466583], [114.3977131, 30.5468433], [114.3978982, 30.5470951], [114.3983756, 30.5473954], [114.3985312, 30.5476102], [114.3985741, 30.5479244], [114.3989812, 30.5478597], [114.398987803, 30.548001669], [114.3987597, 30.5483662], [114.3985992, 30.5487733], [114.3985142, 30.5490566], [114.3984242, 30.5495066], [114.398327, 30.5501093], [114.3983063, 30.5505383], [114.3983661, 30.5534792], [114.3983624, 30.5544892], [114.3983895, 30.5552854], [114.3984419, 30.5565018], [114.3984581, 30.5570746], [114.3983885, 30.5617267], [114.3983517, 30.5620309], [114.3983111, 30.5622922], [114.39827945, 30.562405748], [114.3979599, 30.562446], [114.3976053, 30.5624885], [114.3969978, 30.5625751], [114.3966464, 30.5626698], [114.3963514, 30.5627829], [114.3961073, 30.5629446], [114.3958793, 30.5631595], [114.3956847, 30.5633716], [114.3942191, 30.5648777], [114.3940635, 30.5650024], [114.393873, 30.5651964], [114.3937282, 30.5653743], [114.3936718, 30.5655221], [114.3936462, 30.5656972], [114.3936772, 30.5661341], [114.3937201, 30.5666676], [114.3936933, 30.5670209], [114.3936531, 30.5672011], [114.3935404, 30.5674898], [114.3932615, 30.5678639], [114.3927572, 30.5684436], [114.392379, 30.5689054], [114.392294, 30.5689872], [114.392151, 30.5691248], [114.3918318, 30.5693142], [114.3916199, 30.5694112], [114.3913628, 30.5694881], [114.3912954, 30.5695082], [114.3910081, 30.5695931], [114.3906383, 30.569686], [114.3904492, 30.5697368], [114.3892975, 30.5700463], [114.3891255, 30.5700925], [114.3885488, 30.5702611], [114.3882457, 30.570365], [114.3877227, 30.5706121], [114.3871675, 30.5708846], [114.386741, 30.5711086], [114.3864297, 30.571317], [114.3863108, 30.5714459], [114.3862533, 30.5715533], [114.3862294, 30.5716344], [114.3862145, 30.5718448], [114.3862414, 30.5722248], [114.3863294, 30.5728688], [114.3863705, 30.5731672], [114.3863772, 30.573216], [114.3864019, 30.5734682], [114.3864557, 30.5737361], [114.386559252, 30.574173309], [114.3865185, 30.5742314], [114.3862494, 30.5746546], [114.3860046, 30.5751759], [114.3853301, 30.5769808], [114.3849615, 30.577978], [114.3844594, 30.5793467], [114.3841668, 30.5799209], [114.3838726, 30.5804484], [114.3833462, 30.581174], [114.3823928, 30.5822709], [114.3817998, 30.5828234], [114.3814505, 30.5830797]], [[114.390245, 30.5693991], [114.3903187, 30.5693999], [114.3903566, 30.5693423], [114.3903764, 30.5692921], [114.3903413, 30.5692368], [114.3902035, 30.569196], [114.3901706, 30.5692486], [114.3901555, 30.5693034], [114.3901793, 30.5693761], [114.390245, 30.5693991]]]}, "properties": {"id": 24000, "block_id": 24000, "area_sqm": 12820492, "poi_count": 255, "dominant_category": "风景名胜", "category_entropy": 2.327, "street_block_id": 38385}}, {"type": "Feature", "geometry": {"type": "Polygon", "coordinates": [[[114.3636311, 30.5334562], [114.3636108, 30.5336165], [114.3629337, 30.5335307], [114.362966, 30.5333731], [114.3636311, 30.5334562]]]}, "properties": {"id": 17699, "block_id": 17699, "area_sqm": 1158, "poi_count": 3, "dominant_category": "医疗保健服务", "category_entropy": 1.099, "street_block_id": 2469}}, {"type": "Feature", "geometry": {"type": "Polygon", "coordinates": [[[114.3424625, 30.5303992], [114.3422983, 30.5304467], [114.3422553, 30.5303382], [114.3420536, 30.5297809], [114.3419262, 30.5294962], [114.3417386, 30.5290766], [114.3415744, 30.5285517], [114.3414692, 30.5282038], [114.3414319, 30.5281777], [114.3413805, 30.5281556], [114.3413221, 30.5281415], [114.3412637, 30.5281435], [114.3401056, 30.5284834], [114.3400495, 30.5284794], [114.3399935, 30.5284532], [114.3399631, 30.528411], [114.3389147, 30.5258857], [114.3360865, 30.5267161], [114.3359178, 30.5262136], [114.335869, 30.5258458], [114.3359157, 30.5255009], [114.3360197, 30.525016], [114.338161, 30.5244156], [114.3387189, 30.5240644], [114.3392982, 30.5238703], [114.3394808, 30.5238761], [114.3394646, 30.5250979], [114.3394681, 30.5252076], [114.3403725, 30.5252156], [114.340369, 30.5250951], [114.3403812, 30.5239049], [114.3395823, 30.5238799], [114.3396038, 30.5234514], [114.3400205, 30.523463], [114.3400566, 30.5228964], [114.3402437, 30.5229013], [114.3402797, 30.5224007], [114.3400887, 30.5223922], [114.3396463, 30.5223726], [114.3397279, 30.5208168], [114.3407591, 30.5204389], [114.3408685, 30.5211052], [114.341035, 30.5220014], [114.3410405, 30.5220593], [114.3417324, 30.5220522], [114.341778, 30.5220615], [114.341819, 30.522082], [114.3418084, 30.5229784], [114.3418048, 30.5231278], [114.3417836, 30.5235211], [114.3417765, 30.5239204], [114.3426109, 30.5239379], [114.3425947, 30.5246254], [114.3425896, 30.524838], [114.3425701, 30.5252908], [114.3435563, 30.5252845], [114.3452842, 30.5253107], [114.3453165, 30.5248548], [114.3453706, 30.5240502], [114.3454353, 30.5240528], [114.3454983, 30.5240494], [114.3455073, 30.5241163], [114.3455312, 30.5241804], [114.3455692, 30.5242393], [114.3456277, 30.5242973], [114.3456998, 30.5243427], [114.3457817, 30.5243732], [114.3458641, 30.5243879], [114.3459001, 30.5244791], [114.3465295, 30.5260568], [114.3467534, 30.5266392], [114.3469357, 30.5271126], [114.3471241, 30.5275938], [114.3473914, 30.5282705], [114.3474378, 30.528381], [114.3474247, 30.5285978], [114.3473986, 30.5287093], [114.3473498, 30.5287961], [114.3472789, 30.5288706], [114.3471195, 30.528974], [114.3454694, 30.529442], [114.3442493, 30.5298182], [114.3438139, 30.529974], [114.3435042, 30.5300984], [114.3432798, 30.5299636], [114.3428723, 30.5300797], [114.342762, 30.5301376], [114.3427595, 30.5303135], [114.3424625, 30.5303992]], [[114.3441309, 30.528419], [114.344208, 30.5284821], [114.3442426, 30.5283411], [114.3443003, 30.5282943], [114.3444544, 30.5282544], [114.3445356, 30.5282023], [114.3445746, 30.5281297], [114.34463, 30.5280023], [114.3446488, 30.5279563], [114.344664, 30.52787], [114.3446607, 30.5278206], [114.3446395, 30.5276735], [114.3445778, 30.5275118], [114.3445337, 30.5273669], [114.3444125, 30.5274038], [114.3442532, 30.5274418], [114.3440827, 30.5274868], [114.3438752, 30.5275382], [114.3437796, 30.5276122], [114.3437488, 30.5277316], [114.3437858, 30.5279094], [114.3438474, 30.5280687], [114.3439922, 30.5282889], [114.3441309, 30.528419]], [[114.3411569, 30.5267597], [114.3414881, 30.5267701], [114.3415288, 30.5262585], [114.3408003, 30.5262445], [114.3407916, 30.5264313], [114.3402709, 30.5264113], [114.3402228, 30.5264251], [114.3402185, 30.5263744], [114.3402522, 30.526179], [114.3393871, 30.5260695], [114.339463, 30.5263389], [114.3401729, 30.5264395], [114.3402228, 30.5264251], [114.3402327, 30.5264597], [114.3402698, 30.5265786], [114.3403389, 30.526664], [114.3404103, 30.5267312], [114.3407769, 30.5267452], [114.3411569, 30.5267597]], [[114.3425052, 30.5267533], [114.343106, 30.5267672], [114.3431167, 30.5261566], [114.3425336, 30.5261374], [114.3425052, 30.5267533]]]}, "properties": {"id": 17268, "block_id": 17268, "area_sqm": 462122, "poi_count": 595, "dominant_category": "餐饮服务", "category_entropy": 2.505, "street_block_id": 17089}}, {"type": "Feature", "geometry": {"type": "Polygon", "coordinates": [[[114.3550549, 30.5302526], [114.3550538, 30.5305573], [114.354711, 30.5305551], [114.3544629, 30.5304477], [114.354135, 30.5304435], [114.3541358, 30.5302664], [114.354866, 30.5302404], [114.3550549, 30.5302526]]]}, "properties": {"id": 17279, "block_id": 17279, "area_sqm": 2444, "poi_count": 2, "dominant_category": "商务住宅", "category_entropy": 0.693, "street_block_id": 3708}}, {"type": "Feature", "geometry": {"type": "Polygon", "coordinates": [[[114.3528933, 30.5306006], [114.3523449, 30.5306015], [114.3523485, 30.5305329], [114.3523476, 30.5302796], [114.3529072, 30.5302836], [114.3530257, 30.5302818], [114.3530249, 30.5304913], [114.3530214, 30.5306003], [114.3528933, 30.5306006]]]}, "properties": {"id": 17283, "block_id": 17283, "area_sqm": 2298, "poi_count": 1, "dominant_category": "商务住宅", "category_entropy": 0.0, "street_block_id": 3817}}, {"type": "Feature", "geometry": {"type": "Polygon", "coordinates": [[[114.3567757, 30.5321457], [114.3563146, 30.5321468], [114.3563069, 30.5316455], [114.3563082, 30.5313827], [114.3565674, 30.5313907], [114.3567673, 30.5313904], [114.3568446, 30.5315534], [114.3570833, 30.5315468], [114.3572502, 30.5315422], [114.3572506, 30.5314894], [114.3572525, 30.5312226], [114.3572529, 30.5311703], [114.3573146, 30.5311171], [114.3573161, 30.5309266], [114.3574519, 30.5309263], [114.3575465, 30.5309249], [114.3575436, 30.5309842], [114.3575031, 30.5318189], [114.3573464, 30.5319848], [114.3571994, 30.5320406], [114.3567757, 30.5321457]]]}, "properties": {"id": 17487, "block_id": 17487, "area_sqm": 9303, "poi_count": 3, "dominant_category": "风景名胜", "category_entropy": 0.637, "street_block_id": 3710}}, {"type": "Feature", "geometry": {"type": "Polygon", "coordinates": [[[114.3547, 30.5321515], [114.3541257, 30.5321533], [114.3541273, 30.53214], [114.3541283, 30.5319091], [114.355049, 30.5319049], [114.3550534, 30.5321499], [114.3547, 30.5321515]]]}, "properties": {"id": 17493, "block_id": 17493, "area_sqm": 2405, "poi_count": 1, "dominant_category": "商务住宅", "category_entropy": 0.0, "street_block_id": 3712}}, {"type": "Feature", "geometry": {"type": "Polygon", "coordinates": [[[114.354135, 30.5304435], [114.3541333, 30.530806], [114.3540395, 30.530806], [114.3540399, 30.5304199], [114.3533015, 30.5304242], [114.3532974, 30.5303134], [114.3532103, 30.5303158], [114.3531268, 30.5301753], [114.3531871, 30.5301303], [114.3531871, 30.5300898], [114.3533024, 30.5300902], [114.3533293, 30.53009], [114.3536601, 30.5300869], [114.3537857, 30.530085], [114.3541366, 30.5300798], [114.3541358, 30.5302664], [114.354135, 30.5304435]]]}, "properties": {"id": 17309, "block_id": 17309, "area_sqm": 3691, "poi_count": 4, "dominant_category": "生活服务", "category_entropy": 1.04, "street_block_id": 3819}}, {"type": "Feature", "geometry": {"type": "Polygon", "coordinates": [[[114.3530209, 30.5308574], [114.3530205, 30.530892], [114.3529026, 30.5308903], [114.3523461, 30.5308899], [114.3523449, 30.5306015], [114.3528933, 30.5306006], [114.3530214, 30.5306003], [114.3530209, 30.5308574]]]}, "properties": {"id": 17323, "block_id": 17323, "area_sqm": 2080, "poi_count": 2, "dominant_category": "地名地址信息", "category_entropy": 0.693, "street_block_id": 3817}}, {"type": "Feature", "geometry": {"type": "Polygon", "coordinates": [[[114.3550538, 30.5305573], [114.3550525, 30.5309248], [114.3541328, 30.530917], [114.3541333, 30.530806], [114.354135, 30.5304435], [114.3544629, 30.5304477], [114.354711, 30.5305551], [114.3550538, 30.5305573]]]}, "properties": {"id": 17327, "block_id": 17327, "area_sqm": 4099, "poi_count": 2, "dominant_category": "商务住宅", "category_entropy": 0.693, "street_block_id": 3708}}, {"type": "Feature", "geometry": {"type": "Polygon", "coordinates": [[[114.3556767, 30.5309219], [114.3550525, 30.5309248], [114.3550538, 30.5305573], [114.3550549, 30.5302526], [114.3550555, 30.5300664], [114.3550619, 30.5290667], [114.3563191, 30.5290648], [114.3563357, 30.5298168], [114.3563354, 30.5300149], [114.3563351, 30.5302233], [114.3563367, 30.5303765], [114.3563426, 30.5309216], [114.3557002, 30.5309197], [114.3556767, 30.5309219]]]}, "properties": {"id": 17328, "block_id": 17328, "area_sqm": 25217, "poi_count": 2, "dominant_category": "地名地址信息", "category_entropy": 0.693, "street_block_id": 3776}}, {"type": "Feature", "geometry": {"type": "Polygon", "coordinates": [[[114.3573161, 30.5309266], [114.3567161, 30.5309278], [114.3564735, 30.5309194], [114.3564004, 30.53092], [114.3563426, 30.5309216], [114.3563367, 30.5303765], [114.3563351, 30.5302233], [114.3563354, 30.5300149], [114.3563357, 30.5298168], [114.3563191, 30.5290648], [114.357242, 30.5290633], [114.3573124, 30.5290632], [114.3574136, 30.5291196], [114.3574505, 30.5292143], [114.3574549, 30.5293443], [114.3574458, 30.5296741], [114.3574606, 30.5300254], [114.3574713, 30.5301685], [114.3574766, 30.5302397], [114.3575235, 30.5304483], [114.3575465, 30.5309249], [114.3574519, 30.5309263], [114.3573161, 30.5309266]]]}, "properties": {"id": 17329, "block_id": 17329, "area_sqm": 22646, "poi_count": 9, "dominant_category": "科教文化服务", "category_entropy": 1.523, "street_block_id": 3777}}, {"type": "Feature", "geometry": {"type": "Polygon", "coordinates": [[[114.3540394, 30.530961], [114.3532969, 30.5309623], [114.3532984, 30.5308598], [114.3533015, 30.5304242], [114.3540399, 30.5304199], [114.3540395, 30.530806], [114.3540394, 30.530961]]]}, "properties": {"id": 17333, "block_id": 17333, "area_sqm": 4249, "poi_count": 8, "dominant_category": "生活服务", "category_entropy": 1.321, "street_block_id": 3704}}, {"type": "Feature", "geometry": {"type": "Polygon", "coordinates": [[[114.3774697, 30.5309731], [114.3773755, 30.5309765], [114.3772343, 30.5309672], [114.3768771, 30.5309183], [114.3766451, 30.5308905], [114.3764377, 30.5308701], [114.3762123, 30.5308583], [114.3732215, 30.5307898], [114.3730044, 30.5307846], [114.3726695, 30.5307376], [114.3724173, 30.5307103], [114.3721892, 30.5307037], [114.3703599, 30.5307129], [114.37029, 30.5307147], [114.370169, 30.5306879], [114.370085, 30.5306635], [114.3700128, 30.5306355], [114.369942, 30.5305907], [114.3698766, 30.530539], [114.3698101, 30.530473], [114.3697026, 30.5302967], [114.3694642, 30.5297945], [114.3693394, 30.5295558], [114.3690772, 30.5290541], [114.3688723, 30.5284602], [114.3687994, 30.5282484], [114.3685402, 30.5274364], [114.3682514, 30.5267502], [114.3677142, 30.5258372], [114.3676075, 30.5256676], [114.367339, 30.5252257], [114.3671336, 30.5246801], [114.3667764, 30.5240723], [114.3659982, 30.5230761], [114.3651239, 30.5220656], [114.3650791, 30.5219718], [114.3650564, 30.5218684], [114.3650517, 30.5217676], [114.3650722, 30.5216484], [114.3651258, 30.5215308], [114.3652109, 30.5214285], [114.3653553, 30.5213197], [114.3666865, 30.5210223], [114.3681851, 30.5207293], [114.3688259, 30.5205758], [114.3689385, 30.5205944], [114.3691684, 30.5205409], [114.3694053, 30.5204858], [114.3694749, 30.5204231], [114.3702694, 30.5202382], [114.3716239, 30.5199148], [114.3719892, 30.5198368], [114.3721253, 30.5201095], [114.3726584, 30.5218453], [114.3726684, 30.5218787], [114.3726666, 30.5219137], [114.3726586, 30.5219495], [114.3726431, 30.5219813], [114.3726208, 30.5220222], [114.3726161, 30.5220672], [114.3726293, 30.5221109], [114.372659, 30.5221482], [114.3726806, 30.5221615], [114.3726886, 30.5221903], [114.3726912, 30.5222199], [114.3726831, 30.5222534], [114.3726657, 30.5222812], [114.3726389, 30.5223112], [114.3725832, 30.5223481], [114.3722337, 30.5224258], [114.3703315, 30.5228488], [114.3702307, 30.5227249], [114.3690552, 30.5229818], [114.3692268, 30.5235022], [114.3692912, 30.5235114], [114.3704482, 30.5232387], [114.3706239, 30.5238256], [114.3713991, 30.5236482], [114.3718802, 30.5235381], [114.3720257, 30.5240104], [114.3723766, 30.5251494], [114.3736051, 30.5248726], [114.3733946, 30.5241491], [114.3732825, 30.5237609], [114.374086, 30.5235668], [114.3751641, 30.5233912], [114.3751695, 30.5232757], [114.3757488, 30.5231509], [114.3757488, 30.5230909], [114.3756844, 30.5228829], [114.3750783, 30.5230123], [114.374998, 30.5226118], [114.3749281, 30.5223838], [114.3748584, 30.5222128], [114.3747618, 30.5218431], [114.3750944, 30.5217507], [114.3749388, 30.5206878], [114.3748155, 30.5201518], [114.3747028, 30.5196157], [114.3745848, 30.5192554], [114.3755774, 30.5190321], [114.3761435, 30.5189052], [114.3768139, 30.5187548], [114.3776964, 30.51857], [114.3780399, 30.5184917], [114.3781121, 30.5191153], [114.3781094, 30.5192216], [114.3780102, 30.5193348], [114.3779673, 30.5194757], [114.377978, 30.5195982], [114.3780156, 30.519753], [114.3780799, 30.5198339], [114.3782221, 30.5199864], [114.3783482, 30.5200719], [114.3785118, 30.520095], [114.378721, 30.5200834], [114.3788632, 30.5200441], [114.3789517, 30.5199956], [114.3791233, 30.519783], [114.3792092, 30.5196305], [114.3791931, 30.5194642], [114.3791528, 30.5193048], [114.3790509, 30.5191846], [114.3789865, 30.5190714], [114.3789543, 30.5188195], [114.3788933, 30.518297], [114.3790643, 30.518258], [114.3797027, 30.5181102], [114.3801667, 30.5179923], [114.38051, 30.5178768], [114.3808989, 30.5177197], [114.3812771, 30.5175417], [114.381548, 30.5173846], [114.3818994, 30.5171559], [114.3822159, 30.5169156], [114.3825679, 30.5166005], [114.3828355, 30.516361], [114.3836187, 30.5156886], [114.3842705, 30.5150993], [114.384497, 30.5148955], [114.384525, 30.5149587], [114.384724, 30.5154085], [114.3855445, 30.5173355], [114.3852951, 30.5178653], [114.3847265, 30.518614], [114.3845656, 30.5188543], [114.3844905, 30.5191593], [114.3845196, 30.5195188], [114.3845227, 30.5195567], [114.3846943, 30.5202129], [114.3848016, 30.5204994], [114.3852078, 30.5210265], [114.3862865, 30.5222617], [114.386398, 30.5224269], [114.3864113, 30.5224466], [114.3864759, 30.5225859], [114.3864789, 30.5226845], [114.3864488, 30.5231843], [114.386367, 30.5247555], [114.3861044, 30.5248389], [114.3859159, 30.5248661], [114.3856321, 30.5249176], [114.3849106, 30.5250764], [114.3845697, 30.525146], [114.3842828, 30.5252011], [114.3840843, 30.5253214], [114.3839313, 30.5254494], [114.3837571, 30.525622], [114.380835, 30.5286771], [114.3805133, 30.5289059], [114.3803012, 30.5291122], [114.3801006, 30.5293352], [114.3799557, 30.5294646], [114.3797285, 30.5296023], [114.3795157, 30.5297403], [114.3789791, 30.5300884], [114.3787253, 30.5303159], [114.3785359, 30.5303788], [114.3784233, 30.530462], [114.3782758, 30.5305776], [114.378147, 30.53067], [114.3780045, 30.5307763], [114.3779384, 30.5308192], [114.3778642, 30.5308575], [114.377828744, 30.530872932], [114.3777592, 30.5309032], [114.3776708, 30.5309313], [114.37755, 30.5309608], [114.3774697, 30.5309731]], [[114.3739412, 30.5260308], [114.3739801, 30.5261648], [114.3750354, 30.5259246], [114.3750408, 30.5258784], [114.3748048, 30.5251664], [114.3737561, 30.5253927], [114.3739412, 30.5260308]]]}, "properties": {"id": 17336, "block_id": 17336, "area_sqm": 1896982, "poi_count": 356, "dominant_category": "地名地址信息", "category_entropy": 2.516, "street_block_id": 19494}}, {"type": "Feature", "geometry": {"type": "Polygon", "coordinates": [[[114.3411218, 30.5306912], [114.3401871, 30.5309819], [114.3400298, 30.530509], [114.3399322, 30.5301538], [114.3393973, 30.5287006], [114.3401056, 30.5284834], [114.3412637, 30.5281435], [114.3413221, 30.5281415], [114.3413805, 30.5281556], [114.3414319, 30.5281777], [114.3414692, 30.5282038], [114.3415744, 30.5285517], [114.3417386, 30.5290766], [114.3404615, 30.52943], [114.3406216, 30.5298587], [114.3419262, 30.5294962], [114.3420536, 30.5297809], [114.3422553, 30.5303382], [114.3422983, 30.5304467], [114.3419126, 30.5305604], [114.341788069, 30.53059769], [114.3415683, 30.5306635], [114.3411218, 30.5306912]]]}, "properties": {"id": 17337, "block_id": 17337, "area_sqm": 48600, "poi_count": 182, "dominant_category": "生活服务", "category_entropy": 2.462, "street_block_id": 16940}}, {"type": "Feature", "geometry": {"type": "Polygon", "coordinates": [[[114.3573146, 30.5311171], [114.3572529, 30.5311703], [114.3570769, 30.5311683], [114.3568371, 30.5311656], [114.3567486, 30.5310547], [114.3567161, 30.5309278], [114.3573161, 30.5309266], [114.3573146, 30.5311171]]]}, "properties": {"id": 17358, "block_id": 17358, "area_sqm": 1403, "poi_count": 1, "dominant_category": "科教文化服务", "category_entropy": 0.0, "street_block_id": 3710}}, {"type": "Feature", "geometry": {"type": "Polygon", "coordinates": [[[114.3563155, 30.5312225], [114.3562402, 30.5312228], [114.3557061, 30.5312106], [114.3557002, 30.5309197], [114.3563426, 30.5309216], [114.3563155, 30.5312225]]]}, "properties": {"id": 17366, "block_id": 17366, "area_sqm": 1977, "poi_count": 2, "dominant_category": "交通设施服务", "category_entropy": 0.693, "street_block_id": 3711}}, {"type": "Feature", "geometry": {"type": "Polygon", "coordinates": [[[114.3551496, 30.5312217], [114.355053, 30.5312229], [114.3550525, 30.5309248], [114.3556767, 30.5309219], [114.3557002, 30.5309197], [114.3557061, 30.5312106], [114.3551496, 30.5312217]]]}, "properties": {"id": 17367, "block_id": 17367, "area_sqm": 2033, "poi_count": 1, "dominant_category": "风景名胜", "category_entropy": 0.0, "street_block_id": 3711}}, {"type": "Feature", "geometry": {"type": "Polygon", "coordinates": [[[114.377965498, 30.531215245], [114.377930826, 30.531278064], [114.3776641, 30.5311819], [114.3774476, 30.5311156], [114.377294, 30.5310709], [114.3770563, 30.5310162], [114.3767334, 30.5309639], [114.3763816, 30.5309286], [114.3761371, 30.5309133], [114.3755439, 30.5308971], [114.3747872, 30.5308824], [114.3742884, 30.53087], [114.3739275, 30.5308612], [114.3732383, 30.5308451], [114.3730062, 30.5308412], [114.3727215, 30.5308311], [114.3703789, 30.5308305], [114.3700425, 30.5308468], [114.369973035, 30.530851048], [114.369942488, 30.530794263], [114.3703684, 30.5307761], [114.3724877, 30.5307678], [114.3730044, 30.5307846], [114.3732215, 30.5307898], [114.3762123, 30.5308583], [114.3764377, 30.5308701], [114.3766451, 30.5308905], [114.3768771, 30.5309183], [114.3772155, 30.5309868], [114.3774029, 30.5310364], [114.3776975, 30.5311241], [114.3779631, 30.5312143], [114.377965498, 30.531215245]]]}, "properties": {"id": 17377, "block_id": 17377, "area_sqm": 4999, "poi_count": 1, "dominant_category": "地名地址信息", "category_entropy": 0.0, "street_block_id": 19494}}, {"type": "Feature", "geometry": {"type": "Polygon", "coordinates": [[[114.3533267, 30.5313508], [114.3531633, 30.5313519], [114.3531598, 30.5309632], [114.3532969, 30.5309623], [114.3540394, 30.530961], [114.3541326, 30.5309622], [114.3541324, 30.5310159], [114.3541313, 30.5312433], [114.3541309, 30.5313293], [114.3541308, 30.5313454], [114.3533267, 30.5313508]]]}, "properties": {"id": 17387, "block_id": 17387, "area_sqm": 3993, "poi_count": 5, "dominant_category": "地名地址信息", "category_entropy": 1.332, "street_block_id": 3819}}, {"type": "Feature", "geometry": {"type": "Polygon", "coordinates": [[[114.3537197, 30.5318843], [114.3536564, 30.5318947], [114.3536056, 30.5318339], [114.3536371, 30.5317848], [114.3536372, 30.531732], [114.3536295, 30.531687], [114.3536648, 30.5316837], [114.3536874, 30.5317169], [114.3537167, 30.5317689], [114.3537305, 30.5318164], [114.3537305, 30.5318506], [114.3537197, 30.5318843]]]}, "properties": {"id": 17455, "block_id": 17455, "area_sqm": 178, "poi_count": 1, "dominant_category": "商务住宅", "category_entropy": 0.0, "street_block_id": 3819}}, {"type": "Feature", "geometry": {"type": "Polygon", "coordinates": [[[114.3550501, 30.5316055], [114.3541297, 30.531607], [114.3541299, 30.5315581], [114.3541308, 30.531361], [114.3541308, 30.5313454], [114.3541309, 30.5313293], [114.3541313, 30.5312433], [114.355053, 30.5312229], [114.3550505, 30.5314888], [114.3550501, 30.5316055]]]}, "properties": {"id": 17419, "block_id": 17419, "area_sqm": 3655, "poi_count": 1, "dominant_category": "商务住宅", "category_entropy": 0.0, "street_block_id": 3712}}, {"type": "Feature", "geometry": {"type": "Polygon", "coordinates": [[[114.3605678, 30.5311551], [114.3593467, 30.5316367], [114.3590358, 30.5308072], [114.3588095, 30.530136], [114.3584133, 30.5292205], [114.358088, 30.5285434], [114.3584576, 30.5285185], [114.3596035, 30.5286062], [114.3598584, 30.5286345], [114.3600933, 30.5286828], [114.3609487, 30.5289603], [114.3614406, 30.5291268], [114.3614731, 30.5292016], [114.3612223, 30.5305544], [114.3611365, 30.5307808], [114.36082, 30.5310488], [114.3605678, 30.5311551]]]}, "properties": {"id": 17424, "block_id": 17424, "area_sqm": 70825, "poi_count": 156, "dominant_category": "餐饮服务", "category_entropy": 2.283, "street_block_id": 3778}}, {"type": "Feature", "geometry": {"type": "Polygon", "coordinates": [[[114.3385238, 30.53162], [114.3383227, 30.5316848], [114.3375216, 30.5298976], [114.3373178, 30.5294881], [114.3372594, 30.5293706], [114.3369484, 30.5287455], [114.3366577, 30.5282552], [114.3364137, 30.5276914], [114.3360865, 30.5267161], [114.3389147, 30.5258857], [114.3399631, 30.528411], [114.3399935, 30.5284532], [114.3400495, 30.5284794], [114.3401056, 30.5284834], [114.3393973, 30.5287006], [114.3399322, 30.5301538], [114.3400298, 30.530509], [114.3401871, 30.5309819], [114.3400781, 30.5310167], [114.3397482, 30.5311221], [114.3387984, 30.5314256], [114.3385238, 30.53162]]]}, "properties": {"id": 17433, "block_id": 17433, "area_sqm": 145243, "poi_count": 282, "dominant_category": "餐饮服务", "category_entropy": 2.357, "street_block_id": 16935}}, {"type": "Feature", "geometry": {"type": "Polygon", "coordinates": [[[114.3561796, 30.5316454], [114.3561796, 30.5317487], [114.3558358, 30.5316599], [114.3554567, 30.5316953], [114.3551547, 30.531649], [114.3551519, 30.5314853], [114.3551496, 30.5312217], [114.3557061, 30.5312106], [114.3562402, 30.5312228], [114.3562457, 30.5316455], [114.3561796, 30.5316454]]]}, "properties": {"id": 17438, "block_id": 17438, "area_sqm": 5412, "poi_count": 4, "dominant_category": "科教文化服务", "category_entropy": 1.04, "street_block_id": 3711}}, {"type": "Feature", "geometry": {"type": "Polygon", "coordinates": [[[114.355049, 30.5319049], [114.3541283, 30.5319091], [114.3541297, 30.531607], [114.3550501, 30.5316055], [114.3550499, 30.5316477], [114.3550491, 30.531881], [114.355049, 30.5319049]]]}, "properties": {"id": 17459, "block_id": 17459, "area_sqm": 2945, "poi_count": 1, "dominant_category": "政府机构及社会团体", "category_entropy": 0.0, "street_block_id": 3712}}, {"type": "Feature", "geometry": {"type": "Polygon", "coordinates": [[[114.3530106, 30.5317814], [114.3530083, 30.5319889], [114.3529458, 30.5319637], [114.352908, 30.5319379], [114.3528651, 30.531924], [114.3527719, 30.5319193], [114.352339, 30.5319215], [114.3523404, 30.5318147], [114.3523445, 30.5311192], [114.3523461, 30.5308899], [114.3529026, 30.5308903], [114.3530205, 30.530892], [114.3530132, 30.5315469], [114.3530126, 30.5316037], [114.3530106, 30.5317814]]]}, "properties": {"id": 17467, "block_id": 17467, "area_sqm": 7420, "poi_count": 1, "dominant_category": "商务住宅", "category_entropy": 0.0, "street_block_id": 3817}}, {"type": "Feature", "geometry": {"type": "Polygon", "coordinates": [[[114.3523465, 30.5321034], [114.3518004, 30.532108], [114.3518012, 30.5320356], [114.3518065, 30.531813], [114.3523404, 30.5318147], [114.352339, 30.5319215], [114.3523465, 30.5321034]]]}, "properties": {"id": 17479, "block_id": 17479, "area_sqm": 1672, "poi_count": 1, "dominant_category": "地名地址信息", "category_entropy": 0.0, "street_block_id": 3822}}, {"type": "Feature", "geometry": {"type": "Polygon", "coordinates": [[[114.3538582, 30.5320048], [114.3537187, 30.5321389], [114.3534002, 30.5320661], [114.3530083, 30.5319889], [114.3530106, 30.5317814], [114.3530126, 30.5316037], [114.3531599, 30.5315453], [114.3532331, 30.5315502], [114.3532065, 30.5316285], [114.3531978, 30.5316793], [114.3532267, 30.5317363], [114.3532795, 30.5317991], [114.3533604, 30.5318428], [114.3534339, 30.5318784], [114.3535357, 30.5318925], [114.3536564, 30.5318947], [114.3537197, 30.5318843], [114.3538582, 30.5320048]]]}, "properties": {"id": 17483, "block_id": 17483, "area_sqm": 2349, "poi_count": 1, "dominant_category": "交通设施服务", "category_entropy": 0.0, "street_block_id": 3819}}, {"type": "Feature", "geometry": {"type": "Polygon", "coordinates": [[[114.3530083, 30.5319889], [114.3529863, 30.5321953], [114.3526832, 30.5321638], [114.35261, 30.5321593], [114.3526569, 30.5320516], [114.3527095, 30.5319701], [114.35273, 30.531943], [114.3527719, 30.5319193], [114.3528651, 30.531924], [114.352908, 30.5319379], [114.3529458, 30.5319637], [114.3530083, 30.5319889]]]}, "properties": {"id": 17499, "block_id": 17499, "area_sqm": 853, "poi_count": 1, "dominant_category": "商务住宅", "category_entropy": 0.0, "street_block_id": 3824}}, {"type": "Feature", "geometry": {"type": "Polygon", "coordinates": [[[114.3694192, 30.5324397], [114.3693835, 30.5324481], [114.3692958, 30.5322895], [114.3682315, 30.5319915], [114.3682605, 30.5317789], [114.3682576, 30.5310488], [114.3685902, 30.5310183], [114.3685973, 30.5310867], [114.36872, 30.5311068], [114.3687354, 30.5312797], [114.368746, 30.5313977], [114.3687697, 30.5314608], [114.3688098, 30.5315042], [114.3688592, 30.5315273], [114.3694138, 30.5316542], [114.3697142, 30.532345], [114.3694192, 30.5324397]]]}, "properties": {"id": 17527, "block_id": 17527, "area_sqm": 11265, "poi_count": 44, "dominant_category": "生活服务", "category_entropy": 1.947, "street_block_id": 2345}}, {"type": "Feature", "geometry": {"type": "Polygon", "coordinates": [[[114.3622525, 30.5318592], [114.3596367, 30.5324192], [114.3595902, 30.5322957], [114.3593467, 30.5316367], [114.3605678, 30.5311551], [114.36082, 30.5310488], [114.3611365, 30.5307808], [114.3612223, 30.5305544], [114.3614731, 30.5292016], [114.3614406, 30.5291268], [114.3609487, 30.5289603], [114.3600933, 30.5286828], [114.3598584, 30.5286345], [114.3596035, 30.5286062], [114.3584576, 30.5285185], [114.358088, 30.5285434], [114.3568048, 30.5264417], [114.3567248, 30.5263154], [114.3570241, 30.5261539], [114.357364, 30.5259382], [114.3575176, 30.5258407], [114.3578881, 30.5255847], [114.3581787, 30.5258858], [114.3582068, 30.525902], [114.3582457, 30.5259182], [114.35829, 30.5259263], [114.3583369, 30.5259263], [114.3583798, 30.5259101], [114.3587098, 30.5256767], [114.3587245, 30.5256594], [114.3587285, 30.5256421], [114.3587218, 30.525619], [114.3587057, 30.5255901], [114.3583854, 30.5252277], [114.3590477, 30.5247453], [114.3592574, 30.5246029], [114.3592874, 30.5246349], [114.3593702, 30.524723], [114.3594209, 30.5247719], [114.3594447, 30.5247756], [114.3594836, 30.5247676], [114.3595144, 30.5247525], [114.3601554, 30.524289], [114.3602252, 30.5242373], [114.3602802, 30.5242962], [114.3603312, 30.5242604], [114.3602721, 30.5242015], [114.3603224, 30.5241637], [114.36013, 30.5239709], [114.3608393, 30.5234426], [114.3612338, 30.5231507], [114.3618754, 30.5227298], [114.3622503, 30.5225026], [114.3626259, 30.5222892], [114.3630743, 30.5220695], [114.363507, 30.5218656], [114.3639857, 30.5216764], [114.3642808, 30.5216855], [114.3644311, 30.5217051], [114.3645255, 30.5217374], [114.364746, 30.5218196], [114.3651208, 30.5222841], [114.365474, 30.5226965], [114.365782, 30.5230257], [114.3661862, 30.5235319], [114.3666234, 30.5241503], [114.3670062, 30.5247765], [114.3671682, 30.5250371], [114.3674924, 30.5256858], [114.3668549, 30.5258736], [114.3660341, 30.5260538], [114.3659751, 30.5266453], [114.3650364, 30.5266268], [114.3639733, 30.5267989], [114.3639903, 30.5268254], [114.3641191, 30.5270703], [114.364255, 30.5272887], [114.364451, 30.5274426], [114.3644115, 30.5281216], [114.3645269, 30.5281678], [114.3650499, 30.5281863], [114.365707, 30.5282025], [114.3660316, 30.528251], [114.3660219, 30.528669], [114.3661093, 30.5286137], [114.3662702, 30.5285767], [114.3688068, 30.5284677], [114.3690155, 30.5290951], [114.3692789, 30.5295609], [114.3694195, 30.5298095], [114.3695991, 30.5301846], [114.3698623, 30.5307343], [114.3695989, 30.5307516], [114.3685704, 30.5308264], [114.3680389, 30.5308667], [114.3669743, 30.5309459], [114.3662014, 30.5310583], [114.3657906, 30.5311173], [114.3651204, 30.5312559], [114.3622525, 30.5318592]], [[114.3598758, 30.5281332], [114.36038, 30.5282487], [114.3606633, 30.5275096], [114.3608703, 30.5274648], [114.3609033, 30.527283], [114.3604457, 30.5272343], [114.3602513, 30.5272136], [114.3598758, 30.5281332]], [[114.3618606, 30.5273153], [114.3620484, 30.5273199], [114.3621181, 30.5272783], [114.3623059, 30.5267469], [114.362381, 30.5265852], [114.3624292, 30.5261601], [114.3612759, 30.5260769], [114.3611404, 30.5271769], [114.3616031, 30.527209], [114.3618606, 30.5273153]], [[114.3603829, 30.526167], [114.3604712, 30.5255732], [114.360423, 30.5254716], [114.3603345, 30.5254185], [114.3602406, 30.5253977], [114.3601279, 30.5253942], [114.3600475, 30.5254092], [114.3596451, 30.5256171], [114.3595775, 30.5256833], [114.3595378, 30.5257858], [114.3595176, 30.5261629], [114.3594629, 30.5261739], [114.3593529, 30.5262571], [114.3592751, 30.5264489], [114.3591383, 30.5265344], [114.3592161, 30.5266176], [114.3593046, 30.5267931], [114.3593931, 30.5268971], [114.3595031, 30.5269572], [114.3602809, 30.5270311], [114.3603829, 30.526167]], [[114.361058, 30.5242903], [114.3611331, 30.5242916], [114.361164, 30.5242881], [114.3611975, 30.5242743], [114.361231, 30.5242489], [114.3612444, 30.5242246], [114.3612511, 30.5241611], [114.3612538, 30.5239635], [114.3612511, 30.5239346], [114.3612364, 30.5239231], [114.361219, 30.5239208], [114.3611988, 30.5239208], [114.3611693, 30.5239265], [114.3611506, 30.5239346], [114.3610711, 30.5239885], [114.360637, 30.524283], [114.361058, 30.5242903]]]}, "properties": {"id": 17519, "block_id": 17519, "area_sqm": 694094, "poi_count": 919, "dominant_category": "生活服务", "category_entropy": 2.566, "street_block_id": 2508}}, {"type": "Feature", "geometry": {"type": "Polygon", "coordinates": [[[114.3547024, 30.532445], [114.353961, 30.5324547], [114.3539542, 30.5321495], [114.3541257, 30.5321533], [114.3547, 30.5321515], [114.3547024, 30.532445]]]}, "properties": {"id": 17531, "block_id": 17531, "area_sqm": 2355, "poi_count": 5, "dominant_category": "地名地址信息", "category_entropy": 1.332, "street_block_id": 3824}}, {"type": "Feature", "geometry": {"type": "Polygon", "coordinates": [[[114.3693835, 30.5324481], [114.3690356, 30.5325298], [114.368141, 30.5322954], [114.3682315, 30.5319915], [114.3692958, 30.5322895], [114.3693835, 30.5324481]]]}, "properties": {"id": 17541, "block_id": 17541, "area_sqm": 3664, "poi_count": 13, "dominant_category": "购物服务", "category_entropy": 1.439, "street_block_id": 2523}}, {"type": "Feature", "geometry": {"type": "Polygon", "coordinates": [[[114.3673595, 30.5323464], [114.3673139, 30.5325644], [114.3672413, 30.5325571], [114.3671821, 30.5325412], [114.3664856, 30.5323614], [114.3665572, 30.5321554], [114.3666028, 30.5321323], [114.3666591, 30.5321277], [114.3667074, 30.5321323], [114.3673776, 30.5323011], [114.3673595, 30.5323464]]]}, "properties": {"id": 17546, "block_id": 17546, "area_sqm": 2450, "poi_count": 5, "dominant_category": "商务住宅", "category_entropy": 1.332, "street_block_id": 2524}}, {"type": "Feature", "geometry": {"type": "Polygon", "coordinates": [[[114.3555095, 30.5325453], [114.3553477, 30.5325662], [114.3553215, 30.5325043], [114.3553215, 30.5323587], [114.356035, 30.532361], [114.3560349, 30.5325507], [114.3555095, 30.5325453]]]}, "properties": {"id": 17547, "block_id": 17547, "area_sqm": 1438, "poi_count": 1, "dominant_category": "商务住宅", "category_entropy": 0.0, "street_block_id": 3713}}, {"type": "Feature", "geometry": {"type": "Polygon", "coordinates": [[[114.3567757, 30.5321457], [114.3567789, 30.5325824], [114.3561557, 30.5325782], [114.3561095, 30.5325715], [114.3560349, 30.5325507], [114.356035, 30.532361], [114.3560359, 30.5321475], [114.3562599, 30.532147], [114.3563146, 30.5321468], [114.3567757, 30.5321457]]]}, "properties": {"id": 17549, "block_id": 17549, "area_sqm": 3406, "poi_count": 2, "dominant_category": "科教文化服务", "category_entropy": 0.693, "street_block_id": 3713}}, {"type": "Feature", "geometry": {"type": "Polygon", "coordinates": [[[114.3553007, 30.5325822], [114.3547156, 30.5325835], [114.3547024, 30.532445], [114.3547, 30.5321515], [114.3550534, 30.5321499], [114.3551324, 30.5321497], [114.3556857, 30.5321484], [114.3560359, 30.5321475], [114.356035, 30.532361], [114.3553215, 30.5323587], [114.3553215, 30.5325043], [114.3553477, 30.5325662], [114.3553007, 30.5325822]]]}, "properties": {"id": 17550, "block_id": 17550, "area_sqm": 4459, "poi_count": 6, "dominant_category": "科教文化服务", "category_entropy": 1.561, "street_block_id": 3714}}, {"type": "Feature", "geometry": {"type": "Polygon", "coordinates": [[[114.363177, 30.5325892], [114.3624673, 30.5327566], [114.3624305, 30.5324888], [114.3631173, 30.5323509], [114.363177, 30.5325892]]]}, "properties": {"id": 17563, "block_id": 17563, "area_sqm": 1958, "poi_count": 2, "dominant_category": "商务住宅", "category_entropy": 0.693, "street_block_id": 2516}}, {"type": "Feature", "geometry": {"type": "Polygon", "coordinates": [[[114.3535134, 30.5326776], [114.3534482, 30.5328194], [114.3532037, 30.5326989], [114.3532053, 30.5326601], [114.3531553, 30.5326313], [114.3531069, 30.5326371], [114.3530097, 30.5326111], [114.3529126, 30.5325851], [114.3529638, 30.5324072], [114.3529863, 30.5321953], [114.3530083, 30.5319889], [114.3534002, 30.5320661], [114.3537187, 30.5321389], [114.3536699, 30.5322665], [114.3536131, 30.5323772], [114.3536131, 30.5324188], [114.3536429, 30.5324508], [114.3535853, 30.5325022], [114.3535134, 30.5326776]]]}, "properties": {"id": 17571, "block_id": 17571, "area_sqm": 4495, "poi_count": 11, "dominant_category": "商务住宅", "category_entropy": 1.468, "street_block_id": 3705}}, {"type": "Feature", "geometry": {"type": "Polygon", "coordinates": [[[114.3539922, 30.5328135], [114.3534482, 30.5328194], [114.3535134, 30.5326776], [114.3535853, 30.5325022], [114.3536429, 30.5324508], [114.353961, 30.5324547], [114.3539922, 30.5328135]]]}, "properties": {"id": 17572, "block_id": 17572, "area_sqm": 1720, "poi_count": 1, "dominant_category": "商务住宅", "category_entropy": 0.0, "street_block_id": 3705}}, {"type": "Feature", "geometry": {"type": "Polygon", "coordinates": [[[114.3547156, 30.5325835], [114.3547239, 30.5328203], [114.3539922, 30.5328135], [114.353961, 30.5324547], [114.3547024, 30.532445], [114.3547156, 30.5325835]]]}, "properties": {"id": 17573, "block_id": 17573, "area_sqm": 2887, "poi_count": 4, "dominant_category": "科教文化服务", "category_entropy": 1.386, "street_block_id": 3705}}, {"type": "Feature", "geometry": {"type": "Polygon", "coordinates": [[[114.3567777, 30.5326182], [114.3567798, 30.5328254], [114.3560951, 30.5328231], [114.3560971, 30.5326497], [114.3561095, 30.5325715], [114.3561557, 30.5325782], [114.3567789, 30.5325824], [114.3567777, 30.5326182]]]}, "properties": {"id": 17575, "block_id": 17575, "area_sqm": 1770, "poi_count": 2, "dominant_category": "商务住宅", "category_entropy": 0.693, "street_block_id": 3717}}, {"type": "Feature", "geometry": {"type": "Polygon", "coordinates": [[[114.3690356, 30.5325298], [114.3689272, 30.5328262], [114.3680513, 30.5325968], [114.368141, 30.5322954], [114.3690356, 30.5325298]]]}, "properties": {"id": 17576, "block_id": 17576, "area_sqm": 3059, "poi_count": 2, "dominant_category": "住宿服务", "category_entropy": 0.693, "street_block_id": 2525}}, {"type": "Feature", "geometry": {"type": "Polygon", "coordinates": [[[114.3622081, 30.532845], [114.3614088, 30.5328832], [114.3613551, 30.5328831], [114.3613451, 30.532737], [114.3613525, 30.5326544], [114.3615429, 30.5326221], [114.3621437, 30.532584], [114.3622309, 30.5326001], [114.3622577, 30.5327873], [114.3622081, 30.532845]]]}, "properties": {"id": 17582, "block_id": 17582, "area_sqm": 2420, "poi_count": 2, "dominant_category": "地名地址信息", "category_entropy": 0.0, "street_block_id": 2467}}, {"type": "Feature", "geometry": {"type": "Polygon", "coordinates": [[[114.3670909, 30.5328773], [114.3669123, 30.532905], [114.3662195, 30.5327617], [114.3661346, 30.5326642], [114.3662246, 30.532294], [114.3664856, 30.5323614], [114.3671821, 30.5325412], [114.3672413, 30.5325571], [114.3673139, 30.5325644], [114.3672265, 30.5326769], [114.3670909, 30.5328773]]]}, "properties": {"id": 17585, "block_id": 17585, "area_sqm": 4686, "poi_count": 1, "dominant_category": "商务住宅", "category_entropy": 0.0, "street_block_id": 2482}}, {"type": "Feature", "geometry": {"type": "Polygon", "coordinates": [[[114.3586146, 30.5326929], [114.3579785, 30.5329068], [114.3579513, 30.5328581], [114.3578187, 30.5325759], [114.3577905, 30.5321081], [114.3576792, 30.5319036], [114.3576752, 30.5318574], [114.3576711, 30.5309856], [114.3576118, 30.5309864], [114.3575436, 30.5309842], [114.3575465, 30.5309249], [114.3575235, 30.5304483], [114.3574766, 30.5302397], [114.3574713, 30.5301685], [114.3574606, 30.5300254], [114.3574458, 30.5296741], [114.3574549, 30.5293443], [114.3574505, 30.5292143], [114.3574136, 30.5291196], [114.3573124, 30.5290632], [114.3573184, 30.5281389], [114.3572422, 30.5280337], [114.357081, 30.5280317], [114.3570811, 30.5276664], [114.3570811, 30.5274908], [114.3570542, 30.5273776], [114.356957, 30.527314], [114.3569525, 30.5271953], [114.3566416, 30.5272043], [114.3566279, 30.5273054], [114.3564638, 30.5273709], [114.3563283, 30.5274996], [114.3563193, 30.5276065], [114.3560162, 30.5274221], [114.3557721, 30.5272991], [114.3557743, 30.5270774], [114.3557701, 30.5270067], [114.3557716, 30.5267536], [114.3560267, 30.5266433], [114.3563412, 30.5264974], [114.3567248, 30.5263154], [114.3568048, 30.5264417], [114.358088, 30.5285434], [114.3584133, 30.5292205], [114.3588095, 30.530136], [114.3590358, 30.5308072], [114.3593467, 30.5316367], [114.3595902, 30.5322957], [114.3595073, 30.532319], [114.3595019, 30.5323687], [114.3594536, 30.5324033], [114.3593812, 30.5324311], [114.359400238, 30.532485128], [114.3588306, 30.5326326], [114.3587146, 30.5326649], [114.3586146, 30.5326929]]]}, "properties": {"id": 17587, "block_id": 17587, "area_sqm": 79377, "poi_count": 294, "dominant_category": "购物服务", "category_entropy": 1.984, "street_block_id": 3707}}, {"type": "Feature", "geometry": {"type": "Polygon", "coordinates": [[[114.3632487, 30.5328268], [114.3625332, 30.53297], [114.3624885, 30.5328417], [114.3624673, 30.5327566], [114.363177, 30.5325892], [114.3632487, 30.5328268]]]}, "properties": {"id": 17596, "block_id": 17596, "area_sqm": 1829, "poi_count": 3, "dominant_category": "地名地址信息", "category_entropy": 1.099, "street_block_id": 2468}}, {"type": "Feature", "geometry": {"type": "Polygon", "coordinates": [[[114.3547239, 30.5328203], [114.3547258, 30.5330227], [114.3539945, 30.5330187], [114.3539922, 30.5328135], [114.3547239, 30.5328203]]]}, "properties": {"id": 17600, "block_id": 17600, "area_sqm": 1586, "poi_count": 1, "dominant_category": "商务住宅", "category_entropy": 0.0, "street_block_id": 3705}}, {"type": "Feature", "geometry": {"type": "Polygon", "coordinates": [[[114.3553477, 30.5325662], [114.3553566, 30.533031], [114.3547258, 30.5330227], [114.3547239, 30.5328203], [114.3547156, 30.5325835], [114.3553007, 30.5325822], [114.3553477, 30.5325662]]]}, "properties": {"id": 17602, "block_id": 17602, "area_sqm": 2981, "poi_count": 10, "dominant_category": "交通设施服务", "category_entropy": 1.609, "street_block_id": 3715}}, {"type": "Feature", "geometry": {"type": "Polygon", "coordinates": [[[114.3560951, 30.5328231], [114.3560927, 30.5330398], [114.3556343, 30.5330334], [114.3553566, 30.533031], [114.3553477, 30.5325662], [114.3555095, 30.5325453], [114.3560349, 30.5325507], [114.3561095, 30.5325715], [114.3560971, 30.5326497], [114.3560951, 30.5328231]]]}, "properties": {"id": 17603, "block_id": 17603, "area_sqm": 3835, "poi_count": 2, "dominant_category": "科教文化服务", "category_entropy": 0.693, "street_block_id": 3717}}, {"type": "Feature", "geometry": {"type": "Polygon", "coordinates": [[[114.3570252, 30.5330603], [114.3569582, 30.5330685], [114.3568264, 30.5330482], [114.3567819, 30.5330341], [114.3567798, 30.5328254], [114.3567777, 30.5326182], [114.3567789, 30.5325824], [114.3567757, 30.5321457], [114.3571994, 30.5320406], [114.3572735, 30.5320722], [114.3573402, 30.5321301], [114.3573268, 30.5324427], [114.3573428, 30.5326928], [114.3573632, 30.5327846], [114.3573867, 30.5328412], [114.35741, 30.5328878], [114.3573654, 30.5329074], [114.3573791, 30.5329288], [114.357151, 30.5330112], [114.3570767, 30.533038], [114.3570252, 30.5330603]]]}, "properties": {"id": 17604, "block_id": 17604, "area_sqm": 5638, "poi_count": 2, "dominant_category": "科教文化服务", "category_entropy": 0.693, "street_block_id": 3716}}, {"type": "Feature", "geometry": {"type": "Polygon", "coordinates": [[[114.357568846, 30.533144491], [114.357488918, 30.533172146], [114.3574754, 30.5331323], [114.3574621, 30.5330913], [114.3574204, 30.5329086], [114.35741, 30.5328878], [114.3573867, 30.5328412], [114.3573632, 30.5327846], [114.3573428, 30.5326928], [114.3573268, 30.5324427], [114.3573402, 30.5321301], [114.3573464, 30.5319848], [114.3575031, 30.5318189], [114.3575681, 30.5318344], [114.3576752, 30.5318574], [114.3576792, 30.5319036], [114.3577905, 30.5321081], [114.3578187, 30.5325759], [114.3579513, 30.5328581], [114.3579785, 30.5329068], [114.3579348, 30.5329215], [114.3576001, 30.533037], [114.3575482, 30.5330592], [114.3575402, 30.5330829], [114.357568846, 30.533144491]]]}, "properties": {"id": 17614, "block_id": 17614, "area_sqm": 5811, "poi_count": 4, "dominant_category": "地名地址信息", "category_entropy": 1.04, "street_block_id": 3707}}, {"type": "Feature", "geometry": {"type": "Polygon", "coordinates": [[[114.3623852, 30.5331233], [114.3612291, 30.5331841], [114.3612231, 30.5330446], [114.3613122, 30.5329328], [114.3613551, 30.5328831], [114.3614088, 30.5328832], [114.3622081, 30.532845], [114.3622577, 30.5327873], [114.3622919, 30.5327861], [114.3624673, 30.5327566], [114.3624885, 30.5328417], [114.3624081, 30.5330773], [114.3623852, 30.5331233]]]}, "properties": {"id": 17615, "block_id": 17615, "area_sqm": 3809, "poi_count": 1, "dominant_category": "地名地址信息", "category_entropy": 0.0, "street_block_id": 2467}}, {"type": "Feature", "geometry": {"type": "Polygon", "coordinates": [[[114.353036, 30.5331073], [114.3527587, 30.5331102], [114.3527544, 30.533031], [114.3527409, 30.5329802], [114.3527821, 30.5328551], [114.3534429, 30.5328553], [114.353441, 30.5329063], [114.353445, 30.5330333], [114.353445, 30.5331035], [114.3533226, 30.5331052], [114.353036, 30.5331073]]]}, "properties": {"id": 17608, "block_id": 17608, "area_sqm": 1838, "poi_count": 2, "dominant_category": "商务住宅", "category_entropy": 0.693, "street_block_id": 3705}}, {"type": "Feature", "geometry": {"type": "Polygon", "coordinates": [[[114.3633011, 30.5330657], [114.3626501, 30.533193], [114.3626012, 30.5331651], [114.3625332, 30.53297], [114.3632487, 30.5328268], [114.3633011, 30.5330657]]]}, "properties": {"id": 17618, "block_id": 17618, "area_sqm": 1841, "poi_count": 5, "dominant_category": "地名地址信息", "category_entropy": 0.95, "street_block_id": 2468}}, {"type": "Feature", "geometry": {"type": "Polygon", "coordinates": [[[114.3563709, 30.5332155], [114.3561565, 30.5332708], [114.356153, 30.5330403], [114.3560927, 30.5330398], [114.3560951, 30.5328231], [114.3567798, 30.5328254], [114.3567819, 30.5330341], [114.3563709, 30.5332155]]]}, "properties": {"id": 17628, "block_id": 17628, "area_sqm": 2415, "poi_count": 3, "dominant_category": "住宿服务", "category_entropy": 1.099, "street_block_id": 3717}}, {"type": "Feature", "geometry": {"type": "Polygon", "coordinates": [[[114.3492763, 30.5332723], [114.3492146, 30.5332965], [114.3490652, 30.5332611], [114.3482729, 30.5327401], [114.3470981, 30.5320263], [114.3470553, 30.5320003], [114.3458858, 30.5314372], [114.3450006, 30.531049], [114.3447889, 30.5309291], [114.3444373, 30.5307301], [114.3443783, 30.5306608], [114.3441565, 30.5300905], [114.344767, 30.5299763], [114.3449921, 30.529919], [114.347262, 30.5292605], [114.3474459, 30.5292769], [114.3476109, 30.5293192], [114.3477211, 30.529365], [114.34786, 30.5294609], [114.3483939, 30.5307777], [114.3485152, 30.5311219], [114.3484852, 30.5312053], [114.3485995, 30.5314906], [114.348715, 30.531781], [114.348769036, 30.531804707], [114.3490454, 30.5325461], [114.3491813, 30.5328973], [114.3493054, 30.533215], [114.3492763, 30.5332723]], [[114.345007, 30.5306424], [114.3454752, 30.5308571], [114.345494, 30.530804], [114.3453867, 30.5305406], [114.345007, 30.5306424]]]}, "properties": {"id": 17634, "block_id": 17634, "area_sqm": 96912, "poi_count": 180, "dominant_category": "生活服务", "category_entropy": 2.544, "street_block_id": 3821}}, {"type": "Feature", "geometry": {"type": "Polygon", "coordinates": [[[114.3561565, 30.5332708], [114.3557912, 30.5333651], [114.3557775, 30.5333267], [114.3557533, 30.5332667], [114.3556353, 30.5332009], [114.3556343, 30.5330334], [114.3560927, 30.5330398], [114.356153, 30.5330403], [114.3561565, 30.5332708]]]}, "properties": {"id": 17650, "block_id": 17650, "area_sqm": 1447, "poi_count": 2, "dominant_category": "商务住宅", "category_entropy": 0.693, "street_block_id": 3717}}, {"type": "Feature", "geometry": {"type": "Polygon", "coordinates": [[[114.3497388, 30.5333445], [114.3496963, 30.5333746], [114.3491586, 30.5319507], [114.3491478, 30.5318976], [114.3491371, 30.5318236], [114.3491237, 30.5317428], [114.3490862, 30.5316342], [114.3489091, 30.5311536], [114.348767, 30.5307932], [114.3481497, 30.5292866], [114.3481792, 30.5291917], [114.3482288, 30.52911], [114.3482937, 30.5290475], [114.3484921, 30.5289168], [114.3489271, 30.5288025], [114.3497628, 30.5285619], [114.3498353, 30.5287321], [114.3499374, 30.5290129], [114.3499644, 30.5290529], [114.3500034, 30.529084], [114.3500444, 30.5291015], [114.3515187, 30.5291495], [114.3517772, 30.5291473], [114.3518094, 30.5291404], [114.3518416, 30.5291173], [114.3518523, 30.5290618], [114.3518523, 30.5290064], [114.3518563, 30.5282493], [114.351994, 30.5282187], [114.351992, 30.52834], [114.35201, 30.5290764], [114.3521128, 30.5292871], [114.351912, 30.529289], [114.3518548, 30.5292877], [114.3507363, 30.5292615], [114.3499362, 30.529228], [114.3499522, 30.5297301], [114.3499475, 30.5298838], [114.3499269, 30.5299721], [114.3498214, 30.5300341], [114.3500131, 30.5299562], [114.350164, 30.5299747], [114.350278, 30.5300092], [114.3503828, 30.5300623], [114.3504752, 30.5301154], [114.3506728, 30.5301777], [114.3506458, 30.5306854], [114.3506448, 30.5307344], [114.3506332, 30.5313308], [114.3505635, 30.5315434], [114.3505139, 30.5320079], [114.3504294, 30.5328002], [114.350379, 30.5328396], [114.3503499, 30.5328886], [114.3497388, 30.5333445]]]}, "properties": {"id": 17653, "block_id": 17653, "area_sqm": 76548, "poi_count": 393, "dominant_category": "生活服务", "category_entropy": 2.263, "street_block_id": 3818}}, {"type": "Feature", "geometry": {"type": "Polygon", "coordinates": [[[114.3599374, 30.5330942], [114.3590645, 30.5334008], [114.3590283, 30.5332472], [114.359031, 30.5331722], [114.3590712, 30.5331005], [114.3598324, 30.5328412], [114.3599374, 30.5330942]]]}, "properties": {"id": 17655, "block_id": 17655, "area_sqm": 2631, "poi_count": 2, "dominant_category": "通行设施", "category_entropy": 0.693, "street_block_id": 3718}}, {"type": "Feature", "geometry": {"type": "Polygon", "coordinates": [[[114.3535228, 30.5331534], [114.3535275, 30.5334419], [114.3533607, 30.5334413], [114.3532776, 30.533441], [114.3527383, 30.5334376], [114.3527597, 30.5333637], [114.3527544, 30.5332574], [114.3527587, 30.5331102], [114.353036, 30.5331073], [114.3533226, 30.5331052], [114.353445, 30.5331035], [114.3535228, 30.5331534]]]}, "properties": {"id": 17669, "block_id": 17669, "area_sqm": 2710, "poi_count": 2, "dominant_category": "地名地址信息", "category_entropy": 0.693, "street_block_id": 3705}}, {"type": "Feature", "geometry": {"type": "Polygon", "coordinates": [[[114.3538941, 30.533071], [114.3538871, 30.533443], [114.3535275, 30.5334419], [114.3535228, 30.5331534], [114.353445, 30.5331035], [114.353445, 30.5330333], [114.353441, 30.5329063], [114.3534429, 30.5328553], [114.3534482, 30.5328194], [114.3539922, 30.5328135], [114.3539945, 30.5330187], [114.3538941, 30.533071]]]}, "properties": {"id": 17670, "block_id": 17670, "area_sqm": 2956, "poi_count": 3, "dominant_category": "地名地址信息", "category_entropy": 0.637, "street_block_id": 3705}}, {"type": "Feature", "geometry": {"type": "Polygon", "coordinates": [[[114.3540062, 30.5333968], [114.3538871, 30.533443], [114.3538941, 30.533071], [114.3539945, 30.5330187], [114.3547258, 30.5330227], [114.3547266, 30.5331036], [114.354681, 30.5332833], [114.3546239, 30.5334006], [114.3540062, 30.5333968]]]}, "properties": {"id": 17671, "block_id": 17671, "area_sqm": 3225, "poi_count": 2, "dominant_category": "地名地址信息", "category_entropy": 0.693, "street_block_id": 3705}}, {"type": "Feature", "geometry": {"type": "Polygon", "coordinates": [[[114.362966, 30.5333731], [114.3629337, 30.5335307], [114.3623704, 30.5334677], [114.3622245, 30.5334462], [114.3622659, 30.5333631], [114.3623852, 30.5331233], [114.3624081, 30.5330773], [114.3624885, 30.5328417], [114.3625332, 30.53297], [114.3626012, 30.5331651], [114.3626501, 30.533193], [114.362966, 30.5333731]]]}, "properties": {"id": 17688, "block_id": 17688, "area_sqm": 2331, "poi_count": 5, "dominant_category": "生活服务", "category_entropy": 1.055, "street_block_id": 2470}}, {"type": "Feature", "geometry": {"type": "Polygon", "coordinates": [[[114.3672143, 30.5334655], [114.3671415, 30.5336221], [114.3669784, 30.5335671], [114.3663695, 30.5333938], [114.3663025, 30.5334052], [114.3658305, 30.5330541], [114.3657714, 30.5329989], [114.365573, 30.5328138], [114.3655602, 30.5327635], [114.365514, 30.5325828], [114.3652887, 30.5315708], [114.3652193, 30.5313686], [114.3662167, 30.53118], [114.3664772, 30.531191], [114.3666311, 30.5311923], [114.367484, 30.5311107], [114.3674981, 30.531241], [114.3675021, 30.5315799], [114.3674831, 30.5319361], [114.3674458, 30.532098], [114.3674136, 30.5322311], [114.3673776, 30.5323011], [114.3667074, 30.5321323], [114.3666591, 30.5321277], [114.3666028, 30.5321323], [114.3665572, 30.5321554], [114.3664856, 30.5323614], [114.3662246, 30.532294], [114.3661346, 30.5326642], [114.3662195, 30.5327617], [114.3669123, 30.532905], [114.3670909, 30.5328773], [114.3673473, 30.5330536], [114.3672785, 30.5331584], [114.3672787, 30.533313], [114.3673699, 30.5333823], [114.3673001, 30.5334747], [114.3672143, 30.5334655]]]}, "properties": {"id": 17700, "block_id": 17700, "area_sqm": 36875, "poi_count": 104, "dominant_category": "餐饮服务", "category_entropy": 2.241, "street_block_id": 2483}}, {"type": "Feature", "geometry": {"type": "Polygon", "coordinates": [[[114.3600436, 30.5333365], [114.3591174, 30.5336416], [114.3590825, 30.5335072], [114.3590645, 30.5334008], [114.3599374, 30.5330942], [114.3600436, 30.5333365]]]}, "properties": {"id": 17702, "block_id": 17702, "area_sqm": 2577, "poi_count": 1, "dominant_category": "地名地址信息", "category_entropy": 0.0, "street_block_id": 3719}}, {"type": "Feature", "geometry": {"type": "Polygon", "coordinates": [[[114.3590825, 30.5335072], [114.3584006, 30.5336504], [114.3583283, 30.5334434], [114.3577744, 30.5336074], [114.3576147, 30.5336477], [114.3575988, 30.5334879], [114.3576383, 30.533456], [114.3576438, 30.5333794], [114.3576495, 30.5333179], [114.3576595, 30.5333272], [114.3576747, 30.5333323], [114.3576826, 30.5333313], [114.3587544, 30.5329558], [114.3588933, 30.5329022], [114.3591158, 30.5328069], [114.359456311, 30.532644255], [114.3594805, 30.5327129], [114.3596709, 30.5326528], [114.3597309, 30.532634], [114.3597467, 30.5326702], [114.3598324, 30.5328412], [114.3590712, 30.5331005], [114.359031, 30.5331722], [114.3590283, 30.5332472], [114.3590645, 30.5334008], [114.3590825, 30.5335072]]]}, "properties": {"id": 17703, "block_id": 17703, "area_sqm": 9176, "poi_count": 39, "dominant_category": "餐饮服务", "category_entropy": 1.751, "street_block_id": 3718}}, {"type": "Feature", "geometry": {"type": "Polygon", "coordinates": [[[114.3620744, 30.5336295], [114.3612762, 30.5336595], [114.3612513, 30.533408], [114.3622659, 30.5333631], [114.3622245, 30.5334462], [114.3622149, 30.5334655], [114.3620744, 30.5336295]]]}, "properties": {"id": 17705, "block_id": 17705, "area_sqm": 2496, "poi_count": 2, "dominant_category": "地名地址信息", "category_entropy": 0.693, "street_block_id": 2471}}, {"type": "Feature", "geometry": {"type": "Polygon", "coordinates": [[[114.3547585, 30.5335995], [114.354517, 30.5336909], [114.3546239, 30.5334006], [114.354681, 30.5332833], [114.3547266, 30.5331036], [114.3547258, 30.5330227], [114.3553566, 30.533031], [114.3553566, 30.5330547], [114.3553563, 30.5331894], [114.3556353, 30.5332009], [114.3557533, 30.5332667], [114.3557775, 30.5333267], [114.3557912, 30.5333651], [114.3547585, 30.5335995]]]}, "properties": {"id": 17707, "block_id": 17707, "area_sqm": 4856, "poi_count": 4, "dominant_category": "地名地址信息", "category_entropy": 1.04, "street_block_id": 3717}}, {"type": "Feature", "geometry": {"type": "Polygon", "coordinates": [[[114.3526374, 30.5337166], [114.3519869, 30.5337225], [114.3519336, 30.533582], [114.3519413, 30.5334789], [114.3519736, 30.5332322], [114.3522036, 30.5329458], [114.3523126, 30.5327135], [114.3523879, 30.5325694], [114.3524866, 30.5324265], [114.35261, 30.5321593], [114.3526832, 30.5321638], [114.3529863, 30.5321953], [114.3529638, 30.5324072], [114.3529126, 30.5325851], [114.3528161, 30.5327653], [114.3527821, 30.5328551], [114.3527409, 30.5329802], [114.3527544, 30.533031], [114.3527587, 30.5331102], [114.3527544, 30.5332574], [114.3527597, 30.5333637], [114.3527383, 30.5334376], [114.3527302, 30.5335555], [114.3526374, 30.5337166]]]}, "properties": {"id": 17712, "block_id": 17712, "area_sqm": 10074, "poi_count": 13, "dominant_category": "科教文化服务", "category_entropy": 1.733, "street_block_id": 3824}}, {"type": "Feature", "geometry": {"type": "Polygon", "coordinates": [[[114.3532776, 30.533441], [114.3532774, 30.533738], [114.3528203, 30.5337338], [114.3526374, 30.5337166], [114.3527302, 30.5335555], [114.3527383, 30.5334376], [114.3532776, 30.533441]]]}, "properties": {"id": 17714, "block_id": 17714, "area_sqm": 1800, "poi_count": 2, "dominant_category": "地名地址信息", "category_entropy": 0.693, "street_block_id": 3743}}, {"type": "Feature", "geometry": {"type": "Polygon", "coordinates": [[[114.3538871, 30.533443], [114.3538991, 30.533741], [114.3532774, 30.533738], [114.3532776, 30.533441], [114.3533607, 30.5334413], [114.3535275, 30.5334419], [114.3538871, 30.533443]]]}, "properties": {"id": 17715, "block_id": 17715, "area_sqm": 1948, "poi_count": 4, "dominant_category": "购物服务", "category_entropy": 1.386, "street_block_id": 3742}}, {"type": "Feature", "geometry": {"type": "Polygon", "coordinates": [[[114.354517, 30.5336909], [114.3539533, 30.5337413], [114.3538991, 30.533741], [114.3538871, 30.533443], [114.3540062, 30.5333968], [114.3546239, 30.5334006], [114.354517, 30.5336909]]]}, "properties": {"id": 17716, "block_id": 17716, "area_sqm": 2266, "poi_count": 1, "dominant_category": "地名地址信息", "category_entropy": 0.0, "street_block_id": 3705}}, {"type": "Feature", "geometry": {"type": "Polygon", "coordinates": [[[114.3629337, 30.5335307], [114.3628717, 30.5338329], [114.361962, 30.5337265], [114.3620486, 30.5336595], [114.3620744, 30.5336295], [114.3622149, 30.5334655], [114.3622245, 30.5334462], [114.3623704, 30.5334677], [114.3629337, 30.5335307]]]}, "properties": {"id": 17725, "block_id": 17725, "area_sqm": 2615, "poi_count": 3, "dominant_category": "餐饮服务", "category_entropy": 0.637, "street_block_id": 2470}}, {"type": "Feature", "geometry": {"type": "Polygon", "coordinates": [[[114.3604608, 30.5338166], [114.3603402, 30.5338659], [114.3601826, 30.5335826], [114.3601245, 30.533492], [114.3600436, 30.5333365], [114.3599374, 30.5330942], [114.3598324, 30.5328412], [114.3597467, 30.5326702], [114.3597309, 30.532634], [114.3596905, 30.5325416], [114.3598305, 30.5324972], [114.3615179, 30.5321237], [114.3623104, 30.531958], [114.3623477, 30.5321039], [114.3623814, 30.5322359], [114.3624027, 30.5323196], [114.3624305, 30.5324888], [114.3624673, 30.5327566], [114.3622919, 30.5327861], [114.3622577, 30.5327873], [114.3622309, 30.5326001], [114.3621437, 30.532584], [114.3615429, 30.5326221], [114.3613525, 30.5326544], [114.3613451, 30.532737], [114.3613551, 30.5328831], [114.3613122, 30.5329328], [114.3612231, 30.5330446], [114.3612291, 30.5331841], [114.3612513, 30.533408], [114.3612762, 30.5336595], [114.3611206, 30.5336688], [114.3608309, 30.5337381], [114.3604608, 30.5338166]]]}, "properties": {"id": 17726, "block_id": 17726, "area_sqm": 26896, "poi_count": 50, "dominant_category": "购物服务", "category_entropy": 1.93, "street_block_id": 2467}}, {"type": "Feature", "geometry": {"type": "Polygon", "coordinates": [[[114.3583564, 30.533722], [114.3576888, 30.5338671], [114.3576685, 30.5338166], [114.3576147, 30.5336477], [114.3577744, 30.5336074], [114.3583283, 30.5334434], [114.3584006, 30.5336504], [114.3583564, 30.533722]]]}, "properties": {"id": 17727, "block_id": 17727, "area_sqm": 1984, "poi_count": 1, "dominant_category": "地名地址信息", "category_entropy": 0.0, "street_block_id": 3718}}, {"type": "Feature", "geometry": {"type": "Polygon", "coordinates": [[[114.3593368, 30.5338535], [114.3592518, 30.5339109], [114.3591602, 30.5337384], [114.3591174, 30.5336416], [114.3600436, 30.5333365], [114.3601245, 30.533492], [114.3601826, 30.5335826], [114.3600878, 30.5336201], [114.3593368, 30.5338535]]]}, "properties": {"id": 17734, "block_id": 17734, "area_sqm": 2901, "poi_count": 1, "dominant_category": "地名地址信息", "category_entropy": 0.0, "street_block_id": 3720}}, {"type": "Feature", "geometry": {"type": "Polygon", "coordinates": [[[114.3532603, 30.5343937], [114.3528153, 30.5343991], [114.352815, 30.5343687], [114.3528131, 30.534142], [114.353431, 30.5341369], [114.3534283, 30.5343195], [114.3532603, 30.5343937]]]}, "properties": {"id": 17791, "block_id": 17791, "area_sqm": 1610, "poi_count": 1, "dominant_category": "商务住宅", "category_entropy": 0.0, "street_block_id": 3746}}, {"type": "Feature", "geometry": {"type": "Polygon", "coordinates": [[[114.3547852, 30.533988], [114.3546469, 30.5340408], [114.3546277, 30.5339908], [114.3546187, 30.5339674], [114.354517, 30.5336909], [114.3547585, 30.5335995], [114.3557912, 30.5333651], [114.3561565, 30.5332708], [114.3563709, 30.5332155], [114.3567819, 30.5330341], [114.3568264, 30.5330482], [114.3569582, 30.5330685], [114.3570252, 30.5330603], [114.3570767, 30.533038], [114.357151, 30.5330112], [114.3573791, 30.5329288], [114.3573654, 30.5329074], [114.35741, 30.5328878], [114.3574204, 30.5329086], [114.3574621, 30.5330913], [114.3574045, 30.5330977], [114.3573267, 30.5331225], [114.3559567, 30.5335993], [114.3549367, 30.5339388], [114.3548943, 30.5339528], [114.3547852, 30.533988]]]}, "properties": {"id": 17749, "block_id": 17749, "area_sqm": 8633, "poi_count": 14, "dominant_category": "商务住宅", "category_entropy": 1.438, "street_block_id": 3716}}, {"type": "Feature", "geometry": {"type": "Polygon", "coordinates": [[[114.3583685, 30.5339923], [114.3577971, 30.5341364], [114.3576888, 30.5338671], [114.3583564, 30.533722], [114.3584543, 30.5339045], [114.3583685, 30.5339923]]]}, "properties": {"id": 17762, "block_id": 17762, "area_sqm": 2000, "poi_count": 3, "dominant_category": "通行设施", "category_entropy": 0.637, "street_block_id": 3718}}, {"type": "Feature", "geometry": {"type": "Polygon", "coordinates": [[[114.3675845, 30.5338651], [114.36749, 30.5341409], [114.3668469, 30.5339574], [114.3663253, 30.5338469], [114.3663025, 30.5334052], [114.3663695, 30.5333938], [114.3669784, 30.5335671], [114.3671415, 30.5336221], [114.3672868, 30.5336711], [114.3675819, 30.5338143], [114.3675845, 30.5338651]]]}, "properties": {"id": 17763, "block_id": 17763, "area_sqm": 5561, "poi_count": 36, "dominant_category": "餐饮服务", "category_entropy": 1.523, "street_block_id": 2483}}, {"type": "Feature", "geometry": {"type": "Polygon", "coordinates": [[[114.353431, 30.5341369], [114.3528131, 30.534142], [114.3528114, 30.5339466], [114.3532771, 30.5339393], [114.3534281, 30.5339397], [114.353431, 30.5341369]]]}, "properties": {"id": 17764, "block_id": 17764, "area_sqm": 1296, "poi_count": 1, "dominant_category": "商务住宅", "category_entropy": 0.0, "street_block_id": 3745}}, {"type": "Feature", "geometry": {"type": "Polygon", "coordinates": [[[114.3635713, 30.5339286], [114.3635441, 30.534143], [114.362829, 30.5340412], [114.3628717, 30.5338329], [114.3635749, 30.5339001], [114.3635713, 30.5339286]]]}, "properties": {"id": 17765, "block_id": 17765, "area_sqm": 1735, "poi_count": 1, "dominant_category": "地名地址信息", "category_entropy": 0.0, "street_block_id": 2474}}, {"type": "Feature", "geometry": {"type": "Polygon", "coordinates": [[[114.3528131, 30.534142], [114.3522537, 30.5341467], [114.3522431, 30.5339263], [114.3525937, 30.5339135], [114.3526546, 30.5338589], [114.3528114, 30.5339466], [114.3528131, 30.534142]]]}, "properties": {"id": 17766, "block_id": 17766, "area_sqm": 1397, "poi_count": 1, "dominant_category": "商务住宅", "category_entropy": 0.0, "street_block_id": 3744}}, {"type": "Feature", "geometry": {"type": "Polygon", "coordinates": [[[114.3584328, 30.5343065], [114.3579093, 30.5344004], [114.3578858, 30.5343572], [114.3577971, 30.5341364], [114.3583685, 30.5339923], [114.3584543, 30.5339045], [114.3585026, 30.5339875], [114.358583, 30.5342649], [114.3584328, 30.5343065]]]}, "properties": {"id": 17792, "block_id": 17792, "area_sqm": 2328, "poi_count": 2, "dominant_category": "通行设施", "category_entropy": 0.693, "street_block_id": 3718}}, {"type": "Feature", "geometry": {"type": "Polygon", "coordinates": [[[114.3591624, 30.5340154], [114.358583, 30.5342649], [114.3585026, 30.5339875], [114.3584543, 30.5339045], [114.3591602, 30.5337384], [114.3592518, 30.5339109], [114.3592746, 30.5339498], [114.3591624, 30.5340154]]]}, "properties": {"id": 17777, "block_id": 17777, "area_sqm": 2452, "poi_count": 1, "dominant_category": "地名地址信息", "category_entropy": 0.0, "street_block_id": 3718}}, {"type": "Feature", "geometry": {"type": "Polygon", "coordinates": [[[114.3692582, 30.5342788], [114.3690329, 30.534288], [114.3687432, 30.5341956], [114.368636, 30.5341171], [114.3688398, 30.5337105], [114.3690383, 30.5335718], [114.3691402, 30.5334887], [114.3692636, 30.5334379], [114.3693816, 30.5334933], [114.3693602, 30.534228], [114.3692582, 30.5342788]]]}, "properties": {"id": 17779, "block_id": 17779, "area_sqm": 4676, "poi_count": 1, "dominant_category": "交通设施服务", "category_entropy": 0.0, "street_block_id": 2349}}, {"type": "Feature", "geometry": {"type": "Polygon", "coordinates": [[[114.3539564, 30.5341116], [114.3534283, 30.5343195], [114.353431, 30.5341369], [114.3534281, 30.5339397], [114.3539505, 30.533934], [114.3539564, 30.5341116]]]}, "properties": {"id": 17782, "block_id": 17782, "area_sqm": 1555, "poi_count": 2, "dominant_category": "地名地址信息", "category_entropy": 0.693, "street_block_id": 3706}}, {"type": "Feature", "geometry": {"type": "Polygon", "coordinates": [[[114.3611536, 30.5341596], [114.3606728, 30.5343438], [114.3603402, 30.5338659], [114.3604608, 30.5338166], [114.3608309, 30.5337381], [114.3611206, 30.5336688], [114.3612762, 30.5336595], [114.3620744, 30.5336295], [114.3620486, 30.5336595], [114.361962, 30.5337265], [114.3617858, 30.5338628], [114.3615337, 30.5340197], [114.3614487, 30.5340879], [114.3611536, 30.5341596]]]}, "properties": {"id": 17785, "block_id": 17785, "area_sqm": 6742, "poi_count": 12, "dominant_category": "科教文化服务", "category_entropy": 1.792, "street_block_id": 2473}}, {"type": "Feature", "geometry": {"type": "Polygon", "coordinates": [[[114.3628211, 30.5340798], [114.3627687, 30.5343872], [114.3625765, 30.5343438], [114.3621269, 30.5341778], [114.3619227, 30.5341174], [114.3616585, 30.5340874], [114.3614487, 30.5340879], [114.3615337, 30.5340197], [114.3617858, 30.5338628], [114.361962, 30.5337265], [114.3628717, 30.5338329], [114.362829, 30.5340412], [114.3628211, 30.5340798]]]}, "properties": {"id": 17789, "block_id": 17789, "area_sqm": 5532, "poi_count": 23, "dominant_category": "购物服务", "category_entropy": 1.756, "street_block_id": 2475}}, {"type": "Feature", "geometry": {"type": "Polygon", "coordinates": [[[114.3528153, 30.5343991], [114.35219, 30.5344066], [114.3521989, 30.5342708], [114.3521337, 30.534073], [114.3520872, 30.5339437], [114.3520721, 30.5339018], [114.3520138, 30.5337693], [114.3519869, 30.5337225], [114.3526374, 30.5337166], [114.3526546, 30.5338589], [114.3525937, 30.5339135], [114.3522431, 30.5339263], [114.3522537, 30.5341467], [114.3528131, 30.534142], [114.352815, 30.5343687], [114.3528153, 30.5343991]]]}, "properties": {"id": 17793, "block_id": 17793, "area_sqm": 3322, "poi_count": 4, "dominant_category": "商务住宅", "category_entropy": 1.04, "street_block_id": 3744}}, {"type": "Feature", "geometry": {"type": "Polygon", "coordinates": [[[114.3635441, 30.534143], [114.3635203, 30.5345056], [114.3633655, 30.5344858], [114.3630325, 30.5344472], [114.3627687, 30.5343872], [114.3628211, 30.5340798], [114.362829, 30.5340412], [114.3635441, 30.534143]]]}, "properties": {"id": 17796, "block_id": 17796, "area_sqm": 2886, "poi_count": 1, "dominant_category": "地名地址信息", "category_entropy": 0.0, "street_block_id": 2476}}, {"type": "Feature", "geometry": {"type": "Polygon", "coordinates": [[[114.3640494, 30.5344588], [114.3639857, 30.5345567], [114.3635203, 30.5345056], [114.3635441, 30.534143], [114.3641487, 30.5342185], [114.3642104, 30.5342924], [114.3647491, 30.534362], [114.3644974, 30.5343964], [114.3641675, 30.5343895], [114.3640494, 30.5344588]]]}, "properties": {"id": 17801, "block_id": 17801, "area_sqm": 2614, "poi_count": 8, "dominant_category": "政府机构及社会团体", "category_entropy": 0.9, "street_block_id": 2466}}, {"type": "Feature", "geometry": {"type": "Polygon", "coordinates": [[[114.3554365, 30.5348427], [114.3552853, 30.5348716], [114.3550546, 30.5343534], [114.3550438, 30.5343346], [114.3551292, 30.534303], [114.3563179, 30.5339093], [114.3563058, 30.5338849], [114.3564594, 30.5338128], [114.3568068, 30.5336684], [114.3575375, 30.5334254], [114.3575593, 30.5333796], [114.357573, 30.5334176], [114.3575988, 30.5334879], [114.3576147, 30.5336477], [114.3576685, 30.5338166], [114.3576888, 30.5338671], [114.3577971, 30.5341364], [114.3578858, 30.5343572], [114.3579093, 30.5344004], [114.3580286, 30.5346195], [114.357321, 30.5348555], [114.3572284, 30.5347433], [114.3568319, 30.5348246], [114.3567379, 30.5348468], [114.3566091, 30.5348699], [114.3564617, 30.5348431], [114.3563943, 30.5348244], [114.3563248, 30.5348052], [114.3561853, 30.5346943], [114.3554365, 30.5348427]]]}, "properties": {"id": 17842, "block_id": 17842, "area_sqm": 27101, "poi_count": 16, "dominant_category": "地名地址信息", "category_entropy": 1.82, "street_block_id": 3721}}, {"type": "Feature", "geometry": {"type": "Polygon", "coordinates": [[[114.3601129, 30.5345968], [114.3598118, 30.5347614], [114.3596148, 30.5344684], [114.3594185, 30.5341621], [114.3592746, 30.5339498], [114.3592518, 30.5339109], [114.3593368, 30.5338535], [114.3600878, 30.5336201], [114.3601826, 30.5335826], [114.3603402, 30.5338659], [114.3606728, 30.5343438], [114.3602061, 30.5345502], [114.3601129, 30.5345968]]]}, "properties": {"id": 17819, "block_id": 17819, "area_sqm": 9682, "poi_count": 4, "dominant_category": "通行设施", "category_entropy": 1.04, "street_block_id": 3720}}, {"type": "Feature", "geometry": {"type": "Polygon", "coordinates": [[[114.3660953, 30.5347556], [114.3658948, 30.5347626], [114.3656432, 30.5347282], [114.3656645, 30.5344802], [114.3647491, 30.534362], [114.3642104, 30.5342924], [114.3641487, 30.5342185], [114.3635441, 30.534143], [114.3635713, 30.5339286], [114.3635749, 30.5339001], [114.3636108, 30.5336165], [114.3636311, 30.5334562], [114.3636244, 30.5331241], [114.3636284, 30.5330571], [114.3636216, 30.5329779], [114.3635738, 30.5327618], [114.3632487, 30.5328268], [114.363177, 30.5325892], [114.3631173, 30.5323509], [114.3630485, 30.5320981], [114.3623814, 30.5322359], [114.3623477, 30.5321039], [114.3623104, 30.531958], [114.3625493, 30.5319096], [114.3652193, 30.5313686], [114.3652887, 30.5315708], [114.365514, 30.5325828], [114.3655602, 30.5327635], [114.365573, 30.5328138], [114.3657714, 30.5329989], [114.3658305, 30.5330541], [114.3663025, 30.5334052], [114.3663253, 30.5338469], [114.3663294, 30.5339273], [114.3663065, 30.5340733], [114.3662959, 30.5341411], [114.3662757, 30.5342693], [114.366223, 30.5343982], [114.3660953, 30.5347556]]]}, "properties": {"id": 17820, "block_id": 17820, "area_sqm": 75960, "poi_count": 119, "dominant_category": "地名地址信息", "category_entropy": 2.04, "street_block_id": 2466}}, {"type": "Feature", "geometry": {"type": "Polygon", "coordinates": [[[114.3584543, 30.5346577], [114.3581377, 30.5348112], [114.358111, 30.5347708], [114.3580286, 30.5346195], [114.3579093, 30.5344004], [114.3584328, 30.5343065], [114.358583, 30.5342649], [114.3591624, 30.5340154], [114.3592746, 30.5339498], [114.3594185, 30.5341621], [114.3592643, 30.5342511], [114.3584543, 30.5346577]]]}, "properties": {"id": 17829, "block_id": 17829, "area_sqm": 4856, "poi_count": 4, "dominant_category": "地名地址信息", "category_entropy": 0.562, "street_block_id": 3722}}, {"type": "Feature", "geometry": {"type": "Polygon", "coordinates": [[[114.3611955, 30.5345283], [114.3603127, 30.5348505], [114.3602061, 30.5345502], [114.3606728, 30.5343438], [114.3611536, 30.5341596], [114.3614487, 30.5340879], [114.3616585, 30.5340874], [114.3619227, 30.5341174], [114.3621269, 30.5341778], [114.3620377, 30.5344682], [114.3618205, 30.5344404], [114.3611955, 30.5345283]]]}, "properties": {"id": 17838, "block_id": 17838, "area_sqm": 7146, "poi_count": 3, "dominant_category": "餐饮服务", "category_entropy": 1.099, "street_block_id": 2477}}, {"type": "Feature", "geometry": {"type": "Polygon", "coordinates": [[[114.363293, 30.5348794], [114.363116, 30.5348979], [114.3624646, 30.5347966], [114.3621558, 30.5347486], [114.3619573, 30.5347177], [114.3620377, 30.5344682], [114.362601, 30.5346207], [114.3631857, 30.5347501], [114.3633048, 30.5347637], [114.363293, 30.5348794]]]}, "properties": {"id": 17849, "block_id": 17849, "area_sqm": 2742, "poi_count": 1, "dominant_category": "商务住宅", "category_entropy": 0.0, "street_block_id": 2479}}, {"type": "Feature", "geometry": {"type": "Polygon", "coordinates": [[[114.3647585, 30.5346368], [114.364701, 30.5349115], [114.3640851, 30.5348348], [114.364129, 30.534574], [114.3647585, 30.5346368]]]}, "properties": {"id": 17853, "block_id": 17853, "area_sqm": 1811, "poi_count": 3, "dominant_category": "地名地址信息", "category_entropy": 0.637, "street_block_id": 2481}}, {"type": "Feature", "geometry": {"type": "Polygon", "coordinates": [[[114.3527828, 30.5349393], [114.3527643, 30.5349499], [114.3526017, 30.5348978], [114.3523997, 30.5348312], [114.3522499, 30.534694], [114.3522339, 30.5346629], [114.3521663, 30.5346087], [114.352112, 30.5344975], [114.35219, 30.5344066], [114.3528153, 30.5343991], [114.3532603, 30.5343937], [114.3534283, 30.5343195], [114.3539564, 30.5341116], [114.3539505, 30.533934], [114.353957, 30.5338336], [114.3539533, 30.5337413], [114.354517, 30.5336909], [114.3546187, 30.5339674], [114.3546277, 30.5339908], [114.3546469, 30.5340408], [114.3542434, 30.5342099], [114.3538648, 30.5343773], [114.3538791, 30.5343941], [114.3533474, 30.5346364], [114.3531668, 30.5347339], [114.3529707, 30.5348345], [114.3527828, 30.5349393]]]}, "properties": {"id": 17858, "block_id": 17858, "area_sqm": 10159, "poi_count": 11, "dominant_category": "商务住宅", "category_entropy": 1.642, "street_block_id": 3746}}, {"type": "Feature", "geometry": {"type": "Polygon", "coordinates": [[[114.36082, 30.5348841], [114.3604284, 30.534988], [114.3603596, 30.5349441], [114.3603439, 30.5349293], [114.3603127, 30.5348505], [114.3611955, 30.5345283], [114.3618205, 30.5344404], [114.3620377, 30.5344682], [114.3619573, 30.5347177], [114.3617212, 30.5347686], [114.361217, 30.5347963], [114.36082, 30.5348841]]]}, "properties": {"id": 17866, "block_id": 17866, "area_sqm": 4433, "poi_count": 1, "dominant_category": "商务住宅", "category_entropy": 0.0, "street_block_id": 2477}}, {"type": "Feature", "geometry": {"type": "Polygon", "coordinates": [[[114.3653846, 30.5347014], [114.3653272, 30.5349895], [114.364701, 30.5349115], [114.3647585, 30.5346368], [114.3653846, 30.5347014]]]}, "properties": {"id": 17867, "block_id": 17867, "area_sqm": 1918, "poi_count": 3, "dominant_category": "地名地址信息", "category_entropy": 0.0, "street_block_id": 2481}}, {"type": "Feature", "geometry": {"type": "Polygon", "coordinates": [[[114.3621558, 30.5347486], [114.3621166, 30.5350002], [114.3617266, 30.5349626], [114.3617212, 30.5347686], [114.3619573, 30.5347177], [114.3621558, 30.5347486]]]}, "properties": {"id": 17869, "block_id": 17869, "area_sqm": 1071, "poi_count": 3, "dominant_category": "地名地址信息", "category_entropy": 0.0, "street_block_id": 2480}}, {"type": "Feature", "geometry": {"type": "Polygon", "coordinates": [[[114.3624646, 30.5347966], [114.3624372, 30.535031], [114.3621166, 30.5350002], [114.3621558, 30.5347486], [114.3624646, 30.5347966]]]}, "properties": {"id": 17876, "block_id": 17876, "area_sqm": 828, "poi_count": 1, "dominant_category": "地名地址信息", "category_entropy": 0.0, "street_block_id": 2480}}, {"type": "Feature", "geometry": {"type": "Polygon", "coordinates": [[[114.3678823, 30.5346366], [114.3676208, 30.5350609], [114.3670965, 30.5347683], [114.3662757, 30.5342693], [114.3662959, 30.5341411], [114.3663065, 30.5340733], [114.3663294, 30.5339273], [114.3663253, 30.5338469], [114.3668469, 30.5339574], [114.36749, 30.5341409], [114.367665, 30.5341908], [114.3678528, 30.5342832], [114.3678823, 30.5346366]]]}, "properties": {"id": 17883, "block_id": 17883, "area_sqm": 11212, "poi_count": 56, "dominant_category": "餐饮服务", "category_entropy": 1.967, "street_block_id": 2483}}, {"type": "Feature", "geometry": {"type": "Polygon", "coordinates": [[[114.3518198, 30.5350293], [114.3517613, 30.5350847], [114.3516064, 30.5349875], [114.3507384, 30.5343767], [114.3500778, 30.5339665], [114.3500286, 30.5339464], [114.3499804, 30.5339418], [114.3499468, 30.5339545], [114.3499146, 30.5339591], [114.3498606, 30.5339796], [114.349786, 30.5337657], [114.3497124, 30.5335753], [114.349673, 30.533466], [114.349652, 30.5334078], [114.3496963, 30.5333746], [114.3497388, 30.5333445], [114.3503499, 30.5328886], [114.350379, 30.5328396], [114.3504294, 30.5328002], [114.3505139, 30.5320079], [114.3505635, 30.5315434], [114.3506332, 30.5313308], [114.3506448, 30.5307344], [114.3506458, 30.5306854], [114.3506728, 30.5301777], [114.3516861, 30.530195], [114.3517662, 30.5300278], [114.3518186, 30.5296245], [114.3521485, 30.5296279], [114.3522443, 30.5296262], [114.3522381, 30.5296957], [114.3522462, 30.5298428], [114.352252, 30.529901], [114.3523088, 30.5299898], [114.3523517, 30.530064], [114.3523516, 30.5300804], [114.3523476, 30.5302796], [114.3523485, 30.5305329], [114.3523449, 30.5306015], [114.3523461, 30.5308899], [114.3523445, 30.5311192], [114.3523404, 30.5318147], [114.3518065, 30.531813], [114.3518012, 30.5320356], [114.3518004, 30.532108], [114.3523465, 30.5321034], [114.3523551, 30.5323104], [114.3523633, 30.5323747], [114.3523879, 30.5325694], [114.3523126, 30.5327135], [114.3522036, 30.5329458], [114.3519736, 30.5332322], [114.3519413, 30.5334789], [114.3519336, 30.533582], [114.3519869, 30.5337225], [114.3520138, 30.5337693], [114.3520721, 30.5339018], [114.3520872, 30.5339437], [114.3521337, 30.534073], [114.3521989, 30.5342708], [114.35219, 30.5344066], [114.352112, 30.5344975], [114.3521152, 30.5346034], [114.3519602, 30.5348509], [114.3519227, 30.5349055], [114.3518491, 30.5350037], [114.3518198, 30.5350293]]]}, "properties": {"id": 17886, "block_id": 17886, "area_sqm": 90589, "poi_count": 202, "dominant_category": "餐饮服务", "category_entropy": 2.246, "street_block_id": 3822}}, {"type": "Feature", "geometry": {"type": "Polygon", "coordinates": [[[114.3589854, 30.5348055], [114.3583193, 30.5350861], [114.3582734, 30.5350166], [114.3581377, 30.5348112], [114.3584543, 30.5346577], [114.3592643, 30.5342511], [114.3594185, 30.5341621], [114.3596148, 30.5344684], [114.3589854, 30.5348055]]]}, "properties": {"id": 17888, "block_id": 17888, "area_sqm": 5413, "poi_count": 4, "dominant_category": "风景名胜", "category_entropy": 1.386, "street_block_id": 3722}}, {"type": "Feature", "geometry": {"type": "Polygon", "coordinates": [[[114.3593096, 30.5350797], [114.3592036, 30.5351237], [114.3589854, 30.5348055], [114.3596148, 30.5344684], [114.3598118, 30.5347614], [114.3596737, 30.5348631], [114.3593096, 30.5350797]]]}, "properties": {"id": 17898, "block_id": 17898, "area_sqm": 2884, "poi_count": 11, "dominant_category": "金融保险服务", "category_entropy": 1.594, "street_block_id": 3722}}, {"type": "Feature", "geometry": {"type": "Polygon", "coordinates": [[[114.3662951, 30.5350606], [114.3663485, 30.5351254], [114.3662236, 30.5351105], [114.3659269, 30.5350642], [114.3653272, 30.5349895], [114.3653846, 30.5347014], [114.3656432, 30.5347282], [114.3658948, 30.5347626], [114.3660953, 30.5347556], [114.3660878, 30.5348329], [114.3661382, 30.5349243], [114.3662951, 30.5350606]]]}, "properties": {"id": 17900, "block_id": 17900, "area_sqm": 2687, "poi_count": 2, "dominant_category": "地名地址信息", "category_entropy": 0.0, "street_block_id": 2481}}, {"type": "Feature", "geometry": {"type": "Polygon", "coordinates": [[[114.3640851, 30.5348348], [114.3640371, 30.5351456], [114.363588, 30.5351012], [114.3633842, 30.5350458], [114.363293, 30.5348794], [114.3633048, 30.5347637], [114.3633655, 30.5344858], [114.3633977, 30.534695], [114.3634768, 30.5347591], [114.3640851, 30.5348348]]]}, "properties": {"id": 17904, "block_id": 17904, "area_sqm": 2656, "poi_count": 3, "dominant_category": "地名地址信息", "category_entropy": 0.0, "street_block_id": 2481}}, {"type": "Feature", "geometry": {"type": "Polygon", "coordinates": [[[114.3552853, 30.5348716], [114.3547447, 30.5352543], [114.3543895, 30.5346863], [114.3542572, 30.5346617], [114.3547083, 30.53444], [114.35503, 30.5343037], [114.3550438, 30.5343346], [114.3550546, 30.5343534], [114.3552853, 30.5348716]]]}, "properties": {"id": 17919, "block_id": 17919, "area_sqm": 5223, "poi_count": 3, "dominant_category": "生活服务", "category_entropy": 1.099, "street_block_id": 3721}}, {"type": "Feature", "geometry": {"type": "Polygon", "coordinates": [[[114.3661093, 30.5352907], [114.3659698, 30.5353369], [114.3640371, 30.5351456], [114.3640851, 30.5348348], [114.364701, 30.5349115], [114.3653272, 30.5349895], [114.3659269, 30.5350642], [114.3662236, 30.5351105], [114.3661093, 30.5352907]]]}, "properties": {"id": 17934, "block_id": 17934, "area_sqm": 6389, "poi_count": 7, "dominant_category": "地名地址信息", "category_entropy": 0.41, "street_block_id": 2481}}, {"type": "Feature", "geometry": {"type": "Polygon", "coordinates": [[[114.3588361, 30.5352645], [114.3585847, 30.5353783], [114.358465, 30.5353067], [114.3583578, 30.5351445], [114.3583193, 30.5350861], [114.3589854, 30.5348055], [114.3592036, 30.5351237], [114.359056, 30.5351881], [114.3588361, 30.5352645]]]}, "properties": {"id": 17943, "block_id": 17943, "area_sqm": 2841, "poi_count": 9, "dominant_category": "购物服务", "category_entropy": 1.677, "street_block_id": 3722}}, {"type": "Feature", "geometry": {"type": "Polygon", "coordinates": [[[114.3596874, 30.5354982], [114.3591502, 30.5357109], [114.3590568, 30.5356994], [114.3587698, 30.5354954], [114.3585847, 30.5353783], [114.3588361, 30.5352645], [114.359056, 30.5351881], [114.3592036, 30.5351237], [114.3593096, 30.5350797], [114.3596737, 30.5348631], [114.3598209, 30.5351361], [114.3598242, 30.5352999], [114.3596874, 30.5354982]]]}, "properties": {"id": 17976, "block_id": 17976, "area_sqm": 5776, "poi_count": 8, "dominant_category": "体育休闲服务", "category_entropy": 1.56, "street_block_id": 3690}}, {"type": "Feature", "geometry": {"type": "Polygon", "coordinates": [[[114.3582267, 30.5356376], [114.3581635, 30.5357266], [114.3577903, 30.5355676], [114.3577043, 30.5354551], [114.3580308, 30.5352951], [114.3583578, 30.5351445], [114.358465, 30.5353067], [114.3585847, 30.5353783], [114.3583312, 30.5355319], [114.3582267, 30.5356376]]]}, "properties": {"id": 17977, "block_id": 17977, "area_sqm": 2612, "poi_count": 1, "dominant_category": "地名地址信息", "category_entropy": 0.0, "street_block_id": 3723}}, {"type": "Feature", "geometry": {"type": "Polygon", "coordinates": [[[114.3683937, 30.5355424], [114.3683033, 30.5357548], [114.366753, 30.5349996], [114.3663614, 30.5347593], [114.3660953, 30.5347556], [114.366223, 30.5343982], [114.3662757, 30.5342693], [114.3670965, 30.5347683], [114.3676208, 30.5350609], [114.3676788, 30.5350933], [114.3684215, 30.5354567], [114.3683937, 30.5355424]]]}, "properties": {"id": 17983, "block_id": 17983, "area_sqm": 9210, "poi_count": 6, "dominant_category": "地名地址信息", "category_entropy": 1.242, "street_block_id": 2485}}, {"type": "Feature", "geometry": {"type": "Polygon", "coordinates": [[[114.3538788, 30.5358508], [114.3538187, 30.5358879], [114.3537089, 30.5358666], [114.3536284, 30.5358259], [114.353548, 30.5357897], [114.3531285, 30.5352839], [114.3533716, 30.5351275], [114.3535222, 30.5350452], [114.3539578, 30.5348045], [114.3542572, 30.5346617], [114.3543895, 30.5346863], [114.3547447, 30.5352543], [114.354247, 30.5356066], [114.3542027, 30.5356379], [114.3538788, 30.5358508]]]}, "properties": {"id": 17994, "block_id": 17994, "area_sqm": 11629, "poi_count": 7, "dominant_category": "科教文化服务", "category_entropy": 0.41, "street_block_id": 3721}}, {"type": "Feature", "geometry": {"type": "Polygon", "coordinates": [[[114.357105, 30.5358475], [114.3569366, 30.5358914], [114.3569741, 30.5357759], [114.3570439, 30.5356557], [114.3570063, 30.5354802], [114.3568319, 30.5348246], [114.3572284, 30.5347433], [114.357321, 30.5348555], [114.3574377, 30.535075], [114.3575563, 30.5352892], [114.3577043, 30.5354551], [114.3577903, 30.5355676], [114.3581635, 30.5357266], [114.3581348, 30.5357664], [114.3581287, 30.5358121], [114.3578676, 30.5357326], [114.3575481, 30.5356973], [114.357105, 30.5358475]]]}, "properties": {"id": 17997, "block_id": 17997, "area_sqm": 6999, "poi_count": 5, "dominant_category": "科教文化服务", "category_entropy": 0.95, "street_block_id": 3692}}, {"type": "Feature", "geometry": {"type": "Polygon", "coordinates": [[[114.3509969, 30.535877], [114.35089, 30.5359011], [114.3507221, 30.5358726], [114.3505854, 30.535774], [114.3504348, 30.5353831], [114.350285311, 30.53502851], [114.3502971, 30.5349526], [114.3500738, 30.5343629], [114.3499612, 30.5340822], [114.3498687, 30.5340099], [114.3498606, 30.5339796], [114.3499146, 30.5339591], [114.3499468, 30.5339545], [114.3499804, 30.5339418], [114.3500286, 30.5339464], [114.3500778, 30.5339665], [114.3507384, 30.5343767], [114.3516064, 30.5349875], [114.3517613, 30.5350847], [114.3518655, 30.5352523], [114.351844, 30.5353918], [114.3517043, 30.5354956], [114.3509969, 30.535877]]]}, "properties": {"id": 18001, "block_id": 18001, "area_sqm": 19101, "poi_count": 130, "dominant_category": "餐饮服务", "category_entropy": 2.277, "street_block_id": 3747}}, {"type": "Feature", "geometry": {"type": "Polygon", "coordinates": [[[114.3538187, 30.5358879], [114.353782, 30.5359134], [114.3536863, 30.5359124], [114.353605, 30.5359015], [114.3535187, 30.5358984], [114.3533283, 30.5355642], [114.353078, 30.535287], [114.3529634, 30.5352185], [114.352845029, 30.535123548], [114.352916405, 30.535087817], [114.3530695, 30.5352377], [114.3531285, 30.5352839], [114.353548, 30.5357897], [114.3536284, 30.5358259], [114.3537089, 30.5358666], [114.3538187, 30.5358879]]]}, "properties": {"id": 18002, "block_id": 18002, "area_sqm": 685, "poi_count": 2, "dominant_category": "地名地址信息", "category_entropy": 0.0, "street_block_id": 3721}}, {"type": "Feature", "geometry": {"type": "Polygon", "coordinates": [[[114.3597366, 30.5360294], [114.3594469, 30.5360848], [114.3591502, 30.5357109], [114.3596874, 30.5354982], [114.3598242, 30.5352999], [114.3598209, 30.5351361], [114.3596737, 30.5348631], [114.3598118, 30.5347614], [114.3601129, 30.5345968], [114.3602061, 30.5345502], [114.3603127, 30.5348505], [114.3603439, 30.5349293], [114.3603596, 30.5349441], [114.3604284, 30.534988], [114.36082, 30.5348841], [114.361217, 30.5347963], [114.3617212, 30.5347686], [114.3617266, 30.5349626], [114.3616247, 30.535235], [114.361418087, 30.535778686], [114.3613137, 30.5357614], [114.361067, 30.5357614], [114.3607451, 30.5357984], [114.3603159, 30.5359647], [114.3600155, 30.5360017], [114.3597366, 30.5360294]]]}, "properties": {"id": 18020, "block_id": 18020, "area_sqm": 23244, "poi_count": 8, "dominant_category": "购物服务", "category_entropy": 1.56, "street_block_id": 2446}}, {"type": "Feature", "geometry": {"type": "Polygon", "coordinates": [[[114.3683033, 30.5357548], [114.3681352, 30.5361287], [114.3680426, 30.5361083], [114.3675551, 30.5358767], [114.3673359, 30.5357761], [114.3671692, 30.5357053], [114.3670045, 30.5356635], [114.3668758, 30.5355746], [114.3663581, 30.5353251], [114.3663568, 30.5351819], [114.3663485, 30.5351254], [114.3662951, 30.5350606], [114.3661382, 30.5349243], [114.3660878, 30.5348329], [114.3660953, 30.5347556], [114.3663614, 30.5347593], [114.366753, 30.5349996], [114.3683033, 30.5357548]]]}, "properties": {"id": 18024, "block_id": 18024, "area_sqm": 10675, "poi_count": 3, "dominant_category": "地名地址信息", "category_entropy": 0.0, "street_block_id": 2458}}, {"type": "Feature", "geometry": {"type": "Polygon", "coordinates": [[[114.3562553, 30.5360993], [114.3559993, 30.536162], [114.3557282, 30.5360404], [114.3555298, 30.535226], [114.3554822, 30.5350304], [114.3554365, 30.5348427], [114.3561853, 30.5346943], [114.3563248, 30.5348052], [114.3563943, 30.5348244], [114.3564617, 30.5348431], [114.3566091, 30.5348699], [114.3567379, 30.5348468], [114.3568319, 30.5348246], [114.3570063, 30.5354802], [114.3570439, 30.5356557], [114.3569741, 30.5357759], [114.3569366, 30.5358914], [114.356325, 30.5360069], [114.3562553, 30.5360993]]]}, "properties": {"id": 18035, "block_id": 18035, "area_sqm": 17992, "poi_count": 11, "dominant_category": "科教文化服务", "category_entropy": 0.886, "street_block_id": 3692}}, {"type": "Feature", "geometry": {"type": "Polygon", "coordinates": [[[114.3557282, 30.5360404], [114.354858, 30.5361989], [114.3547335, 30.5361638], [114.3546313, 30.5360625], [114.3546038, 30.5359854], [114.3543138, 30.5356734], [114.3545313, 30.535503], [114.3546779, 30.5354443], [114.3552928, 30.5350465], [114.3552853, 30.5348716], [114.3554365, 30.5348427], [114.3554822, 30.5350304], [114.3555298, 30.535226], [114.3557282, 30.5360404]]]}, "properties": {"id": 18043, "block_id": 18043, "area_sqm": 11150, "poi_count": 5, "dominant_category": "通行设施", "category_entropy": 1.055, "street_block_id": 3691}}, {"type": "Feature", "geometry": {"type": "Polygon", "coordinates": [[[114.3707711, 30.5360297], [114.370515, 30.5362161], [114.3702735, 30.5360992], [114.3699128, 30.5359927], [114.3695373, 30.5359049], [114.3694699, 30.5358778], [114.3696847, 30.5356531], [114.3699288, 30.535443], [114.3700039, 30.5354777], [114.3703955, 30.5357201], [114.3705323, 30.5355216], [114.3708649, 30.5354338], [114.371007, 30.5352767], [114.3717294, 30.5350658], [114.3718178, 30.5353994], [114.3718608, 30.5357348], [114.3716187, 30.5357571], [114.3715543, 30.535794], [114.3707711, 30.5360297]]]}, "properties": {"id": 18045, "block_id": 18045, "area_sqm": 13567, "poi_count": 16, "dominant_category": "住宿服务", "category_entropy": 2.133, "street_block_id": 2353}}, {"type": "Feature", "geometry": {"type": "Polygon", "coordinates": [[[114.3676564, 30.5360179], [114.3672406, 30.5365858], [114.3670929, 30.5365128], [114.3670036, 30.5364686], [114.3664746, 30.5363656], [114.3661238, 30.5361831], [114.3657301, 30.5360135], [114.3652204, 30.535923], [114.3647362, 30.5359647], [114.3641032, 30.5358353], [114.3637599, 30.5358538], [114.3633951, 30.5358815], [114.3630518, 30.535863], [114.3628479, 30.5358168], [114.3626639, 30.5358207], [114.3624081, 30.5358261], [114.361936, 30.5358076], [114.3615927, 30.5358076], [114.361418087, 30.535778686], [114.3616247, 30.535235], [114.3617266, 30.5349626], [114.3621166, 30.5350002], [114.3624372, 30.535031], [114.3631402, 30.5350987], [114.363293, 30.5348794], [114.3633842, 30.5350458], [114.363588, 30.5351012], [114.3640371, 30.5351456], [114.3659698, 30.5353369], [114.3661093, 30.5352907], [114.3662236, 30.5351105], [114.3663485, 30.5351254], [114.3663568, 30.5351819], [114.3663581, 30.5353251], [114.3668758, 30.5355746], [114.3670045, 30.5356635], [114.3671692, 30.5357053], [114.3673359, 30.5357761], [114.3675551, 30.5358767], [114.367596, 30.5359398], [114.3676564, 30.5360179]]]}, "properties": {"id": 18099, "block_id": 18099, "area_sqm": 49932, "poi_count": 17, "dominant_category": "地名地址信息", "category_entropy": 1.56, "street_block_id": 2446}}, {"type": "Feature", "geometry": {"type": "Polygon", "coordinates": [[[114.3696135, 30.536941], [114.3694112, 30.5370046], [114.369175, 30.536926], [114.3687432, 30.536658], [114.3683945, 30.5365194], [114.3680381, 30.5362899], [114.3681352, 30.5361287], [114.3694982, 30.5366996], [114.3695728, 30.5367332], [114.3699631, 30.5368567], [114.3696135, 30.536941]]]}, "properties": {"id": 18167, "block_id": 18167, "area_sqm": 5128, "poi_count": 3, "dominant_category": "地名地址信息", "category_entropy": 0.0, "street_block_id": 2459}}, {"type": "Feature", "geometry": {"type": "Polygon", "coordinates": [[[114.3566183, 30.5371044], [114.3565298, 30.5371409], [114.3564276, 30.5367532], [114.3562553, 30.5360993], [114.356325, 30.5360069], [114.3569366, 30.5358914], [114.357105, 30.5358475], [114.3575481, 30.5356973], [114.3578676, 30.5357326], [114.3578783, 30.5359247], [114.357903, 30.5361106], [114.357949, 30.5363027], [114.3578323, 30.5364337], [114.3577261, 30.5364856], [114.3577084, 30.5365892], [114.3576871, 30.5366563], [114.3576376, 30.5366989], [114.3573899, 30.536766], [114.357266, 30.5367995], [114.3571775, 30.5368514], [114.3571067, 30.5369306], [114.3570218, 30.5370251], [114.3568484, 30.5370708], [114.3566183, 30.5371044]]]}, "properties": {"id": 18176, "block_id": 18176, "area_sqm": 16814, "poi_count": 11, "dominant_category": "科教文化服务", "category_entropy": 1.241, "street_block_id": 3692}}, {"type": "Feature", "geometry": {"type": "Polygon", "coordinates": [[[114.3690865, 30.5371801], [114.3691774, 30.537434], [114.3689138, 30.5371598], [114.3685845, 30.5370568], [114.3683018, 30.5368563], [114.3680266, 30.5367985], [114.367694, 30.5366474], [114.3672831, 30.5366068], [114.3672406, 30.5365858], [114.3676564, 30.5360179], [114.3680381, 30.5362899], [114.3683945, 30.5365194], [114.3686681, 30.5367643], [114.3688236, 30.5369306], [114.3689631, 30.5370369], [114.3690865, 30.5371801]]]}, "properties": {"id": 18203, "block_id": 18203, "area_sqm": 7444, "poi_count": 2, "dominant_category": "商务住宅", "category_entropy": 0.0, "street_block_id": 2446}}, {"type": "Feature", "geometry": {"type": "Polygon", "coordinates": [[[114.3719599, 30.5371969], [114.3719559, 30.5374839], [114.3718371, 30.537469], [114.3714068, 30.5374359], [114.3712883, 30.5374684], [114.3712709, 30.5374028], [114.3712172, 30.5373104], [114.3711046, 30.5370286], [114.3705842, 30.536682], [114.3697518, 30.5363162], [114.3683033, 30.5357548], [114.3683937, 30.5355424], [114.3684215, 30.5354567], [114.368877, 30.5356397], [114.3694699, 30.5358778], [114.3695373, 30.5359049], [114.3699128, 30.5359927], [114.3702735, 30.5360992], [114.370515, 30.5362161], [114.3706706, 30.5363322], [114.3707979, 30.5364455], [114.3709857, 30.5364778], [114.371388, 30.5365102], [114.3715972, 30.5365564], [114.371726, 30.5366996], [114.3717986, 30.5367382], [114.3718386, 30.536829], [114.3719634, 30.5368839], [114.3719599, 30.5371969]]]}, "properties": {"id": 18208, "block_id": 18208, "area_sqm": 18393, "poi_count": 20, "dominant_category": "地名地址信息", "category_entropy": 1.895, "street_block_id": 2355}}, {"type": "Feature", "geometry": {"type": "Polygon", "coordinates": [[[114.352005, 30.5375955], [114.3515899, 30.5376272], [114.3513358, 30.5375833], [114.3512828, 30.5371883], [114.3512191, 30.5367921], [114.3511547, 30.5364305], [114.3511963, 30.536367], [114.3512982, 30.5363], [114.3519473, 30.5361833], [114.3520828, 30.5367595], [114.3520956, 30.5368364], [114.3521948, 30.5372222], [114.3522673, 30.5374578], [114.3522747, 30.5375369], [114.3522719, 30.5375748], [114.352005, 30.5375955]]]}, "properties": {"id": 18215, "block_id": 18215, "area_sqm": 12641, "poi_count": 1, "dominant_category": "交通设施服务", "category_entropy": 0.0, "street_block_id": 3752}}, {"type": "Feature", "geometry": {"type": "Polygon", "coordinates": [[[114.3692954, 30.5376003], [114.3692346, 30.5376714], [114.3681564, 30.5372639], [114.367738, 30.5370699], [114.3671854, 30.536885], [114.366938, 30.5368225], [114.3670929, 30.5365128], [114.3672406, 30.5365858], [114.3672831, 30.5366068], [114.367694, 30.5366474], [114.3680266, 30.5367985], [114.3683018, 30.5368563], [114.3685845, 30.5370568], [114.3689138, 30.5371598], [114.3691774, 30.537434], [114.3692954, 30.5376003]]]}, "properties": {"id": 18219, "block_id": 18219, "area_sqm": 8824, "poi_count": 8, "dominant_category": "科教文化服务", "category_entropy": 0.736, "street_block_id": 2447}}, {"type": "Feature", "geometry": {"type": "Polygon", "coordinates": [[[114.3507328, 30.5373724], [114.3499535, 30.5377532], [114.3493927, 30.5368907], [114.3496059, 30.536785], [114.3501423, 30.5365332], [114.3503515, 30.5364685], [114.3504454, 30.5364524], [114.3505151, 30.5364616], [114.3506159, 30.536572], [114.3507405, 30.5368524], [114.3508156, 30.5371573], [114.3508342, 30.537361], [114.3507328, 30.5373724]]]}, "properties": {"id": 18228, "block_id": 18228, "area_sqm": 12193, "poi_count": 3, "dominant_category": "地名地址信息", "category_entropy": 1.099, "street_block_id": 3724}}, {"type": "Feature", "geometry": {"type": "Polygon", "coordinates": [[[114.3522719, 30.5375748], [114.3522512, 30.5378565], [114.3520362, 30.5378034], [114.3519049, 30.5377846], [114.3517604, 30.5377716], [114.3516511, 30.5377601], [114.3514179, 30.5377508], [114.351334, 30.5377775], [114.3512179, 30.5378053], [114.3511518, 30.5378001], [114.3510482, 30.537768], [114.3510892, 30.5376424], [114.3510839, 30.5372081], [114.3510248, 30.5368708], [114.3509001, 30.5365604], [114.3508458, 30.5364266], [114.3508303, 30.5362633], [114.3508288, 30.5362473], [114.3508739, 30.5361775], [114.3509891, 30.5360797], [114.3511794, 30.5359573], [114.3516977, 30.5356979], [114.352153854, 30.53546955], [114.3522864, 30.5355604], [114.3527677, 30.5358909], [114.3527412, 30.5359212], [114.3526487, 30.5360951], [114.3523353, 30.536126], [114.3520917, 30.5360881], [114.3519473, 30.5361833], [114.3512982, 30.5363], [114.3511963, 30.536367], [114.3511547, 30.5364305], [114.3512191, 30.5367921], [114.3512828, 30.5371883], [114.3513358, 30.5375833], [114.3515899, 30.5376272], [114.352005, 30.5375955], [114.3522719, 30.5375748]]]}, "properties": {"id": 18239, "block_id": 18239, "area_sqm": 14496, "poi_count": 3, "dominant_category": "商务住宅", "category_entropy": 1.099, "street_block_id": 3752}}, {"type": "Feature", "geometry": {"type": "Polygon", "coordinates": [[[114.3610129, 30.5368449], [114.360619364, 30.537880611], [114.3605305, 30.5378221], [114.3601657, 30.5376835], [114.3597473, 30.5375171], [114.3595005, 30.5373231], [114.3593289, 30.5371105], [114.3591679, 30.5369627], [114.3589426, 30.5367594], [114.3589105, 30.5366023], [114.3589646, 30.5364297], [114.3591465, 30.5363158], [114.3592645, 30.5361957], [114.3594469, 30.5360848], [114.3597366, 30.5360294], [114.3600155, 30.5360017], [114.3603159, 30.5359647], [114.3607451, 30.5357984], [114.361067, 30.5357614], [114.3613137, 30.5357614], [114.361418087, 30.535778686], [114.3610129, 30.5368449]]]}, "properties": {"id": 18244, "block_id": 18244, "area_sqm": 33144, "poi_count": 4, "dominant_category": "科教文化服务", "category_entropy": 1.04, "street_block_id": 2447}}, {"type": "Feature", "geometry": {"type": "Polygon", "coordinates": [[[114.3557453, 30.5379931], [114.3557066, 30.537997], [114.3556715, 30.5379947], [114.355623, 30.5379916], [114.3555933, 30.5379916], [114.3555537, 30.5379829], [114.3555663, 30.5379583], [114.3555843, 30.5378839], [114.3555735, 30.537825], [114.3555375, 30.5377568], [114.3554943, 30.537701], [114.3554475, 30.5376638], [114.3553755, 30.5376297], [114.3552928, 30.5376111], [114.35521, 30.5375987], [114.3551524, 30.5375832], [114.3550984, 30.5375553], [114.3550625, 30.5375181], [114.3550049, 30.5374499], [114.3549761, 30.5373786], [114.3550085, 30.5372268], [114.3550085, 30.5371648], [114.3550445, 30.5371407], [114.355093, 30.537116], [114.3551686, 30.5371082], [114.3552388, 30.5371221], [114.3553126, 30.5371407], [114.3553899, 30.5371493], [114.3555015, 30.5371958], [114.3555591, 30.5372702], [114.3555843, 30.5373724], [114.3556167, 30.5374685], [114.3556886, 30.5375212], [114.3557966, 30.5375677], [114.3558794, 30.5376235], [114.3558938, 30.5376917], [114.3558974, 30.5377754], [114.3558614, 30.5378312], [114.3558146, 30.5378684], [114.3558305, 30.5379459], [114.3557935, 30.5379675], [114.3557895, 30.5379854], [114.3557453, 30.5379931]]]}, "properties": {"id": 18261, "block_id": 18261, "area_sqm": 4281, "poi_count": 1, "dominant_category": "风景名胜", "category_entropy": 0.0, "street_block_id": 3693}}, {"type": "Feature", "geometry": {"type": "Polygon", "coordinates": [[[114.356522, 30.53817], [114.3560984, 30.5382566], [114.3560501, 30.5381767], [114.3559615, 30.5381287], [114.3558714, 30.5381213], [114.3558541, 30.5380444], [114.355891, 30.5380228], [114.3558994, 30.537985], [114.355963, 30.5379614], [114.3560359, 30.5379366], [114.3560899, 30.5379203], [114.3561592, 30.5378885], [114.3562086, 30.5378552], [114.3562461, 30.5378821], [114.3562842, 30.5378865], [114.356357, 30.5379122], [114.3564362, 30.5379417], [114.356467, 30.5379587], [114.356522, 30.53817]]]}, "properties": {"id": 18288, "block_id": 18288, "area_sqm": 1792, "poi_count": 1, "dominant_category": "交通设施服务", "category_entropy": 0.0, "street_block_id": 3693}}, {"type": "Feature", "geometry": {"type": "Polygon", "coordinates": [[[114.3589823, 30.5385462], [114.3589163, 30.5387735], [114.3588218, 30.5387453], [114.3582907, 30.5386333], [114.3581868, 30.5386011], [114.3582713, 30.5383813], [114.3588203, 30.5382889], [114.3588781, 30.5384323], [114.3589187, 30.5384767], [114.3589823, 30.5385462]]]}, "properties": {"id": 18351, "block_id": 18351, "area_sqm": 2641, "poi_count": 2, "dominant_category": "商务住宅", "category_entropy": 0.693, "street_block_id": 3696}}, {"type": "Feature", "geometry": {"type": "Polygon", "coordinates": [[[114.3543944, 30.5377775], [114.3533663, 30.538052], [114.3533404, 30.5378474], [114.3533158, 30.5376764], [114.3532636, 30.5375615], [114.3531925, 30.5373954], [114.3531606, 30.537303], [114.3531092, 30.5368519], [114.3533832, 30.5368261], [114.3537035, 30.5368011], [114.3537075, 30.5367101], [114.3538436, 30.5365986], [114.3538848, 30.5365686], [114.3539861, 30.5366709], [114.354167, 30.5368908], [114.3542647, 30.537037], [114.3543424, 30.5371917], [114.3544179, 30.5373744], [114.354471, 30.5375395], [114.3545193, 30.5377286], [114.3545254, 30.5377493], [114.3543944, 30.5377775]]]}, "properties": {"id": 18269, "block_id": 18269, "area_sqm": 14110, "poi_count": 5, "dominant_category": "科教文化服务", "category_entropy": 0.5, "street_block_id": 3753}}, {"type": "Feature", "geometry": {"type": "Polygon", "coordinates": [[[114.3592121, 30.5383341], [114.3589187, 30.5384767], [114.3588781, 30.5384323], [114.3588203, 30.5382889], [114.358744, 30.5380996], [114.358685, 30.537827], [114.3586099, 30.5375729], [114.3585026, 30.5371987], [114.3583792, 30.5370554], [114.3581056, 30.5367921], [114.3580403, 30.5366999], [114.3580599, 30.5364753], [114.3581064, 30.5367056], [114.3585101, 30.5370278], [114.3588218, 30.5371502], [114.3589741, 30.5373443], [114.3591002, 30.5374991], [114.359304, 30.5379045], [114.3594132, 30.5380319], [114.3595385, 30.5381868], [114.3592121, 30.5383341]]]}, "properties": {"id": 18310, "block_id": 18310, "area_sqm": 8045, "poi_count": 17, "dominant_category": "餐饮服务", "category_entropy": 1.091, "street_block_id": 3695}}, {"type": "Feature", "geometry": {"type": "Polygon", "coordinates": [[[114.3552211, 30.5385119], [114.3549822, 30.5386286], [114.3549594, 30.5385847], [114.3548847, 30.5384251], [114.3547798, 30.5381751], [114.3547023, 30.5379244], [114.3546394, 30.5377259], [114.3545741, 30.5375141], [114.3545525, 30.5374519], [114.3547158, 30.5374024], [114.3547659, 30.5373873], [114.3548187, 30.5373998], [114.3549029, 30.5374102], [114.3549761, 30.5373786], [114.3550049, 30.5374499], [114.3550625, 30.5375181], [114.3550984, 30.5375553], [114.3551524, 30.5375832], [114.35521, 30.5375987], [114.3552928, 30.5376111], [114.3553755, 30.5376297], [114.3554475, 30.5376638], [114.3554943, 30.537701], [114.3555375, 30.5377568], [114.3555735, 30.537825], [114.3555843, 30.5378839], [114.3555663, 30.5379583], [114.3555537, 30.5379829], [114.3555411, 30.5380078], [114.3554943, 30.538045], [114.3553971, 30.5381039], [114.3553504, 30.538169], [114.3553144, 30.5382372], [114.3553072, 30.5383271], [114.3553202, 30.5384158], [114.3552533, 30.5384634], [114.3552211, 30.5385119]]]}, "properties": {"id": 18330, "block_id": 18330, "area_sqm": 7706, "poi_count": 2, "dominant_category": "科教文化服务", "category_entropy": 0.0, "street_block_id": 3693}}, {"type": "Feature", "geometry": {"type": "Polygon", "coordinates": [[[114.3481793, 30.5386204], [114.3481263, 30.5386456], [114.3479736, 30.538412], [114.3477073, 30.5380327], [114.3476755, 30.5379069], [114.3475857, 30.5377693], [114.3476908, 30.537723], [114.3482369, 30.5374552], [114.3484418, 30.5373534], [114.3486794, 30.5372397], [114.3489487, 30.5371108], [114.3493927, 30.5368907], [114.3499535, 30.5377532], [114.3481793, 30.5386204]]]}, "properties": {"id": 18333, "block_id": 18333, "area_sqm": 22083, "poi_count": 12, "dominant_category": "地名地址信息", "category_entropy": 1.199, "street_block_id": 3756}}, {"type": "Feature", "geometry": {"type": "Polygon", "coordinates": [[[114.3700749, 30.5382808], [114.3694549, 30.5386648], [114.3693288, 30.5385101], [114.3692978, 30.5383954], [114.3694113, 30.5383077], [114.3695621, 30.5382267], [114.3699041, 30.53802], [114.3701218, 30.5379377], [114.3702258, 30.5378922], [114.3702971, 30.5378463], [114.3704277, 30.5377358], [114.370478, 30.5376249], [114.3705062, 30.5375047], [114.3705169, 30.537402], [114.3705035, 30.53729], [114.3704767, 30.537201], [114.3704378, 30.5370774], [114.370352, 30.5369815], [114.3702534, 30.536881], [114.3700622, 30.5368568], [114.3699631, 30.5368567], [114.3695728, 30.5367332], [114.3694982, 30.5366996], [114.3681352, 30.5361287], [114.3683033, 30.5357548], [114.3697518, 30.5363162], [114.3705842, 30.536682], [114.3711046, 30.5370286], [114.3712172, 30.5373104], [114.3712709, 30.5374028], [114.3712883, 30.5374684], [114.3711491, 30.5376155], [114.3709775, 30.5377888], [114.3706435, 30.5379956], [114.3700749, 30.5382808]]]}, "properties": {"id": 18335, "block_id": 18335, "area_sqm": 22735, "poi_count": 9, "dominant_category": "地名地址信息", "category_entropy": 0.937, "street_block_id": 2448}}, {"type": "Feature", "geometry": {"type": "Polygon", "coordinates": [[[114.361724, 30.5387084], [114.3618054, 30.5389259], [114.3614633, 30.5388678], [114.3607035, 30.5387568], [114.3606502, 30.538749], [114.3605483, 30.5387041], [114.360341182, 30.538612733], [114.360619364, 30.537880611], [114.3607129, 30.5379422], [114.3610562, 30.5381732], [114.3614425, 30.5383303], [114.3616126, 30.5384242], [114.3616865, 30.5385567], [114.361724, 30.5387084]]]}, "properties": {"id": 18371, "block_id": 18371, "area_sqm": 8580, "poi_count": 4, "dominant_category": "科教文化服务", "category_entropy": 1.04, "street_block_id": 2446}}, {"type": "Feature", "geometry": {"type": "Polygon", "coordinates": [[[114.361918, 30.5388571], [114.3618054, 30.5389259], [114.361724, 30.5387084], [114.3616865, 30.5385567], [114.3616126, 30.5384242], [114.3614425, 30.5383303], [114.3610562, 30.5381732], [114.3607129, 30.5379422], [114.360619364, 30.537880611], [114.3610129, 30.5368449], [114.361418087, 30.535778686], [114.3615927, 30.5358076], [114.361936, 30.5358076], [114.3624081, 30.5358261], [114.3626639, 30.5358207], [114.3628479, 30.5358168], [114.3630518, 30.535863], [114.3633951, 30.5358815], [114.3637599, 30.5358538], [114.3641032, 30.5358353], [114.3647362, 30.5359647], [114.3652204, 30.535923], [114.3657301, 30.5360135], [114.3661238, 30.5361831], [114.3664746, 30.5363656], [114.3670036, 30.5364686], [114.3670929, 30.5365128], [114.366938, 30.5368225], [114.3671854, 30.536885], [114.367738, 30.5370699], [114.3681564, 30.5372639], [114.3692346, 30.5376714], [114.3691452, 30.5377759], [114.3689307, 30.5378313], [114.3686195, 30.5379792], [114.3683298, 30.5381362], [114.3676969, 30.5382009], [114.3673803, 30.538224], [114.3668814, 30.5382287], [114.3664523, 30.5382379], [114.3660231, 30.538201], [114.3656905, 30.5381825], [114.3653365, 30.5381836], [114.3650093, 30.5381848], [114.3646933, 30.5381986], [114.3643526, 30.5381986], [114.3640731, 30.5382177], [114.3638368, 30.5383075], [114.3632905, 30.5383441], [114.3629136, 30.5385764], [114.3624081, 30.5386445], [114.3621291, 30.5386999], [114.361918, 30.5388571]]]}, "properties": {"id": 18372, "block_id": 18372, "area_sqm": 172902, "poi_count": 30, "dominant_category": "科教文化服务", "category_entropy": 1.811, "street_block_id": 2447}}, {"type": "Feature", "geometry": {"type": "Polygon", "coordinates": [[[114.3581417, 30.5387184], [114.3580361, 30.5389635], [114.3580268, 30.5389448], [114.3577695, 30.5384277], [114.3573931, 30.5384983], [114.3570848, 30.5386393], [114.357034, 30.5386625], [114.3570018, 30.5386772], [114.3569251, 30.5386891], [114.3567801, 30.5381214], [114.3565298, 30.5371409], [114.3566183, 30.5371044], [114.3568484, 30.5370708], [114.3570218, 30.5370251], [114.3571067, 30.5369306], [114.3571775, 30.5368514], [114.357266, 30.5367995], [114.3573899, 30.536766], [114.3576376, 30.5366989], [114.3576871, 30.5366563], [114.3577084, 30.5365892], [114.3577261, 30.5364856], [114.3578323, 30.5364337], [114.357949, 30.5363027], [114.3580599, 30.5364753], [114.3580403, 30.5366999], [114.3580774, 30.5371321], [114.3582503, 30.5376222], [114.3583973, 30.5380902], [114.3582713, 30.5383813], [114.3581868, 30.5386011], [114.3581417, 30.5387184]]]}, "properties": {"id": 18379, "block_id": 18379, "area_sqm": 29572, "poi_count": 11, "dominant_category": "科教文化服务", "category_entropy": 1.468, "street_block_id": 3694}}, {"type": "Feature", "geometry": {"type": "Polygon", "coordinates": [[[114.3436165, 30.538922], [114.3427394, 30.5390929], [114.3428923, 30.5389797], [114.3431954, 30.5389196], [114.3443487, 30.538684], [114.3449683, 30.5385477], [114.3455209, 30.5384068], [114.3459446, 30.5382843], [114.3463094, 30.5381481], [114.3467842, 30.5379309], [114.347333, 30.5376693], [114.3480502, 30.5373187], [114.3487154, 30.5369883], [114.3494905, 30.5366048], [114.3494986, 30.5366002], [114.3495326, 30.5366518], [114.3491899, 30.5368221], [114.3486588, 30.53709], [114.3482967, 30.5372679], [114.3477978, 30.5375128], [114.3474411, 30.5376814], [114.3470497, 30.5378801], [114.3466501, 30.5380695], [114.3462987, 30.5382243], [114.3460348, 30.5383277], [114.3458535, 30.5383864], [114.3457209, 30.5384293], [114.3452866, 30.538547], [114.3448235, 30.5386517], [114.3441207, 30.5388088], [114.3436165, 30.538922]]]}, "properties": {"id": 18403, "block_id": 18403, "area_sqm": 5360, "poi_count": 2, "dominant_category": "交通设施服务", "category_entropy": 0.0, "street_block_id": 3741}}, {"type": "Feature", "geometry": {"type": "Polygon", "coordinates": [[[114.3600422, 30.5390976], [114.3599456, 30.5392178], [114.3594843, 30.5389405], [114.359259, 30.5387372], [114.3590658, 30.5385802], [114.3589823, 30.5385462], [114.3589187, 30.5384767], [114.3592121, 30.5383341], [114.3595385, 30.5381868], [114.3596386, 30.5383105], [114.3600684, 30.5384924], [114.360341182, 30.538612733], [114.3602728, 30.5387927], [114.3602031, 30.5388943], [114.3600422, 30.5390976]]]}, "properties": {"id": 18429, "block_id": 18429, "area_sqm": 7664, "poi_count": 5, "dominant_category": "商务住宅", "category_entropy": 1.332, "street_block_id": 3695}}, {"type": "Feature", "geometry": {"type": "Polygon", "coordinates": [[[114.3650437, 30.539283], [114.3649526, 30.5392919], [114.3645686, 30.5392636], [114.3641539, 30.539193], [114.363911, 30.5391517], [114.363333, 30.5390085], [114.3630174, 30.5388793], [114.3623824, 30.5388146], [114.3622222, 30.5388759], [114.3620208, 30.538934], [114.3618054, 30.5389259], [114.361918, 30.5388571], [114.3621291, 30.5386999], [114.3624081, 30.5386445], [114.3629136, 30.5385764], [114.3632905, 30.5383441], [114.3638368, 30.5383075], [114.3640731, 30.5382177], [114.3643526, 30.5381986], [114.3646933, 30.5381986], [114.3650093, 30.5381848], [114.3653365, 30.5381836], [114.3656905, 30.5381825], [114.3660231, 30.538201], [114.3664523, 30.5382379], [114.3668814, 30.5382287], [114.3673803, 30.538224], [114.3676969, 30.5382009], [114.3683298, 30.5381362], [114.3686195, 30.5379792], [114.3689307, 30.5378313], [114.3691452, 30.5377759], [114.3692346, 30.5376714], [114.3692954, 30.5376003], [114.3691774, 30.537434], [114.3690865, 30.5371801], [114.3689631, 30.5370369], [114.3688236, 30.5369306], [114.3686681, 30.5367643], [114.3683945, 30.5365194], [114.3687432, 30.536658], [114.369175, 30.536926], [114.3694112, 30.5370046], [114.3696135, 30.536941], [114.3699631, 30.5368567], [114.3700622, 30.5368568], [114.3702534, 30.536881], [114.370352, 30.5369815], [114.3704378, 30.5370774], [114.3704767, 30.537201], [114.3705035, 30.53729], [114.3705169, 30.537402], [114.3705062, 30.5375047], [114.370478, 30.5376249], [114.3704277, 30.5377358], [114.3702971, 30.5378463], [114.3702258, 30.5378922], [114.3701218, 30.5379377], [114.3699041, 30.53802], [114.3695621, 30.5382267], [114.3694113, 30.5383077], [114.3692978, 30.5383954], [114.3693288, 30.5385101], [114.3694549, 30.5386648], [114.3693039, 30.5387792], [114.3692355, 30.5388358], [114.3691175, 30.5389038], [114.368992, 30.5389588], [114.3688756, 30.5390064], [114.3686567, 30.5390807], [114.368555, 30.5391183], [114.3677244, 30.5390956], [114.3676773, 30.5391023], [114.3674066, 30.5390933], [114.3670619, 30.5390944], [114.3669714, 30.5391224], [114.3667575, 30.5391163], [114.3665349, 30.5390841], [114.3662371, 30.5390101], [114.3659274, 30.539009], [114.3657579, 30.5391605], [114.3656936, 30.5391702], [114.3656296, 30.5391799], [114.3653882, 30.5392492], [114.3650437, 30.539283]]]}, "properties": {"id": 18445, "block_id": 18445, "area_sqm": 81558, "poi_count": 3, "dominant_category": "地名地址信息", "category_entropy": 0.637, "street_block_id": 2448}}, {"type": "Feature", "geometry": {"type": "Polygon", "coordinates": [[[114.3588331, 30.5390602], [114.3587524, 30.5393381], [114.3584217, 30.5393295], [114.3582077, 30.5393239], [114.3580669, 30.5392846], [114.3580093, 30.5392222], [114.3579587, 30.5391253], [114.3580361, 30.5389635], [114.3581417, 30.5387184], [114.3581868, 30.5386011], [114.3582907, 30.5386333], [114.3588218, 30.5387453], [114.3589163, 30.5387735], [114.3588331, 30.5390602]]]}, "properties": {"id": 18453, "block_id": 18453, "area_sqm": 5446, "poi_count": 3, "dominant_category": "商务住宅", "category_entropy": 0.637, "street_block_id": 3696}}, {"type": "Feature", "geometry": {"type": "Polygon", "coordinates": [[[114.3571764, 30.5393281], [114.3571564, 30.5393744], [114.3571293, 30.5393483], [114.3570743, 30.5393628], [114.3569618, 30.5389014], [114.3569235, 30.5388769], [114.3569446, 30.5387576], [114.3570018, 30.5386772], [114.357034, 30.5386625], [114.3572035, 30.5389573], [114.3572306, 30.5391699], [114.3571764, 30.5393281]]]}, "properties": {"id": 18462, "block_id": 18462, "area_sqm": 1294, "poi_count": 1, "dominant_category": "通行设施", "category_entropy": 0.0, "street_block_id": 3694}}, {"type": "Feature", "geometry": {"type": "Polygon", "coordinates": [[[114.3676557, 30.5393263], [114.3676443, 30.5393787], [114.3675752, 30.5393702], [114.3669946, 30.5393366], [114.3669714, 30.5391224], [114.3670619, 30.5390944], [114.3674066, 30.5390933], [114.3676773, 30.5391023], [114.3676557, 30.5393263]]]}, "properties": {"id": 18464, "block_id": 18464, "area_sqm": 1877, "poi_count": 1, "dominant_category": "商务住宅", "category_entropy": 0.0, "street_block_id": 2460}}, {"type": "Feature", "geometry": {"type": "Polygon", "coordinates": [[[114.357683, 30.5394025], [114.3576344, 30.5394451], [114.3575467, 30.5393825], [114.3574383, 30.5393488], [114.3572306, 30.5391699], [114.3572697, 30.5390558], [114.3572847, 30.5389573], [114.3572576, 30.5388743], [114.3572035, 30.5387913], [114.3571643, 30.538685], [114.3570848, 30.5386393], [114.3573931, 30.5384983], [114.3577695, 30.5384277], [114.3580268, 30.5389448], [114.3579406, 30.539089], [114.357683, 30.5394025]]]}, "properties": {"id": 18478, "block_id": 18478, "area_sqm": 6149, "poi_count": 2, "dominant_category": "科教文化服务", "category_entropy": 0.693, "street_block_id": 3694}}, {"type": "Feature", "geometry": {"type": "Polygon", "coordinates": [[[114.368555, 30.5391183], [114.3685199, 30.5394586], [114.3676443, 30.5393787], [114.3676557, 30.5393263], [114.3676773, 30.5391023], [114.3677244, 30.5390956], [114.368555, 30.5391183]]]}, "properties": {"id": 18481, "block_id": 18481, "area_sqm": 2921, "poi_count": 3, "dominant_category": "商务住宅", "category_entropy": 0.0, "street_block_id": 2461}}, {"type": "Feature", "geometry": {"type": "Polygon", "coordinates": [[[114.3560832, 30.5391977], [114.3560183, 30.5394851], [114.3558258, 30.539424], [114.3555314, 30.5392899], [114.355359, 30.5391647], [114.3553131, 30.5391266], [114.3559945, 30.5391334], [114.3560832, 30.5391977]]]}, "properties": {"id": 18483, "block_id": 18483, "area_sqm": 1674, "poi_count": 1, "dominant_category": "风景名胜", "category_entropy": 0.0, "street_block_id": 3698}}, {"type": "Feature", "geometry": {"type": "Polygon", "coordinates": [[[114.3684871, 30.5397121], [114.3682511, 30.5397179], [114.3677499, 30.5396804], [114.3675815, 30.5396655], [114.3676443, 30.5393787], [114.3685199, 30.5394586], [114.3684871, 30.5397121]]]}, "properties": {"id": 18509, "block_id": 18509, "area_sqm": 2684, "poi_count": 2, "dominant_category": "商务住宅", "category_entropy": 0.0, "street_block_id": 2463}}, {"type": "Feature", "geometry": {"type": "Polygon", "coordinates": [[[114.3693642, 30.5397306], [114.3692797, 30.5397398], [114.3690249, 30.5397156], [114.3687017, 30.5397121], [114.3684871, 30.5397121], [114.3685199, 30.5394586], [114.368555, 30.5391183], [114.3686567, 30.5390807], [114.3694179, 30.5391796], [114.3696807, 30.5392178], [114.369792, 30.5393067], [114.3696405, 30.5394776], [114.3694688, 30.5396324], [114.3693642, 30.5397306]]]}, "properties": {"id": 18514, "block_id": 18514, "area_sqm": 6778, "poi_count": 7, "dominant_category": "科教文化服务", "category_entropy": 1.154, "street_block_id": 2359}}, {"type": "Feature", "geometry": {"type": "Polygon", "coordinates": [[[114.3388663, 30.539742], [114.3387697, 30.5397467], [114.3389065, 30.5396704], [114.3393115, 30.539652], [114.3397943, 30.5396289], [114.3398258, 30.5396279], [114.3400427, 30.5396213], [114.3404756, 30.539585], [114.3407546, 30.5395434], [114.3411354, 30.5394695], [114.3417336, 30.5393332], [114.3422754, 30.5392107], [114.3427394, 30.5390929], [114.3436165, 30.538922], [114.3441207, 30.5388088], [114.3448235, 30.5386517], [114.3452866, 30.538547], [114.3457209, 30.5384293], [114.3458535, 30.5383864], [114.3460348, 30.5383277], [114.3462987, 30.5382243], [114.3466501, 30.5380695], [114.3470497, 30.5378801], [114.3474411, 30.5376814], [114.3477978, 30.5375128], [114.3482967, 30.5372679], [114.3486588, 30.53709], [114.3491899, 30.5368221], [114.3495326, 30.5366518], [114.3498363, 30.5365009], [114.3504686, 30.5361847], [114.3504999, 30.536267], [114.3501528, 30.5364201], [114.3500172, 30.5364861], [114.3492221, 30.5368729], [114.3485837, 30.5371986], [114.3479588, 30.5374989], [114.3474813, 30.5377346], [114.3470899, 30.5379332], [114.3466796, 30.538118], [114.3463255, 30.5382774], [114.3460493, 30.5383837], [114.3457301, 30.5384876], [114.3453064, 30.5386123], [114.3448315, 30.538721], [114.3441422, 30.5388734], [114.3436272, 30.5389658], [114.3427421, 30.539146], [114.3422807, 30.5392639], [114.3417416, 30.5393886], [114.3411354, 30.5395249], [114.3407733, 30.5396011], [114.3404783, 30.539645], [114.3400384, 30.5396774], [114.3392016, 30.5397166], [114.3390347, 30.5397257], [114.3388663, 30.539742]]]}, "properties": {"id": 18517, "block_id": 18517, "area_sqm": 7875, "poi_count": 4, "dominant_category": "交通设施服务", "category_entropy": 1.04, "street_block_id": 3741}}, {"type": "Feature", "geometry": {"type": "Polygon", "coordinates": [[[114.3569054, 30.5398224], [114.3567925, 30.5398259], [114.3567702, 30.5398173], [114.3567351, 30.5397771], [114.3566881, 30.5397473], [114.3565473, 30.5396683], [114.3564469, 30.5396109], [114.356432, 30.539547], [114.3563046, 30.5393945], [114.3561269, 30.5392576], [114.3560832, 30.5391977], [114.3559945, 30.5391334], [114.3553131, 30.5391266], [114.3552306, 30.5390237], [114.3552976, 30.5389439], [114.3552801, 30.5388573], [114.3552185, 30.5387845], [114.3551232, 30.538758], [114.3550703, 30.5387788], [114.3550388, 30.538725], [114.3549822, 30.5386286], [114.3552211, 30.5385119], [114.3552533, 30.5384634], [114.3553202, 30.5384158], [114.3557097, 30.5383362], [114.3560984, 30.5382566], [114.356522, 30.53817], [114.3565357, 30.5382243], [114.356712, 30.5389209], [114.3569102, 30.5397602], [114.3569054, 30.5398224]]]}, "properties": {"id": 18530, "block_id": 18530, "area_sqm": 16407, "poi_count": 8, "dominant_category": "科教文化服务", "category_entropy": 0.9, "street_block_id": 3693}}, {"type": "Feature", "geometry": {"type": "Polygon", "coordinates": [[[114.3669718, 30.5397296], [114.3669451, 30.5398722], [114.3666244, 30.5397884], [114.3662385, 30.5397623], [114.366008, 30.5397397], [114.3660088, 30.5396139], [114.365927, 30.5395504], [114.3656267, 30.5394581], [114.3656716, 30.539392], [114.3656936, 30.5391702], [114.3657579, 30.5391605], [114.3659274, 30.539009], [114.3662371, 30.5390101], [114.3665349, 30.5390841], [114.3667575, 30.5391163], [114.3669714, 30.5391224], [114.3669946, 30.5393366], [114.3670015, 30.5393998], [114.3669823, 30.5396125], [114.3669718, 30.5397296]]]}, "properties": {"id": 18536, "block_id": 18536, "area_sqm": 9067, "poi_count": 13, "dominant_category": "生活服务", "category_entropy": 1.378, "street_block_id": 2452}}, {"type": "Feature", "geometry": {"type": "Polygon", "coordinates": [[[114.3660048, 30.5397976], [114.3658358, 30.5399385], [114.3654174, 30.5399223], [114.3653382, 30.5398611], [114.3653436, 30.5396358], [114.3655837, 30.5395215], [114.3656267, 30.5394581], [114.365927, 30.5395504], [114.3660088, 30.5396139], [114.366008, 30.5397397], [114.3660048, 30.5397976]]]}, "properties": {"id": 18547, "block_id": 18547, "area_sqm": 2623, "poi_count": 3, "dominant_category": "政府机构及社会团体", "category_entropy": 1.099, "street_block_id": 2452}}, {"type": "Feature", "geometry": {"type": "Polygon", "coordinates": [[[114.3535385, 30.5400268], [114.353161, 30.5400933], [114.3524411, 30.5400708], [114.3526648, 30.5389174], [114.3526589, 30.5386909], [114.3526554, 30.5386241], [114.3527103, 30.5385482], [114.3528547, 30.5386216], [114.3529022, 30.5390018], [114.352929, 30.5391369], [114.3531382, 30.5392963], [114.3535995, 30.5392478], [114.3537766, 30.5392293], [114.353849, 30.5392663], [114.3539285, 30.5395434], [114.3537793, 30.5397305], [114.3535385, 30.5400268]]]}, "properties": {"id": 18566, "block_id": 18566, "area_sqm": 12760, "poi_count": 4, "dominant_category": "科教文化服务", "category_entropy": 0.562, "street_block_id": 3725}}, {"type": "Feature", "geometry": {"type": "Polygon", "coordinates": [[[114.3564722, 30.539672], [114.3562838, 30.5403493], [114.3558852, 30.5403038], [114.3560012, 30.5395312], [114.3562051, 30.5395762], [114.3563341, 30.5396134], [114.3564722, 30.539672]]]}, "properties": {"id": 18632, "block_id": 18632, "area_sqm": 3557, "poi_count": 1, "dominant_category": "风景名胜", "category_entropy": 0.0, "street_block_id": 3700}}, {"type": "Feature", "geometry": {"type": "Polygon", "coordinates": [[[114.3507041, 30.5401678], [114.3506391, 30.5404399], [114.3499719, 30.540307], [114.350059, 30.5400425], [114.3503943, 30.5401095], [114.3507041, 30.5401678]]]}, "properties": {"id": 18645, "block_id": 18645, "area_sqm": 1971, "poi_count": 1, "dominant_category": "地名地址信息", "category_entropy": 0.0, "street_block_id": 3727}}, {"type": "Feature", "geometry": {"type": "Polygon", "coordinates": [[[114.3524411, 30.5400708], [114.352345, 30.5405905], [114.3519077, 30.5405298], [114.3510914, 30.5404204], [114.3508294, 30.5403823], [114.3509284, 30.539923], [114.350955, 30.5398994], [114.3509765, 30.5398855], [114.3510181, 30.5398751], [114.351061, 30.5398693], [114.3510208, 30.539859], [114.3509886, 30.5398416], [114.3509725, 30.5398255], [114.350955, 30.5398005], [114.3510038, 30.5395761], [114.3510252, 30.539456], [114.3510507, 30.5393913], [114.3511249, 30.5392998], [114.3511607, 30.5392156], [114.3511801, 30.5390744], [114.3511908, 30.5389366], [114.3511848, 30.538868], [114.3511648, 30.5387888], [114.3511193, 30.5387294], [114.3510412, 30.5386281], [114.3510228, 30.538559], [114.3510061, 30.5384861], [114.3510021, 30.5384034], [114.3510342, 30.5383168], [114.3516515, 30.5384194], [114.3516866, 30.5382352], [114.3519331, 30.5382685], [114.3519105, 30.5383945], [114.3526822, 30.5384749], [114.3527103, 30.5385482], [114.3526554, 30.5386241], [114.3526589, 30.5386909], [114.3526648, 30.5389174], [114.3524411, 30.5400708]]]}, "properties": {"id": 18662, "block_id": 18662, "area_sqm": 34387, "poi_count": 3, "dominant_category": "体育休闲服务", "category_entropy": 0.637, "street_block_id": 3725}}, {"type": "Feature", "geometry": {"type": "Polygon", "coordinates": [[[114.3596315, 30.5405426], [114.3594782, 30.5405907], [114.3592134, 30.5404816], [114.3589778, 30.5403703], [114.3586006, 30.5401922], [114.3586269, 30.5399843], [114.3586356, 30.5396436], [114.3587524, 30.5393381], [114.3589426, 30.5393655], [114.3591679, 30.5394209], [114.3591912, 30.5394351], [114.3594983, 30.5396225], [114.3596829, 30.5397351], [114.3597001, 30.5397456], [114.3599029, 30.5398691], [114.3599269, 30.5398763], [114.3600618, 30.5399167], [114.3604125, 30.5400216], [114.3600886, 30.5405014], [114.3598633, 30.5405005], [114.3596315, 30.5405426]]]}, "properties": {"id": 18663, "block_id": 18663, "area_sqm": 14481, "poi_count": 2, "dominant_category": "风景名胜", "category_entropy": 0.0, "street_block_id": 3701}}, {"type": "Feature", "geometry": {"type": "Polygon", "coordinates": [[[114.3571241, 30.540211], [114.3571042, 30.5406932], [114.3565566, 30.5406535], [114.3565128, 30.5404101], [114.3564456, 30.5403708], [114.3562838, 30.5403493], [114.3564722, 30.539672], [114.3567049, 30.539819], [114.3567702, 30.5398173], [114.3567925, 30.5398259], [114.3568288, 30.5398752], [114.3569481, 30.5399615], [114.3571241, 30.540211]]]}, "properties": {"id": 18669, "block_id": 18669, "area_sqm": 5942, "poi_count": 2, "dominant_category": "地名地址信息", "category_entropy": 0.0, "street_block_id": 3700}}, {"type": "Feature", "geometry": {"type": "Polygon", "coordinates": [[[114.3506391, 30.5404399], [114.3505707, 30.5406945], [114.3498954, 30.5405646], [114.3499719, 30.540307], [114.3506391, 30.5404399]]]}, "properties": {"id": 18671, "block_id": 18671, "area_sqm": 1930, "poi_count": 1, "dominant_category": "地名地址信息", "category_entropy": 0.0, "street_block_id": 3729}}, {"type": "Feature", "geometry": {"type": "Polygon", "coordinates": [[[114.3535385, 30.5400268], [114.3530922, 30.5407492], [114.3527761, 30.5406477], [114.352345, 30.5405905], [114.3524411, 30.5400708], [114.353161, 30.5400933], [114.3535385, 30.5400268]]]}, "properties": {"id": 18675, "block_id": 18675, "area_sqm": 5823, "poi_count": 4, "dominant_category": "交通设施服务", "category_entropy": 1.386, "street_block_id": 3728}}, {"type": "Feature", "geometry": {"type": "Polygon", "coordinates": [[[114.356334304, 30.540871028], [114.356054839, 30.540871732], [114.3559764, 30.5407635], [114.3558905, 30.5407196], [114.3558852, 30.5403038], [114.3562838, 30.5403493], [114.3564456, 30.5403708], [114.3565128, 30.5404101], [114.3565566, 30.5406535], [114.3564816, 30.5407824], [114.356334304, 30.540871028]]]}, "properties": {"id": 18682, "block_id": 18682, "area_sqm": 3316, "poi_count": 2, "dominant_category": "体育休闲服务", "category_entropy": 0.693, "street_block_id": 3700}}, {"type": "Feature", "geometry": {"type": "Polygon", "coordinates": [[[114.3592134, 30.5404816], [114.3589279, 30.5409834], [114.3584855, 30.5408006], [114.3578388, 30.5405206], [114.3579715, 30.5403035], [114.3582022, 30.5399177], [114.3580614, 30.5397569], [114.3580356, 30.5397312], [114.357828, 30.5395724], [114.3577181, 30.5395261], [114.3576713, 30.5395064], [114.3577839, 30.5394117], [114.3582077, 30.5393239], [114.3584217, 30.5393295], [114.3586356, 30.5396436], [114.3586269, 30.5399843], [114.3586006, 30.5401922], [114.3589778, 30.5403703], [114.3592134, 30.5404816]]]}, "properties": {"id": 18691, "block_id": 18691, "area_sqm": 12274, "poi_count": 3, "dominant_category": "体育休闲服务", "category_entropy": 0.637, "street_block_id": 3699}}, {"type": "Feature", "geometry": {"type": "Polygon", "coordinates": [[[114.340641, 30.5408416], [114.3405928, 30.5409894], [114.3399606, 30.5406569], [114.3393141, 30.540315], [114.3391175, 30.5401993], [114.3390532, 30.5401347], [114.339054, 30.5397975], [114.3390347, 30.5397257], [114.3392016, 30.5397166], [114.3400384, 30.5396774], [114.3404783, 30.539645], [114.3404792, 30.5397026], [114.3404809, 30.5398044], [114.3405024, 30.5399708], [114.3405185, 30.5403427], [114.3405453, 30.5404928], [114.3406142, 30.5406822], [114.340641, 30.5408416]]]}, "properties": {"id": 18693, "block_id": 18693, "area_sqm": 13969, "poi_count": 43, "dominant_category": "生活服务", "category_entropy": 2.247, "street_block_id": 16950}}, {"type": "Feature", "geometry": {"type": "Polygon", "coordinates": [[[114.3537323, 30.5409931], [114.3536121, 30.5410253], [114.3535907, 30.5410091], [114.3532231, 30.5409357], [114.3530026, 30.5408988], [114.3530398, 30.5408351], [114.3530922, 30.5407492], [114.3535385, 30.5400268], [114.3537793, 30.5397305], [114.3539285, 30.5395434], [114.3542902, 30.5392381], [114.3544757, 30.539089], [114.3546029, 30.5391718], [114.3544366, 30.5400494], [114.3542395, 30.541006], [114.3538802, 30.540944], [114.3537323, 30.5409931]]]}, "properties": {"id": 18700, "block_id": 18700, "area_sqm": 16577, "poi_count": 7, "dominant_category": "餐饮服务", "category_entropy": 1.277, "street_block_id": 3686}}, {"type": "Feature", "geometry": {"type": "Polygon", "coordinates": [[[114.3506612, 30.5408991], [114.3500539, 30.5410931], [114.3499088, 30.5408048], [114.3498954, 30.5405646], [114.3505707, 30.5406945], [114.3506612, 30.5408991]]]}, "properties": {"id": 18715, "block_id": 18715, "area_sqm": 2708, "poi_count": 2, "dominant_category": "地名地址信息", "category_entropy": 0.0, "street_block_id": 3731}}, {"type": "Feature", "geometry": {"type": "Polygon", "coordinates": [[[114.359723, 30.5406918], [114.3594172, 30.5411962], [114.3589279, 30.5409834], [114.3592134, 30.5404816], [114.3594782, 30.5405907], [114.359723, 30.5406918]]]}, "properties": {"id": 18732, "block_id": 18732, "area_sqm": 3339, "poi_count": 1, "dominant_category": "体育休闲服务", "category_entropy": 0.0, "street_block_id": 3701}}, {"type": "Feature", "geometry": {"type": "Polygon", "coordinates": [[[114.3545611, 30.5590895], [114.3546842, 30.5594868], [114.3511665, 30.5591094], [114.3512601, 30.5582476], [114.351672, 30.5582593], [114.3517256, 30.558257], [114.3517712, 30.5582269], [114.3518249, 30.5581715], [114.352077, 30.5576518], [114.3520824, 30.5576033], [114.3520689, 30.5575548], [114.3520207, 30.5575248], [114.3513333, 30.5575013], [114.3513773, 30.5570522], [114.3518268, 30.5570742], [114.3519683, 30.55488], [114.3520039, 30.5543273], [114.3520174, 30.5541176], [114.3521626, 30.5542736], [114.352626, 30.5551157], [114.3527565, 30.5554409], [114.3528243, 30.5555933], [114.3529322, 30.5558497], [114.3530062, 30.5560052], [114.3530846, 30.5561575], [114.3532163, 30.556408], [114.3535353, 30.5570389], [114.3538691, 30.5577199], [114.3540666, 30.5580587], [114.3541736, 30.5582422], [114.354297, 30.5584408], [114.3544538, 30.5588355], [114.3545611, 30.5590895]]]}, "properties": {"id": 20935, "block_id": 20935, "area_sqm": 90783, "poi_count": 27, "dominant_category": "生活服务", "category_entropy": 2.14, "street_block_id": 3567}}, {"type": "Feature", "geometry": {"type": "Polygon", "coordinates": [[[114.3438145, 30.5587246], [114.3426688, 30.5595384], [114.3413999, 30.5581267], [114.3413067, 30.5580857], [114.3429906, 30.556923], [114.3439549, 30.5579939], [114.3439939, 30.5580372], [114.3440008, 30.5582285], [114.3439711, 30.5583974], [114.3439146, 30.5585202], [114.3438365, 30.5587129], [114.3438145, 30.5587246]]]}, "properties": {"id": 20948, "block_id": 20948, "area_sqm": 40601, "poi_count": 35, "dominant_category": "购物服务", "category_entropy": 2.062, "street_block_id": 17131}}, {"type": "Feature", "geometry": {"type": "Polygon", "coordinates": [[[114.3507882, 30.5411858], [114.3501917, 30.5413669], [114.3500539, 30.5410931], [114.3506612, 30.5408991], [114.3507882, 30.5411858]]]}, "properties": {"id": 18770, "block_id": 18770, "area_sqm": 2059, "poi_count": 1, "dominant_category": "地名地址信息", "category_entropy": 0.0, "street_block_id": 3732}}, {"type": "Feature", "geometry": {"type": "Polygon", "coordinates": [[[114.3600475, 30.5405622], [114.3597793, 30.5413708], [114.3594172, 30.5411962], [114.359723, 30.5406918], [114.3594782, 30.5405907], [114.3596315, 30.5405426], [114.3598633, 30.5405005], [114.3600886, 30.5405014], [114.3600475, 30.5405622]]]}, "properties": {"id": 18771, "block_id": 18771, "area_sqm": 3122, "poi_count": 1, "dominant_category": "公共设施", "category_entropy": 0.0, "street_block_id": 3701}}, {"type": "Feature", "geometry": {"type": "Polygon", "coordinates": [[[114.3631633, 30.5414285], [114.3627264, 30.5414431], [114.3627753, 30.5411143], [114.3627539, 30.541045], [114.3626627, 30.5410034], [114.3618268, 30.5409267], [114.3618644, 30.5403907], [114.3617688, 30.5401678], [114.3617679, 30.5400955], [114.3622926, 30.5400956], [114.3625581, 30.5400656], [114.3625608, 30.5399639], [114.3622282, 30.5398923], [114.3617643, 30.5398116], [114.3617627, 30.5396901], [114.3617811, 30.539515], [114.3617935, 30.5394142], [114.3618054, 30.5389259], [114.3620208, 30.538934], [114.3622222, 30.5388759], [114.3623824, 30.5388146], [114.3630174, 30.5388793], [114.363333, 30.5390085], [114.363911, 30.5391517], [114.3641539, 30.539193], [114.3645686, 30.5392636], [114.3649526, 30.5392919], [114.3650437, 30.539283], [114.3650217, 30.5394291], [114.3650378, 30.5396105], [114.3651424, 30.5396232], [114.3653436, 30.5396358], [114.3653382, 30.5398611], [114.3654174, 30.5399223], [114.3658358, 30.5399385], [114.3660048, 30.5397976], [114.366008, 30.5397397], [114.3662385, 30.5397623], [114.3666244, 30.5397884], [114.3669451, 30.5398722], [114.3668763, 30.5400555], [114.3668397, 30.5402704], [114.3668278, 30.540428], [114.3668026, 30.5404689], [114.366721, 30.5406016], [114.3666964, 30.5407075], [114.366695, 30.5407602], [114.3650017, 30.5406308], [114.3649255, 30.5406559], [114.3648728, 30.54068], [114.3647441, 30.5407724], [114.3646921, 30.5413062], [114.3646851, 30.5413777], [114.3631633, 30.5414285]]]}, "properties": {"id": 18790, "block_id": 18790, "area_sqm": 89847, "poi_count": 31, "dominant_category": "科教文化服务", "category_entropy": 1.132, "street_block_id": 2452}}, {"type": "Feature", "geometry": {"type": "Polygon", "coordinates": [[[114.3501917, 30.5413669], [114.3497338, 30.5415038], [114.3496647, 30.5414285], [114.3497063, 30.5412495], [114.3496227, 30.5412309], [114.3500539, 30.5410931], [114.3501917, 30.5413669]]]}, "properties": {"id": 18796, "block_id": 18796, "area_sqm": 1447, "poi_count": 1, "dominant_category": "地名地址信息", "category_entropy": 0.0, "street_block_id": 3730}}, {"type": "Feature", "geometry": {"type": "Polygon", "coordinates": [[[114.3666428, 30.5414721], [114.3662773, 30.5416138], [114.3660208, 30.5414468], [114.3646921, 30.5413062], [114.3647441, 30.5407724], [114.3648728, 30.54068], [114.3649255, 30.5406559], [114.3650017, 30.5406308], [114.366695, 30.5407602], [114.3667324, 30.5408083], [114.3666428, 30.5414721]]]}, "properties": {"id": 18813, "block_id": 18813, "area_sqm": 15413, "poi_count": 17, "dominant_category": "科教文化服务", "category_entropy": 1.262, "street_block_id": 2451}}, {"type": "Feature", "geometry": {"type": "Polygon", "coordinates": [[[114.3509043, 30.5414461], [114.3503068, 30.5416237], [114.3501917, 30.5413669], [114.3507882, 30.5411858], [114.3509043, 30.5414461]]]}, "properties": {"id": 18816, "block_id": 18816, "area_sqm": 1863, "poi_count": 1, "dominant_category": "地名地址信息", "category_entropy": 0.0, "street_block_id": 3734}}, {"type": "Feature", "geometry": {"type": "Polygon", "coordinates": [[[114.3684589, 30.5415925], [114.3683785, 30.5416295], [114.3670856, 30.5415186], [114.3666428, 30.5414721], [114.3667324, 30.5408083], [114.3677347, 30.5408441], [114.3677938, 30.5405622], [114.36791, 30.5405695], [114.3683838, 30.5405992], [114.3685448, 30.5406361], [114.3685984, 30.5407054], [114.3686467, 30.5408117], [114.3685173, 30.5414087], [114.3684819, 30.5414489], [114.3684471, 30.5414697], [114.3684015, 30.5414835], [114.368439, 30.5414974], [114.3684605, 30.5415113], [114.3684806, 30.5415419], [114.3684589, 30.5415925]]]}, "properties": {"id": 18819, "block_id": 18819, "area_sqm": 16678, "poi_count": 15, "dominant_category": "科教文化服务", "category_entropy": 1.252, "street_block_id": 2465}}, {"type": "Feature", "geometry": {"type": "Polygon", "coordinates": [[[114.3535684, 30.541288], [114.3534506, 30.5416954], [114.3529263, 30.5416053], [114.3526098, 30.541565], [114.3526707, 30.5414622], [114.3528414, 30.5411746], [114.3535684, 30.541288]]]}, "properties": {"id": 18830, "block_id": 18830, "area_sqm": 3514, "poi_count": 1, "dominant_category": "商务住宅", "category_entropy": 0.0, "street_block_id": 3735}}, {"type": "Feature", "geometry": {"type": "Polygon", "coordinates": [[[114.3589348, 30.541572], [114.3588269, 30.5417684], [114.3583788, 30.541679], [114.3578421, 30.541572], [114.3576659, 30.5415368], [114.3573876, 30.5414926], [114.3572582, 30.5414721], [114.3570919, 30.5412734], [114.3570866, 30.5411764], [114.357091, 30.5410546], [114.3571042, 30.5406932], [114.3571241, 30.540211], [114.3578388, 30.5405206], [114.3584855, 30.5408006], [114.3589348, 30.541572]]]}, "properties": {"id": 18835, "block_id": 18835, "area_sqm": 18084, "poi_count": 1, "dominant_category": "地名地址信息", "category_entropy": 0.0, "street_block_id": 3702}}, {"type": "Feature", "geometry": {"type": "Polygon", "coordinates": [[[114.3497989, 30.5415746], [114.3499017, 30.5418461], [114.3496748, 30.5417899], [114.3490121, 30.541679], [114.3487728, 30.5416307], [114.348752499, 30.541634196], [114.3487848, 30.5415185], [114.348786046, 30.541514748], [114.3488147, 30.5414816], [114.3488791, 30.5413939], [114.3489344, 30.5413043], [114.349732, 30.5400124], [114.3498838, 30.5397815], [114.3503996, 30.5390954], [114.3507283, 30.5385798], [114.3507599, 30.5385303], [114.3508984, 30.5382865], [114.3509683, 30.5380974], [114.350971222, 30.537977257], [114.3509927, 30.5379381], [114.3510093, 30.5378874], [114.351094, 30.537906], [114.3511306, 30.5379229], [114.3511588, 30.5379902], [114.3511366, 30.5380851], [114.3511132, 30.5381412], [114.3511, 30.5381971], [114.3510342, 30.5383168], [114.3510021, 30.5384034], [114.3510061, 30.5384861], [114.3510228, 30.538559], [114.3510412, 30.5386281], [114.3511193, 30.5387294], [114.3511648, 30.5387888], [114.3511848, 30.538868], [114.3511908, 30.5389366], [114.3511801, 30.5390744], [114.3511607, 30.5392156], [114.3511249, 30.5392998], [114.3510507, 30.5393913], [114.3508655, 30.5393733], [114.3506786, 30.5393552], [114.3505351, 30.5393494], [114.3504976, 30.5396054], [114.3504495, 30.5398466], [114.3501502, 30.5397964], [114.350059, 30.5400425], [114.3499719, 30.540307], [114.3498954, 30.5405646], [114.3496057, 30.5409792], [114.3495293, 30.5411363], [114.3495923, 30.5412241], [114.3496227, 30.5412309], [114.3497063, 30.5412495], [114.3496647, 30.5414285], [114.3497338, 30.5415038], [114.3497989, 30.5415746]]]}, "properties": {"id": 18839, "block_id": 18839, "area_sqm": 20642, "poi_count": 47, "dominant_category": "地名地址信息", "category_entropy": 2.205, "street_block_id": 3730}}, {"type": "Feature", "geometry": {"type": "Polygon", "coordinates": [[[114.362668, 30.5418351], [114.3626144, 30.5418813], [114.3625695, 30.5418793], [114.3625125, 30.5418767], [114.3617249, 30.5417953], [114.3617465, 30.5416109], [114.361901, 30.5416249], [114.3619488, 30.5413257], [114.3619975, 30.5410208], [114.3618176, 30.5410047], [114.3618268, 30.5409267], [114.3626627, 30.5410034], [114.3627539, 30.541045], [114.3627753, 30.5411143], [114.3627264, 30.5414431], [114.362668, 30.5418351]]]}, "properties": {"id": 18841, "block_id": 18841, "area_sqm": 7777, "poi_count": 13, "dominant_category": "科教文化服务", "category_entropy": 1.197, "street_block_id": 2455}}, {"type": "Feature", "geometry": {"type": "Polygon", "coordinates": [[[114.3520306, 30.5419369], [114.3519099, 30.5419415], [114.3518053, 30.5419115], [114.3517463, 30.5418745], [114.3517248, 30.5418514], [114.3516766, 30.5417867], [114.3516363, 30.5417405], [114.3516091, 30.541718], [114.3515612, 30.5416966], [114.3511966, 30.5416609], [114.3510535, 30.5413451], [114.3510637, 30.5413091], [114.3510811, 30.541286], [114.3511026, 30.5412733], [114.3511549, 30.5412675], [114.3510744, 30.5412502], [114.3510301, 30.541234], [114.3509944, 30.5412147], [114.3508995, 30.5410052], [114.3509951, 30.5409124], [114.3510914, 30.5404204], [114.3519077, 30.5405298], [114.352345, 30.5405905], [114.3527761, 30.5406477], [114.3530922, 30.5407492], [114.3530398, 30.5408351], [114.3530026, 30.5408988], [114.3528414, 30.5411746], [114.3526707, 30.5414622], [114.3526098, 30.541565], [114.352546, 30.5416726], [114.3523981, 30.5416366], [114.3523203, 30.5416435], [114.35228, 30.5416712], [114.3522505, 30.5417313], [114.3521969, 30.5418376], [114.3521138, 30.5418999], [114.3520306, 30.5419369]]]}, "properties": {"id": 18849, "block_id": 18849, "area_sqm": 23003, "poi_count": 20, "dominant_category": "科教文化服务", "category_entropy": 0.982, "street_block_id": 3733}}, {"type": "Feature", "geometry": {"type": "Polygon", "coordinates": [[[114.3503068, 30.5416237], [114.3504425, 30.54195], [114.3502201, 30.5419249], [114.3499017, 30.5418461], [114.3497989, 30.5415746], [114.3497338, 30.5415038], [114.3501917, 30.5413669], [114.3503068, 30.5416237]]]}, "properties": {"id": 18851, "block_id": 18851, "area_sqm": 2504, "poi_count": 1, "dominant_category": "地名地址信息", "category_entropy": 0.0, "street_block_id": 3730}}, {"type": "Feature", "geometry": {"type": "Polygon", "coordinates": [[[114.3548658, 30.5418282], [114.354818, 30.541981], [114.3546315, 30.5419522], [114.3541505, 30.5418422], [114.3542761, 30.5413983], [114.3550964, 30.5415232], [114.3556695, 30.5412549], [114.3557077, 30.541237], [114.3559222, 30.541138], [114.3557935, 30.5412691], [114.355579, 30.541417], [114.3554556, 30.541514], [114.3548658, 30.5418282]]]}, "properties": {"id": 18854, "block_id": 18854, "area_sqm": 5103, "poi_count": 1, "dominant_category": "科教文化服务", "category_entropy": 0.0, "street_block_id": 3689}}, {"type": "Feature", "geometry": {"type": "Polygon", "coordinates": [[[114.3510514, 30.541883], [114.3510379, 30.5420171], [114.3504425, 30.54195], [114.3503068, 30.5416237], [114.3509043, 30.5414461], [114.351026, 30.5417346], [114.3510514, 30.541883]]]}, "properties": {"id": 18859, "block_id": 18859, "area_sqm": 3119, "poi_count": 5, "dominant_category": "地名地址信息", "category_entropy": 1.055, "street_block_id": 3736}}, {"type": "Feature", "geometry": {"type": "Polygon", "coordinates": [[[114.3577861, 30.5417798], [114.357722, 30.5420178], [114.3572386, 30.541966], [114.3572104, 30.5419657], [114.3572582, 30.5414721], [114.3573876, 30.5414926], [114.3576659, 30.5415368], [114.3578421, 30.541572], [114.3578201, 30.5416539], [114.3577861, 30.5417798]]]}, "properties": {"id": 18860, "block_id": 18860, "area_sqm": 2814, "poi_count": 5, "dominant_category": "商务住宅", "category_entropy": 0.0, "street_block_id": 3703}}, {"type": "Feature", "geometry": {"type": "Polygon", "coordinates": [[[114.3604583, 30.5419786], [114.3604505, 30.5420188], [114.3595649, 30.5419156], [114.3594439, 30.5418915], [114.3589411, 30.5417901], [114.3588269, 30.5417684], [114.3589348, 30.541572], [114.3584855, 30.5408006], [114.3589279, 30.5409834], [114.3594172, 30.5411962], [114.3597793, 30.5413708], [114.3600383, 30.5415214], [114.3600531, 30.5416704], [114.3601284, 30.5418007], [114.3603376, 30.5419324], [114.3604583, 30.5419786]]]}, "properties": {"id": 18861, "block_id": 18861, "area_sqm": 9804, "poi_count": 3, "dominant_category": "地名地址信息", "category_entropy": 0.637, "street_block_id": 3702}}, {"type": "Feature", "geometry": {"type": "Polygon", "coordinates": [[[114.3541505, 30.5418422], [114.3540826, 30.5421285], [114.353354, 30.5420008], [114.3534506, 30.5416954], [114.3541505, 30.5418422]]]}, "properties": {"id": 18873, "block_id": 18873, "area_sqm": 2368, "poi_count": 2, "dominant_category": "商务住宅", "category_entropy": 0.693, "street_block_id": 3688}}, {"type": "Feature", "geometry": {"type": "Polygon", "coordinates": [[[114.3578143, 30.5422125], [114.3577496, 30.5425681], [114.3576541, 30.5425601], [114.3575031, 30.5425574], [114.357346, 30.5425256], [114.3572493, 30.5424772], [114.3571765, 30.5424407], [114.3570317, 30.5423398], [114.3568613, 30.5422301], [114.35618, 30.5422347], [114.3559172, 30.5421608], [114.3557777, 30.5420777], [114.3557455, 30.5419668], [114.3559547, 30.5417589], [114.3562659, 30.5416711], [114.3566253, 30.5415787], [114.3568319, 30.5415165], [114.3572582, 30.5414721], [114.3572104, 30.5419657], [114.3572386, 30.541966], [114.357722, 30.5420178], [114.3577192, 30.5420696], [114.3577058, 30.542177], [114.3578143, 30.5422125]]]}, "properties": {"id": 18952, "block_id": 18952, "area_sqm": 12728, "poi_count": 8, "dominant_category": "科教文化服务", "category_entropy": 0.377, "street_block_id": 3703}}, {"type": "Feature", "geometry": {"type": "Polygon", "coordinates": [[[114.345266, 30.542528], [114.3443131, 30.542818], [114.3442839, 30.542708], [114.3442817, 30.5426275], [114.3443377, 30.5417225], [114.3445961, 30.5417315], [114.345122, 30.5417497], [114.3451517, 30.541253], [114.3457933, 30.5412556], [114.3457836, 30.5413568], [114.3457756, 30.5414723], [114.3457514, 30.5416017], [114.3457327, 30.5417126], [114.3457434, 30.5418697], [114.3457855, 30.5420359], [114.3458687, 30.5423061], [114.3458826, 30.5423326], [114.345266, 30.542528]]]}, "properties": {"id": 18983, "block_id": 18983, "area_sqm": 16779, "poi_count": 8, "dominant_category": "科教文化服务", "category_entropy": 1.494, "street_block_id": 17108}}, {"type": "Feature", "geometry": {"type": "Polygon", "coordinates": [[[114.3621057, 30.542767], [114.3612684, 30.5428205], [114.3612332, 30.5426683], [114.3613109, 30.5422157], [114.3613565, 30.5421216], [114.3613888, 30.5421281], [114.3615254, 30.5421459], [114.3616582, 30.5421599], [114.3617849, 30.5423995], [114.3618228, 30.5424641], [114.3618742, 30.5425287], [114.3619367, 30.5425885], [114.3621057, 30.542767]]]}, "properties": {"id": 18984, "block_id": 18984, "area_sqm": 4031, "poi_count": 4, "dominant_category": "科教文化服务", "category_entropy": 0.562, "street_block_id": 3703}}, {"type": "Feature", "geometry": {"type": "Polygon", "coordinates": [[[114.3355377, 30.5428029], [114.3354272, 30.5429382], [114.3346976, 30.5425219], [114.3344076, 30.5423631], [114.3342125, 30.5422954], [114.3340254, 30.5422791], [114.3338845, 30.5422814], [114.3337544, 30.5423001], [114.3335783, 30.5423678], [114.3331756, 30.5414821], [114.3331182, 30.541323], [114.3330967, 30.5412076], [114.3330967, 30.5410043], [114.3331236, 30.5408889], [114.3331718, 30.5407826], [114.3333435, 30.5405471], [114.3334508, 30.5403623], [114.333542, 30.540136], [114.3335849, 30.5399512], [114.3335795, 30.5388842], [114.3336811, 30.5378073], [114.3335202, 30.5377658], [114.3326674, 30.5377104], [114.3322758, 30.5377011], [114.3308436, 30.5377196], [114.3304145, 30.5376734], [114.3298779, 30.5375627], [114.3295992, 30.5374755], [114.329508, 30.5373877], [114.3291275, 30.5367988], [114.3292089, 30.5358409], [114.3291445, 30.5355082], [114.3292652, 30.5355214], [114.3293469, 30.5355214], [114.3295758, 30.5356722], [114.3297579, 30.5358069], [114.3299097, 30.5359176], [114.3300007, 30.5360282], [114.3300854, 30.5360915], [114.3301685, 30.5361205], [114.3303048, 30.536122], [114.3304428, 30.5361616], [114.3306003, 30.5361723], [114.3308385, 30.5361922], [114.3310417, 30.5362344], [114.3312168, 30.5363108], [114.3313312, 30.5363671], [114.331434, 30.536349], [114.3314456, 30.5363148], [114.3315857, 30.5362545], [114.3316628, 30.5362545], [114.331999, 30.5363209], [114.3322372, 30.5363872], [114.3323423, 30.5363591], [114.3324824, 30.5362545], [114.3326622, 30.5362223], [114.332821, 30.5361922], [114.33294, 30.5362565], [114.3330545, 30.5362485], [114.3332296, 30.5362304], [114.3332669, 30.5362354], [114.3332938, 30.5361535], [114.3333433, 30.5360925], [114.3333999, 30.5360316], [114.333446, 30.5359919], [114.3334353, 30.5359432], [114.3333398, 30.5359432], [114.3332407, 30.5359676], [114.333085, 30.5359828], [114.3329328, 30.5360011], [114.3328124, 30.5359737], [114.3324833, 30.535998], [114.3323665, 30.5359523], [114.332232, 30.535931], [114.3321329, 30.5359218], [114.3320267, 30.5359676], [114.3319312, 30.5359432], [114.3318392, 30.5359919], [114.3313649, 30.5360529], [114.3311384, 30.5359767], [114.3309605, 30.5351733], [114.331326, 30.5350622], [114.3311056, 30.5344855], [114.3321962, 30.5341094], [114.3333478, 30.5337364], [114.3333741, 30.5337867], [114.3336216, 30.5337003], [114.3335912, 30.5336501], [114.333473, 30.5336921], [114.333394517, 30.533528947], [114.3337611, 30.5333967], [114.3344783, 30.5331453], [114.3354154, 30.5328421], [114.3364586, 30.5324979], [114.3370252, 30.5322883], [114.3371631, 30.532628], [114.3377856, 30.5324119], [114.3378457, 30.5324179], [114.3378842, 30.5324458], [114.3379404, 30.5325552], [114.338093, 30.5328565], [114.338371, 30.533431], [114.3386214, 30.5335425], [114.3388547, 30.5336738], [114.3390019, 30.5336665], [114.3392314, 30.5336267], [114.3392953, 30.5336407], [114.3393377, 30.5335829], [114.3394039, 30.5333441], [114.3395549, 30.5331344], [114.3395465, 30.5330665], [114.3395166, 30.5330031], [114.3394233, 30.5327213], [114.3392667, 30.5323293], [114.3391436, 30.5320431], [114.3390797, 30.5320079], [114.338958, 30.5320371], [114.3385241, 30.5321656], [114.3384939, 30.5320942], [114.3384539, 30.5319983], [114.3384415, 30.5319608], [114.3388533, 30.5318339], [114.3398498, 30.5315224], [114.3405413, 30.5313014], [114.3407251, 30.5312427], [114.3412929, 30.5310694], [114.3413335, 30.531168], [114.3413548, 30.5311611], [114.3419155, 30.5309808], [114.3418994, 30.5309196], [114.341880707, 30.530865548], [114.341962, 30.5308321], [114.3423974, 30.5305916], [114.3429602, 30.5304362], [114.3441565, 30.5300905], [114.3443783, 30.5306608], [114.3444373, 30.5307301], [114.3447889, 30.5309291], [114.3450006, 30.531049], [114.3458858, 30.5314372], [114.3470553, 30.5320003], [114.3470981, 30.5320263], [114.3482729, 30.5327401], [114.3490652, 30.5332611], [114.3492707, 30.5333962], [114.3494185, 30.5335044], [114.3494423, 30.5335718], [114.3496609, 30.5340704], [114.349680772, 30.534120507], [114.349664, 30.5341716], [114.349919, 30.5348274], [114.350002, 30.5350524], [114.3501077, 30.5351671], [114.350187, 30.5353774], [114.3503287, 30.5358123], [114.3503002, 30.5359648], [114.3502733, 30.5360942], [114.3501929, 30.5362143], [114.3494986, 30.5366002], [114.3494905, 30.5366048], [114.3487154, 30.5369883], [114.3480502, 30.5373187], [114.347333, 30.5376693], [114.3467842, 30.5379309], [114.3463094, 30.5381481], [114.3459446, 30.5382843], [114.3455209, 30.5384068], [114.3449683, 30.5385477], [114.3443487, 30.538684], [114.3431954, 30.5389196], [114.3428923, 30.5389797], [114.3427394, 30.5390929], [114.3422754, 30.5392107], [114.3417336, 30.5393332], [114.3411354, 30.5394695], [114.3407546, 30.5395434], [114.3404756, 30.539585], [114.3400427, 30.5396213], [114.3398258, 30.5396279], [114.3397943, 30.5396289], [114.3393115, 30.539652], [114.3389065, 30.5396704], [114.3385203, 30.5397351], [114.338236, 30.5398252], [114.3380509, 30.5399084], [114.3378497, 30.5400401], [114.3375949, 30.5402179], [114.3374367, 30.5403889], [114.3371765, 30.5407031], [114.3369592, 30.540971], [114.3365006, 30.541567], [114.3361036, 30.5421007], [114.3355377, 30.5428029]], [[114.3457723, 30.5346369], [114.3458199, 30.5346475], [114.3458585, 30.5346427], [114.345893, 30.5346268], [114.345919, 30.5346017], [114.3459335, 30.5345704], [114.3459349, 30.5345378], [114.3459231, 30.5345057], [114.3458993, 30.5344791], [114.3458663, 30.534461], [114.345847, 30.5344559], [114.345808, 30.5344546], [114.3457708, 30.534465], [114.34574, 30.5344856], [114.3457192, 30.5345141], [114.345711, 30.5345557], [114.3457198, 30.5345884], [114.3457411, 30.5346167], [114.3457723, 30.5346369]], [[114.341507, 30.5335642], [114.341516, 30.533655], [114.3415672, 30.5336512], [114.3416149, 30.5336477], [114.3416059, 30.533557], [114.3415559, 30.5335606], [114.341507, 30.5335642]], [[114.3413896, 30.5330847], [114.3414082, 30.5332862], [114.3415238, 30.5332782], [114.3416402, 30.5332703], [114.3416216, 30.5330688], [114.3414978, 30.5330773], [114.3413896, 30.5330847]]]}, "properties": {"id": 19003, "block_id": 19003, "area_sqm": 1418732, "poi_count": 1104, "dominant_category": "购物服务", "category_entropy": 2.594, "street_block_id": 16949}}, {"type": "Feature", "geometry": {"type": "Polygon", "coordinates": [[[114.3539254, 30.5429151], [114.3539, 30.5431218], [114.3532254, 30.5430873], [114.3532507, 30.5428119], [114.3539254, 30.5429151]]]}, "properties": {"id": 19028, "block_id": 19028, "area_sqm": 1749, "poi_count": 2, "dominant_category": "地名地址信息", "category_entropy": 0.693, "street_block_id": 3640}}, {"type": "Feature", "geometry": {"type": "Polygon", "coordinates": [[[114.3545872, 30.542961], [114.3545676, 30.5431573], [114.3539, 30.5431218], [114.3539254, 30.5429151], [114.3532507, 30.5428119], [114.35313, 30.5427818], [114.353161, 30.542669], [114.3532286, 30.5424598], [114.3532822, 30.5422819], [114.3532873, 30.5422567], [114.3533198, 30.5420971], [114.353354, 30.5420008], [114.3540826, 30.5421285], [114.3541505, 30.5418422], [114.3546315, 30.5419522], [114.354818, 30.541981], [114.3546988, 30.5423618], [114.3546619, 30.5424796], [114.3545872, 30.542961]]]}, "properties": {"id": 19032, "block_id": 19032, "area_sqm": 15366, "poi_count": 10, "dominant_category": "商务住宅", "category_entropy": 1.089, "street_block_id": 3689}}, {"type": "Feature", "geometry": {"type": "Polygon", "coordinates": [[[114.3532254, 30.5430873], [114.3532142, 30.5431954], [114.3525112, 30.5431871], [114.3522531, 30.543179], [114.3520612, 30.5431884], [114.3520361, 30.5431156], [114.3520126, 30.5429557], [114.3519981, 30.5428565], [114.3520858, 30.5424673], [114.3521609, 30.5423028], [114.3522945, 30.5420611], [114.3523466, 30.5419856], [114.3524459, 30.5418416], [114.352546, 30.5416726], [114.3526098, 30.541565], [114.3529263, 30.5416053], [114.3534506, 30.5416954], [114.353354, 30.5420008], [114.3533198, 30.5420971], [114.3532873, 30.5422567], [114.3532822, 30.5422819], [114.3532286, 30.5424598], [114.353161, 30.542669], [114.35313, 30.5427818], [114.3532507, 30.5428119], [114.3532254, 30.5430873]]]}, "properties": {"id": 19039, "block_id": 19039, "area_sqm": 18201, "poi_count": 24, "dominant_category": "生活服务", "category_entropy": 1.766, "street_block_id": 3689}}, {"type": "Feature", "geometry": {"type": "Polygon", "coordinates": [[[114.3513239, 30.5432848], [114.3509469, 30.5433077], [114.3507722, 30.5432518], [114.3514331, 30.5421099], [114.3516039, 30.5421552], [114.3521609, 30.5423028], [114.3520858, 30.5424673], [114.3519981, 30.5428565], [114.3520126, 30.5429557], [114.3520361, 30.5431156], [114.3520612, 30.5431884], [114.3520787, 30.5432391], [114.3513239, 30.5432848]]]}, "properties": {"id": 19048, "block_id": 19048, "area_sqm": 11318, "poi_count": 29, "dominant_category": "生活服务", "category_entropy": 1.743, "street_block_id": 3639}}, {"type": "Feature", "geometry": {"type": "Polygon", "coordinates": [[[114.3539, 30.5431218], [114.3538651, 30.543392], [114.353201, 30.5433523], [114.3532142, 30.5431954], [114.3532254, 30.5430873], [114.3539, 30.5431218]]]}, "properties": {"id": 19057, "block_id": 19057, "area_sqm": 1919, "poi_count": 2, "dominant_category": "地名地址信息", "category_entropy": 0.693, "street_block_id": 3641}}, {"type": "Feature", "geometry": {"type": "Polygon", "coordinates": [[[114.3545676, 30.5431573], [114.354535, 30.5434321], [114.3538651, 30.543392], [114.3539, 30.5431218], [114.3545676, 30.5431573]]]}, "properties": {"id": 19061, "block_id": 19061, "area_sqm": 1952, "poi_count": 2, "dominant_category": "商务住宅", "category_entropy": 0.693, "street_block_id": 3642}}, {"type": "Feature", "geometry": {"type": "Polygon", "coordinates": [[[114.3425172, 30.5433916], [114.3422911, 30.5436078], [114.3420232, 30.5429739], [114.3416852, 30.5421653], [114.3415664, 30.5419019], [114.3414216, 30.5417032], [114.3411997, 30.5414839], [114.3408376, 30.5412159], [114.3406196, 30.5410934], [114.3405928, 30.5409894], [114.340641, 30.5408416], [114.3406142, 30.5406822], [114.3405453, 30.5404928], [114.3405185, 30.5403427], [114.3405024, 30.5399708], [114.3404809, 30.5398044], [114.3404792, 30.5397026], [114.3404783, 30.539645], [114.3407733, 30.5396011], [114.3411354, 30.5395249], [114.3417416, 30.5393886], [114.3422807, 30.5392639], [114.3430505, 30.539146], [114.3436587, 30.5390288], [114.3437398, 30.5393701], [114.3438524, 30.539883], [114.3439383, 30.5402156], [114.3439562, 30.5402919], [114.3458725, 30.5403269], [114.3458587, 30.5405529], [114.3458185, 30.5409918], [114.3457933, 30.5412556], [114.3451517, 30.541253], [114.3446241, 30.5412296], [114.3441293, 30.5412], [114.3440982, 30.5417142], [114.3443377, 30.5417225], [114.3442817, 30.5426275], [114.3442839, 30.542708], [114.3443131, 30.542818], [114.3433053, 30.5431517], [114.3425172, 30.5433916]]]}, "properties": {"id": 19072, "block_id": 19072, "area_sqm": 140524, "poi_count": 118, "dominant_category": "地名地址信息", "category_entropy": 2.085, "street_block_id": 17107}}, {"type": "Feature", "geometry": {"type": "Polygon", "coordinates": [[[114.3643633, 30.5436019], [114.3642889, 30.543639], [114.3639421, 30.5435284], [114.3633514, 30.5433961], [114.3632132, 30.5433718], [114.3628074, 30.5433889], [114.3626292, 30.5432371], [114.3623149, 30.5429701], [114.3622716, 30.542928], [114.3621057, 30.542767], [114.3619367, 30.5425885], [114.3618742, 30.5425287], [114.3618228, 30.5424641], [114.3617849, 30.5423995], [114.3616582, 30.5421599], [114.3617249, 30.5417953], [114.3625125, 30.5418767], [114.3625695, 30.5418793], [114.3626144, 30.5418813], [114.362668, 30.5418351], [114.3627264, 30.5414431], [114.3631633, 30.5414285], [114.3646851, 30.5413777], [114.3645939, 30.5420522], [114.3654146, 30.5422232], [114.3656346, 30.5422971], [114.365856, 30.542378], [114.3656988, 30.5426377], [114.3653313, 30.5432173], [114.365255, 30.5432908], [114.3652415, 30.5433447], [114.3652251, 30.5434242], [114.3651265, 30.5436011], [114.3649531, 30.5435919], [114.3648145, 30.5435223], [114.3646543, 30.543518], [114.3645316, 30.5435403], [114.3644411, 30.5435673], [114.3643633, 30.5436019]], [[114.3641473, 30.543108], [114.3645148, 30.5431767], [114.3645819, 30.5431715], [114.3646368, 30.5431438], [114.3646516, 30.5430976], [114.3646449, 30.5430658], [114.3646261, 30.5430363], [114.3645912, 30.5430121], [114.3641923, 30.5429411], [114.3641413, 30.5429462], [114.3641091, 30.5429578], [114.3640843, 30.542974], [114.3640742, 30.543056], [114.3641024, 30.5430877], [114.3641473, 30.543108]]]}, "properties": {"id": 19076, "block_id": 19076, "area_sqm": 65217, "poi_count": 14, "dominant_category": "科教文化服务", "category_entropy": 1.767, "street_block_id": 2452}}, {"type": "Feature", "geometry": {"type": "Polygon", "coordinates": [[[114.3514611, 30.5436334], [114.3514409, 30.5436745], [114.351392, 30.5435608], [114.3513239, 30.5432848], [114.3520787, 30.5432391], [114.3521701, 30.5435043], [114.3522131, 30.543587], [114.3514611, 30.5436334]]]}, "properties": {"id": 19081, "block_id": 19081, "area_sqm": 2935, "poi_count": 7, "dominant_category": "餐饮服务", "category_entropy": 1.55, "street_block_id": 3643}}, {"type": "Feature", "geometry": {"type": "Polygon", "coordinates": [[[114.3538651, 30.543392], [114.3538283, 30.543675], [114.3531748, 30.5436373], [114.353201, 30.5433523], [114.3538651, 30.543392]]]}, "properties": {"id": 19082, "block_id": 19082, "area_sqm": 2003, "poi_count": 2, "dominant_category": "商务住宅", "category_entropy": 0.693, "street_block_id": 3644}}, {"type": "Feature", "geometry": {"type": "Polygon", "coordinates": [[[114.3514409, 30.5436745], [114.3508824, 30.5436878], [114.3506518, 30.5435053], [114.3507722, 30.5432518], [114.3509469, 30.5433077], [114.3513239, 30.5432848], [114.351392, 30.5435608], [114.3514409, 30.5436745]]]}, "properties": {"id": 19084, "block_id": 19084, "area_sqm": 2690, "poi_count": 1, "dominant_category": "商务住宅", "category_entropy": 0.0, "street_block_id": 3660}}, {"type": "Feature", "geometry": {"type": "Polygon", "coordinates": [[[114.354535, 30.5434321], [114.3544975, 30.5437137], [114.3538283, 30.543675], [114.3538651, 30.543392], [114.354535, 30.5434321]]]}, "properties": {"id": 19087, "block_id": 19087, "area_sqm": 2026, "poi_count": 2, "dominant_category": "地名地址信息", "category_entropy": 0.693, "street_block_id": 3645}}, {"type": "Feature", "geometry": {"type": "Polygon", "coordinates": [[[114.3526621, 30.5436231], [114.352289, 30.5437459], [114.3522799, 30.5437158], [114.3522131, 30.543587], [114.3521701, 30.5435043], [114.3520787, 30.5432391], [114.3520612, 30.5431884], [114.3522531, 30.543179], [114.3525112, 30.5431871], [114.3532142, 30.5431954], [114.353201, 30.5433523], [114.3531748, 30.5436373], [114.3526621, 30.5436231]]]}, "properties": {"id": 19090, "block_id": 19090, "area_sqm": 5207, "poi_count": 3, "dominant_category": "地名地址信息", "category_entropy": 1.099, "street_block_id": 3689}}, {"type": "Feature", "geometry": {"type": "Polygon", "coordinates": [[[114.3623263, 30.5438545], [114.3622715, 30.5438665], [114.3618665, 30.5438411], [114.3618288, 30.5438268], [114.3617981, 30.5437973], [114.3617887, 30.5437626], [114.3617994, 30.543691], [114.3617833, 30.5436633], [114.3617404, 30.5436425], [114.3617015, 30.543633], [114.3613681, 30.5436015], [114.3613185, 30.5436053], [114.3610201, 30.5436276], [114.360503354, 30.543579563], [114.3603994, 30.5435699], [114.3602889, 30.5435673], [114.3601784, 30.543574], [114.3595915, 30.5436133], [114.3594889, 30.5436094], [114.359397, 30.5436009], [114.3593175, 30.5435809], [114.3590741, 30.543476], [114.3591623, 30.5434697], [114.3592554, 30.5434428], [114.3594469, 30.5433571], [114.3601657, 30.5430337], [114.3603814, 30.5429583], [114.3605547, 30.5429089], [114.3607773, 30.5428581], [114.3609704, 30.5428396], [114.3612684, 30.5428205], [114.3621057, 30.542767], [114.3622716, 30.542928], [114.3623149, 30.5429701], [114.3624425, 30.5432662], [114.3624704, 30.5434727], [114.3624599, 30.5436526], [114.362388, 30.5438269], [114.3623644, 30.5438425], [114.3623263, 30.5438545]]]}, "properties": {"id": 19101, "block_id": 19101, "area_sqm": 23137, "poi_count": 7, "dominant_category": "商务住宅", "category_entropy": 1.277, "street_block_id": 3620}}, {"type": "Feature", "geometry": {"type": "Polygon", "coordinates": [[[114.3514477, 30.5437951], [114.3514778, 30.5440066], [114.3510595, 30.5439934], [114.3510196, 30.5439921], [114.3508665, 30.5439819], [114.3508758, 30.5438691], [114.3508824, 30.5436878], [114.3514409, 30.5436745], [114.3514477, 30.5437951]]]}, "properties": {"id": 19127, "block_id": 19127, "area_sqm": 1944, "poi_count": 3, "dominant_category": "商务住宅", "category_entropy": 1.099, "street_block_id": 3661}}, {"type": "Feature", "geometry": {"type": "Polygon", "coordinates": [[[114.3601493, 30.5439609], [114.3601427, 30.5440165], [114.3598526, 30.5439859], [114.3596188, 30.5439612], [114.3588231, 30.5438772], [114.358768, 30.543883], [114.3587141, 30.5438943], [114.358662, 30.5439109], [114.3586126, 30.5439326], [114.3585546, 30.5439672], [114.3585031, 30.5440088], [114.3585619, 30.5435776], [114.3585922, 30.5435408], [114.3586224, 30.5435063], [114.3586677, 30.5434702], [114.3587499, 30.5434459], [114.3588218, 30.5434375], [114.3588943, 30.5434599], [114.3590741, 30.543476], [114.3593175, 30.5435809], [114.359397, 30.5436009], [114.3594889, 30.5436094], [114.3595915, 30.5436133], [114.3601281, 30.5436674], [114.3601891, 30.5436725], [114.360159, 30.5438799], [114.3601493, 30.5439609]]]}, "properties": {"id": 19128, "block_id": 19128, "area_sqm": 6566, "poi_count": 3, "dominant_category": "商务住宅", "category_entropy": 1.099, "street_block_id": 3628}}, {"type": "Feature", "geometry": {"type": "Polygon", "coordinates": [[[114.3531541, 30.5438629], [114.3531434, 30.5440241], [114.3523688, 30.5440096], [114.352289, 30.5437459], [114.3526621, 30.5436231], [114.3531748, 30.5436373], [114.3531541, 30.5438629]]]}, "properties": {"id": 19131, "block_id": 19131, "area_sqm": 3243, "poi_count": 3, "dominant_category": "餐饮服务", "category_entropy": 1.099, "street_block_id": 3647}}, {"type": "Feature", "geometry": {"type": "Polygon", "coordinates": [[[114.3538061, 30.5438911], [114.353792, 30.544042], [114.353602, 30.5440327], [114.3531434, 30.5440241], [114.3531541, 30.5438629], [114.3531748, 30.5436373], [114.3538283, 30.543675], [114.3538061, 30.5438911]]]}, "properties": {"id": 19134, "block_id": 19134, "area_sqm": 2610, "poi_count": 2, "dominant_category": "商务住宅", "category_entropy": 0.693, "street_block_id": 3647}}, {"type": "Feature", "geometry": {"type": "Polygon", "coordinates": [[[114.3678272, 30.543852], [114.367655, 30.5440597], [114.367538, 30.543964], [114.36704, 30.5438494], [114.366104, 30.5436346], [114.3661454, 30.5435823], [114.3661686, 30.5434749], [114.3662266, 30.5432776], [114.3662729, 30.5432152], [114.3663599, 30.5431902], [114.3665484, 30.5431702], [114.3667601, 30.5432102], [114.366995, 30.5432551], [114.3670965, 30.5432751], [114.367227, 30.5432402], [114.3674415, 30.5432202], [114.3679142, 30.5432976], [114.3678736, 30.5435823], [114.3678272, 30.543852]]]}, "properties": {"id": 19139, "block_id": 19139, "area_sqm": 10964, "poi_count": 3, "dominant_category": "体育休闲服务", "category_entropy": 1.099, "street_block_id": 3638}}, {"type": "Feature", "geometry": {"type": "Polygon", "coordinates": [[[114.3523688, 30.5440096], [114.3523743, 30.5440699], [114.3514778, 30.5440066], [114.3514477, 30.5437951], [114.3514409, 30.5436745], [114.3514611, 30.5436334], [114.3522131, 30.543587], [114.3522799, 30.5437158], [114.352289, 30.5437459], [114.3523688, 30.5440096]]]}, "properties": {"id": 19141, "block_id": 19141, "area_sqm": 3882, "poi_count": 10, "dominant_category": "餐饮服务", "category_entropy": 1.221, "street_block_id": 3646}}, {"type": "Feature", "geometry": {"type": "Polygon", "coordinates": [[[114.360185, 30.5441509], [114.3601643, 30.5441561], [114.3598353, 30.5441235], [114.3598384, 30.544099], [114.3598526, 30.5439859], [114.3601427, 30.5440165], [114.3602454, 30.5441203], [114.3602139, 30.544129], [114.360185, 30.5441509]]]}, "properties": {"id": 19152, "block_id": 19152, "area_sqm": 519, "poi_count": 1, "dominant_category": "地名地址信息", "category_entropy": 0.0, "street_block_id": 3623}}, {"type": "Feature", "geometry": {"type": "Polygon", "coordinates": [[[114.3611943, 30.5441428], [114.3611681, 30.5441688], [114.3611446, 30.5441683], [114.3611506, 30.5441273], [114.3611258, 30.5441261], [114.3611231, 30.5441677], [114.361097, 30.5441671], [114.3611017, 30.5441221], [114.3610775, 30.5441215], [114.3610749, 30.5441688], [114.3610494, 30.5441688], [114.361053, 30.5441139], [114.3606527, 30.5440703], [114.3606565, 30.5440405], [114.3608644, 30.5440532], [114.3608711, 30.5440266], [114.3606512, 30.5439827], [114.3606594, 30.5439371], [114.360580426, 30.543928073], [114.360159, 30.5438799], [114.3601891, 30.5436725], [114.3604882, 30.5436979], [114.3605653, 30.5437044], [114.3606847, 30.5437171], [114.3609248, 30.5437436], [114.3609435, 30.5437517], [114.3609369, 30.5438028], [114.3609919, 30.5438823], [114.3609729, 30.5439811], [114.3612104, 30.543996], [114.3611943, 30.5441428]]]}, "properties": {"id": 19153, "block_id": 19153, "area_sqm": 2568, "poi_count": 6, "dominant_category": "购物服务", "category_entropy": 1.33, "street_block_id": 3628}}, {"type": "Feature", "geometry": {"type": "Polygon", "coordinates": [[[114.355842, 30.5440292], [114.3557968, 30.5441739], [114.3556135, 30.5441585], [114.3550167, 30.5441194], [114.3547918, 30.5441035], [114.3544494, 30.5440744], [114.3544975, 30.5437137], [114.354535, 30.5434321], [114.3545676, 30.5431573], [114.3545872, 30.542961], [114.3546619, 30.5424796], [114.3546988, 30.5423618], [114.3559971, 30.5432073], [114.3559978, 30.5433447], [114.355842, 30.5440292]]]}, "properties": {"id": 19155, "block_id": 19155, "area_sqm": 20421, "poi_count": 12, "dominant_category": "科教文化服务", "category_entropy": 0.837, "street_block_id": 3654}}, {"type": "Feature", "geometry": {"type": "Polygon", "coordinates": [[[114.3610494, 30.5441688], [114.361045, 30.5442077], [114.360863, 30.5441781], [114.3602454, 30.5441203], [114.3601427, 30.5440165], [114.3605579, 30.5440603], [114.3606527, 30.5440703], [114.361053, 30.5441139], [114.3610494, 30.5441688]]]}, "properties": {"id": 19158, "block_id": 19158, "area_sqm": 815, "poi_count": 1, "dominant_category": "地名地址信息", "category_entropy": 0.0, "street_block_id": 3623}}, {"type": "Feature", "geometry": {"type": "Polygon", "coordinates": [[[114.3565845, 30.5437624], [114.3565511, 30.5442163], [114.3563087, 30.5442051], [114.3557968, 30.5441739], [114.355842, 30.5440292], [114.3559978, 30.5433447], [114.3564478, 30.5434054], [114.3566066, 30.5434617], [114.3565845, 30.5437624]]]}, "properties": {"id": 19159, "block_id": 19159, "area_sqm": 5899, "poi_count": 6, "dominant_category": "科教文化服务", "category_entropy": 1.242, "street_block_id": 3655}}, {"type": "Feature", "geometry": {"type": "Polygon", "coordinates": [[[114.3582412, 30.5442566], [114.3580776, 30.5442594], [114.3576606, 30.544259], [114.3574737, 30.5442588], [114.35745, 30.5442577], [114.3570642, 30.5442399], [114.3569536, 30.5442348], [114.3565511, 30.5442163], [114.3565845, 30.5437624], [114.3566066, 30.5434617], [114.3564478, 30.5434054], [114.3559978, 30.5433447], [114.3559971, 30.5432073], [114.3546988, 30.5423618], [114.354818, 30.541981], [114.3550736, 30.5420187], [114.3552044, 30.5420951], [114.3552931, 30.5421434], [114.3555079, 30.5421273], [114.3557777, 30.5420777], [114.3559172, 30.5421608], [114.35618, 30.5422347], [114.3568613, 30.5422301], [114.3570317, 30.5423398], [114.3571765, 30.5424407], [114.3572493, 30.5424772], [114.357346, 30.5425256], [114.3575031, 30.5425574], [114.3576541, 30.5425601], [114.3577496, 30.5425681], [114.3578143, 30.5422125], [114.3582433, 30.5422854], [114.3586092, 30.5423475], [114.3587201, 30.5423664], [114.3588194, 30.5422493], [114.3588991, 30.5422616], [114.3589265, 30.5422629], [114.3592847, 30.5423278], [114.3593215, 30.5423239], [114.3598539, 30.5424062], [114.3598786, 30.542239], [114.3603438, 30.5422841], [114.3603654, 30.5421514], [114.3605992, 30.5421726], [114.3608645, 30.5421966], [114.3608553, 30.5422682], [114.3610401, 30.5422762], [114.3613109, 30.5422157], [114.3612332, 30.5426683], [114.3612684, 30.5428205], [114.3609704, 30.5428396], [114.3607773, 30.5428581], [114.3605547, 30.5429089], [114.3603814, 30.5429583], [114.3601657, 30.5430337], [114.3594469, 30.5433571], [114.3592554, 30.5434428], [114.3591623, 30.5434697], [114.3590741, 30.543476], [114.3588943, 30.5434599], [114.3588218, 30.5434375], [114.3587499, 30.5434459], [114.3586677, 30.5434702], [114.3586224, 30.5435063], [114.3585922, 30.5435408], [114.3585619, 30.5435776], [114.3585031, 30.5440088], [114.3584951, 30.5441191], [114.3584854, 30.5442525], [114.3582412, 30.5442566]]]}, "properties": {"id": 19164, "block_id": 19164, "area_sqm": 81574, "poi_count": 37, "dominant_category": "科教文化服务", "category_entropy": 1.286, "street_block_id": 3703}}, {"type": "Feature", "geometry": {"type": "Polygon", "coordinates": [[[114.363835, 30.544118], [114.3628853, 30.5443923], [114.3627914, 30.5442439], [114.3627512, 30.544181], [114.3626707, 30.5440966], [114.362388, 30.5438269], [114.3624599, 30.5436526], [114.3624704, 30.5434727], [114.3624425, 30.5432662], [114.3623149, 30.5429701], [114.3626292, 30.5432371], [114.3628074, 30.5433889], [114.3629793, 30.5435466], [114.3631645, 30.5436458], [114.3633398, 30.5437118], [114.3634899, 30.5437518], [114.3635748, 30.543766], [114.3637398, 30.5437718], [114.3638672, 30.5437591], [114.3640068, 30.5437477], [114.3642889, 30.543639], [114.3643633, 30.5436019], [114.3644411, 30.5435673], [114.3645316, 30.5435403], [114.3646543, 30.543518], [114.3648145, 30.5435223], [114.3648515, 30.5436235], [114.3648891, 30.5436674], [114.364961, 30.5438653], [114.3649614, 30.5439084], [114.3649642, 30.5440655], [114.3641263, 30.5440644], [114.3639823, 30.5440805], [114.363835, 30.544118]]]}, "properties": {"id": 19176, "block_id": 19176, "area_sqm": 15018, "poi_count": 6, "dominant_category": "餐饮服务", "category_entropy": 1.561, "street_block_id": 3621}}, {"type": "Feature", "geometry": {"type": "Polygon", "coordinates": [[[114.3628343, 30.5446672], [114.36266, 30.5447018], [114.362204, 30.544651], [114.3621382, 30.544647], [114.3619629, 30.5446004], [114.3619959, 30.5443266], [114.362018, 30.5440607], [114.3614078, 30.5440206], [114.3613063, 30.544], [114.3612104, 30.543996], [114.3609729, 30.5439811], [114.3609919, 30.5438823], [114.3610201, 30.5436276], [114.3613185, 30.5436053], [114.3613681, 30.5436015], [114.3617015, 30.543633], [114.3617404, 30.5436425], [114.3617833, 30.5436633], [114.3617994, 30.543691], [114.3617887, 30.5437626], [114.3617981, 30.5437973], [114.3618288, 30.5438268], [114.3618665, 30.5438411], [114.3622715, 30.5438665], [114.3623263, 30.5438545], [114.3623644, 30.5438425], [114.362388, 30.5438269], [114.3626707, 30.5440966], [114.3627512, 30.544181], [114.3627914, 30.5442439], [114.3628853, 30.5443923], [114.3629068, 30.5445909], [114.3628343, 30.5446672]]]}, "properties": {"id": 19202, "block_id": 19202, "area_sqm": 10332, "poi_count": 3, "dominant_category": "地名地址信息", "category_entropy": 1.099, "street_block_id": 3628}}, {"type": "Feature", "geometry": {"type": "Polygon", "coordinates": [[[114.3415163, 30.5551682], [114.3410032, 30.5554915], [114.3409718, 30.5554497], [114.3412937, 30.5552556], [114.3410549, 30.5548699], [114.3408806, 30.5546043], [114.3407488, 30.554436], [114.3406603, 30.5542859], [114.3407073, 30.5542639], [114.3408661, 30.5541997], [114.3409895, 30.5543818], [114.3415163, 30.5551682]]]}, "properties": {"id": 20333, "block_id": 20333, "area_sqm": 2999, "poi_count": 1, "dominant_category": "地名地址信息", "category_entropy": 0.0, "street_block_id": 16984}}, {"type": "Feature", "geometry": {"type": "Polygon", "coordinates": [[[114.3619629, 30.5446004], [114.3619605, 30.5446237], [114.3611846, 30.5445682], [114.3612154, 30.5442659], [114.3619959, 30.5443266], [114.3619629, 30.5446004]]]}, "properties": {"id": 19192, "block_id": 19192, "area_sqm": 2501, "poi_count": 1, "dominant_category": "体育休闲服务", "category_entropy": 0.0, "street_block_id": 3628}}, {"type": "Feature", "geometry": {"type": "Polygon", "coordinates": [[[114.3641788, 30.5446165], [114.3640411, 30.5446968], [114.3639443, 30.5444249], [114.363835, 30.544118], [114.3639823, 30.5440805], [114.3641263, 30.5440644], [114.3649642, 30.5440655], [114.3649721, 30.5441267], [114.3649842, 30.544186], [114.364994, 30.5443359], [114.3649977, 30.5444572], [114.3650063, 30.5445263], [114.3648976, 30.5445333], [114.3642766, 30.5445938], [114.3642391, 30.5445991], [114.3642123, 30.5446067], [114.3641788, 30.5446165]]]}, "properties": {"id": 19200, "block_id": 19200, "area_sqm": 5857, "poi_count": 2, "dominant_category": "商务住宅", "category_entropy": 0.693, "street_block_id": 3622}}, {"type": "Feature", "geometry": {"type": "Polygon", "coordinates": [[[114.3522498, 30.5452846], [114.3521836, 30.5457], [114.3516657, 30.5456571], [114.3514913, 30.545642], [114.3514994, 30.5454572], [114.3515396, 30.5451269], [114.351471, 30.5450396], [114.3514793, 30.5449664], [114.3522876, 30.5450474], [114.3522498, 30.5452846]]]}, "properties": {"id": 19306, "block_id": 19306, "area_sqm": 5186, "poi_count": 10, "dominant_category": "商务住宅", "category_entropy": 1.221, "street_block_id": 3664}}, {"type": "Feature", "geometry": {"type": "Polygon", "coordinates": [[[114.3592651, 30.5446442], [114.3592351, 30.544871], [114.3586649, 30.5448151], [114.358685, 30.5446629], [114.3587276, 30.5443407], [114.358978, 30.5443635], [114.3589901, 30.5443583], [114.3589995, 30.5443444], [114.3590035, 30.5443294], [114.3590069, 30.5442676], [114.3590156, 30.5442537], [114.3590277, 30.5442422], [114.3590612, 30.54423], [114.3591135, 30.544226], [114.3591852, 30.5442277], [114.3592583, 30.5442364], [114.3594018, 30.5442659], [114.3601924, 30.5443519], [114.3602659, 30.5443569], [114.3602156, 30.5447374], [114.3592651, 30.5446442]]]}, "properties": {"id": 19216, "block_id": 19216, "area_sqm": 7324, "poi_count": 4, "dominant_category": "商务住宅", "category_entropy": 0.562, "street_block_id": 3623}}, {"type": "Feature", "geometry": {"type": "Polygon", "coordinates": [[[114.3602156, 30.5447374], [114.3601857, 30.5449642], [114.3597247, 30.544919], [114.3592936, 30.5448767], [114.3592351, 30.544871], [114.3592651, 30.5446442], [114.3602156, 30.5447374]]]}, "properties": {"id": 19225, "block_id": 19225, "area_sqm": 2323, "poi_count": 4, "dominant_category": "商务住宅", "category_entropy": 1.04, "street_block_id": 3623}}, {"type": "Feature", "geometry": {"type": "Polygon", "coordinates": [[[114.3563115, 30.5450759], [114.3563082, 30.5451064], [114.3559854, 30.5450686], [114.35575637, 30.545043074], [114.3554686, 30.545011], [114.355476, 30.5449544], [114.3554898, 30.5449022], [114.3556135, 30.5441585], [114.3557968, 30.5441739], [114.3558668, 30.5442301], [114.3562066, 30.544285], [114.3564889, 30.544317], [114.356405, 30.5450829], [114.3563115, 30.5450759]]]}, "properties": {"id": 19247, "block_id": 19247, "area_sqm": 7966, "poi_count": 9, "dominant_category": "科教文化服务", "category_entropy": 0.684, "street_block_id": 3625}}, {"type": "Feature", "geometry": {"type": "Polygon", "coordinates": [[[114.35322, 30.5449444], [114.3531998, 30.5451252], [114.3528923, 30.5450989], [114.3522876, 30.5450474], [114.3523994, 30.5443459], [114.3523743, 30.5440699], [114.3523688, 30.5440096], [114.3531434, 30.5440241], [114.353602, 30.5440327], [114.353792, 30.544042], [114.3544494, 30.5440744], [114.3547918, 30.5441035], [114.354763, 30.5443704], [114.3547576, 30.5444582], [114.3547398, 30.5445374], [114.3542999, 30.5448921], [114.3542674, 30.5447435], [114.3538155, 30.5446811], [114.3537786, 30.5449282], [114.3532535, 30.5449005], [114.35322, 30.5449444]]]}, "properties": {"id": 19250, "block_id": 19250, "area_sqm": 21903, "poi_count": 51, "dominant_category": "生活服务", "category_entropy": 2.272, "street_block_id": 3649}}, {"type": "Feature", "geometry": {"type": "Polygon", "coordinates": [[[114.3537786, 30.5449282], [114.3537493, 30.545172], [114.3535756, 30.5451572], [114.3531998, 30.5451252], [114.35322, 30.5449444], [114.3532535, 30.5449005], [114.3537786, 30.5449282]]]}, "properties": {"id": 19259, "block_id": 19259, "area_sqm": 1383, "poi_count": 6, "dominant_category": "餐饮服务", "category_entropy": 0.868, "street_block_id": 3652}}, {"type": "Feature", "geometry": {"type": "Polygon", "coordinates": [[[114.3572663, 30.5451764], [114.3572648, 30.5451876], [114.3571947, 30.54518], [114.3569291, 30.5451358], [114.3569303, 30.5451068], [114.3569243, 30.5450687], [114.3569057, 30.5450439], [114.3568694, 30.5450269], [114.3568041, 30.5450314], [114.3567753, 30.5450445], [114.3567376, 30.5450707], [114.356715, 30.5451284], [114.3566652, 30.5451258], [114.3564771, 30.545103], [114.356405, 30.5450829], [114.3564889, 30.544317], [114.3566631, 30.5443368], [114.3569942, 30.544366], [114.3570949, 30.5443734], [114.3574418, 30.5443917], [114.3574345, 30.5444595], [114.3574157, 30.5446443], [114.3573888, 30.5449061], [114.357384165, 30.544953267], [114.3573538, 30.5449521], [114.3572831, 30.544951], [114.3572663, 30.5451764]]]}, "properties": {"id": 19264, "block_id": 19264, "area_sqm": 7572, "poi_count": 10, "dominant_category": "科教文化服务", "category_entropy": 0.639, "street_block_id": 3625}}, {"type": "Feature", "geometry": {"type": "Polygon", "coordinates": [[[114.3542999, 30.5448921], [114.3542597, 30.5452155], [114.3537493, 30.545172], [114.3537786, 30.5449282], [114.3538155, 30.5446811], [114.3542674, 30.5447435], [114.3542999, 30.5448921]]]}, "properties": {"id": 19267, "block_id": 19267, "area_sqm": 2582, "poi_count": 3, "dominant_category": "交通设施服务", "category_entropy": 1.099, "street_block_id": 3651}}, {"type": "Feature", "geometry": {"type": "Polygon", "coordinates": [[[114.3609348, 30.5450594], [114.360897, 30.5452512], [114.3608016, 30.5452419], [114.3602678, 30.5451901], [114.3602996, 30.5449753], [114.3601857, 30.5449642], [114.3602156, 30.5447374], [114.3602659, 30.5443569], [114.3601924, 30.5443519], [114.3594018, 30.5442659], [114.3592583, 30.5442364], [114.3591852, 30.5442277], [114.3591135, 30.544226], [114.3590612, 30.54423], [114.3590277, 30.5442422], [114.3590156, 30.5442537], [114.3590069, 30.5442676], [114.3590035, 30.5443294], [114.3589995, 30.5443444], [114.3589901, 30.5443583], [114.358978, 30.5443635], [114.3587276, 30.5443407], [114.3587706, 30.5440153], [114.3587806, 30.5440023], [114.3587943, 30.5439921], [114.3588146, 30.5439847], [114.3588366, 30.5439835], [114.3594327, 30.5440487], [114.3594615, 30.5440701], [114.3595118, 30.5440914], [114.3598353, 30.5441235], [114.3601643, 30.5441561], [114.360185, 30.5441509], [114.3602139, 30.544129], [114.3602454, 30.5441203], [114.360863, 30.5441781], [114.361045, 30.5442077], [114.3609348, 30.5450594]]]}, "properties": {"id": 19270, "block_id": 19270, "area_sqm": 11976, "poi_count": 9, "dominant_category": "地名地址信息", "category_entropy": 1.215, "street_block_id": 3623}}, {"type": "Feature", "geometry": {"type": "Polygon", "coordinates": [[[114.3650334, 30.5451866], [114.3642813, 30.5452793], [114.364155, 30.5449705], [114.3640411, 30.5446968], [114.3641788, 30.5446165], [114.3642123, 30.5446067], [114.3642391, 30.5445991], [114.3642766, 30.5445938], [114.3648976, 30.5445333], [114.3650063, 30.5445263], [114.365006, 30.5446927], [114.3650084, 30.5448337], [114.3650141, 30.5449258], [114.3650334, 30.5451866]]]}, "properties": {"id": 19272, "block_id": 19272, "area_sqm": 6173, "poi_count": 2, "dominant_category": "商务住宅", "category_entropy": 0.0, "street_block_id": 3626}}, {"type": "Feature", "geometry": {"type": "Polygon", "coordinates": [[[114.3583768, 30.5452754], [114.3583682, 30.5453479], [114.358049231, 30.545310488], [114.3577765, 30.5452785], [114.3574209, 30.5452368], [114.3574061, 30.5452072], [114.35736, 30.5451992], [114.357384165, 30.544953267], [114.3573888, 30.5449061], [114.3574157, 30.5446443], [114.3574345, 30.5444595], [114.3574418, 30.5443917], [114.3577744, 30.5444008], [114.358047, 30.5444039], [114.3581248, 30.544349], [114.358185, 30.5443033], [114.3582412, 30.5442566], [114.3584854, 30.5442525], [114.3584792, 30.5443138], [114.358446, 30.5446395], [114.3584426, 30.5446728], [114.3584085, 30.5450074], [114.358378, 30.5452649], [114.3583768, 30.5452754]]]}, "properties": {"id": 19280, "block_id": 19280, "area_sqm": 10220, "poi_count": 10, "dominant_category": "科教文化服务", "category_entropy": 0.94, "street_block_id": 3625}}, {"type": "Feature", "geometry": {"type": "Polygon", "coordinates": [[[114.3600665, 30.5452819], [114.3600802, 30.5454154], [114.359863, 30.5453901], [114.3598716, 30.5453097], [114.3598737, 30.5452895], [114.3598702, 30.5452471], [114.3598548, 30.5452046], [114.3598615, 30.5451451], [114.3599899, 30.5452147], [114.3600665, 30.5452819]]]}, "properties": {"id": 19284, "block_id": 19284, "area_sqm": 428, "poi_count": 1, "dominant_category": "生活服务", "category_entropy": 0.0, "street_block_id": 3629}}, {"type": "Feature", "geometry": {"type": "Polygon", "coordinates": [[[114.3514994, 30.5454572], [114.3512902, 30.5454734], [114.3509952, 30.5454475], [114.3510139, 30.5452125], [114.3510286, 30.5450264], [114.351471, 30.5450396], [114.3515396, 30.5451269], [114.3514994, 30.5454572]]]}, "properties": {"id": 19289, "block_id": 19289, "area_sqm": 2305, "poi_count": 2, "dominant_category": "地名地址信息", "category_entropy": 0.693, "street_block_id": 3662}}, {"type": "Feature", "geometry": {"type": "Polygon", "coordinates": [[[114.3642813, 30.5452793], [114.3637222, 30.5455439], [114.3635438, 30.5452914], [114.3635642, 30.5452782], [114.3637241, 30.5451887], [114.364155, 30.5449705], [114.3642813, 30.5452793]]]}, "properties": {"id": 19295, "block_id": 19295, "area_sqm": 2249, "poi_count": 2, "dominant_category": "商务住宅", "category_entropy": 0.0, "street_block_id": 3628}}, {"type": "Feature", "geometry": {"type": "Polygon", "coordinates": [[[114.3596445, 30.5453821], [114.3596092, 30.5456499], [114.3585822, 30.5455494], [114.3586059, 30.5453695], [114.3586166, 30.5452882], [114.3586344, 30.5451533], [114.3596634, 30.545254], [114.3596445, 30.5453821]]]}, "properties": {"id": 19303, "block_id": 19303, "area_sqm": 4385, "poi_count": 6, "dominant_category": "购物服务", "category_entropy": 1.561, "street_block_id": 3629}}, {"type": "Feature", "geometry": {"type": "Polygon", "coordinates": [[[114.3656567, 30.5456379], [114.3651156, 30.5457635], [114.3650787, 30.5456588], [114.3650334, 30.5451866], [114.3650141, 30.5449258], [114.3650084, 30.5448337], [114.365006, 30.5446927], [114.3650063, 30.5445263], [114.3649977, 30.5444572], [114.364994, 30.5443359], [114.3649842, 30.544186], [114.3649721, 30.5441267], [114.3649642, 30.5440655], [114.3649614, 30.5439084], [114.364961, 30.5438653], [114.3650468, 30.5437175], [114.3651265, 30.5436011], [114.3652251, 30.5434242], [114.3652415, 30.5433447], [114.365255, 30.5432908], [114.3653313, 30.5432173], [114.3656988, 30.5426377], [114.365856, 30.542378], [114.3659588, 30.5422853], [114.3661563, 30.5416522], [114.3662773, 30.5416138], [114.3666428, 30.5414721], [114.3670856, 30.5415186], [114.3683785, 30.5416295], [114.3684589, 30.5415925], [114.3684806, 30.5415419], [114.3684965, 30.5415047], [114.3685173, 30.5414087], [114.3686467, 30.5408117], [114.3685984, 30.5407054], [114.3685448, 30.5406361], [114.3683838, 30.5405992], [114.36791, 30.5405695], [114.3677938, 30.5405622], [114.3677347, 30.5408441], [114.3667324, 30.5408083], [114.366695, 30.5407602], [114.3666964, 30.5407075], [114.366721, 30.5406016], [114.3668026, 30.5404689], [114.3668278, 30.540428], [114.3668397, 30.5402704], [114.3668763, 30.5400555], [114.3669451, 30.5398722], [114.3669718, 30.5397296], [114.3669823, 30.5396125], [114.3675815, 30.5396655], [114.3677499, 30.5396804], [114.3682511, 30.5397179], [114.3684871, 30.5397121], [114.3687017, 30.5397121], [114.3690249, 30.5397156], [114.3692797, 30.5397398], [114.3693642, 30.5397306], [114.3694688, 30.5396324], [114.3696405, 30.5394776], [114.369792, 30.5393067], [114.3696807, 30.5392178], [114.3694179, 30.5391796], [114.3686567, 30.5390807], [114.3688756, 30.5390064], [114.368992, 30.5389588], [114.3691175, 30.5389038], [114.3692355, 30.5388358], [114.3693039, 30.5387792], [114.3694549, 30.5386648], [114.3700749, 30.5382808], [114.3706435, 30.5379956], [114.3709775, 30.5377888], [114.3711491, 30.5376155], [114.3712883, 30.5374684], [114.3714068, 30.5374359], [114.3718371, 30.537469], [114.3719559, 30.5374839], [114.3719539, 30.537536], [114.3719304, 30.5376889], [114.371858, 30.537883], [114.3717588, 30.5380817], [114.3716273, 30.5382619], [114.3711304, 30.5387234], [114.3708223, 30.5390061], [114.3706188, 30.5391928], [114.3703472, 30.5394326], [114.3700806, 30.539732], [114.370069, 30.539745], [114.3697149, 30.5399922], [114.3695432, 30.54011], [114.3692348, 30.5404218], [114.369151, 30.540553], [114.3690524, 30.5407129], [114.368811, 30.5413759], [114.3685481, 30.5419373], [114.3683865, 30.5423018], [114.3682772, 30.5425494], [114.3682042, 30.5427453], [114.3681951, 30.5428486], [114.3681217, 30.543351], [114.3680332, 30.5436559], [114.3680039, 30.5437583], [114.3679064, 30.544099], [114.3677649, 30.544506], [114.3676603, 30.5446077], [114.3672788, 30.5448544], [114.3668416, 30.5451477], [114.3665499, 30.5453145], [114.3665104, 30.5453292], [114.3660047, 30.5455173], [114.3656567, 30.5456379]], [[114.367538, 30.543964], [114.367655, 30.5440597], [114.3678272, 30.543852], [114.3678736, 30.5435823], [114.3679142, 30.5432976], [114.3674415, 30.5432202], [114.367227, 30.5432402], [114.3670965, 30.5432751], [114.366995, 30.5432551], [114.3667601, 30.5432102], [114.3665484, 30.5431702], [114.3663599, 30.5431902], [114.3662729, 30.5432152], [114.3662266, 30.5432776], [114.3661686, 30.5434749], [114.3661454, 30.5435823], [114.366104, 30.5436346], [114.36704, 30.5438494], [114.367538, 30.543964]]]}, "properties": {"id": 19312, "block_id": 19312, "area_sqm": 158377, "poi_count": 49, "dominant_category": "科教文化服务", "category_entropy": 1.847, "street_block_id": 3638}}, {"type": "Feature", "geometry": {"type": "Polygon", "coordinates": [[[114.3600802, 30.5454154], [114.3600362, 30.5457827], [114.3597462, 30.5457665], [114.3597214, 30.5457246], [114.3597217, 30.5453902], [114.3596445, 30.5453821], [114.3596634, 30.545254], [114.3596977, 30.5452573], [114.3598716, 30.5453097], [114.359863, 30.5453901], [114.3600802, 30.5454154]]]}, "properties": {"id": 19314, "block_id": 19314, "area_sqm": 1602, "poi_count": 1, "dominant_category": "生活服务", "category_entropy": 0.0, "street_block_id": 3629}}, {"type": "Feature", "geometry": {"type": "Polygon", "coordinates": [[[114.3521836, 30.5457], [114.352168, 30.5457981], [114.3516643, 30.5457587], [114.3516657, 30.5456571], [114.3521836, 30.5457]]]}, "properties": {"id": 19317, "block_id": 19317, "area_sqm": 546, "poi_count": 3, "dominant_category": "地名地址信息", "category_entropy": 0.637, "street_block_id": 3664}}, {"type": "Feature", "geometry": {"type": "Polygon", "coordinates": [[[114.3607635, 30.5455442], [114.3607337, 30.5458351], [114.3600362, 30.5457827], [114.3600802, 30.5454154], [114.3600665, 30.5452819], [114.3599899, 30.5452147], [114.3598615, 30.5451451], [114.3602678, 30.5451901], [114.3608016, 30.5452419], [114.3607762, 30.5454206], [114.3607635, 30.5455442]]]}, "properties": {"id": 19320, "block_id": 19320, "area_sqm": 4643, "poi_count": 3, "dominant_category": "餐饮服务", "category_entropy": 0.637, "street_block_id": 3627}}, {"type": "Feature", "geometry": {"type": "Polygon", "coordinates": [[[114.355914, 30.5457552], [114.3558999, 30.545868], [114.355592, 30.5458436], [114.3551328, 30.5458064], [114.355254, 30.5449883], [114.3552947, 30.5449927], [114.3554686, 30.545011], [114.35575637, 30.545043074], [114.3557493, 30.5451265], [114.3557447, 30.5451582], [114.3559327, 30.5451713], [114.3559731, 30.5451742], [114.3559707, 30.5451944], [114.3559778, 30.545295], [114.355953, 30.5453681], [114.3558857, 30.5453925], [114.3558362, 30.5454657], [114.3558362, 30.5455327], [114.3559034, 30.5455845], [114.3559247, 30.5456272], [114.355914, 30.5457552]]]}, "properties": {"id": 19326, "block_id": 19326, "area_sqm": 6084, "poi_count": 2, "dominant_category": "地名地址信息", "category_entropy": 0.693, "street_block_id": 3629}}, {"type": "Feature", "geometry": {"type": "Polygon", "coordinates": [[[114.3597462, 30.5457665], [114.3598452, 30.5459343], [114.3590749, 30.545934], [114.3583238, 30.5459016], [114.3583562, 30.5454802], [114.3583682, 30.5453479], [114.3583768, 30.5452754], [114.358378, 30.5452649], [114.3586166, 30.5452882], [114.3586059, 30.5453695], [114.3585822, 30.5455494], [114.3596092, 30.5456499], [114.3596445, 30.5453821], [114.3597217, 30.5453902], [114.3597214, 30.5457246], [114.3597462, 30.5457665]]]}, "properties": {"id": 19335, "block_id": 19335, "area_sqm": 5964, "poi_count": 1, "dominant_category": "公共设施", "category_entropy": 0.0, "street_block_id": 3629}}, {"type": "Feature", "geometry": {"type": "Polygon", "coordinates": [[[114.3551328, 30.5458064], [114.3551263, 30.5459405], [114.3542553, 30.5458626], [114.3542553, 30.5456905], [114.3542597, 30.5452155], [114.3542999, 30.5448921], [114.3543799, 30.5448995], [114.3546932, 30.544934], [114.355254, 30.5449883], [114.3551328, 30.5458064]]]}, "properties": {"id": 19336, "block_id": 19336, "area_sqm": 9480, "poi_count": 14, "dominant_category": "科教文化服务", "category_entropy": 0.759, "street_block_id": 3653}}, {"type": "Feature", "geometry": {"type": "Polygon", "coordinates": [[[114.3581971, 30.5460256], [114.3581676, 30.5460695], [114.3579476, 30.5460487], [114.3576794, 30.5460349], [114.3577062, 30.5457507], [114.3577182, 30.54567], [114.3577636, 30.5453653], [114.3579441, 30.5453839], [114.3580343, 30.5453958], [114.358049231, 30.545310488], [114.3583682, 30.5453479], [114.3583562, 30.5454802], [114.3583238, 30.5459016], [114.3583301, 30.5460048], [114.3582427, 30.5460164], [114.3581971, 30.5460256]]]}, "properties": {"id": 19347, "block_id": 19347, "area_sqm": 4580, "poi_count": 6, "dominant_category": "科教文化服务", "category_entropy": 1.242, "street_block_id": 3629}}, {"type": "Feature", "geometry": {"type": "Polygon", "coordinates": [[[114.3607666, 30.5462877], [114.3607519, 30.5463973], [114.3599468, 30.5463195], [114.3599671, 30.5461444], [114.3598452, 30.5459343], [114.3597462, 30.5457665], [114.3600362, 30.5457827], [114.3607337, 30.5458351], [114.3607635, 30.5455442], [114.3608592, 30.5455514], [114.3607666, 30.5462877]]]}, "properties": {"id": 19381, "block_id": 19381, "area_sqm": 5559, "poi_count": 4, "dominant_category": "餐饮服务", "category_entropy": 0.562, "street_block_id": 3629}}, {"type": "Feature", "geometry": {"type": "Polygon", "coordinates": [[[114.3582993, 30.5464193], [114.3582671, 30.5466681], [114.3571853, 30.5465414], [114.3571881, 30.5465042], [114.3572144, 30.5463013], [114.357204, 30.5462716], [114.3571816, 30.5462315], [114.357154, 30.5461988], [114.3571109, 30.5461706], [114.357035, 30.5461602], [114.3565769, 30.546123], [114.3563682, 30.546104], [114.356307, 30.5460997], [114.356246, 30.546106], [114.3561941, 30.5461113], [114.3561131, 30.546405], [114.3551068, 30.5463432], [114.3551263, 30.5459405], [114.3551328, 30.5458064], [114.355592, 30.5458436], [114.3558999, 30.545868], [114.355914, 30.5457552], [114.3559247, 30.5456272], [114.3559034, 30.5455845], [114.3558362, 30.5455327], [114.3558362, 30.5454657], [114.3558857, 30.5453925], [114.355953, 30.5453681], [114.3559778, 30.545295], [114.3559707, 30.5451944], [114.3559731, 30.5451742], [114.3559854, 30.5450686], [114.3563082, 30.5451064], [114.3567118, 30.5451537], [114.3566708, 30.5454879], [114.3568754, 30.5455077], [114.3569115, 30.5451771], [114.3574209, 30.5452368], [114.3577765, 30.5452785], [114.3577636, 30.5453653], [114.3577182, 30.54567], [114.3577062, 30.5457507], [114.3576794, 30.5460349], [114.3579476, 30.5460487], [114.3581676, 30.5460695], [114.3581971, 30.5460256], [114.3582427, 30.5460164], [114.3583301, 30.5460048], [114.3583318, 30.5460334], [114.3582993, 30.5464193]]]}, "properties": {"id": 19416, "block_id": 19416, "area_sqm": 29132, "poi_count": 14, "dominant_category": "科教文化服务", "category_entropy": 1.128, "street_block_id": 3629}}, {"type": "Feature", "geometry": {"type": "Polygon", "coordinates": [[[114.3617308, 30.5457762], [114.3615711, 30.5467219], [114.3607271, 30.5466498], [114.3607519, 30.5463973], [114.3607666, 30.5462877], [114.3608592, 30.5455514], [114.360897, 30.5452512], [114.3613625, 30.5452788], [114.3613345, 30.5454856], [114.3617696, 30.5455288], [114.3617622, 30.5455906], [114.3617308, 30.5457762]]]}, "properties": {"id": 19421, "block_id": 19421, "area_sqm": 12305, "poi_count": 7, "dominant_category": "科教文化服务", "category_entropy": 0.956, "street_block_id": 3628}}, {"type": "Feature", "geometry": {"type": "Polygon", "coordinates": [[[114.3570901, 30.5468822], [114.3570635, 30.5468903], [114.3570099, 30.5468895], [114.3561889, 30.5468083], [114.3561325, 30.5467921], [114.3560923, 30.546769], [114.3560762, 30.5467297], [114.3561101, 30.5464639], [114.3561131, 30.546405], [114.3561941, 30.5461113], [114.356246, 30.546106], [114.356307, 30.5460997], [114.3563682, 30.546104], [114.3565769, 30.546123], [114.357035, 30.5461602], [114.3571109, 30.5461706], [114.357154, 30.5461988], [114.3571816, 30.5462315], [114.357204, 30.5462716], [114.3572144, 30.5463013], [114.3571881, 30.5465042], [114.3571853, 30.5465414], [114.3571762, 30.5466427], [114.3571636, 30.5466814], [114.3571411, 30.5468083], [114.357125, 30.5468568], [114.3570901, 30.5468822]]]}, "properties": {"id": 19432, "block_id": 19432, "area_sqm": 8073, "poi_count": 6, "dominant_category": "科教文化服务", "category_entropy": 0.868, "street_block_id": 3630}}, {"type": "Feature", "geometry": {"type": "Polygon", "coordinates": [[[114.3610836, 30.5475367], [114.3606079, 30.5478186], [114.3606002, 30.5476176], [114.3606123, 30.5475084], [114.3606576, 30.5470996], [114.3607271, 30.5466498], [114.3615711, 30.5467219], [114.3617308, 30.5457762], [114.3617622, 30.5455906], [114.3617696, 30.5455288], [114.3613345, 30.5454856], [114.3613625, 30.5452788], [114.361569, 30.5452911], [114.3615813, 30.5451517], [114.3611282, 30.545122], [114.3611542, 30.5448664], [114.3619314, 30.5449093], [114.3619605, 30.5446237], [114.3619629, 30.5446004], [114.3621382, 30.544647], [114.3621008, 30.5448768], [114.3622444, 30.5448917], [114.3633656, 30.5450072], [114.3634004, 30.545065], [114.3635438, 30.5452914], [114.3637222, 30.5455439], [114.3642813, 30.5452793], [114.3650334, 30.5451866], [114.3650787, 30.5456588], [114.3651156, 30.5457635], [114.3649837, 30.5458023], [114.3647119, 30.5458823], [114.3644095, 30.5459729], [114.3640387, 30.5461318], [114.363519, 30.5464256], [114.3630141, 30.5466746], [114.3627412, 30.5467744], [114.3620592, 30.546998], [114.3618909, 30.5470724], [114.3610836, 30.5475367]]]}, "properties": {"id": 19548, "block_id": 19548, "area_sqm": 60368, "poi_count": 13, "dominant_category": "科教文化服务", "category_entropy": 1.525, "street_block_id": 3628}}, {"type": "Feature", "geometry": {"type": "Polygon", "coordinates": [[[114.3425244, 30.547207], [114.3424605, 30.5479423], [114.3382329, 30.5477226], [114.3383267, 30.5468265], [114.3382886, 30.5465045], [114.3382206, 30.5463568], [114.3379442, 30.5457563], [114.3379049, 30.5456709], [114.3375923, 30.5449919], [114.341229, 30.5439207], [114.3422911, 30.5436078], [114.3428276, 30.544846], [114.3428276, 30.5449246], [114.3428276, 30.5450492], [114.342683652, 30.546073646], [114.3425244, 30.547207]]]}, "properties": {"id": 19560, "block_id": 19560, "area_sqm": 176123, "poi_count": 431, "dominant_category": "购物服务", "category_entropy": 2.167, "street_block_id": 16962}}, {"type": "Feature", "geometry": {"type": "Polygon", "coordinates": [[[114.3600368, 30.548019], [114.3598927, 30.5480287], [114.359723, 30.5480121], [114.3595735, 30.5479733], [114.3594011, 30.5478735], [114.3590444, 30.5475986], [114.3586877, 30.547497], [114.3581593, 30.547393], [114.3575853, 30.5473515], [114.3570006, 30.5473815], [114.356708, 30.5473968], [114.3566036, 30.5474023], [114.3563562, 30.5474362], [114.3563307, 30.5474397], [114.3558693, 30.5475529], [114.3553624, 30.5477446], [114.3548439, 30.5478985], [114.3549239, 30.547749], [114.3551068, 30.5463432], [114.3561131, 30.546405], [114.3561101, 30.5464639], [114.3560762, 30.5467297], [114.3560923, 30.546769], [114.3561325, 30.5467921], [114.3561889, 30.5468083], [114.3570099, 30.5468895], [114.3570635, 30.5468903], [114.3570901, 30.5468822], [114.357125, 30.5468568], [114.3571411, 30.5468083], [114.3571636, 30.5466814], [114.3571762, 30.5466427], [114.3571853, 30.5465414], [114.3582671, 30.5466681], [114.3582993, 30.5464193], [114.3607271, 30.5466498], [114.3606576, 30.5470996], [114.3606123, 30.5475084], [114.3606002, 30.5476176], [114.3606079, 30.5478186], [114.3604479, 30.5479017], [114.3602782, 30.5479867], [114.3600368, 30.548019]]]}, "properties": {"id": 19573, "block_id": 19573, "area_sqm": 62127, "poi_count": 65, "dominant_category": "科教文化服务", "category_entropy": 1.122, "street_block_id": 3633}}, {"type": "Feature", "geometry": {"type": "Polygon", "coordinates": [[[114.344073, 30.5460405], [114.3439909, 30.5480345], [114.3424605, 30.5479423], [114.3425244, 30.547207], [114.342683652, 30.546073646], [114.3428276, 30.5450492], [114.3428276, 30.5449246], [114.3441804, 30.5450239], [114.344073, 30.5460405]]]}, "properties": {"id": 19574, "block_id": 19574, "area_sqm": 46020, "poi_count": 38, "dominant_category": "政府机构及社会团体", "category_entropy": 2.251, "street_block_id": 17112}}, {"type": "Feature", "geometry": {"type": "Polygon", "coordinates": [[[114.3486857, 30.5481599], [114.348430334, 30.548204199], [114.3483705, 30.5480486], [114.3483138, 30.547836], [114.3482613, 30.5475766], [114.34821, 30.5472345], [114.3481894, 30.5469068], [114.3481798, 30.5465858], [114.3481848, 30.5464057], [114.3481936, 30.5461706], [114.3483444, 30.5447736], [114.3485316, 30.5432493], [114.3485875, 30.5426734], [114.3486225, 30.5422371], [114.348660478, 30.542033271], [114.3486955, 30.5420739], [114.3485344, 30.5438847], [114.3484674, 30.5444959], [114.3484341, 30.5449085], [114.3484165, 30.5450382], [114.3492134, 30.545044], [114.3494009, 30.5449342], [114.350483, 30.5449554], [114.35103, 30.5449733], [114.3510286, 30.5450264], [114.3510139, 30.5452125], [114.3509952, 30.5454475], [114.3512902, 30.5454734], [114.3514994, 30.5454572], [114.3514913, 30.545642], [114.3516657, 30.5456571], [114.3516643, 30.5457587], [114.352168, 30.5457981], [114.3520873, 30.5463048], [114.3520941, 30.5476984], [114.3520257, 30.5477492], [114.3519366, 30.5477857], [114.3516147, 30.5478181], [114.351097, 30.5478111], [114.3506437, 30.5478296], [114.3502468, 30.5478412], [114.3500671, 30.5478573], [114.3498424, 30.5478832], [114.3492651, 30.548019], [114.3486857, 30.5481599]]]}, "properties": {"id": 19586, "block_id": 19586, "area_sqm": 115442, "poi_count": 57, "dominant_category": "地名地址信息", "category_entropy": 1.738, "street_block_id": 3664}}, {"type": "Feature", "geometry": {"type": "Polygon", "coordinates": [[[114.3477364, 30.5478574], [114.3476775, 30.5482725], [114.3474714, 30.5482443], [114.3439909, 30.5480345], [114.344073, 30.5460405], [114.3441804, 30.5450239], [114.3438056, 30.5443575], [114.3438091, 30.5441321], [114.343883, 30.5439509], [114.3439571, 30.5437815], [114.3443398, 30.5435603], [114.3442938, 30.5434262], [114.3442195, 30.543289], [114.3441523, 30.543161], [114.3441035, 30.5430206], [114.3443526, 30.5429412], [114.3447214, 30.5428237], [114.3458051, 30.5424888], [114.3468592, 30.5421649], [114.347585, 30.5419696], [114.3481842, 30.5417958], [114.3483128, 30.5417955], [114.3483934, 30.5418117], [114.3484619, 30.5418474], [114.3485182, 30.5418764], [114.3485669, 30.541916], [114.3485087, 30.542124], [114.3484908, 30.5422105], [114.3484357, 30.5426925], [114.3482681, 30.544301], [114.3482461, 30.5445009], [114.348219, 30.5446648], [114.3481509, 30.5448093], [114.3480261, 30.5449584], [114.3479429, 30.5451109], [114.3479054, 30.5452333], [114.3478946, 30.5453003], [114.3478973, 30.5454204], [114.3479268, 30.5455683], [114.3479241, 30.5456237], [114.3479241, 30.5457415], [114.3478866, 30.5459147], [114.3478705, 30.5459956], [114.3478624, 30.5461042], [114.3478624, 30.5462405], [114.3479, 30.5465153], [114.3479376, 30.5466932], [114.3479671, 30.5468549], [114.3479805, 30.5469727], [114.3479751, 30.5471067], [114.3479134, 30.5472707], [114.3478303, 30.5474809], [114.347782, 30.5476334], [114.3477525, 30.5477627], [114.3477364, 30.5478574]], [[114.3475848, 30.5423733], [114.3481695, 30.5424172], [114.3481899, 30.5421982], [114.348191, 30.5421562], [114.3480568, 30.5421469], [114.3476063, 30.5423064], [114.3475848, 30.5423733]]]}, "properties": {"id": 19597, "block_id": 19597, "area_sqm": 247084, "poi_count": 178, "dominant_category": "政府机构及社会团体", "category_entropy": 2.4, "street_block_id": 3679}}, {"type": "Feature", "geometry": {"type": "Polygon", "coordinates": [[[114.3437403, 30.5499736], [114.3436288, 30.5503747], [114.342866, 30.5502229], [114.3429578, 30.5498697], [114.3437403, 30.5499736]]]}, "properties": {"id": 19808, "block_id": 19808, "area_sqm": 3238, "poi_count": 1, "dominant_category": "汽车服务", "category_entropy": 0.0, "street_block_id": 3680}}, {"type": "Feature", "geometry": {"type": "Polygon", "coordinates": [[[114.3451744, 30.5502786], [114.3449251, 30.5510626], [114.3435162, 30.55078], [114.3436288, 30.5503747], [114.3437403, 30.5499736], [114.3444903, 30.5501331], [114.3451744, 30.5502786]]]}, "properties": {"id": 19855, "block_id": 19855, "area_sqm": 12764, "poi_count": 3, "dominant_category": "政府机构及社会团体", "category_entropy": 0.637, "street_block_id": 3680}}, {"type": "Feature", "geometry": {"type": "Polygon", "coordinates": [[[114.348485, 30.5514121], [114.3426409, 30.5533252], [114.3424246, 30.5527722], [114.3424006, 30.5527109], [114.3429407, 30.5525319], [114.342989, 30.5525111], [114.3430746, 30.5522294], [114.3423589, 30.5520914], [114.3421971, 30.5521908], [114.342131, 30.5520218], [114.3420652, 30.5517739], [114.3420448, 30.5514059], [114.3420647, 30.5510437], [114.3422956, 30.5496816], [114.3423989, 30.5489001], [114.3424549, 30.5480065], [114.3445988, 30.5481355], [114.3446627, 30.5481393], [114.3447297, 30.5481433], [114.3458445, 30.5482104], [114.3474731, 30.5483083], [114.3476698, 30.5482987], [114.3478168, 30.5482916], [114.3477427, 30.54854], [114.3478249, 30.5488168], [114.3480111, 30.5493284], [114.3481923, 30.5497861], [114.3483318, 30.5500956], [114.3484242, 30.5504533], [114.3484686, 30.5507216], [114.3484927, 30.551075], [114.348485, 30.5514121]], [[114.3467109, 30.551112], [114.3468555, 30.5511236], [114.3469458, 30.5510808], [114.3470272, 30.5508007], [114.3470091, 30.5507113], [114.3469052, 30.550614], [114.3460285, 30.5504441], [114.3459024, 30.5508397], [114.3459385, 30.550933], [114.3459837, 30.550968], [114.3467109, 30.551112]], [[114.3449251, 30.5510626], [114.3451744, 30.5502786], [114.3452731, 30.5498542], [114.3466466, 30.5501097], [114.3467778, 30.5496606], [114.3465692, 30.5496247], [114.3464827, 30.5498723], [114.3453205, 30.5496662], [114.3452731, 30.5498542], [114.3448888, 30.5498331], [114.3445706, 30.5498172], [114.3430169, 30.5496298], [114.3429776, 30.5497859], [114.3429578, 30.5498697], [114.342866, 30.5502229], [114.3436288, 30.5503747], [114.3435162, 30.55078], [114.3449251, 30.5510626]], [[114.3445788, 30.5488966], [114.3446221, 30.5489008], [114.3446653, 30.5488949], [114.3447056, 30.548878], [114.3447381, 30.5488416], [114.3447489, 30.5488052], [114.344742, 30.5487662], [114.3447312, 30.5487298], [114.3446889, 30.5486951], [114.3446313, 30.5486707], [114.3445834, 30.5486796], [114.3445306, 30.5487078], [114.3445002, 30.5487366], [114.3444884, 30.5487569], [114.3444825, 30.5487959], [114.3444913, 30.5488331], [114.3445071, 30.5488585], [114.3445434, 30.5488864], [114.3445788, 30.5488966]]]}, "properties": {"id": 20111, "block_id": 20111, "area_sqm": 233730, "poi_count": 243, "dominant_category": "购物服务", "category_entropy": 2.419, "street_block_id": 3680}}, {"type": "Feature", "geometry": {"type": "Polygon", "coordinates": [[[114.3426409, 30.5533252], [114.3410358, 30.5539227], [114.3409768, 30.5538158], [114.340792206, 30.553885071], [114.3408229, 30.5537794], [114.3405721, 30.5533994], [114.3403172, 30.5532627], [114.342131, 30.5520218], [114.3421971, 30.5521908], [114.3424006, 30.5527109], [114.3424246, 30.5527722], [114.3426409, 30.5533252]]]}, "properties": {"id": 20160, "block_id": 20160, "area_sqm": 23739, "poi_count": 58, "dominant_category": "购物服务", "category_entropy": 2.149, "street_block_id": 16980}}, {"type": "Feature", "geometry": {"type": "Polygon", "coordinates": [[[114.3496395, 30.5541358], [114.3495433, 30.5541693], [114.3494514, 30.5538928], [114.3493027, 30.5536505], [114.3492502, 30.5535442], [114.3490424, 30.5531261], [114.3488856, 30.5528287], [114.3487856, 30.5526105], [114.3487075, 30.5524168], [114.348619, 30.5521491], [114.3485838, 30.5519824], [114.348546, 30.5517547], [114.3485102, 30.5515348], [114.3485849, 30.5514497], [114.3486215, 30.5517401], [114.3486605, 30.5519261], [114.3486843, 30.5520436], [114.3487035, 30.5521195], [114.3487454, 30.5522688], [114.3487943, 30.5524107], [114.348886, 30.5526365], [114.3490014, 30.5528771], [114.3491058, 30.5530947], [114.3493393, 30.5535507], [114.3494001, 30.5536613], [114.3494958, 30.553787], [114.3495491, 30.5538839], [114.3496395, 30.5541358]]]}, "properties": {"id": 20194, "block_id": 20194, "area_sqm": 2526, "poi_count": 1, "dominant_category": "地名地址信息", "category_entropy": 0.0, "street_block_id": 38385}}, {"type": "Feature", "geometry": {"type": "Polygon", "coordinates": [[[114.3582022, 30.5399177], [114.3579715, 30.5403035], [114.3576953, 30.5402296], [114.3575558, 30.5402596], [114.3571776, 30.5401002], [114.3571079, 30.5399131], [114.3573627, 30.5397167], [114.3577181, 30.5395261], [114.357828, 30.5395724], [114.3580356, 30.5397312], [114.3580614, 30.5397569], [114.3582022, 30.5399177]]]}, "properties": {"id": 18616, "block_id": 18616, "area_sqm": 5689, "poi_count": 1, "dominant_category": "风景名胜", "category_entropy": 0.0, "street_block_id": 3699}}, {"type": "Feature", "geometry": {"type": "Polygon", "coordinates": [[[114.3520039, 30.5543273], [114.3519683, 30.55488], [114.3511723, 30.5548522], [114.3504514, 30.5543967], [114.3503172, 30.5543495], [114.3503025, 30.5542568], [114.3502725, 30.5540677], [114.350546, 30.5539788], [114.3512369, 30.5538876], [114.3514396, 30.553877], [114.3516346, 30.5538981], [114.3518572, 30.5539894], [114.3519892, 30.5540872], [114.3520174, 30.5541176], [114.3520039, 30.5543273]]]}, "properties": {"id": 20268, "block_id": 20268, "area_sqm": 13973, "poi_count": 7, "dominant_category": "商务住宅", "category_entropy": 1.154, "street_block_id": 3567}}, {"type": "Feature", "geometry": {"type": "Polygon", "coordinates": [[[114.3485706, 30.5549009], [114.3477885, 30.5549243], [114.3478083, 30.5546526], [114.347854, 30.554423], [114.3479835, 30.5543992], [114.3482798, 30.5543635], [114.3486084, 30.5543582], [114.349003, 30.5543622], [114.3493469, 30.5543146], [114.3494466, 30.5545359], [114.3491106, 30.5546278], [114.3491264, 30.5545576], [114.3485494, 30.5545721], [114.3485445, 30.5546516], [114.3485619, 30.55476], [114.3485706, 30.5549009]]]}, "properties": {"id": 20273, "block_id": 20273, "area_sqm": 6205, "poi_count": 5, "dominant_category": "通行设施", "category_entropy": 0.95, "street_block_id": 3669}}, {"type": "Feature", "geometry": {"type": "Polygon", "coordinates": [[[114.3525924, 30.5545793], [114.352784247, 30.555171008], [114.3526196, 30.5549294], [114.3522509, 30.5542466], [114.3521055, 30.554061], [114.3519394, 30.5539359], [114.3517681, 30.5538576], [114.3515812, 30.5538084], [114.3514177, 30.5537995], [114.351223, 30.5538107], [114.3510023, 30.553833], [114.3504038, 30.5539206], [114.3500014, 30.5540093], [114.3498387, 30.553997], [114.3497413, 30.5539555], [114.3496166, 30.5538861], [114.3494958, 30.553787], [114.3494001, 30.5536613], [114.3493393, 30.5535507], [114.3491058, 30.5530947], [114.3490014, 30.5528771], [114.348886, 30.5526365], [114.3487943, 30.5524107], [114.3487454, 30.5522688], [114.3487035, 30.5521195], [114.3486843, 30.5520436], [114.3486605, 30.5519261], [114.3486215, 30.5517401], [114.3485849, 30.5514497], [114.3485904, 30.5512086], [114.3485705, 30.5507632], [114.348546, 30.5505768], [114.348451, 30.55016], [114.3484042, 30.5500032], [114.3482218, 30.5496083], [114.3481023, 30.5493145], [114.3478843, 30.5487402], [114.3478248, 30.5485272], [114.3478182, 30.5483334], [114.3479853, 30.548312], [114.3482402, 30.5482797], [114.348353579, 30.548260017], [114.3483637, 30.548293], [114.3484694, 30.5485456], [114.3486511, 30.5488102], [114.3492482, 30.5494789], [114.3498255, 30.5500615], [114.3501027, 30.5503348], [114.3506658, 30.5509633], [114.3511388, 30.5515208], [114.3514205, 30.5518885], [114.3516235, 30.5521753], [114.3518199, 30.5525023], [114.3519735, 30.5528107], [114.3522998, 30.5536928], [114.3525924, 30.5545793]]]}, "properties": {"id": 20297, "block_id": 20297, "area_sqm": 123313, "poi_count": 21, "dominant_category": "交通设施服务", "category_entropy": 2.318, "street_block_id": 38385}}, {"type": "Feature", "geometry": {"type": "Polygon", "coordinates": [[[114.3495231, 30.5553654], [114.3495155, 30.5554933], [114.3485438, 30.5554574], [114.3485669, 30.5549777], [114.3485706, 30.5549009], [114.3485619, 30.55476], [114.3488709, 30.5547554], [114.3490973, 30.5546945], [114.3491106, 30.5546278], [114.3494466, 30.5545359], [114.3495155, 30.5546887], [114.3495504, 30.5549084], [114.3495231, 30.5553654]]]}, "properties": {"id": 20334, "block_id": 20334, "area_sqm": 8281, "poi_count": 18, "dominant_category": "医疗保健服务", "category_entropy": 1.658, "street_block_id": 3673}}, {"type": "Feature", "geometry": {"type": "Polygon", "coordinates": [[[114.352926633, 30.555556275], [114.3529043, 30.5555602], [114.352863, 30.5555523], [114.3527565, 30.5554409], [114.352626, 30.5551157], [114.3521626, 30.5542736], [114.3520174, 30.5541176], [114.3519892, 30.5540872], [114.3518572, 30.5539894], [114.3516346, 30.5538981], [114.3514396, 30.553877], [114.3512369, 30.5538876], [114.350546, 30.5539788], [114.3502725, 30.5540677], [114.3496548, 30.5542259], [114.3496395, 30.5541358], [114.3500014, 30.5540093], [114.3504038, 30.5539206], [114.3510023, 30.553833], [114.351223, 30.5538107], [114.3514177, 30.5537995], [114.3515812, 30.5538084], [114.3517681, 30.5538576], [114.3519394, 30.5539359], [114.3521055, 30.554061], [114.3522509, 30.5542466], [114.3526196, 30.5549294], [114.352784247, 30.555171008], [114.3528784, 30.5554614], [114.352926633, 30.555556275]]]}, "properties": {"id": 20346, "block_id": 20346, "area_sqm": 4150, "poi_count": 2, "dominant_category": "地名地址信息", "category_entropy": 0.0, "street_block_id": 3567}}, {"type": "Feature", "geometry": {"type": "Polygon", "coordinates": [[[114.3458882, 30.5400678], [114.3458725, 30.5403269], [114.3439562, 30.5402919], [114.3439383, 30.5402156], [114.3438524, 30.539883], [114.3437398, 30.5393701], [114.3436587, 30.5390288], [114.3442253, 30.5389196], [114.3452231, 30.5387002], [114.3458159, 30.5385362], [114.3460028, 30.5384783], [114.3459741, 30.5389335], [114.3459231, 30.5395249], [114.3458882, 30.5400678]]]}, "properties": {"id": 18623, "block_id": 18623, "area_sqm": 34905, "poi_count": 5, "dominant_category": "交通设施服务", "category_entropy": 0.95, "street_block_id": 17103}}, {"type": "Feature", "geometry": {"type": "Polygon", "coordinates": [[[114.3414921, 30.5555871], [114.3412022, 30.5557287], [114.3410595, 30.5555664], [114.3413536, 30.5553814], [114.3414921, 30.5555871]]]}, "properties": {"id": 20375, "block_id": 20375, "area_sqm": 816, "poi_count": 2, "dominant_category": "生活服务", "category_entropy": 0.693, "street_block_id": 16987}}, {"type": "Feature", "geometry": {"type": "Polygon", "coordinates": [[[114.3422945, 30.5559554], [114.3422458, 30.5559606], [114.3421697, 30.5559574], [114.3421146, 30.5559345], [114.3420453, 30.5558945], [114.342043732, 30.555892635], [114.3417738, 30.5555715], [114.3417011, 30.555485], [114.3415163, 30.5551682], [114.3409895, 30.5543818], [114.3408661, 30.5541997], [114.3411297, 30.554093], [114.3410698, 30.5539843], [114.342667, 30.5533874], [114.3485102, 30.5515348], [114.348546, 30.5517547], [114.3485838, 30.5519824], [114.348619, 30.5521491], [114.3487075, 30.5524168], [114.3487856, 30.5526105], [114.3488856, 30.5528287], [114.3490424, 30.5531261], [114.3492502, 30.5535442], [114.3493027, 30.5536505], [114.3493323, 30.553744], [114.3493377, 30.5538801], [114.3492992, 30.5540126], [114.3492217, 30.5541956], [114.3490867, 30.5542807], [114.3489168, 30.5542955], [114.3485864, 30.5542923], [114.3483442, 30.5542955], [114.3481606, 30.5543065], [114.3478634, 30.5543465], [114.3475659, 30.5544093], [114.3468427, 30.5546147], [114.3465252, 30.5546874], [114.3461049, 30.554738], [114.3452753, 30.5548091], [114.3448494, 30.5548645], [114.3441116, 30.555013], [114.3437225, 30.5551031], [114.3434802, 30.5552043], [114.3432214, 30.5553513], [114.3424206, 30.5559046], [114.3422945, 30.5559554]]]}, "properties": {"id": 20406, "block_id": 20406, "area_sqm": 189629, "poi_count": 33, "dominant_category": "交通设施服务", "category_entropy": 1.859, "street_block_id": 19640}}, {"type": "Feature", "geometry": {"type": "Polygon", "coordinates": [[[114.3502629, 30.5549542], [114.3502424, 30.5558684], [114.3485224, 30.5557805], [114.3485438, 30.5554574], [114.3495155, 30.5554933], [114.3495231, 30.5553654], [114.3495504, 30.5549084], [114.3495155, 30.5546887], [114.3494466, 30.5545359], [114.3493469, 30.5543146], [114.3495454, 30.5542574], [114.3496548, 30.5542259], [114.3502725, 30.5540677], [114.3503025, 30.5542568], [114.3503172, 30.5543495], [114.3503008, 30.5547005], [114.3502551, 30.5547085], [114.3502144, 30.5547281], [114.3501826, 30.5547575], [114.3501628, 30.5547939], [114.3501568, 30.5548338], [114.3501653, 30.5548733], [114.3501874, 30.5549086], [114.350221, 30.5549365], [114.3502629, 30.5549542]]]}, "properties": {"id": 20392, "block_id": 20392, "area_sqm": 17045, "poi_count": 11, "dominant_category": "科教文化服务", "category_entropy": 0.995, "street_block_id": 3672}}, {"type": "Feature", "geometry": {"type": "Polygon", "coordinates": [[[114.3405527, 30.5541146], [114.336339, 30.555937], [114.3361137, 30.555931], [114.3360305, 30.5559177], [114.3358103, 30.5558186], [114.3350096, 30.5542], [114.3346785, 30.5536829], [114.3343668, 30.5530603], [114.335983, 30.5524495], [114.3361214, 30.552397], [114.3364129, 30.5522864], [114.3382994, 30.5515704], [114.3388203, 30.5513727], [114.3400775, 30.5529601], [114.3403172, 30.5532627], [114.3406906, 30.5539232], [114.3404873, 30.5539994], [114.3405527, 30.5541146]], [[114.3362623, 30.5528421], [114.336781, 30.5538537], [114.3376018, 30.5535384], [114.337077, 30.5525215], [114.3363295, 30.5528132], [114.3362623, 30.5528421]]]}, "properties": {"id": 20401, "block_id": 20401, "area_sqm": 165125, "poi_count": 273, "dominant_category": "购物服务", "category_entropy": 2.521, "street_block_id": 16981}}, {"type": "Feature", "geometry": {"type": "Polygon", "coordinates": [[[114.3510787, 30.5559092], [114.3509792, 30.5570326], [114.3495578, 30.5569678], [114.3484874, 30.5569194], [114.3485224, 30.5557805], [114.3502424, 30.5558684], [114.3510787, 30.5559092]]]}, "properties": {"id": 20579, "block_id": 20579, "area_sqm": 30434, "poi_count": 18, "dominant_category": "科教文化服务", "category_entropy": 1.351, "street_block_id": 3678}}, {"type": "Feature", "geometry": {"type": "Polygon", "coordinates": [[[114.3403827, 30.5563647], [114.3391728, 30.5571919], [114.3388633, 30.5568396], [114.3410032, 30.5554915], [114.3410595, 30.5555664], [114.3409527, 30.5556336], [114.3410843, 30.5557864], [114.3410584, 30.555799], [114.3403187, 30.5562811], [114.3403827, 30.5563647]]]}, "properties": {"id": 20593, "block_id": 20593, "area_sqm": 9863, "poi_count": 86, "dominant_category": "餐饮服务", "category_entropy": 1.685, "street_block_id": 16987}}, {"type": "Feature", "geometry": {"type": "Polygon", "coordinates": [[[114.3517256, 30.558257], [114.351672, 30.5582593], [114.3512601, 30.5582476], [114.3513333, 30.5575013], [114.3520207, 30.5575248], [114.3520689, 30.5575548], [114.3520824, 30.5576033], [114.352077, 30.5576518], [114.3518249, 30.5581715], [114.3517712, 30.5582269], [114.3517256, 30.558257]]]}, "properties": {"id": 20737, "block_id": 20737, "area_sqm": 5185, "poi_count": 7, "dominant_category": "地名地址信息", "category_entropy": 1.475, "street_block_id": 3567}}, {"type": "Feature", "geometry": {"type": "Polygon", "coordinates": [[[114.3379833, 30.5586837], [114.337847068, 30.558777203], [114.33740271, 30.558329167], [114.3383253, 30.5577413], [114.3387991, 30.5574342], [114.3391728, 30.5571919], [114.3403827, 30.5563647], [114.3403187, 30.5562811], [114.3410584, 30.555799], [114.3410843, 30.5557864], [114.3412433, 30.555971], [114.3415901, 30.5557325], [114.3414921, 30.5555871], [114.3417011, 30.555485], [114.3417738, 30.5555715], [114.342043732, 30.555892635], [114.341859, 30.5560417], [114.3417362, 30.5561431], [114.3411177, 30.5565595], [114.3403863, 30.5570562], [114.3398659, 30.5574092], [114.3394585, 30.5576945], [114.3388399, 30.558132], [114.338565, 30.5583138], [114.3385159, 30.5583687], [114.3384104, 30.5584575], [114.3382901, 30.5585442], [114.3381306, 30.5586308], [114.3379833, 30.5586837]]]}, "properties": {"id": 20798, "block_id": 20798, "area_sqm": 32311, "poi_count": 58, "dominant_category": "餐饮服务", "category_entropy": 1.767, "street_block_id": 16989}}, {"type": "Feature", "geometry": {"type": "Polygon", "coordinates": [[[114.359745, 30.5588425], [114.3596628, 30.558851], [114.3595731, 30.5588434], [114.3578123, 30.558054], [114.3576718, 30.5580043], [114.3575196, 30.5579789], [114.3573239, 30.5579736], [114.357179, 30.5580008], [114.3568209, 30.5581048], [114.3565379, 30.5580493], [114.3561155, 30.5578992], [114.3557198, 30.5577548], [114.3555509, 30.5576717], [114.3554986, 30.557633], [114.355457, 30.5575724], [114.355398, 30.5574661], [114.3553644, 30.5573195], [114.3553698, 30.5571786], [114.3553886, 30.5570596], [114.3554114, 30.5569418], [114.3553886, 30.5567755], [114.3553752, 30.5566854], [114.3553336, 30.5565988], [114.3552692, 30.556488], [114.3551579, 30.556369], [114.3548012, 30.555944], [114.3547475, 30.5558332], [114.354718, 30.5557015], [114.3546899, 30.5555987], [114.3551753, 30.5551679], [114.355233, 30.5551033], [114.3552692, 30.555019], [114.3552867, 30.5549451], [114.3552907, 30.5546044], [114.3552384, 30.5542209], [114.3552142, 30.5533617], [114.3552223, 30.5532601], [114.3552424, 30.5532], [114.3553752, 30.5531209], [114.3554288, 30.5531053], [114.3554999, 30.5530966], [114.3556555, 30.5530874], [114.356157, 30.5530787], [114.3562469, 30.5530868], [114.3563099, 30.5530972], [114.3563703, 30.5531261], [114.3564601, 30.5531769], [114.3565178, 30.5532254], [114.3566009, 30.5533398], [114.3566492, 30.5534437], [114.3566827, 30.5535349], [114.3567263, 30.5536894], [114.3567572, 30.5538311], [114.3567802, 30.5540698], [114.3567676, 30.5541529], [114.3567103, 30.554351], [114.3566483, 30.554602], [114.3566157, 30.5549127], [114.3565787, 30.5550231], [114.3564561, 30.5551991], [114.3562724, 30.5555364], [114.356149, 30.5560584], [114.3561141, 30.556175], [114.3561088, 30.5562755], [114.3561262, 30.5563436], [114.3561651, 30.5564706], [114.3562053, 30.5565353], [114.3562549, 30.5566081], [114.3562898, 30.5566462], [114.3563327, 30.556682], [114.3565352, 30.5567755], [114.3567029, 30.5568402], [114.3570033, 30.5569441], [114.3575343, 30.5570781], [114.3576866, 30.5571023], [114.3577945, 30.5571104], [114.3579226, 30.5571018], [114.3580279, 30.5570827], [114.3581365, 30.5570475], [114.3582398, 30.5569949], [114.3585241, 30.5566323], [114.3591061, 30.5558447], [114.3591866, 30.55578], [114.3605411, 30.5557234], [114.3606034, 30.5557208], [114.3606044, 30.5557385], [114.3606161, 30.555765], [114.3606367, 30.5557871], [114.3606642, 30.5558026], [114.360696, 30.5558101], [114.360703, 30.5558098], [114.3606982, 30.5558451], [114.36062, 30.5564203], [114.3604087, 30.5572971], [114.3602331, 30.5577891], [114.3600935, 30.5583139], [114.3600717, 30.5586951], [114.3599767, 30.5587718], [114.3598874, 30.5588129], [114.3598231, 30.5588265], [114.359745, 30.5588425]]]}, "properties": {"id": 20810, "block_id": 20810, "area_sqm": 144215, "poi_count": 7, "dominant_category": "风景名胜", "category_entropy": 0.683, "street_block_id": 19642}}, {"type": "Feature", "geometry": {"type": "Polygon", "coordinates": [[[114.3443909, 30.5584781], [114.344736, 30.5588637], [114.3444525, 30.5586891], [114.3443188, 30.5586584], [114.3439451, 30.5586553], [114.3441087, 30.5585684], [114.3443909, 30.5584781]]]}, "properties": {"id": 20815, "block_id": 20815, "area_sqm": 812, "poi_count": 1, "dominant_category": "地名地址信息", "category_entropy": 0.0, "street_block_id": 3608}}, {"type": "Feature", "geometry": {"type": "Polygon", "coordinates": [[[114.3447586, 30.5587198], [114.344736, 30.5588637], [114.3443909, 30.5584781], [114.344616, 30.5584345], [114.3448483, 30.5584325], [114.345019, 30.5584526], [114.3448715, 30.5585304], [114.3448061, 30.5586047], [114.3447586, 30.5587198]]]}, "properties": {"id": 20816, "block_id": 20816, "area_sqm": 1186, "poi_count": 1, "dominant_category": "地名地址信息", "category_entropy": 0.0, "street_block_id": 3608}}, {"type": "Feature", "geometry": {"type": "Polygon", "coordinates": [[[114.3552729, 30.5595718], [114.3551087, 30.5596161], [114.3551051, 30.5596032], [114.3548744, 30.5588855], [114.3546828, 30.5584738], [114.3545724, 30.5582446], [114.3543297, 30.5578183], [114.3540536, 30.5572978], [114.3537109, 30.5566399], [114.3534768, 30.5562139], [114.3533119, 30.5559158], [114.353221, 30.5557515], [114.3531113, 30.5556167], [114.3533018, 30.5555641], [114.3538155, 30.5555086], [114.3540287, 30.5554948], [114.3543935, 30.5555421], [114.3546899, 30.5555987], [114.354718, 30.5557015], [114.3547475, 30.5558332], [114.3548012, 30.555944], [114.3551579, 30.556369], [114.3552692, 30.556488], [114.3553336, 30.5565988], [114.3553752, 30.5566854], [114.3553886, 30.5567755], [114.3554114, 30.5569418], [114.3553886, 30.5570596], [114.3553698, 30.5571786], [114.3553644, 30.5573195], [114.355398, 30.5574661], [114.355457, 30.5575724], [114.3554986, 30.557633], [114.3555509, 30.5576717], [114.3557198, 30.5577548], [114.3561155, 30.5578992], [114.3565379, 30.5580493], [114.3568209, 30.5581048], [114.3566251, 30.5582584], [114.3564832, 30.5584159], [114.3563134, 30.5586738], [114.3562514, 30.5588293], [114.3562371, 30.5589767], [114.3562463, 30.559309], [114.3552729, 30.5595718]]]}, "properties": {"id": 20964, "block_id": 20964, "area_sqm": 64298, "poi_count": 18, "dominant_category": "风景名胜", "category_entropy": 1.817, "street_block_id": 3550}}, {"type": "Feature", "geometry": {"type": "Polygon", "coordinates": [[[114.3413067, 30.5580857], [114.3388231, 30.5598554], [114.3387112, 30.5597324], [114.3385337, 30.5595366], [114.3384535, 30.5594026], [114.3384281, 30.5593371], [114.3384061, 30.5592384], [114.3384202, 30.5591256], [114.3384801, 30.5590129], [114.3400153, 30.557879], [114.340596, 30.5573651], [114.3409547, 30.557757], [114.3413067, 30.5580857]]]}, "properties": {"id": 20988, "block_id": 20988, "area_sqm": 28948, "poi_count": 142, "dominant_category": "公司企业", "category_entropy": 2.029, "street_block_id": 16992}}, {"type": "Feature", "geometry": {"type": "Polygon", "coordinates": [[[114.3414534, 30.560429], [114.34014, 30.5613042], [114.3401083, 30.561268], [114.3388231, 30.5598554], [114.3413067, 30.5580857], [114.3413999, 30.5581267], [114.3426688, 30.5595384], [114.3414534, 30.560429]]]}, "properties": {"id": 21210, "block_id": 21210, "area_sqm": 64834, "poi_count": 19, "dominant_category": "地名地址信息", "category_entropy": 1.983, "street_block_id": 16999}}, {"type": "Feature", "geometry": {"type": "Polygon", "coordinates": [[[114.3505962, 30.5603436], [114.3490691, 30.5614552], [114.3485747, 30.5608999], [114.3484135, 30.5607268], [114.3482807, 30.560588], [114.3481398, 30.5604877], [114.3480127, 30.5604093], [114.3478875, 30.5603472], [114.347732, 30.5602917], [114.3475499, 30.5602411], [114.3473384, 30.560206], [114.3466845, 30.5601346], [114.3463775, 30.5600982], [114.3461308, 30.5600382], [114.3459698, 30.5599897], [114.3458357, 30.5599296], [114.3457258, 30.559865], [114.345597, 30.5597772], [114.3454683, 30.5596663], [114.3452789, 30.5594705], [114.344736, 30.5588637], [114.3447586, 30.5587198], [114.3448061, 30.5586047], [114.3448715, 30.5585304], [114.345019, 30.5584526], [114.3452272, 30.5584772], [114.3461115, 30.558567], [114.3509861, 30.55909], [114.350929, 30.5595484], [114.350903, 30.5597231], [114.3508445, 30.5599892], [114.3507498, 30.5601834], [114.3505962, 30.5603436]]]}, "properties": {"id": 21242, "block_id": 21242, "area_sqm": 104152, "poi_count": 50, "dominant_category": "生活服务", "category_entropy": 2.102, "street_block_id": 3608}}, {"type": "Feature", "geometry": {"type": "Polygon", "coordinates": [[[114.3593671, 30.5623198], [114.3591483, 30.562341], [114.3589354, 30.5623054], [114.3587525, 30.5622634], [114.3586867, 30.5622379], [114.3586512, 30.5622242], [114.3575865, 30.5618125], [114.3573547, 30.5617162], [114.3572638, 30.5616897], [114.3570844, 30.5616374], [114.3567815, 30.5615552], [114.3565157, 30.5615169], [114.3562138, 30.5614771], [114.3557103, 30.5615394], [114.355572, 30.5611523], [114.3554433, 30.5607341], [114.3553712, 30.5604935], [114.3553062, 30.5602763], [114.3551952, 30.5599254], [114.3551087, 30.5596161], [114.3552729, 30.5595718], [114.3562463, 30.559309], [114.3562371, 30.5589767], [114.3562514, 30.5588293], [114.3563134, 30.5586738], [114.3564832, 30.5584159], [114.3566251, 30.5582584], [114.3568209, 30.5581048], [114.357179, 30.5580008], [114.3573239, 30.5579736], [114.3575196, 30.5579789], [114.3576718, 30.5580043], [114.3578123, 30.558054], [114.3595731, 30.5588434], [114.359853, 30.5590438], [114.3599754, 30.559171], [114.3600608, 30.5593213], [114.360179, 30.5597181], [114.3605789, 30.561032], [114.3606895, 30.5613954], [114.3601063, 30.5617024], [114.3599522, 30.561817], [114.3598401, 30.5619497], [114.3597491, 30.5620783], [114.359637, 30.5621769], [114.3595156, 30.5622573], [114.3593671, 30.5623198]]]}, "properties": {"id": 21338, "block_id": 21338, "area_sqm": 170444, "poi_count": 14, "dominant_category": "住宿服务", "category_entropy": 2.144, "street_block_id": 3551}}, {"type": "Feature", "geometry": {"type": "Polygon", "coordinates": [[[114.3509473, 30.5631164], [114.3506445, 30.5631911], [114.3490691, 30.5614552], [114.3505962, 30.5603436], [114.3507498, 30.5601834], [114.3508445, 30.5599892], [114.350903, 30.5597231], [114.350929, 30.5595484], [114.3509861, 30.55909], [114.3511665, 30.5591094], [114.3546842, 30.5594868], [114.3547637, 30.5597435], [114.3549944, 30.5605519], [114.3551485, 30.5609904], [114.35528, 30.5615546], [114.3520052, 30.5623344], [114.3516455, 30.5626147], [114.3509473, 30.5631164]]]}, "properties": {"id": 21409, "block_id": 21409, "area_sqm": 157944, "poi_count": 110, "dominant_category": "生活服务", "category_entropy": 2.491, "street_block_id": 3571}}, {"type": "Feature", "geometry": {"type": "Polygon", "coordinates": [[[114.3462185, 30.563394], [114.3461751, 30.5634234], [114.3426688, 30.5595384], [114.3438145, 30.5587246], [114.3438365, 30.5587129], [114.3439451, 30.5586553], [114.3443188, 30.5586584], [114.3444525, 30.5586891], [114.344736, 30.5588637], [114.3452789, 30.5594705], [114.3454683, 30.5596663], [114.345597, 30.5597772], [114.3457258, 30.559865], [114.3458357, 30.5599296], [114.3459698, 30.5599897], [114.3461308, 30.5600382], [114.3463775, 30.5600982], [114.3466845, 30.5601346], [114.3473384, 30.560206], [114.3475499, 30.5602411], [114.347732, 30.5602917], [114.3478875, 30.5603472], [114.3480127, 30.5604093], [114.3481398, 30.5604877], [114.3482807, 30.560588], [114.3484135, 30.5607268], [114.3485747, 30.5608999], [114.3490691, 30.5614552], [114.3489744, 30.5615241], [114.3462185, 30.563394]]]}, "properties": {"id": 21443, "block_id": 21443, "area_sqm": 146435, "poi_count": 124, "dominant_category": "生活服务", "category_entropy": 2.218, "street_block_id": 3608}}, {"type": "Feature", "geometry": {"type": "Polygon", "coordinates": [[[114.3461751, 30.5634234], [114.3449458, 30.5642575], [114.3414534, 30.560429], [114.3426688, 30.5595384], [114.3461751, 30.5634234]]]}, "properties": {"id": 21580, "block_id": 21580, "area_sqm": 82236, "poi_count": 145, "dominant_category": "购物服务", "category_entropy": 2.102, "street_block_id": 3608}}, {"type": "Feature", "geometry": {"type": "Polygon", "coordinates": [[[114.341229, 30.5439207], [114.3375923, 30.5449919], [114.3372619, 30.5443775], [114.3371735, 30.544213], [114.336873, 30.5438716], [114.3365452, 30.5436054], [114.335644, 30.543055], [114.3355648, 30.5430157], [114.3356826, 30.5428656], [114.3358327, 30.5426644], [114.3363316, 30.5420106], [114.3366937, 30.5415486], [114.3371792, 30.5409226], [114.3375279, 30.540479], [114.3376968, 30.5402757], [114.3379141, 30.5401048], [114.3381876, 30.5400271], [114.3384183, 30.5400063], [114.3386275, 30.5400409], [114.3389333, 30.5401232], [114.3390379, 30.5402318], [114.3391934, 30.5403265], [114.3396306, 30.540546], [114.3400035, 30.5407423], [114.3403817, 30.5409572], [114.3406196, 30.5410934], [114.3408376, 30.5412159], [114.3411997, 30.5414839], [114.3414216, 30.5417032], [114.3415664, 30.5419019], [114.3416852, 30.5421653], [114.3420232, 30.5429739], [114.3422911, 30.5436078], [114.341229, 30.5439207]]]}, "properties": {"id": 19229, "block_id": 19229, "area_sqm": 211007, "poi_count": 302, "dominant_category": "购物服务", "category_entropy": 2.361, "street_block_id": 16953}}, {"type": "Feature", "geometry": {"type": "Polygon", "coordinates": [[[114.3640411, 30.5446968], [114.3633656, 30.5450072], [114.3622444, 30.5448917], [114.3621008, 30.5448768], [114.3621382, 30.544647], [114.362204, 30.544651], [114.36266, 30.5447018], [114.3628343, 30.5446672], [114.3629068, 30.5445909], [114.3628853, 30.5443923], [114.363835, 30.544118], [114.3639443, 30.5444249], [114.3640411, 30.5446968]]]}, "properties": {"id": 19232, "block_id": 19232, "area_sqm": 9646, "poi_count": 3, "dominant_category": "商务住宅", "category_entropy": 0.637, "street_block_id": 3628}}, {"type": "Feature", "geometry": {"type": "Polygon", "coordinates": [[[114.355476, 30.5449544], [114.3554686, 30.545011], [114.3552947, 30.5449927], [114.355254, 30.5449883], [114.3547398, 30.5445374], [114.3547576, 30.5444582], [114.354763, 30.5443704], [114.3547918, 30.5441035], [114.3550167, 30.5441194], [114.3556135, 30.5441585], [114.3554898, 30.5449022], [114.355476, 30.5449544]]]}, "properties": {"id": 19233, "block_id": 19233, "area_sqm": 6027, "poi_count": 1, "dominant_category": "风景名胜", "category_entropy": 0.0, "street_block_id": 3656}}, {"type": "Feature", "geometry": {"type": "Polygon", "coordinates": [[[114.3438056, 30.5443575], [114.3441804, 30.5450239], [114.3428276, 30.5449246], [114.3428276, 30.544846], [114.3422911, 30.5436078], [114.3425489, 30.5435214], [114.34367, 30.5431587], [114.3441035, 30.5430206], [114.3441523, 30.543161], [114.3442195, 30.543289], [114.3442938, 30.5434262], [114.3443398, 30.5435603], [114.3439571, 30.5437815], [114.343883, 30.5439509], [114.3438091, 30.5441321], [114.3438056, 30.5443575]]]}, "properties": {"id": 19234, "block_id": 19234, "area_sqm": 26202, "poi_count": 77, "dominant_category": "购物服务", "category_entropy": 1.901, "street_block_id": 17109}}, {"type": "Feature", "geometry": {"type": "Polygon", "coordinates": [[[114.3523994, 30.5443459], [114.3522876, 30.5450474], [114.3514793, 30.5449664], [114.3515141, 30.5446741], [114.3510402, 30.5446347], [114.3510595, 30.5439934], [114.3514778, 30.5440066], [114.3523743, 30.5440699], [114.3523994, 30.5443459]]]}, "properties": {"id": 19238, "block_id": 19238, "area_sqm": 11997, "poi_count": 22, "dominant_category": "地名地址信息", "category_entropy": 1.705, "street_block_id": 3648}}, {"type": "Feature", "geometry": {"type": "Polygon", "coordinates": [[[114.3557634, 30.5622613], [114.356025, 30.5628553], [114.3558741, 30.5626767], [114.3556998, 30.5624596], [114.3555481, 30.5622422], [114.3553121, 30.5616925], [114.35528, 30.5615546], [114.3551485, 30.5609904], [114.3549944, 30.5605519], [114.3547637, 30.5597435], [114.3546842, 30.5594868], [114.3545611, 30.5590895], [114.3544538, 30.5588355], [114.354297, 30.5584408], [114.3541736, 30.5582422], [114.3540666, 30.5580587], [114.354237, 30.5582145], [114.3544898, 30.5585389], [114.3546111, 30.5588261], [114.3547268, 30.5591497], [114.3548534, 30.5596212], [114.3549706, 30.5600428], [114.35512, 30.560505], [114.3551618, 30.5606342], [114.3552426, 30.5608845], [114.3553817, 30.5614227], [114.355477, 30.5616915], [114.3556144, 30.5619954], [114.3557634, 30.5622613]]]}, "properties": {"id": 21386, "block_id": 21386, "area_sqm": 6811, "poi_count": 5, "dominant_category": "地名地址信息", "category_entropy": 0.5, "street_block_id": null}}, {"type": "Feature", "geometry": {"type": "Polygon", "coordinates": [[[114.3562346, 30.5624975], [114.3565269, 30.5629033], [114.3559008, 30.5622556], [114.3557393, 30.5619697], [114.3556153, 30.5617067], [114.3555099, 30.5614654], [114.3554243, 30.5611804], [114.3553425, 30.5608773], [114.3552688, 30.5606171], [114.3551591, 30.5602908], [114.3550722, 30.5600243], [114.3549538, 30.5595793], [114.3548238, 30.5591244], [114.3547111, 30.5587996], [114.3545724, 30.5582446], [114.3546828, 30.5584738], [114.3548744, 30.5588855], [114.3551051, 30.5596032], [114.3551087, 30.5596161], [114.3551952, 30.5599254], [114.3553062, 30.5602763], [114.3553712, 30.5604935], [114.3554433, 30.5607341], [114.355572, 30.5611523], [114.3557103, 30.5615394], [114.3557559, 30.5616669], [114.3559193, 30.5619884], [114.3560735, 30.5622767], [114.3562346, 30.5624975]]]}, "properties": {"id": 21388, "block_id": 21388, "area_sqm": 6433, "poi_count": 2, "dominant_category": "交通设施服务", "category_entropy": 0.693, "street_block_id": null}}, {"type": "Feature", "geometry": {"type": "Polygon", "coordinates": [[[114.3423989, 30.5489001], [114.3422956, 30.5496816], [114.338109, 30.5492372], [114.33822, 30.5477888], [114.3424549, 30.5480065], [114.3423989, 30.5489001]]]}, "properties": {"id": 19750, "block_id": 19750, "area_sqm": 70686, "poi_count": 310, "dominant_category": "购物服务", "category_entropy": 1.947, "street_block_id": 16970}}, {"type": "Feature", "geometry": {"type": "Polygon", "coordinates": [[[114.342131, 30.5520218], [114.3403172, 30.5532627], [114.3400775, 30.5529601], [114.3388203, 30.5513727], [114.3384893, 30.5507848], [114.3381497, 30.5494871], [114.338109, 30.5492372], [114.3422956, 30.5496816], [114.3420647, 30.5510437], [114.3420448, 30.5514059], [114.3420652, 30.5517739], [114.342131, 30.5520218]]]}, "properties": {"id": 20102, "block_id": 20102, "area_sqm": 115446, "poi_count": 391, "dominant_category": "购物服务", "category_entropy": 2.278, "street_block_id": 16976}}, {"type": "Feature", "geometry": {"type": "Polygon", "coordinates": [[[114.3388633, 30.5568396], [114.3370886, 30.5579487], [114.3366885, 30.5574166], [114.336471, 30.557092], [114.336288, 30.55676], [114.3361072, 30.5564046], [114.3361414, 30.5562679], [114.3361722, 30.5561857], [114.3362712, 30.5560642], [114.3401111, 30.5543841], [114.340588, 30.5541769], [114.3406322, 30.5542547], [114.3406603, 30.5542859], [114.3407488, 30.554436], [114.3408806, 30.5546043], [114.3410549, 30.5548699], [114.3412937, 30.5552556], [114.3409718, 30.5554497], [114.3410032, 30.5554915], [114.3388633, 30.5568396]]]}, "properties": {"id": 20683, "block_id": 20683, "area_sqm": 90807, "poi_count": 529, "dominant_category": "公司企业", "category_entropy": 2.283, "street_block_id": 16988}}, {"type": "Feature", "geometry": {"type": "Polygon", "coordinates": [[[114.3523546, 30.529647], [114.3523517, 30.530064], [114.3523088, 30.5299898], [114.352252, 30.529901], [114.3522462, 30.5298428], [114.3522381, 30.5296957], [114.3522443, 30.5296262], [114.3522319, 30.5295663], [114.3522122, 30.5294715], [114.3521743, 30.5293601], [114.3521128, 30.5292871], [114.35201, 30.5290764], [114.3523585, 30.5290758], [114.3523546, 30.529647]]]}, "properties": {"id": 17230, "block_id": 17230, "area_sqm": 1641, "poi_count": 1, "dominant_category": "通行设施", "category_entropy": 0.0, "street_block_id": null}}, {"type": "Feature", "geometry": {"type": "Polygon", "coordinates": [[[114.3531196, 30.5300247], [114.3530227, 30.5300876], [114.3527479, 30.5300845], [114.3523516, 30.5300804], [114.3523517, 30.530064], [114.3523546, 30.529647], [114.3523585, 30.5290758], [114.3529649, 30.5290741], [114.35334, 30.5290755], [114.353334525, 30.529604131], [114.3533306, 30.5299831], [114.3531196, 30.5300247]]]}, "properties": {"id": 17233, "block_id": 17233, "area_sqm": 10310, "poi_count": 2, "dominant_category": "餐饮服务", "category_entropy": 0.0, "street_block_id": 3760}}, {"type": "Feature", "geometry": {"type": "Polygon", "coordinates": [[[114.342896, 30.5302741], [114.3427595, 30.5303135], [114.342762, 30.5301376], [114.3428723, 30.5300797], [114.3432798, 30.5299636], [114.3435042, 30.5300984], [114.342896, 30.5302741]]]}, "properties": {"id": 17253, "block_id": 17253, "area_sqm": 1330, "poi_count": 3, "dominant_category": "交通设施服务", "category_entropy": 1.099, "street_block_id": null}}, {"type": "Feature", "geometry": {"type": "Polygon", "coordinates": [[[114.3606027, 30.5387998], [114.3604342, 30.5393765], [114.3604123, 30.5393748], [114.3599456, 30.5392178], [114.3600422, 30.5390976], [114.3602031, 30.5388943], [114.3602728, 30.5387927], [114.360341182, 30.538612733], [114.3605483, 30.5387041], [114.3605156, 30.5387661], [114.3606027, 30.5387998]]]}, "properties": {"id": 18463, "block_id": 18463, "area_sqm": 2755, "poi_count": 4, "dominant_category": "生活服务", "category_entropy": 1.04, "street_block_id": 3695}}, {"type": "Feature", "geometry": {"type": "Polygon", "coordinates": [[[114.3508655, 30.5393733], [114.3508091, 30.5396512], [114.3504976, 30.5396054], [114.3505351, 30.5393494], [114.3506786, 30.5393552], [114.3508655, 30.5393733]]]}, "properties": {"id": 18506, "block_id": 18506, "area_sqm": 937, "poi_count": 1, "dominant_category": "地名地址信息", "category_entropy": 0.0, "street_block_id": null}}, {"type": "Feature", "geometry": {"type": "Polygon", "coordinates": [[[114.3676443, 30.5393787], [114.3675815, 30.5396655], [114.3669823, 30.5396125], [114.3670015, 30.5393998], [114.3669946, 30.5393366], [114.3675752, 30.5393702], [114.3676443, 30.5393787]]]}, "properties": {"id": 18507, "block_id": 18507, "area_sqm": 1888, "poi_count": 1, "dominant_category": "商务住宅", "category_entropy": 0.0, "street_block_id": 2462}}, {"type": "Feature", "geometry": {"type": "Polygon", "coordinates": [[[114.3569741, 30.5410523], [114.3567757, 30.5412625], [114.3566044, 30.5411717], [114.3565181, 30.5410603], [114.3564816, 30.5407824], [114.3565566, 30.5406535], [114.3571042, 30.5406932], [114.357091, 30.5410546], [114.3569741, 30.5410523]]]}, "properties": {"id": 18741, "block_id": 18741, "area_sqm": 2980, "poi_count": 1, "dominant_category": "风景名胜", "category_entropy": 0.0, "street_block_id": 3703}}, {"type": "Feature", "geometry": {"type": "Polygon", "coordinates": [[[114.349732, 30.5400124], [114.3489344, 30.5413043], [114.34887992, 30.541284147], [114.3496156, 30.5400672], [114.3497599, 30.5398332], [114.350497638, 30.53864147], [114.3505809, 30.5386864], [114.3502714, 30.5391698], [114.3498838, 30.5397815], [114.349732, 30.5400124]]]}, "properties": {"id": 18750, "block_id": 18750, "area_sqm": 2436, "poi_count": 1, "dominant_category": "地名地址信息", "category_entropy": 0.0, "street_block_id": null}}, {"type": "Feature", "geometry": {"type": "Polygon", "coordinates": [[[114.3583269, 30.5418952], [114.3582433, 30.5422854], [114.3578143, 30.5422125], [114.3577058, 30.542177], [114.3577192, 30.5420696], [114.357722, 30.5420178], [114.3577861, 30.5417798], [114.3578201, 30.5416539], [114.3578421, 30.541572], [114.3583788, 30.541679], [114.3583578, 30.5417693], [114.3583269, 30.5418952]]]}, "properties": {"id": 18899, "block_id": 18899, "area_sqm": 3706, "poi_count": 5, "dominant_category": "商务住宅", "category_entropy": 0.0, "street_block_id": 3703}}, {"type": "Feature", "geometry": {"type": "Polygon", "coordinates": [[[114.3556695, 30.5412549], [114.3550964, 30.5415232], [114.3542761, 30.5413983], [114.3543132, 30.5412322], [114.3542167, 30.5411166], [114.355043, 30.5412578], [114.3553203, 30.5412445], [114.3554928, 30.5411967], [114.3556695, 30.5412549]]]}, "properties": {"id": 18803, "block_id": 18803, "area_sqm": 3232, "poi_count": 3, "dominant_category": "科教文化服务", "category_entropy": 0.637, "street_block_id": 3700}}, {"type": "Feature", "geometry": {"type": "Polygon", "coordinates": [[[114.3581432, 30.5350791], [114.3575563, 30.5352892], [114.3574377, 30.535075], [114.3579771, 30.5348979], [114.3581377, 30.5348112], [114.3582734, 30.5350166], [114.3581432, 30.5350791]]]}, "properties": {"id": 17924, "block_id": 17924, "area_sqm": 1896, "poi_count": 1, "dominant_category": "地名地址信息", "category_entropy": 0.0, "street_block_id": 3723}}, {"type": "Feature", "geometry": {"type": "Polygon", "coordinates": [[[114.3560359, 30.5321475], [114.3556857, 30.5321484], [114.35569, 30.5320493], [114.3562091, 30.5320274], [114.3562599, 30.532147], [114.3560359, 30.5321475]]]}, "properties": {"id": 17489, "block_id": 17489, "area_sqm": 639, "poi_count": 1, "dominant_category": "住宿服务", "category_entropy": 0.0, "street_block_id": null}}, {"type": "Feature", "geometry": {"type": "Polygon", "coordinates": [[[114.3607519, 30.5463973], [114.3607271, 30.5466498], [114.3582993, 30.5464193], [114.3583318, 30.5460334], [114.3583301, 30.5460048], [114.3583238, 30.5459016], [114.3590749, 30.545934], [114.3598452, 30.5459343], [114.3599671, 30.5461444], [114.3599468, 30.5463195], [114.3607519, 30.5463973]]]}, "properties": {"id": 19413, "block_id": 19413, "area_sqm": 11988, "poi_count": 5, "dominant_category": "地名地址信息", "category_entropy": 1.055, "street_block_id": 3629}}, {"type": "Feature", "geometry": {"type": "Polygon", "coordinates": [[[114.3542761, 30.5413983], [114.3541505, 30.5418422], [114.3534506, 30.5416954], [114.3535684, 30.541288], [114.3542761, 30.5413983]]]}, "properties": {"id": 18838, "block_id": 18838, "area_sqm": 3353, "poi_count": 1, "dominant_category": "商务住宅", "category_entropy": 0.0, "street_block_id": 3687}}, {"type": "Feature", "geometry": {"type": "Polygon", "coordinates": [[[114.3429407, 30.5525319], [114.3424006, 30.5527109], [114.3421971, 30.5521908], [114.3423589, 30.5520914], [114.3430746, 30.5522294], [114.342989, 30.5525111], [114.3429407, 30.5525319]]]}, "properties": {"id": 20044, "block_id": 20044, "area_sqm": 3687, "poi_count": 26, "dominant_category": "餐饮服务", "category_entropy": 1.938, "street_block_id": 3680}}, {"type": "Feature", "geometry": {"type": "Polygon", "coordinates": [[[114.3419872, 30.5306846], [114.341833438, 30.530728873], [114.341788069, 30.53059769], [114.3419126, 30.5305604], [114.3422983, 30.5304467], [114.3424625, 30.5303992], [114.3427595, 30.5303135], [114.342896, 30.5302741], [114.3435042, 30.5300984], [114.3437882, 30.5300362], [114.3439868, 30.5299831], [114.3472973, 30.5290334], [114.347442277, 30.528994372], [114.3474668, 30.5290438], [114.347472128, 30.529077953], [114.3473331, 30.5291174], [114.344641, 30.5299111], [114.3441565, 30.5300905], [114.3429602, 30.5304362], [114.3423974, 30.5305916], [114.3419872, 30.5306846]]]}, "properties": {"id": 17298, "block_id": 17298, "area_sqm": 8043, "poi_count": 2, "dominant_category": "地名地址信息", "category_entropy": 0.0, "street_block_id": null}}, {"type": "Feature", "geometry": {"type": "Polygon", "coordinates": [[[114.3700781, 30.5307234], [114.3699105, 30.5307348], [114.3698948, 30.5307017], [114.3697026, 30.5302967], [114.3698101, 30.530473], [114.3698766, 30.530539], [114.369942, 30.5305907], [114.3700128, 30.5306355], [114.370085, 30.5306635], [114.370169, 30.5306879], [114.37029, 30.5307147], [114.3700781, 30.5307234]]]}, "properties": {"id": 17301, "block_id": 17301, "area_sqm": 403, "poi_count": 1, "dominant_category": "地名地址信息", "category_entropy": 0.0, "street_block_id": null}}, {"type": "Feature", "geometry": {"type": "Polygon", "coordinates": [[[114.3533015, 30.5304242], [114.3532984, 30.5308598], [114.3530209, 30.5308574], [114.3530214, 30.5306003], [114.3530249, 30.5304913], [114.3531221, 30.5304963], [114.3531186, 30.5303183], [114.3532103, 30.5303158], [114.3532974, 30.5303134], [114.3533015, 30.5304242]]]}, "properties": {"id": 17315, "block_id": 17315, "area_sqm": 1419, "poi_count": 7, "dominant_category": "政府机构及社会团体", "category_entropy": 1.154, "street_block_id": null}}, {"type": "Feature", "geometry": {"type": "Polygon", "coordinates": [[[114.367484, 30.5311107], [114.3666311, 30.5311923], [114.3664772, 30.531191], [114.3662167, 30.53118], [114.3664946, 30.5311397], [114.3667066, 30.5311112], [114.3669588, 30.5310874], [114.3685837, 30.530955309], [114.3685902, 30.5310183], [114.3682576, 30.5310488], [114.3679209, 30.5310756], [114.3677598, 30.5310867], [114.367484, 30.5311107]]]}, "properties": {"id": 17360, "block_id": 17360, "area_sqm": 1583, "poi_count": 1, "dominant_category": "地名地址信息", "category_entropy": 0.0, "street_block_id": null}}, {"type": "Feature", "geometry": {"type": "Polygon", "coordinates": [[[114.3390672, 30.5316189], [114.3383927, 30.5318414], [114.3383227, 30.5316848], [114.3385238, 30.53162], [114.339345, 30.5313734], [114.3401116, 30.5311204], [114.3410804, 30.5308115], [114.3415683, 30.5306635], [114.341788069, 30.53059769], [114.341833438, 30.530728873], [114.3413961, 30.5308548], [114.3412272, 30.5309096], [114.340562, 30.5311255], [114.3398348, 30.5313682], [114.3390672, 30.5316189]]]}, "properties": {"id": 17447, "block_id": 17447, "area_sqm": 5683, "poi_count": 1, "dominant_category": "地名地址信息", "category_entropy": 0.0, "street_block_id": null}}, {"type": "Feature", "geometry": {"type": "Polygon", "coordinates": [[[114.3531599, 30.5315453], [114.3530126, 30.5316037], [114.3530132, 30.5315469], [114.3530205, 30.530892], [114.3530209, 30.5308574], [114.3532984, 30.5308598], [114.3532969, 30.5309623], [114.3531598, 30.5309632], [114.3531633, 30.5313519], [114.3533267, 30.5313508], [114.3533205, 30.531532], [114.3532331, 30.5315502], [114.3531599, 30.5315453]]]}, "properties": {"id": 17418, "block_id": 17418, "area_sqm": 1584, "poi_count": 1, "dominant_category": "通行设施", "category_entropy": 0.0, "street_block_id": null}}, {"type": "Feature", "geometry": {"type": "Polygon", "coordinates": [[[114.3631173, 30.5323509], [114.3624305, 30.5324888], [114.3624027, 30.5323196], [114.3623814, 30.5322359], [114.3630485, 30.5320981], [114.3631173, 30.5323509]]]}, "properties": {"id": 17536, "block_id": 17536, "area_sqm": 1901, "poi_count": 2, "dominant_category": "地名地址信息", "category_entropy": 0.693, "street_block_id": null}}, {"type": "Feature", "geometry": {"type": "Polygon", "coordinates": [[[114.3598305, 30.5324972], [114.3596905, 30.5325416], [114.3596367, 30.5324192], [114.3622525, 30.5318592], [114.3651204, 30.5312559], [114.3657906, 30.5311173], [114.3662014, 30.5310583], [114.3669638, 30.5310118], [114.3675221, 30.530967], [114.368576605, 30.530886536], [114.3685837, 30.530955309], [114.3669588, 30.5310874], [114.3667066, 30.5311112], [114.3664946, 30.5311397], [114.3662167, 30.53118], [114.3652193, 30.5313686], [114.3625493, 30.5319096], [114.3623104, 30.531958], [114.3615179, 30.5321237], [114.3598305, 30.5324972]]]}, "properties": {"id": 17543, "block_id": 17543, "area_sqm": 10418, "poi_count": 4, "dominant_category": "地名地址信息", "category_entropy": 0.562, "street_block_id": null}}, {"type": "Feature", "geometry": {"type": "Polygon", "coordinates": [[[114.3524866, 30.5324265], [114.3523879, 30.5325694], [114.3523633, 30.5323747], [114.3523551, 30.5323104], [114.3523465, 30.5321034], [114.352339, 30.5319215], [114.3527719, 30.5319193], [114.35273, 30.531943], [114.3527095, 30.5319701], [114.3526569, 30.5320516], [114.35261, 30.5321593], [114.3524866, 30.5324265]]]}, "properties": {"id": 17548, "block_id": 17548, "area_sqm": 1466, "poi_count": 1, "dominant_category": "风景名胜", "category_entropy": 0.0, "street_block_id": null}}, {"type": "Feature", "geometry": {"type": "Polygon", "coordinates": [[[114.3579642, 30.5330077], [114.357568846, 30.533144491], [114.3575402, 30.5330829], [114.3575482, 30.5330592], [114.3576001, 30.533037], [114.3579348, 30.5329215], [114.3579785, 30.5329068], [114.3586146, 30.5326929], [114.3587146, 30.5326649], [114.3588306, 30.5326326], [114.359400238, 30.532485128], [114.359406199, 30.532502043], [114.359375, 30.5325133], [114.358451, 30.5328372], [114.3579642, 30.5330077]]]}, "properties": {"id": 17611, "block_id": 17611, "area_sqm": 1514, "poi_count": 1, "dominant_category": "通行设施", "category_entropy": 0.0, "street_block_id": null}}, {"type": "Feature", "geometry": {"type": "Polygon", "coordinates": [[[114.3584894, 30.5329326], [114.357613684, 30.533240894], [114.357568846, 30.533144491], [114.3579642, 30.5330077], [114.358451, 30.5328372], [114.359375, 30.5325133], [114.359406199, 30.532502043], [114.359448898, 30.532623216], [114.3592543, 30.5326843], [114.3584894, 30.5329326]]]}, "properties": {"id": 17624, "block_id": 17624, "area_sqm": 2261, "poi_count": 1, "dominant_category": "购物服务", "category_entropy": 0.0, "street_block_id": null}}, {"type": "Feature", "geometry": {"type": "Polygon", "coordinates": [[[114.3415238, 30.5332782], [114.3414082, 30.5332862], [114.3413896, 30.5330847], [114.3414978, 30.5330773], [114.3416216, 30.5330688], [114.3416402, 30.5332703], [114.3415238, 30.5332782]]]}, "properties": {"id": 17632, "block_id": 17632, "area_sqm": 500, "poi_count": 2, "dominant_category": "生活服务", "category_entropy": 0.693, "street_block_id": null}}, {"type": "Feature", "geometry": {"type": "Polygon", "coordinates": [[[114.3496963, 30.5333746], [114.349652, 30.5334078], [114.349496, 30.5329758], [114.34904, 30.5318726], [114.3490664, 30.5317488], [114.3489511, 30.5314523], [114.3488156, 30.5311126], [114.34876926, 30.531094352], [114.348624, 30.5307255], [114.3481304, 30.5294225], [114.3481497, 30.5292866], [114.348767, 30.5307932], [114.3489091, 30.5311536], [114.3490862, 30.5316342], [114.3491237, 30.5317428], [114.3491371, 30.5318236], [114.3491478, 30.5318976], [114.3491586, 30.5319507], [114.3496963, 30.5333746]]]}, "properties": {"id": 17656, "block_id": 17656, "area_sqm": 3479, "poi_count": 4, "dominant_category": "地名地址信息", "category_entropy": 0.562, "street_block_id": null}}, {"type": "Feature", "geometry": {"type": "Polygon", "coordinates": [[[114.3622659, 30.5333631], [114.3612513, 30.533408], [114.3612291, 30.5331841], [114.3623852, 30.5331233], [114.3622659, 30.5333631]]]}, "properties": {"id": 17657, "block_id": 17657, "area_sqm": 2650, "poi_count": 3, "dominant_category": "地名地址信息", "category_entropy": 0.0, "street_block_id": 2467}}, {"type": "Feature", "geometry": {"type": "Polygon", "coordinates": [[[114.3576383, 30.533456], [114.3575988, 30.5334879], [114.357573, 30.5334176], [114.3575593, 30.5333796], [114.357523065, 30.533272796], [114.357613684, 30.533240894], [114.3576495, 30.5333179], [114.3576438, 30.5333794], [114.3576383, 30.533456]]]}, "properties": {"id": 17680, "block_id": 17680, "area_sqm": 198, "poi_count": 2, "dominant_category": "通行设施", "category_entropy": 0.693, "street_block_id": null}}, {"type": "Feature", "geometry": {"type": "Polygon", "coordinates": [[[114.3591602, 30.5337384], [114.3584543, 30.5339045], [114.3583564, 30.533722], [114.3584006, 30.5336504], [114.3590825, 30.5335072], [114.3591174, 30.5336416], [114.3591602, 30.5337384]]]}, "properties": {"id": 17733, "block_id": 17733, "area_sqm": 1967, "poi_count": 1, "dominant_category": "商务住宅", "category_entropy": 0.0, "street_block_id": 3718}}, {"type": "Feature", "geometry": {"type": "Polygon", "coordinates": [[[114.3539505, 30.533934], [114.3534281, 30.5339397], [114.3532771, 30.5339393], [114.3532774, 30.533738], [114.3538991, 30.533741], [114.3539533, 30.5337413], [114.353957, 30.5338336], [114.3539505, 30.533934]]]}, "properties": {"id": 17739, "block_id": 17739, "area_sqm": 1425, "poi_count": 1, "dominant_category": "商务住宅", "category_entropy": 0.0, "street_block_id": null}}, {"type": "Feature", "geometry": {"type": "Polygon", "coordinates": [[[114.3532771, 30.5339393], [114.3528114, 30.5339466], [114.3526546, 30.5338589], [114.3526374, 30.5337166], [114.3528203, 30.5337338], [114.3532774, 30.533738], [114.3532771, 30.5339393]]]}, "properties": {"id": 17740, "block_id": 17740, "area_sqm": 1335, "poi_count": 1, "dominant_category": "地名地址信息", "category_entropy": 0.0, "street_block_id": null}}, {"type": "Feature", "geometry": {"type": "Polygon", "coordinates": [[[114.3550045, 30.5340138], [114.3549626, 30.5340249], [114.3549613, 30.5340071], [114.3549367, 30.5339388], [114.3559567, 30.5335993], [114.3573267, 30.5331225], [114.357336284, 30.533224957], [114.356962692, 30.533354217], [114.3569083, 30.5333395], [114.3568421, 30.5333537], [114.3567856, 30.5333715], [114.3567414, 30.5333965], [114.356722165, 30.533437439], [114.35636677, 30.533560403], [114.356327, 30.5335591], [114.3562727, 30.5335804], [114.356234791, 30.533606067], [114.355563213, 30.533838429], [114.3555255, 30.5338376], [114.3554553, 30.533864], [114.3553624, 30.5338989], [114.355348393, 30.533912756], [114.355196474, 30.533965318], [114.3551192, 30.5339483], [114.355049, 30.5339627], [114.3550243, 30.5339678], [114.3550045, 30.5340138]]]}, "properties": {"id": 17748, "block_id": 17748, "area_sqm": 2489, "poi_count": 1, "dominant_category": "地名地址信息", "category_entropy": 0.0, "street_block_id": null}}, {"type": "Feature", "geometry": {"type": "Polygon", "coordinates": [[[114.3497008, 30.5340595], [114.349680772, 30.534120507], [114.3496609, 30.5340704], [114.3494423, 30.5335718], [114.3494185, 30.5335044], [114.3493054, 30.533215], [114.3491813, 30.5328973], [114.3490454, 30.5325461], [114.348769036, 30.531804707], [114.3488684, 30.5318483], [114.3492881, 30.532921], [114.3496247, 30.5338121], [114.3497008, 30.5340595]]]}, "properties": {"id": 17760, "block_id": 17760, "area_sqm": 2108, "poi_count": 3, "dominant_category": "地名地址信息", "category_entropy": 0.0, "street_block_id": null}}, {"type": "Feature", "geometry": {"type": "Polygon", "coordinates": [[[114.355806682, 30.533873148], [114.35497684, 30.534162003], [114.3549717, 30.5341483], [114.354964134, 30.534045707], [114.355196474, 30.533965318], [114.3552427, 30.5339755], [114.3553159, 30.5339449], [114.355348393, 30.533912756], [114.355563213, 30.533838429], [114.3556392, 30.5338401], [114.3557232, 30.5338452], [114.3557736, 30.5338597], [114.355806682, 30.533873148]]]}, "properties": {"id": 17768, "block_id": 17768, "area_sqm": 909, "poi_count": 1, "dominant_category": "交通设施服务", "category_entropy": 0.0, "street_block_id": null}}, {"type": "Feature", "geometry": {"type": "Polygon", "coordinates": [[[114.3509336, 30.5360804], [114.3507384, 30.5361619], [114.3507002, 30.5360677], [114.3508853, 30.5359741], [114.3516312, 30.5355917], [114.352032153, 30.535386134], [114.352153854, 30.53546955], [114.3516977, 30.5356979], [114.3511794, 30.5359573], [114.3509336, 30.5360804]]]}, "properties": {"id": 18034, "block_id": 18034, "area_sqm": 1979, "poi_count": 2, "dominant_category": "地名地址信息", "category_entropy": 0.0, "street_block_id": null}}, {"type": "Feature", "geometry": {"type": "Polygon", "coordinates": [[[114.3502971, 30.5349526], [114.350285311, 30.53502851], [114.3501504, 30.5347085], [114.3498687, 30.5340099], [114.3499612, 30.5340822], [114.3500738, 30.5343629], [114.3502971, 30.5349526]]]}, "properties": {"id": 17875, "block_id": 17875, "area_sqm": 573, "poi_count": 1, "dominant_category": "地名地址信息", "category_entropy": 0.0, "street_block_id": null}}, {"type": "Feature", "geometry": {"type": "Polygon", "coordinates": [[[114.3579771, 30.5348979], [114.3574377, 30.535075], [114.357321, 30.5348555], [114.3580286, 30.5346195], [114.358111, 30.5347708], [114.3581377, 30.5348112], [114.3579771, 30.5348979]]]}, "properties": {"id": 17884, "block_id": 17884, "area_sqm": 1933, "poi_count": 2, "dominant_category": "地名地址信息", "category_entropy": 0.0, "street_block_id": null}}, {"type": "Feature", "geometry": {"type": "Polygon", "coordinates": [[[114.350285311, 30.53502851], [114.35027, 30.5351271], [114.3496623, 30.5336966], [114.3496135, 30.5335613], [114.3493887, 30.5329388], [114.3491473, 30.5323104], [114.3488362, 30.5314879], [114.348681, 30.5310596], [114.34876926, 30.531094352], [114.3489576, 30.5315726], [114.34904, 30.5318726], [114.349496, 30.5329758], [114.349652, 30.5334078], [114.349673, 30.533466], [114.3497124, 30.5335753], [114.349786, 30.5337657], [114.3498606, 30.5339796], [114.3498687, 30.5340099], [114.3501504, 30.5347085], [114.350285311, 30.53502851]]]}, "properties": {"id": 17901, "block_id": 17901, "area_sqm": 3298, "poi_count": 1, "dominant_category": "地名地址信息", "category_entropy": 0.0, "street_block_id": null}}, {"type": "Feature", "geometry": {"type": "Polygon", "coordinates": [[[114.3696847, 30.5356531], [114.3694699, 30.5358778], [114.368877, 30.5356397], [114.3684215, 30.5354567], [114.3676788, 30.5350933], [114.3676208, 30.5350609], [114.3678823, 30.5346366], [114.3678528, 30.5342832], [114.367665, 30.5341908], [114.36749, 30.5341409], [114.3675845, 30.5338651], [114.3675819, 30.5338143], [114.3672868, 30.5336711], [114.3671415, 30.5336221], [114.3672143, 30.5334655], [114.3673001, 30.5334747], [114.3673699, 30.5333823], [114.3672787, 30.533313], [114.3672785, 30.5331584], [114.3673473, 30.5330536], [114.3670909, 30.5328773], [114.3672265, 30.5326769], [114.3673139, 30.5325644], [114.3673595, 30.5323464], [114.3673776, 30.5323011], [114.3674136, 30.5322311], [114.3674458, 30.532098], [114.3674831, 30.5319361], [114.3675021, 30.5315799], [114.3674981, 30.531241], [114.367484, 30.5311107], [114.3677598, 30.5310867], [114.3679209, 30.5310756], [114.3682576, 30.5310488], [114.3682605, 30.5317789], [114.3682315, 30.5319915], [114.368141, 30.5322954], [114.3680513, 30.5325968], [114.3689272, 30.5328262], [114.3690356, 30.5325298], [114.3693835, 30.5324481], [114.3694192, 30.5324397], [114.3697142, 30.532345], [114.3694138, 30.5316542], [114.3688592, 30.5315273], [114.3688098, 30.5315042], [114.3687697, 30.5314608], [114.368746, 30.5313977], [114.3687354, 30.5312797], [114.36872, 30.5311068], [114.3685973, 30.5310867], [114.3685902, 30.5310183], [114.3699588, 30.5309076], [114.370764, 30.5327759], [114.3709647, 30.533252], [114.3713653, 30.5341645], [114.3716808, 30.5348829], [114.3717294, 30.5350658], [114.371007, 30.5352767], [114.3708649, 30.5354338], [114.3705323, 30.5355216], [114.3703955, 30.5357201], [114.3700039, 30.5354777], [114.3699288, 30.535443], [114.3696847, 30.5356531]], [[114.3707442, 30.5350227], [114.3710607, 30.5350227], [114.3710499, 30.5347686], [114.3709534, 30.5347455], [114.3707023, 30.5347513], [114.3707013, 30.5349811], [114.3707442, 30.5350227]], [[114.3687432, 30.5341956], [114.3690329, 30.534288], [114.3692582, 30.5342788], [114.3693602, 30.534228], [114.3693816, 30.5334933], [114.3692636, 30.5334379], [114.3691402, 30.5334887], [114.3690383, 30.5335718], [114.3688398, 30.5337105], [114.368636, 30.5341171], [114.3687432, 30.5341956]]]}, "properties": {"id": 17992, "block_id": 17992, "area_sqm": 140295, "poi_count": 128, "dominant_category": "地名地址信息", "category_entropy": 2.357, "street_block_id": null}}, {"type": "Feature", "geometry": {"type": "Polygon", "coordinates": [[[114.3533671, 30.5361079], [114.3533218, 30.536157], [114.3528284, 30.5358244], [114.3526909, 30.5357207], [114.3523343, 30.5354913], [114.3523981, 30.5354131], [114.3533844, 30.5360891], [114.3533671, 30.5361079]]]}, "properties": {"id": 18033, "block_id": 18033, "area_sqm": 1189, "poi_count": 2, "dominant_category": "通行设施", "category_entropy": 0.693, "street_block_id": null}}, {"type": "Feature", "geometry": {"type": "Polygon", "coordinates": [[[114.3508853, 30.5359741], [114.3507002, 30.5360677], [114.3505854, 30.535774], [114.3507221, 30.5358726], [114.35089, 30.5359011], [114.3509969, 30.535877], [114.3517043, 30.5354956], [114.351844, 30.5353918], [114.3518655, 30.5352523], [114.3517613, 30.5350847], [114.3518198, 30.5350293], [114.3518491, 30.5350037], [114.3519227, 30.5349055], [114.3520267, 30.5348449], [114.3521001, 30.5348265], [114.3522194, 30.5348246], [114.3523114, 30.5348709], [114.3524198, 30.5349146], [114.3526114, 30.5349948], [114.352706016, 30.535040648], [114.352640513, 30.535074231], [114.3523649, 30.5349485], [114.3522567, 30.5349548], [114.352213, 30.5349347], [114.3519433, 30.5352246], [114.3520079, 30.5352712], [114.3519523, 30.5353314], [114.352032153, 30.535386134], [114.3516312, 30.5355917], [114.3508853, 30.5359741]]]}, "properties": {"id": 18017, "block_id": 18017, "area_sqm": 2683, "poi_count": 5, "dominant_category": "地名地址信息", "category_entropy": 0.673, "street_block_id": null}}, {"type": "Feature", "geometry": {"type": "Polygon", "coordinates": [[[114.350632712, 30.536101795], [114.350555643, 30.536140728], [114.3504206, 30.5357526], [114.3501478, 30.5350873], [114.3497008, 30.5340595], [114.3496247, 30.5338121], [114.3492881, 30.532921], [114.3488684, 30.5318483], [114.3485519, 30.5309843], [114.3483308, 30.5303755], [114.347822646, 30.529099207], [114.347911517, 30.529073673], [114.3484113, 30.5303539], [114.3486017, 30.5308417], [114.348681, 30.5310596], [114.3488362, 30.5314879], [114.3491473, 30.5323104], [114.3493887, 30.5329388], [114.3496135, 30.5335613], [114.3496623, 30.5336966], [114.35027, 30.5351271], [114.350632712, 30.536101795]]]}, "properties": {"id": 18029, "block_id": 18029, "area_sqm": 7278, "poi_count": 11, "dominant_category": "地名地址信息", "category_entropy": 0.305, "street_block_id": null}}, {"type": "Feature", "geometry": {"type": "Polygon", "coordinates": [[[114.350555643, 30.536140728], [114.3504686, 30.5361847], [114.3503287, 30.5358123], [114.350187, 30.5353774], [114.3501077, 30.5351671], [114.3497612, 30.5343233], [114.349680772, 30.534120507], [114.3497008, 30.5340595], [114.3501478, 30.5350873], [114.3504206, 30.5357526], [114.350555643, 30.536140728]]]}, "properties": {"id": 18040, "block_id": 18040, "area_sqm": 1728, "poi_count": 2, "dominant_category": "地名地址信息", "category_entropy": 0.0, "street_block_id": null}}, {"type": "Feature", "geometry": {"type": "Polygon", "coordinates": [[[114.3534897, 30.5361459], [114.3534251, 30.5362186], [114.3533454, 30.5361718], [114.353451, 30.5360253], [114.3534499, 30.5358902], [114.3532562, 30.5355561], [114.3529665, 30.5352836], [114.352779625, 30.53515629], [114.352845029, 30.535123548], [114.3529634, 30.5352185], [114.353078, 30.535287], [114.3533283, 30.5355642], [114.3535187, 30.5358984], [114.3534953, 30.5360778], [114.3534897, 30.5361459]]]}, "properties": {"id": 18046, "block_id": 18046, "area_sqm": 901, "poi_count": 1, "dominant_category": "餐饮服务", "category_entropy": 0.0, "street_block_id": null}}, {"type": "Feature", "geometry": {"type": "Polygon", "coordinates": [[[114.350666818, 30.536193444], [114.350586326, 30.536228915], [114.350555643, 30.536140728], [114.350632712, 30.536101795], [114.350666818, 30.536193444]]]}, "properties": {"id": 18048, "block_id": 18048, "area_sqm": 88, "poi_count": 1, "dominant_category": "地名地址信息", "category_entropy": 0.0, "street_block_id": null}}, {"type": "Feature", "geometry": {"type": "Polygon", "coordinates": [[[114.3498363, 30.5365009], [114.3495326, 30.5366518], [114.3494986, 30.5366002], [114.3501929, 30.5362143], [114.3500963, 30.536316], [114.3499193, 30.5364407], [114.3498363, 30.5365009]]]}, "properties": {"id": 18110, "block_id": 18110, "area_sqm": 481, "poi_count": 2, "dominant_category": "地名地址信息", "category_entropy": 0.693, "street_block_id": null}}, {"type": "Feature", "geometry": {"type": "Polygon", "coordinates": [[[114.3509927, 30.5379381], [114.350971222, 30.537977257], [114.350976, 30.5377808], [114.3510034, 30.5375038], [114.3510034, 30.5371943], [114.3509575, 30.5369503], [114.3508062, 30.536568], [114.350666818, 30.536193444], [114.3507384, 30.5361619], [114.3507797, 30.5362638], [114.3508458, 30.5364266], [114.3509001, 30.5365604], [114.3510248, 30.5368708], [114.3510839, 30.5372081], [114.3510892, 30.5376424], [114.3510482, 30.537768], [114.3510093, 30.5378874], [114.3509927, 30.5379381]]]}, "properties": {"id": 18256, "block_id": 18256, "area_sqm": 1581, "poi_count": 2, "dominant_category": "地名地址信息", "category_entropy": 0.0, "street_block_id": null}}, {"type": "Feature", "geometry": {"type": "Polygon", "coordinates": [[[114.3588203, 30.5382889], [114.3582713, 30.5383813], [114.3583973, 30.5380902], [114.3582503, 30.5376222], [114.3580774, 30.5371321], [114.3580403, 30.5366999], [114.3581056, 30.5367921], [114.3583792, 30.5370554], [114.3585026, 30.5371987], [114.3586099, 30.5375729], [114.358685, 30.537827], [114.358744, 30.5380996], [114.3588203, 30.5382889]]]}, "properties": {"id": 18299, "block_id": 18299, "area_sqm": 5799, "poi_count": 6, "dominant_category": "商务住宅", "category_entropy": 0.868, "street_block_id": null}}, {"type": "Feature", "geometry": {"type": "Polygon", "coordinates": [[[114.360619364, 30.537880611], [114.360341182, 30.538612733], [114.3600684, 30.5384924], [114.3596386, 30.5383105], [114.3595385, 30.5381868], [114.3594132, 30.5380319], [114.359304, 30.5379045], [114.3591002, 30.5374991], [114.3589741, 30.5373443], [114.3588218, 30.5371502], [114.3585101, 30.5370278], [114.3581064, 30.5367056], [114.3580599, 30.5364753], [114.358116, 30.5359275], [114.3581287, 30.5358121], [114.3581348, 30.5357664], [114.3581635, 30.5357266], [114.3582267, 30.5356376], [114.3583312, 30.5355319], [114.3585847, 30.5353783], [114.3587698, 30.5354954], [114.3590568, 30.5356994], [114.3591502, 30.5357109], [114.3594469, 30.5360848], [114.3592645, 30.5361957], [114.3591465, 30.5363158], [114.3589646, 30.5364297], [114.3589105, 30.5366023], [114.3589426, 30.5367594], [114.3591679, 30.5369627], [114.3593289, 30.5371105], [114.3595005, 30.5373231], [114.3597473, 30.5375171], [114.3601657, 30.5376835], [114.3605305, 30.5378221], [114.360619364, 30.537880611]]]}, "properties": {"id": 18327, "block_id": 18327, "area_sqm": 28774, "poi_count": 7, "dominant_category": "科教文化服务", "category_entropy": 1.475, "street_block_id": null}}, {"type": "Feature", "geometry": {"type": "Polygon", "coordinates": [[[114.350887, 30.5380125], [114.350497638, 30.53864147], [114.350436675, 30.538608573], [114.3505367, 30.538451], [114.3508049, 30.5379797], [114.3508907, 30.5376886], [114.3509229, 30.5374345], [114.3509176, 30.537222], [114.3508371, 30.5369263], [114.3506923, 30.5365335], [114.350586326, 30.536228915], [114.350666818, 30.536193444], [114.3508062, 30.536568], [114.3509575, 30.5369503], [114.3510034, 30.5371943], [114.3510034, 30.5375038], [114.350976, 30.5377808], [114.350887, 30.5380125]]]}, "properties": {"id": 18332, "block_id": 18332, "area_sqm": 2452, "poi_count": 3, "dominant_category": "地名地址信息", "category_entropy": 0.637, "street_block_id": null}}, {"type": "Feature", "geometry": {"type": "Polygon", "coordinates": [[[114.3430505, 30.539146], [114.3422807, 30.5392639], [114.3427421, 30.539146], [114.3436272, 30.5389658], [114.3441422, 30.5388734], [114.3448315, 30.538721], [114.3453064, 30.5386123], [114.3457301, 30.5384876], [114.3460493, 30.5383837], [114.3463255, 30.5382774], [114.3466796, 30.538118], [114.3470899, 30.5379332], [114.3474813, 30.5377346], [114.3479588, 30.5374989], [114.3485837, 30.5371986], [114.3492221, 30.5368729], [114.3500172, 30.5364861], [114.3502739, 30.536413], [114.3504309, 30.5364195], [114.3505151, 30.5364616], [114.3504454, 30.5364524], [114.3503515, 30.5364685], [114.3501423, 30.5365332], [114.3496059, 30.536785], [114.3493927, 30.5368907], [114.3489487, 30.5371108], [114.3486794, 30.5372397], [114.3484418, 30.5373534], [114.3482369, 30.5374552], [114.3476908, 30.537723], [114.3475857, 30.5377693], [114.3468271, 30.5381273], [114.3464274, 30.5383144], [114.3462316, 30.5383929], [114.3460028, 30.5384783], [114.3458159, 30.5385362], [114.3452231, 30.5387002], [114.3442253, 30.5389196], [114.3436587, 30.5390288], [114.3430505, 30.539146]]]}, "properties": {"id": 18437, "block_id": 18437, "area_sqm": 6530, "poi_count": 1, "dominant_category": "地名地址信息", "category_entropy": 0.0, "street_block_id": null}}, {"type": "Feature", "geometry": {"type": "Polygon", "coordinates": [[[114.3503996, 30.5390954], [114.3498838, 30.5397815], [114.3502714, 30.5391698], [114.3505809, 30.5386864], [114.3506115, 30.5386331], [114.350971222, 30.537977257], [114.3509683, 30.5380974], [114.3508984, 30.5382865], [114.3507599, 30.5385303], [114.3507283, 30.5385798], [114.3503996, 30.5390954]]]}, "properties": {"id": 18524, "block_id": 18524, "area_sqm": 1231, "poi_count": 3, "dominant_category": "地名地址信息", "category_entropy": 0.637, "street_block_id": null}}, {"type": "Feature", "geometry": {"type": "Polygon", "coordinates": [[[114.3508091, 30.5396512], [114.350759, 30.5398977], [114.3504495, 30.5398466], [114.3504976, 30.5396054], [114.3508091, 30.5396512]]]}, "properties": {"id": 18539, "block_id": 18539, "area_sqm": 831, "poi_count": 1, "dominant_category": "地名地址信息", "category_entropy": 0.0, "street_block_id": null}}, {"type": "Feature", "geometry": {"type": "Polygon", "coordinates": [[[114.3573627, 30.5397167], [114.3571079, 30.5399131], [114.357059, 30.5398226], [114.3573932, 30.53965], [114.3576713, 30.5395064], [114.3577181, 30.5395261], [114.3573627, 30.5397167]]]}, "properties": {"id": 18542, "block_id": 18542, "area_sqm": 424, "poi_count": 1, "dominant_category": "地名地址信息", "category_entropy": 0.0, "street_block_id": null}}, {"type": "Feature", "geometry": {"type": "Polygon", "coordinates": [[[114.3496247, 30.5398877], [114.3490951, 30.5407634], [114.349179133, 30.54055905], [114.3492098, 30.540511], [114.3493637, 30.5402574], [114.3498314, 30.5394849], [114.3498939, 30.5393796], [114.3500069, 30.5392043], [114.3503752, 30.5385754], [114.350436675, 30.538608573], [114.3496247, 30.5398877]]]}, "properties": {"id": 18678, "block_id": 18678, "area_sqm": 1085, "poi_count": 1, "dominant_category": "地名地址信息", "category_entropy": 0.0, "street_block_id": null}}, {"type": "Feature", "geometry": {"type": "Polygon", "coordinates": [[[114.3488898, 30.5411028], [114.348802206, 30.5412554], [114.3487476, 30.5412352], [114.349179133, 30.54055905], [114.3490951, 30.5407634], [114.3488898, 30.5411028]]]}, "properties": {"id": 18738, "block_id": 18738, "area_sqm": 333, "poi_count": 1, "dominant_category": "地名地址信息", "category_entropy": 0.0, "street_block_id": null}}, {"type": "Feature", "geometry": {"type": "Polygon", "coordinates": [[[114.3500539, 30.5410931], [114.3496227, 30.5412309], [114.3495923, 30.5412241], [114.3495293, 30.5411363], [114.3496057, 30.5409792], [114.3498954, 30.5405646], [114.3499088, 30.5408048], [114.3500539, 30.5410931]]]}, "properties": {"id": 18735, "block_id": 18735, "area_sqm": 1717, "poi_count": 1, "dominant_category": "商务住宅", "category_entropy": 0.0, "street_block_id": null}}, {"type": "Feature", "geometry": {"type": "Polygon", "coordinates": [[[114.3572582, 30.5414721], [114.3568319, 30.5415165], [114.3570919, 30.5412734], [114.3572582, 30.5414721]]]}, "properties": {"id": 18802, "block_id": 18802, "area_sqm": 490, "poi_count": 1, "dominant_category": "风景名胜", "category_entropy": 0.0, "street_block_id": null}}, {"type": "Feature", "geometry": {"type": "Polygon", "coordinates": [[[114.3486702, 30.5416124], [114.348664714, 30.541643756], [114.3484846, 30.5415047], [114.3485892, 30.5414284], [114.3486699, 30.5413569], [114.3487476, 30.5412352], [114.348802206, 30.5412554], [114.3487467, 30.5413521], [114.3486702, 30.5416124]]]}, "properties": {"id": 18820, "block_id": 18820, "area_sqm": 465, "poi_count": 2, "dominant_category": "地名地址信息", "category_entropy": 0.0, "street_block_id": null}}, {"type": "Feature", "geometry": {"type": "Polygon", "coordinates": [[[114.3512575, 30.5418791], [114.3512617, 30.5420518], [114.3511213, 30.5420265], [114.3510379, 30.5420171], [114.3510514, 30.541883], [114.351026, 30.5417346], [114.3509043, 30.5414461], [114.3507882, 30.5411858], [114.3506612, 30.5408991], [114.3505707, 30.5406945], [114.3506391, 30.5404399], [114.3507041, 30.5401678], [114.350759, 30.5398977], [114.3508091, 30.5396512], [114.3508655, 30.5393733], [114.3510507, 30.5393913], [114.3510252, 30.539456], [114.3510038, 30.5395761], [114.350955, 30.5398005], [114.3509284, 30.539923], [114.3508294, 30.5403823], [114.3507969, 30.5406894], [114.3508166, 30.5407965], [114.3508601, 30.5409015], [114.3508995, 30.5410052], [114.3509944, 30.5412147], [114.3510535, 30.5413451], [114.3511966, 30.5416609], [114.351234, 30.5417427], [114.3512496, 30.5418053], [114.3512575, 30.5418791]]]}, "properties": {"id": 18865, "block_id": 18865, "area_sqm": 5399, "poi_count": 1, "dominant_category": "交通设施服务", "category_entropy": 0.0, "street_block_id": null}}, {"type": "Feature", "geometry": {"type": "Polygon", "coordinates": [[[114.3447214, 30.5428237], [114.3443526, 30.5429412], [114.3443131, 30.542818], [114.345266, 30.542528], [114.3458826, 30.5423326], [114.3469067, 30.5420174], [114.3477846, 30.5417634], [114.3482379, 30.541634], [114.3483618, 30.5415717], [114.3484846, 30.5415047], [114.348664714, 30.541643756], [114.348663596, 30.541650144], [114.348584, 30.5416711], [114.3484668, 30.5417134], [114.3483497, 30.5417469], [114.3481842, 30.5417958], [114.347585, 30.5419696], [114.3468592, 30.5421649], [114.3458051, 30.5424888], [114.3447214, 30.5428237]]]}, "properties": {"id": 19005, "block_id": 19005, "area_sqm": 6288, "poi_count": 3, "dominant_category": "地名地址信息", "category_entropy": 0.637, "street_block_id": null}}, {"type": "Feature", "geometry": {"type": "Polygon", "coordinates": [[[114.3514331, 30.5421099], [114.3507722, 30.5432518], [114.3506122, 30.5432006], [114.351315, 30.5420786], [114.3514331, 30.5421099]]]}, "properties": {"id": 19043, "block_id": 19043, "area_sqm": 1974, "poi_count": 1, "dominant_category": "地名地址信息", "category_entropy": 0.0, "street_block_id": null}}, {"type": "Feature", "geometry": {"type": "Polygon", "coordinates": [[[114.3425489, 30.5435214], [114.3422911, 30.5436078], [114.3425172, 30.5433916], [114.3433053, 30.5431517], [114.3443131, 30.542818], [114.3443526, 30.5429412], [114.3441035, 30.5430206], [114.34367, 30.5431587], [114.3425489, 30.5435214]]]}, "properties": {"id": 19073, "block_id": 19073, "area_sqm": 2700, "poi_count": 3, "dominant_category": "地名地址信息", "category_entropy": 0.637, "street_block_id": null}}, {"type": "Feature", "geometry": {"type": "Polygon", "coordinates": [[[114.3544975, 30.5437137], [114.3544494, 30.5440744], [114.353792, 30.544042], [114.3538061, 30.5438911], [114.3538283, 30.543675], [114.3544975, 30.5437137]]]}, "properties": {"id": 19143, "block_id": 19143, "area_sqm": 2585, "poi_count": 2, "dominant_category": "地名地址信息", "category_entropy": 0.693, "street_block_id": 3647}}, {"type": "Feature", "geometry": {"type": "Polygon", "coordinates": [[[114.3569291, 30.5451358], [114.3569115, 30.5451771], [114.3567118, 30.5451537], [114.356715, 30.5451284], [114.3567376, 30.5450707], [114.3567753, 30.5450445], [114.3568041, 30.5450314], [114.3568694, 30.5450269], [114.3569057, 30.5450439], [114.3569243, 30.5450687], [114.3569303, 30.5451068], [114.3569291, 30.5451358]]]}, "properties": {"id": 19263, "block_id": 19263, "area_sqm": 268, "poi_count": 1, "dominant_category": "通行设施", "category_entropy": 0.0, "street_block_id": null}}, {"type": "Feature", "geometry": {"type": "Polygon", "coordinates": [[[114.360897, 30.5452512], [114.3608592, 30.5455514], [114.3607635, 30.5455442], [114.3607762, 30.5454206], [114.3608016, 30.5452419], [114.360897, 30.5452512]]]}, "properties": {"id": 19296, "block_id": 19296, "area_sqm": 314, "poi_count": 1, "dominant_category": "地名地址信息", "category_entropy": 0.0, "street_block_id": null}}, {"type": "Feature", "geometry": {"type": "Polygon", "coordinates": [[[114.342375, 30.5561771], [114.3423832, 30.5562484], [114.3422811, 30.5561356], [114.3423908, 30.5560555], [114.3423777, 30.5561263], [114.342375, 30.5561771]]]}, "properties": {"id": 20472, "block_id": 20472, "area_sqm": 95, "poi_count": 1, "dominant_category": "地名地址信息", "category_entropy": 0.0, "street_block_id": null}}, {"type": "Feature", "geometry": {"type": "Polygon", "coordinates": [[[114.3424605, 30.5479423], [114.3424549, 30.5480065], [114.33822, 30.5477888], [114.3382329, 30.5477226], [114.3424605, 30.5479423]]]}, "properties": {"id": 19570, "block_id": 19570, "area_sqm": 2956, "poi_count": 1, "dominant_category": "交通设施服务", "category_entropy": 0.0, "street_block_id": null}}, {"type": "Feature", "geometry": {"type": "Polygon", "coordinates": [[[114.3544203, 30.5480121], [114.3540749, 30.5480287], [114.3536585, 30.5479913], [114.3535352, 30.5479682], [114.3532991, 30.5479151], [114.3531094, 30.5478532], [114.3525561, 30.5476633], [114.352355, 30.5476425], [114.352186, 30.5476564], [114.3520941, 30.5476984], [114.3520873, 30.5463048], [114.352168, 30.5457981], [114.3521836, 30.5457], [114.3522498, 30.5452846], [114.3522876, 30.5450474], [114.3528923, 30.5450989], [114.3531998, 30.5451252], [114.3535756, 30.5451572], [114.3537493, 30.545172], [114.3542597, 30.5452155], [114.3542553, 30.5456905], [114.3542553, 30.5458626], [114.3551263, 30.5459405], [114.3551068, 30.5463432], [114.3549239, 30.547749], [114.3548439, 30.5478985], [114.3547321, 30.5479317], [114.3544203, 30.5480121]]]}, "properties": {"id": 19572, "block_id": 19572, "area_sqm": 78396, "poi_count": 86, "dominant_category": "地名地址信息", "category_entropy": 2.105, "street_block_id": null}}, {"type": "Feature", "geometry": {"type": "Polygon", "coordinates": [[[114.348697, 30.5482004], [114.348445652, 30.548244033], [114.348430334, 30.548204199], [114.3486857, 30.5481599], [114.3492651, 30.548019], [114.3498424, 30.5478832], [114.3500671, 30.5478573], [114.3502468, 30.5478412], [114.3506437, 30.5478296], [114.351097, 30.5478111], [114.3516147, 30.5478181], [114.3519366, 30.5477857], [114.3520257, 30.5477492], [114.3520941, 30.5476984], [114.352186, 30.5476564], [114.352355, 30.5476425], [114.3525561, 30.5476633], [114.3531094, 30.5478532], [114.3532991, 30.5479151], [114.3535352, 30.5479682], [114.3536585, 30.5479913], [114.3540749, 30.5480287], [114.3544203, 30.5480121], [114.3547321, 30.5479317], [114.3548439, 30.5478985], [114.3553624, 30.5477446], [114.3558693, 30.5475529], [114.3563307, 30.5474397], [114.3563562, 30.5474362], [114.3566036, 30.5474023], [114.356708, 30.5473968], [114.3570006, 30.5473815], [114.3575853, 30.5473515], [114.3581593, 30.547393], [114.3586877, 30.547497], [114.3590444, 30.5475986], [114.3594011, 30.5478735], [114.3595735, 30.5479733], [114.359723, 30.5480121], [114.3598927, 30.5480287], [114.3600368, 30.548019], [114.3602782, 30.5479867], [114.3604479, 30.5479017], [114.3606079, 30.5478186], [114.3610836, 30.5475367], [114.3618909, 30.5470724], [114.3620592, 30.546998], [114.3627412, 30.5467744], [114.3630141, 30.5466746], [114.363519, 30.5464256], [114.3640387, 30.5461318], [114.3644095, 30.5459729], [114.3647119, 30.5458823], [114.3649837, 30.5458023], [114.3651156, 30.5457635], [114.3651298, 30.5458034], [114.3649993, 30.5458417], [114.3647277, 30.5459217], [114.3644283, 30.5460114], [114.3640628, 30.546168], [114.3635443, 30.5464611], [114.3630356, 30.546712], [114.3627593, 30.546813], [114.3620789, 30.5470361], [114.3619154, 30.5471084], [114.3611107, 30.5475712], [114.3606341, 30.5478536], [114.3604725, 30.5479375], [114.3602946, 30.5480267], [114.3600424, 30.5480604], [114.3598918, 30.5480705], [114.3597132, 30.5480531], [114.3595525, 30.5480114], [114.3593713, 30.5479065], [114.3590196, 30.5476354], [114.3586747, 30.5475372], [114.3581518, 30.5474343], [114.3575847, 30.5473933], [114.3570035, 30.5474231], [114.3567109, 30.5474384], [114.3566089, 30.5474438], [114.3563638, 30.5474773], [114.3563412, 30.5474804], [114.3558857, 30.5475922], [114.35538, 30.5477834], [114.3548597, 30.5479379], [114.3547469, 30.5479714], [114.3544287, 30.5480534], [114.3540737, 30.5480705], [114.3536508, 30.5480325], [114.3535239, 30.5480087], [114.3532843, 30.5479548], [114.3530918, 30.547892], [114.352544, 30.547704], [114.3523544, 30.5476844], [114.3522002, 30.5476971], [114.3521216, 30.547733], [114.3520524, 30.5477844], [114.3519501, 30.5478263], [114.3516171, 30.5478598], [114.3510977, 30.5478528], [114.3506456, 30.5478712], [114.3502501, 30.5478828], [114.3500728, 30.5478987], [114.349852, 30.5479241], [114.349278, 30.5480591], [114.348697, 30.5482004]]]}, "properties": {"id": 19593, "block_id": 19593, "area_sqm": 7911, "poi_count": 3, "dominant_category": "地名地址信息", "category_entropy": 0.637, "street_block_id": null}}, {"type": "Feature", "geometry": {"type": "Polygon", "coordinates": [[[114.3479884, 30.5482708], [114.3478168, 30.5482916], [114.3477476, 30.5482821], [114.3477869, 30.5479195], [114.3478031, 30.5477948], [114.347854, 30.5475614], [114.3479747, 30.5472657], [114.3480538, 30.547073], [114.3480659, 30.5469008], [114.3480472, 30.5467068], [114.3479318, 30.5462632], [114.3479147, 30.5461], [114.3479195, 30.5460025], [114.3479439, 30.5458965], [114.3480012, 30.5457279], [114.348018, 30.5455732], [114.3480096, 30.5454663], [114.3479991, 30.5453914], [114.348011, 30.5453063], [114.3480504, 30.5451977], [114.348082, 30.5451059], [114.3481229, 30.5449481], [114.348131, 30.5448514], [114.3481509, 30.5448093], [114.348219, 30.5446648], [114.3482461, 30.5445009], [114.3482681, 30.544301], [114.3484357, 30.5426925], [114.3484908, 30.5422105], [114.3485087, 30.542124], [114.3485669, 30.541916], [114.3485812, 30.5419413], [114.348608352, 30.5419728], [114.3485684, 30.5422249], [114.3485326, 30.5426639], [114.3484713, 30.5432461], [114.3482888, 30.5447691], [114.3481219, 30.5461384], [114.3481056, 30.5464533], [114.3481026, 30.5466989], [114.3481065, 30.5470616], [114.3481221, 30.5473087], [114.3481496, 30.547524], [114.3481876, 30.5477265], [114.3482493, 30.5479202], [114.348341195, 30.548219662], [114.3482326, 30.5482385], [114.3479884, 30.5482708]]]}, "properties": {"id": 19602, "block_id": 19602, "area_sqm": 10493, "poi_count": 3, "dominant_category": "地名地址信息", "category_entropy": 0.637, "street_block_id": null}}, {"type": "Feature", "geometry": {"type": "Polygon", "coordinates": [[[114.3476698, 30.5482987], [114.3474731, 30.5483083], [114.3458445, 30.5482104], [114.3447297, 30.5481433], [114.3446627, 30.5481393], [114.3445988, 30.5481355], [114.3424549, 30.5480065], [114.3424605, 30.5479423], [114.3439909, 30.5480345], [114.3474714, 30.5482443], [114.3476775, 30.5482725], [114.3477476, 30.5482821], [114.3478168, 30.5482916], [114.3476698, 30.5482987]]]}, "properties": {"id": 19605, "block_id": 19605, "area_sqm": 3545, "poi_count": 1, "dominant_category": "地名地址信息", "category_entropy": 0.0, "street_block_id": null}}, {"type": "Feature", "geometry": {"type": "Polygon", "coordinates": [[[114.3485904, 30.5512086], [114.3485849, 30.5514497], [114.348485, 30.5514121], [114.3484927, 30.551075], [114.3484686, 30.5507216], [114.3484242, 30.5504533], [114.3483318, 30.5500956], [114.3481923, 30.5497861], [114.3480111, 30.5493284], [114.3478249, 30.5488168], [114.3477427, 30.54854], [114.3478168, 30.5482916], [114.3478182, 30.5483334], [114.3478248, 30.5485272], [114.3478843, 30.5487402], [114.3481023, 30.5493145], [114.3482218, 30.5496083], [114.3484042, 30.5500032], [114.348451, 30.55016], [114.348546, 30.5505768], [114.3485705, 30.5507632], [114.3485904, 30.5512086]]]}, "properties": {"id": 19886, "block_id": 19886, "area_sqm": 3110, "poi_count": 1, "dominant_category": "交通设施服务", "category_entropy": 0.0, "street_block_id": null}}, {"type": "Feature", "geometry": {"type": "Polygon", "coordinates": [[[114.3481555, 30.5557351], [114.3481389, 30.5560099], [114.3479242, 30.5560039], [114.3479437, 30.5557208], [114.3481555, 30.5557351]]]}, "properties": {"id": 20420, "block_id": 20420, "area_sqm": 635, "poi_count": 4, "dominant_category": "医疗保健服务", "category_entropy": 0.693, "street_block_id": null}}, {"type": "Feature", "geometry": {"type": "Polygon", "coordinates": [[[114.3485102, 30.5515348], [114.342667, 30.5533874], [114.3426409, 30.5533252], [114.348485, 30.5514121], [114.3485102, 30.5515348]]]}, "properties": {"id": 20121, "block_id": 20121, "area_sqm": 6260, "poi_count": 2, "dominant_category": "交通设施服务", "category_entropy": 0.693, "street_block_id": null}}, {"type": "Feature", "geometry": {"type": "Polygon", "coordinates": [[[114.342667, 30.5533874], [114.3410698, 30.5539843], [114.3410358, 30.5539227], [114.3426409, 30.5533252], [114.342667, 30.5533874]]]}, "properties": {"id": 20168, "block_id": 20168, "area_sqm": 1245, "poi_count": 1, "dominant_category": "地名地址信息", "category_entropy": 0.0, "street_block_id": null}}, {"type": "Feature", "geometry": {"type": "Polygon", "coordinates": [[[114.3407909, 30.5540888], [114.340588, 30.5541769], [114.3405527, 30.5541146], [114.3407504, 30.554029], [114.3407662, 30.5540523], [114.3407909, 30.5540888]]]}, "properties": {"id": 20196, "block_id": 20196, "area_sqm": 165, "poi_count": 1, "dominant_category": "地名地址信息", "category_entropy": 0.0, "street_block_id": null}}, {"type": "Feature", "geometry": {"type": "Polygon", "coordinates": [[[114.3492105, 30.5542686], [114.3490867, 30.5542807], [114.3492217, 30.5541956], [114.3492992, 30.5540126], [114.3493377, 30.5538801], [114.3493323, 30.553744], [114.3493027, 30.5536505], [114.3494514, 30.5538928], [114.3495433, 30.5541693], [114.3493995, 30.5542196], [114.3492105, 30.5542686]]]}, "properties": {"id": 20211, "block_id": 20211, "area_sqm": 969, "poi_count": 1, "dominant_category": "地名地址信息", "category_entropy": 0.0, "street_block_id": null}}, {"type": "Feature", "geometry": {"type": "Polygon", "coordinates": [[[114.3479835, 30.5543992], [114.347854, 30.554423], [114.3478634, 30.5543465], [114.3481606, 30.5543065], [114.3483442, 30.5542955], [114.3485864, 30.5542923], [114.3489168, 30.5542955], [114.3490867, 30.5542807], [114.3492105, 30.5542686], [114.3493995, 30.5542196], [114.3495433, 30.5541693], [114.3495454, 30.5542574], [114.3493469, 30.5543146], [114.349003, 30.5543622], [114.3486084, 30.5543582], [114.3482798, 30.5543635], [114.3479835, 30.5543992]]]}, "properties": {"id": 20229, "block_id": 20229, "area_sqm": 1259, "poi_count": 1, "dominant_category": "地名地址信息", "category_entropy": 0.0, "street_block_id": null}}, {"type": "Feature", "geometry": {"type": "Polygon", "coordinates": [[[114.3417011, 30.555485], [114.3414921, 30.5555871], [114.3413536, 30.5553814], [114.3410595, 30.5555664], [114.3410032, 30.5554915], [114.3415163, 30.5551682], [114.3417011, 30.555485]]]}, "properties": {"id": 20349, "block_id": 20349, "area_sqm": 1262, "poi_count": 4, "dominant_category": "地名地址信息", "category_entropy": 0.562, "street_block_id": null}}, {"type": "Feature", "geometry": {"type": "Polygon", "coordinates": [[[114.360703, 30.5558098], [114.360696, 30.5558101], [114.3606642, 30.5558026], [114.3606367, 30.5557871], [114.3606161, 30.555765], [114.3606044, 30.5557385], [114.3606034, 30.5557208], [114.3606028, 30.5557102], [114.3606114, 30.5556828], [114.3606295, 30.5556591], [114.3606551, 30.5556413], [114.3606859, 30.5556313], [114.3606992, 30.5556307], [114.3607188, 30.5556299], [114.3607506, 30.5556373], [114.3607781, 30.5556529], [114.3607987, 30.555675], [114.3608104, 30.5557015], [114.360812, 30.5557298], [114.3608034, 30.5557571], [114.3607853, 30.5557809], [114.3607597, 30.5557986], [114.3607289, 30.5558087], [114.360703, 30.5558098]]]}, "properties": {"id": 20387, "block_id": 20387, "area_sqm": 313, "poi_count": 1, "dominant_category": "购物服务", "category_entropy": 0.0, "street_block_id": null}}, {"type": "Feature", "geometry": {"type": "Polygon", "coordinates": [[[114.3511066, 30.5555941], [114.3510787, 30.5559092], [114.3502424, 30.5558684], [114.3502629, 30.5549542], [114.3503148, 30.5549599], [114.3503658, 30.5549499], [114.3504098, 30.5549256], [114.3504415, 30.5548898], [114.3504571, 30.5548468], [114.3504547, 30.5548018], [114.3504345, 30.5547602], [114.3503991, 30.554727], [114.3503527, 30.5547063], [114.3503008, 30.5547005], [114.3503172, 30.5543495], [114.3504514, 30.5543967], [114.3511723, 30.5548522], [114.3511066, 30.5555941]]]}, "properties": {"id": 20396, "block_id": 20396, "area_sqm": 11732, "poi_count": 12, "dominant_category": "科教文化服务", "category_entropy": 1.517, "street_block_id": null}}, {"type": "Feature", "geometry": {"type": "Polygon", "coordinates": [[[114.3423908, 30.5560555], [114.3422811, 30.5561356], [114.3421992, 30.5560518], [114.3424206, 30.5559046], [114.3432214, 30.5553513], [114.3434802, 30.5552043], [114.3437225, 30.5551031], [114.3441116, 30.555013], [114.3448494, 30.5548645], [114.3452753, 30.5548091], [114.3461049, 30.554738], [114.3465252, 30.5546874], [114.3468427, 30.5546147], [114.3475659, 30.5544093], [114.3478634, 30.5543465], [114.347854, 30.554423], [114.3477779, 30.5544387], [114.3476319, 30.5544667], [114.3468704, 30.5546756], [114.3465342, 30.5547522], [114.3461104, 30.5547946], [114.3460074, 30.5548036], [114.3452522, 30.5548699], [114.3449426, 30.5549169], [114.3441437, 30.5550709], [114.343801, 30.5551618], [114.3436247, 30.5552176], [114.3433668, 30.5553565], [114.3430843, 30.5555508], [114.3424717, 30.5559964], [114.3423908, 30.5560555]]]}, "properties": {"id": 20448, "block_id": 20448, "area_sqm": 4611, "poi_count": 3, "dominant_category": "交通设施服务", "category_entropy": 0.637, "street_block_id": null}}, {"type": "Feature", "geometry": {"type": "Polygon", "coordinates": [[[114.3421992, 30.5560518], [114.3419732, 30.5562021], [114.3420203, 30.5561158], [114.3420526, 30.5560273], [114.3420496, 30.5559768], [114.3420453, 30.5558945], [114.3421992, 30.5560518]]]}, "properties": {"id": 20464, "block_id": 20464, "area_sqm": 242, "poi_count": 1, "dominant_category": "地名地址信息", "category_entropy": 0.0, "street_block_id": null}}, {"type": "Feature", "geometry": {"type": "Polygon", "coordinates": [[[114.3481077, 30.556527], [114.3480729, 30.5565554], [114.3477553, 30.5565412], [114.3477241, 30.5565143], [114.3477351, 30.556361], [114.3481169, 30.5563755], [114.3481077, 30.556527]]]}, "properties": {"id": 20512, "block_id": 20512, "area_sqm": 725, "poi_count": 2, "dominant_category": "医疗保健服务", "category_entropy": 0.693, "street_block_id": null}}, {"type": "Feature", "geometry": {"type": "Polygon", "coordinates": [[[114.3462583, 30.5567778], [114.3461618, 30.5567848], [114.3454405, 30.5567476], [114.3449426, 30.5549169], [114.3452522, 30.5548699], [114.3460074, 30.5548036], [114.3460089, 30.5560872], [114.3460169, 30.5561796], [114.3460813, 30.5562651], [114.3461752, 30.556339], [114.3462855, 30.5565622], [114.3463281, 30.5566485], [114.3463093, 30.5567363], [114.3462583, 30.5567778]]]}, "properties": {"id": 20553, "block_id": 20553, "area_sqm": 18070, "poi_count": 16, "dominant_category": "地名地址信息", "category_entropy": 1.767, "street_block_id": null}}, {"type": "Feature", "geometry": {"type": "Polygon", "coordinates": [[[114.3543688, 30.5582739], [114.3544898, 30.5585389], [114.354237, 30.5582145], [114.3540666, 30.5580587], [114.3538691, 30.5577199], [114.3535353, 30.5570389], [114.3532163, 30.556408], [114.3530846, 30.5561575], [114.3530401, 30.5560088], [114.3530738, 30.5559429], [114.353108666, 30.555914334], [114.3532724, 30.5562364], [114.3536553, 30.5570138], [114.3540828, 30.5577466], [114.3543688, 30.5582739]]]}, "properties": {"id": 20769, "block_id": 20769, "area_sqm": 3889, "poi_count": 1, "dominant_category": "地名地址信息", "category_entropy": 0.0, "street_block_id": null}}, {"type": "Feature", "geometry": {"type": "Polygon", "coordinates": [[[114.3545724, 30.5582446], [114.3547111, 30.5587996], [114.3545678, 30.5584725], [114.3543987, 30.5581419], [114.3541517, 30.5576949], [114.3538857, 30.5571615], [114.3535906, 30.5566208], [114.3533743, 30.556204], [114.353198923, 30.555885159], [114.353201, 30.5558848], [114.3532426, 30.5558915], [114.3533119, 30.5559158], [114.3534768, 30.5562139], [114.3537109, 30.5566399], [114.3540536, 30.5572978], [114.3543297, 30.5578183], [114.3545724, 30.5582446]]]}, "properties": {"id": 20801, "block_id": 20801, "area_sqm": 2952, "poi_count": 2, "dominant_category": "地名地址信息", "category_entropy": 0.0, "street_block_id": null}}, {"type": "Feature", "geometry": {"type": "Polygon", "coordinates": [[[114.3381256, 30.5588742], [114.3380681, 30.5588868], [114.3380076, 30.5588804], [114.3379611, 30.5588599], [114.337855, 30.5587852], [114.337847068, 30.558777203], [114.3379833, 30.5586837], [114.3381306, 30.5586308], [114.3382901, 30.5585442], [114.3384104, 30.5584575], [114.3385159, 30.5583687], [114.338565, 30.5583138], [114.3388399, 30.558132], [114.3394585, 30.5576945], [114.3398659, 30.5574092], [114.3403863, 30.5570562], [114.3411177, 30.5565595], [114.3417362, 30.5561431], [114.341859, 30.5560417], [114.342043732, 30.555892635], [114.3420453, 30.5558945], [114.3420496, 30.5559768], [114.3420526, 30.5560273], [114.3420203, 30.5561158], [114.3419732, 30.5562021], [114.3405445, 30.5572459], [114.3397923, 30.5577022], [114.3382376, 30.5588357], [114.3381256, 30.5588742]]]}, "properties": {"id": 20822, "block_id": 20822, "area_sqm": 11355, "poi_count": 1, "dominant_category": "金融保险服务", "category_entropy": 0.0, "street_block_id": null}}, {"type": "Feature", "geometry": {"type": "Polygon", "coordinates": [[[114.3383544, 30.5589546], [114.33826447, 30.55901886], [114.3382448, 30.5590033], [114.3382222, 30.5589751], [114.338212617, 30.558949425], [114.3382918, 30.5588916], [114.338591, 30.5586731], [114.3405445, 30.5572459], [114.3419732, 30.5562021], [114.3421992, 30.5560518], [114.3422811, 30.5561356], [114.3421481, 30.5562401], [114.3420933, 30.5562831], [114.3406675, 30.5573018], [114.3383544, 30.5589546]]]}, "properties": {"id": 20844, "block_id": 20844, "area_sqm": 5886, "poi_count": 3, "dominant_category": "地名地址信息", "category_entropy": 0.0, "street_block_id": null}}, {"type": "Feature", "geometry": {"type": "Polygon", "coordinates": [[[114.338395, 30.5590465], [114.3383255, 30.5590472], [114.3382807, 30.5590317], [114.33826447, 30.55901886], [114.3383544, 30.5589546], [114.3406675, 30.5573018], [114.340596, 30.5573651], [114.3400153, 30.557879], [114.3384801, 30.5590129], [114.338395, 30.5590465]]]}, "properties": {"id": 20851, "block_id": 20851, "area_sqm": 2721, "poi_count": 1, "dominant_category": "地名地址信息", "category_entropy": 0.0, "street_block_id": null}}, {"type": "Feature", "geometry": {"type": "Polygon", "coordinates": [[[114.3401083, 30.561268], [114.340036516, 30.56131507], [114.338391, 30.5595118], [114.338120155, 30.559228009], [114.3382083, 30.5591751], [114.3382869, 30.5592624], [114.3385337, 30.5595366], [114.3387112, 30.5597324], [114.3388231, 30.5598554], [114.3401083, 30.561268]]]}, "properties": {"id": 21213, "block_id": 21213, "area_sqm": 2642, "poi_count": 1, "dominant_category": "通行设施", "category_entropy": 0.0, "street_block_id": null}}, {"type": "Feature", "geometry": {"type": "Polygon", "coordinates": [[[114.3588049, 30.5659175], [114.358721702, 30.565967678], [114.3584705, 30.5656283], [114.3581218, 30.5652149], [114.3577127, 30.5647342], [114.3574111, 30.5643858], [114.3570114, 30.5638846], [114.3565876, 30.5633627], [114.3562691, 30.5629427], [114.3560093, 30.5626372], [114.3557634, 30.5622613], [114.3556144, 30.5619954], [114.355477, 30.5616915], [114.3553817, 30.5614227], [114.3552426, 30.5608845], [114.3551618, 30.5606342], [114.35512, 30.560505], [114.3549706, 30.5600428], [114.3548534, 30.5596212], [114.3547268, 30.5591497], [114.3546111, 30.5588261], [114.3544898, 30.5585389], [114.3543688, 30.5582739], [114.3540828, 30.5577466], [114.3536553, 30.5570138], [114.3532724, 30.5562364], [114.353108666, 30.555914334], [114.3531297, 30.5558971], [114.353198923, 30.555885159], [114.3533743, 30.556204], [114.3535906, 30.5566208], [114.3538857, 30.5571615], [114.3541517, 30.5576949], [114.3543987, 30.5581419], [114.3545678, 30.5584725], [114.3547111, 30.5587996], [114.3548238, 30.5591244], [114.3549538, 30.5595793], [114.3550722, 30.5600243], [114.3551591, 30.5602908], [114.3552688, 30.5606171], [114.3553425, 30.5608773], [114.3554243, 30.5611804], [114.3555099, 30.5614654], [114.3556153, 30.5617067], [114.3557393, 30.5619697], [114.3559008, 30.5622556], [114.3560713, 30.5625127], [114.3563416, 30.5628724], [114.3566919, 30.5632986], [114.3570953, 30.5637951], [114.3575147, 30.5642903], [114.357916, 30.5647728], [114.3580833, 30.5649781], [114.3585949, 30.5656098], [114.358833515, 30.565905607], [114.3588049, 30.5659175]]]}, "properties": {"id": 21769, "block_id": 21769, "area_sqm": 13903, "poi_count": 3, "dominant_category": "地名地址信息", "category_entropy": 0.0, "street_block_id": null}}]}