{"type": "FeatureCollection", "features": [{"type": "Feature", "geometry": {"type": "LineString", "coordinates": [[114.4184212, 30.5088091], [114.4184383, 30.5089424], [114.4184627, 30.5091323], [114.4184762, 30.5092378], [114.4185845, 30.5100811], [114.4188082, 30.5118247], [114.41882, 30.5120539], [114.4188984, 30.5124254], [114.4190094, 30.5127194], [114.4199314, 30.5150737], [114.4206591, 30.516944]]}, "properties": {"id": 2, "name": "喻家湖路", "road_class": "secondary", "oneway": "F", "maxspeed": 0}}, {"type": "Feature", "geometry": {"type": "LineString", "coordinates": [[114.4135982, 30.4914883], [114.4144154, 30.4915265], [114.4148019, 30.4915386], [114.4149688, 30.4915438], [114.4151663, 30.49155], [114.4160405, 30.4914956], [114.4162615, 30.4914853], [114.4192882, 30.4914667], [114.4196639, 30.4914091]]}, "properties": {"id": 219, "name": "海纳路", "road_class": "secondary", "oneway": "B", "maxspeed": 0}}, {"type": "Feature", "geometry": {"type": "LineString", "coordinates": [[114.4098872, 30.5133268], [114.4098202, 30.5128048], [114.4097701, 30.5124139], [114.4097337, 30.5121453], [114.4097009, 30.5119009], [114.4096767, 30.5116733], [114.4096442, 30.5113812], [114.409604, 30.5109902]]}, "properties": {"id": 342, "name": " ", "road_class": "unclassified", "oneway": "B", "maxspeed": 0}}, {"type": "Feature", "geometry": {"type": "LineString", "coordinates": [[114.4152243, 30.5128142], [114.4147398, 30.5128593], [114.4141552, 30.5129138], [114.414021, 30.5129263], [114.4133375, 30.5129899], [114.4125884, 30.513067], [114.4122942, 30.5130973], [114.4114504, 30.513187], [114.4105497, 30.5132676], [114.4104344, 30.5132779], [114.4102603, 30.5132935], [114.4098872, 30.5133268], [114.4089561, 30.51341], [114.4082066, 30.513477], [114.4071185, 30.5135742], [114.4068772, 30.5135958], [114.4068395, 30.5135992], [114.4059667, 30.5136772], [114.4058791, 30.513685], [114.405152, 30.5137501], [114.4049983, 30.5137638]]}, "properties": {"id": 344, "name": "紫荆路", "road_class": "unclassified", "oneway": "B", "maxspeed": 0}}, {"type": "Feature", "geometry": {"type": "LineString", "coordinates": [[114.4106758, 30.5142649], [114.4106357, 30.5139475], [114.4105921, 30.513606], [114.4105594, 30.5133449], [114.4105497, 30.5132676]]}, "properties": {"id": 347, "name": " ", "road_class": "unclassified", "oneway": "B", "maxspeed": 0}}, {"type": "Feature", "geometry": {"type": "LineString", "coordinates": [[114.4088488, 30.512497], [114.4088874, 30.5128264], [114.4089407, 30.5132789], [114.4089561, 30.51341]]}, "properties": {"id": 348, "name": " ", "road_class": "footway", "oneway": "B", "maxspeed": 0}}, {"type": "Feature", "geometry": {"type": "LineString", "coordinates": [[114.4121512, 30.5189929], [114.4120288, 30.5179789], [114.4119077, 30.5169757], [114.4117954, 30.5160449], [114.4116882, 30.5151573], [114.4116269, 30.5146494], [114.4115708, 30.5141845], [114.4115436, 30.5139593], [114.4114504, 30.513187], [114.4114368, 30.5130749], [114.4114276, 30.5129983], [114.4113665, 30.5124923], [114.4113076, 30.5120043]]}, "properties": {"id": 350, "name": "醉晚路", "road_class": "tertiary", "oneway": "B", "maxspeed": 0}}, {"type": "Feature", "geometry": {"type": "LineString", "coordinates": [[114.4018209, 30.5169524], [114.4019477, 30.5163318], [114.4020087, 30.5160332], [114.4020801, 30.5156595], [114.4022767, 30.5146303], [114.4023866, 30.5140553], [114.4025137, 30.5134011], [114.402604, 30.5129317], [114.4026598, 30.5126493], [114.4027264, 30.512279], [114.402981, 30.510952], [114.4030087, 30.5107736], [114.4030842, 30.5103384], [114.4031286, 30.5100667], [114.4031351, 30.5100232], [114.4031414, 30.5098675]]}, "properties": {"id": 585, "name": "紫菘路", "road_class": "residential", "oneway": "B", "maxspeed": 0}}, {"type": "Feature", "geometry": {"type": "LineString", "coordinates": [[114.4213741, 30.5143037], [114.4209072, 30.514311], [114.4202599, 30.5143161], [114.4202564, 30.5141065], [114.4202557, 30.5139461], [114.4202468, 30.5135766], [114.420067, 30.5132016], [114.4198662, 30.5126425], [114.4202436, 30.5126388], [114.4202495, 30.5131884], [114.4202468, 30.5135766]]}, "properties": {"id": 586, "name": " ", "road_class": "unclassified", "oneway": "B", "maxspeed": 0}}, {"type": "Feature", "geometry": {"type": "LineString", "coordinates": [[114.4215813, 30.5147598], [114.4213741, 30.5143037], [114.4213734, 30.5139285], [114.4213554, 30.5135543], [114.421225, 30.5132366], [114.421067, 30.5126783], [114.4209525, 30.5122929], [114.4208683, 30.5122187], [114.4207148, 30.5122002], [114.4191495, 30.5123262], [114.4191179, 30.5123784], [114.4192061, 30.5126531], [114.4191018, 30.5126874], [114.4190094, 30.5127194]]}, "properties": {"id": 589, "name": " ", "road_class": "unclassified", "oneway": "B", "maxspeed": 0}}, {"type": "Feature", "geometry": {"type": "LineString", "coordinates": [[114.4048519, 30.5125516], [114.4038458, 30.5124288], [114.4027264, 30.512279], [114.4007325, 30.511966], [114.4003415, 30.5119046]]}, "properties": {"id": 591, "name": " ", "road_class": "unclassified", "oneway": "B", "maxspeed": 0}}, {"type": "Feature", "geometry": {"type": "LineString", "coordinates": [[114.4139271, 30.5178087], [114.4137957, 30.5167855], [114.4137693, 30.5165774], [114.4136802, 30.5158746], [114.4136727, 30.5158108], [114.4135754, 30.5149806], [114.4135137, 30.5144645], [114.4134592, 30.5140085], [114.4134301, 30.5137729], [114.4133375, 30.5129899]]}, "properties": {"id": 597, "name": "东三路", "road_class": "unclassified", "oneway": "B", "maxspeed": 0}}, {"type": "Feature", "geometry": {"type": "LineString", "coordinates": [[114.407644, 30.5103359], [114.4080532, 30.5103013], [114.4092603, 30.5112617], [114.4093466, 30.5113697], [114.4093554, 30.511403]]}, "properties": {"id": 607, "name": " ", "road_class": "unclassified", "oneway": "B", "maxspeed": 0}}, {"type": "Feature", "geometry": {"type": "LineString", "coordinates": [[114.4152243, 30.5128142], [114.4153044, 30.5134276], [114.4153543, 30.5138098], [114.4154668, 30.5148195], [114.4155113, 30.5151603], [114.4156529, 30.5162438], [114.4156457, 30.5162893], [114.415603, 30.5163539], [114.4155559, 30.5164025], [114.415679, 30.5175366], [114.4156893, 30.5176507]]}, "properties": {"id": 608, "name": " ", "road_class": "unclassified", "oneway": "B", "maxspeed": 0}}, {"type": "Feature", "geometry": {"type": "LineString", "coordinates": [[114.4047735, 30.5118066], [114.4061101, 30.5116917], [114.4065064, 30.5116577], [114.4066521, 30.5116447], [114.4093554, 30.511403], [114.4094252, 30.5119279], [114.4094854, 30.512442], [114.4093524, 30.5124537], [114.4088488, 30.512497], [114.4080995, 30.5125659], [114.4074661, 30.5126225], [114.406772, 30.5126845], [114.4067476, 30.5126868], [114.4063528, 30.5127247], [114.4050639, 30.5128481], [114.4048897, 30.5128648]]}, "properties": {"id": 609, "name": " ", "road_class": "unclassified", "oneway": "B", "maxspeed": 0}}, {"type": "Feature", "geometry": {"type": "LineString", "coordinates": [[114.4034163, 30.5159264], [114.4026999, 30.5159808], [114.4020087, 30.5160332], [114.4013832, 30.5159426], [114.400067, 30.5157519], [114.3999725, 30.5157347], [114.3998421, 30.5156806], [114.3997446, 30.515612], [114.399711, 30.5155376], [114.3999355, 30.5143064], [114.3999929, 30.5139508], [114.400126, 30.5130552], [114.4003415, 30.5119046], [114.4004108, 30.511529], [114.4005813, 30.5106052]]}, "properties": {"id": 610, "name": " ", "road_class": "unclassified", "oneway": "B", "maxspeed": 0}}, {"type": "Feature", "geometry": {"type": "LineString", "coordinates": [[114.4152243, 30.5128142], [114.415547, 30.5128005], [114.4164214, 30.5127028]]}, "properties": {"id": 612, "name": "紫荆路", "road_class": "unclassified", "oneway": "B", "maxspeed": 0}}, {"type": "Feature", "geometry": {"type": "LineString", "coordinates": [[114.4080612, 30.5123077], [114.4078182, 30.5122867], [114.4074388, 30.5123224], [114.4074661, 30.5126225]]}, "properties": {"id": 752, "name": " ", "road_class": "cycleway", "oneway": "B", "maxspeed": 0}}, {"type": "Feature", "geometry": {"type": "LineString", "coordinates": [[114.4123893, 30.5112011], [114.4124848, 30.5120816], [114.4125393, 30.5125812], [114.4125729, 30.5129158]]}, "properties": {"id": 737, "name": "东二路", "road_class": "unclassified", "oneway": "B", "maxspeed": 0}}, {"type": "Feature", "geometry": {"type": "LineString", "coordinates": [[114.4125729, 30.5129158], [114.4123503, 30.5129503], [114.4122908, 30.5129857], [114.4122822, 30.5130347], [114.4122942, 30.5130973]]}, "properties": {"id": 738, "name": " ", "road_class": "unclassified", "oneway": "B", "maxspeed": 0}}, {"type": "Feature", "geometry": {"type": "LineString", "coordinates": [[114.4252644, 30.5017453], [114.4252571, 30.5016033], [114.4250302, 30.4989722], [114.4249278, 30.4985104], [114.4247588, 30.4980288], [114.4245124, 30.4976003], [114.4232214, 30.4955823], [114.4230369, 30.4952982]]}, "properties": {"id": 755, "name": "佳园路", "road_class": "tertiary", "oneway": "F", "maxspeed": 0}}, {"type": "Feature", "geometry": {"type": "LineString", "coordinates": [[114.3990818, 30.4925875], [114.400083, 30.4924351], [114.4053163, 30.4918628], [114.4054794, 30.4918304], [114.4055585, 30.491821], [114.4056019, 30.4918126], [114.4057404, 30.4917858], [114.405761, 30.4917825], [114.405787, 30.49178], [114.4122047, 30.4914881]]}, "properties": {"id": 1005, "name": "新竹路", "road_class": "secondary", "oneway": "B", "maxspeed": 0}}, {"type": "Feature", "geometry": {"type": "LineString", "coordinates": [[114.4114958, 30.489322], [114.4055618, 30.4899322], [114.4055348, 30.4899348], [114.4055109, 30.4899384], [114.4053698, 30.4899522], [114.4052365, 30.4899636]]}, "properties": {"id": 1071, "name": "凌家山北路", "road_class": "secondary", "oneway": "F", "maxspeed": 0}}, {"type": "Feature", "geometry": {"type": "LineString", "coordinates": [[114.3983023, 30.5090728], [114.3983049, 30.5089103], [114.3983124, 30.5088219], [114.3983606, 30.5083976], [114.3983865, 30.5082415], [114.3983931, 30.5080696], [114.3983875, 30.507842], [114.39838, 30.5078036], [114.3983374, 30.5075858], [114.3982709, 30.5073662], [114.3982161, 30.5072339], [114.3981869, 30.5071632], [114.3980607, 30.5069455], [114.3979302, 30.5067532], [114.3978192, 30.5065952]]}, "properties": {"id": 1072, "name": "利嘉西路", "road_class": "tertiary", "oneway": "B", "maxspeed": 0}}, {"type": "Feature", "geometry": {"type": "LineString", "coordinates": [[114.3961919, 30.4914275], [114.3982611, 30.491264], [114.3987451, 30.4911342]]}, "properties": {"id": 1075, "name": "雄庄路", "road_class": "residential", "oneway": "B", "maxspeed": 0}}, {"type": "Feature", "geometry": {"type": "LineString", "coordinates": [[114.4122097, 30.4939494], [114.4061719, 30.4945066], [114.4061228, 30.4945139], [114.4060398, 30.4945213], [114.4059655, 30.49453], [114.4058966, 30.4945362], [114.4058103, 30.4945441], [114.4056601, 30.494558], [114.4055774, 30.4945648], [114.4004388, 30.4950379]]}, "properties": {"id": 1076, "name": "新玉路", "road_class": "tertiary", "oneway": "B", "maxspeed": 40}}, {"type": "Feature", "geometry": {"type": "LineString", "coordinates": [[114.4038269, 30.5099683], [114.4038529, 30.5097697], [114.4038671, 30.5096466], [114.4038581, 30.5095749]]}, "properties": {"id": 1081, "name": "常青藤路", "road_class": "tertiary", "oneway": "B", "maxspeed": 0}}, {"type": "Feature", "geometry": {"type": "LineString", "coordinates": [[114.4198662, 30.5126425], [114.4192061, 30.5126531], [114.4197589, 30.5140132], [114.4202557, 30.5139461]]}, "properties": {"id": 1082, "name": " ", "road_class": "unclassified", "oneway": "B", "maxspeed": 0}}, {"type": "Feature", "geometry": {"type": "LineString", "coordinates": [[114.4240475, 30.5065509], [114.4257477, 30.5063827], [114.4258516, 30.5063722], [114.4260836, 30.5063583], [114.4265443, 30.5063305], [114.4270301, 30.5062896], [114.4276109, 30.5062484], [114.4289855, 30.5061448]]}, "properties": {"id": 1154, "name": " ", "road_class": "unclassified", "oneway": "B", "maxspeed": 0}}, {"type": "Feature", "geometry": {"type": "LineString", "coordinates": [[114.4122736, 30.509879], [114.4126456, 30.5098457], [114.4129826, 30.5098156]]}, "properties": {"id": 1576, "name": " ", "road_class": "unclassified", "oneway": "B", "maxspeed": 0}}, {"type": "Feature", "geometry": {"type": "LineString", "coordinates": [[114.4113076, 30.5120043], [114.4097337, 30.5121453]]}, "properties": {"id": 1577, "name": " ", "road_class": "residential", "oneway": "B", "maxspeed": 0}}, {"type": "Feature", "geometry": {"type": "LineString", "coordinates": [[114.4136704, 30.51073], [114.4145022, 30.5106631], [114.4147398, 30.5128593]]}, "properties": {"id": 1578, "name": " ", "road_class": "path", "oneway": "B", "maxspeed": 0}}, {"type": "Feature", "geometry": {"type": "LineString", "coordinates": [[114.4113892, 30.5102722], [114.4114151, 30.510217], [114.411423, 30.5100655], [114.4114123, 30.5099507], [114.4114027, 30.5098474]]}, "properties": {"id": 1579, "name": "醉晚路", "road_class": "unclassified", "oneway": "B", "maxspeed": 0}}, {"type": "Feature", "geometry": {"type": "LineString", "coordinates": [[114.4112327, 30.5108471], [114.4112268, 30.5107169], [114.4112389, 30.5105736], [114.4112566, 30.510485], [114.411301, 30.510394], [114.4113892, 30.5102722]]}, "properties": {"id": 1580, "name": "醉晚路", "road_class": "unclassified", "oneway": "B", "maxspeed": 0}}, {"type": "Feature", "geometry": {"type": "LineString", "coordinates": [[114.4114027, 30.5098474], [114.4113965, 30.5097656], [114.4113901, 30.5096434], [114.4113787, 30.5095253]]}, "properties": {"id": 1581, "name": "醉晚路", "road_class": "unclassified", "oneway": "B", "maxspeed": 0}}, {"type": "Feature", "geometry": {"type": "LineString", "coordinates": [[114.3951248, 30.5063717], [114.3953571, 30.5061852], [114.3952193, 30.5060913], [114.3950718, 30.5060086], [114.3948089, 30.5059023], [114.3946362, 30.5058755], [114.3943944, 30.5058722], [114.3943787, 30.5059608], [114.3940485, 30.5059318], [114.3938919, 30.5059413], [114.3934958, 30.5059977]]}, "properties": {"id": 1663, "name": " ", "road_class": "unclassified", "oneway": "B", "maxspeed": 0}}, {"type": "Feature", "geometry": {"type": "LineString", "coordinates": [[114.415547, 30.5128005], [114.4155049, 30.5124121], [114.4154687, 30.5120773], [114.4154309, 30.5117267], [114.4153949, 30.5113935], [114.415361, 30.5110793]]}, "properties": {"id": 1867, "name": " ", "road_class": "residential", "oneway": "B", "maxspeed": 0}}, {"type": "Feature", "geometry": {"type": "LineString", "coordinates": [[114.4162168, 30.5110048], [114.4162637, 30.511314], [114.4163152, 30.5116532], [114.4163669, 30.5119934], [114.4164175, 30.5123268], [114.4164738, 30.5126979], [114.4164214, 30.5127028], [114.4164913, 30.5133171], [114.4165306, 30.5137]]}, "properties": {"id": 1868, "name": " ", "road_class": "residential", "oneway": "B", "maxspeed": 0}}, {"type": "Feature", "geometry": {"type": "LineString", "coordinates": [[114.4164175, 30.5123268], [114.4155049, 30.5124121]]}, "properties": {"id": 1869, "name": " ", "road_class": "residential", "oneway": "B", "maxspeed": 0}}, {"type": "Feature", "geometry": {"type": "LineString", "coordinates": [[114.4162637, 30.511314], [114.4153949, 30.5113935]]}, "properties": {"id": 1870, "name": " ", "road_class": "residential", "oneway": "B", "maxspeed": 0}}, {"type": "Feature", "geometry": {"type": "LineString", "coordinates": [[114.4163152, 30.5116532], [114.4154309, 30.5117267]]}, "properties": {"id": 1871, "name": " ", "road_class": "residential", "oneway": "B", "maxspeed": 0}}, {"type": "Feature", "geometry": {"type": "LineString", "coordinates": [[114.411935, 30.5125078], [114.4120024, 30.5124419], [114.4120095, 30.5124429], [114.41209, 30.5125136], [114.4120973, 30.5125162], [114.4121054, 30.5125149], [114.4121555, 30.5124891], [114.4121617, 30.5124892], [114.4121659, 30.5124951], [114.4121934, 30.512547], [114.4122581, 30.5125516], [114.4122489, 30.5127068]]}, "properties": {"id": 1872, "name": " ", "road_class": "footway", "oneway": "B", "maxspeed": 0}}, {"type": "Feature", "geometry": {"type": "LineString", "coordinates": [[114.4163669, 30.5119934], [114.4154687, 30.5120773]]}, "properties": {"id": 1873, "name": " ", "road_class": "residential", "oneway": "B", "maxspeed": 0}}, {"type": "Feature", "geometry": {"type": "LineString", "coordinates": [[114.414011, 30.5128578], [114.414021, 30.5129263]]}, "properties": {"id": 2006, "name": " ", "road_class": "steps", "oneway": "B", "maxspeed": 0}}, {"type": "Feature", "geometry": {"type": "LineString", "coordinates": [[114.4153044, 30.5134276], [114.4164913, 30.5133171]]}, "properties": {"id": 2013, "name": " ", "road_class": "unclassified", "oneway": "B", "maxspeed": 0}}, {"type": "Feature", "geometry": {"type": "LineString", "coordinates": [[114.4098872, 30.5133268], [114.4098956, 30.5133992], [114.4099433, 30.5138127], [114.4099973, 30.5142799], [114.4100025, 30.5143247]]}, "properties": {"id": 2014, "name": " ", "road_class": "unclassified", "oneway": "B", "maxspeed": 0}}, {"type": "Feature", "geometry": {"type": "LineString", "coordinates": [[114.4112595, 30.5115316], [114.4096767, 30.5116733]]}, "properties": {"id": 2015, "name": " ", "road_class": "unclassified", "oneway": "B", "maxspeed": 0}}, {"type": "Feature", "geometry": {"type": "LineString", "coordinates": [[114.4080995, 30.5125659], [114.4081322, 30.5128436], [114.4081923, 30.5133551], [114.4082066, 30.513477]]}, "properties": {"id": 2016, "name": " ", "road_class": "footway", "oneway": "B", "maxspeed": 0}}, {"type": "Feature", "geometry": {"type": "LineString", "coordinates": [[114.4089561, 30.51341], [114.4090733, 30.5144078], [114.4091483, 30.515023], [114.4091919, 30.5153804], [114.4092978, 30.5162722], [114.409343, 30.5166892], [114.4093982, 30.5172], [114.4094772, 30.5179072], [114.4095146, 30.5182043]]}, "properties": {"id": 2017, "name": "东一路", "road_class": "unclassified", "oneway": "B", "maxspeed": 0}}, {"type": "Feature", "geometry": {"type": "LineString", "coordinates": [[114.4093554, 30.511403], [114.4096442, 30.5113812]]}, "properties": {"id": 2018, "name": " ", "road_class": "steps", "oneway": "B", "maxspeed": 0}}, {"type": "Feature", "geometry": {"type": "LineString", "coordinates": [[114.420067, 30.5132016], [114.4202495, 30.5131884], [114.421225, 30.5132366]]}, "properties": {"id": 2022, "name": " ", "road_class": "cycleway", "oneway": "B", "maxspeed": 0}}, {"type": "Feature", "geometry": {"type": "LineString", "coordinates": [[114.4002193, 30.5045751], [114.3983283, 30.5054852], [114.397874, 30.5057224], [114.3972335, 30.5060386], [114.3961966, 30.506766], [114.394759, 30.5075618], [114.3943979, 30.5077798], [114.3943045, 30.5078168]]}, "properties": {"id": 2095, "name": "光谷街", "road_class": "tertiary", "oneway": "B", "maxspeed": 0}}, {"type": "Feature", "geometry": {"type": "LineString", "coordinates": [[114.3978192, 30.5065952], [114.3991863, 30.5060465], [114.3999216, 30.5057376], [114.4008273, 30.5053584], [114.4008995, 30.5053282]]}, "properties": {"id": 2094, "name": "步行街中路", "road_class": "unclassified", "oneway": "B", "maxspeed": 0}}, {"type": "Feature", "geometry": {"type": "LineString", "coordinates": [[114.3978192, 30.5065952], [114.3977627, 30.5065399]]}, "properties": {"id": 2096, "name": " ", "road_class": "unclassified", "oneway": "B", "maxspeed": 0}}, {"type": "Feature", "geometry": {"type": "LineString", "coordinates": [[114.4245855, 30.5072341], [114.4258366, 30.5071388], [114.4259325, 30.5071402]]}, "properties": {"id": 2223, "name": " ", "road_class": "unclassified", "oneway": "B", "maxspeed": 0}}, {"type": "Feature", "geometry": {"type": "LineString", "coordinates": [[114.4243883, 30.5087864], [114.4259369, 30.5086396]]}, "properties": {"id": 2224, "name": " ", "road_class": "unclassified", "oneway": "B", "maxspeed": 0}}, {"type": "Feature", "geometry": {"type": "LineString", "coordinates": [[114.41882, 30.5120539], [114.4207833, 30.5119277], [114.4221152, 30.5118468], [114.4238768, 30.5117586], [114.4255405, 30.5116511], [114.4259231, 30.5116379], [114.4260846, 30.5116274], [114.4263115, 30.5116074]]}, "properties": {"id": 2229, "name": "喻家湖东路", "road_class": "unclassified", "oneway": "B", "maxspeed": 0}}, {"type": "Feature", "geometry": {"type": "LineString", "coordinates": [[114.4038458, 30.5124288], [114.4037046, 30.5131185], [114.4036153, 30.5135607]]}, "properties": {"id": 2330, "name": " ", "road_class": "cycleway", "oneway": "B", "maxspeed": 0}}, {"type": "Feature", "geometry": {"type": "LineString", "coordinates": [[114.4049586, 30.5134355], [114.4044495, 30.5133537]]}, "properties": {"id": 2331, "name": " ", "road_class": "cycleway", "oneway": "B", "maxspeed": 0}}, {"type": "Feature", "geometry": {"type": "LineString", "coordinates": [[114.4074304, 30.5183911], [114.4073145, 30.5173862], [114.4072517, 30.5168421], [114.4072079, 30.5164624], [114.4071046, 30.5155669], [114.4070761, 30.5153205], [114.4070639, 30.5152145], [114.4070533, 30.5151222], [114.4069912, 30.5145838], [114.4068772, 30.5135958], [114.4067876, 30.5128188], [114.406772, 30.5126845], [114.406713, 30.5121729], [114.4066521, 30.5116447]]}, "properties": {"id": 2333, "name": "华中路", "road_class": "unclassified", "oneway": "B", "maxspeed": 0}}, {"type": "Feature", "geometry": {"type": "LineString", "coordinates": [[114.4044705, 30.5132222], [114.4044495, 30.5133537], [114.4042939, 30.5133297]]}, "properties": {"id": 2455, "name": " ", "road_class": "steps", "oneway": "B", "maxspeed": 0}}, {"type": "Feature", "geometry": {"type": "LineString", "coordinates": [[114.4043198, 30.5132018], [114.4042939, 30.5133297], [114.4042291, 30.5136497]]}, "properties": {"id": 2456, "name": " ", "road_class": "cycleway", "oneway": "B", "maxspeed": 0}}, {"type": "Feature", "geometry": {"type": "LineString", "coordinates": [[114.4037046, 30.5131185], [114.4043198, 30.5132018], [114.4044705, 30.5132222], [114.4049405, 30.513285]]}, "properties": {"id": 2457, "name": " ", "road_class": "cycleway", "oneway": "B", "maxspeed": 0}}, {"type": "Feature", "geometry": {"type": "LineString", "coordinates": [[114.4005813, 30.5106052], [114.402981, 30.510952]]}, "properties": {"id": 3307, "name": " ", "road_class": "unclassified", "oneway": "B", "maxspeed": 0}}, {"type": "Feature", "geometry": {"type": "LineString", "coordinates": [[114.4021514, 30.512868], [114.4021931, 30.5128741], [114.4024035, 30.5129064], [114.402604, 30.5129317]]}, "properties": {"id": 3308, "name": " ", "road_class": "unclassified", "oneway": "B", "maxspeed": 0}}, {"type": "Feature", "geometry": {"type": "LineString", "coordinates": [[114.4026598, 30.5126493], [114.4022494, 30.5126014], [114.4022145, 30.5125896]]}, "properties": {"id": 3309, "name": " ", "road_class": "unclassified", "oneway": "B", "maxspeed": 0}}, {"type": "Feature", "geometry": {"type": "LineString", "coordinates": [[114.4024035, 30.5129064], [114.4023782, 30.5129792], [114.4023097, 30.5130237]]}, "properties": {"id": 3310, "name": " ", "road_class": "cycleway", "oneway": "B", "maxspeed": 0}}, {"type": "Feature", "geometry": {"type": "LineString", "coordinates": [[114.4022494, 30.5126014], [114.4021931, 30.5128741]]}, "properties": {"id": 3311, "name": " ", "road_class": "unclassified", "oneway": "B", "maxspeed": 0}}, {"type": "Feature", "geometry": {"type": "LineString", "coordinates": [[114.3957353, 30.5132545], [114.3963412, 30.5133076], [114.3972588, 30.5133928], [114.3984144, 30.5134963], [114.398744, 30.5135328], [114.3989637, 30.5135534], [114.3990254, 30.5135373], [114.3990486, 30.5133182]]}, "properties": {"id": 3312, "name": " ", "road_class": "residential", "oneway": "B", "maxspeed": 0}}, {"type": "Feature", "geometry": {"type": "LineString", "coordinates": [[114.3972204, 30.5137342], [114.3972588, 30.5133928]]}, "properties": {"id": 3313, "name": " ", "road_class": "footway", "oneway": "B", "maxspeed": 0}}, {"type": "Feature", "geometry": {"type": "LineString", "coordinates": [[114.3984135, 30.5136597], [114.3984144, 30.5134963]]}, "properties": {"id": 3314, "name": " ", "road_class": "footway", "oneway": "B", "maxspeed": 0}}, {"type": "Feature", "geometry": {"type": "LineString", "coordinates": [[114.3973307, 30.5126894], [114.3972588, 30.5133928]]}, "properties": {"id": 3322, "name": " ", "road_class": "residential", "oneway": "B", "maxspeed": 0}}, {"type": "Feature", "geometry": {"type": "LineString", "coordinates": [[114.3963412, 30.5133076], [114.3963061, 30.5136474], [114.3963053, 30.5136546], [114.3962683, 30.5140133], [114.3962707, 30.5140847], [114.396279, 30.5143321], [114.3963541, 30.5143898], [114.3972584, 30.5142987], [114.3984082, 30.5141613], [114.3987626, 30.5141219], [114.3987572, 30.5140527], [114.398748, 30.5138172], [114.398744, 30.5135328]]}, "properties": {"id": 3323, "name": " ", "road_class": "residential", "oneway": "B", "maxspeed": 0}}, {"type": "Feature", "geometry": {"type": "LineString", "coordinates": [[114.3974965, 30.5127127], [114.3974752, 30.5129804], [114.3975369, 30.5130451], [114.3987009, 30.5131444]]}, "properties": {"id": 3327, "name": " ", "road_class": "unclassified", "oneway": "B", "maxspeed": 0}}, {"type": "Feature", "geometry": {"type": "LineString", "coordinates": [[114.3987277, 30.5128856], [114.3974965, 30.5127127], [114.3973307, 30.5126894], [114.3965158, 30.5125644], [114.3959068, 30.5124895], [114.3958213, 30.5124863], [114.3957459, 30.5128285]]}, "properties": {"id": 3328, "name": " ", "road_class": "unclassified", "oneway": "B", "maxspeed": 0}}, {"type": "Feature", "geometry": {"type": "LineString", "coordinates": [[114.3963412, 30.5133076], [114.3963755, 30.5130266], [114.3964414, 30.5129727], [114.3965158, 30.5125644]]}, "properties": {"id": 3329, "name": " ", "road_class": "residential", "oneway": "B", "maxspeed": 0}}, {"type": "Feature", "geometry": {"type": "LineString", "coordinates": [[114.3957459, 30.5128285], [114.394835, 30.5127327], [114.3947796, 30.5127932], [114.3947633, 30.5135339], [114.3947153, 30.5135858]]}, "properties": {"id": 3332, "name": " ", "road_class": "residential", "oneway": "B", "maxspeed": 0}}, {"type": "Feature", "geometry": {"type": "LineString", "coordinates": [[114.3957459, 30.5128285], [114.3956621, 30.513241], [114.3956533, 30.5136307], [114.395615, 30.513677], [114.3955467, 30.5137013], [114.3947153, 30.5135858]]}, "properties": {"id": 3333, "name": " ", "road_class": "residential", "oneway": "B", "maxspeed": 0}}, {"type": "Feature", "geometry": {"type": "LineString", "coordinates": [[114.406973, 30.5097892], [114.4072197, 30.5097257], [114.4073274, 30.5096752], [114.4074706, 30.5095749], [114.4075335, 30.50948], [114.4075799, 30.509387], [114.407607, 30.5092841], [114.4076142, 30.5091177]]}, "properties": {"id": 3355, "name": " ", "road_class": "trunk_link", "oneway": "F", "maxspeed": 0}}, {"type": "Feature", "geometry": {"type": "LineString", "coordinates": [[114.4194813, 30.5019764], [114.4195249, 30.5025104]]}, "properties": {"id": 3363, "name": " ", "road_class": "footway", "oneway": "B", "maxspeed": 0}}, {"type": "Feature", "geometry": {"type": "LineString", "coordinates": [[114.4219508, 30.5037455], [114.4219152, 30.5034825], [114.4217505, 30.5019995], [114.4217461, 30.5019602], [114.4217288, 30.5018978]]}, "properties": {"id": 3364, "name": " ", "road_class": "unclassified", "oneway": "B", "maxspeed": 0}}, {"type": "Feature", "geometry": {"type": "LineString", "coordinates": [[114.4219152, 30.5034825], [114.4254152, 30.5031678], [114.4255147, 30.5031603], [114.4256473, 30.5031746], [114.4266544, 30.5030949], [114.4269479, 30.5030717], [114.4275977, 30.5035066]]}, "properties": {"id": 3365, "name": "月桂路", "road_class": "unclassified", "oneway": "B", "maxspeed": 0}}, {"type": "Feature", "geometry": {"type": "LineString", "coordinates": [[114.3966192, 30.5085914], [114.3977307, 30.5087458], [114.3981794, 30.5088045], [114.3983124, 30.5088219], [114.3984457, 30.5088434], [114.4008783, 30.5092362], [114.4011647, 30.5092401], [114.4012325, 30.5092436]]}, "properties": {"id": 3373, "name": " ", "road_class": "cycleway", "oneway": "B", "maxspeed": 0}}, {"type": "Feature", "geometry": {"type": "LineString", "coordinates": [[114.4204861, 30.5170639], [114.4187603, 30.5127338], [114.4186644, 30.5124298], [114.4185915, 30.5121258], [114.4182891, 30.5100943], [114.4182172, 30.5096113], [114.4181529, 30.5091791], [114.4180726, 30.5091055], [114.4179993, 30.509051], [114.4178929, 30.5090522], [114.416997, 30.5091381], [114.4163026, 30.5092106], [114.4156587, 30.5092707], [114.4137527, 30.5094314], [114.4120836, 30.5095721], [114.4113901, 30.5096434], [114.4093884, 30.5098262], [114.4080138, 30.5099716], [114.4079797, 30.5099742], [114.4079292, 30.5099781], [114.4077693, 30.5099903], [114.4076926, 30.5099962], [114.4076259, 30.5100014], [114.4075895, 30.5100043], [114.4067511, 30.5100671], [114.4062666, 30.5101059], [114.4060634, 30.5101101], [114.4050817, 30.5101563], [114.4045933, 30.5101698], [114.4041349, 30.5101365], [114.4031351, 30.5100232], [114.4017084, 30.5098136], [114.3998872, 30.5095468], [114.3982658, 30.5093149], [114.3972102, 30.5091639], [114.3963412, 30.5090396]]}, "properties": {"id": 3374, "name": " ", "road_class": "cycleway", "oneway": "B", "maxspeed": 0}}, {"type": "Feature", "geometry": {"type": "LineString", "coordinates": [[114.3961411, 30.5068487], [114.3961966, 30.506766]]}, "properties": {"id": 3375, "name": " ", "road_class": "residential", "oneway": "B", "maxspeed": 0}}, {"type": "Feature", "geometry": {"type": "LineString", "coordinates": [[114.3962547, 30.5069906], [114.3961411, 30.5068487]]}, "properties": {"id": 3376, "name": " ", "road_class": "residential", "oneway": "B", "maxspeed": 0}}, {"type": "Feature", "geometry": {"type": "LineString", "coordinates": [[114.3970044, 30.5101753], [114.3971264, 30.5095754], [114.3972027, 30.5092149], [114.3972102, 30.5091639], [114.3972236, 30.5090814]]}, "properties": {"id": 3396, "name": " ", "road_class": "residential", "oneway": "B", "maxspeed": 0}}, {"type": "Feature", "geometry": {"type": "LineString", "coordinates": [[114.4077437, 30.5091614], [114.4078659, 30.5093796], [114.4079601, 30.5094707], [114.4080239, 30.5095166], [114.408056, 30.5095381], [114.4081887, 30.5096044], [114.4082743, 30.5096198], [114.4087474, 30.5096446]]}, "properties": {"id": 3403, "name": " ", "road_class": "trunk_link", "oneway": "F", "maxspeed": 0}}, {"type": "Feature", "geometry": {"type": "LineString", "coordinates": [[114.4046604, 30.4817], [114.4046705, 30.4819901], [114.4047775, 30.4828434], [114.4049018, 30.4837962], [114.4050241, 30.4845856], [114.4048348, 30.4847144], [114.4048469, 30.4847946], [114.404945, 30.4854437], [114.4050442, 30.4862481], [114.4051488, 30.4870895], [114.4052534, 30.4879331], [114.4053634, 30.4887929], [114.4054877, 30.4897582], [114.4055109, 30.4899384], [114.4056075, 30.4907367], [114.4057067, 30.4915087], [114.4057404, 30.4917858], [114.4057519, 30.4918577], [114.4058408, 30.4925534], [114.4059427, 30.493367], [114.4059965, 30.4942364], [114.4060398, 30.4945213], [114.4061279, 30.4953709], [114.4062338, 30.49615], [114.4063117, 30.4968107], [114.4063342, 30.4969543]]}, "properties": {"id": 3411, "name": " ", "road_class": "cycleway", "oneway": "B", "maxspeed": 0}}, {"type": "Feature", "geometry": {"type": "LineString", "coordinates": [[114.4074126, 30.5038352], [114.4074962, 30.5045982], [114.4075945, 30.5052672], [114.4076429, 30.5056176], [114.4076078, 30.5059596], [114.4075637, 30.5061059], [114.4077736, 30.5078602], [114.407884, 30.508782], [114.4079397, 30.5092138], [114.4079944, 30.5093162], [114.4080388, 30.5093688], [114.4081143, 30.5094308], [114.4082133, 30.5094751], [114.4083607, 30.5095175], [114.4088335, 30.5094836], [114.4092458, 30.5094434], [114.4111152, 30.5092609], [114.411828, 30.5091913], [114.413283, 30.5090493], [114.413414, 30.5090356], [114.4138558, 30.5089893], [114.41605, 30.5087952], [114.4162434, 30.5087781], [114.4177303, 30.5086465]]}, "properties": {"id": 3412, "name": " ", "road_class": "footway", "oneway": "B", "maxspeed": 0}}, {"type": "Feature", "geometry": {"type": "LineString", "coordinates": [[114.4061822, 30.4992038], [114.4062067, 30.49914], [114.4062182, 30.4990583], [114.4062143, 30.4989775], [114.4060775, 30.498967], [114.4060353, 30.4988967], [114.4059234, 30.497755], [114.405835, 30.4970352], [114.4057952, 30.4967572], [114.4057957, 30.4966415], [114.405826, 30.4965136], [114.4058461, 30.4964307], [114.4056316, 30.4948009], [114.4056601, 30.494558], [114.4055806, 30.4939586], [114.4055109, 30.4932768], [114.4054143, 30.4925234], [114.4053163, 30.4918628], [114.4052346, 30.4911505], [114.4050925, 30.4900156], [114.4050847, 30.4899756], [114.4050093, 30.4893846], [114.4049074, 30.4884693], [114.4048055, 30.487561], [114.4046821, 30.4865925], [114.4046473, 30.4863027], [114.4045587, 30.4856448], [114.4044568, 30.4847688], [114.4043388, 30.4838766], [114.4042288, 30.4828942], [114.4041081, 30.4818587]]}, "properties": {"id": 3413, "name": " ", "road_class": "footway", "oneway": "B", "maxspeed": 0}}, {"type": "Feature", "geometry": {"type": "LineString", "coordinates": [[114.399793, 30.5091149], [114.4008567, 30.5092857], [114.4016227, 30.5094149], [114.4017902, 30.5094417], [114.4020104, 30.509489], [114.4022157, 30.5095427], [114.4022734, 30.509552], [114.4025646, 30.5095922], [114.4036921, 30.5097482], [114.4038529, 30.5097697], [114.4045649, 30.5098945], [114.4046807, 30.509901], [114.4050617, 30.5099141], [114.4053118, 30.5099533], [114.4055195, 30.5099514]]}, "properties": {"id": 5096, "name": "珞喻路", "road_class": "trunk", "oneway": "F", "maxspeed": 0}}, {"type": "Feature", "geometry": {"type": "LineString", "coordinates": [[114.4025218, 30.5097873], [114.4021661, 30.5097417], [114.4019162, 30.5097522], [114.4016703, 30.5097301], [114.3987091, 30.5092981], [114.3986411, 30.5092881], [114.398446, 30.5092557], [114.3982793, 30.5092314], [114.398146, 30.509212], [114.3979502, 30.5091874], [114.397936, 30.5091853], [114.3972236, 30.5090814], [114.3963558, 30.5089634], [114.396113, 30.5089193]]}, "properties": {"id": 5098, "name": "珞喻路", "road_class": "trunk", "oneway": "F", "maxspeed": 0}}, {"type": "Feature", "geometry": {"type": "LineString", "coordinates": [[114.4181842, 30.5086734], [114.4184012, 30.5086532], [114.4184718, 30.5086466], [114.4188727, 30.5086092], [114.4199503, 30.508518], [114.4221539, 30.5083262], [114.4226294, 30.508352], [114.422884, 30.5083138], [114.423418, 30.508277], [114.4243776, 30.5082109], [114.4257522, 30.5080898], [114.4257938, 30.5080861], [114.4259088, 30.508075], [114.4260283, 30.5080635], [114.4261485, 30.5080519]]}, "properties": {"id": 5107, "name": "珞喻东路", "road_class": "trunk", "oneway": "F", "maxspeed": 0}}, {"type": "Feature", "geometry": {"type": "LineString", "coordinates": [[114.4261831, 30.5081747], [114.4259535, 30.5082607], [114.4259349, 30.5082623], [114.4257705, 30.5082765], [114.4234682, 30.5084677], [114.4228997, 30.5085149], [114.4220705, 30.5085837], [114.4217181, 30.5086569], [114.4216584, 30.5086693], [114.4199544, 30.5088126], [114.4188083, 30.5089107], [114.418504, 30.5089368], [114.4184383, 30.5089424]]}, "properties": {"id": 5108, "name": "珞喻东路", "road_class": "trunk", "oneway": "F", "maxspeed": 0}}, {"type": "Feature", "geometry": {"type": "LineString", "coordinates": [[114.4176152, 30.5022487], [114.4176154, 30.5023151], [114.4181498, 30.5066206], [114.4183472, 30.5082322], [114.4184012, 30.5086532], [114.4184212, 30.5088091]]}, "properties": {"id": 5109, "name": "光谷大道", "road_class": "primary", "oneway": "F", "maxspeed": 0}}, {"type": "Feature", "geometry": {"type": "LineString", "coordinates": [[114.4188083, 30.5089107], [114.4186243, 30.5089549], [114.4185277, 30.509008], [114.4184687, 30.5090659], [114.4184627, 30.5091323]]}, "properties": {"id": 5111, "name": " ", "road_class": "trunk_link", "oneway": "F", "maxspeed": 0}}, {"type": "Feature", "geometry": {"type": "LineString", "coordinates": [[114.4182025, 30.5088201], [114.4181842, 30.5086734], [114.4181246, 30.5082577]]}, "properties": {"id": 5112, "name": " ", "road_class": "primary", "oneway": "F", "maxspeed": 0}}, {"type": "Feature", "geometry": {"type": "LineString", "coordinates": [[114.4176152, 30.5022487], [114.4178568, 30.5022238], [114.4186464, 30.5021597], [114.4186542, 30.502159], [114.4187603, 30.50215], [114.4217288, 30.5018978], [114.4228103, 30.5018089], [114.425044, 30.5016253], [114.4252571, 30.5016033], [114.4253664, 30.5016029]]}, "properties": {"id": 5113, "name": "光谷创业街", "road_class": "secondary", "oneway": "F", "maxspeed": 0}}, {"type": "Feature", "geometry": {"type": "LineString", "coordinates": [[114.4183472, 30.5082322], [114.4184181, 30.508412], [114.4184558, 30.5084538], [114.4185093, 30.5085044], [114.4185872, 30.5085552], [114.4186921, 30.5085896], [114.4188727, 30.5086092]]}, "properties": {"id": 5114, "name": " ", "road_class": "trunk_link", "oneway": "F", "maxspeed": 0}}, {"type": "Feature", "geometry": {"type": "LineString", "coordinates": [[114.4170353, 30.4978245], [114.417076, 30.4983353], [114.4176152, 30.5022487]]}, "properties": {"id": 5451, "name": "光谷大道", "road_class": "primary", "oneway": "F", "maxspeed": 0}}, {"type": "Feature", "geometry": {"type": "LineString", "coordinates": [[114.406973, 30.5097892], [114.4074836, 30.5097574], [114.4075592, 30.5097362]]}, "properties": {"id": 5964, "name": "珞喻路", "road_class": "trunk", "oneway": "F", "maxspeed": 0}}, {"type": "Feature", "geometry": {"type": "LineString", "coordinates": [[114.4075299, 30.5084391], [114.4075027, 30.5083533], [114.4074514, 30.507945], [114.4074451, 30.5078905], [114.4072325, 30.506089], [114.4072216, 30.5059884], [114.4069452, 30.5039274]]}, "properties": {"id": 5966, "name": "关山大道", "road_class": "primary", "oneway": "F", "maxspeed": 0}}, {"type": "Feature", "geometry": {"type": "LineString", "coordinates": [[114.4067132, 30.5007789], [114.406829, 30.5017102]]}, "properties": {"id": 5971, "name": "关山大道", "road_class": "primary", "oneway": "F", "maxspeed": 0}}, {"type": "Feature", "geometry": {"type": "LineString", "coordinates": [[114.4005515, 30.5043824], [114.4043117, 30.5023773], [114.4043974, 30.5023141], [114.4044691, 30.5022589], [114.4045116, 30.5022106]]}, "properties": {"id": 5974, "name": " ", "road_class": "tertiary", "oneway": "F", "maxspeed": 0}}, {"type": "Feature", "geometry": {"type": "LineString", "coordinates": [[114.4062463, 30.4981554], [114.4061834, 30.4976277], [114.4060611, 30.4965757], [114.4060296, 30.4962805], [114.4058625, 30.4948411], [114.4058103, 30.4945441], [114.4057736, 30.4941412], [114.4056717, 30.4933508], [114.4055537, 30.4924725], [114.4054794, 30.4918304], [114.4053445, 30.4908223], [114.4052747, 30.4902999], [114.4052365, 30.4899636], [114.4052181, 30.4897822], [114.4052157, 30.4897591], [114.4050762, 30.4885757], [114.4050513, 30.4883847], [114.40491, 30.4873044], [114.4047813, 30.4863013], [114.4046492, 30.4851136], [114.4045505, 30.4844059], [114.4044111, 30.4832825], [114.4042812, 30.4822459], [114.4042373, 30.4817893]]}, "properties": {"id": 5988, "name": "关山大道", "road_class": "primary", "oneway": "F", "maxspeed": 0}}, {"type": "Feature", "geometry": {"type": "LineString", "coordinates": [[114.4153477, 30.4805147], [114.4153573, 30.4805811], [114.4154112, 30.4808553], [114.4154489, 30.4810018], [114.4159486, 30.4852862], [114.4159759, 30.4855407], [114.4160052, 30.4857797], [114.4160202, 30.4861283], [114.4160237, 30.48621], [114.4161072, 30.4881517], [114.4161283, 30.4886433], [114.4161356, 30.4887415], [114.416149, 30.488921], [114.4161501, 30.489173], [114.4162615, 30.4914853], [114.416559, 30.4939653], [114.4165804, 30.494144], [114.4166226, 30.4945378], [114.4167515, 30.4958456], [114.4169722, 30.4972924], [114.4170084, 30.4975904], [114.4170261, 30.4976907], [114.4170336, 30.497733], [114.4170353, 30.4978245]]}, "properties": {"id": 5989, "name": "光谷大道", "road_class": "primary", "oneway": "F", "maxspeed": 0}}, {"type": "Feature", "geometry": {"type": "LineString", "coordinates": [[114.4044249, 30.4821143], [114.4044551, 30.482371], [114.4044822, 30.4827116], [114.404556, 30.4832895], [114.4046204, 30.4838119], [114.4046687, 30.4842695], [114.4046869, 30.4844119], [114.4047143, 30.4846255], [114.4047291, 30.4847242], [114.4047412, 30.4848044], [114.4047626, 30.4849468], [114.4048162, 30.4853975], [114.4048886, 30.4860008], [114.4049423, 30.4864839], [114.4050147, 30.4870178], [114.4050764, 30.4874986], [114.4051202, 30.4878673], [114.4051354, 30.4879955], [114.4052775, 30.4891026], [114.4053285, 30.4896111], [114.4053478, 30.4897707], [114.4053698, 30.4899522], [114.4054063, 30.4901774], [114.4054921, 30.4908246], [114.4055619, 30.4914163], [114.4056019, 30.4918126], [114.4056638, 30.4922992], [114.4057316, 30.492832], [114.4057496, 30.492974], [114.4058354, 30.493568], [114.4059132, 30.4941736], [114.4059655, 30.49453], [114.4060366, 30.4951443], [114.4060956, 30.4957221], [114.406168, 30.4963576], [114.4062301, 30.4969638], [114.4062324, 30.4969863], [114.4062724, 30.4971506], [114.4063717, 30.4980031], [114.4064136, 30.4982238], [114.4064935, 30.4987557], [114.4065303, 30.4992152]]}, "properties": {"id": 6006, "name": "关山大道", "road_class": "primary", "oneway": "F", "maxspeed": 0}}, {"type": "Feature", "geometry": {"type": "LineString", "coordinates": [[114.4167677, 30.4978615], [114.4167623, 30.4978201], [114.4167519, 30.4977413]]}, "properties": {"id": 6054, "name": "光谷大道", "road_class": "primary", "oneway": "F", "maxspeed": 0}}, {"type": "Feature", "geometry": {"type": "LineString", "coordinates": [[114.4166954, 30.4972431], [114.4165884, 30.4964087], [114.4165729, 30.496262], [114.4165119, 30.4956847], [114.4163967, 30.4946671], [114.4163495, 30.4943359], [114.4163021, 30.4939993], [114.4162255, 30.493689], [114.416204, 30.4932498], [114.4161808, 30.4927739], [114.4161, 30.4920984], [114.4160405, 30.4914956], [114.4159615, 30.4901256], [114.4159109, 30.4889382], [114.4159192, 30.4888133], [114.4159203, 30.4887653], [114.4159233, 30.4886409], [114.4158387, 30.4873588], [114.4158141, 30.4869428], [114.4157818, 30.4864173], [114.4157223, 30.4858359], [114.4156701, 30.4855719], [114.4156444, 30.485305], [114.4154025, 30.4831294], [114.4152272, 30.4815481], [114.4151573, 30.4809185], [114.4151345, 30.4807404]]}, "properties": {"id": 6055, "name": "光谷大道", "road_class": "primary", "oneway": "F", "maxspeed": 0}}, {"type": "Feature", "geometry": {"type": "LineString", "coordinates": [[114.4220592, 30.5112537], [114.4221152, 30.5118468]]}, "properties": {"id": 7027, "name": " ", "road_class": "unclassified", "oneway": "B", "maxspeed": 0}}, {"type": "Feature", "geometry": {"type": "LineString", "coordinates": [[114.4244848, 30.5116241], [114.4255557, 30.5115403], [114.4261246, 30.5114959], [114.4260648, 30.5109228], [114.4254908, 30.5109676], [114.424425, 30.511051], [114.4244848, 30.5116241]]}, "properties": {"id": 7030, "name": " ", "road_class": "path", "oneway": "B", "maxspeed": 0}}, {"type": "Feature", "geometry": {"type": "LineString", "coordinates": [[114.4149438, 30.5076199], [114.4149651, 30.5076631], [114.4150022, 30.5076973], [114.4150507, 30.5077186], [114.4151047, 30.5077243], [114.4151249, 30.5077203], [114.4151578, 30.5077138], [114.4152034, 30.5076882], [114.4152362, 30.5076508], [114.4152521, 30.507606], [114.4152492, 30.5075591], [114.4152279, 30.507516], [114.4151908, 30.5074817], [114.4151423, 30.5074604], [114.4150883, 30.5074547], [114.4150353, 30.5074652], [114.4149896, 30.5074908], [114.4149569, 30.5075282], [114.414941, 30.5075731], [114.4149438, 30.5076199]]}, "properties": {"id": 7436, "name": " ", "road_class": "pedestrian", "oneway": "B", "maxspeed": 0}}, {"type": "Feature", "geometry": {"type": "LineString", "coordinates": [[114.4184383, 30.5089424], [114.4182201, 30.5089611], [114.4181407, 30.5089679], [114.4179954, 30.5089803], [114.4178021, 30.5089969], [114.4150798, 30.5092463], [114.4147625, 30.5092123], [114.4143125, 30.5092571], [114.4137618, 30.5093074], [114.4136209, 30.5093242], [114.4125972, 30.5094139], [114.4113787, 30.5095253], [114.4100069, 30.5096507], [114.4080737, 30.5098287], [114.4079969, 30.5098358], [114.4078782, 30.509848], [114.4077243, 30.509864]]}, "properties": {"id": 7766, "name": "珞喻东路", "road_class": "trunk", "oneway": "F", "maxspeed": 0}}, {"type": "Feature", "geometry": {"type": "LineString", "coordinates": [[114.4066061, 30.4997889], [114.4066891, 30.5004647], [114.4067132, 30.5007789]]}, "properties": {"id": 7866, "name": "关山大道", "road_class": "primary", "oneway": "F", "maxspeed": 0}}, {"type": "Feature", "geometry": {"type": "LineString", "coordinates": [[114.4064495, 30.4996357], [114.4064317, 30.4995234]]}, "properties": {"id": 7867, "name": "关山大道", "road_class": "primary", "oneway": "F", "maxspeed": 0}}, {"type": "Feature", "geometry": {"type": "LineString", "coordinates": [[114.4065457, 30.5004768], [114.4064769, 30.499809]]}, "properties": {"id": 7868, "name": "关山大道", "road_class": "primary", "oneway": "F", "maxspeed": 0}}, {"type": "Feature", "geometry": {"type": "LineString", "coordinates": [[114.406829, 30.5017102], [114.4069396, 30.5025814], [114.4069674, 30.5028772]]}, "properties": {"id": 8139, "name": "关山大道", "road_class": "primary", "oneway": "F", "maxspeed": 0}}, {"type": "Feature", "geometry": {"type": "LineString", "coordinates": [[114.406691, 30.5017053], [114.4066153, 30.5011578], [114.4065842, 30.5009095], [114.4065713, 30.5007995], [114.4065602, 30.5007047], [114.4065457, 30.5004768]]}, "properties": {"id": 8140, "name": "关山大道", "road_class": "primary", "oneway": "F", "maxspeed": 0}}, {"type": "Feature", "geometry": {"type": "LineString", "coordinates": [[114.4074284, 30.5036138], [114.4117221, 30.5033601], [114.4123882, 30.5033195], [114.4126715, 30.5032703], [114.4140753, 30.5030267], [114.4172304, 30.5023281], [114.4173907, 30.502282], [114.4176152, 30.5022487]]}, "properties": {"id": 8175, "name": "光谷创业街", "road_class": "secondary", "oneway": "F", "maxspeed": 0}}, {"type": "Feature", "geometry": {"type": "LineString", "coordinates": [[114.4070945, 30.5039149], [114.4071392, 30.5042594], [114.4073458, 30.5058769], [114.4073556, 30.5059405], [114.4073754, 30.5060495], [114.407475, 30.5069528], [114.4074892, 30.5072075]]}, "properties": {"id": 8209, "name": "关山大道", "road_class": "primary", "oneway": "F", "maxspeed": 0}}, {"type": "Feature", "geometry": {"type": "LineString", "coordinates": [[114.3996522, 30.5001712], [114.3998335, 30.502553], [114.3998603, 30.5028327], [114.3998835, 30.5029919], [114.3999048, 30.5030969], [114.3999375, 30.5032565], [114.3999737, 30.5033884], [114.3999909, 30.5034498], [114.4000251, 30.5035718], [114.400066, 30.5036838], [114.4001083, 30.5037905], [114.4001631, 30.5039069], [114.4003797, 30.5043377]]}, "properties": {"id": 8214, "name": "珞雄路", "road_class": "secondary", "oneway": "F", "maxspeed": 0}}, {"type": "Feature", "geometry": {"type": "LineString", "coordinates": [[114.3994642, 30.4978633], [114.3995401, 30.4988853], [114.399552, 30.4991592], [114.3995728, 30.499328]]}, "properties": {"id": 9228, "name": "雄庄路", "road_class": "secondary", "oneway": "F", "maxspeed": 50}}, {"type": "Feature", "geometry": {"type": "LineString", "coordinates": [[114.4113695, 30.499187], [114.4113869, 30.4993164], [114.4115944, 30.5008572], [114.411455, 30.5014118], [114.4110955, 30.5018232], [114.4111814, 30.5024749]]}, "properties": {"id": 9786, "name": " ", "road_class": "residential", "oneway": "B", "maxspeed": 20}}, {"type": "Feature", "geometry": {"type": "LineString", "coordinates": [[114.4122097, 30.4939494], [114.4124321, 30.4939337], [114.4125536, 30.4939178], [114.416063, 30.4935868], [114.4163021, 30.4939993]]}, "properties": {"id": 9944, "name": " ", "road_class": "tertiary", "oneway": "B", "maxspeed": 0}}, {"type": "Feature", "geometry": {"type": "LineString", "coordinates": [[114.4040135, 30.5062455], [114.4043173, 30.5062074], [114.4069959, 30.5060212], [114.4072216, 30.5059884]]}, "properties": {"id": 10155, "name": "常青藤路", "road_class": "tertiary", "oneway": "F", "maxspeed": 0}}, {"type": "Feature", "geometry": {"type": "LineString", "coordinates": [[114.4043173, 30.5062074], [114.4043389, 30.5055995], [114.404335, 30.5047467], [114.4043345, 30.5046335], [114.4042892, 30.5043034]]}, "properties": {"id": 10156, "name": "梳子桥路", "road_class": "tertiary", "oneway": "B", "maxspeed": 0}}, {"type": "Feature", "geometry": {"type": "LineString", "coordinates": [[114.4009993, 30.5052907], [114.4040861, 30.5041156]]}, "properties": {"id": 10157, "name": " ", "road_class": "unclassified", "oneway": "F", "maxspeed": 0}}, {"type": "Feature", "geometry": {"type": "LineString", "coordinates": [[114.3924484, 30.4894263], [114.3926878, 30.4894233], [114.395356, 30.4893893], [114.3964038, 30.4896265], [114.3984028, 30.4902723], [114.3986239, 30.4903469]]}, "properties": {"id": 10895, "name": "腊台山路", "road_class": "unclassified", "oneway": "B", "maxspeed": 0}}, {"type": "Feature", "geometry": {"type": "LineString", "coordinates": [[114.4094252, 30.5119279], [114.4097009, 30.5119009]]}, "properties": {"id": 11146, "name": " ", "road_class": "steps", "oneway": "B", "maxspeed": 0}}, {"type": "Feature", "geometry": {"type": "LineString", "coordinates": [[114.3479858, 30.5125445], [114.3489691, 30.5125958], [114.3496067, 30.5126089], [114.3503347, 30.5126079], [114.3526571, 30.5124927], [114.3537116, 30.5124204], [114.3545034, 30.5123047], [114.3550806, 30.5121988], [114.3556153, 30.5120702], [114.3564048, 30.5118702], [114.3571901, 30.5116036], [114.3579049, 30.511326], [114.3605876, 30.5101678], [114.3630723, 30.5090594], [114.3654166, 30.5080481], [114.3660558, 30.507769], [114.3665395, 30.5075972], [114.3670678, 30.5074533], [114.3675751, 30.5073522], [114.3684313, 30.5072545], [114.370899, 30.5073308], [114.3734524, 30.507413], [114.3742424, 30.5073733], [114.3747073, 30.5072978], [114.3750364, 30.507205], [114.375468, 30.5070204], [114.376324, 30.5064774], [114.3771127, 30.5059483], [114.3787982, 30.5048764], [114.3802044, 30.5039656], [114.3821881, 30.5026941], [114.383946, 30.5015692], [114.3844371, 30.5012867], [114.3850805, 30.5009988], [114.385723, 30.5007838], [114.3862105, 30.5006549], [114.3870757, 30.5005215], [114.3891737, 30.5004068], [114.3917493, 30.500259], [114.3933884, 30.5001665], [114.3944949, 30.5001193], [114.398615, 30.4998869], [114.4008464, 30.4997699], [114.4033094, 30.4996391], [114.4040697, 30.4995931]]}, "properties": {"id": 11225, "name": "雄楚大道高架", "road_class": "trunk", "oneway": "F", "maxspeed": 70}}, {"type": "Feature", "geometry": {"type": "LineString", "coordinates": [[114.4096059, 30.4992735], [114.4071909, 30.4995046], [114.4062739, 30.4995871], [114.4058061, 30.4996176], [114.405137, 30.4996569], [114.4032387, 30.4997615]]}, "properties": {"id": 11264, "name": "雄楚大道高架", "road_class": "trunk", "oneway": "F", "maxspeed": 60}}, {"type": "Feature", "geometry": {"type": "LineString", "coordinates": [[114.4068692, 30.5032714], [114.4067142, 30.5028265], [114.4066844, 30.5026737]]}, "properties": {"id": 11265, "name": " ", "road_class": "trunk_link", "oneway": "F", "maxspeed": 0}}, {"type": "Feature", "geometry": {"type": "LineString", "coordinates": [[114.4040697, 30.4995931], [114.4049381, 30.4994813], [114.4054925, 30.499416], [114.4056148, 30.4993879], [114.4057584, 30.4993485], [114.4058623, 30.4993059], [114.4059682, 30.4992414], [114.4060398, 30.4991707], [114.4060973, 30.4991027], [114.4061396, 30.4990293], [114.40617, 30.4989468], [114.4061911, 30.4988678], [114.4061948, 30.4987949], [114.4061954, 30.498701], [114.4061525, 30.4982899], [114.4060944, 30.4977821]]}, "properties": {"id": 11266, "name": " ", "road_class": "trunk_link", "oneway": "F", "maxspeed": 0}}, {"type": "Feature", "geometry": {"type": "LineString", "coordinates": [[114.3983283, 30.5054852], [114.3976773, 30.5041636]]}, "properties": {"id": 12019, "name": " ", "road_class": "residential", "oneway": "B", "maxspeed": 0}}, {"type": "Feature", "geometry": {"type": "LineString", "coordinates": [[114.3968053, 30.5049836], [114.3962882, 30.5051602], [114.3955687, 30.5055274]]}, "properties": {"id": 12020, "name": " ", "road_class": "residential", "oneway": "B", "maxspeed": 0}}, {"type": "Feature", "geometry": {"type": "LineString", "coordinates": [[114.3987178, 30.5048884], [114.3999243, 30.5043067], [114.3997693, 30.5039443], [114.3990155, 30.5040053], [114.3982972, 30.5040635], [114.3982751, 30.5041636], [114.3983617, 30.5043632], [114.3985602, 30.5048205], [114.3987178, 30.5048884]]}, "properties": {"id": 12021, "name": " ", "road_class": "residential", "oneway": "B", "maxspeed": 0}}, {"type": "Feature", "geometry": {"type": "LineString", "coordinates": [[114.3990155, 30.5040053], [114.3989724, 30.5036248]]}, "properties": {"id": 12022, "name": " ", "road_class": "residential", "oneway": "B", "maxspeed": 0}}, {"type": "Feature", "geometry": {"type": "LineString", "coordinates": [[114.3983913, 30.5037058], [114.3984854, 30.5036629], [114.3989724, 30.5036248], [114.399921, 30.5034618], [114.3999909, 30.5034498]]}, "properties": {"id": 12023, "name": " ", "road_class": "residential", "oneway": "B", "maxspeed": 0}}, {"type": "Feature", "geometry": {"type": "LineString", "coordinates": [[114.394235, 30.5003213], [114.3944264, 30.5027686], [114.3945357, 30.5036827], [114.3946863, 30.5041303], [114.3951319, 30.5050879], [114.3956217, 30.5059403], [114.3961966, 30.506766]]}, "properties": {"id": 12024, "name": " ", "road_class": "tertiary", "oneway": "B", "maxspeed": 0}}, {"type": "Feature", "geometry": {"type": "LineString", "coordinates": [[114.3951319, 30.5050879], [114.3952768, 30.5048768], [114.3957749, 30.5045383], [114.3961887, 30.5042603], [114.3963207, 30.5041638], [114.3973043, 30.5038071], [114.3981317, 30.5035641], [114.3979668, 30.5032109], [114.3978201, 30.5028143], [114.3977758, 30.5022126], [114.3976699, 30.5021625], [114.397658, 30.5019154], [114.3976069, 30.5001169]]}, "properties": {"id": 12025, "name": " ", "road_class": "residential", "oneway": "B", "maxspeed": 0}}, {"type": "Feature", "geometry": {"type": "LineString", "coordinates": [[114.4182435, 30.5091479], [114.4181926, 30.509066], [114.4181396, 30.5090276], [114.4180808, 30.5089992], [114.4179954, 30.5089803]]}, "properties": {"id": 13351, "name": " ", "road_class": "trunk_link", "oneway": "F", "maxspeed": 0}}, {"type": "Feature", "geometry": {"type": "LineString", "coordinates": [[114.4205042, 30.5169426], [114.4197603, 30.5150383], [114.4188825, 30.5127785], [114.4187576, 30.51245], [114.4186895, 30.5121164], [114.4185808, 30.5118479], [114.4183619, 30.5100957], [114.4182567, 30.5092536], [114.4182435, 30.5091479], [114.4182201, 30.5089611], [114.4182025, 30.5088201]]}, "properties": {"id": 13363, "name": "喻家湖路", "road_class": "secondary", "oneway": "F", "maxspeed": 0}}, {"type": "Feature", "geometry": {"type": "LineString", "coordinates": [[114.4174266, 30.5025635], [114.4172974, 30.5015572], [114.4169395, 30.4986838], [114.416904, 30.4984551], [114.4167816, 30.4974463], [114.4167496, 30.4971656], [114.4164916, 30.495099], [114.4163014, 30.4937044], [114.4160809, 30.4915573], [114.4160176, 30.4897538], [114.4159976, 30.4891837], [114.4159832, 30.4886389], [114.4157998, 30.4861287], [114.4157553, 30.4856204], [114.4157338, 30.4852897], [114.4155199, 30.4833719], [114.4152355, 30.4810253], [114.4151632, 30.4805849], [114.415082, 30.479971], [114.4148621, 30.4780925], [114.4146922, 30.4762568], [114.4146406, 30.475072], [114.4146405, 30.4750294], [114.4146377, 30.4724326], [114.4146595, 30.46986], [114.4146725, 30.4683262], [114.4147531, 30.4653986], [114.414761, 30.4650396], [114.4148279, 30.4637592], [114.4157492, 30.443015], [114.4157698, 30.4420108], [114.4158002, 30.4416966], [114.4158106, 30.4415893], [114.4159124, 30.4410703], [114.4160998, 30.440386], [114.416371, 30.4396883], [114.4166737, 30.4391804], [114.4169694, 30.4387445], [114.417672, 30.4378761], [114.4181321, 30.4374026], [114.4186421, 30.4369598], [114.4204667, 30.4357693], [114.427103, 30.431439]]}, "properties": {"id": 13387, "name": " ", "road_class": "trunk", "oneway": "F", "maxspeed": 0}}, {"type": "Feature", "geometry": {"type": "LineString", "coordinates": [[114.4174155, 30.5023641], [114.4173907, 30.502282], [114.417337, 30.5021362], [114.4168331, 30.498359], [114.4167851, 30.497988], [114.4167677, 30.4978615]]}, "properties": {"id": 13389, "name": "光谷大道", "road_class": "primary", "oneway": "F", "maxspeed": 0}}, {"type": "Feature", "geometry": {"type": "LineString", "coordinates": [[114.4171919, 30.4995012], [114.4174412, 30.5015449], [114.4175245, 30.5023724], [114.417601, 30.5030231], [114.418293, 30.5085279], [114.4183871, 30.5089947]]}, "properties": {"id": 13393, "name": " ", "road_class": "trunk", "oneway": "F", "maxspeed": 0}}, {"type": "Feature", "geometry": {"type": "LineString", "coordinates": [[114.4252644, 30.5017453], [114.4249645, 30.501757], [114.4228, 30.5019171], [114.4217505, 30.5019995], [114.418768, 30.5022148], [114.418653, 30.5022228], [114.4177833, 30.5022874], [114.4176154, 30.5023151]]}, "properties": {"id": 13401, "name": "光谷创业街", "road_class": "secondary", "oneway": "F", "maxspeed": 0}}, {"type": "Feature", "geometry": {"type": "LineString", "coordinates": [[114.4165221, 30.4941158], [114.4165578, 30.4945746], [114.4166478, 30.4952782], [114.4167876, 30.4964393], [114.4168808, 30.4971513], [114.4170052, 30.4982105], [114.4171919, 30.4995012]]}, "properties": {"id": 13405, "name": " ", "road_class": "trunk", "oneway": "F", "maxspeed": 0}}, {"type": "Feature", "geometry": {"type": "LineString", "coordinates": [[114.4205955, 30.5170274], [114.4198134, 30.5150339], [114.4189355, 30.512774], [114.4188103, 30.5124444], [114.4187419, 30.5121095], [114.4186425, 30.5118398], [114.4183941, 30.5101463], [114.4182752, 30.5094906]]}, "properties": {"id": 13408, "name": " ", "road_class": "trunk", "oneway": "F", "maxspeed": 0}}, {"type": "Feature", "geometry": {"type": "LineString", "coordinates": [[114.4176154, 30.5023151], [114.4174155, 30.5023641], [114.4140958, 30.5031034], [114.4126816, 30.5033487], [114.4124005, 30.5033976], [114.4117274, 30.5034367], [114.4090724, 30.5035753], [114.4074353, 30.5036804]]}, "properties": {"id": 13415, "name": "光谷创业街", "road_class": "secondary", "oneway": "F", "maxspeed": 0}}, {"type": "Feature", "geometry": {"type": "LineString", "coordinates": [[114.4178413, 30.4971519], [114.4180421, 30.4970302]]}, "properties": {"id": 13501, "name": "雄楚大道高架", "road_class": "trunk", "oneway": "F", "maxspeed": 60}}, {"type": "Feature", "geometry": {"type": "LineString", "coordinates": [[114.4181228, 30.4971475], [114.417379, 30.497583], [114.4167061, 30.4979689], [114.4162561, 30.4982139]]}, "properties": {"id": 13503, "name": "雄楚大道高架", "road_class": "trunk", "oneway": "F", "maxspeed": 60}}, {"type": "Feature", "geometry": {"type": "LineString", "coordinates": [[114.4040697, 30.4995931], [114.4049387, 30.4995496], [114.4055207, 30.4995184], [114.4058086, 30.4995015], [114.4062697, 30.4994693], [114.4071798, 30.4993883], [114.4095951, 30.4991546], [114.4107967, 30.4990467], [114.4115798, 30.4989663]]}, "properties": {"id": 13506, "name": "雄楚大道高架", "road_class": "trunk", "oneway": "F", "maxspeed": 60}}, {"type": "Feature", "geometry": {"type": "LineString", "coordinates": [[114.412333, 30.4985863], [114.4123755, 30.4964629], [114.4123731, 30.49586], [114.4124321, 30.4939337], [114.4122047, 30.4914881], [114.4120333, 30.4893226]]}, "properties": {"id": 14200, "name": " ", "road_class": "tertiary", "oneway": "B", "maxspeed": 0}}, {"type": "Feature", "geometry": {"type": "LineString", "coordinates": [[114.3961207, 30.5232008], [114.3960797, 30.5228705], [114.3959317, 30.5220113], [114.395732, 30.5209381], [114.3953947, 30.5192098], [114.3950576, 30.5173646], [114.3948993, 30.5166065], [114.394615, 30.5152446], [114.3941993, 30.5132537], [114.3940425, 30.5127868], [114.3939813, 30.5124252]]}, "properties": {"id": 14889, "name": "鲁磨路", "road_class": "secondary", "oneway": "F", "maxspeed": 0}}, {"type": "Feature", "geometry": {"type": "LineString", "coordinates": [[114.3940942, 30.5120608], [114.3940997, 30.5122674], [114.3941105, 30.5124971], [114.3943442, 30.5136228], [114.3951117, 30.5173701], [114.3953569, 30.5185764], [114.3954625, 30.519096], [114.3957959, 30.5209356], [114.396139, 30.5228699], [114.3963253, 30.5241194], [114.3964486, 30.524554], [114.3966142, 30.5248493], [114.3968222, 30.5250849], [114.3969027, 30.5251451], [114.3972574, 30.5254101], [114.3981086, 30.5258148], [114.3990484, 30.5262727], [114.3993258, 30.5264419], [114.3994561, 30.5265638]]}, "properties": {"id": 14919, "name": "鲁磨路", "road_class": "secondary", "oneway": "F", "maxspeed": 0}}, {"type": "Feature", "geometry": {"type": "LineString", "coordinates": [[114.3940997, 30.5122674], [114.3942068, 30.5124266], [114.3944326, 30.5136132], [114.3949509, 30.516348], [114.3951654, 30.5173711], [114.395327, 30.5181471], [114.3954071, 30.5185766], [114.3958467, 30.5209343], [114.3958579, 30.5209942], [114.3961724, 30.5228695], [114.3963712, 30.5240852], [114.3964464, 30.5243977], [114.396557, 30.5246531], [114.3968446, 30.5250418], [114.3969371, 30.5251094], [114.3973091, 30.525381], [114.3977648, 30.5255982], [114.3985789, 30.5259908], [114.3990719, 30.5262301], [114.399309, 30.5263452]]}, "properties": {"id": 14920, "name": " ", "road_class": "cycleway", "oneway": "B", "maxspeed": 0}}, {"type": "Feature", "geometry": {"type": "LineString", "coordinates": [[114.3939813, 30.5124252], [114.3939305, 30.5125892], [114.3940419, 30.5132819], [114.3941103, 30.5133369], [114.3942651, 30.5142288], [114.3945251, 30.5152594], [114.3947209, 30.5160355], [114.3948339, 30.516619], [114.3949889, 30.5173632], [114.3953403, 30.5191838], [114.3956763, 30.5209398], [114.3957473, 30.5213106], [114.3960128, 30.5228275], [114.3960191, 30.5228722], [114.3961809, 30.5240242], [114.3962605, 30.524371], [114.3963029, 30.5244937], [114.3963756, 30.5246683], [114.3965437, 30.5249465], [114.3967838, 30.5251937], [114.3968844, 30.5252972], [114.3973401, 30.5255944], [114.3991585, 30.526471]]}, "properties": {"id": 14921, "name": " ", "road_class": "cycleway", "oneway": "B", "maxspeed": 0}}, {"type": "Feature", "geometry": {"type": "LineString", "coordinates": [[114.4075592, 30.5097362], [114.407708, 30.509724], [114.4078608, 30.5097115], [114.4079801, 30.5097017], [114.4080231, 30.5096912]]}, "properties": {"id": 14922, "name": "珞喻东路", "road_class": "trunk", "oneway": "F", "maxspeed": 0}}, {"type": "Feature", "geometry": {"type": "LineString", "coordinates": [[114.409786, 30.5095499], [114.4101379, 30.5095131], [114.4130001, 30.5092141], [114.4133188, 30.5091808], [114.4134312, 30.5091691], [114.4142745, 30.509081], [114.4147315, 30.5090333], [114.4150568, 30.5089993], [114.4162572, 30.5088739], [114.4173694, 30.5087577], [114.4176998, 30.5087231], [114.4181061, 30.5086807]]}, "properties": {"id": 14923, "name": "珞喻东路", "road_class": "trunk", "oneway": "F", "maxspeed": 0}}, {"type": "Feature", "geometry": {"type": "LineString", "coordinates": [[114.4068692, 30.5032714], [114.4068159, 30.5028237], [114.4068036, 30.5026456], [114.406691, 30.5017053]]}, "properties": {"id": 14926, "name": "关山大道", "road_class": "primary", "oneway": "F", "maxspeed": 0}}, {"type": "Feature", "geometry": {"type": "LineString", "coordinates": [[114.4215966, 30.508586], [114.4165106, 30.5090391], [114.415219, 30.509152]]}, "properties": {"id": 15080, "name": " ", "road_class": "trunk", "oneway": "F", "maxspeed": 0}}, {"type": "Feature", "geometry": {"type": "LineString", "coordinates": [[114.415203, 30.5090469], [114.4182725, 30.5087795], [114.4215821, 30.5084802]]}, "properties": {"id": 15081, "name": " ", "road_class": "trunk", "oneway": "F", "maxspeed": 0}}, {"type": "Feature", "geometry": {"type": "LineString", "coordinates": [[114.4215821, 30.5084802], [114.4221726, 30.5084292], [114.4226294, 30.508352]]}, "properties": {"id": 15082, "name": " ", "road_class": "trunk", "oneway": "F", "maxspeed": 0}}, {"type": "Feature", "geometry": {"type": "LineString", "coordinates": [[114.4220705, 30.5085837], [114.4218604, 30.5085771], [114.4215966, 30.508586]]}, "properties": {"id": 15083, "name": " ", "road_class": "trunk", "oneway": "F", "maxspeed": 0}}, {"type": "Feature", "geometry": {"type": "LineString", "coordinates": [[114.415219, 30.509152], [114.4150733, 30.5091659], [114.4147625, 30.5092123]]}, "properties": {"id": 15084, "name": " ", "road_class": "trunk", "oneway": "F", "maxspeed": 0}}, {"type": "Feature", "geometry": {"type": "LineString", "coordinates": [[114.4147315, 30.5090333], [114.4150634, 30.5090554], [114.415203, 30.5090469]]}, "properties": {"id": 15085, "name": " ", "road_class": "trunk", "oneway": "F", "maxspeed": 0}}, {"type": "Feature", "geometry": {"type": "LineString", "coordinates": [[114.4181246, 30.5082577], [114.4178239, 30.5059514], [114.4177708, 30.5055869], [114.4176786, 30.5047669], [114.4173795, 30.5025895], [114.4174155, 30.5023641]]}, "properties": {"id": 15086, "name": " ", "road_class": "primary", "oneway": "F", "maxspeed": 0}}, {"type": "Feature", "geometry": {"type": "LineString", "coordinates": [[114.4181061, 30.5086807], [114.4181842, 30.5086734]]}, "properties": {"id": 15087, "name": "珞喻东路", "road_class": "trunk", "oneway": "F", "maxspeed": 0}}, {"type": "Feature", "geometry": {"type": "LineString", "coordinates": [[114.4176998, 30.5087231], [114.4178846, 30.5086608], [114.4179633, 30.5085997], [114.4180222, 30.5085348], [114.4180999, 30.5084265], [114.4181246, 30.5082577]]}, "properties": {"id": 15088, "name": " ", "road_class": "trunk_link", "oneway": "F", "maxspeed": 0}}, {"type": "Feature", "geometry": {"type": "LineString", "coordinates": [[114.4182151, 30.5090019], [114.4180979, 30.5084796], [114.4180709, 30.5083713], [114.4180442, 30.5082968], [114.4180121, 30.5082435], [114.4179811, 30.5081954], [114.417943, 30.5081507], [114.4178906, 30.5081044], [114.4178143, 30.5080612], [114.417733, 30.5080349], [114.4176352, 30.5080243], [114.4175368, 30.5080346], [114.4174605, 30.5080586], [114.4173899, 30.5080944], [114.4173349, 30.5081391], [114.417281, 30.5082002], [114.4172466, 30.5082654], [114.4172273, 30.5083427], [114.4172317, 30.5084412], [114.4172695, 30.5085347]]}, "properties": {"id": 15089, "name": " ", "road_class": "trunk_link", "oneway": "F", "maxspeed": 0}}, {"type": "Feature", "geometry": {"type": "LineString", "coordinates": [[114.4172695, 30.5085347], [114.4173255, 30.5086132], [114.4173858, 30.5086613], [114.4174581, 30.5086997], [114.4175604, 30.5087311], [114.4176824, 30.5087459], [114.4178057, 30.5087468], [114.4182725, 30.5087795]]}, "properties": {"id": 15090, "name": " ", "road_class": "trunk_link", "oneway": "F", "maxspeed": 0}}, {"type": "Feature", "geometry": {"type": "LineString", "coordinates": [[114.4032387, 30.4997615], [114.4002852, 30.4999187], [114.399208, 30.4999739], [114.3986125, 30.5000032], [114.3933969, 30.5002804], [114.3920029, 30.5003326], [114.3892225, 30.5004794], [114.3870989, 30.5006057], [114.3866139, 30.5006681], [114.3861777, 30.5007445], [114.3856445, 30.5008886], [114.3852342, 30.5010348], [114.3845435, 30.5013512], [114.3840085, 30.5016442], [114.3822579, 30.5027901], [114.3802844, 30.5040723], [114.3788531, 30.5049663], [114.3764693, 30.506522], [114.3753607, 30.507203], [114.3751189, 30.5072949], [114.3749112, 30.5073597], [114.3747084, 30.5074147], [114.3743803, 30.5074552], [114.3734522, 30.5074972], [114.3710094, 30.5074426], [114.3704708, 30.5074138], [114.368435, 30.5073216], [114.3675945, 30.507427], [114.3670759, 30.5075313], [114.366529, 30.5076847], [114.3660857, 30.5078503], [114.3654625, 30.5081154], [114.3631038, 30.5091128], [114.3613317, 30.5099208], [114.3605708, 30.5102525], [114.3581059, 30.5113045], [114.3576486, 30.5114985], [114.356504, 30.511914], [114.3557954, 30.512117], [114.355208, 30.5122678], [114.3545785, 30.5123829], [114.3536953, 30.5125065], [114.3526999, 30.5125921], [114.3503264, 30.5126901], [114.3494378, 30.5127071], [114.3489396, 30.5126964], [114.3479727, 30.512645]]}, "properties": {"id": 15124, "name": "雄楚大道高架", "road_class": "trunk", "oneway": "F", "maxspeed": 70}}, {"type": "Feature", "geometry": {"type": "LineString", "coordinates": [[114.4191517, 30.508439], [114.41918, 30.5083897], [114.419196, 30.5083149], [114.4191979, 30.508267], [114.4191944, 30.5082224], [114.4191822, 30.5081708], [114.4191603, 30.5081247], [114.4191244, 30.5080695], [114.4190784, 30.5080205], [114.4190338, 30.507987], [114.418998, 30.5079663], [114.4189309, 30.5079408], [114.4188504, 30.5079246], [114.4187507, 30.5079194], [114.4186772, 30.5079291], [114.4186019, 30.5079558], [114.4185261, 30.5079973], [114.4184628, 30.5080529], [114.4184248, 30.5081043], [114.4183968, 30.50816], [114.4183749, 30.5082304], [114.4183651, 30.5083246], [114.4183598, 30.508407], [114.4183706, 30.5085259], [114.4183871, 30.5089947]]}, "properties": {"id": 15483, "name": " ", "road_class": "trunk_link", "oneway": "F", "maxspeed": 0}}, {"type": "Feature", "geometry": {"type": "LineString", "coordinates": [[114.4182725, 30.5087795], [114.4186496, 30.508673], [114.4187662, 30.5086564], [114.4188898, 30.5086238], [114.4189665, 30.5085875], [114.4190401, 30.5085475], [114.4191019, 30.5084987], [114.4191517, 30.508439]]}, "properties": {"id": 15484, "name": " ", "road_class": "trunk_link", "oneway": "F", "maxspeed": 0}}, {"type": "Feature", "geometry": {"type": "LineString", "coordinates": [[114.4167519, 30.4977413], [114.4166954, 30.4972431]]}, "properties": {"id": 15485, "name": "光谷大道", "road_class": "primary", "oneway": "F", "maxspeed": 0}}, {"type": "Feature", "geometry": {"type": "LineString", "coordinates": [[114.4128258, 30.4989651], [114.4123791, 30.4990055], [114.4099812, 30.4992347], [114.4096059, 30.4992735]]}, "properties": {"id": 15486, "name": "雄楚大道高架", "road_class": "trunk", "oneway": "F", "maxspeed": 60}}, {"type": "Feature", "geometry": {"type": "LineString", "coordinates": [[114.4206248, 30.4958923], [114.4216812, 30.4954888], [114.4222139, 30.4952735], [114.4226655, 30.495095], [114.4231674, 30.4948971], [114.4249056, 30.4942208], [114.4259088, 30.4938536]]}, "properties": {"id": 15487, "name": "雄楚大道高架", "road_class": "trunk", "oneway": "F", "maxspeed": 60}}, {"type": "Feature", "geometry": {"type": "LineString", "coordinates": [[114.417334, 30.4973299], [114.4174433, 30.4975023], [114.4174752, 30.4976409], [114.4174749, 30.4977693], [114.4174642, 30.4978823], [114.4174253, 30.4980155], [114.4173624, 30.4982236], [114.4172794, 30.498417], [114.4172348, 30.4985497], [114.4172079, 30.4986742]]}, "properties": {"id": 15488, "name": " ", "road_class": "trunk_link", "oneway": "F", "maxspeed": 0}}, {"type": "Feature", "geometry": {"type": "LineString", "coordinates": [[114.4180637, 30.5076632], [114.41789, 30.5070763], [114.417847, 30.5067828], [114.4176475, 30.5052368]]}, "properties": {"id": 17185, "name": " ", "road_class": "trunk_link", "oneway": "F", "maxspeed": 0}}, {"type": "Feature", "geometry": {"type": "LineString", "coordinates": [[114.4176475, 30.5052368], [114.4175954, 30.5048263], [114.4176786, 30.5047669]]}, "properties": {"id": 17186, "name": " ", "road_class": "trunk_link", "oneway": "F", "maxspeed": 0}}, {"type": "Feature", "geometry": {"type": "LineString", "coordinates": [[114.4146123, 30.4988172], [114.4140309, 30.4990012]]}, "properties": {"id": 17187, "name": " ", "road_class": "trunk_link", "oneway": "F", "maxspeed": 0}}, {"type": "Feature", "geometry": {"type": "LineString", "coordinates": [[114.4115798, 30.4989663], [114.4131786, 30.4988113], [114.4137059, 30.4987639], [114.4141058, 30.4987168], [114.4143445, 30.4986771], [114.4146006, 30.4986268], [114.4148858, 30.4985623], [114.4150347, 30.49852], [114.415361, 30.4984228], [114.4155006, 30.4983768], [114.4158658, 30.4982324], [114.4161665, 30.4980934], [114.4165685, 30.4978883], [114.4178413, 30.4971519]]}, "properties": {"id": 17188, "name": "雄楚大道高架", "road_class": "trunk", "oneway": "F", "maxspeed": 60}}, {"type": "Feature", "geometry": {"type": "LineString", "coordinates": [[114.4170353, 30.4978245], [114.4167851, 30.497988], [114.4165787, 30.4981235], [114.4162532, 30.4982997], [114.4157, 30.498573], [114.4154721, 30.4986439], [114.4152216, 30.4987017], [114.4146123, 30.4988172], [114.4140171, 30.4989176], [114.4123851, 30.4990958], [114.4113695, 30.499187], [114.4097059, 30.4993099], [114.4094235, 30.4993288], [114.4092259, 30.499342], [114.4082335, 30.4994368], [114.4069757, 30.4995904], [114.4069035, 30.4996054]]}, "properties": {"id": 17189, "name": "高新大道", "road_class": "primary", "oneway": "F", "maxspeed": 0}}, {"type": "Feature", "geometry": {"type": "LineString", "coordinates": [[114.4140309, 30.4990012], [114.4120028, 30.4992081], [114.4115348, 30.4992544], [114.4112328, 30.499277], [114.4107345, 30.4992891], [114.4099927, 30.4993159], [114.4096059, 30.4992735]]}, "properties": {"id": 17190, "name": " ", "road_class": "trunk_link", "oneway": "F", "maxspeed": 0}}, {"type": "Feature", "geometry": {"type": "LineString", "coordinates": [[114.4069079, 30.499326], [114.4073794, 30.4993073], [114.4094686, 30.4991131], [114.4115765, 30.4989356], [114.4131748, 30.4987827], [114.4140997, 30.4986884], [114.4143388, 30.4986479], [114.4145984, 30.4985951], [114.4148817, 30.4985295], [114.4150324, 30.4984906], [114.4153712, 30.4983827], [114.415487, 30.4983442], [114.4158218, 30.4982118], [114.4167519, 30.4977413], [114.4170084, 30.4975904]]}, "properties": {"id": 17191, "name": "高新大道", "road_class": "primary", "oneway": "F", "maxspeed": 0}}, {"type": "Feature", "geometry": {"type": "LineString", "coordinates": [[114.4150598, 30.4984672], [114.4149381, 30.4984366], [114.4148376, 30.4983935], [114.4147385, 30.4983372], [114.414645, 30.498255], [114.4145706, 30.4981723], [114.4145116, 30.4980773], [114.414481, 30.4979703], [114.4144608, 30.4978566], [114.4144634, 30.4977532], [114.4144874, 30.4976489], [114.4145278, 30.4975515], [114.4145914, 30.4974533], [114.4146681, 30.4973685], [114.4147611, 30.4972969], [114.4148629, 30.4972368], [114.4149785, 30.4971769]]}, "properties": {"id": 17192, "name": " ", "road_class": "trunk_link", "oneway": "F", "maxspeed": 0}}, {"type": "Feature", "geometry": {"type": "LineString", "coordinates": [[114.4059955, 30.4969177], [114.4059705, 30.4967351], [114.4059565, 30.4965834], [114.4059695, 30.4964448], [114.4060296, 30.4962805]]}, "properties": {"id": 17193, "name": " ", "road_class": "trunk_link", "oneway": "F", "maxspeed": 0}}, {"type": "Feature", "geometry": {"type": "LineString", "coordinates": [[114.4065292, 30.501378], [114.4064444, 30.5007323], [114.4064227, 30.5005786], [114.4063888, 30.5004109], [114.4063301, 30.5002535], [114.4062931, 30.5001855], [114.4061799, 30.5000351], [114.4060644, 30.4999316], [114.4059491, 30.4998601], [114.405818, 30.4997984], [114.4056602, 30.4997513], [114.4055257, 30.4997345], [114.4053231, 30.4997261], [114.4051384, 30.4997224], [114.4032387, 30.4997615]]}, "properties": {"id": 17194, "name": " ", "road_class": "trunk_link", "oneway": "F", "maxspeed": 0}}, {"type": "Feature", "geometry": {"type": "LineString", "coordinates": [[114.3999509, 30.499993], [114.3996342, 30.5000086], [114.3995495, 30.5000124], [114.3976069, 30.5001169], [114.3957312, 30.5002155], [114.3954742, 30.5002617], [114.394235, 30.5003213], [114.3930974, 30.5003754], [114.3927056, 30.5003513], [114.3926677, 30.5003532], [114.3919788, 30.5003892], [114.3900507, 30.5004747], [114.3880546, 30.500585], [114.387335, 30.5006288], [114.3870728, 30.5006481], [114.3866784, 30.5006936], [114.3861743, 30.5008004], [114.3855823, 30.5009761], [114.3851891, 30.501116], [114.384908, 30.5012346], [114.3848293, 30.5012678], [114.3844843, 30.5014526], [114.3841954, 30.5016154], [114.3839242, 30.5017802], [114.3835059, 30.5020595], [114.3833789, 30.5021405], [114.3822911, 30.502816], [114.3818568, 30.5031158], [114.3811921, 30.5035467], [114.3800171, 30.5043208], [114.37976, 30.5044888], [114.3796747, 30.5045445], [114.3768055, 30.5064193], [114.3766156, 30.5065434], [114.3759244, 30.50699], [114.3754714, 30.5072475], [114.3753011, 30.5073248], [114.3750885, 30.5073885], [114.3748608, 30.5074442]]}, "properties": {"id": 18699, "name": "雄楚大道", "road_class": "primary", "oneway": "F", "maxspeed": 0}}, {"type": "Feature", "geometry": {"type": "LineString", "coordinates": [[114.3919831, 30.4973953], [114.3937902, 30.4974771], [114.3976808, 30.4976384], [114.3985679, 30.4976752], [114.399411, 30.4977042]]}, "properties": {"id": 18700, "name": "民光路", "road_class": "tertiary", "oneway": "B", "maxspeed": 0}}, {"type": "Feature", "geometry": {"type": "LineString", "coordinates": [[114.3747624, 30.5071833], [114.3749406, 30.5071284], [114.3754243, 30.5069346], [114.3758845, 30.5066887], [114.3764559, 30.5063505], [114.376765, 30.5061509], [114.3769413, 30.5060285], [114.3787898, 30.5048162], [114.3800227, 30.5040077], [114.3821744, 30.5026557], [114.3839863, 30.5015033], [114.3841136, 30.5014227], [114.3846625, 30.5011262], [114.3848019, 30.5010669], [114.3852385, 30.5008814], [114.3858067, 30.5006998], [114.3865812, 30.5005414], [114.3870405, 30.5004796], [114.3879183, 30.5004242], [114.3883368, 30.5004094], [114.3903511, 30.5002938], [114.391293, 30.5002432], [114.3916412, 30.5002244], [114.3926448, 30.5001816], [114.3926801, 30.5001801], [114.393089, 30.5001218], [114.3978478, 30.4998809], [114.3994453, 30.4997708], [114.3995116, 30.4997673], [114.3996069, 30.4997623], [114.39994, 30.499746]]}, "properties": {"id": 18701, "name": "雄楚大道", "road_class": "primary", "oneway": "F", "maxspeed": 0}}, {"type": "Feature", "geometry": {"type": "LineString", "coordinates": [[114.398817, 30.4927635], [114.3989812, 30.4941573], [114.3992065, 30.4953047], [114.3992768, 30.4957897], [114.399411, 30.4977042]]}, "properties": {"id": 18702, "name": "雄庄路", "road_class": "secondary", "oneway": "B", "maxspeed": 50}}, {"type": "Feature", "geometry": {"type": "LineString", "coordinates": [[114.4040554, 30.4996581], [114.4033738, 30.4997197], [114.402293, 30.4997774], [114.4015411, 30.4998251], [114.3999206, 30.4999054], [114.3996244, 30.4999203], [114.3995359, 30.4999247], [114.3945981, 30.5001727], [114.392672, 30.500262]]}, "properties": {"id": 18703, "name": "雄楚大道BRT专用道", "road_class": "busway", "oneway": "F", "maxspeed": 0}}, {"type": "Feature", "geometry": {"type": "LineString", "coordinates": [[114.3978478, 30.4998809], [114.3976808, 30.4976384]]}, "properties": {"id": 18704, "name": " ", "road_class": "secondary", "oneway": "B", "maxspeed": 0}}, {"type": "Feature", "geometry": {"type": "LineString", "coordinates": [[114.3981295, 30.5077486], [114.3982224, 30.5077796], [114.3985777, 30.5080211]]}, "properties": {"id": 18914, "name": "紅橋", "road_class": "footway", "oneway": "B", "maxspeed": 0}}, {"type": "Feature", "geometry": {"type": "LineString", "coordinates": [[114.3983875, 30.507842], [114.3989183, 30.5079243], [114.3993592, 30.5079926], [114.4004548, 30.5081625], [114.4010888, 30.5082608], [114.4011151, 30.5082648], [114.4012049, 30.5082786], [114.4013189, 30.5082936]]}, "properties": {"id": 18915, "name": " ", "road_class": "residential", "oneway": "B", "maxspeed": 0}}, {"type": "Feature", "geometry": {"type": "LineString", "coordinates": [[114.3989183, 30.5079243], [114.3989387, 30.5079794], [114.3989586, 30.5080045], [114.3989848, 30.5080247]]}, "properties": {"id": 18916, "name": " ", "road_class": "service", "oneway": "F", "maxspeed": 0}}, {"type": "Feature", "geometry": {"type": "LineString", "coordinates": [[114.3992479, 30.5080661], [114.3999764, 30.5082315]]}, "properties": {"id": 18917, "name": " ", "road_class": "service", "oneway": "F", "maxspeed": 0}}, {"type": "Feature", "geometry": {"type": "LineString", "coordinates": [[114.3999764, 30.5082315], [114.4002366, 30.5082662]]}, "properties": {"id": 18918, "name": " ", "road_class": "service", "oneway": "F", "maxspeed": 0}}, {"type": "Feature", "geometry": {"type": "LineString", "coordinates": [[114.4002366, 30.5082662], [114.4003009, 30.5082697], [114.4003772, 30.5082566], [114.4004548, 30.5081625]]}, "properties": {"id": 18919, "name": " ", "road_class": "service", "oneway": "F", "maxspeed": 0}}, {"type": "Feature", "geometry": {"type": "LineString", "coordinates": [[114.4149688, 30.4915438], [114.4150588, 30.4922618], [114.4151422, 30.4929269], [114.4152181, 30.4935313]]}, "properties": {"id": 19194, "name": " ", "road_class": "service", "oneway": "F", "maxspeed": 0}}, {"type": "Feature", "geometry": {"type": "LineString", "coordinates": [[114.4148972, 30.4935511], [114.4148665, 30.4929035], [114.4148373, 30.4922854], [114.4148084, 30.4916768], [114.4148019, 30.4915386]]}, "properties": {"id": 19195, "name": " ", "road_class": "service", "oneway": "F", "maxspeed": 0}}, {"type": "Feature", "geometry": {"type": "LineString", "coordinates": [[114.4159597, 30.4934553], [114.4152181, 30.4935313], [114.4148972, 30.4935511], [114.4141071, 30.4936073], [114.4140649, 30.4929], [114.4148665, 30.4929035], [114.4151422, 30.4929269], [114.4158906, 30.4928538], [114.4159597, 30.4934553]]}, "properties": {"id": 19196, "name": " ", "road_class": "service", "oneway": "B", "maxspeed": 0}}, {"type": "Feature", "geometry": {"type": "LineString", "coordinates": [[114.4140649, 30.4929], [114.4140266, 30.4922919], [114.4148373, 30.4922854], [114.4150588, 30.4922618], [114.4158024, 30.4921696], [114.4158906, 30.4928538]]}, "properties": {"id": 19197, "name": " ", "road_class": "service", "oneway": "B", "maxspeed": 0}}, {"type": "Feature", "geometry": {"type": "LineString", "coordinates": [[114.4140266, 30.4922919], [114.4139882, 30.4917102], [114.4148084, 30.4916768]]}, "properties": {"id": 19198, "name": " ", "road_class": "service", "oneway": "F", "maxspeed": 0}}, {"type": "Feature", "geometry": {"type": "LineString", "coordinates": [[114.4016338, 30.497506], [114.4017151, 30.4988508], [114.4016779, 30.4990246], [114.4016709, 30.4993102], [114.4016625, 30.4996574]]}, "properties": {"id": 19251, "name": " ", "road_class": "tertiary", "oneway": "B", "maxspeed": 0}}, {"type": "Feature", "geometry": {"type": "LineString", "coordinates": [[114.4072325, 30.506089], [114.4069943, 30.5060919], [114.4061943, 30.5061501], [114.4043172, 30.5063214], [114.4040225, 30.5063568]]}, "properties": {"id": 19272, "name": "常青藤路", "road_class": "tertiary", "oneway": "F", "maxspeed": 0}}, {"type": "Feature", "geometry": {"type": "LineString", "coordinates": [[114.401102, 30.5080451], [114.401216, 30.507461], [114.4012379, 30.5073449], [114.4012486, 30.5072606], [114.4012647, 30.5071432], [114.4012744, 30.5069924], [114.4012958, 30.5066985]]}, "properties": {"id": 19273, "name": " ", "road_class": "secondary", "oneway": "F", "maxspeed": 0}}, {"type": "Feature", "geometry": {"type": "LineString", "coordinates": [[114.3986239, 30.4903469], [114.3981474, 30.4863732]]}, "properties": {"id": 19283, "name": "雄庄路", "road_class": "secondary", "oneway": "B", "maxspeed": 0}}, {"type": "Feature", "geometry": {"type": "LineString", "coordinates": [[114.4017042, 30.5096389], [114.3990626, 30.5092506]]}, "properties": {"id": 19301, "name": "光谷珞喻路通道", "road_class": "trunk", "oneway": "F", "maxspeed": 0}}, {"type": "Feature", "geometry": {"type": "LineString", "coordinates": [[114.401719, 30.5095392], [114.4019504, 30.5095665], [114.4022157, 30.5095427]]}, "properties": {"id": 19302, "name": "光谷珞喻路通道", "road_class": "trunk", "oneway": "F", "maxspeed": 0}}, {"type": "Feature", "geometry": {"type": "LineString", "coordinates": [[114.4021661, 30.5097417], [114.4018855, 30.509671], [114.4017042, 30.5096389]]}, "properties": {"id": 19303, "name": "光谷珞喻路通道", "road_class": "trunk", "oneway": "F", "maxspeed": 0}}, {"type": "Feature", "geometry": {"type": "LineString", "coordinates": [[114.3963558, 30.5089634], [114.3963412, 30.5090396], [114.3963058, 30.5092242], [114.3962496, 30.5094805], [114.3961905, 30.5097383]]}, "properties": {"id": 19404, "name": " ", "road_class": "residential", "oneway": "B", "maxspeed": 0}}, {"type": "Feature", "geometry": {"type": "LineString", "coordinates": [[114.3956245, 30.509125], [114.3963058, 30.5092242], [114.3969793, 30.5093222]]}, "properties": {"id": 19405, "name": " ", "road_class": "residential", "oneway": "B", "maxspeed": 0}}, {"type": "Feature", "geometry": {"type": "LineString", "coordinates": [[114.3955767, 30.5093748], [114.3962496, 30.5094805], [114.3969142, 30.5095849]]}, "properties": {"id": 19406, "name": " ", "road_class": "residential", "oneway": "B", "maxspeed": 0}}, {"type": "Feature", "geometry": {"type": "LineString", "coordinates": [[114.3961905, 30.5097383], [114.3967875, 30.5098322]]}, "properties": {"id": 19407, "name": " ", "road_class": "residential", "oneway": "B", "maxspeed": 0}}, {"type": "Feature", "geometry": {"type": "LineString", "coordinates": [[114.3961905, 30.5097383], [114.3955108, 30.5096381]]}, "properties": {"id": 19408, "name": " ", "road_class": "residential", "oneway": "B", "maxspeed": 0}}, {"type": "Feature", "geometry": {"type": "LineString", "coordinates": [[114.3970044, 30.5101753], [114.3979194, 30.5103522], [114.3978577, 30.510678], [114.397678, 30.511496], [114.3967232, 30.5113527], [114.3968519, 30.5107057], [114.3970044, 30.5101753]]}, "properties": {"id": 19409, "name": " ", "road_class": "service", "oneway": "B", "maxspeed": 0}}, {"type": "Feature", "geometry": {"type": "LineString", "coordinates": [[114.4014157, 30.506707], [114.4014014, 30.5069601], [114.4013914, 30.5071456], [114.4013811, 30.5072229], [114.4013645, 30.5073201], [114.4013456, 30.5074155], [114.4012192, 30.5080575]]}, "properties": {"id": 19641, "name": "珞雄路", "road_class": "secondary", "oneway": "F", "maxspeed": 0}}, {"type": "Feature", "geometry": {"type": "LineString", "coordinates": [[114.4038581, 30.5095749], [114.403855, 30.5095418], [114.4042135, 30.5072333], [114.4043172, 30.5063214], [114.4043121, 30.5062675], [114.4043173, 30.5062074]]}, "properties": {"id": 19642, "name": "常青藤路", "road_class": "tertiary", "oneway": "B", "maxspeed": 0}}, {"type": "Feature", "geometry": {"type": "LineString", "coordinates": [[114.403855, 30.5095418], [114.4040157, 30.509647], [114.404013, 30.5096758], [114.404011, 30.5097112], [114.4040746, 30.5097217], [114.4046766, 30.5097888], [114.405476, 30.5097912], [114.4058555, 30.5098015], [114.4066281, 30.5097424], [114.4070746, 30.5097083], [114.4071718, 30.5096696], [114.4071792, 30.5096667], [114.4072892, 30.5095904], [114.407367, 30.5095003], [114.4074689, 30.5093558], [114.4074984, 30.5092218], [114.4074971, 30.5091409], [114.407469, 30.5088416]]}, "properties": {"id": 19643, "name": " ", "road_class": "cycleway", "oneway": "B", "maxspeed": 0}}, {"type": "Feature", "geometry": {"type": "LineString", "coordinates": [[114.4164588, 30.496015], [114.4164666, 30.495874], [114.4164617, 30.4957221], [114.4164386, 30.4953806], [114.4164143, 30.4950989], [114.4163014, 30.4937044]]}, "properties": {"id": 19958, "name": " ", "road_class": "trunk_link", "oneway": "F", "maxspeed": 0}}, {"type": "Feature", "geometry": {"type": "LineString", "coordinates": [[114.4170084, 30.4975904], [114.4179829, 30.4969622], [114.4189015, 30.4965384], [114.4193242, 30.4963623], [114.4199277, 30.496128], [114.4207343, 30.495815], [114.4226484, 30.4950617]]}, "properties": {"id": 19943, "name": "高新大道", "road_class": "primary", "oneway": "F", "maxspeed": 0}}, {"type": "Feature", "geometry": {"type": "LineString", "coordinates": [[114.4227287, 30.4952337], [114.4224048, 30.4953598], [114.4209369, 30.4959312], [114.4200235, 30.4963087], [114.419431, 30.4965535], [114.4190312, 30.4967274], [114.4188038, 30.4968302], [114.4185384, 30.4969715], [114.4182914, 30.4971396], [114.4177618, 30.4974588], [114.4171006, 30.4978402], [114.4170353, 30.4978245]]}, "properties": {"id": 19946, "name": "高新大道", "road_class": "primary", "oneway": "F", "maxspeed": 0}}, {"type": "Feature", "geometry": {"type": "LineString", "coordinates": [[114.4143995, 30.4978032], [114.4145569, 30.497609], [114.4147184, 30.4974812], [114.4148169, 30.497417], [114.4150009, 30.4973109], [114.4153354, 30.4971598], [114.4157114, 30.4970127]]}, "properties": {"id": 19947, "name": " ", "road_class": "trunk_link", "oneway": "F", "maxspeed": 0}}, {"type": "Feature", "geometry": {"type": "LineString", "coordinates": [[114.4208594, 30.4959247], [114.4199104, 30.4963747], [114.4189879, 30.4968696]]}, "properties": {"id": 19948, "name": " ", "road_class": "trunk_link", "oneway": "F", "maxspeed": 0}}, {"type": "Feature", "geometry": {"type": "LineString", "coordinates": [[114.416904, 30.4984551], [114.416702, 30.4974475], [114.4166515, 30.4972756], [114.4165802, 30.4971667], [114.4164862, 30.4970929], [114.4163881, 30.4970602], [114.4162454, 30.4970481], [114.4160834, 30.4970762], [114.4152895, 30.4973628], [114.4151683, 30.4974346], [114.4151027, 30.4974954], [114.4150376, 30.4975884], [114.415002, 30.4976785], [114.4149954, 30.4977455], [114.4149933, 30.4977866], [114.4149964, 30.4978517], [114.4150103, 30.4979099], [114.4150457, 30.4979783], [114.415089, 30.4980448], [114.4151416, 30.498099], [114.4151929, 30.4981393], [114.415231, 30.4981617], [114.4152796, 30.4981892], [114.4153521, 30.4982121], [114.4154516, 30.4982284]]}, "properties": {"id": 19949, "name": " ", "road_class": "trunk_link", "oneway": "F", "maxspeed": 0}}, {"type": "Feature", "geometry": {"type": "LineString", "coordinates": [[114.4154516, 30.4982284], [114.4155776, 30.4982321], [114.4157456, 30.4981955], [114.4158278, 30.4981675], [114.4161317, 30.4980289], [114.4178413, 30.4971519]]}, "properties": {"id": 19950, "name": " ", "road_class": "trunk_link", "oneway": "F", "maxspeed": 0}}, {"type": "Feature", "geometry": {"type": "LineString", "coordinates": [[114.4166478, 30.4952782], [114.416898, 30.4964442], [114.4169807, 30.4968321], [114.4171753, 30.4973947], [114.4172726, 30.4976649], [114.4172973, 30.4977626]]}, "properties": {"id": 19951, "name": " ", "road_class": "trunk_link", "oneway": "F", "maxspeed": 0}}, {"type": "Feature", "geometry": {"type": "LineString", "coordinates": [[114.4161437, 30.4985813], [114.4152896, 30.4987373], [114.4150432, 30.4987836], [114.4147778, 30.4988227], [114.4144413, 30.4988631], [114.4128258, 30.4989651]]}, "properties": {"id": 19952, "name": " ", "road_class": "trunk_link", "oneway": "F", "maxspeed": 0}}, {"type": "Feature", "geometry": {"type": "LineString", "coordinates": [[114.4172973, 30.4977626], [114.4173093, 30.4978689], [114.417295, 30.4979854], [114.4172564, 30.4980979], [114.4171954, 30.4981984], [114.417109, 30.4982909], [114.4169764, 30.4983796], [114.4168601, 30.4984264], [114.4167301, 30.498464], [114.4164584, 30.4985214], [114.4161437, 30.4985813]]}, "properties": {"id": 19953, "name": " ", "road_class": "trunk_link", "oneway": "F", "maxspeed": 0}}, {"type": "Feature", "geometry": {"type": "LineString", "coordinates": [[114.4170675, 30.5005881], [114.4168761, 30.4990415], [114.416863, 30.4989519], [114.4168358, 30.498843], [114.4167854, 30.4987537], [114.4167254, 30.498689], [114.4166448, 30.4986304], [114.4165381, 30.4985838], [114.4164604, 30.4985664], [114.4161437, 30.4985813]]}, "properties": {"id": 19954, "name": " ", "road_class": "trunk_link", "oneway": "F", "maxspeed": 0}}, {"type": "Feature", "geometry": {"type": "LineString", "coordinates": [[114.4165221, 30.4941158], [114.4166543, 30.4945608], [114.4166762, 30.4946885], [114.4167513, 30.4950708], [114.4168848, 30.4958158]]}, "properties": {"id": 19955, "name": " ", "road_class": "trunk_link", "oneway": "F", "maxspeed": 0}}, {"type": "Feature", "geometry": {"type": "LineString", "coordinates": [[114.4168848, 30.4958158], [114.4170086, 30.4965355], [114.417034, 30.4966758], [114.4170818, 30.4967774], [114.4171318, 30.4968464], [114.4171851, 30.4968989], [114.4172748, 30.4969594], [114.4173854, 30.4970023], [114.4175062, 30.4970202], [114.4176173, 30.4970134], [114.4177359, 30.4969872], [114.4178533, 30.4969482], [114.417955, 30.496904], [114.4185577, 30.4966358], [114.4196944, 30.4961645], [114.4206248, 30.4958923]]}, "properties": {"id": 19956, "name": " ", "road_class": "trunk_link", "oneway": "F", "maxspeed": 0}}, {"type": "Feature", "geometry": {"type": "LineString", "coordinates": [[114.4211294, 30.4912513], [114.4212413, 30.4914996], [114.4213277, 30.4917355], [114.421786, 30.4927214], [114.4218009, 30.4928738], [114.4218378, 30.4929047], [114.4219176, 30.4929541], [114.4220255, 30.4930209], [114.4220613, 30.4930565], [114.4221119, 30.4931154], [114.4225323, 30.4939688], [114.4228974, 30.49473]]}, "properties": {"id": 19957, "name": " ", "road_class": "secondary", "oneway": "F", "maxspeed": 0}}, {"type": "Feature", "geometry": {"type": "LineString", "coordinates": [[114.416257, 30.4962309], [114.4163023, 30.4961446], [114.4163433, 30.4960327], [114.4163696, 30.495883], [114.416388, 30.4957178], [114.416395, 30.4953716], [114.4163177, 30.494669], [114.4163014, 30.4937044]]}, "properties": {"id": 19959, "name": " ", "road_class": "trunk_link", "oneway": "F", "maxspeed": 0}}, {"type": "Feature", "geometry": {"type": "LineString", "coordinates": [[114.4172079, 30.4986742], [114.4171942, 30.498944], [114.4171919, 30.4995012]]}, "properties": {"id": 19960, "name": " ", "road_class": "trunk_link", "oneway": "F", "maxspeed": 0}}, {"type": "Feature", "geometry": {"type": "LineString", "coordinates": [[114.4261239, 30.4321501], [114.4215841, 30.4351259], [114.4186767, 30.4370317], [114.4181113, 30.4375497], [114.4177322, 30.437897], [114.4170293, 30.4387885], [114.4167989, 30.4391234], [114.4164615, 30.4397413], [114.4162802, 30.4401868], [114.4161912, 30.4404056], [114.4160019, 30.4410874], [114.4159039, 30.4416206], [114.4158384, 30.4430186], [114.41541, 30.4530465], [114.4150749, 30.4608907], [114.4149469, 30.4650852], [114.4148964, 30.4658715], [114.4148218, 30.467493], [114.4148072, 30.4683216], [114.4147886, 30.4700093], [114.4147784, 30.4709291], [114.4147732, 30.4714049], [114.4147765, 30.4722722], [114.414794, 30.4745269], [114.4147973, 30.4752363], [114.4148278, 30.4762447], [114.4149934, 30.4780883], [114.4151876, 30.4799842], [114.4152821, 30.4805801], [114.415385, 30.4811756], [114.415891, 30.4852865], [114.4159481, 30.4857876], [114.4159629, 30.4861301], [114.4160707, 30.4886384], [114.416093, 30.4891797], [114.4161014, 30.4893852], [114.416222, 30.4917675], [114.4162869, 30.4921961]]}, "properties": {"id": 19961, "name": " ", "road_class": "trunk", "oneway": "F", "maxspeed": 0}}, {"type": "Feature", "geometry": {"type": "LineString", "coordinates": [[114.401003, 30.5046355], [114.4010566, 30.5045185], [114.4015561, 30.50434], [114.4016629, 30.5043172], [114.4018253, 30.5042826], [114.4019174, 30.5043036], [114.4019555, 30.5043793], [114.4020014, 30.5044759], [114.401921, 30.5045407], [114.401892, 30.5045519], [114.4012011, 30.5048195], [114.4010874, 30.5048043]]}, "properties": {"id": 20068, "name": " ", "road_class": "footway", "oneway": "B", "maxspeed": 0}}, {"type": "Feature", "geometry": {"type": "LineString", "coordinates": [[114.4159832, 30.4886389], [114.4159391, 30.488451], [114.4158909, 30.4882766], [114.4158491, 30.4881481], [114.4157844, 30.4880272], [114.4157238, 30.4879332], [114.4156362, 30.4878501], [114.4155462, 30.4877944], [114.4154152, 30.4877475], [114.4152539, 30.4877199], [114.4150831, 30.4877248], [114.4149291, 30.4877602], [114.4147777, 30.487841], [114.4146534, 30.4879376], [114.4145849, 30.488052], [114.414558, 30.4881452], [114.4145505, 30.4882546], [114.4145605, 30.4883481], [114.4145822, 30.4884292], [114.4146445, 30.4885125], [114.41474, 30.4886154], [114.4148766, 30.488688], [114.4150098, 30.4887234], [114.4151463, 30.4887333], [114.4153547, 30.4886886], [114.4154455, 30.4886303], [114.4155269, 30.488574], [114.4155818, 30.4885251], [114.4156435, 30.4884502], [114.4156893, 30.4883851], [114.4157293, 30.4882925], [114.415763, 30.4881996]]}, "properties": {"id": 20383, "name": " ", "road_class": "trunk_link", "oneway": "F", "maxspeed": 0}}, {"type": "Feature", "geometry": {"type": "LineString", "coordinates": [[114.4157978, 30.4879398], [114.4158186, 30.4876629], [114.4158387, 30.4873588]]}, "properties": {"id": 20384, "name": " ", "road_class": "trunk_link", "oneway": "F", "maxspeed": 0}}, {"type": "Feature", "geometry": {"type": "LineString", "coordinates": [[114.4168785, 30.5127617], [114.4168624, 30.5128819], [114.4168893, 30.5129512], [114.4169536, 30.5133349], [114.4169483, 30.5135845], [114.4169697, 30.5136214], [114.417018, 30.5139219], [114.4170073, 30.5139635], [114.4170341, 30.5143009], [114.4170663, 30.5144904], [114.4171414, 30.5150404], [114.4172111, 30.5157338], [114.4172325, 30.51578], [114.4173076, 30.5166351], [114.4173488, 30.5167739], [114.4174525, 30.5171851]]}, "properties": {"id": 20728, "name": " ", "road_class": "residential", "oneway": "B", "maxspeed": 0}}, {"type": "Feature", "geometry": {"type": "LineString", "coordinates": [[114.4073453, 30.5038825], [114.4074195, 30.5044114], [114.4074723, 30.5046794], [114.4074886, 30.5048335], [114.4075028, 30.5050226], [114.4075333, 30.5052153], [114.4075801, 30.5054552], [114.407576, 30.5056654], [114.4075557, 30.505795], [114.4075252, 30.5058913], [114.4074825, 30.5059526], [114.4074337, 30.5059929], [114.4073754, 30.5060495], [114.4072325, 30.506089]]}, "properties": {"id": 21430, "name": " ", "road_class": "secondary", "oneway": "F", "maxspeed": 0}}, {"type": "Feature", "geometry": {"type": "LineString", "coordinates": [[114.4074825, 30.5059526], [114.4075455, 30.5059649], [114.4076078, 30.5059596], [114.4129595, 30.5055066]]}, "properties": {"id": 21431, "name": " ", "road_class": "tertiary", "oneway": "B", "maxspeed": 0}}, {"type": "Feature", "geometry": {"type": "LineString", "coordinates": [[114.4134312, 30.5091691], [114.413414, 30.5090356], [114.4134061, 30.5089741], [114.4133382, 30.5084464], [114.4132941, 30.5081046], [114.4132786, 30.5079841], [114.4132496, 30.5077592], [114.4130583, 30.5062732], [114.4129595, 30.5055066], [114.4128756, 30.504855], [114.4126816, 30.5033487], [114.4126715, 30.5032703]]}, "properties": {"id": 21432, "name": "鲁林路", "road_class": "tertiary", "oneway": "B", "maxspeed": 0}}, {"type": "Feature", "geometry": {"type": "LineString", "coordinates": [[114.4069757, 30.4995904], [114.4069402, 30.4996887], [114.4069299, 30.4997685], [114.4069598, 30.5001545], [114.4069569, 30.5004218], [114.4069544, 30.5006525], [114.4069342, 30.5009645], [114.4069915, 30.5014428], [114.4072486, 30.5034691]]}, "properties": {"id": 21433, "name": "关山大道辅路", "road_class": "secondary", "oneway": "F", "maxspeed": 0}}, {"type": "Feature", "geometry": {"type": "LineString", "coordinates": [[114.4126146, 30.5096113], [114.4125972, 30.5094139]]}, "properties": {"id": 22174, "name": " ", "road_class": "footway", "oneway": "B", "maxspeed": 0}}, {"type": "Feature", "geometry": {"type": "LineString", "coordinates": [[114.3906254, 30.5096486], [114.3913892, 30.5093022], [114.3922767, 30.5089636], [114.392771, 30.5087907], [114.3930765, 30.5086806], [114.3932635, 30.5086177], [114.3934289, 30.5085686], [114.3935756, 30.5085382], [114.3937594, 30.5085103], [114.3939144, 30.5084973], [114.39408, 30.5084901], [114.3942389, 30.5084912], [114.3944059, 30.5084992], [114.3946785, 30.508528], [114.3990763, 30.5091442]]}, "properties": {"id": 22248, "name": "光谷珞喻路通道", "road_class": "trunk", "oneway": "F", "maxspeed": 0}}, {"type": "Feature", "geometry": {"type": "LineString", "coordinates": [[114.3990763, 30.5091442], [114.401719, 30.5095392]]}, "properties": {"id": 22251, "name": "光谷珞喻路通道", "road_class": "trunk", "oneway": "F", "maxspeed": 0}}, {"type": "Feature", "geometry": {"type": "LineString", "coordinates": [[114.3990626, 30.5092506], [114.3948595, 30.5086328], [114.3945042, 30.508596], [114.3943518, 30.5085872], [114.3941907, 30.5085812], [114.3940296, 30.5085871], [114.3938632, 30.5086018], [114.3936791, 30.5086223], [114.3934821, 30.5086591], [114.3933157, 30.5087048], [114.3931117, 30.5087691], [114.3928087, 30.5088767], [114.3923287, 30.5090376], [114.3914308, 30.509371], [114.3906849, 30.5097359]]}, "properties": {"id": 22252, "name": "光谷珞喻路通道", "road_class": "trunk", "oneway": "F", "maxspeed": 0}}, {"type": "Feature", "geometry": {"type": "LineString", "coordinates": [[114.398446, 30.5092557], [114.3984, 30.5092185], [114.398371, 30.5091879], [114.39834, 30.5091508], [114.3983194, 30.5091175], [114.3983023, 30.5090728]]}, "properties": {"id": 22253, "name": " ", "road_class": "tertiary_link", "oneway": "F", "maxspeed": 0}}, {"type": "Feature", "geometry": {"type": "LineString", "coordinates": [[114.3983023, 30.5090728], [114.3982806, 30.5091164], [114.3982524, 30.5091467], [114.3982263, 30.5091671], [114.3981918, 30.5091886], [114.398146, 30.509212]]}, "properties": {"id": 22254, "name": " ", "road_class": "tertiary_link", "oneway": "F", "maxspeed": 0}}, {"type": "Feature", "geometry": {"type": "LineString", "coordinates": [[114.3979692, 30.5088614], [114.3980286, 30.5088917], [114.3980689, 30.5089161], [114.3981004, 30.5089408], [114.3981238, 30.5089715], [114.3981375, 30.5090062], [114.3981407, 30.5090428], [114.3981332, 30.5090789], [114.3981154, 30.5091123], [114.3980886, 30.5091408], [114.3980543, 30.5091626], [114.3980148, 30.5091764], [114.3979502, 30.5091874]]}, "properties": {"id": 22255, "name": " ", "road_class": "trunk_link", "oneway": "F", "maxspeed": 0}}, {"type": "Feature", "geometry": {"type": "LineString", "coordinates": [[114.4175311, 30.4885251], [114.4171907, 30.488609]]}, "properties": {"id": 24339, "name": " ", "road_class": "secondary", "oneway": "F", "maxspeed": 0}}, {"type": "Feature", "geometry": {"type": "LineString", "coordinates": [[114.4164997, 30.4888428], [114.4163897, 30.4889237], [114.4163226, 30.4890138], [114.4163023, 30.4890713], [114.4162851, 30.4891201], [114.4162636, 30.4892588], [114.4162717, 30.4894391], [114.416317, 30.4917533], [114.4162869, 30.4921961]]}, "properties": {"id": 24340, "name": " ", "road_class": "trunk_link", "oneway": "F", "maxspeed": 0}}, {"type": "Feature", "geometry": {"type": "LineString", "coordinates": [[114.4171907, 30.488609], [114.4167619, 30.4886969], [114.4163207, 30.4887708], [114.4156413, 30.4888474]]}, "properties": {"id": 24341, "name": " ", "road_class": "secondary", "oneway": "F", "maxspeed": 0}}, {"type": "Feature", "geometry": {"type": "LineString", "coordinates": [[114.4148705, 30.4887776], [114.4147401, 30.4887249], [114.4146288, 30.4886544], [114.4145363, 30.4885655], [114.4144752, 30.4884411], [114.4144558, 30.4883066], [114.4144527, 30.4882004], [114.4144612, 30.4880754], [114.4144992, 30.4879657], [114.4145711, 30.4878489], [114.4146972, 30.4877519], [114.414825, 30.4876902], [114.4149869, 30.4876432], [114.4151719, 30.4875692], [114.4153383, 30.487493], [114.4154831, 30.4873936], [114.4155797, 30.4872942], [114.4156936, 30.4871151], [114.4157459, 30.4869336], [114.4157639, 30.4866134], [114.4157553, 30.4856204]]}, "properties": {"id": 24342, "name": " ", "road_class": "trunk_link", "oneway": "F", "maxspeed": 0}}, {"type": "Feature", "geometry": {"type": "LineString", "coordinates": [[114.4156413, 30.4888474], [114.41282, 30.4891648]]}, "properties": {"id": 24343, "name": " ", "road_class": "secondary", "oneway": "F", "maxspeed": 0}}, {"type": "Feature", "geometry": {"type": "LineString", "coordinates": [[114.4155305, 30.488781], [114.4156296, 30.4887731], [114.4162525, 30.4886967], [114.4166233, 30.4886431], [114.4172739, 30.4885052], [114.4174732, 30.4884584]]}, "properties": {"id": 24344, "name": " ", "road_class": "trunk_link", "oneway": "F", "maxspeed": 0}}, {"type": "Feature", "geometry": {"type": "LineString", "coordinates": [[114.4263708, 30.48716], [114.4223695, 30.4876883]]}, "properties": {"id": 24345, "name": " ", "road_class": "secondary", "oneway": "F", "maxspeed": 0}}, {"type": "Feature", "geometry": {"type": "LineString", "coordinates": [[114.4223633, 30.4876022], [114.4263585, 30.4870842]]}, "properties": {"id": 24346, "name": " ", "road_class": "secondary", "oneway": "F", "maxspeed": 0}}, {"type": "Feature", "geometry": {"type": "LineString", "coordinates": [[114.4227061, 30.4948016], [114.421746, 30.4930043], [114.4216951, 30.4929085], [114.4216645, 30.4927765], [114.4212034, 30.491779], [114.421119, 30.491557], [114.4209979, 30.4912943]]}, "properties": {"id": 24347, "name": " ", "road_class": "secondary", "oneway": "F", "maxspeed": 0}}, {"type": "Feature", "geometry": {"type": "LineString", "coordinates": [[114.4226484, 30.4950617], [114.4228314, 30.4949902], [114.4229818, 30.4949315], [114.4231391, 30.49487]]}, "properties": {"id": 24348, "name": "高新大道", "road_class": "primary", "oneway": "F", "maxspeed": 0}}, {"type": "Feature", "geometry": {"type": "LineString", "coordinates": [[114.4231209, 30.4952643], [114.4232821, 30.4955569], [114.4233358, 30.4956543], [114.4241065, 30.4968522], [114.4248683, 30.4981095], [114.4250168, 30.4985902], [114.4250668, 30.498752], [114.4251179, 30.4992522], [114.4251357, 30.4994264], [114.4251858, 30.4999165], [114.4253664, 30.5016029]]}, "properties": {"id": 24349, "name": "佳园路", "road_class": "tertiary", "oneway": "F", "maxspeed": 0}}, {"type": "Feature", "geometry": {"type": "LineString", "coordinates": [[114.4231391, 30.49487], [114.4243044, 30.494417], [114.4248922, 30.4941885], [114.4255865, 30.4939262], [114.4257565, 30.4938646], [114.4259045, 30.4938104]]}, "properties": {"id": 24350, "name": "高新大道", "road_class": "primary", "oneway": "F", "maxspeed": 0}}, {"type": "Feature", "geometry": {"type": "LineString", "coordinates": [[114.4105014, 30.5130146], [114.4104577, 30.5130859], [114.4104149, 30.5131239], [114.4104168, 30.5131445], [114.4104191, 30.5131693]]}, "properties": {"id": 24523, "name": " ", "road_class": "footway", "oneway": "B", "maxspeed": 0}}, {"type": "Feature", "geometry": {"type": "LineString", "coordinates": [[114.3953032, 30.5079225], [114.3964267, 30.5076339]]}, "properties": {"id": 24729, "name": "电梯", "road_class": "steps", "oneway": "B", "maxspeed": 0}}, {"type": "Feature", "geometry": {"type": "LineString", "coordinates": [[114.3966041, 30.5086622], [114.3966192, 30.5085914], [114.3967352, 30.5082343]]}, "properties": {"id": 24737, "name": " ", "road_class": "footway", "oneway": "B", "maxspeed": 0}}, {"type": "Feature", "geometry": {"type": "LineString", "coordinates": [[114.3977627, 30.5065399], [114.3976675, 30.5066924]]}, "properties": {"id": 24738, "name": " ", "road_class": "footway", "oneway": "B", "maxspeed": 0}}, {"type": "Feature", "geometry": {"type": "LineString", "coordinates": [[114.3981325, 30.5077272], [114.39838, 30.5078036]]}, "properties": {"id": 24739, "name": " ", "road_class": "footway", "oneway": "B", "maxspeed": 0}}, {"type": "Feature", "geometry": {"type": "LineString", "coordinates": [[114.3981325, 30.5077272], [114.3979746, 30.5077539], [114.3974439, 30.5076927]]}, "properties": {"id": 24740, "name": " ", "road_class": "footway", "oneway": "B", "maxspeed": 0}}, {"type": "Feature", "geometry": {"type": "LineString", "coordinates": [[114.3974439, 30.5076927], [114.3973795, 30.5077828], [114.397283, 30.5078567], [114.3971193, 30.5079122], [114.3969879, 30.5079261], [114.3968377, 30.5079076], [114.3967707, 30.5078845], [114.3966687, 30.5078151], [114.3966017, 30.5077296], [114.3965338, 30.5076076], [114.3965078, 30.5075609], [114.3972159, 30.5071889], [114.3973554, 30.5073137], [114.3974198, 30.5074153], [114.3974573, 30.5075309], [114.3974654, 30.5076141], [114.3974439, 30.5076927]]}, "properties": {"id": 24741, "name": " ", "road_class": "footway", "oneway": "B", "maxspeed": 0}}, {"type": "Feature", "geometry": {"type": "LineString", "coordinates": [[114.3972159, 30.5071889], [114.3976675, 30.5066924]]}, "properties": {"id": 24742, "name": " ", "road_class": "footway", "oneway": "B", "maxspeed": 0}}, {"type": "Feature", "geometry": {"type": "LineString", "coordinates": [[114.3977627, 30.5065399], [114.3972335, 30.5060386]]}, "properties": {"id": 24743, "name": " ", "road_class": "unclassified", "oneway": "B", "maxspeed": 0}}, {"type": "Feature", "geometry": {"type": "LineString", "coordinates": [[114.3975643, 30.5066869], [114.3978592, 30.5063006], [114.3978918, 30.5062771]]}, "properties": {"id": 24744, "name": "天桥", "road_class": "footway", "oneway": "B", "maxspeed": 0}}, {"type": "Feature", "geometry": {"type": "LineString", "coordinates": [[114.3967352, 30.5082343], [114.3967707, 30.5078845]]}, "properties": {"id": 24745, "name": " ", "road_class": "footway", "oneway": "B", "maxspeed": 0}}, {"type": "Feature", "geometry": {"type": "LineString", "coordinates": [[114.3964267, 30.5076339], [114.3965338, 30.5076076]]}, "properties": {"id": 24746, "name": " ", "road_class": "footway", "oneway": "B", "maxspeed": 0}}, {"type": "Feature", "geometry": {"type": "LineString", "coordinates": [[114.415763, 30.4881996], [114.4157833, 30.4881131], [114.4157978, 30.4879398]]}, "properties": {"id": 26560, "name": " ", "road_class": "trunk_link", "oneway": "F", "maxspeed": 0}}, {"type": "Feature", "geometry": {"type": "LineString", "coordinates": [[114.3981295, 30.5077486], [114.397974, 30.5077751], [114.3979746, 30.5077539]]}, "properties": {"id": 26961, "name": " ", "road_class": "footway", "oneway": "B", "maxspeed": 0}}, {"type": "Feature", "geometry": {"type": "LineString", "coordinates": [[114.3989848, 30.5080247], [114.3992479, 30.5080661]]}, "properties": {"id": 26962, "name": " ", "road_class": "service", "oneway": "F", "maxspeed": 0}}, {"type": "Feature", "geometry": {"type": "LineString", "coordinates": [[114.4074126, 30.5038352], [114.4073356, 30.5038415], [114.4072611, 30.5038475], [114.4072216, 30.5038507], [114.4070868, 30.5038616], [114.4069388, 30.5038736], [114.4067584, 30.5038882]]}, "properties": {"id": 26963, "name": " ", "road_class": "footway", "oneway": "B", "maxspeed": 0}}, {"type": "Feature", "geometry": {"type": "LineString", "coordinates": [[114.4187494, 30.5020585], [114.4187603, 30.50215], [114.418768, 30.5022148], [114.4187735, 30.5022619]]}, "properties": {"id": 26964, "name": " ", "road_class": "footway", "oneway": "B", "maxspeed": 0}}, {"type": "Feature", "geometry": {"type": "LineString", "coordinates": [[114.4187011, 30.5026802], [114.418653, 30.5022228], [114.4186464, 30.5021597], [114.418618, 30.5018898]]}, "properties": {"id": 26965, "name": " ", "road_class": "residential", "oneway": "B", "maxspeed": 0}}, {"type": "Feature", "geometry": {"type": "LineString", "coordinates": [[114.4187011, 30.5026802], [114.4187172, 30.5028049], [114.4187253, 30.5028697], [114.4195621, 30.5028142], [114.4195249, 30.5025104]]}, "properties": {"id": 26966, "name": " ", "road_class": "footway", "oneway": "B", "maxspeed": 0}}, {"type": "Feature", "geometry": {"type": "LineString", "coordinates": [[114.4201761, 30.4875154], [114.4200683, 30.4866036], [114.4199463, 30.4855983]]}, "properties": {"id": 28004, "name": " ", "road_class": "secondary", "oneway": "F", "maxspeed": 0}}, {"type": "Feature", "geometry": {"type": "LineString", "coordinates": [[114.4200723, 30.4855821], [114.4201329, 30.4859733], [114.4203463, 30.4874746]]}, "properties": {"id": 28005, "name": " ", "road_class": "secondary", "oneway": "F", "maxspeed": 0}}, {"type": "Feature", "geometry": {"type": "LineString", "coordinates": [[114.4202578, 30.4883369], [114.4202246, 30.4879344], [114.4201761, 30.4875154]]}, "properties": {"id": 28006, "name": " ", "road_class": "secondary", "oneway": "F", "maxspeed": 0}}, {"type": "Feature", "geometry": {"type": "LineString", "coordinates": [[114.4203463, 30.4874746], [114.420391, 30.4883254]]}, "properties": {"id": 28007, "name": " ", "road_class": "secondary", "oneway": "F", "maxspeed": 0}}, {"type": "Feature", "geometry": {"type": "LineString", "coordinates": [[114.4192484, 30.4880243], [114.419671, 30.4879462], [114.4199716, 30.4878954], [114.4205674, 30.4878183], [114.4210552, 30.4877734], [114.4223633, 30.4876022]]}, "properties": {"id": 28008, "name": " ", "road_class": "secondary", "oneway": "F", "maxspeed": 0}}, {"type": "Feature", "geometry": {"type": "LineString", "coordinates": [[114.421048, 30.4878531], [114.4207858, 30.4878952], [114.4205132, 30.4879751], [114.4196529, 30.4880952], [114.4195668, 30.4881072], [114.4194976, 30.4881193], [114.4192916, 30.4881554], [114.4175311, 30.4885251]]}, "properties": {"id": 28009, "name": " ", "road_class": "secondary", "oneway": "F", "maxspeed": 0}}, {"type": "Feature", "geometry": {"type": "LineString", "coordinates": [[114.425199, 30.5134923], [114.4247959, 30.5134889]]}, "properties": {"id": 28297, "name": " ", "road_class": "unclassified", "oneway": "B", "maxspeed": 0}}, {"type": "Feature", "geometry": {"type": "LineString", "coordinates": [[114.4240594, 30.4923027], [114.4273637, 30.4913293]]}, "properties": {"id": 39714, "name": " ", "road_class": "tertiary", "oneway": "T", "maxspeed": 0}}, {"type": "Feature", "geometry": {"type": "LineString", "coordinates": [[114.4206847, 30.490586], [114.4205588, 30.4903825], [114.4204463, 30.4900233], [114.4203609, 30.4896867], [114.4203301, 30.4895282], [114.420301, 30.4893591], [114.4202738, 30.4891984], [114.420166, 30.4883671], [114.420133, 30.4883076], [114.4200995, 30.4882614], [114.4200529, 30.4882167], [114.4200058, 30.4881812], [114.4199241, 30.4881412], [114.4198418, 30.4881171], [114.4196529, 30.4880952]]}, "properties": {"id": 39729, "name": " ", "road_class": "tertiary", "oneway": "F", "maxspeed": 0}}, {"type": "Feature", "geometry": {"type": "LineString", "coordinates": [[114.4273367, 30.4912545], [114.4240165, 30.4922245]]}, "properties": {"id": 39730, "name": " ", "road_class": "tertiary", "oneway": "T", "maxspeed": 0}}, {"type": "Feature", "geometry": {"type": "LineString", "coordinates": [[114.4171907, 30.488609], [114.4167824, 30.4887217], [114.4165987, 30.488797], [114.4164997, 30.4888428]]}, "properties": {"id": 39755, "name": " ", "road_class": "trunk_link", "oneway": "F", "maxspeed": 0}}, {"type": "Feature", "geometry": {"type": "LineString", "coordinates": [[114.4194976, 30.4881193], [114.4189027, 30.4883199], [114.4177812, 30.4885827], [114.4171588, 30.4887235], [114.4166628, 30.488835], [114.4165456, 30.4888546], [114.416149, 30.488921], [114.4159109, 30.4889382], [114.4120333, 30.4893226], [114.4117483, 30.4893328], [114.4114958, 30.489322]]}, "properties": {"id": 39756, "name": "凌家山北路", "road_class": "secondary", "oneway": "F", "maxspeed": 0}}, {"type": "Feature", "geometry": {"type": "LineString", "coordinates": [[114.41282, 30.4891648], [114.4114958, 30.489322]]}, "properties": {"id": 39757, "name": " ", "road_class": "secondary", "oneway": "F", "maxspeed": 0}}, {"type": "Feature", "geometry": {"type": "LineString", "coordinates": [[114.41474, 30.4886154], [114.4149178, 30.488721], [114.4151163, 30.4887753], [114.4152377, 30.4887914], [114.4153755, 30.4887934], [114.4155305, 30.488781]]}, "properties": {"id": 39758, "name": " ", "road_class": "trunk_link", "oneway": "F", "maxspeed": 0}}, {"type": "Feature", "geometry": {"type": "LineString", "coordinates": [[114.4174732, 30.4884584], [114.4184425, 30.4882306], [114.4188348, 30.4881442], [114.4192484, 30.4880243]]}, "properties": {"id": 39759, "name": " ", "road_class": "trunk_link", "oneway": "F", "maxspeed": 0}}, {"type": "Feature", "geometry": {"type": "LineString", "coordinates": [[114.4156413, 30.4888474], [114.4152121, 30.4888498], [114.415099, 30.488836], [114.4148705, 30.4887776]]}, "properties": {"id": 39760, "name": " ", "road_class": "trunk_link", "oneway": "F", "maxspeed": 0}}, {"type": "Feature", "geometry": {"type": "LineString", "coordinates": [[114.4160585, 30.4923024], [114.4160065, 30.491859], [114.415948, 30.4911979], [114.4159172, 30.4904705], [114.4159191, 30.4902449], [114.4159203, 30.490112], [114.4160176, 30.4897538]]}, "properties": {"id": 39761, "name": " ", "road_class": "trunk_link", "oneway": "F", "maxspeed": 0}}, {"type": "Feature", "geometry": {"type": "LineString", "coordinates": [[114.416204, 30.4932498], [114.416102, 30.4926741], [114.4160585, 30.4923024]]}, "properties": {"id": 39762, "name": " ", "road_class": "trunk_link", "oneway": "F", "maxspeed": 0}}, {"type": "Feature", "geometry": {"type": "LineString", "coordinates": [[114.4052181, 30.4897822], [114.4053478, 30.4897707], [114.4054877, 30.4897582], [114.4055127, 30.4897574], [114.4055409, 30.4897547], [114.4091697, 30.4894297], [114.4116684, 30.4891828], [114.4157137, 30.4887881], [114.4159203, 30.4887653], [114.4161356, 30.4887415], [114.4162524, 30.4887286], [114.4164702, 30.4886563], [114.4165898, 30.4886165], [114.4169786, 30.4885214], [114.4170553, 30.4885026], [114.4174639, 30.4883835], [114.4176685, 30.4883335], [114.4186815, 30.4880857], [114.4190169, 30.4880279], [114.4192484, 30.4880243]]}, "properties": {"id": 39763, "name": " ", "road_class": "secondary", "oneway": "F", "maxspeed": 0}}, {"type": "Feature", "geometry": {"type": "LineString", "coordinates": [[114.419671, 30.4879462], [114.4198454, 30.4878887], [114.419964, 30.4878248], [114.4200137, 30.4877661], [114.4200476, 30.4877071], [114.4200876, 30.487581], [114.4200724, 30.4874234], [114.4199921, 30.4867676], [114.4199166, 30.4861516], [114.4199273, 30.4859656], [114.4199463, 30.4855983]]}, "properties": {"id": 39764, "name": " ", "road_class": "secondary", "oneway": "F", "maxspeed": 0}}, {"type": "Feature", "geometry": {"type": "LineString", "coordinates": [[114.4200723, 30.4855821], [114.4202706, 30.4860876], [114.4203584, 30.4868044], [114.4204334, 30.4874173], [114.4205041, 30.4875637], [114.4205614, 30.4876151], [114.4205891, 30.48764], [114.4206584, 30.4876833], [114.420777, 30.4877352], [114.4208859, 30.4877595], [114.4210552, 30.4877734]]}, "properties": {"id": 39765, "name": " ", "road_class": "secondary", "oneway": "F", "maxspeed": 0}}, {"type": "Feature", "geometry": {"type": "LineString", "coordinates": [[114.4204334, 30.4874173], [114.4204502, 30.4875256], [114.4204476, 30.4875796], [114.4204276, 30.4876163], [114.4203937, 30.4876399], [114.4202373, 30.4876571], [114.4201639, 30.4876539], [114.4201288, 30.4876298], [114.4200876, 30.487581]]}, "properties": {"id": 39766, "name": " ", "road_class": "secondary", "oneway": "F", "maxspeed": 0}}, {"type": "Feature", "geometry": {"type": "LineString", "coordinates": [[114.4161339, 30.4870756], [114.4161986, 30.4885677], [114.4161863, 30.4888385], [114.4161014, 30.4893852]]}, "properties": {"id": 39769, "name": " ", "road_class": "trunk_link", "oneway": "F", "maxspeed": 0}}, {"type": "Feature", "geometry": {"type": "LineString", "coordinates": [[114.4160237, 30.48621], [114.4161062, 30.4865153], [114.4161339, 30.4870756]]}, "properties": {"id": 39770, "name": " ", "road_class": "trunk_link", "oneway": "F", "maxspeed": 0}}, {"type": "Feature", "geometry": {"type": "LineString", "coordinates": [[114.4080447, 30.510246], [114.4079208, 30.5102553], [114.4077268, 30.5102699], [114.4076353, 30.5102768], [114.407644, 30.5103359], [114.4077742, 30.5115121], [114.4081832, 30.5114776], [114.4080532, 30.5103013], [114.4080447, 30.510246]]}, "properties": {"id": 40770, "name": "南大门广场", "road_class": "pedestrian", "oneway": "B", "maxspeed": 0}}, {"type": "Feature", "geometry": {"type": "LineString", "coordinates": [[114.4062301, 30.4969638], [114.4063342, 30.4969543], [114.4063992, 30.4969484], [114.4064408, 30.4969446], [114.4113694, 30.4964972], [114.4118154, 30.496469], [114.4123755, 30.4964629], [114.4148252, 30.496469], [114.4151427, 30.4964529], [114.4165729, 30.496262]]}, "properties": {"id": 40921, "name": " ", "road_class": "residential", "oneway": "B", "maxspeed": 0}}, {"type": "Feature", "geometry": {"type": "LineString", "coordinates": [[114.4030842, 30.5103384], [114.4033104, 30.5103628], [114.4033989, 30.5103929], [114.4035303, 30.5104368], [114.4036725, 30.5104715], [114.4038308, 30.5104899], [114.4039649, 30.5104899], [114.4040453, 30.510483], [114.4042116, 30.5104876], [114.4043833, 30.5104923], [114.4046311, 30.5104773]]}, "properties": {"id": 41354, "name": " ", "road_class": "path", "oneway": "B", "maxspeed": 0}}, {"type": "Feature", "geometry": {"type": "LineString", "coordinates": [[114.4030087, 30.5107736], [114.4032487, 30.5108111], [114.4033185, 30.5107672], [114.4033775, 30.5106841], [114.4034472, 30.5105662], [114.4034579, 30.5104899]]}, "properties": {"id": 41355, "name": " ", "road_class": "path", "oneway": "B", "maxspeed": 0}}, {"type": "Feature", "geometry": {"type": "LineString", "coordinates": [[114.4033775, 30.5106841], [114.403474, 30.5107118], [114.4036135, 30.5107095], [114.4037503, 30.5107326], [114.4038388, 30.5107256], [114.4039139, 30.5107048], [114.4040427, 30.5106656], [114.404099, 30.5106633]]}, "properties": {"id": 41356, "name": " ", "road_class": "path", "oneway": "B", "maxspeed": 0}}, {"type": "Feature", "geometry": {"type": "LineString", "coordinates": [[114.4046241, 30.5104119], [114.4048806, 30.5103926], [114.4050279, 30.5103752], [114.4052175, 30.5103407], [114.405409, 30.5103098], [114.4063544, 30.5102392], [114.4071364, 30.5101739], [114.4073223, 30.5101926], [114.4075938, 30.5104297]]}, "properties": {"id": 41357, "name": " ", "road_class": "footway", "oneway": "B", "maxspeed": 0}}, {"type": "Feature", "geometry": {"type": "LineString", "coordinates": [[114.4063544, 30.5102392], [114.4065064, 30.5116577]]}, "properties": {"id": 41358, "name": " ", "road_class": "footway", "oneway": "B", "maxspeed": 0}}, {"type": "Feature", "geometry": {"type": "LineString", "coordinates": [[114.4183619, 30.5100957], [114.4182891, 30.5100943], [114.4181358, 30.5101081], [114.4166817, 30.5102393], [114.4166443, 30.5099313], [114.4163932, 30.5099539], [114.4163252, 30.5093931], [114.4163026, 30.5092106]]}, "properties": {"id": 41361, "name": " ", "road_class": "residential", "oneway": "B", "maxspeed": 0}}, {"type": "Feature", "geometry": {"type": "LineString", "coordinates": [[114.4125729, 30.5129158], [114.4125884, 30.513067]]}, "properties": {"id": 41393, "name": " ", "road_class": "steps", "oneway": "B", "maxspeed": 0}}, {"type": "Feature", "geometry": {"type": "LineString", "coordinates": [[114.4049983, 30.5137638], [114.4045722, 30.5137012], [114.4042291, 30.5136497], [114.4036153, 30.5135607], [114.4033299, 30.5135194], [114.4025137, 30.5134011], [114.400126, 30.5130552]]}, "properties": {"id": 41394, "name": "紫荆路", "road_class": "unclassified", "oneway": "B", "maxspeed": 0}}, {"type": "Feature", "geometry": {"type": "LineString", "coordinates": [[114.4049983, 30.5137638], [114.4049586, 30.5134355], [114.4049405, 30.513285], [114.4048897, 30.5128648], [114.4048519, 30.5125516], [114.4047735, 30.5118066], [114.4046311, 30.5104773], [114.4046241, 30.5104119], [114.4046136, 30.5103137], [114.4045933, 30.5101698], [114.4045884, 30.5100669]]}, "properties": {"id": 41395, "name": "迎宾路", "road_class": "tertiary", "oneway": "B", "maxspeed": 0}}, {"type": "Feature", "geometry": {"type": "LineString", "coordinates": [[114.4115384, 30.5129908], [114.4114872, 30.5125737], [114.411488, 30.5125349], [114.411504, 30.5125034], [114.4120434, 30.5120805], [114.4120995, 30.5120467], [114.4121473, 30.5120467], [114.4123383, 30.5120999], [114.4123833, 30.5121289], [114.4124001, 30.5121725], [114.4124226, 30.5124508], [114.4123945, 30.5125283], [114.4122936, 30.5126742], [114.4122489, 30.5127068], [114.4122306, 30.5127341], [114.4120715, 30.512855], [114.4119057, 30.5128985], [114.4118018, 30.5128937], [114.4116108, 30.512976], [114.4115384, 30.5129908]]}, "properties": {"id": 41396, "name": " ", "road_class": "path", "oneway": "B", "maxspeed": 0}}, {"type": "Feature", "geometry": {"type": "LineString", "coordinates": [[114.4112155, 30.5125046], [114.4110736, 30.5124995], [114.4109922, 30.5125105], [114.4107042, 30.5126401], [114.4102492, 30.5128876], [114.4102022, 30.5129422], [114.4101298, 30.5130161], [114.4101123, 30.5130589], [114.4101365, 30.5131132], [114.4101915, 30.5131629], [114.4102773, 30.5131825], [114.4104191, 30.5131693], [114.4112952, 30.5130877]]}, "properties": {"id": 41397, "name": " ", "road_class": "footway", "oneway": "B", "maxspeed": 0}}, {"type": "Feature", "geometry": {"type": "LineString", "coordinates": [[114.4115384, 30.5129908], [114.4114276, 30.5129983]]}, "properties": {"id": 41398, "name": " ", "road_class": "steps", "oneway": "B", "maxspeed": 0}}, {"type": "Feature", "geometry": {"type": "LineString", "coordinates": [[114.4116649, 30.5101176], [114.4115887, 30.5102505], [114.4117429, 30.5103177], [114.4118174, 30.5102036], [114.4119101, 30.5100616], [114.4117763, 30.509996], [114.4117299, 30.5100104], [114.4116649, 30.5101176]]}, "properties": {"id": 41407, "name": " ", "road_class": "service", "oneway": "B", "maxspeed": 0}}, {"type": "Feature", "geometry": {"type": "LineString", "coordinates": [[114.4112362, 30.5111698], [114.4112327, 30.5108471]]}, "properties": {"id": 41408, "name": "醉晚路", "road_class": "tertiary", "oneway": "B", "maxspeed": 0}}, {"type": "Feature", "geometry": {"type": "LineString", "coordinates": [[114.4112595, 30.5115316], [114.411234, 30.511315]]}, "properties": {"id": 41409, "name": "醉晚路", "road_class": "tertiary", "oneway": "B", "maxspeed": 0}}, {"type": "Feature", "geometry": {"type": "LineString", "coordinates": [[114.4112854, 30.5111906], [114.4113016, 30.51121], [114.4113097, 30.5112329], [114.4113087, 30.5112568], [114.4112988, 30.5112792], [114.4112811, 30.5112976], [114.4112574, 30.5113101], [114.411234, 30.511315], [114.4112048, 30.5113133], [114.4111812, 30.5113048], [114.4111617, 30.5112906], [114.4111479, 30.511272], [114.4111412, 30.5112508], [114.4111421, 30.5112288], [114.4111505, 30.511208], [114.4111658, 30.5111903], [114.4111865, 30.5111774], [114.4112107, 30.5111703], [114.4112362, 30.5111698], [114.4112628, 30.5111767], [114.4112854, 30.5111906]]}, "properties": {"id": 41410, "name": "醉晚路", "road_class": "tertiary", "oneway": "B", "maxspeed": 0}}, {"type": "Feature", "geometry": {"type": "LineString", "coordinates": [[114.4122899, 30.5099743], [114.4119005, 30.5099912]]}, "properties": {"id": 41411, "name": " ", "road_class": "cycleway", "oneway": "B", "maxspeed": 0}}, {"type": "Feature", "geometry": {"type": "LineString", "coordinates": [[114.4119005, 30.5099912], [114.4119101, 30.5100616]]}, "properties": {"id": 41412, "name": " ", "road_class": "unclassified", "oneway": "B", "maxspeed": 0}}, {"type": "Feature", "geometry": {"type": "LineString", "coordinates": [[114.4124848, 30.5120816], [114.4124016, 30.5120398], [114.4122568, 30.5119798], [114.4120717, 30.5119473], [114.4119134, 30.5119474], [114.4113076, 30.5120043]]}, "properties": {"id": 41413, "name": " ", "road_class": "unclassified", "oneway": "B", "maxspeed": 0}}, {"type": "Feature", "geometry": {"type": "LineString", "coordinates": [[114.4113076, 30.5120043], [114.4112595, 30.5115316]]}, "properties": {"id": 41414, "name": "醉晚路", "road_class": "tertiary", "oneway": "B", "maxspeed": 0}}, {"type": "Feature", "geometry": {"type": "LineString", "coordinates": [[114.4123893, 30.5112011], [114.4132146, 30.5111273], [114.4132048, 30.5110195], [114.4131984, 30.5109498], [114.4134817, 30.5109239], [114.4136052, 30.5109054], [114.4136615, 30.5108291], [114.4136534, 30.5107632], [114.4136704, 30.51073], [114.4135769, 30.5100873], [114.4133361, 30.5101067]]}, "properties": {"id": 41415, "name": " ", "road_class": "unclassified", "oneway": "B", "maxspeed": 0}}, {"type": "Feature", "geometry": {"type": "LineString", "coordinates": [[114.4123893, 30.5112011], [114.4123769, 30.5110864], [114.4123667, 30.5109926]]}, "properties": {"id": 41416, "name": "东二路", "road_class": "unclassified", "oneway": "B", "maxspeed": 0}}, {"type": "Feature", "geometry": {"type": "LineString", "coordinates": [[114.4104642, 30.5100285], [114.4114123, 30.5099507], [114.4122736, 30.509879]]}, "properties": {"id": 41417, "name": " ", "road_class": "unclassified", "oneway": "B", "maxspeed": 0}}, {"type": "Feature", "geometry": {"type": "LineString", "coordinates": [[114.4129826, 30.5098156], [114.4132295, 30.5097943], [114.413293, 30.5098406], [114.4133361, 30.5101067]]}, "properties": {"id": 41418, "name": " ", "road_class": "unclassified", "oneway": "B", "maxspeed": 0}}, {"type": "Feature", "geometry": {"type": "LineString", "coordinates": [[114.413283, 30.5090493], [114.4134312, 30.5091691], [114.4136209, 30.5093242], [114.4137527, 30.5094314]]}, "properties": {"id": 41419, "name": " ", "road_class": "footway", "oneway": "B", "maxspeed": 0}}, {"type": "Feature", "geometry": {"type": "LineString", "coordinates": [[114.4130583, 30.5062732], [114.4178239, 30.5059514]]}, "properties": {"id": 41420, "name": " ", "road_class": "tertiary", "oneway": "B", "maxspeed": 0}}, {"type": "Feature", "geometry": {"type": "LineString", "coordinates": [[114.4145166, 30.5138972], [114.4144187, 30.5130479], [114.4141697, 30.5130693], [114.4140564, 30.5130791]]}, "properties": {"id": 41422, "name": " ", "road_class": "footway", "oneway": "B", "maxspeed": 0}}, {"type": "Feature", "geometry": {"type": "LineString", "coordinates": [[114.4141697, 30.5130693], [114.4141552, 30.5129138]]}, "properties": {"id": 41423, "name": " ", "road_class": "footway", "oneway": "B", "maxspeed": 0}}, {"type": "Feature", "geometry": {"type": "LineString", "coordinates": [[114.406713, 30.5121729], [114.405871, 30.5122482], [114.4048519, 30.5125516]]}, "properties": {"id": 41447, "name": " ", "road_class": "unclassified", "oneway": "B", "maxspeed": 0}}, {"type": "Feature", "geometry": {"type": "LineString", "coordinates": [[114.4007325, 30.511966], [114.400812, 30.5114843]]}, "properties": {"id": 41448, "name": " ", "road_class": "footway", "oneway": "B", "maxspeed": 0}}, {"type": "Feature", "geometry": {"type": "LineString", "coordinates": [[114.4004108, 30.511529], [114.401182, 30.5116424]]}, "properties": {"id": 41449, "name": " ", "road_class": "footway", "oneway": "B", "maxspeed": 0}}, {"type": "Feature", "geometry": {"type": "LineString", "coordinates": [[114.4195218, 30.5065805], [114.4196284, 30.5065734], [114.4196132, 30.5064029], [114.4194162, 30.506416], [114.4194211, 30.5064713]]}, "properties": {"id": 41450, "name": " ", "road_class": "residential", "oneway": "B", "maxspeed": 0}}, {"type": "Feature", "geometry": {"type": "LineString", "coordinates": [[114.4190074, 30.5065603], [114.4190908, 30.5065523], [114.4191027, 30.5066523], [114.4195259, 30.506615], [114.4195218, 30.5065805], [114.419508, 30.5064637], [114.4194211, 30.5064713], [114.4190847, 30.5065009], [114.4190908, 30.5065523]]}, "properties": {"id": 41451, "name": " ", "road_class": "residential", "oneway": "B", "maxspeed": 0}}, {"type": "Feature", "geometry": {"type": "LineString", "coordinates": [[114.4181498, 30.5066206], [114.4183461, 30.5066068], [114.4190074, 30.5065603], [114.4189549, 30.5060063], [114.4195155, 30.5059669], [114.4195029, 30.5058339], [114.4199902, 30.5057997]]}, "properties": {"id": 41452, "name": " ", "road_class": "residential", "oneway": "B", "maxspeed": 0}}, {"type": "Feature", "geometry": {"type": "LineString", "coordinates": [[114.4241678, 30.4875167], [114.4258192, 30.4873109]]}, "properties": {"id": 41455, "name": " ", "road_class": "footway", "oneway": "B", "maxspeed": 0}}, {"type": "Feature", "geometry": {"type": "LineString", "coordinates": [[114.423977, 30.4873312], [114.4257925, 30.4871337], [114.4257801, 30.4870576]]}, "properties": {"id": 41456, "name": " ", "road_class": "footway", "oneway": "B", "maxspeed": 0}}, {"type": "Feature", "geometry": {"type": "LineString", "coordinates": [[114.4204893, 30.4873861], [114.4206115, 30.4883802]]}, "properties": {"id": 41457, "name": " ", "road_class": "footway", "oneway": "B", "maxspeed": 0}}, {"type": "Feature", "geometry": {"type": "LineString", "coordinates": [[114.4210994, 30.4879541], [114.420789, 30.4880408], [114.4207268, 30.4880647], [114.4206717, 30.4880968], [114.4206314, 30.488132], [114.4206027, 30.4881655], [114.4205576, 30.4882282], [114.4205299, 30.488316], [114.4206011, 30.4889671], [114.4206427, 30.4892314], [114.4207163, 30.4896016], [114.4207838, 30.4898912], [114.4208679, 30.4902581], [114.421029, 30.4907141], [114.4210384, 30.4910284]]}, "properties": {"id": 41458, "name": " ", "road_class": "tertiary", "oneway": "F", "maxspeed": 0}}, {"type": "Feature", "geometry": {"type": "LineString", "coordinates": [[114.4201414, 30.4888521], [114.4198866, 30.4867788]]}, "properties": {"id": 41459, "name": " ", "road_class": "footway", "oneway": "B", "maxspeed": 0}}, {"type": "Feature", "geometry": {"type": "LineString", "coordinates": [[114.420166, 30.4883671], [114.4201725, 30.4883086], [114.4201882, 30.48826], [114.4202282, 30.488229], [114.4202907, 30.4882135], [114.4203516, 30.4882076], [114.4204231, 30.4882069], [114.4204774, 30.4882269], [114.4205116, 30.4882534], [114.4205299, 30.488316]]}, "properties": {"id": 41460, "name": " ", "road_class": "tertiary_link", "oneway": "F", "maxspeed": 0}}, {"type": "Feature", "geometry": {"type": "LineString", "coordinates": [[114.4161072, 30.4881517], [114.4162538, 30.4880833], [114.416389, 30.48805], [114.4165097, 30.4880385], [114.4166545, 30.4880662], [114.4167752, 30.4881286], [114.416845, 30.4882049], [114.4168654, 30.48824], [114.4168879, 30.4882789], [114.4169094, 30.4883367], [114.4169442, 30.4884268], [114.4169786, 30.4885214]]}, "properties": {"id": 41461, "name": " ", "road_class": "footway", "oneway": "B", "maxspeed": 0}}, {"type": "Feature", "geometry": {"type": "LineString", "coordinates": [[114.4168654, 30.48824], [114.4169228, 30.4882511], [114.417014, 30.4882419], [114.4171105, 30.4882165], [114.4172661, 30.4881772], [114.417427, 30.4881494], [114.4175021, 30.4881471], [114.4175558, 30.4881725], [114.4175826, 30.4881887], [114.4176685, 30.4883335]]}, "properties": {"id": 41462, "name": " ", "road_class": "footway", "oneway": "B", "maxspeed": 0}}, {"type": "Feature", "geometry": {"type": "LineString", "coordinates": [[114.4052584, 30.5137068], [114.4053436, 30.5136659], [114.4054546, 30.5135937], [114.4056077, 30.5135217], [114.4057396, 30.5134432], [114.4060006, 30.5132576], [114.4060404, 30.5131974], [114.4061232, 30.5130722], [114.4062111, 30.5129803], [114.4062847, 30.5129005], [114.4063647, 30.5128287], [114.4063528, 30.5127247]]}, "properties": {"id": 41465, "name": " ", "road_class": "path", "oneway": "B", "maxspeed": 0}}, {"type": "Feature", "geometry": {"type": "LineString", "coordinates": [[114.4094854, 30.512442], [114.4097701, 30.5124139]]}, "properties": {"id": 41469, "name": " ", "road_class": "steps", "oneway": "B", "maxspeed": 0}}, {"type": "Feature", "geometry": {"type": "LineString", "coordinates": [[114.4093808, 30.5127412], [114.4093393, 30.5127989], [114.4091944, 30.5128914], [114.4091711, 30.5129566], [114.4090922, 30.5128753], [114.4090068, 30.5128292], [114.4088874, 30.5128264], [114.4087243, 30.5128151], [114.4085848, 30.5128763], [114.4084809, 30.5129245], [114.4083735, 30.5129665], [114.4082832, 30.513006], [114.40827, 30.5129071], [114.4082127, 30.5128838], [114.4081322, 30.5128436]]}, "properties": {"id": 41470, "name": " ", "road_class": "path", "oneway": "B", "maxspeed": 0}}, {"type": "Feature", "geometry": {"type": "LineString", "coordinates": [[114.4098872, 30.5133268], [114.4097503, 30.5132275], [114.4095738, 30.5130746], [114.4095223, 30.51303], [114.4094861, 30.512963], [114.4094538, 30.5128949], [114.4094657, 30.51284], [114.4094364, 30.5128001], [114.4094184, 30.5127735], [114.4093808, 30.5127412], [114.4093524, 30.5124537]]}, "properties": {"id": 41471, "name": " ", "road_class": "path", "oneway": "B", "maxspeed": 0}}, {"type": "Feature", "geometry": {"type": "LineString", "coordinates": [[114.4112952, 30.5130877], [114.4114368, 30.5130749]]}, "properties": {"id": 41472, "name": " ", "road_class": "steps", "oneway": "B", "maxspeed": 0}}, {"type": "Feature", "geometry": {"type": "LineString", "coordinates": [[114.4113665, 30.5124923], [114.4112155, 30.5125046]]}, "properties": {"id": 41473, "name": " ", "road_class": "steps", "oneway": "B", "maxspeed": 0}}, {"type": "Feature", "geometry": {"type": "LineString", "coordinates": [[114.4104191, 30.5131693], [114.4104344, 30.5132779]]}, "properties": {"id": 41474, "name": " ", "road_class": "footway", "oneway": "B", "maxspeed": 0}}, {"type": "Feature", "geometry": {"type": "LineString", "coordinates": [[114.4105594, 30.5133449], [114.4102896, 30.5136222], [114.4102331, 30.5136716]]}, "properties": {"id": 41535, "name": " ", "road_class": "path", "oneway": "B", "maxspeed": 0}}, {"type": "Feature", "geometry": {"type": "LineString", "coordinates": [[114.4098956, 30.5133992], [114.410024, 30.5134387], [114.4101452, 30.5137181]]}, "properties": {"id": 41538, "name": " ", "road_class": "path", "oneway": "B", "maxspeed": 0}}, {"type": "Feature", "geometry": {"type": "LineString", "coordinates": [[114.4102603, 30.5132935], [114.4101854, 30.5131884], [114.4101474, 30.51315], [114.4101075, 30.5131066], [114.4100872, 30.5130565], [114.4100677, 30.5130395], [114.409915, 30.5128947], [114.4098202, 30.5128048]]}, "properties": {"id": 41540, "name": " ", "road_class": "footway", "oneway": "B", "maxspeed": 0}}, {"type": "Feature", "geometry": {"type": "LineString", "coordinates": [[114.409915, 30.5128947], [114.4100639, 30.5128301], [114.4101113, 30.512763], [114.4101607, 30.5127712], [114.4101816, 30.512817], [114.4101531, 30.5128579], [114.4101531, 30.5129037], [114.410193, 30.5129266], [114.410134, 30.5129863], [114.4100872, 30.5130565]]}, "properties": {"id": 41541, "name": " ", "road_class": "footway", "oneway": "B", "maxspeed": 0}}, {"type": "Feature", "geometry": {"type": "LineString", "coordinates": [[114.4066521, 30.5116447], [114.4075938, 30.5104297], [114.407644, 30.5103359]]}, "properties": {"id": 41632, "name": " ", "road_class": "unclassified", "oneway": "B", "maxspeed": 0}}, {"type": "Feature", "geometry": {"type": "LineString", "coordinates": [[114.415361, 30.5110793], [114.4162168, 30.5110048]]}, "properties": {"id": 41636, "name": " ", "road_class": "residential", "oneway": "B", "maxspeed": 0}}, {"type": "Feature", "geometry": {"type": "LineString", "coordinates": [[114.425723, 30.5164177], [114.4256522, 30.5162422], [114.4255728, 30.5161383], [114.4254884, 30.5160577], [114.4253747, 30.5159676], [114.4250841, 30.515782], [114.424967, 30.515703], [114.4249012, 30.5156344], [114.4248359, 30.5155305], [114.4248015, 30.5154104], [114.4247951, 30.5152892], [114.4249696, 30.5146176], [114.4249984, 30.5145569], [114.4254315, 30.5139316], [114.425664, 30.5135689], [114.4256744, 30.5135089], [114.4256864, 30.5134397], [114.4256816, 30.5133319], [114.425684, 30.5131753], [114.4257013, 30.5130561], [114.4257308, 30.5129545], [114.4257717, 30.5128133], [114.4258755, 30.5126403], [114.4259904, 30.5124898], [114.4260711, 30.5123535], [114.4261805, 30.5120844], [114.426217, 30.5119945], [114.4263386, 30.511895]]}, "properties": {"id": 41650, "name": " ", "road_class": "cycleway", "oneway": "B", "maxspeed": 0}}, {"type": "Feature", "geometry": {"type": "LineString", "coordinates": [[114.4061101, 30.5116917], [114.4060843, 30.5115512], [114.4060222, 30.5115012], [114.4059715, 30.5114421], [114.4059189, 30.5113533], [114.4058833, 30.5112495], [114.4058653, 30.5111618], [114.4058466, 30.5111093], [114.4058178, 30.5110632], [114.4056953, 30.5109979]]}, "properties": {"id": 41682, "name": " ", "road_class": "unclassified", "oneway": "B", "maxspeed": 0}}, {"type": "Feature", "geometry": {"type": "LineString", "coordinates": [[114.4079641, 30.5095733], [114.4079801, 30.5097017], [114.4079969, 30.5098358], [114.4080138, 30.5099716], [114.4080224, 30.5100407]]}, "properties": {"id": 41714, "name": " ", "road_class": "footway", "oneway": "B", "maxspeed": 0}}, {"type": "Feature", "geometry": {"type": "LineString", "coordinates": [[114.4075452, 30.5096127], [114.4076935, 30.5095987], [114.4078447, 30.5095846], [114.4079641, 30.5095733]]}, "properties": {"id": 41715, "name": " ", "road_class": "footway", "oneway": "B", "maxspeed": 0}}, {"type": "Feature", "geometry": {"type": "LineString", "coordinates": [[114.4075972, 30.5100726], [114.4075895, 30.5100043], [114.4075754, 30.5098793], [114.4075592, 30.5097362], [114.4075452, 30.5096127], [114.4074706, 30.5095749], [114.4074324, 30.5095564]]}, "properties": {"id": 41716, "name": " ", "road_class": "footway", "oneway": "B", "maxspeed": 0}}, {"type": "Feature", "geometry": {"type": "LineString", "coordinates": [[114.4077243, 30.509864], [114.407708, 30.509724], [114.4076935, 30.5095987], [114.4076893, 30.5095622], [114.4076142, 30.5091177]]}, "properties": {"id": 41718, "name": "关山大道", "road_class": "trunk_link", "oneway": "F", "maxspeed": 0}}, {"type": "Feature", "geometry": {"type": "LineString", "coordinates": [[114.4071608, 30.5134242], [114.4071185, 30.5135742]]}, "properties": {"id": 41719, "name": " ", "road_class": "steps", "oneway": "B", "maxspeed": 0}}, {"type": "Feature", "geometry": {"type": "LineString", "coordinates": [[114.4072549, 30.5079606], [114.407314, 30.5079555], [114.4073526, 30.5079522], [114.407372, 30.5079505], [114.4073651, 30.5078979], [114.4074451, 30.5078905], [114.4075869, 30.5078774], [114.4077736, 30.5078602]]}, "properties": {"id": 41720, "name": " ", "road_class": "footway", "oneway": "B", "maxspeed": 0}}, {"type": "Feature", "geometry": {"type": "LineString", "coordinates": [[114.4076932, 30.513341], [114.4076378, 30.5130335]]}, "properties": {"id": 41721, "name": " ", "road_class": "path", "oneway": "B", "maxspeed": 0}}, {"type": "Feature", "geometry": {"type": "LineString", "coordinates": [[114.4058538, 30.5130212], [114.4057758, 30.5131695], [114.4056565, 30.5133315]]}, "properties": {"id": 41734, "name": " ", "road_class": "path", "oneway": "B", "maxspeed": 0}}, {"type": "Feature", "geometry": {"type": "LineString", "coordinates": [[114.4053543, 30.5130765], [114.4054561, 30.5130013], [114.4055199, 30.5129856], [114.4057227, 30.5130226], [114.4058538, 30.5130212], [114.4060177, 30.51304], [114.4061232, 30.5130722]]}, "properties": {"id": 41735, "name": " ", "road_class": "path", "oneway": "B", "maxspeed": 0}}, {"type": "Feature", "geometry": {"type": "LineString", "coordinates": [[114.4059097, 30.5135995], [114.4058393, 30.5135583], [114.4057845, 30.5134914], [114.4057396, 30.5134432], [114.4057144, 30.5133595], [114.4056565, 30.5133315], [114.4055621, 30.5132931], [114.4054174, 30.5131447], [114.4053968, 30.5131019], [114.4053543, 30.5130765], [114.4051699, 30.5129662], [114.4050639, 30.5128481]]}, "properties": {"id": 41736, "name": " ", "road_class": "path", "oneway": "B", "maxspeed": 0}}, {"type": "Feature", "geometry": {"type": "LineString", "coordinates": [[114.4059921, 30.5135263], [114.4060145, 30.513453], [114.4060457, 30.5133792], [114.4060336, 30.5133025], [114.4060006, 30.5132576], [114.4059444, 30.5132278], [114.4058678, 30.5131878], [114.4058294, 30.5131871], [114.4057758, 30.5131695]]}, "properties": {"id": 41737, "name": " ", "road_class": "path", "oneway": "B", "maxspeed": 0}}, {"type": "Feature", "geometry": {"type": "LineString", "coordinates": [[114.4060404, 30.5131974], [114.4061229, 30.5132243], [114.4063064, 30.5132298], [114.40636, 30.5132069], [114.4063767, 30.5131898], [114.4064852, 30.5131824], [114.4065729, 30.5131644]]}, "properties": {"id": 41739, "name": " ", "road_class": "path", "oneway": "B", "maxspeed": 0}}, {"type": "Feature", "geometry": {"type": "LineString", "coordinates": [[114.4065674, 30.5134573], [114.4068395, 30.5135992]]}, "properties": {"id": 41740, "name": " ", "road_class": "steps", "oneway": "B", "maxspeed": 0}}, {"type": "Feature", "geometry": {"type": "LineString", "coordinates": [[114.4063647, 30.5128287], [114.4065656, 30.5129345], [114.4065969, 30.5130285], [114.4065729, 30.5131644], [114.4065654, 30.5132065], [114.4065906, 30.5132881], [114.4065584, 30.5133471], [114.4065674, 30.5134573], [114.4064126, 30.5134499], [114.4063689, 30.5134638], [114.4061387, 30.5134333], [114.4060191, 30.5135128], [114.4059921, 30.5135263], [114.4059549, 30.5135448], [114.4059097, 30.5135995], [114.4058894, 30.5136562], [114.4058791, 30.513685]]}, "properties": {"id": 41741, "name": " ", "road_class": "path", "oneway": "B", "maxspeed": 0}}, {"type": "Feature", "geometry": {"type": "LineString", "coordinates": [[114.4067476, 30.5126868], [114.4065656, 30.5129345]]}, "properties": {"id": 41742, "name": " ", "road_class": "steps", "oneway": "B", "maxspeed": 0}}, {"type": "Feature", "geometry": {"type": "LineString", "coordinates": [[114.4089969, 30.5132591], [114.409204, 30.5131489], [114.4093311, 30.5131432], [114.4094114, 30.5130956], [114.4095738, 30.5130746]]}, "properties": {"id": 41743, "name": " ", "road_class": "path", "oneway": "B", "maxspeed": 0}}, {"type": "Feature", "geometry": {"type": "LineString", "coordinates": [[114.4091075, 30.5130485], [114.4089969, 30.5132591], [114.4089407, 30.5132789]]}, "properties": {"id": 41744, "name": " ", "road_class": "path", "oneway": "B", "maxspeed": 0}}, {"type": "Feature", "geometry": {"type": "LineString", "coordinates": [[114.4091711, 30.5129566], [114.4091478, 30.5129932], [114.4091075, 30.5130485], [114.4092081, 30.5130222], [114.40932, 30.5130002], [114.4093952, 30.5129814], [114.4094861, 30.512963]]}, "properties": {"id": 41745, "name": " ", "road_class": "path", "oneway": "B", "maxspeed": 0}}, {"type": "Feature", "geometry": {"type": "LineString", "coordinates": [[114.4083545, 30.5132171], [114.4084254, 30.5132067], [114.4084576, 30.5131505], [114.4084552, 30.5131004], [114.4084299, 30.5130341], [114.408384, 30.5129726], [114.4083735, 30.5129665]]}, "properties": {"id": 41746, "name": " ", "road_class": "path", "oneway": "B", "maxspeed": 0}}, {"type": "Feature", "geometry": {"type": "LineString", "coordinates": [[114.4082832, 30.513006], [114.4083268, 30.5131124], [114.4083545, 30.5132171], [114.4083988, 30.5132953]]}, "properties": {"id": 41747, "name": " ", "road_class": "path", "oneway": "B", "maxspeed": 0}}, {"type": "Feature", "geometry": {"type": "LineString", "coordinates": [[114.4073265, 30.513021], [114.4074414, 30.5130095], [114.4075237, 30.5130054], [114.4076378, 30.5130335], [114.4077469, 30.5129781], [114.4078506, 30.5129652], [114.4079402, 30.5129556], [114.4080353, 30.5128508], [114.4080885, 30.5128386], [114.4081322, 30.5128436]]}, "properties": {"id": 41748, "name": " ", "road_class": "path", "oneway": "B", "maxspeed": 0}}, {"type": "Feature", "geometry": {"type": "LineString", "coordinates": [[114.4069662, 30.512818], [114.4067876, 30.5128188]]}, "properties": {"id": 41749, "name": " ", "road_class": "steps", "oneway": "B", "maxspeed": 0}}, {"type": "Feature", "geometry": {"type": "LineString", "coordinates": [[114.4074099, 30.5133872], [114.4074642, 30.513355], [114.4074658, 30.5132025], [114.4074417, 30.5130872], [114.4073662, 30.5130283], [114.4073265, 30.513021], [114.4072326, 30.5130316], [114.4071741, 30.512978], [114.4069992, 30.512901], [114.4069662, 30.512818]]}, "properties": {"id": 41750, "name": " ", "road_class": "path", "oneway": "B", "maxspeed": 0}}, {"type": "Feature", "geometry": {"type": "LineString", "coordinates": [[114.4089407, 30.5132789], [114.4087419, 30.513249], [114.4085785, 30.5132664], [114.4083988, 30.5132953], [114.4081923, 30.5133551], [114.4080656, 30.5133358], [114.4079649, 30.5133172], [114.4076932, 30.513341], [114.4075667, 30.5133734], [114.4074099, 30.5133872], [114.4072723, 30.513384], [114.4071608, 30.5134242]]}, "properties": {"id": 41751, "name": " ", "road_class": "path", "oneway": "B", "maxspeed": 0}}, {"type": "Feature", "geometry": {"type": "LineString", "coordinates": [[114.4077437, 30.5091614], [114.4077939, 30.509538], [114.4078447, 30.5095846], [114.4078608, 30.5097115], [114.4078782, 30.509848]]}, "properties": {"id": 42033, "name": "关山大道", "road_class": "trunk_link", "oneway": "F", "maxspeed": 0}}, {"type": "Feature", "geometry": {"type": "LineString", "coordinates": [[114.3986411, 30.5092881], [114.3985726, 30.5092397], [114.3985377, 30.5091954], [114.3985186, 30.5091119], [114.39855, 30.5090198], [114.3985908, 30.5089811], [114.3986476, 30.5089611]]}, "properties": {"id": 42562, "name": " ", "road_class": "trunk_link", "oneway": "F", "maxspeed": 0}}, {"type": "Feature", "geometry": {"type": "LineString", "coordinates": [[114.3982892, 30.5091686], [114.39834, 30.5091508], [114.398367, 30.5091363], [114.3984014, 30.5090541], [114.3984367, 30.5089699], [114.3984399, 30.5089303], [114.3984457, 30.5088434]]}, "properties": {"id": 42907, "name": " ", "road_class": "footway", "oneway": "B", "maxspeed": 0}}, {"type": "Feature", "geometry": {"type": "LineString", "coordinates": [[114.3982658, 30.5093149], [114.3982793, 30.5092314], [114.3982892, 30.5091686], [114.3982524, 30.5091467], [114.3982181, 30.5091236], [114.3981912, 30.5090285], [114.3981644, 30.5089341], [114.3981693, 30.5088905], [114.3981794, 30.5088045]]}, "properties": {"id": 42908, "name": " ", "road_class": "footway", "oneway": "B", "maxspeed": 0}}, {"type": "Feature", "geometry": {"type": "LineString", "coordinates": [[114.4077268, 30.5102699], [114.4076353, 30.5102768], [114.4075738, 30.5102814], [114.4072693, 30.5100972], [114.4075972, 30.5100726], [114.4080224, 30.5100407], [114.4083028, 30.5100196], [114.4081058, 30.5102414], [114.4080447, 30.510246], [114.4079208, 30.5102553], [114.4079424, 30.5101299], [114.4079398, 30.5101068], [114.4079277, 30.5100964], [114.4079143, 30.5100872], [114.4078997, 30.5100849], [114.4076996, 30.5100999], [114.4076876, 30.5101068], [114.4076742, 30.5101184], [114.4076675, 30.5101346], [114.4076756, 30.5101554], [114.4077268, 30.5102699]]}, "properties": {"id": 42909, "name": " ", "road_class": "pedestrian", "oneway": "B", "maxspeed": 0}}, {"type": "Feature", "geometry": {"type": "LineString", "coordinates": [[114.4025547, 30.5093318], [114.4025579, 30.5093651], [114.4025934, 30.5094074], [114.4025849, 30.5094698], [114.4025646, 30.5095922]]}, "properties": {"id": 42910, "name": " ", "road_class": "unclassified", "oneway": "B", "maxspeed": 0}}, {"type": "Feature", "geometry": {"type": "LineString", "coordinates": [[114.4022734, 30.509552], [114.4023022, 30.50943], [114.4023152, 30.5093643], [114.4023341, 30.5093011]]}, "properties": {"id": 42911, "name": " ", "road_class": "unclassified", "oneway": "B", "maxspeed": 0}}, {"type": "Feature", "geometry": {"type": "LineString", "coordinates": [[114.4010795, 30.5090122], [114.4010802, 30.5090606], [114.4010893, 30.5091161], [114.4011108, 30.5091513], [114.4011652, 30.5092057], [114.4012325, 30.5092436], [114.4013441, 30.5092695], [114.4023152, 30.5093643], [114.4025934, 30.5094074], [114.4038581, 30.5095749]]}, "properties": {"id": 42912, "name": "珞雄路", "road_class": "secondary", "oneway": "F", "maxspeed": 0}}, {"type": "Feature", "geometry": {"type": "LineString", "coordinates": [[114.4046527, 30.5090901], [114.4046554, 30.5090279]]}, "properties": {"id": 42933, "name": " ", "road_class": "tertiary", "oneway": "B", "maxspeed": 0}}, {"type": "Feature", "geometry": {"type": "LineString", "coordinates": [[114.4042135, 30.5072333], [114.404293, 30.5072353]]}, "properties": {"id": 42934, "name": " ", "road_class": "unclassified", "oneway": "B", "maxspeed": 0}}, {"type": "Feature", "geometry": {"type": "LineString", "coordinates": [[114.4063887, 30.5077712], [114.4058436, 30.5078202]]}, "properties": {"id": 42935, "name": " ", "road_class": "residential", "oneway": "B", "maxspeed": 0}}, {"type": "Feature", "geometry": {"type": "LineString", "coordinates": [[114.4063289, 30.5072772], [114.4070506, 30.5072194]]}, "properties": {"id": 42936, "name": " ", "road_class": "residential", "oneway": "B", "maxspeed": 0}}, {"type": "Feature", "geometry": {"type": "LineString", "coordinates": [[114.4063543, 30.5074851], [114.4070747, 30.5074135]]}, "properties": {"id": 42937, "name": " ", "road_class": "residential", "oneway": "B", "maxspeed": 0}}, {"type": "Feature", "geometry": {"type": "LineString", "coordinates": [[114.4063788, 30.5076891], [114.4070935, 30.5076261]]}, "properties": {"id": 42938, "name": " ", "road_class": "residential", "oneway": "B", "maxspeed": 0}}, {"type": "Feature", "geometry": {"type": "LineString", "coordinates": [[114.4064015, 30.5078778], [114.4071257, 30.507811]]}, "properties": {"id": 42939, "name": " ", "road_class": "residential", "oneway": "B", "maxspeed": 0}}, {"type": "Feature", "geometry": {"type": "LineString", "coordinates": [[114.4058601, 30.5083425], [114.4064538, 30.5082936], [114.4069621, 30.508257]]}, "properties": {"id": 42940, "name": " ", "road_class": "residential", "oneway": "B", "maxspeed": 0}}, {"type": "Feature", "geometry": {"type": "LineString", "coordinates": [[114.4058814, 30.5085322], [114.4064758, 30.5084828], [114.4069809, 30.5084419]]}, "properties": {"id": 42941, "name": " ", "road_class": "residential", "oneway": "B", "maxspeed": 0}}, {"type": "Feature", "geometry": {"type": "LineString", "coordinates": [[114.4059136, 30.5088185], [114.4065082, 30.5087613]]}, "properties": {"id": 42942, "name": " ", "road_class": "residential", "oneway": "B", "maxspeed": 0}}, {"type": "Feature", "geometry": {"type": "LineString", "coordinates": [[114.4059446, 30.5090936], [114.4065405, 30.5090386]]}, "properties": {"id": 42943, "name": " ", "road_class": "residential", "oneway": "B", "maxspeed": 0}}, {"type": "Feature", "geometry": {"type": "LineString", "coordinates": [[114.4059328, 30.508989], [114.4046527, 30.5090901], [114.4046286, 30.509253], [114.4046762, 30.5095077], [114.4046775, 30.5096915], [114.4046734, 30.5097232], [114.4046753, 30.5097576], [114.4046766, 30.5097888], [114.4046807, 30.509901]]}, "properties": {"id": 42944, "name": " ", "road_class": "tertiary", "oneway": "B", "maxspeed": 0}}, {"type": "Feature", "geometry": {"type": "LineString", "coordinates": [[114.4063395, 30.5073617], [114.4054493, 30.5074597]]}, "properties": {"id": 42945, "name": " ", "road_class": "residential", "oneway": "B", "maxspeed": 0}}, {"type": "Feature", "geometry": {"type": "LineString", "coordinates": [[114.4061943, 30.5061501], [114.4063289, 30.5072772], [114.4063395, 30.5073617], [114.4063543, 30.5074851], [114.4063788, 30.5076891], [114.4063887, 30.5077712], [114.4064015, 30.5078778], [114.4064255, 30.5080776], [114.4064538, 30.5082936], [114.4064758, 30.5084828], [114.4065082, 30.5087613], [114.4065405, 30.5090386], [114.4065517, 30.5091351]]}, "properties": {"id": 42946, "name": " ", "road_class": "residential", "oneway": "B", "maxspeed": 0}}, {"type": "Feature", "geometry": {"type": "LineString", "coordinates": [[114.4072571, 30.5080095], [114.4071848, 30.5080154], [114.4064255, 30.5080776], [114.4058382, 30.5081276], [114.4058601, 30.5083425], [114.4058814, 30.5085322], [114.4059136, 30.5088185], [114.4059328, 30.508989], [114.4059446, 30.5090936], [114.4060072, 30.5096504]]}, "properties": {"id": 42947, "name": " ", "road_class": "residential", "oneway": "B", "maxspeed": 0}}, {"type": "Feature", "geometry": {"type": "LineString", "coordinates": [[114.4040157, 30.509647], [114.4045106, 30.5097163], [114.4046734, 30.5097232], [114.4055673, 30.5097232], [114.40557, 30.5097498], [114.4066161, 30.5096481], [114.4069137, 30.509624], [114.4070654, 30.5095823], [114.4071928, 30.5095384], [114.407284, 30.5094644], [114.4073886, 30.5093142], [114.4073993, 30.5091836], [114.4072571, 30.5080095], [114.4072549, 30.5079606], [114.4069943, 30.5060919], [114.4069954, 30.5060473], [114.4069959, 30.5060212], [114.4068842, 30.5045873], [114.4068565, 30.5043008], [114.4067584, 30.5038882]]}, "properties": {"id": 42948, "name": " ", "road_class": "footway", "oneway": "B", "maxspeed": 0}}, {"type": "Feature", "geometry": {"type": "LineString", "coordinates": [[114.4068565, 30.5043008], [114.4067113, 30.5043169]]}, "properties": {"id": 42949, "name": " ", "road_class": "footway", "oneway": "B", "maxspeed": 0}}, {"type": "Feature", "geometry": {"type": "LineString", "coordinates": [[114.4012125, 30.5059515], [114.4014059, 30.505874], [114.4014792, 30.5058446]]}, "properties": {"id": 42950, "name": " ", "road_class": "unclassified", "oneway": "B", "maxspeed": 0}}, {"type": "Feature", "geometry": {"type": "LineString", "coordinates": [[114.404335, 30.5047467], [114.4041308, 30.504749]]}, "properties": {"id": 42951, "name": " ", "road_class": "unclassified", "oneway": "B", "maxspeed": 0}}, {"type": "Feature", "geometry": {"type": "LineString", "coordinates": [[114.4043389, 30.5055995], [114.40448, 30.5055926]]}, "properties": {"id": 42952, "name": " ", "road_class": "unclassified", "oneway": "B", "maxspeed": 0}}, {"type": "Feature", "geometry": {"type": "LineString", "coordinates": [[114.4043345, 30.5046335], [114.404457, 30.5046382]]}, "properties": {"id": 42953, "name": " ", "road_class": "unclassified", "oneway": "B", "maxspeed": 0}}, {"type": "Feature", "geometry": {"type": "LineString", "coordinates": [[114.4014014, 30.5069601], [114.4015281, 30.5069724], [114.4015601, 30.5069756], [114.4016178, 30.5069317]]}, "properties": {"id": 42954, "name": " ", "road_class": "unclassified", "oneway": "B", "maxspeed": 0}}, {"type": "Feature", "geometry": {"type": "LineString", "coordinates": [[114.4022288, 30.5074165], [114.4015762, 30.5073349]]}, "properties": {"id": 42955, "name": " ", "road_class": "residential", "oneway": "B", "maxspeed": 0}}, {"type": "Feature", "geometry": {"type": "LineString", "coordinates": [[114.4021931, 30.5076492], [114.4015145, 30.5075591]]}, "properties": {"id": 42956, "name": " ", "road_class": "residential", "oneway": "B", "maxspeed": 0}}, {"type": "Feature", "geometry": {"type": "LineString", "coordinates": [[114.4022118, 30.5069187], [114.4022763, 30.5071062], [114.4022288, 30.5074165], [114.4021931, 30.5076492], [114.4025525, 30.5077024]]}, "properties": {"id": 42957, "name": " ", "road_class": "residential", "oneway": "B", "maxspeed": 0}}, {"type": "Feature", "geometry": {"type": "LineString", "coordinates": [[114.4016178, 30.5069317], [114.4022118, 30.5069187], [114.4026223, 30.5069097], [114.4027591, 30.5070969], [114.4028637, 30.5071085]]}, "properties": {"id": 42958, "name": " ", "road_class": "residential", "oneway": "B", "maxspeed": 0}}, {"type": "Feature", "geometry": {"type": "LineString", "coordinates": [[114.4025985, 30.5041673], [114.4032459, 30.5039231], [114.403301, 30.5038766], [114.4033625, 30.5038272], [114.4032635, 30.5036176], [114.4032345, 30.503571], [114.4032109, 30.5035332], [114.4030798, 30.5035995], [114.4030496, 30.503602], [114.4029758, 30.5036358], [114.4029031, 30.5036691], [114.4028702, 30.5036814], [114.4028864, 30.5037139], [114.402803, 30.5037444], [114.4027358, 30.5037687], [114.4026732, 30.5037914], [114.4024693, 30.5038648], [114.4025114, 30.5039473], [114.4025653, 30.5040531], [114.4025695, 30.5041051], [114.4025823, 30.5041325], [114.4025985, 30.5041673]]}, "properties": {"id": 42959, "name": " ", "road_class": "pedestrian", "oneway": "B", "maxspeed": 0}}, {"type": "Feature", "geometry": {"type": "LineString", "coordinates": [[114.3993592, 30.5079926], [114.3993873, 30.5078836], [114.3993875, 30.5078433]]}, "properties": {"id": 42960, "name": " ", "road_class": "unclassified", "oneway": "B", "maxspeed": 0}}, {"type": "Feature", "geometry": {"type": "LineString", "coordinates": [[114.3982161, 30.5072339], [114.3984137, 30.5071719]]}, "properties": {"id": 42961, "name": " ", "road_class": "unclassified", "oneway": "B", "maxspeed": 0}}, {"type": "Feature", "geometry": {"type": "LineString", "coordinates": [[114.3981907, 30.5085191], [114.3985241, 30.5085552]]}, "properties": {"id": 42962, "name": "地面直达顶楼电梯", "road_class": "footway", "oneway": "B", "maxspeed": 0}}, {"type": "Feature", "geometry": {"type": "LineString", "coordinates": [[114.4008665, 30.5047714], [114.4009583, 30.5047337]]}, "properties": {"id": 43357, "name": "往地下一层", "road_class": "steps", "oneway": "B", "maxspeed": 0}}, {"type": "Feature", "geometry": {"type": "LineString", "coordinates": [[114.4032345, 30.503571], [114.4039571, 30.5031994], [114.4042798, 30.5030613]]}, "properties": {"id": 43358, "name": " ", "road_class": "footway", "oneway": "B", "maxspeed": 0}}, {"type": "Feature", "geometry": {"type": "LineString", "coordinates": [[114.4133382, 30.5084464], [114.4127128, 30.5085043]]}, "properties": {"id": 43584, "name": " ", "road_class": "service", "oneway": "B", "maxspeed": 0}}, {"type": "Feature", "geometry": {"type": "LineString", "coordinates": [[114.4125202, 30.5077766], [114.4130588, 30.5077255]]}, "properties": {"id": 43585, "name": " ", "road_class": "residential", "oneway": "B", "maxspeed": 0}}, {"type": "Feature", "geometry": {"type": "LineString", "coordinates": [[114.4125444, 30.5079456], [114.4124418, 30.5079728], [114.412356, 30.5080398], [114.4123372, 30.5081206], [114.412336, 30.5081383], [114.4123346, 30.5081599], [114.4123533, 30.5082131], [114.4123748, 30.5082639], [114.4124231, 30.5082893], [114.4124874, 30.5083032], [114.4125658, 30.508306]]}, "properties": {"id": 43586, "name": " ", "road_class": "path", "oneway": "B", "maxspeed": 0}}, {"type": "Feature", "geometry": {"type": "LineString", "coordinates": [[114.4130319, 30.5074597], [114.4124821, 30.5075106], [114.411782, 30.5075614], [114.4117337, 30.507603], [114.4114789, 30.5080467], [114.4115406, 30.5085435], [114.4115674, 30.5087862], [114.411774, 30.5087769]]}, "properties": {"id": 43587, "name": " ", "road_class": "residential", "oneway": "B", "maxspeed": 0}}, {"type": "Feature", "geometry": {"type": "LineString", "coordinates": [[114.4117903, 30.508902], [114.411774, 30.5087769], [114.4124579, 30.5087145], [114.4125411, 30.5086475], [114.4125545, 30.508599], [114.4125658, 30.508306], [114.4125706, 30.5081807], [114.4125599, 30.5080536], [114.4125444, 30.5079456], [114.4125202, 30.5077766], [114.4124821, 30.5075106]]}, "properties": {"id": 43588, "name": " ", "road_class": "residential", "oneway": "B", "maxspeed": 0}}, {"type": "Feature", "geometry": {"type": "LineString", "coordinates": [[114.4118066, 30.5090267], [114.4117984, 30.5089641], [114.4117903, 30.508902]]}, "properties": {"id": 43589, "name": " ", "road_class": "residential", "oneway": "B", "maxspeed": 0}}, {"type": "Feature", "geometry": {"type": "LineString", "coordinates": [[114.411828, 30.5091913], [114.4118066, 30.5090267]]}, "properties": {"id": 43590, "name": " ", "road_class": "residential", "oneway": "B", "maxspeed": 0}}, {"type": "Feature", "geometry": {"type": "LineString", "coordinates": [[114.4125599, 30.5080536], [114.4126402, 30.5080459], [114.4132786, 30.5079841]]}, "properties": {"id": 43591, "name": " ", "road_class": "residential", "oneway": "F", "maxspeed": 0}}, {"type": "Feature", "geometry": {"type": "LineString", "coordinates": [[114.4132941, 30.5081046], [114.4126617, 30.5081711], [114.4125706, 30.5081807]]}, "properties": {"id": 43592, "name": " ", "road_class": "residential", "oneway": "F", "maxspeed": 0}}, {"type": "Feature", "geometry": {"type": "LineString", "coordinates": [[114.4151448, 30.5078883], [114.4151249, 30.5077203]]}, "properties": {"id": 43593, "name": " ", "road_class": "path", "oneway": "B", "maxspeed": 0}}, {"type": "Feature", "geometry": {"type": "LineString", "coordinates": [[114.4142514, 30.5079726], [114.4151448, 30.5078883], [114.4159657, 30.5078109]]}, "properties": {"id": 43594, "name": " ", "road_class": "residential", "oneway": "B", "maxspeed": 0}}, {"type": "Feature", "geometry": {"type": "LineString", "coordinates": [[114.4159976, 30.5080614], [114.4162211, 30.5081345], [114.4166046, 30.5081068]]}, "properties": {"id": 43595, "name": " ", "road_class": "residential", "oneway": "B", "maxspeed": 0}}, {"type": "Feature", "geometry": {"type": "LineString", "coordinates": [[114.4158962, 30.5073096], [114.4164652, 30.5072656]]}, "properties": {"id": 43596, "name": " ", "road_class": "residential", "oneway": "B", "maxspeed": 0}}, {"type": "Feature", "geometry": {"type": "LineString", "coordinates": [[114.4159354, 30.5076003], [114.4164169, 30.5075568]]}, "properties": {"id": 43597, "name": " ", "road_class": "residential", "oneway": "B", "maxspeed": 0}}, {"type": "Feature", "geometry": {"type": "LineString", "coordinates": [[114.4159673, 30.5078368], [114.4164652, 30.5077948]]}, "properties": {"id": 43598, "name": " ", "road_class": "residential", "oneway": "B", "maxspeed": 0}}, {"type": "Feature", "geometry": {"type": "LineString", "coordinates": [[114.4151908, 30.5074817], [114.4153279, 30.507499], [114.4154566, 30.5074898], [114.4155693, 30.5074736], [114.415682, 30.5074852], [114.4157866, 30.5074574], [114.4159199, 30.5074223]]}, "properties": {"id": 43599, "name": " ", "road_class": "path", "oneway": "B", "maxspeed": 0}}, {"type": "Feature", "geometry": {"type": "LineString", "coordinates": [[114.4152521, 30.507606], [114.4153145, 30.5076631], [114.4153145, 30.5077024], [114.4153091, 30.5077347], [114.415352, 30.5077555], [114.415403, 30.5077532], [114.4154835, 30.5077671], [114.4155452, 30.5077694], [114.4155773, 30.5077301], [114.4156685, 30.5077139], [114.4157651, 30.5077324], [114.4158643, 30.5077486], [114.4159601, 30.5077207]]}, "properties": {"id": 43600, "name": " ", "road_class": "path", "oneway": "B", "maxspeed": 0}}, {"type": "Feature", "geometry": {"type": "LineString", "coordinates": [[114.4148773, 30.5077047], [114.4150022, 30.5076973]]}, "properties": {"id": 43601, "name": " ", "road_class": "path", "oneway": "B", "maxspeed": 0}}, {"type": "Feature", "geometry": {"type": "LineString", "coordinates": [[114.4142325, 30.5078322], [114.4143489, 30.5078688], [114.4146922, 30.5078457], [114.4147566, 30.5078364], [114.4148263, 30.5077809], [114.4148773, 30.5077047], [114.4148666, 30.5076446], [114.414829, 30.5075961], [114.4147915, 30.5075707]]}, "properties": {"id": 43602, "name": " ", "road_class": "path", "oneway": "B", "maxspeed": 0}}, {"type": "Feature", "geometry": {"type": "LineString", "coordinates": [[114.4141894, 30.5072816], [114.4143677, 30.5072864], [114.414483, 30.5073165], [114.4145662, 30.507298], [114.4148988, 30.5072841], [114.4149658, 30.5073211], [114.4150221, 30.5073326], [114.4150704, 30.5073257], [114.4151106, 30.5072957], [114.4151509, 30.5072656], [114.4154781, 30.5072286], [114.4156793, 30.5072009], [114.4157463, 30.5071593], [114.4157663, 30.5071303]]}, "properties": {"id": 43603, "name": " ", "road_class": "path", "oneway": "B", "maxspeed": 0}}, {"type": "Feature", "geometry": {"type": "LineString", "coordinates": [[114.4147351, 30.5075452], [114.4147915, 30.5074759], [114.4148692, 30.5074366], [114.4149846, 30.5074274], [114.4150883, 30.5074547]]}, "properties": {"id": 43604, "name": " ", "road_class": "path", "oneway": "B", "maxspeed": 0}}, {"type": "Feature", "geometry": {"type": "LineString", "coordinates": [[114.4141976, 30.5075713], [114.4143891, 30.5075637], [114.4144696, 30.5075915], [114.4145501, 30.5075776], [114.4146386, 30.5075545], [114.4147351, 30.5075452], [114.4147915, 30.5075707], [114.4148558, 30.5075522], [114.414941, 30.5075731]]}, "properties": {"id": 43605, "name": " ", "road_class": "path", "oneway": "B", "maxspeed": 0}}, {"type": "Feature", "geometry": {"type": "LineString", "coordinates": [[114.4142596, 30.5080336], [114.4137534, 30.5080883]]}, "properties": {"id": 43606, "name": " ", "road_class": "path", "oneway": "B", "maxspeed": 0}}, {"type": "Feature", "geometry": {"type": "LineString", "coordinates": [[114.4141733, 30.5073903], [114.413394, 30.5074667]]}, "properties": {"id": 43607, "name": " ", "road_class": "path", "oneway": "B", "maxspeed": 0}}, {"type": "Feature", "geometry": {"type": "LineString", "coordinates": [[114.4159232, 30.508448], [114.415872, 30.508074]]}, "properties": {"id": 43608, "name": " ", "road_class": "residential", "oneway": "B", "maxspeed": 0}}, {"type": "Feature", "geometry": {"type": "LineString", "coordinates": [[114.4162572, 30.5088739], [114.4162434, 30.5087781], [114.4162125, 30.5085667], [114.4161914, 30.5084219]]}, "properties": {"id": 43609, "name": " ", "road_class": "residential", "oneway": "B", "maxspeed": 0}}, {"type": "Feature", "geometry": {"type": "LineString", "coordinates": [[114.4143693, 30.5082246], [114.4144481, 30.508294], [114.4146654, 30.5084696], [114.4149658, 30.5085412], [114.4159232, 30.508448], [114.4161914, 30.5084219], [114.4166744, 30.5083748]]}, "properties": {"id": 43610, "name": " ", "road_class": "residential", "oneway": "B", "maxspeed": 0}}, {"type": "Feature", "geometry": {"type": "LineString", "coordinates": [[114.4142099, 30.507663], [114.4141976, 30.5075713], [114.4141733, 30.5073903], [114.4141665, 30.5073396], [114.4141894, 30.5072816], [114.4142141, 30.5072453], [114.4143531, 30.5071565], [114.4155936, 30.5070189], [114.4157663, 30.5071303], [114.4158838, 30.5072179]]}, "properties": {"id": 43611, "name": " ", "road_class": "residential", "oneway": "B", "maxspeed": 0}}, {"type": "Feature", "geometry": {"type": "LineString", "coordinates": [[114.4142099, 30.507663], [114.4135033, 30.5077338], [114.4132496, 30.5077592]]}, "properties": {"id": 43612, "name": " ", "road_class": "residential", "oneway": "F", "maxspeed": 0}}, {"type": "Feature", "geometry": {"type": "LineString", "coordinates": [[114.4158628, 30.5070622], [114.4158838, 30.5072179], [114.4158962, 30.5073096], [114.4159199, 30.5074223], [114.4159354, 30.5076003], [114.4159601, 30.5077207], [114.4159657, 30.5078109], [114.4159673, 30.5078368], [114.4159976, 30.5080614], [114.415872, 30.508074], [114.4143693, 30.5082246], [114.4142767, 30.5081614], [114.4142596, 30.5080336], [114.4142514, 30.5079726], [114.4142325, 30.5078322], [114.4142099, 30.507663]]}, "properties": {"id": 43613, "name": " ", "road_class": "residential", "oneway": "B", "maxspeed": 0}}, {"type": "Feature", "geometry": {"type": "LineString", "coordinates": [[114.4234093, 30.5081651], [114.423418, 30.508277]]}, "properties": {"id": 43972, "name": " ", "road_class": "path", "oneway": "B", "maxspeed": 0}}, {"type": "Feature", "geometry": {"type": "LineString", "coordinates": [[114.4228717, 30.5082068], [114.4230658, 30.5081917]]}, "properties": {"id": 43973, "name": " ", "road_class": "steps", "oneway": "B", "maxspeed": 0}}, {"type": "Feature", "geometry": {"type": "LineString", "coordinates": [[114.4229145, 30.5086209], [114.4231103, 30.5086058]]}, "properties": {"id": 43974, "name": " ", "road_class": "steps", "oneway": "B", "maxspeed": 0}}, {"type": "Feature", "geometry": {"type": "LineString", "coordinates": [[114.4234805, 30.508577], [114.4234682, 30.5084677]]}, "properties": {"id": 43975, "name": " ", "road_class": "path", "oneway": "B", "maxspeed": 0}}, {"type": "Feature", "geometry": {"type": "LineString", "coordinates": [[114.4230658, 30.5081917], [114.4234093, 30.5081651]]}, "properties": {"id": 43981, "name": " ", "road_class": "path", "oneway": "B", "maxspeed": 0}}, {"type": "Feature", "geometry": {"type": "LineString", "coordinates": [[114.4231103, 30.5086058], [114.4234805, 30.508577]]}, "properties": {"id": 43982, "name": " ", "road_class": "path", "oneway": "B", "maxspeed": 0}}, {"type": "Feature", "geometry": {"type": "LineString", "coordinates": [[114.4231103, 30.5086058], [114.4230658, 30.5081917]]}, "properties": {"id": 43983, "name": " ", "road_class": "path", "oneway": "B", "maxspeed": 0}}, {"type": "Feature", "geometry": {"type": "LineString", "coordinates": [[114.422884, 30.5083138], [114.4228717, 30.5082068]]}, "properties": {"id": 43984, "name": " ", "road_class": "steps", "oneway": "B", "maxspeed": 0}}, {"type": "Feature", "geometry": {"type": "LineString", "coordinates": [[114.4228997, 30.5085149], [114.4229145, 30.5086209]]}, "properties": {"id": 43985, "name": " ", "road_class": "steps", "oneway": "B", "maxspeed": 0}}, {"type": "Feature", "geometry": {"type": "LineString", "coordinates": [[114.4238968, 30.4866916], [114.4238834, 30.4869875], [114.42387, 30.4871077], [114.4238432, 30.4872047], [114.423811, 30.4872787], [114.4237627, 30.4873596], [114.4236903, 30.4874567], [114.4236285, 30.4875098], [114.4235267, 30.4875769], [114.423426, 30.4876168], [114.423304, 30.4876439], [114.423186, 30.4876647], [114.4231134, 30.4876748], [114.4228026, 30.4877208], [114.4218749, 30.4878385], [114.4216712, 30.4878806], [114.4213697, 30.4879216], [114.4210994, 30.4879541], [114.4205132, 30.4879751]]}, "properties": {"id": 44242, "name": " ", "road_class": "secondary", "oneway": "F", "maxspeed": 0}}, {"type": "Feature", "geometry": {"type": "LineString", "coordinates": [[114.4206584, 30.4876833], [114.4208552, 30.4876901], [114.421059, 30.4876763], [114.4230546, 30.4874081], [114.4231552, 30.487392], [114.4233067, 30.4873573], [114.4234087, 30.4873157], [114.4235267, 30.4872579], [114.4236179, 30.4871978], [114.4236983, 30.4871192], [114.4237466, 30.4870522], [114.4237842, 30.4869852], [114.4238044, 30.4869295], [114.4238137, 30.4868557], [114.4238217, 30.4866939]]}, "properties": {"id": 44243, "name": " ", "road_class": "secondary", "oneway": "F", "maxspeed": 0}}, {"type": "Feature", "geometry": {"type": "LineString", "coordinates": [[114.4200529, 30.4882167], [114.4201176, 30.4881524], [114.4205494, 30.4880992], [114.4206314, 30.488132]]}, "properties": {"id": 44244, "name": " ", "road_class": "footway", "oneway": "B", "maxspeed": 0}}, {"type": "Feature", "geometry": {"type": "LineString", "coordinates": [[114.4200476, 30.4877071], [114.4200854, 30.4877271], [114.4205065, 30.4876809], [114.4205614, 30.4876151]]}, "properties": {"id": 44245, "name": " ", "road_class": "footway", "oneway": "B", "maxspeed": 0}}, {"type": "Feature", "geometry": {"type": "LineString", "coordinates": [[114.4198866, 30.4867788], [114.4199921, 30.4867676]]}, "properties": {"id": 44246, "name": " ", "road_class": "footway", "oneway": "B", "maxspeed": 0}}, {"type": "Feature", "geometry": {"type": "LineString", "coordinates": [[114.4203584, 30.4868044], [114.4204176, 30.4868019]]}, "properties": {"id": 44247, "name": " ", "road_class": "footway", "oneway": "B", "maxspeed": 0}}, {"type": "Feature", "geometry": {"type": "LineString", "coordinates": [[114.3940997, 30.5122674], [114.3945833, 30.5123771], [114.3949407, 30.5123923], [114.3958213, 30.5124863]]}, "properties": {"id": 44394, "name": " ", "road_class": "residential", "oneway": "F", "maxspeed": 0}}, {"type": "Feature", "geometry": {"type": "LineString", "coordinates": [[114.4016338, 30.497506], [114.4016054, 30.4971459], [114.4015712, 30.4971234], [114.4008071, 30.4971991], [114.4007384, 30.4972132], [114.4006857, 30.4972352], [114.4006418, 30.4972584], [114.4005997, 30.4972801], [114.4005765, 30.4973141], [114.4005647, 30.4973571], [114.4005667, 30.4973955], [114.4005781, 30.4974378], [114.4006348, 30.4975971]]}, "properties": {"id": 44609, "name": " ", "road_class": "residential", "oneway": "B", "maxspeed": 0}}, {"type": "Feature", "geometry": {"type": "LineString", "coordinates": [[114.399411, 30.4977042], [114.3995708, 30.4977089], [114.3998026, 30.49769], [114.4006348, 30.4975971], [114.4016338, 30.497506]]}, "properties": {"id": 44610, "name": " ", "road_class": "tertiary", "oneway": "B", "maxspeed": 0}}, {"type": "Feature", "geometry": {"type": "LineString", "coordinates": [[114.4114123, 30.5099507], [114.4116132, 30.510042]]}, "properties": {"id": 45097, "name": " ", "road_class": "unclassified", "oneway": "B", "maxspeed": 0}}, {"type": "Feature", "geometry": {"type": "LineString", "coordinates": [[114.4105853, 30.510904], [114.410635, 30.5107986], [114.4105566, 30.5101364], [114.4104642, 30.5100285], [114.4104084, 30.5099634], [114.4093507, 30.5100563], [114.4094628, 30.5110026]]}, "properties": {"id": 45098, "name": " ", "road_class": "path", "oneway": "B", "maxspeed": 0}}, {"type": "Feature", "geometry": {"type": "LineString", "coordinates": [[114.4094628, 30.5110026], [114.409604, 30.5109902], [114.4105853, 30.510904], [114.4112327, 30.5108471]]}, "properties": {"id": 45099, "name": " ", "road_class": "path", "oneway": "B", "maxspeed": 0}}, {"type": "Feature", "geometry": {"type": "LineString", "coordinates": [[114.4118174, 30.5102036], [114.4118832, 30.5102326]]}, "properties": {"id": 45100, "name": " ", "road_class": "service", "oneway": "B", "maxspeed": 0}}, {"type": "Feature", "geometry": {"type": "LineString", "coordinates": [[114.4117993, 30.5103593], [114.4119128, 30.5104151], [114.4120745, 30.5101708], [114.411961, 30.510115], [114.4118832, 30.5102326], [114.4117993, 30.5103593]]}, "properties": {"id": 45101, "name": " ", "road_class": "steps", "oneway": "B", "maxspeed": 0}}, {"type": "Feature", "geometry": {"type": "LineString", "coordinates": [[114.4124323, 30.5110817], [114.4123769, 30.5110864]]}, "properties": {"id": 45102, "name": " ", "road_class": "service", "oneway": "B", "maxspeed": 0}}, {"type": "Feature", "geometry": {"type": "LineString", "coordinates": [[114.4131188, 30.5110255], [114.4132048, 30.5110195]]}, "properties": {"id": 45103, "name": " ", "road_class": "service", "oneway": "B", "maxspeed": 0}}, {"type": "Feature", "geometry": {"type": "LineString", "coordinates": [[114.4129365, 30.5110709], [114.413122, 30.5110564], [114.4131188, 30.5110255], [114.4131151, 30.5109898], [114.4129295, 30.5110043], [114.4129365, 30.5110709]]}, "properties": {"id": 45104, "name": " ", "road_class": "steps", "oneway": "B", "maxspeed": 0}}, {"type": "Feature", "geometry": {"type": "LineString", "coordinates": [[114.4126104, 30.5110987], [114.4124354, 30.511112], [114.4124323, 30.5110817], [114.412429, 30.5110496], [114.412604, 30.5110362], [114.4126104, 30.5110987]]}, "properties": {"id": 45105, "name": " ", "road_class": "steps", "oneway": "B", "maxspeed": 0}}, {"type": "Feature", "geometry": {"type": "LineString", "coordinates": [[114.4249712, 30.4922484], [114.425475, 30.4933131], [114.4255772, 30.4935734], [114.4257102, 30.4938265], [114.4257565, 30.4938646]]}, "properties": {"id": 46437, "name": "海纳路", "road_class": "secondary", "oneway": "F", "maxspeed": 0}}, {"type": "Feature", "geometry": {"type": "LineString", "coordinates": [[114.422313, 30.4905057], [114.4223117, 30.490455], [114.4223103, 30.4904019], [114.4223028, 30.4903448], [114.4222537, 30.4901705], [114.4222156, 30.4899837], [114.4222153, 30.4899413], [114.4222214, 30.4898977], [114.422235, 30.4898558], [114.4224445, 30.4895491], [114.4224902, 30.4895181], [114.4225428, 30.4895006], [114.4234498, 30.4893856], [114.4235152, 30.4893917], [114.4235709, 30.4894144], [114.423617, 30.489453], [114.4236557, 30.4895135], [114.4237242, 30.4896593], [114.4237803, 30.4898328], [114.4237984, 30.4899585], [114.4237408, 30.4900309]]}, "properties": {"id": 46438, "name": " ", "road_class": "service", "oneway": "F", "maxspeed": 0}}, {"type": "Feature", "geometry": {"type": "LineString", "coordinates": [[114.4232004, 30.4900543], [114.4225876, 30.490281]]}, "properties": {"id": 46439, "name": " ", "road_class": "service", "oneway": "F", "maxspeed": 0}}, {"type": "Feature", "geometry": {"type": "LineString", "coordinates": [[114.4220067, 30.4904391], [114.4219589, 30.4901633]]}, "properties": {"id": 46440, "name": " ", "road_class": "service", "oneway": "F", "maxspeed": 0}}, {"type": "Feature", "geometry": {"type": "LineString", "coordinates": [[114.4225841, 30.4878779], [114.4222827, 30.4879153]]}, "properties": {"id": 46441, "name": " ", "road_class": "service", "oneway": "F", "maxspeed": 0}}, {"type": "Feature", "geometry": {"type": "LineString", "coordinates": [[114.4236903, 30.4874567], [114.4236409, 30.487577], [114.4233936, 30.4878168], [114.4229991, 30.4882545], [114.422899, 30.4883782], [114.4228279, 30.4884561], [114.4221413, 30.4885479], [114.4220758, 30.4885482], [114.4220332, 30.4885279], [114.421847, 30.4883987], [114.4217871, 30.4883572], [114.4212552, 30.4880147], [114.4210994, 30.4879541]]}, "properties": {"id": 46442, "name": " ", "road_class": "service", "oneway": "F", "maxspeed": 0}}, {"type": "Feature", "geometry": {"type": "LineString", "coordinates": [[114.4219092, 30.4883036], [114.4218718, 30.4880538]]}, "properties": {"id": 46443, "name": " ", "road_class": "service", "oneway": "F", "maxspeed": 0}}, {"type": "Feature", "geometry": {"type": "LineString", "coordinates": [[114.4229991, 30.4882545], [114.421847, 30.4883987]]}, "properties": {"id": 46444, "name": " ", "road_class": "service", "oneway": "F", "maxspeed": 0}}, {"type": "Feature", "geometry": {"type": "LineString", "coordinates": [[114.4219617, 30.4880432], [114.4218164, 30.4879226], [114.4216712, 30.4878806]]}, "properties": {"id": 46445, "name": " ", "road_class": "service", "oneway": "F", "maxspeed": 0}}, {"type": "Feature", "geometry": {"type": "LineString", "coordinates": [[114.4004581, 30.5038008], [114.4006369, 30.5041076], [114.4008889, 30.5039928], [114.40048, 30.5034421], [114.4003253, 30.5034981], [114.4004581, 30.5038008]]}, "properties": {"id": 46506, "name": " ", "road_class": "service", "oneway": "B", "maxspeed": 0}}, {"type": "Feature", "geometry": {"type": "LineString", "coordinates": [[114.4165456, 30.4888546], [114.41645, 30.488828], [114.4164288, 30.4888036], [114.4164102, 30.4887342], [114.4164129, 30.4887014], [114.4164702, 30.4886563]]}, "properties": {"id": 48678, "name": " ", "road_class": "tertiary", "oneway": "F", "maxspeed": 0}}, {"type": "Feature", "geometry": {"type": "LineString", "coordinates": [[114.4238217, 30.4866939], [114.4238968, 30.4866916]]}, "properties": {"id": 48681, "name": " ", "road_class": "service", "oneway": "B", "maxspeed": 0}}, {"type": "Feature", "geometry": {"type": "LineString", "coordinates": [[114.422752, 30.4926834], [114.4240594, 30.4923027]]}, "properties": {"id": 48686, "name": " ", "road_class": "tertiary", "oneway": "T", "maxspeed": 0}}, {"type": "Feature", "geometry": {"type": "LineString", "coordinates": [[114.4240165, 30.4922245], [114.422734, 30.4926076]]}, "properties": {"id": 48687, "name": " ", "road_class": "tertiary", "oneway": "T", "maxspeed": 0}}, {"type": "Feature", "geometry": {"type": "LineString", "coordinates": [[114.4125845, 30.5048795], [114.4125271, 30.5048844]]}, "properties": {"id": 48710, "name": " ", "road_class": "service", "oneway": "B", "maxspeed": 0}}, {"type": "Feature", "geometry": {"type": "LineString", "coordinates": [[114.4128756, 30.504855], [114.4126987, 30.5048699], [114.4126645, 30.5048727], [114.4125845, 30.5048795]]}, "properties": {"id": 48711, "name": " ", "road_class": "service", "oneway": "B", "maxspeed": 0}}, {"type": "Feature", "geometry": {"type": "LineString", "coordinates": [[114.4126645, 30.5048727], [114.4127208, 30.5053822], [114.4125974, 30.50547], [114.4119751, 30.5055243], [114.4112117, 30.505591], [114.4111302, 30.5054978], [114.4110042, 30.5043954], [114.4110058, 30.5043552], [114.4110364, 30.504303], [114.4110847, 30.5042776], [114.4118316, 30.5042163]]}, "properties": {"id": 48712, "name": " ", "road_class": "service", "oneway": "B", "maxspeed": 0}}, {"type": "Feature", "geometry": {"type": "LineString", "coordinates": [[114.4119751, 30.5055243], [114.4119282, 30.5050229], [114.4119671, 30.5049397], [114.4119215, 30.5048692], [114.4118316, 30.5042163], [114.4118263, 30.5041782], [114.4118665, 30.5041077], [114.411841, 30.5038489], [114.411782, 30.5037957], [114.4117512, 30.5037807], [114.411736, 30.5035613], [114.4117274, 30.5034367], [114.4117221, 30.5033601]]}, "properties": {"id": 48713, "name": " ", "road_class": "service", "oneway": "B", "maxspeed": 0}}, {"type": "Feature", "geometry": {"type": "LineString", "coordinates": [[114.4125271, 30.5048844], [114.4123104, 30.5049027], [114.4122031, 30.50492], [114.4119671, 30.5049397]]}, "properties": {"id": 48714, "name": " ", "road_class": "service", "oneway": "B", "maxspeed": 0}}, {"type": "Feature", "geometry": {"type": "LineString", "coordinates": [[114.4252221, 30.5164745], [114.4251546, 30.5163237], [114.4250318, 30.5161972], [114.4245747, 30.5158792], [114.4244181, 30.5155502], [114.424419, 30.515152], [114.4246144, 30.5145068], [114.4248565, 30.5140909], [114.4251219, 30.5137099], [114.4251823, 30.5135613], [114.425199, 30.5134923], [114.4252784, 30.5130877], [114.4253881, 30.5126641], [114.4255656, 30.5123912], [114.4257258, 30.5121555], [114.4258453, 30.5118381], [114.4259094, 30.5117096], [114.4259231, 30.5116379]]}, "properties": {"id": 50096, "name": " ", "road_class": "cycleway", "oneway": "B", "maxspeed": 0}}, {"type": "Feature", "geometry": {"type": "LineString", "coordinates": [[114.421927, 30.5101723], [114.4217336, 30.5087876], [114.4217181, 30.5086569]]}, "properties": {"id": 50106, "name": " ", "road_class": "footway", "oneway": "B", "maxspeed": 0}}, {"type": "Feature", "geometry": {"type": "LineString", "coordinates": [[114.4230546, 30.4874081], [114.4231452, 30.4874367], [114.4232174, 30.48753], [114.4231833, 30.4876216], [114.4231134, 30.4876748]]}, "properties": {"id": 50794, "name": " ", "road_class": "secondary_link", "oneway": "F", "maxspeed": 0}}, {"type": "Feature", "geometry": {"type": "LineString", "coordinates": [[114.4246554, 30.4886012], [114.4245883, 30.4882196]]}, "properties": {"id": 51413, "name": " ", "road_class": "steps", "oneway": "B", "maxspeed": 0}}, {"type": "Feature", "geometry": {"type": "LineString", "coordinates": [[114.4248829, 30.488571], [114.4248187, 30.4881849]]}, "properties": {"id": 51414, "name": " ", "road_class": "steps", "oneway": "B", "maxspeed": 0}}, {"type": "Feature", "geometry": {"type": "LineString", "coordinates": [[114.4246855, 30.4887717], [114.4247605, 30.4891967]]}, "properties": {"id": 51418, "name": " ", "road_class": "steps", "oneway": "B", "maxspeed": 0}}, {"type": "Feature", "geometry": {"type": "LineString", "coordinates": [[114.4249112, 30.4887417], [114.4249812, 30.4891629]]}, "properties": {"id": 51419, "name": " ", "road_class": "steps", "oneway": "B", "maxspeed": 0}}, {"type": "Feature", "geometry": {"type": "LineString", "coordinates": [[114.4259443, 30.4939689], [114.4249615, 30.4943242], [114.4231931, 30.4950138], [114.4227078, 30.4952044], [114.4222622, 30.4953808], [114.4216903, 30.4956136], [114.4208594, 30.4959247]]}, "properties": {"id": 51424, "name": "雄楚大道高架", "road_class": "trunk", "oneway": "F", "maxspeed": 60}}, {"type": "Feature", "geometry": {"type": "LineString", "coordinates": [[114.4259797, 30.4939932], [114.4249704, 30.4943544], [114.4243791, 30.4945849], [114.424053, 30.4947431], [114.4235884, 30.4949215], [114.4232377, 30.4950343]]}, "properties": {"id": 51426, "name": "高新大道", "road_class": "primary", "oneway": "F", "maxspeed": 0}}, {"type": "Feature", "geometry": {"type": "LineString", "coordinates": [[114.4232377, 30.4950343], [114.4230552, 30.4951066], [114.4229398, 30.4951515], [114.4227287, 30.4952337]]}, "properties": {"id": 51427, "name": "高新大道", "road_class": "primary", "oneway": "F", "maxspeed": 0}}, {"type": "Feature", "geometry": {"type": "LineString", "coordinates": [[114.4230369, 30.4952982], [114.4229398, 30.4951515], [114.4228314, 30.4949902]]}, "properties": {"id": 51428, "name": "佳园路", "road_class": "tertiary", "oneway": "F", "maxspeed": 0}}, {"type": "Feature", "geometry": {"type": "LineString", "coordinates": [[114.4228314, 30.4949902], [114.4227061, 30.4948016]]}, "properties": {"id": 51429, "name": " ", "road_class": "secondary", "oneway": "F", "maxspeed": 0}}, {"type": "Feature", "geometry": {"type": "LineString", "coordinates": [[114.4228974, 30.49473], [114.4229818, 30.4949315]]}, "properties": {"id": 51430, "name": " ", "road_class": "secondary", "oneway": "F", "maxspeed": 0}}, {"type": "Feature", "geometry": {"type": "LineString", "coordinates": [[114.4229818, 30.4949315], [114.4230552, 30.4951066], [114.4231209, 30.4952643]]}, "properties": {"id": 51431, "name": "佳园路", "road_class": "tertiary", "oneway": "F", "maxspeed": 0}}, {"type": "Feature", "geometry": {"type": "LineString", "coordinates": [[114.4069452, 30.5039274], [114.4069388, 30.5038736], [114.406924, 30.5037447], [114.4069168, 30.5036958], [114.4069027, 30.503569], [114.4068974, 30.5035244]]}, "properties": {"id": 51485, "name": "关山大道", "road_class": "primary", "oneway": "F", "maxspeed": 0}}, {"type": "Feature", "geometry": {"type": "LineString", "coordinates": [[114.4223695, 30.4876883], [114.421048, 30.4878531]]}, "properties": {"id": 51493, "name": " ", "road_class": "secondary", "oneway": "F", "maxspeed": 0}}, {"type": "Feature", "geometry": {"type": "LineString", "coordinates": [[114.422734, 30.4926076], [114.4223669, 30.4926701], [114.4221, 30.4927639], [114.4218009, 30.4928738], [114.4216951, 30.4929085]]}, "properties": {"id": 51494, "name": " ", "road_class": "tertiary", "oneway": "T", "maxspeed": 0}}, {"type": "Feature", "geometry": {"type": "LineString", "coordinates": [[114.421746, 30.4930043], [114.4219176, 30.4929541], [114.4221582, 30.4928869], [114.4224732, 30.4927953], [114.422752, 30.4926834]]}, "properties": {"id": 51495, "name": " ", "road_class": "tertiary", "oneway": "T", "maxspeed": 0}}, {"type": "Feature", "geometry": {"type": "LineString", "coordinates": [[114.3975985, 30.5064671], [114.3973401, 30.506293]]}, "properties": {"id": 51652, "name": "海底捞直达电梯", "road_class": "steps", "oneway": "B", "maxspeed": 0}}, {"type": "Feature", "geometry": {"type": "LineString", "coordinates": [[114.3972547, 30.506272], [114.397291, 30.5062544], [114.397321, 30.5062424], [114.3973515, 30.5062377], [114.3973805, 30.5062566], [114.3973785, 30.5062889], [114.3973572, 30.5063103], [114.397318, 30.5063415]]}, "properties": {"id": 51653, "name": "电梯连接处", "road_class": "footway", "oneway": "B", "maxspeed": 0}}, {"type": "Feature", "geometry": {"type": "LineString", "coordinates": [[114.4004371, 30.5052215], [114.4004819, 30.505132]]}, "properties": {"id": 51654, "name": "电梯", "road_class": "steps", "oneway": "B", "maxspeed": 0}}, {"type": "Feature", "geometry": {"type": "LineString", "coordinates": [[114.400231, 30.5049158], [114.4003522, 30.5049158]]}, "properties": {"id": 51670, "name": "电梯", "road_class": "steps", "oneway": "B", "maxspeed": 0}}, {"type": "Feature", "geometry": {"type": "LineString", "coordinates": [[114.4066844, 30.5026737], [114.4065292, 30.501378]]}, "properties": {"id": 51675, "name": " ", "road_class": "trunk_link", "oneway": "F", "maxspeed": 0}}, {"type": "Feature", "geometry": {"type": "LineString", "coordinates": [[114.4063394, 30.499763], [114.4063545, 30.4996421], [114.4063585, 30.49961], [114.4063519, 30.4995255], [114.4063482, 30.4994882], [114.4063441, 30.4994467], [114.4063154, 30.4993842], [114.4062943, 30.4993378], [114.4062896, 30.4992764]]}, "properties": {"id": 51676, "name": " ", "road_class": "footway", "oneway": "B", "maxspeed": 0}}, {"type": "Feature", "geometry": {"type": "LineString", "coordinates": [[114.4062267, 30.4998417], [114.4063394, 30.499763]]}, "properties": {"id": 51677, "name": " ", "road_class": "footway", "oneway": "B", "maxspeed": 0}}, {"type": "Feature", "geometry": {"type": "LineString", "coordinates": [[114.4061822, 30.4992038], [114.4062896, 30.4992764]]}, "properties": {"id": 51678, "name": " ", "road_class": "footway", "oneway": "B", "maxspeed": 0}}, {"type": "Feature", "geometry": {"type": "LineString", "coordinates": [[114.4178175, 30.4975534], [114.4177022, 30.4976756], [114.4176079, 30.4977959], [114.4175275, 30.4979256], [114.4174643, 30.4980356], [114.4173624, 30.4982236]]}, "properties": {"id": 51679, "name": " ", "road_class": "trunk_link", "oneway": "F", "maxspeed": 0}}, {"type": "Feature", "geometry": {"type": "LineString", "coordinates": [[114.4208594, 30.4959247], [114.4198819, 30.4963296], [114.4194088, 30.4965134]]}, "properties": {"id": 51680, "name": "雄楚大道高架", "road_class": "trunk", "oneway": "F", "maxspeed": 60}}, {"type": "Feature", "geometry": {"type": "LineString", "coordinates": [[114.4162561, 30.4982139], [114.4156895, 30.4983947], [114.4155331, 30.4984394], [114.4153564, 30.4984709], [114.4152104, 30.4984807], [114.4150598, 30.4984672]]}, "properties": {"id": 51681, "name": " ", "road_class": "trunk_link", "oneway": "F", "maxspeed": 0}}, {"type": "Feature", "geometry": {"type": "LineString", "coordinates": [[114.4162869, 30.4921961], [114.4165221, 30.4941158]]}, "properties": {"id": 51682, "name": " ", "road_class": "trunk", "oneway": "F", "maxspeed": 0}}, {"type": "Feature", "geometry": {"type": "LineString", "coordinates": [[114.4174266, 30.5025635], [114.4172407, 30.5018561], [114.4171903, 30.5015803], [114.4170675, 30.5005881]]}, "properties": {"id": 51683, "name": " ", "road_class": "trunk_link", "oneway": "F", "maxspeed": 0}}, {"type": "Feature", "geometry": {"type": "LineString", "coordinates": [[114.4162561, 30.4982139], [114.415949, 30.4983549], [114.4157106, 30.4984572], [114.4155919, 30.4985001], [114.4154509, 30.4985429], [114.415216, 30.4986053], [114.4150327, 30.498652], [114.4145987, 30.4987556], [114.4144189, 30.4987872], [114.414256, 30.4988147], [114.4140494, 30.4988413], [114.4137149, 30.4988759], [114.4128258, 30.4989651]]}, "properties": {"id": 51684, "name": "雄楚大道高架", "road_class": "trunk", "oneway": "F", "maxspeed": 60}}, {"type": "Feature", "geometry": {"type": "LineString", "coordinates": [[114.4194088, 30.4965134], [114.4190257, 30.4966694], [114.4186597, 30.4968467], [114.4184786, 30.4969432], [114.4181228, 30.4971475]]}, "properties": {"id": 51685, "name": "雄楚大道高架", "road_class": "trunk", "oneway": "F", "maxspeed": 60}}, {"type": "Feature", "geometry": {"type": "LineString", "coordinates": [[114.4180421, 30.4970302], [114.4184097, 30.4968261], [114.418618, 30.4967142], [114.4188769, 30.4965834], [114.4191873, 30.496451], [114.4199395, 30.4961595], [114.4206248, 30.4958923]]}, "properties": {"id": 51686, "name": "雄楚大道高架", "road_class": "trunk", "oneway": "F", "maxspeed": 60}}, {"type": "Feature", "geometry": {"type": "LineString", "coordinates": [[114.4149785, 30.4971769], [114.4154315, 30.4969978], [114.4155414, 30.4969458], [114.4156485, 30.4968859], [114.4157477, 30.4968222], [114.4158446, 30.4967568], [114.4159275, 30.4966826], [114.4160137, 30.4965921], [114.4160882, 30.4965093], [114.416159, 30.4964101], [114.4162155, 30.4963199], [114.416257, 30.4962309]]}, "properties": {"id": 51687, "name": " ", "road_class": "trunk_link", "oneway": "F", "maxspeed": 0}}, {"type": "Feature", "geometry": {"type": "LineString", "coordinates": [[114.4115798, 30.4989663], [114.4131714, 30.4987318], [114.4133519, 30.4987047], [114.4134821, 30.4986825], [114.4135873, 30.4986505], [114.4136932, 30.4986042], [114.4137808, 30.4985593], [114.4138975, 30.4984802], [114.4139847, 30.4983971], [114.4140634, 30.4983101], [114.4141277, 30.4982223]]}, "properties": {"id": 51688, "name": " ", "road_class": "trunk_link", "oneway": "F", "maxspeed": 0}}, {"type": "Feature", "geometry": {"type": "LineString", "coordinates": [[114.4141277, 30.4982223], [114.4143114, 30.4979369], [114.4143995, 30.4978032], [114.414563, 30.4976471], [114.4147599, 30.4975121], [114.4150304, 30.4973701], [114.4154036, 30.4972376], [114.4157334, 30.4971201], [114.4160158, 30.4970223]]}, "properties": {"id": 51689, "name": " ", "road_class": "trunk_link", "oneway": "F", "maxspeed": 0}}, {"type": "Feature", "geometry": {"type": "LineString", "coordinates": [[114.4160158, 30.4970223], [114.4161752, 30.4969744], [114.416324, 30.496945], [114.4164957, 30.496922], [114.4166268, 30.4969363], [114.4167708, 30.4969594], [114.4169534, 30.497013], [114.4170089, 30.4970401], [114.4170886, 30.4970866], [114.4171801, 30.4971587], [114.4172717, 30.4972502], [114.417334, 30.4973299]]}, "properties": {"id": 51690, "name": " ", "road_class": "trunk_link", "oneway": "F", "maxspeed": 0}}, {"type": "Feature", "geometry": {"type": "LineString", "coordinates": [[114.4189879, 30.4968696], [114.4182249, 30.4972766], [114.4180246, 30.4973915], [114.4179116, 30.4974694], [114.4178175, 30.4975534]]}, "properties": {"id": 51691, "name": " ", "road_class": "trunk_link", "oneway": "F", "maxspeed": 0}}, {"type": "Feature", "geometry": {"type": "LineString", "coordinates": [[114.4157114, 30.4970127], [114.4158212, 30.496959], [114.4159249, 30.4968972], [114.4160194, 30.4968279], [114.4161123, 30.4967537], [114.4161921, 30.4966688], [114.4162647, 30.4965796], [114.4163203, 30.496489], [114.4163925, 30.4963347], [114.4164292, 30.496207], [114.4164588, 30.496015]]}, "properties": {"id": 51692, "name": " ", "road_class": "trunk_link", "oneway": "F", "maxspeed": 0}}, {"type": "Feature", "geometry": {"type": "LineString", "coordinates": [[114.4062592, 30.4993897], [114.4063154, 30.4993842], [114.4064083, 30.4993751]]}, "properties": {"id": 51693, "name": "雄楚大道", "road_class": "primary", "oneway": "F", "maxspeed": 0}}, {"type": "Feature", "geometry": {"type": "LineString", "coordinates": [[114.4058242, 30.4994066], [114.406115, 30.4993285], [114.4061553, 30.4993079], [114.4062033, 30.4992675], [114.4062655, 30.4991819], [114.4062938, 30.4991255], [114.4063522, 30.4989454]]}, "properties": {"id": 51694, "name": " ", "road_class": "primary_link", "oneway": "F", "maxspeed": 0}}, {"type": "Feature", "geometry": {"type": "LineString", "coordinates": [[114.4063522, 30.4989454], [114.4063331, 30.498749], [114.4062858, 30.4983417], [114.4062463, 30.4981554]]}, "properties": {"id": 51695, "name": "关山大道", "road_class": "primary", "oneway": "F", "maxspeed": 0}}, {"type": "Feature", "geometry": {"type": "LineString", "coordinates": [[114.4063522, 30.4989454], [114.4062524, 30.4988116], [114.406104, 30.4986462], [114.4058837, 30.4969111], [114.4058717, 30.4968171], [114.4058706, 30.4967128], [114.4058793, 30.4966188], [114.4059044, 30.4965267], [114.4060296, 30.4962805]]}, "properties": {"id": 51696, "name": "关山大道辅路", "road_class": "secondary", "oneway": "F", "maxspeed": 0}}, {"type": "Feature", "geometry": {"type": "LineString", "coordinates": [[114.4063835, 30.4992184], [114.4063758, 30.4991345], [114.4063522, 30.4989454]]}, "properties": {"id": 51697, "name": "关山大道", "road_class": "primary", "oneway": "F", "maxspeed": 0}}, {"type": "Feature", "geometry": {"type": "LineString", "coordinates": [[114.4064769, 30.499809], [114.4064672, 30.4997472], [114.4064495, 30.4996357]]}, "properties": {"id": 51698, "name": "关山大道", "road_class": "primary", "oneway": "F", "maxspeed": 0}}, {"type": "Feature", "geometry": {"type": "LineString", "coordinates": [[114.4065847, 30.4996267], [114.4065984, 30.499731], [114.4066061, 30.4997889]]}, "properties": {"id": 51699, "name": "关山大道", "road_class": "primary", "oneway": "F", "maxspeed": 0}}, {"type": "Feature", "geometry": {"type": "LineString", "coordinates": [[114.4065303, 30.4992152], [114.4065359, 30.4992572], [114.4065496, 30.4993612]]}, "properties": {"id": 51700, "name": "关山大道", "road_class": "primary", "oneway": "F", "maxspeed": 0}}, {"type": "Feature", "geometry": {"type": "LineString", "coordinates": [[114.4063874, 30.5016798], [114.4062868, 30.5009121], [114.4062792, 30.5008572], [114.4062713, 30.5008002], [114.4062658, 30.50076], [114.4062612, 30.5006795], [114.4062561, 30.5005914], [114.4062208, 30.5004507], [114.406214, 30.5003763], [114.4061707, 30.5001794], [114.4061412, 30.500101], [114.4060769, 30.5000315], [114.4060154, 30.4999737], [114.4059525, 30.4999243]]}, "properties": {"id": 51701, "name": " ", "road_class": "footway", "oneway": "B", "maxspeed": 0}}, {"type": "Feature", "geometry": {"type": "LineString", "coordinates": [[114.4064402, 30.5018596], [114.4064203, 30.501792], [114.4064058, 30.5017424], [114.4063874, 30.5016798]]}, "properties": {"id": 51702, "name": " ", "road_class": "footway", "oneway": "B", "maxspeed": 0}}, {"type": "Feature", "geometry": {"type": "LineString", "coordinates": [[114.4068692, 30.5032714], [114.4066579, 30.5029543], [114.4065889, 30.5026902], [114.4065064, 30.5018581], [114.4064759, 30.5016486], [114.4063668, 30.5008186], [114.4063232, 30.5007727], [114.4063193, 30.5006749], [114.406313, 30.5005184], [114.4062814, 30.500267], [114.4062666, 30.5001812], [114.4062525, 30.5001477], [114.4062022, 30.5000282], [114.4061366, 30.4999474], [114.4060563, 30.4998801], [114.4059376, 30.4997973], [114.4058256, 30.4997554], [114.4055489, 30.4997104]]}, "properties": {"id": 51703, "name": "关山大道辅路", "road_class": "secondary", "oneway": "F", "maxspeed": 0}}, {"type": "Feature", "geometry": {"type": "LineString", "coordinates": [[114.4063668, 30.5008186], [114.4065713, 30.5007995]]}, "properties": {"id": 51704, "name": " ", "road_class": "primary_link", "oneway": "B", "maxspeed": 0}}, {"type": "Feature", "geometry": {"type": "LineString", "coordinates": [[114.4064935, 30.4987557], [114.4066239, 30.4991033], [114.406653, 30.4991487], [114.4066889, 30.4991816], [114.4067454, 30.4992159], [114.4067864, 30.4992378], [114.4068304, 30.4992513], [114.4069307, 30.499264], [114.4073794, 30.4993073]]}, "properties": {"id": 51705, "name": " ", "road_class": "primary_link", "oneway": "F", "maxspeed": 0}}, {"type": "Feature", "geometry": {"type": "LineString", "coordinates": [[114.4069035, 30.4996054], [114.4068352, 30.49961], [114.4067946, 30.4996127], [114.4067, 30.499619], [114.4065847, 30.4996267]]}, "properties": {"id": 51706, "name": "雄楚大道", "road_class": "primary", "oneway": "F", "maxspeed": 0}}, {"type": "Feature", "geometry": {"type": "LineString", "coordinates": [[114.4069757, 30.4995904], [114.4068477, 30.4997053], [114.4068118, 30.499752], [114.4067754, 30.4998134], [114.4067597, 30.4998716], [114.4067537, 30.4999361], [114.40675, 30.5000026], [114.4067669, 30.5002158], [114.4067609, 30.5004236], [114.4067597, 30.5004654], [114.4067132, 30.5007789]]}, "properties": {"id": 51707, "name": " ", "road_class": "primary_link", "oneway": "F", "maxspeed": 0}}, {"type": "Feature", "geometry": {"type": "LineString", "coordinates": [[114.4069674, 30.5028772], [114.4070344, 30.5034988]]}, "properties": {"id": 51708, "name": "关山大道", "road_class": "primary", "oneway": "F", "maxspeed": 0}}, {"type": "Feature", "geometry": {"type": "LineString", "coordinates": [[114.4062896, 30.4992764], [114.4063914, 30.4992685], [114.4065359, 30.4992572], [114.4066578, 30.4992477]]}, "properties": {"id": 51709, "name": " ", "road_class": "footway", "oneway": "B", "maxspeed": 0}}, {"type": "Feature", "geometry": {"type": "LineString", "coordinates": [[114.4066578, 30.4992477], [114.4066694, 30.4993494], [114.406684, 30.4994782], [114.4066883, 30.499516], [114.4067, 30.499619], [114.4067112, 30.499717]]}, "properties": {"id": 51710, "name": " ", "road_class": "footway", "oneway": "B", "maxspeed": 0}}, {"type": "Feature", "geometry": {"type": "LineString", "coordinates": [[114.4067112, 30.499717], [114.4065984, 30.499731], [114.4064672, 30.4997472], [114.4063394, 30.499763]]}, "properties": {"id": 51711, "name": " ", "road_class": "footway", "oneway": "B", "maxspeed": 0}}, {"type": "Feature", "geometry": {"type": "LineString", "coordinates": [[114.406313, 30.5005184], [114.4065457, 30.5004768]]}, "properties": {"id": 51712, "name": " ", "road_class": "primary_link", "oneway": "B", "maxspeed": 0}}, {"type": "Feature", "geometry": {"type": "LineString", "coordinates": [[114.4065457, 30.5004768], [114.4063922, 30.4999123], [114.4063324, 30.4998404], [114.4062523, 30.4997704], [114.4061396, 30.4997209], [114.4058275, 30.4996963]]}, "properties": {"id": 51713, "name": " ", "road_class": "primary_link", "oneway": "F", "maxspeed": 0}}, {"type": "Feature", "geometry": {"type": "LineString", "coordinates": [[114.4060944, 30.4977821], [114.4059955, 30.4969177]]}, "properties": {"id": 51714, "name": " ", "road_class": "trunk_link", "oneway": "F", "maxspeed": 0}}, {"type": "Feature", "geometry": {"type": "LineString", "coordinates": [[114.406974, 30.4997849], [114.4069981, 30.5001415], [114.4069947, 30.5004274], [114.4069806, 30.5006717], [114.4069631, 30.500965], [114.4070099, 30.501423], [114.4070588, 30.5015915], [114.4070808, 30.5017896], [114.4071111, 30.5020997], [114.4072235, 30.5029358], [114.4072513, 30.5031049], [114.4072892, 30.503482], [114.4073112, 30.5035283], [114.4073749, 30.5035693]]}, "properties": {"id": 51715, "name": " ", "road_class": "footway", "oneway": "B", "maxspeed": 0}}, {"type": "Feature", "geometry": {"type": "LineString", "coordinates": [[114.4073749, 30.5035693], [114.4073822, 30.5036212], [114.4073916, 30.5036859], [114.4074126, 30.5038352]]}, "properties": {"id": 51716, "name": " ", "road_class": "footway", "oneway": "B", "maxspeed": 0}}, {"type": "Feature", "geometry": {"type": "LineString", "coordinates": [[114.4068974, 30.5035244], [114.4068692, 30.5032714]]}, "properties": {"id": 51717, "name": "关山大道", "road_class": "primary", "oneway": "F", "maxspeed": 0}}, {"type": "Feature", "geometry": {"type": "LineString", "coordinates": [[114.4069168, 30.5036958], [114.4070591, 30.503673], [114.4071853, 30.5036528], [114.4072237, 30.5036466], [114.4072869, 30.5036365], [114.4073822, 30.5036212], [114.4074284, 30.5036138]]}, "properties": {"id": 51718, "name": "光谷创业街", "road_class": "secondary", "oneway": "F", "maxspeed": 0}}, {"type": "Feature", "geometry": {"type": "LineString", "coordinates": [[114.4074353, 30.5036804], [114.4073916, 30.5036859], [114.4073006, 30.5036973], [114.4072345, 30.5037056], [114.4071958, 30.5037105], [114.407068, 30.5037266], [114.406924, 30.5037447]]}, "properties": {"id": 51719, "name": "光谷创业街", "road_class": "secondary", "oneway": "F", "maxspeed": 0}}, {"type": "Feature", "geometry": {"type": "LineString", "coordinates": [[114.4070344, 30.5034988], [114.4070425, 30.503555], [114.4070591, 30.503673], [114.407068, 30.5037266], [114.4070868, 30.5038616], [114.4070945, 30.5039149]]}, "properties": {"id": 51720, "name": "关山大道", "road_class": "primary", "oneway": "F", "maxspeed": 0}}, {"type": "Feature", "geometry": {"type": "LineString", "coordinates": [[114.4072486, 30.5034691], [114.4072624, 30.5035332], [114.4072869, 30.5036365], [114.4073006, 30.5036973], [114.4073356, 30.5038415], [114.4073453, 30.5038825]]}, "properties": {"id": 51721, "name": "关山大道辅路", "road_class": "secondary", "oneway": "F", "maxspeed": 0}}, {"type": "Feature", "geometry": {"type": "LineString", "coordinates": [[114.4067182, 30.5035922], [114.4066121, 30.5030812], [114.4065829, 30.5029407], [114.406534, 30.5028281], [114.4064958, 30.5024341], [114.4064402, 30.5018596]]}, "properties": {"id": 51722, "name": " ", "road_class": "footway", "oneway": "B", "maxspeed": 0}}, {"type": "Feature", "geometry": {"type": "LineString", "coordinates": [[114.4067584, 30.5038882], [114.4067406, 30.5037677], [114.4067343, 30.5037251], [114.4067225, 30.5036416]]}, "properties": {"id": 51723, "name": " ", "road_class": "footway", "oneway": "B", "maxspeed": 0}}, {"type": "Feature", "geometry": {"type": "LineString", "coordinates": [[114.4076142, 30.5091177], [114.4075659, 30.5087718]]}, "properties": {"id": 51724, "name": "关山大道", "road_class": "primary", "oneway": "F", "maxspeed": 0}}, {"type": "Feature", "geometry": {"type": "LineString", "coordinates": [[114.4075659, 30.5087718], [114.4075299, 30.5084391]]}, "properties": {"id": 51725, "name": "关山大道", "road_class": "primary", "oneway": "F", "maxspeed": 0}}, {"type": "Feature", "geometry": {"type": "LineString", "coordinates": [[114.407513, 30.5074198], [114.4075278, 30.5074485], [114.4075799, 30.5078326], [114.4075869, 30.5078774], [114.4075957, 30.5079331], [114.4077437, 30.5091614]]}, "properties": {"id": 51726, "name": "关山大道", "road_class": "primary", "oneway": "F", "maxspeed": 0}}, {"type": "Feature", "geometry": {"type": "LineString", "coordinates": [[114.4074892, 30.5072075], [114.407513, 30.5074198]]}, "properties": {"id": 51727, "name": "关山大道", "road_class": "primary", "oneway": "F", "maxspeed": 0}}, {"type": "Feature", "geometry": {"type": "LineString", "coordinates": [[114.4077243, 30.509864], [114.4075754, 30.5098793], [114.4069428, 30.5099208], [114.4066794, 30.509949]]}, "properties": {"id": 51728, "name": "珞喻路", "road_class": "trunk", "oneway": "F", "maxspeed": 0}}, {"type": "Feature", "geometry": {"type": "LineString", "coordinates": [[114.4066794, 30.509949], [114.4063204, 30.5099826]]}, "properties": {"id": 51729, "name": "珞喻路", "road_class": "trunk", "oneway": "F", "maxspeed": 0}}, {"type": "Feature", "geometry": {"type": "LineString", "coordinates": [[114.4058348, 30.5099293], [114.4060568, 30.5099073], [114.4065136, 30.5098325], [114.406973, 30.5097892]]}, "properties": {"id": 51730, "name": "珞喻路", "road_class": "trunk", "oneway": "F", "maxspeed": 0}}, {"type": "Feature", "geometry": {"type": "LineString", "coordinates": [[114.4055195, 30.5099514], [114.4055914, 30.509947], [114.4058348, 30.5099293]]}, "properties": {"id": 51731, "name": "珞喻路", "road_class": "trunk", "oneway": "F", "maxspeed": 0}}, {"type": "Feature", "geometry": {"type": "LineString", "coordinates": [[114.4063204, 30.5099826], [114.4058565, 30.5100312], [114.405225, 30.5100782], [114.4048466, 30.5100763], [114.4045884, 30.5100669], [114.4043332, 30.5100381], [114.4040579, 30.5099995], [114.4038269, 30.5099683], [114.4036461, 30.5099153], [114.4031414, 30.5098675], [114.4028667, 30.5098317]]}, "properties": {"id": 51732, "name": "珞喻路", "road_class": "trunk", "oneway": "F", "maxspeed": 0}}, {"type": "Feature", "geometry": {"type": "LineString", "coordinates": [[114.4028667, 30.5098317], [114.4025218, 30.5097873]]}, "properties": {"id": 51733, "name": "珞喻路", "road_class": "trunk", "oneway": "F", "maxspeed": 0}}, {"type": "Feature", "geometry": {"type": "LineString", "coordinates": [[114.3956935, 30.5088717], [114.3953314, 30.5088589], [114.3949823, 30.5088427], [114.394815, 30.5088431], [114.3946478, 30.5088517], [114.3945118, 30.5088692], [114.3943652, 30.5089064]]}, "properties": {"id": 51734, "name": "珞喻路", "road_class": "trunk", "oneway": "F", "maxspeed": 0}}, {"type": "Feature", "geometry": {"type": "LineString", "coordinates": [[114.396113, 30.5089193], [114.3956935, 30.5088717]]}, "properties": {"id": 51735, "name": "珞喻路", "road_class": "trunk", "oneway": "F", "maxspeed": 0}}, {"type": "Feature", "geometry": {"type": "LineString", "coordinates": [[114.3945382, 30.5081505], [114.3945988, 30.508244], [114.3946621, 30.5083139], [114.3947609, 30.5083763], [114.3948882, 30.5084189], [114.3950061, 30.50844], [114.3960414, 30.5085681]]}, "properties": {"id": 51736, "name": "珞喻路", "road_class": "trunk", "oneway": "F", "maxspeed": 0}}, {"type": "Feature", "geometry": {"type": "LineString", "coordinates": [[114.3960414, 30.5085681], [114.3965298, 30.5086401]]}, "properties": {"id": 51737, "name": "珞喻路", "road_class": "trunk", "oneway": "F", "maxspeed": 0}}, {"type": "Feature", "geometry": {"type": "LineString", "coordinates": [[114.3965298, 30.5086401], [114.3966041, 30.5086622], [114.3967425, 30.5086814], [114.3979692, 30.5088614], [114.3981693, 30.5088905], [114.3983049, 30.5089103], [114.3984399, 30.5089303], [114.3986476, 30.5089611], [114.3994784, 30.5090674]]}, "properties": {"id": 51738, "name": "珞喻路", "road_class": "trunk", "oneway": "F", "maxspeed": 0}}, {"type": "Feature", "geometry": {"type": "LineString", "coordinates": [[114.3994784, 30.5090674], [114.399793, 30.5091149]]}, "properties": {"id": 51739, "name": "珞喻路", "road_class": "trunk", "oneway": "F", "maxspeed": 0}}, {"type": "Feature", "geometry": {"type": "LineString", "coordinates": [[114.4067182, 30.5035922], [114.4069027, 30.503569], [114.4070425, 30.503555], [114.4071654, 30.5035428], [114.4072039, 30.503539], [114.4072624, 30.5035332], [114.4073112, 30.5035283]]}, "properties": {"id": 51740, "name": " ", "road_class": "footway", "oneway": "B", "maxspeed": 0}}, {"type": "Feature", "geometry": {"type": "LineString", "coordinates": [[114.4154609, 30.4984594], [114.4151991, 30.4985374], [114.4150135, 30.4985877], [114.4146196, 30.4986971], [114.4141205, 30.498799], [114.4137149, 30.4988483], [114.4131121, 30.4989003], [114.4123756, 30.4989763], [114.4099771, 30.4992044], [114.4096048, 30.4992398], [114.4094185, 30.4992637], [114.4092258, 30.4992884], [114.4068971, 30.4995101]]}, "properties": {"id": 51743, "name": "雄楚大道BRT专用道", "road_class": "busway", "oneway": "F", "maxspeed": 0}}, {"type": "Feature", "geometry": {"type": "LineString", "coordinates": [[114.4068922, 30.4994719], [114.4092224, 30.4992514]]}, "properties": {"id": 51744, "name": "雄楚大道BRT专用道", "road_class": "busway", "oneway": "F", "maxspeed": 0}}, {"type": "Feature", "geometry": {"type": "LineString", "coordinates": [[114.4092224, 30.4992514], [114.4096014, 30.4991883], [114.4099709, 30.4991541], [114.41237, 30.4989215], [114.4131142, 30.4988518], [114.4137145, 30.4987952], [114.4141054, 30.4987459], [114.4146135, 30.4986509], [114.4150037, 30.4985507], [114.4154187, 30.4984232], [114.4155529, 30.4983746], [114.4156582, 30.4983351], [114.4158855, 30.4982451], [114.4161823, 30.4981097], [114.4164866, 30.4979552], [114.4167623, 30.4978201], [114.4170261, 30.4976907], [114.4170797, 30.4976644]]}, "properties": {"id": 51745, "name": "雄楚大道BRT专用道", "road_class": "busway", "oneway": "F", "maxspeed": 0}}, {"type": "Feature", "geometry": {"type": "LineString", "coordinates": [[114.4094185, 30.4992637], [114.4094235, 30.4993288]]}, "properties": {"id": 51746, "name": " ", "road_class": "busway", "oneway": "B", "maxspeed": 0}}, {"type": "Feature", "geometry": {"type": "LineString", "coordinates": [[114.4022523, 30.4997467], [114.4026132, 30.4997066], [114.4033663, 30.4996661], [114.4040715, 30.4996152], [114.4051331, 30.4995545], [114.4062611, 30.4994909]]}, "properties": {"id": 51747, "name": "雄楚大道BRT专用道", "road_class": "busway", "oneway": "F", "maxspeed": 0}}, {"type": "Feature", "geometry": {"type": "LineString", "coordinates": [[114.4068971, 30.4995101], [114.4068224, 30.4995122], [114.4067823, 30.4995133], [114.4066883, 30.499516], [114.4065705, 30.4995194]]}, "properties": {"id": 51748, "name": "雄楚大道BRT专用道", "road_class": "busway", "oneway": "F", "maxspeed": 0}}, {"type": "Feature", "geometry": {"type": "LineString", "coordinates": [[114.4200235, 30.4963087], [114.4196372, 30.4963826], [114.419234, 30.496539], [114.4189232, 30.496678], [114.4186544, 30.4968088], [114.4184519, 30.4969137], [114.4183169, 30.4969927], [114.4180999, 30.4971183], [114.4176986, 30.4973519], [114.417095, 30.4977033]]}, "properties": {"id": 51749, "name": "雄楚大道BRT专用道", "road_class": "busway", "oneway": "F", "maxspeed": 0}}, {"type": "Feature", "geometry": {"type": "LineString", "coordinates": [[114.417095, 30.4977033], [114.4170336, 30.497733], [114.4167677, 30.4978615], [114.4165081, 30.4979871]]}, "properties": {"id": 51750, "name": "雄楚大道BRT专用道", "road_class": "busway", "oneway": "F", "maxspeed": 0}}, {"type": "Feature", "geometry": {"type": "LineString", "coordinates": [[114.4175435, 30.4973933], [114.4180712, 30.4970887], [114.4182995, 30.4969528], [114.418432, 30.4968756]]}, "properties": {"id": 51751, "name": "雄楚大道BRT专用道", "road_class": "busway", "oneway": "F", "maxspeed": 0}}, {"type": "Feature", "geometry": {"type": "LineString", "coordinates": [[114.4165081, 30.4979871], [114.4162058, 30.4981443], [114.4159048, 30.4982789], [114.4156767, 30.4983742], [114.4155754, 30.4984153], [114.4154609, 30.4984594]]}, "properties": {"id": 51752, "name": "雄楚大道BRT专用道", "road_class": "busway", "oneway": "F", "maxspeed": 0}}, {"type": "Feature", "geometry": {"type": "LineString", "coordinates": [[114.418432, 30.4968756], [114.4186375, 30.4967704], [114.4189027, 30.4966395], [114.4192094, 30.4965052], [114.4196198, 30.4963448], [114.4199277, 30.496128]]}, "properties": {"id": 51753, "name": "雄楚大道BRT专用道", "road_class": "busway", "oneway": "F", "maxspeed": 0}}, {"type": "Feature", "geometry": {"type": "LineString", "coordinates": [[114.4170797, 30.4976644], [114.4175435, 30.4973933]]}, "properties": {"id": 51754, "name": "雄楚大道BRT专用道", "road_class": "busway", "oneway": "F", "maxspeed": 0}}, {"type": "Feature", "geometry": {"type": "LineString", "coordinates": [[114.4065705, 30.4995194], [114.4065847, 30.4996267]]}, "properties": {"id": 51755, "name": "关山大道", "road_class": "primary", "oneway": "F", "maxspeed": 0}}, {"type": "Feature", "geometry": {"type": "LineString", "coordinates": [[114.4065705, 30.4995194], [114.4064317, 30.4995234]]}, "properties": {"id": 51756, "name": "雄楚大道BRT专用道", "road_class": "busway", "oneway": "F", "maxspeed": 0}}, {"type": "Feature", "geometry": {"type": "LineString", "coordinates": [[114.4064317, 30.4995234], [114.4064258, 30.4994859]]}, "properties": {"id": 51757, "name": "关山大道", "road_class": "primary", "oneway": "F", "maxspeed": 0}}, {"type": "Feature", "geometry": {"type": "LineString", "coordinates": [[114.4064317, 30.4995234], [114.4063519, 30.4995255], [114.4062636, 30.499528]]}, "properties": {"id": 51758, "name": "雄楚大道BRT专用道", "road_class": "busway", "oneway": "F", "maxspeed": 0}}, {"type": "Feature", "geometry": {"type": "LineString", "coordinates": [[114.4064083, 30.4993751], [114.4065496, 30.4993612]]}, "properties": {"id": 51759, "name": "雄楚大道", "road_class": "primary", "oneway": "F", "maxspeed": 0}}, {"type": "Feature", "geometry": {"type": "LineString", "coordinates": [[114.4064083, 30.4993751], [114.4063914, 30.4992685], [114.4063835, 30.4992184]]}, "properties": {"id": 51760, "name": "关山大道", "road_class": "primary", "oneway": "F", "maxspeed": 0}}, {"type": "Feature", "geometry": {"type": "LineString", "coordinates": [[114.4064258, 30.4994859], [114.4065655, 30.4994817]]}, "properties": {"id": 51761, "name": "雄楚大道BRT专用道", "road_class": "busway", "oneway": "F", "maxspeed": 0}}, {"type": "Feature", "geometry": {"type": "LineString", "coordinates": [[114.4064258, 30.4994859], [114.4064083, 30.4993751]]}, "properties": {"id": 51762, "name": "关山大道", "road_class": "primary", "oneway": "F", "maxspeed": 0}}, {"type": "Feature", "geometry": {"type": "LineString", "coordinates": [[114.4064495, 30.4996357], [114.4063545, 30.4996421], [114.406298, 30.4996458]]}, "properties": {"id": 51763, "name": "雄楚大道", "road_class": "primary", "oneway": "F", "maxspeed": 0}}, {"type": "Feature", "geometry": {"type": "LineString", "coordinates": [[114.4065847, 30.4996267], [114.4064495, 30.4996357]]}, "properties": {"id": 51764, "name": "雄楚大道", "road_class": "primary", "oneway": "F", "maxspeed": 0}}, {"type": "Feature", "geometry": {"type": "LineString", "coordinates": [[114.4065655, 30.4994817], [114.4065705, 30.4995194]]}, "properties": {"id": 51765, "name": "关山大道", "road_class": "primary", "oneway": "F", "maxspeed": 0}}, {"type": "Feature", "geometry": {"type": "LineString", "coordinates": [[114.4065655, 30.4994817], [114.406684, 30.4994782], [114.4067776, 30.4994754], [114.4068174, 30.4994742], [114.4068922, 30.4994719]]}, "properties": {"id": 51766, "name": "雄楚大道BRT专用道", "road_class": "busway", "oneway": "F", "maxspeed": 0}}, {"type": "Feature", "geometry": {"type": "LineString", "coordinates": [[114.4065496, 30.4993612], [114.4065655, 30.4994817]]}, "properties": {"id": 51767, "name": "关山大道", "road_class": "primary", "oneway": "F", "maxspeed": 0}}, {"type": "Feature", "geometry": {"type": "LineString", "coordinates": [[114.4065496, 30.4993612], [114.4066694, 30.4993494], [114.4067608, 30.4993404], [114.4067994, 30.4993367], [114.4069079, 30.499326]]}, "properties": {"id": 51768, "name": "雄楚大道", "road_class": "primary", "oneway": "F", "maxspeed": 0}}, {"type": "Feature", "geometry": {"type": "LineString", "coordinates": [[114.399529, 30.49988], [114.3996197, 30.4998783], [114.3999214, 30.4998728]]}, "properties": {"id": 51769, "name": "雄楚大道BRT专用道", "road_class": "busway", "oneway": "F", "maxspeed": 0}}, {"type": "Feature", "geometry": {"type": "LineString", "coordinates": [[114.4062611, 30.4994909], [114.4063482, 30.4994882], [114.4064258, 30.4994859]]}, "properties": {"id": 51770, "name": "雄楚大道BRT专用道", "road_class": "busway", "oneway": "F", "maxspeed": 0}}, {"type": "Feature", "geometry": {"type": "LineString", "coordinates": [[114.4062636, 30.499528], [114.4058139, 30.4995602], [114.4051353, 30.4995988], [114.4040554, 30.4996581]]}, "properties": {"id": 51771, "name": "雄楚大道BRT专用道", "road_class": "busway", "oneway": "F", "maxspeed": 0}}, {"type": "Feature", "geometry": {"type": "LineString", "coordinates": [[114.4040715, 30.4996152], [114.4040678, 30.4995381]]}, "properties": {"id": 51772, "name": " ", "road_class": "busway", "oneway": "B", "maxspeed": 0}}, {"type": "Feature", "geometry": {"type": "LineString", "coordinates": [[114.3999214, 30.4998728], [114.4004302, 30.4998466]]}, "properties": {"id": 51773, "name": "雄楚大道BRT专用道", "road_class": "busway", "oneway": "F", "maxspeed": 0}}, {"type": "Feature", "geometry": {"type": "LineString", "coordinates": [[114.4004302, 30.4998466], [114.4022523, 30.4997467]]}, "properties": {"id": 51774, "name": "雄楚大道BRT专用道", "road_class": "busway", "oneway": "F", "maxspeed": 0}}, {"type": "Feature", "geometry": {"type": "LineString", "coordinates": [[114.4232214, 30.4955823], [114.4230299, 30.4954578], [114.4229109, 30.4953757], [114.4227956, 30.4953423], [114.4226841, 30.4953423], [114.4225813, 30.4953693], [114.4224048, 30.4953598]]}, "properties": {"id": 51775, "name": " ", "road_class": "primary_link", "oneway": "F", "maxspeed": 0}}, {"type": "Feature", "geometry": {"type": "LineString", "coordinates": [[114.4224048, 30.4953598], [114.4223621, 30.4954524], [114.4221628, 30.4955409], [114.4217245, 30.495713], [114.4215163, 30.4957947], [114.421292, 30.4958573], [114.4209369, 30.4959312]]}, "properties": {"id": 51776, "name": " ", "road_class": "secondary", "oneway": "F", "maxspeed": 0}}, {"type": "Feature", "geometry": {"type": "LineString", "coordinates": [[114.4235884, 30.4949215], [114.4234021, 30.4950583], [114.4233495, 30.4951037], [114.4233169, 30.4951447], [114.4232743, 30.4952365], [114.4232643, 30.4952926], [114.4232655, 30.4953952], [114.4232821, 30.4955569]]}, "properties": {"id": 51777, "name": " ", "road_class": "primary_link", "oneway": "F", "maxspeed": 0}}, {"type": "Feature", "geometry": {"type": "LineString", "coordinates": [[114.4079641, 30.5095733], [114.4080239, 30.5095166], [114.4081143, 30.5094308]]}, "properties": {"id": 51824, "name": " ", "road_class": "footway", "oneway": "B", "maxspeed": 0}}, {"type": "Feature", "geometry": {"type": "LineString", "coordinates": [[114.4080231, 30.5096912], [114.4087474, 30.5096446], [114.4091109, 30.5096115]]}, "properties": {"id": 51825, "name": "珞喻东路", "road_class": "trunk", "oneway": "F", "maxspeed": 0}}, {"type": "Feature", "geometry": {"type": "LineString", "coordinates": [[114.4091109, 30.5096115], [114.409786, 30.5095499]]}, "properties": {"id": 51826, "name": "珞喻东路", "road_class": "trunk", "oneway": "F", "maxspeed": 0}}, {"type": "Feature", "geometry": {"type": "LineString", "coordinates": [[114.4241678, 30.4875167], [114.4239851, 30.4875422]]}, "properties": {"id": 51932, "name": " ", "road_class": "footway", "oneway": "B", "maxspeed": 0}}, {"type": "Feature", "geometry": {"type": "LineString", "coordinates": [[114.4237612, 30.4877248], [114.4235571, 30.4879618], [114.4235504, 30.4880071], [114.4236194, 30.4884087], [114.423639, 30.4885224]]}, "properties": {"id": 51933, "name": " ", "road_class": "footway", "oneway": "B", "maxspeed": 0}}, {"type": "Feature", "geometry": {"type": "LineString", "coordinates": [[114.4243791, 30.4945849], [114.4242656, 30.4945786], [114.4242249, 30.4945503], [114.4242296, 30.4945058], [114.4243044, 30.494417]]}, "properties": {"id": 51953, "name": " ", "road_class": "primary_link", "oneway": "F", "maxspeed": 0}}, {"type": "Feature", "geometry": {"type": "LineString", "coordinates": [[114.4004388, 30.4950379], [114.4003421, 30.4950804], [114.3999831, 30.495114], [114.3999366, 30.4946829]]}, "properties": {"id": 52021, "name": " ", "road_class": "residential", "oneway": "B", "maxspeed": 0}}, {"type": "Feature", "geometry": {"type": "LineString", "coordinates": [[114.3999831, 30.495114], [114.399877, 30.4951605], [114.3993357, 30.4952118]]}, "properties": {"id": 52022, "name": " ", "road_class": "footway", "oneway": "B", "maxspeed": 0}}, {"type": "Feature", "geometry": {"type": "LineString", "coordinates": [[114.3993357, 30.4952118], [114.3993285, 30.4951496]]}, "properties": {"id": 52023, "name": " ", "road_class": "steps", "oneway": "B", "maxspeed": 0}}, {"type": "Feature", "geometry": {"type": "LineString", "coordinates": [[114.3993357, 30.4952118], [114.399343, 30.4952748]]}, "properties": {"id": 52024, "name": " ", "road_class": "steps", "oneway": "B", "maxspeed": 0}}, {"type": "Feature", "geometry": {"type": "LineString", "coordinates": [[114.3909459, 30.4938453], [114.3910328, 30.4938303], [114.3941093, 30.4933417], [114.3950126, 30.4931983], [114.3969219, 30.4929069], [114.3986461, 30.4926385]]}, "properties": {"id": 52025, "name": "新竹路", "road_class": "secondary", "oneway": "B", "maxspeed": 0}}, {"type": "Feature", "geometry": {"type": "LineString", "coordinates": [[114.3986461, 30.4926385], [114.3988543, 30.4926141], [114.3990818, 30.4925875]]}, "properties": {"id": 52026, "name": "新竹路", "road_class": "secondary", "oneway": "B", "maxspeed": 0}}, {"type": "Feature", "geometry": {"type": "LineString", "coordinates": [[114.3986239, 30.4903469], [114.3987451, 30.4911342], [114.3988967, 30.4924442]]}, "properties": {"id": 52027, "name": "雄庄路", "road_class": "secondary", "oneway": "B", "maxspeed": 50}}, {"type": "Feature", "geometry": {"type": "LineString", "coordinates": [[114.3988967, 30.4924442], [114.3988543, 30.4926141], [114.398817, 30.4927635]]}, "properties": {"id": 52028, "name": "雄庄路", "road_class": "secondary", "oneway": "B", "maxspeed": 50}}, {"type": "Feature", "geometry": {"type": "LineString", "coordinates": [[114.4204176, 30.4868019], [114.4204893, 30.4873861]]}, "properties": {"id": 52325, "name": " ", "road_class": "footway", "oneway": "B", "maxspeed": 0}}, {"type": "Feature", "geometry": {"type": "LineString", "coordinates": [[114.422899, 30.4883782], [114.422419, 30.4884373]]}, "properties": {"id": 52299, "name": " ", "road_class": "service", "oneway": "F", "maxspeed": 0}}, {"type": "Feature", "geometry": {"type": "LineString", "coordinates": [[114.422419, 30.4884373], [114.4221502, 30.4884704]]}, "properties": {"id": 52300, "name": " ", "road_class": "service", "oneway": "F", "maxspeed": 0}}, {"type": "Feature", "geometry": {"type": "LineString", "coordinates": [[114.4228026, 30.4877208], [114.4227464, 30.4877999], [114.4226822, 30.4878608], [114.4225841, 30.4878779]]}, "properties": {"id": 52301, "name": " ", "road_class": "service", "oneway": "F", "maxspeed": 0}}, {"type": "Feature", "geometry": {"type": "LineString", "coordinates": [[114.4218718, 30.4880538], [114.4217462, 30.4879397], [114.4216712, 30.4878806]]}, "properties": {"id": 52302, "name": " ", "road_class": "service", "oneway": "F", "maxspeed": 0}}, {"type": "Feature", "geometry": {"type": "LineString", "coordinates": [[114.4219979, 30.4882973], [114.4219617, 30.4880432]]}, "properties": {"id": 52303, "name": " ", "road_class": "service", "oneway": "F", "maxspeed": 0}}, {"type": "Feature", "geometry": {"type": "LineString", "coordinates": [[114.4220414, 30.4906405], [114.422027, 30.4905568], [114.4220067, 30.4904391]]}, "properties": {"id": 52304, "name": " ", "road_class": "service", "oneway": "F", "maxspeed": 0}}, {"type": "Feature", "geometry": {"type": "LineString", "coordinates": [[114.4233594, 30.4899196], [114.423301, 30.4900171], [114.4232004, 30.4900543]]}, "properties": {"id": 52305, "name": " ", "road_class": "service", "oneway": "F", "maxspeed": 0}}, {"type": "Feature", "geometry": {"type": "LineString", "coordinates": [[114.4237242, 30.4896593], [114.4236963, 30.4897297], [114.4236585, 30.4897857], [114.4236044, 30.4898264], [114.4233594, 30.4899196], [114.4224232, 30.490266], [114.4223621, 30.4902584], [114.4223126, 30.4902364], [114.4222537, 30.4901705]]}, "properties": {"id": 52306, "name": " ", "road_class": "service", "oneway": "F", "maxspeed": 0}}, {"type": "Feature", "geometry": {"type": "LineString", "coordinates": [[114.4213865, 30.4908795], [114.4219691, 30.4906711], [114.4220414, 30.4906405], [114.422313, 30.4905057], [114.4224067, 30.4904552]]}, "properties": {"id": 52307, "name": "海纳路", "road_class": "secondary", "oneway": "F", "maxspeed": 0}}, {"type": "Feature", "geometry": {"type": "LineString", "coordinates": [[114.4224067, 30.4904552], [114.4235857, 30.4900163]]}, "properties": {"id": 52308, "name": "海纳路", "road_class": "secondary", "oneway": "F", "maxspeed": 0}}, {"type": "Feature", "geometry": {"type": "LineString", "coordinates": [[114.4206792, 30.4911795], [114.4208997, 30.4910879], [114.4210384, 30.4910284], [114.4213865, 30.4908795]]}, "properties": {"id": 52309, "name": "海纳路", "road_class": "secondary", "oneway": "F", "maxspeed": 0}}, {"type": "Feature", "geometry": {"type": "LineString", "coordinates": [[114.4235857, 30.4900163], [114.4237984, 30.4899585], [114.4238778, 30.4899886], [114.4239922, 30.4901587]]}, "properties": {"id": 52310, "name": "海纳路", "road_class": "secondary", "oneway": "F", "maxspeed": 0}}, {"type": "Feature", "geometry": {"type": "LineString", "coordinates": [[114.4239922, 30.4901587], [114.4244583, 30.4911481], [114.4245529, 30.4913833], [114.4247327, 30.4917725]]}, "properties": {"id": 52311, "name": "海纳路", "road_class": "secondary", "oneway": "F", "maxspeed": 0}}, {"type": "Feature", "geometry": {"type": "LineString", "coordinates": [[114.4246499, 30.4917902], [114.4244712, 30.4914183], [114.4243944, 30.4911861], [114.4239224, 30.4901873]]}, "properties": {"id": 52312, "name": "海纳路", "road_class": "secondary", "oneway": "F", "maxspeed": 0}}, {"type": "Feature", "geometry": {"type": "LineString", "coordinates": [[114.4222298, 30.4906602], [114.4214394, 30.4909514]]}, "properties": {"id": 52313, "name": "海纳路", "road_class": "secondary", "oneway": "F", "maxspeed": 0}}, {"type": "Feature", "geometry": {"type": "LineString", "coordinates": [[114.4236026, 30.4900586], [114.4224309, 30.490499]]}, "properties": {"id": 52314, "name": "海纳路", "road_class": "secondary", "oneway": "F", "maxspeed": 0}}, {"type": "Feature", "geometry": {"type": "LineString", "coordinates": [[114.4239224, 30.4901873], [114.4238693, 30.4900862], [114.4238204, 30.4900561], [114.4237408, 30.4900309], [114.423678, 30.4900357], [114.4236026, 30.4900586]]}, "properties": {"id": 52315, "name": "海纳路", "road_class": "secondary", "oneway": "F", "maxspeed": 0}}, {"type": "Feature", "geometry": {"type": "LineString", "coordinates": [[114.4224309, 30.490499], [114.4222298, 30.4906602]]}, "properties": {"id": 52316, "name": "海纳路", "road_class": "secondary", "oneway": "F", "maxspeed": 0}}, {"type": "Feature", "geometry": {"type": "LineString", "coordinates": [[114.4247327, 30.4917725], [114.4249712, 30.4922484]]}, "properties": {"id": 52317, "name": "海纳路", "road_class": "secondary", "oneway": "F", "maxspeed": 0}}, {"type": "Feature", "geometry": {"type": "LineString", "coordinates": [[114.4250714, 30.4926567], [114.424901, 30.4923005]]}, "properties": {"id": 52319, "name": "海纳路", "road_class": "secondary", "oneway": "F", "maxspeed": 0}}, {"type": "Feature", "geometry": {"type": "LineString", "coordinates": [[114.424901, 30.4923005], [114.4246499, 30.4917902]]}, "properties": {"id": 52320, "name": "海纳路", "road_class": "secondary", "oneway": "F", "maxspeed": 0}}, {"type": "Feature", "geometry": {"type": "LineString", "coordinates": [[114.423419, 30.4902231], [114.4228217, 30.4904461]]}, "properties": {"id": 52321, "name": " ", "road_class": "service", "oneway": "F", "maxspeed": 0}}, {"type": "Feature", "geometry": {"type": "LineString", "coordinates": [[114.4228217, 30.4904461], [114.4224554, 30.490568], [114.4222298, 30.4906602]]}, "properties": {"id": 52322, "name": " ", "road_class": "service", "oneway": "F", "maxspeed": 0}}, {"type": "Feature", "geometry": {"type": "LineString", "coordinates": [[114.4207001, 30.4912196], [114.4202852, 30.4913277], [114.4200586, 30.4913758], [114.4198773, 30.4914043], [114.4196639, 30.4914091]]}, "properties": {"id": 52323, "name": "海纳路", "road_class": "secondary", "oneway": "F", "maxspeed": 0}}, {"type": "Feature", "geometry": {"type": "LineString", "coordinates": [[114.4241188, 30.4896017], [114.4244057, 30.4895791], [114.4243844, 30.4894582], [114.4243588, 30.4894615], [114.4243213, 30.4894558], [114.4242912, 30.489439], [114.4242759, 30.489415], [114.4241948, 30.4891114], [114.4241431, 30.4888869], [114.4241214, 30.4887542], [114.4240996, 30.488621], [114.4240693, 30.4883936], [114.4240424, 30.4880946], [114.4240526, 30.4880653], [114.424074, 30.4880386], [114.4241095, 30.488021], [114.4241315, 30.488018], [114.4241096, 30.4878702], [114.4238873, 30.4879085], [114.4238585, 30.4879136], [114.4238268, 30.4879191], [114.4238338, 30.4879545], [114.4238388, 30.4879729], [114.4238439, 30.4879915], [114.4239013, 30.488334], [114.423826, 30.4883434], [114.4238526, 30.4885146], [114.4237635, 30.4885249], [114.423639, 30.4885224], [114.4235937, 30.4885215], [114.4229661, 30.4887065], [114.4229516, 30.4887242], [114.4229346, 30.4887696], [114.4229241, 30.4887849], [114.4224358, 30.4888488], [114.4223178, 30.488885], [114.4222256, 30.4889133], [114.4222326, 30.4889619], [114.422242, 30.4890277], [114.4222508, 30.4890756], [114.4222647, 30.4891484], [114.4222753, 30.4892037], [114.4222838, 30.489219], [114.4223409, 30.4892229], [114.4224102, 30.4892275], [114.4225468, 30.4892187], [114.4226412, 30.4891594], [114.4229549, 30.489156], [114.4230516, 30.489155], [114.4231617, 30.4891468], [114.4236638, 30.4891547], [114.4236918, 30.4891619], [114.423728, 30.4891839], [114.4237319, 30.4892158], [114.4237283, 30.4892365], [114.4237409, 30.4892706], [114.4237538, 30.4893056], [114.4238887, 30.4893073], [114.4238907, 30.489344], [114.4240691, 30.4893187], [114.4241188, 30.4896017]]}, "properties": {"id": 52324, "name": "站前集散广场", "road_class": "pedestrian", "oneway": "B", "maxspeed": 0}}, {"type": "Feature", "geometry": {"type": "LineString", "coordinates": [[114.4206115, 30.4883802], [114.4206686, 30.4888444]]}, "properties": {"id": 52326, "name": " ", "road_class": "footway", "oneway": "B", "maxspeed": 0}}, {"type": "Feature", "geometry": {"type": "LineString", "coordinates": [[114.4229549, 30.489156], [114.4229531, 30.4892608], [114.422908, 30.4893772]]}, "properties": {"id": 52327, "name": " ", "road_class": "footway", "oneway": "B", "maxspeed": 0}}, {"type": "Feature", "geometry": {"type": "LineString", "coordinates": [[114.4237409, 30.4892706], [114.4236567, 30.4893619]]}, "properties": {"id": 52328, "name": " ", "road_class": "footway", "oneway": "B", "maxspeed": 0}}, {"type": "Feature", "geometry": {"type": "LineString", "coordinates": [[114.4223178, 30.488885], [114.4222332, 30.488833], [114.4220642, 30.4888497], [114.4217914, 30.4886571], [114.4217055, 30.4886675], [114.4216417, 30.4886753], [114.421283, 30.4884537], [114.4208461, 30.4881838]]}, "properties": {"id": 52329, "name": " ", "road_class": "footway", "oneway": "B", "maxspeed": 0}}, {"type": "Feature", "geometry": {"type": "LineString", "coordinates": [[114.421283, 30.4884537], [114.4212914, 30.488378], [114.4212791, 30.4882202], [114.4211718, 30.4881064]]}, "properties": {"id": 52330, "name": " ", "road_class": "footway", "oneway": "B", "maxspeed": 0}}, {"type": "Feature", "geometry": {"type": "LineString", "coordinates": [[114.4211718, 30.4881064], [114.4209183, 30.4881428], [114.4208743, 30.488158], [114.4208461, 30.4881838], [114.4207986, 30.4882263], [114.4207669, 30.4882778], [114.4207493, 30.4883355], [114.4207986, 30.4888406], [114.4207106, 30.4889225]]}, "properties": {"id": 52331, "name": " ", "road_class": "footway", "oneway": "B", "maxspeed": 0}}, {"type": "Feature", "geometry": {"type": "LineString", "coordinates": [[114.4207106, 30.4889225], [114.4207299, 30.489106], [114.4207616, 30.489329], [114.4208584, 30.4897932], [114.42095, 30.490133], [114.4210103, 30.4903118], [114.4210855, 30.4905349], [114.4211026, 30.4906148], [114.4211308, 30.4906679], [114.4211749, 30.4907149], [114.4212133, 30.4907422], [114.4212657, 30.4907689], [114.4213368, 30.4907833], [114.421394, 30.4907815], [114.4214692, 30.4907583], [114.42169, 30.4906779], [114.4219904, 30.4905686]]}, "properties": {"id": 52332, "name": " ", "road_class": "footway", "oneway": "B", "maxspeed": 0}}, {"type": "Feature", "geometry": {"type": "LineString", "coordinates": [[114.4206686, 30.4888444], [114.4207106, 30.4889225]]}, "properties": {"id": 52333, "name": " ", "road_class": "footway", "oneway": "B", "maxspeed": 0}}, {"type": "Feature", "geometry": {"type": "LineString", "coordinates": [[114.4223717, 30.4904319], [114.4236557, 30.4899546]]}, "properties": {"id": 52334, "name": " ", "road_class": "footway", "oneway": "B", "maxspeed": 0}}, {"type": "Feature", "geometry": {"type": "LineString", "coordinates": [[114.4219904, 30.4905686], [114.422027, 30.4905568], [114.422072, 30.4905424]]}, "properties": {"id": 52335, "name": " ", "road_class": "footway", "oneway": "B", "maxspeed": 0}}, {"type": "Feature", "geometry": {"type": "LineString", "coordinates": [[114.422072, 30.4905424], [114.4222621, 30.4904741]]}, "properties": {"id": 52336, "name": " ", "road_class": "footway", "oneway": "B", "maxspeed": 0}}, {"type": "Feature", "geometry": {"type": "LineString", "coordinates": [[114.4222621, 30.4904741], [114.4223117, 30.490455], [114.4223717, 30.4904319]]}, "properties": {"id": 52337, "name": " ", "road_class": "footway", "oneway": "B", "maxspeed": 0}}, {"type": "Feature", "geometry": {"type": "LineString", "coordinates": [[114.4207986, 30.4888406], [114.4213839, 30.4889652], [114.4216726, 30.4890266], [114.4222326, 30.4889619]]}, "properties": {"id": 52338, "name": " ", "road_class": "footway", "oneway": "B", "maxspeed": 0}}, {"type": "Feature", "geometry": {"type": "LineString", "coordinates": [[114.4217055, 30.4886675], [114.4217144, 30.4887157], [114.4214293, 30.4888823], [114.4213839, 30.4889652]]}, "properties": {"id": 52339, "name": " ", "road_class": "footway", "oneway": "B", "maxspeed": 0}}, {"type": "Feature", "geometry": {"type": "LineString", "coordinates": [[114.4223409, 30.4892229], [114.4220715, 30.4895621], [114.421476, 30.490312], [114.4214648, 30.4904313], [114.4212657, 30.4907689]]}, "properties": {"id": 52340, "name": " ", "road_class": "footway", "oneway": "B", "maxspeed": 0}}, {"type": "Feature", "geometry": {"type": "LineString", "coordinates": [[114.421476, 30.490312], [114.4213214, 30.4902662], [114.4210103, 30.4903118]]}, "properties": {"id": 52341, "name": " ", "road_class": "footway", "oneway": "B", "maxspeed": 0}}, {"type": "Feature", "geometry": {"type": "LineString", "coordinates": [[114.4214648, 30.4904313], [114.4212956, 30.4904397], [114.4210855, 30.4905349]]}, "properties": {"id": 52342, "name": " ", "road_class": "footway", "oneway": "B", "maxspeed": 0}}, {"type": "Feature", "geometry": {"type": "LineString", "coordinates": [[114.421476, 30.490312], [114.421563, 30.4904411], [114.42169, 30.4906779]]}, "properties": {"id": 52343, "name": " ", "road_class": "footway", "oneway": "B", "maxspeed": 0}}, {"type": "Feature", "geometry": {"type": "LineString", "coordinates": [[114.4222647, 30.4891484], [114.4217064, 30.4892112], [114.4214222, 30.4894062], [114.4208584, 30.4897932]]}, "properties": {"id": 52344, "name": " ", "road_class": "footway", "oneway": "B", "maxspeed": 0}}, {"type": "Feature", "geometry": {"type": "LineString", "coordinates": [[114.4216726, 30.4890266], [114.4217064, 30.4892112]]}, "properties": {"id": 52345, "name": " ", "road_class": "footway", "oneway": "B", "maxspeed": 0}}, {"type": "Feature", "geometry": {"type": "LineString", "coordinates": [[114.4220715, 30.4895621], [114.4214222, 30.4894062]]}, "properties": {"id": 52346, "name": " ", "road_class": "footway", "oneway": "B", "maxspeed": 0}}, {"type": "Feature", "geometry": {"type": "LineString", "coordinates": [[114.4220715, 30.4895621], [114.4223021, 30.4896222]]}, "properties": {"id": 52347, "name": " ", "road_class": "footway", "oneway": "B", "maxspeed": 0}}, {"type": "Feature", "geometry": {"type": "LineString", "coordinates": [[114.4232688, 30.4880406], [114.4230896, 30.4882522], [114.422915, 30.4884583], [114.42289, 30.4884788], [114.422859, 30.4884912], [114.4225096, 30.4885323]]}, "properties": {"id": 52348, "name": " ", "road_class": "footway", "oneway": "B", "maxspeed": 0}}, {"type": "Feature", "geometry": {"type": "LineString", "coordinates": [[114.4238388, 30.4879729], [114.4235504, 30.4880071], [114.4232688, 30.4880406]]}, "properties": {"id": 52349, "name": " ", "road_class": "footway", "oneway": "B", "maxspeed": 0}}, {"type": "Feature", "geometry": {"type": "LineString", "coordinates": [[114.4239851, 30.4875422], [114.423785, 30.487559], [114.4237215, 30.48756]]}, "properties": {"id": 52350, "name": " ", "road_class": "footway", "oneway": "B", "maxspeed": 0}}, {"type": "Feature", "geometry": {"type": "LineString", "coordinates": [[114.423785, 30.487559], [114.4237598, 30.4875851], [114.4238153, 30.4877698], [114.4238585, 30.4879136]]}, "properties": {"id": 52351, "name": " ", "road_class": "footway", "oneway": "B", "maxspeed": 0}}, {"type": "Feature", "geometry": {"type": "LineString", "coordinates": [[114.4237215, 30.48756], [114.423644, 30.4876273]]}, "properties": {"id": 52352, "name": " ", "road_class": "footway", "oneway": "B", "maxspeed": 0}}, {"type": "Feature", "geometry": {"type": "LineString", "coordinates": [[114.423644, 30.4876273], [114.4237612, 30.4877248], [114.4238153, 30.4877698]]}, "properties": {"id": 52353, "name": " ", "road_class": "footway", "oneway": "B", "maxspeed": 0}}, {"type": "Feature", "geometry": {"type": "LineString", "coordinates": [[114.4236194, 30.4884087], [114.4230896, 30.4882522]]}, "properties": {"id": 52354, "name": " ", "road_class": "footway", "oneway": "B", "maxspeed": 0}}, {"type": "Feature", "geometry": {"type": "LineString", "coordinates": [[114.4196639, 30.4914091], [114.4198738, 30.49136], [114.4200553, 30.49133], [114.4202861, 30.4912753], [114.4206792, 30.4911795]]}, "properties": {"id": 52355, "name": "海纳路", "road_class": "secondary", "oneway": "F", "maxspeed": 0}}, {"type": "Feature", "geometry": {"type": "LineString", "coordinates": [[114.4214394, 30.4909514], [114.4210629, 30.4910884], [114.4209239, 30.4911387], [114.4207001, 30.4912196]]}, "properties": {"id": 52356, "name": "海纳路", "road_class": "secondary", "oneway": "F", "maxspeed": 0}}, {"type": "Feature", "geometry": {"type": "LineString", "coordinates": [[114.420391, 30.4883254], [114.4204844, 30.4889868], [114.4205281, 30.4892566], [114.4206033, 30.4896168]]}, "properties": {"id": 52357, "name": " ", "road_class": "secondary", "oneway": "F", "maxspeed": 0}}, {"type": "Feature", "geometry": {"type": "LineString", "coordinates": [[114.4204733, 30.4896449], [114.4203947, 30.4892747], [114.4203529, 30.4890075], [114.4202578, 30.4883369]]}, "properties": {"id": 52358, "name": " ", "road_class": "secondary", "oneway": "F", "maxspeed": 0}}, {"type": "Feature", "geometry": {"type": "LineString", "coordinates": [[114.4206033, 30.4896168], [114.420763, 30.4902874], [114.4209223, 30.4907436]]}, "properties": {"id": 52359, "name": " ", "road_class": "secondary", "oneway": "F", "maxspeed": 0}}, {"type": "Feature", "geometry": {"type": "LineString", "coordinates": [[114.4209223, 30.4907436], [114.4210384, 30.4910284], [114.4210629, 30.4910884], [114.4211294, 30.4912513]]}, "properties": {"id": 52360, "name": " ", "road_class": "secondary", "oneway": "F", "maxspeed": 0}}, {"type": "Feature", "geometry": {"type": "LineString", "coordinates": [[114.4207579, 30.4907896], [114.4206847, 30.490586], [114.4206471, 30.4903622], [114.4205496, 30.489979], [114.4204733, 30.4896449]]}, "properties": {"id": 52361, "name": " ", "road_class": "secondary", "oneway": "F", "maxspeed": 0}}, {"type": "Feature", "geometry": {"type": "LineString", "coordinates": [[114.4209979, 30.4912943], [114.4209239, 30.4911387], [114.4208997, 30.4910879], [114.4207579, 30.4907896]]}, "properties": {"id": 52362, "name": " ", "road_class": "secondary", "oneway": "F", "maxspeed": 0}}, {"type": "Feature", "geometry": {"type": "LineString", "coordinates": [[114.4007073, 30.5047155], [114.4008668, 30.5046807], [114.4009406, 30.5046668], [114.401003, 30.5046355], [114.4010874, 30.5048043], [114.4008118, 30.5049124]]}, "properties": {"id": 53658, "name": " ", "road_class": "footway", "oneway": "B", "maxspeed": 0}}, {"type": "Feature", "geometry": {"type": "LineString", "coordinates": [[114.400549, 30.5044575], [114.4005674, 30.5044875], [114.4007073, 30.5047155], [114.4007392, 30.5047674]]}, "properties": {"id": 53659, "name": " ", "road_class": "footway", "oneway": "B", "maxspeed": 0}}, {"type": "Feature", "geometry": {"type": "LineString", "coordinates": [[114.4007462, 30.5048608], [114.4007657, 30.504862], [114.4007844, 30.5048575], [114.4007987, 30.5048492], [114.4008094, 30.5048375], [114.4008156, 30.5048237], [114.4008167, 30.5048089], [114.4008127, 30.5047944], [114.4008035, 30.5047814], [114.4007902, 30.5047715], [114.400774, 30.5047655], [114.4007564, 30.5047641], [114.4007392, 30.5047674], [114.4007237, 30.5047752], [114.4007118, 30.5047868], [114.4007047, 30.5048011], [114.400703, 30.5048161], [114.4007067, 30.5048308], [114.4007155, 30.5048439], [114.4007284, 30.5048541], [114.4007462, 30.5048608]]}, "properties": {"id": 53660, "name": " ", "road_class": "footway", "oneway": "B", "maxspeed": 0}}, {"type": "Feature", "geometry": {"type": "LineString", "coordinates": [[114.4008127, 30.5047944], [114.4008665, 30.5047714]]}, "properties": {"id": 53661, "name": " ", "road_class": "footway", "oneway": "B", "maxspeed": 0}}, {"type": "Feature", "geometry": {"type": "LineString", "coordinates": [[114.4004854, 30.504358], [114.4005155, 30.5044051], [114.4005341, 30.5044345], [114.400549, 30.5044575]]}, "properties": {"id": 53662, "name": " ", "road_class": "footway", "oneway": "B", "maxspeed": 0}}, {"type": "Feature", "geometry": {"type": "LineString", "coordinates": [[114.4004621, 30.5048922], [114.4005638, 30.5048537], [114.4006381, 30.5048255], [114.4007047, 30.5048011]]}, "properties": {"id": 53663, "name": " ", "road_class": "footway", "oneway": "B", "maxspeed": 0}}, {"type": "Feature", "geometry": {"type": "LineString", "coordinates": [[114.4007284, 30.5048541], [114.4006668, 30.5048799], [114.4005926, 30.5049099], [114.4004939, 30.5049499]]}, "properties": {"id": 53664, "name": " ", "road_class": "footway", "oneway": "B", "maxspeed": 0}}, {"type": "Feature", "geometry": {"type": "LineString", "coordinates": [[114.4019555, 30.5043793], [114.4018599, 30.5044048]]}, "properties": {"id": 53665, "name": " ", "road_class": "footway", "oneway": "B", "maxspeed": 0}}, {"type": "Feature", "geometry": {"type": "LineString", "coordinates": [[114.4018599, 30.5044048], [114.4017343, 30.5044524]]}, "properties": {"id": 53666, "name": " ", "road_class": "steps", "oneway": "B", "maxspeed": 0}}, {"type": "Feature", "geometry": {"type": "LineString", "coordinates": [[114.4043577, 30.5024983], [114.4043295, 30.5024905], [114.4042725, 30.502505], [114.4040363, 30.5026215], [114.4027393, 30.5033192], [114.402266, 30.503574], [114.4015145, 30.503978], [114.4005674, 30.5044875], [114.400519, 30.5045134]]}, "properties": {"id": 53667, "name": " ", "road_class": "footway", "oneway": "B", "maxspeed": 0}}, {"type": "Feature", "geometry": {"type": "LineString", "coordinates": [[114.4016629, 30.5043172], [114.4016071, 30.5041892]]}, "properties": {"id": 53668, "name": " ", "road_class": "footway", "oneway": "B", "maxspeed": 0}}, {"type": "Feature", "geometry": {"type": "LineString", "coordinates": [[114.4009207, 30.5052577], [114.4009698, 30.5052389], [114.4020241, 30.5048341], [114.4027288, 30.5045629], [114.4035035, 30.504266], [114.4040456, 30.5040574], [114.4040905, 30.5040706], [114.404117, 30.5040587]]}, "properties": {"id": 53669, "name": " ", "road_class": "footway", "oneway": "B", "maxspeed": 0}}, {"type": "Feature", "geometry": {"type": "LineString", "coordinates": [[114.4019415, 30.5046563], [114.4020241, 30.5048341]]}, "properties": {"id": 53670, "name": " ", "road_class": "footway", "oneway": "B", "maxspeed": 0}}, {"type": "Feature", "geometry": {"type": "LineString", "coordinates": [[114.4009432, 30.5045616], [114.4008876, 30.5046466]]}, "properties": {"id": 53671, "name": " ", "road_class": "steps", "oneway": "B", "maxspeed": 0}}, {"type": "Feature", "geometry": {"type": "LineString", "coordinates": [[114.4008876, 30.5046466], [114.4008668, 30.5046807]]}, "properties": {"id": 53672, "name": " ", "road_class": "footway", "oneway": "B", "maxspeed": 0}}, {"type": "Feature", "geometry": {"type": "LineString", "coordinates": [[114.4007844, 30.5048575], [114.4008118, 30.5049124], [114.4009698, 30.5052389]]}, "properties": {"id": 53673, "name": " ", "road_class": "footway", "oneway": "B", "maxspeed": 0}}, {"type": "Feature", "geometry": {"type": "LineString", "coordinates": [[114.403301, 30.5038766], [114.403371, 30.5039683], [114.4035035, 30.504266]]}, "properties": {"id": 53674, "name": " ", "road_class": "footway", "oneway": "B", "maxspeed": 0}}, {"type": "Feature", "geometry": {"type": "LineString", "coordinates": [[114.404117, 30.5040587], [114.4041428, 30.5040248], [114.4041627, 30.503989], [114.4041735, 30.5038993], [114.4042376, 30.503366], [114.4042798, 30.5030613], [114.4043037, 30.5028888], [114.4043577, 30.5024983]]}, "properties": {"id": 53675, "name": " ", "road_class": "footway", "oneway": "B", "maxspeed": 0}}, {"type": "Feature", "geometry": {"type": "LineString", "coordinates": [[114.4042798, 30.5030613], [114.4043727, 30.5030693], [114.4044218, 30.5030735], [114.404525, 30.5030824]]}, "properties": {"id": 53676, "name": " ", "road_class": "footway", "oneway": "B", "maxspeed": 0}}, {"type": "Feature", "geometry": {"type": "LineString", "coordinates": [[114.4064402, 30.5018596], [114.4060593, 30.5018793], [114.4054313, 30.5019118], [114.4047947, 30.5019447], [114.4047511, 30.5019566], [114.4047167, 30.5019852], [114.4046938, 30.5020178], [114.4046743, 30.5020583], [114.4046417, 30.5022757], [114.4046376, 30.5023033], [114.4046433, 30.5024229], [114.4045527, 30.5030483], [114.404525, 30.5030824], [114.4044965, 30.5031174], [114.4044806, 30.5032203], [114.4044524, 30.5032595], [114.404377, 30.5038118], [114.4043789, 30.5039105], [114.4043803, 30.5039786]]}, "properties": {"id": 53677, "name": " ", "road_class": "footway", "oneway": "B", "maxspeed": 0}}, {"type": "Feature", "geometry": {"type": "LineString", "coordinates": [[114.404525, 30.5030824], [114.4050033, 30.5031476], [114.4059482, 30.5032765], [114.405986, 30.5032814], [114.4060308, 30.5032745], [114.4062051, 30.5031787], [114.4064619, 30.5031648], [114.4066121, 30.5030812]]}, "properties": {"id": 53678, "name": " ", "road_class": "footway", "oneway": "B", "maxspeed": 0}}, {"type": "Feature", "geometry": {"type": "LineString", "coordinates": [[114.4062051, 30.5031787], [114.4061253, 30.5024678], [114.4060593, 30.5018793]]}, "properties": {"id": 53679, "name": " ", "road_class": "footway", "oneway": "B", "maxspeed": 0}}, {"type": "Feature", "geometry": {"type": "LineString", "coordinates": [[114.4046417, 30.5022757], [114.4051593, 30.5023556], [114.4052763, 30.5023748], [114.4054705, 30.5023652], [114.4055949, 30.5023556], [114.4057092, 30.5024509], [114.4058011, 30.5024901], [114.4061253, 30.5024678], [114.4064958, 30.5024341]]}, "properties": {"id": 53680, "name": " ", "road_class": "footway", "oneway": "B", "maxspeed": 0}}, {"type": "Feature", "geometry": {"type": "LineString", "coordinates": [[114.4054313, 30.5019118], [114.4054705, 30.5023652]]}, "properties": {"id": 53681, "name": " ", "road_class": "footway", "oneway": "B", "maxspeed": 0}}, {"type": "Feature", "geometry": {"type": "LineString", "coordinates": [[114.4050033, 30.5031476], [114.4051327, 30.5024908], [114.4051593, 30.5023556]]}, "properties": {"id": 53682, "name": " ", "road_class": "footway", "oneway": "B", "maxspeed": 0}}, {"type": "Feature", "geometry": {"type": "LineString", "coordinates": [[114.4057092, 30.5024509], [114.4056497, 30.5024805], [114.4052513, 30.5025093], [114.4051327, 30.5024908]]}, "properties": {"id": 53683, "name": " ", "road_class": "footway", "oneway": "B", "maxspeed": 0}}, {"type": "Feature", "geometry": {"type": "LineString", "coordinates": [[114.4043803, 30.5039786], [114.4044294, 30.50399], [114.4045253, 30.503982], [114.4058485, 30.5038713], [114.4066361, 30.5037233], [114.4067225, 30.5036416], [114.4067182, 30.5035922]]}, "properties": {"id": 53684, "name": " ", "road_class": "footway", "oneway": "B", "maxspeed": 0}}, {"type": "Feature", "geometry": {"type": "LineString", "coordinates": [[114.4041735, 30.5038993], [114.4042709, 30.5039046], [114.4043087, 30.5039067], [114.4043789, 30.5039105]]}, "properties": {"id": 53685, "name": " ", "road_class": "footway", "oneway": "B", "maxspeed": 0}}, {"type": "Feature", "geometry": {"type": "LineString", "coordinates": [[114.4045342, 30.5021138], [114.4045722, 30.5019597], [114.4046051, 30.5019138], [114.4046398, 30.5018793], [114.4046819, 30.5018493], [114.4047288, 30.5018383], [114.4047917, 30.5018341], [114.4058863, 30.5017745], [114.4059758, 30.5017698], [114.4060285, 30.501767], [114.406386, 30.5017483], [114.4064058, 30.5017424], [114.4064405, 30.5017321], [114.4064656, 30.5017011], [114.4064759, 30.5016486]]}, "properties": {"id": 53686, "name": " ", "road_class": "tertiary", "oneway": "F", "maxspeed": 0}}, {"type": "Feature", "geometry": {"type": "LineString", "coordinates": [[114.4045116, 30.5022106], [114.4045342, 30.5021138]]}, "properties": {"id": 53687, "name": " ", "road_class": "tertiary", "oneway": "F", "maxspeed": 0}}, {"type": "Feature", "geometry": {"type": "LineString", "coordinates": [[114.4065064, 30.5018581], [114.4064823, 30.5018171], [114.4064525, 30.5017969], [114.4064203, 30.501792], [114.4064052, 30.5017897], [114.4060314, 30.5018052], [114.4059775, 30.5018074], [114.4058841, 30.5018113], [114.4047826, 30.5018705], [114.4047408, 30.5018761], [114.4046943, 30.5018937], [114.4046609, 30.5019201], [114.4046265, 30.5019553], [114.4046052, 30.5019873], [114.404595, 30.5020282], [114.4045922, 30.5021058], [114.4045515, 30.5023822], [114.4044533, 30.5029889], [114.4044218, 30.5030735], [114.4043488, 30.5035116], [114.4043107, 30.5038671]]}, "properties": {"id": 53688, "name": "梳子桥路", "road_class": "tertiary", "oneway": "F", "maxspeed": 0}}, {"type": "Feature", "geometry": {"type": "LineString", "coordinates": [[114.4043727, 30.5030693], [114.4043971, 30.5029801], [114.4044713, 30.5025182], [114.4045116, 30.5022106]]}, "properties": {"id": 53689, "name": "梳子桥路", "road_class": "tertiary", "oneway": "F", "maxspeed": 0}}, {"type": "Feature", "geometry": {"type": "LineString", "coordinates": [[114.4042691, 30.5038658], [114.4043081, 30.5035113], [114.4043727, 30.5030693]]}, "properties": {"id": 53690, "name": "梳子桥路", "road_class": "tertiary", "oneway": "F", "maxspeed": 0}}, {"type": "Feature", "geometry": {"type": "LineString", "coordinates": [[114.4042892, 30.5043034], [114.4042797, 30.5040969], [114.404278, 30.504059], [114.4042709, 30.5039046], [114.4042691, 30.5038658]]}, "properties": {"id": 53691, "name": "梳子桥路", "road_class": "tertiary", "oneway": "F", "maxspeed": 0}}, {"type": "Feature", "geometry": {"type": "LineString", "coordinates": [[114.4044713, 30.5025182], [114.4044495, 30.5024654], [114.4044225, 30.502427], [114.4043922, 30.5024187], [114.4043556, 30.5024086], [114.4042971, 30.5024214], [114.4005883, 30.5044103]]}, "properties": {"id": 53692, "name": " ", "road_class": "tertiary_link", "oneway": "F", "maxspeed": 0}}, {"type": "Feature", "geometry": {"type": "LineString", "coordinates": [[114.4043107, 30.5038671], [114.4043087, 30.5039067], [114.4043018, 30.5040485], [114.4042997, 30.5040897], [114.4042892, 30.5043034]]}, "properties": {"id": 53693, "name": "梳子桥路", "road_class": "tertiary", "oneway": "F", "maxspeed": 0}}, {"type": "Feature", "geometry": {"type": "LineString", "coordinates": [[114.4182151, 30.5090019], [114.418172, 30.5084744], [114.4180637, 30.5076632], [114.4174266, 30.5025635]]}, "properties": {"id": 53694, "name": " ", "road_class": "trunk", "oneway": "F", "maxspeed": 0}}, {"type": "Feature", "geometry": {"type": "LineString", "coordinates": [[114.4182752, 30.5094906], [114.4182151, 30.5090019]]}, "properties": {"id": 53695, "name": " ", "road_class": "trunk", "oneway": "F", "maxspeed": 0}}, {"type": "Feature", "geometry": {"type": "LineString", "coordinates": [[114.4184304, 30.5094782], [114.4184996, 30.5101392], [114.4187439, 30.5118245], [114.4187882, 30.5121033], [114.4188558, 30.5124346], [114.41898, 30.5127613], [114.4198578, 30.515021], [114.4206399, 30.5170144]]}, "properties": {"id": 53696, "name": " ", "road_class": "trunk", "oneway": "F", "maxspeed": 0}}, {"type": "Feature", "geometry": {"type": "LineString", "coordinates": [[114.4183871, 30.5089947], [114.4184304, 30.5094782]]}, "properties": {"id": 53697, "name": " ", "road_class": "trunk", "oneway": "F", "maxspeed": 0}}, {"type": "Feature", "geometry": {"type": "LineString", "coordinates": [[114.4028989, 30.5035328], [114.4028083, 30.5034115]]}, "properties": {"id": 53698, "name": " ", "road_class": "footway", "oneway": "B", "maxspeed": 0}}, {"type": "Feature", "geometry": {"type": "LineString", "coordinates": [[114.4028083, 30.5034115], [114.4027393, 30.5033192]]}, "properties": {"id": 53699, "name": " ", "road_class": "footway", "oneway": "B", "maxspeed": 0}}, {"type": "Feature", "geometry": {"type": "LineString", "coordinates": [[114.4029758, 30.5036358], [114.4028989, 30.5035328]]}, "properties": {"id": 53700, "name": " ", "road_class": "footway", "oneway": "B", "maxspeed": 0}}, {"type": "Feature", "geometry": {"type": "LineString", "coordinates": [[114.4023064, 30.5036604], [114.4024507, 30.5039687], [114.4025357, 30.5041502], [114.4026759, 30.5044499]]}, "properties": {"id": 53701, "name": " ", "road_class": "footway", "oneway": "B", "maxspeed": 0}}, {"type": "Feature", "geometry": {"type": "LineString", "coordinates": [[114.402266, 30.503574], [114.4023064, 30.5036604]]}, "properties": {"id": 53702, "name": " ", "road_class": "footway", "oneway": "B", "maxspeed": 0}}, {"type": "Feature", "geometry": {"type": "LineString", "coordinates": [[114.4026759, 30.5044499], [114.4027288, 30.5045629]]}, "properties": {"id": 53703, "name": " ", "road_class": "footway", "oneway": "B", "maxspeed": 0}}, {"type": "Feature", "geometry": {"type": "LineString", "coordinates": [[114.4020791, 30.5043464], [114.4024825, 30.5041938], [114.4025357, 30.5041502], [114.4025823, 30.5041325]]}, "properties": {"id": 53704, "name": " ", "road_class": "footway", "oneway": "B", "maxspeed": 0}}, {"type": "Feature", "geometry": {"type": "LineString", "coordinates": [[114.4019555, 30.5043793], [114.4020791, 30.5043464]]}, "properties": {"id": 53705, "name": " ", "road_class": "footway", "oneway": "B", "maxspeed": 0}}, {"type": "Feature", "geometry": {"type": "LineString", "coordinates": [[114.4024507, 30.5039687], [114.4025114, 30.5039473]]}, "properties": {"id": 53706, "name": " ", "road_class": "footway", "oneway": "B", "maxspeed": 0}}, {"type": "Feature", "geometry": {"type": "LineString", "coordinates": [[114.4042351, 30.5028831], [114.4041299, 30.502891]]}, "properties": {"id": 53707, "name": " ", "road_class": "steps", "oneway": "B", "maxspeed": 0}}, {"type": "Feature", "geometry": {"type": "LineString", "coordinates": [[114.4043037, 30.5028888], [114.4042351, 30.5028831]]}, "properties": {"id": 53708, "name": " ", "road_class": "footway", "oneway": "B", "maxspeed": 0}}, {"type": "Feature", "geometry": {"type": "LineString", "coordinates": [[114.4009528, 30.5054363], [114.4011622, 30.5058456], [114.4011966, 30.5059155], [114.4012125, 30.5059515], [114.4012314, 30.5060014], [114.4012473, 30.5060433], [114.4012783, 30.5061325], [114.4012955, 30.5061968], [114.4013362, 30.5063673]]}, "properties": {"id": 53709, "name": "珞雄路", "road_class": "secondary", "oneway": "F", "maxspeed": 0}}, {"type": "Feature", "geometry": {"type": "LineString", "coordinates": [[114.4005065, 30.5045758], [114.4006381, 30.5048255], [114.4006668, 30.5048799], [114.4008478, 30.5052234]]}, "properties": {"id": 53710, "name": "珞雄路", "road_class": "secondary", "oneway": "F", "maxspeed": 0}}, {"type": "Feature", "geometry": {"type": "LineString", "coordinates": [[114.4007689, 30.5052529], [114.4005926, 30.5049099], [114.4005638, 30.5048537], [114.4004409, 30.5046147]]}, "properties": {"id": 53711, "name": "珞雄路", "road_class": "secondary", "oneway": "F", "maxspeed": 0}}, {"type": "Feature", "geometry": {"type": "LineString", "coordinates": [[114.4008478, 30.5052234], [114.4008995, 30.5053282], [114.4009528, 30.5054363]]}, "properties": {"id": 53712, "name": "珞雄路", "road_class": "secondary", "oneway": "F", "maxspeed": 0}}, {"type": "Feature", "geometry": {"type": "LineString", "coordinates": [[114.4008877, 30.5054677], [114.4008273, 30.5053584], [114.4007689, 30.5052529]]}, "properties": {"id": 53713, "name": "珞雄路", "road_class": "secondary", "oneway": "F", "maxspeed": 0}}, {"type": "Feature", "geometry": {"type": "LineString", "coordinates": [[114.4003049, 30.5043684], [114.4000909, 30.5039328], [114.4000435, 30.5038341], [114.4000023, 30.5037274], [114.3999564, 30.5035839], [114.399921, 30.5034618], [114.3999029, 30.5033996], [114.3998632, 30.5032574], [114.3998327, 30.5031336], [114.3998143, 30.5030204], [114.399799, 30.5029204], [114.3997776, 30.50274], [114.3995744, 30.5001739]]}, "properties": {"id": 53714, "name": "珞雄路", "road_class": "secondary", "oneway": "F", "maxspeed": 0}}, {"type": "Feature", "geometry": {"type": "LineString", "coordinates": [[114.4003797, 30.5043377], [114.400439, 30.504449], [114.400451, 30.5044716], [114.4005065, 30.5045758]]}, "properties": {"id": 53715, "name": "珞雄路", "road_class": "secondary", "oneway": "F", "maxspeed": 0}}, {"type": "Feature", "geometry": {"type": "LineString", "coordinates": [[114.404577, 30.5040123], [114.4058369, 30.5039015], [114.4066922, 30.5037318]]}, "properties": {"id": 53716, "name": " ", "road_class": "unclassified", "oneway": "F", "maxspeed": 0}}, {"type": "Feature", "geometry": {"type": "LineString", "coordinates": [[114.4008995, 30.5053282], [114.4009993, 30.5052907]]}, "properties": {"id": 53717, "name": " ", "road_class": "unclassified", "oneway": "F", "maxspeed": 0}}, {"type": "Feature", "geometry": {"type": "LineString", "coordinates": [[114.4041083, 30.5041461], [114.4010177, 30.5053289]]}, "properties": {"id": 53718, "name": " ", "road_class": "unclassified", "oneway": "F", "maxspeed": 0}}, {"type": "Feature", "geometry": {"type": "LineString", "coordinates": [[114.4010177, 30.5053289], [114.4008995, 30.5053282]]}, "properties": {"id": 53719, "name": " ", "road_class": "unclassified", "oneway": "F", "maxspeed": 0}}, {"type": "Feature", "geometry": {"type": "LineString", "coordinates": [[114.4067058, 30.5037721], [114.4058327, 30.5039319], [114.4045821, 30.5040407]]}, "properties": {"id": 53720, "name": " ", "road_class": "unclassified", "oneway": "F", "maxspeed": 0}}, {"type": "Feature", "geometry": {"type": "LineString", "coordinates": [[114.4040861, 30.5041156], [114.4041331, 30.5041017], [114.404278, 30.504059], [114.4043018, 30.5040485], [114.4044584, 30.504025], [114.404525, 30.5040179], [114.404577, 30.5040123]]}, "properties": {"id": 53721, "name": " ", "road_class": "unclassified", "oneway": "F", "maxspeed": 0}}, {"type": "Feature", "geometry": {"type": "LineString", "coordinates": [[114.4002193, 30.5045751], [114.400371, 30.5044881], [114.400439, 30.504449], [114.4005155, 30.5044051], [114.4005515, 30.5043824]]}, "properties": {"id": 53722, "name": " ", "road_class": "tertiary", "oneway": "F", "maxspeed": 0}}, {"type": "Feature", "geometry": {"type": "LineString", "coordinates": [[114.4005883, 30.5044103], [114.4005341, 30.5044345], [114.400451, 30.5044716], [114.4003795, 30.5045035], [114.4002193, 30.5045751]]}, "properties": {"id": 53723, "name": " ", "road_class": "tertiary_link", "oneway": "F", "maxspeed": 0}}, {"type": "Feature", "geometry": {"type": "LineString", "coordinates": [[114.4004854, 30.504358], [114.4011221, 30.5040351], [114.4042884, 30.502314], [114.4043577, 30.5022558], [114.4044219, 30.5022019]]}, "properties": {"id": 53724, "name": " ", "road_class": "footway", "oneway": "B", "maxspeed": 0}}, {"type": "Feature", "geometry": {"type": "LineString", "coordinates": [[114.4043577, 30.5024983], [114.4043922, 30.5024187], [114.4044219, 30.50235], [114.4043974, 30.5023141], [114.4043577, 30.5022558]]}, "properties": {"id": 53725, "name": " ", "road_class": "footway", "oneway": "B", "maxspeed": 0}}, {"type": "Feature", "geometry": {"type": "LineString", "coordinates": [[114.4045821, 30.5040407], [114.4045248, 30.5040477], [114.4044612, 30.5040554], [114.4042997, 30.5040897], [114.4042797, 30.5040969], [114.4041457, 30.5041353], [114.4041083, 30.5041461]]}, "properties": {"id": 53726, "name": " ", "road_class": "unclassified", "oneway": "F", "maxspeed": 0}}, {"type": "Feature", "geometry": {"type": "LineString", "coordinates": [[114.4066922, 30.5037318], [114.4067343, 30.5037251], [114.4069168, 30.5036958]]}, "properties": {"id": 53727, "name": " ", "road_class": "unclassified", "oneway": "F", "maxspeed": 0}}, {"type": "Feature", "geometry": {"type": "LineString", "coordinates": [[114.406924, 30.5037447], [114.4067406, 30.5037677], [114.4067058, 30.5037721]]}, "properties": {"id": 53728, "name": " ", "road_class": "unclassified", "oneway": "F", "maxspeed": 0}}, {"type": "Feature", "geometry": {"type": "LineString", "coordinates": [[114.4041659, 30.5041891], [114.4041457, 30.5041353], [114.4041331, 30.5041017], [114.404117, 30.5040587]]}, "properties": {"id": 53729, "name": " ", "road_class": "footway", "oneway": "B", "maxspeed": 0}}, {"type": "Feature", "geometry": {"type": "LineString", "coordinates": [[114.4045253, 30.503982], [114.404525, 30.5040179], [114.4045248, 30.5040477], [114.4045243, 30.5040985]]}, "properties": {"id": 53730, "name": " ", "road_class": "footway", "oneway": "B", "maxspeed": 0}}, {"type": "Feature", "geometry": {"type": "LineString", "coordinates": [[114.4067584, 30.5038882], [114.4067012, 30.5038481], [114.4066492, 30.5038364], [114.4058474, 30.5039689], [114.4045243, 30.5040985], [114.4044848, 30.5041053], [114.404435, 30.5041268], [114.4043988, 30.504155]]}, "properties": {"id": 53731, "name": " ", "road_class": "footway", "oneway": "B", "maxspeed": 0}}, {"type": "Feature", "geometry": {"type": "LineString", "coordinates": [[114.4041659, 30.5041891], [114.4041184, 30.504193], [114.401073, 30.5053798], [114.4010198, 30.5053788]]}, "properties": {"id": 53732, "name": " ", "road_class": "footway", "oneway": "B", "maxspeed": 0}}, {"type": "Feature", "geometry": {"type": "LineString", "coordinates": [[114.4044219, 30.5022019], [114.4045277, 30.5018098], [114.4045549, 30.5017981], [114.4059737, 30.5017226], [114.406025, 30.5017198], [114.4063484, 30.5017026], [114.4063874, 30.5016798]]}, "properties": {"id": 53733, "name": " ", "road_class": "footway", "oneway": "B", "maxspeed": 0}}, {"type": "Feature", "geometry": {"type": "LineString", "coordinates": [[114.4049347, 30.5010067], [114.4055114, 30.500861], [114.405555, 30.5008527], [114.4060433, 30.5008206], [114.4060511, 30.5008771], [114.4061285, 30.5014449], [114.4061231, 30.501488], [114.406104, 30.5015274], [114.4060806, 30.5015595], [114.4060455, 30.5015824], [114.4060153, 30.5015899], [114.4059976, 30.5015943], [114.4059679, 30.5015959], [114.4049422, 30.5016484]]}, "properties": {"id": 53734, "name": " ", "road_class": "service", "oneway": "B", "maxspeed": 0}}, {"type": "Feature", "geometry": {"type": "LineString", "coordinates": [[114.4049422, 30.5016484], [114.4049103, 30.5016457], [114.4048922, 30.5016319], [114.4048794, 30.5016118], [114.4049007, 30.5011057], [114.4049039, 30.5010654], [114.4049156, 30.5010333], [114.4049347, 30.5010067]]}, "properties": {"id": 53735, "name": " ", "road_class": "service", "oneway": "B", "maxspeed": 0}}, {"type": "Feature", "geometry": {"type": "LineString", "coordinates": [[114.4060433, 30.5008206], [114.406246, 30.5008024], [114.4062713, 30.5008002], [114.4062998, 30.5007976], [114.4063232, 30.5007727]]}, "properties": {"id": 53736, "name": " ", "road_class": "service", "oneway": "F", "maxspeed": 0}}, {"type": "Feature", "geometry": {"type": "LineString", "coordinates": [[114.4060153, 30.5015899], [114.4060227, 30.5016889], [114.406025, 30.5017198], [114.4060285, 30.501767], [114.4060314, 30.5018052]]}, "properties": {"id": 53737, "name": " ", "road_class": "service", "oneway": "F", "maxspeed": 0}}, {"type": "Feature", "geometry": {"type": "LineString", "coordinates": [[114.4059775, 30.5018074], [114.4059758, 30.5017698], [114.4059737, 30.5017226], [114.4059723, 30.5016916], [114.4059679, 30.5015959]]}, "properties": {"id": 53738, "name": " ", "road_class": "service", "oneway": "F", "maxspeed": 0}}, {"type": "Feature", "geometry": {"type": "LineString", "coordinates": [[114.4064525, 30.5017969], [114.4064405, 30.5017321], [114.4064274, 30.5016516], [114.4063274, 30.5008972], [114.4063115, 30.5008669], [114.4062955, 30.5008578], [114.4062792, 30.5008572], [114.4062535, 30.5008563], [114.4060511, 30.5008771]]}, "properties": {"id": 53739, "name": " ", "road_class": "service", "oneway": "F", "maxspeed": 0}}, {"type": "Feature", "geometry": {"type": "LineString", "coordinates": [[114.4059679, 30.5015959], [114.4059656, 30.5014812], [114.4058758, 30.5014263]]}, "properties": {"id": 53740, "name": " ", "road_class": "footway", "oneway": "B", "maxspeed": 0}}, {"type": "Feature", "geometry": {"type": "LineString", "coordinates": [[114.4060511, 30.5008771], [114.406009, 30.5009371], [114.4060389, 30.5013781], [114.4059656, 30.5014812]]}, "properties": {"id": 53741, "name": " ", "road_class": "footway", "oneway": "B", "maxspeed": 0}}, {"type": "Feature", "geometry": {"type": "LineString", "coordinates": [[114.4012666, 30.506378], [114.4012024, 30.5061487], [114.4011377, 30.505974], [114.4010718, 30.505828], [114.4008877, 30.5054677]]}, "properties": {"id": 53748, "name": "珞雄路", "road_class": "secondary", "oneway": "F", "maxspeed": 0}}, {"type": "Feature", "geometry": {"type": "LineString", "coordinates": [[114.4008567, 30.5092857], [114.4008783, 30.5092362], [114.4008925, 30.5091907], [114.4010888, 30.5082608], [114.401102, 30.5080451]]}, "properties": {"id": 53749, "name": " ", "road_class": "secondary", "oneway": "F", "maxspeed": 0}}, {"type": "Feature", "geometry": {"type": "LineString", "coordinates": [[114.4012958, 30.5066985], [114.4013, 30.5066294], [114.401301, 30.5066044], [114.4012992, 30.5065748], [114.4012879, 30.5065075], [114.4012666, 30.506378]]}, "properties": {"id": 53750, "name": " ", "road_class": "secondary", "oneway": "F", "maxspeed": 0}}, {"type": "Feature", "geometry": {"type": "LineString", "coordinates": [[114.4012192, 30.5080575], [114.4012049, 30.5082786], [114.4010795, 30.5090122]]}, "properties": {"id": 53751, "name": "珞雄路", "road_class": "secondary", "oneway": "F", "maxspeed": 0}}, {"type": "Feature", "geometry": {"type": "LineString", "coordinates": [[114.4013362, 30.5063673], [114.4013656, 30.506493], [114.4013822, 30.5065638], [114.4014043, 30.5066581], [114.4014157, 30.506707]]}, "properties": {"id": 53752, "name": "珞雄路", "road_class": "secondary", "oneway": "F", "maxspeed": 0}}, {"type": "Feature", "geometry": {"type": "LineString", "coordinates": [[114.4012879, 30.5065075], [114.4013656, 30.506493], [114.4016956, 30.5064314]]}, "properties": {"id": 53753, "name": "常青藤路", "road_class": "tertiary", "oneway": "F", "maxspeed": 0}}, {"type": "Feature", "geometry": {"type": "LineString", "coordinates": [[114.4016956, 30.5064314], [114.4040135, 30.5062455]]}, "properties": {"id": 53754, "name": "常青藤路", "road_class": "tertiary", "oneway": "F", "maxspeed": 0}}, {"type": "Feature", "geometry": {"type": "LineString", "coordinates": [[114.4040225, 30.5063568], [114.4030745, 30.5064295], [114.4027299, 30.5064422], [114.4017254, 30.5065185]]}, "properties": {"id": 53755, "name": "常青藤路", "road_class": "tertiary", "oneway": "F", "maxspeed": 0}}, {"type": "Feature", "geometry": {"type": "LineString", "coordinates": [[114.4017254, 30.5065185], [114.4015267, 30.5065447], [114.4013822, 30.5065638], [114.4012992, 30.5065748]]}, "properties": {"id": 53756, "name": "常青藤路", "road_class": "tertiary", "oneway": "F", "maxspeed": 0}}, {"type": "Feature", "geometry": {"type": "LineString", "coordinates": [[114.4000909, 30.5039328], [114.4001631, 30.5039069], [114.4002825, 30.5038639], [114.4004581, 30.5038008]]}, "properties": {"id": 53865, "name": " ", "road_class": "service", "oneway": "B", "maxspeed": 0}}, {"type": "Feature", "geometry": {"type": "LineString", "coordinates": [[114.4004409, 30.5046147], [114.4003795, 30.5045035], [114.400371, 30.5044881], [114.4003049, 30.5043684]]}, "properties": {"id": 53866, "name": "珞雄路", "road_class": "secondary", "oneway": "F", "maxspeed": 0}}, {"type": "Feature", "geometry": {"type": "LineString", "coordinates": [[114.3994922, 30.4996421], [114.3994627, 30.4988893], [114.3993889, 30.4978643]]}, "properties": {"id": 53867, "name": "珞雄路", "road_class": "secondary", "oneway": "F", "maxspeed": 0}}, {"type": "Feature", "geometry": {"type": "LineString", "coordinates": [[114.3995927, 30.4996344], [114.3996069, 30.4997623], [114.3996197, 30.4998783], [114.3996244, 30.4999203], [114.3996342, 30.5000086], [114.3996522, 30.5001712]]}, "properties": {"id": 53868, "name": " ", "road_class": "secondary", "oneway": "F", "maxspeed": 50}}, {"type": "Feature", "geometry": {"type": "LineString", "coordinates": [[114.402926, 30.4999164], [114.4029159, 30.4997561], [114.4029111, 30.4996787], [114.4029029, 30.4995479], [114.4029007, 30.4995122]]}, "properties": {"id": 53926, "name": " ", "road_class": "footway", "oneway": "B", "maxspeed": 0}}, {"type": "Feature", "geometry": {"type": "LineString", "coordinates": [[114.402926, 30.4999164], [114.4027112, 30.4999112]]}, "properties": {"id": 53927, "name": " ", "road_class": "steps", "oneway": "B", "maxspeed": 0}}, {"type": "Feature", "geometry": {"type": "LineString", "coordinates": [[114.402926, 30.4999164], [114.4032638, 30.4998984]]}, "properties": {"id": 53928, "name": " ", "road_class": "footway", "oneway": "B", "maxspeed": 0}}, {"type": "Feature", "geometry": {"type": "LineString", "coordinates": [[114.4029007, 30.4995122], [114.4025401, 30.4995313]]}, "properties": {"id": 53929, "name": " ", "road_class": "steps", "oneway": "B", "maxspeed": 0}}, {"type": "Feature", "geometry": {"type": "LineString", "coordinates": [[114.4029007, 30.4995122], [114.40322, 30.4994961]]}, "properties": {"id": 53930, "name": " ", "road_class": "steps", "oneway": "B", "maxspeed": 0}}, {"type": "Feature", "geometry": {"type": "LineString", "coordinates": [[114.3992768, 30.4957897], [114.3955998, 30.4959992], [114.3955657, 30.4959656], [114.3953781, 30.4952862], [114.3953634, 30.4951938], [114.3953318, 30.4951279], [114.3951395, 30.4948429], [114.3948952, 30.4943134], [114.3947646, 30.4942459], [114.3944067, 30.4938289], [114.3942192, 30.4935549], [114.3941093, 30.4933417]]}, "properties": {"id": 53931, "name": " ", "road_class": "residential", "oneway": "B", "maxspeed": 0}}, {"type": "Feature", "geometry": {"type": "LineString", "coordinates": [[114.3955998, 30.4959992], [114.3954724, 30.496041], [114.3952553, 30.4960808], [114.3951946, 30.496105], [114.39515, 30.4961228], [114.3944384, 30.4962714], [114.3942713, 30.496299]]}, "properties": {"id": 53934, "name": " ", "road_class": "footway", "oneway": "B", "maxspeed": 0}}, {"type": "Feature", "geometry": {"type": "LineString", "coordinates": [[114.3951946, 30.496105], [114.3951897, 30.4959901], [114.395176, 30.4958678], [114.3951577, 30.4957745], [114.395118, 30.4956838], [114.3950448, 30.4955694], [114.3949853, 30.4955102], [114.3948983, 30.4954695], [114.3947534, 30.4954379], [114.3946298, 30.4954169], [114.3944864, 30.4954037], [114.3943796, 30.4953972], [114.3942755, 30.4953812], [114.3942255, 30.4953591], [114.3941568, 30.4953262], [114.3940668, 30.4952999], [114.3939615, 30.4952815], [114.3938532, 30.4952815], [114.3937586, 30.495292], [114.3936686, 30.4953104], [114.3936122, 30.4953564], [114.3935664, 30.4954129], [114.3934901, 30.4954537], [114.3934047, 30.4954945], [114.393304, 30.4955313], [114.3932155, 30.4955576], [114.3931087, 30.4955799], [114.3929699, 30.4956049], [114.3928402, 30.4956338], [114.3927258, 30.4956509], [114.3926266, 30.4956614], [114.3925351, 30.4956588], [114.3924603, 30.4956535], [114.3923871, 30.4956522], [114.3923123, 30.4956614], [114.3922635, 30.4956851], [114.3922101, 30.4957258], [114.3921903, 30.4957745], [114.3921948, 30.4958389], [114.3922162, 30.4958901], [114.3922482, 30.495927], [114.3922925, 30.4959519], [114.3923489, 30.4959756], [114.3923901, 30.4960242], [114.3924176, 30.4960716], [114.3924267, 30.4961215], [114.3924328, 30.4961794], [114.3924206, 30.496228]]}, "properties": {"id": 53935, "name": " ", "road_class": "footway", "oneway": "B", "maxspeed": 0}}, {"type": "Feature", "geometry": {"type": "LineString", "coordinates": [[114.4063193, 30.5006749], [114.4062612, 30.5006795], [114.4058111, 30.5007154], [114.4053258, 30.5007047], [114.4048487, 30.5007476], [114.4047713, 30.5001186], [114.4047326, 30.5000554], [114.4046992, 30.4998351], [114.404687, 30.4997547]]}, "properties": {"id": 53941, "name": " ", "road_class": "unclassified", "oneway": "B", "maxspeed": 0}}, {"type": "Feature", "geometry": {"type": "LineString", "coordinates": [[114.4016709, 30.4993102], [114.400574, 30.4993368], [114.4005643, 30.4992527], [114.400548, 30.4992107], [114.400522, 30.4991896], [114.4004879, 30.4991882], [114.399813, 30.4992835], [114.3996894, 30.4991966], [114.3996781, 30.4989655], [114.3996634, 30.4988828], [114.3995401, 30.4988853], [114.3994627, 30.4988893]]}, "properties": {"id": 53942, "name": " ", "road_class": "residential", "oneway": "B", "maxspeed": 0}}, {"type": "Feature", "geometry": {"type": "LineString", "coordinates": [[114.3995744, 30.5001739], [114.3995495, 30.5000124], [114.3995359, 30.4999247], [114.399529, 30.49988], [114.3995116, 30.4997673], [114.3994922, 30.4996421]]}, "properties": {"id": 53943, "name": " ", "road_class": "secondary", "oneway": "F", "maxspeed": 0}}, {"type": "Feature", "geometry": {"type": "LineString", "coordinates": [[114.399411, 30.4977042], [114.3994642, 30.4978633]]}, "properties": {"id": 53944, "name": "雄庄路", "road_class": "secondary", "oneway": "F", "maxspeed": 50}}, {"type": "Feature", "geometry": {"type": "LineString", "coordinates": [[114.3993889, 30.4978643], [114.399411, 30.4977042]]}, "properties": {"id": 53945, "name": "珞雄路", "road_class": "secondary", "oneway": "F", "maxspeed": 0}}, {"type": "Feature", "geometry": {"type": "LineString", "coordinates": [[114.3995728, 30.499328], [114.3995927, 30.4996344]]}, "properties": {"id": 53946, "name": "雄庄路", "road_class": "secondary", "oneway": "F", "maxspeed": 50}}, {"type": "Feature", "geometry": {"type": "LineString", "coordinates": [[114.4061707, 30.5001794], [114.4062525, 30.5001477], [114.4063593, 30.5001064], [114.4063544, 30.5000199], [114.4063243, 30.4999425], [114.406268, 30.4998736], [114.4062267, 30.4998417]]}, "properties": {"id": 53947, "name": " ", "road_class": "footway", "oneway": "B", "maxspeed": 0}}, {"type": "Feature", "geometry": {"type": "LineString", "coordinates": [[114.4059525, 30.4999243], [114.4058841, 30.4998842], [114.4057939, 30.4998394], [114.4056722, 30.499817], [114.4055532, 30.49981], [114.4054247, 30.4998083], [114.4046992, 30.4998351], [114.4043882, 30.4998665], [114.4033711, 30.4999232], [114.4032683, 30.499929], [114.4028813, 30.4999478], [114.4026256, 30.499929], [114.4025395, 30.4999254], [114.4016097, 30.4999679], [114.4014018, 30.4999749], [114.4008904, 30.5000008], [114.4006265, 30.5000244]]}, "properties": {"id": 53948, "name": " ", "road_class": "footway", "oneway": "B", "maxspeed": 0}}, {"type": "Feature", "geometry": {"type": "LineString", "coordinates": [[114.4027112, 30.4999112], [114.4026256, 30.499929]]}, "properties": {"id": 53949, "name": " ", "road_class": "footway", "oneway": "B", "maxspeed": 0}}, {"type": "Feature", "geometry": {"type": "LineString", "coordinates": [[114.4032638, 30.4998984], [114.4033711, 30.4999232]]}, "properties": {"id": 53950, "name": " ", "road_class": "footway", "oneway": "B", "maxspeed": 0}}, {"type": "Feature", "geometry": {"type": "LineString", "coordinates": [[114.4006265, 30.5000244], [114.400565, 30.5000291], [114.4000823, 30.5000645], [114.4000467, 30.5000444], [114.3998731, 30.5000503]]}, "properties": {"id": 53951, "name": " ", "road_class": "footway", "oneway": "B", "maxspeed": 0}}, {"type": "Feature", "geometry": {"type": "LineString", "coordinates": [[114.3986314, 30.5001243], [114.3961099, 30.5002622]]}, "properties": {"id": 53952, "name": " ", "road_class": "trunk_link", "oneway": "F", "maxspeed": 0}}, {"type": "Feature", "geometry": {"type": "LineString", "coordinates": [[114.3961099, 30.5002622], [114.3957325, 30.5002716], [114.3954742, 30.5002617]]}, "properties": {"id": 53953, "name": " ", "road_class": "trunk_link", "oneway": "F", "maxspeed": 0}}, {"type": "Feature", "geometry": {"type": "LineString", "coordinates": [[114.4002852, 30.4999187], [114.3992235, 30.5000536], [114.3990703, 30.5000725], [114.3988994, 30.500096], [114.3987353, 30.5001149], [114.3986314, 30.5001243]]}, "properties": {"id": 53954, "name": " ", "road_class": "trunk_link", "oneway": "F", "maxspeed": 0}}, {"type": "Feature", "geometry": {"type": "LineString", "coordinates": [[114.4029111, 30.4996787], [114.4026042, 30.4996956]]}, "properties": {"id": 53955, "name": " ", "road_class": "steps", "oneway": "B", "maxspeed": 0}}, {"type": "Feature", "geometry": {"type": "LineString", "coordinates": [[114.4026042, 30.4996956], [114.4022513, 30.4997182]]}, "properties": {"id": 53956, "name": " ", "road_class": "footway", "oneway": "B", "maxspeed": 0}}, {"type": "Feature", "geometry": {"type": "LineString", "coordinates": [[114.4032379, 30.4997404], [114.4040567, 30.4996996]]}, "properties": {"id": 53957, "name": " ", "road_class": "footway", "oneway": "B", "maxspeed": 0}}, {"type": "Feature", "geometry": {"type": "LineString", "coordinates": [[114.4029159, 30.4997561], [114.4032379, 30.4997404]]}, "properties": {"id": 53958, "name": " ", "road_class": "steps", "oneway": "B", "maxspeed": 0}}, {"type": "Feature", "geometry": {"type": "LineString", "coordinates": [[114.406298, 30.4996458], [114.4058275, 30.4996963], [114.4055489, 30.4997104], [114.4050122, 30.4997376], [114.404687, 30.4997547], [114.403779, 30.4998026], [114.4028096, 30.4998586], [114.3999509, 30.499993]]}, "properties": {"id": 53959, "name": "雄楚大道", "road_class": "primary", "oneway": "F", "maxspeed": 0}}, {"type": "Feature", "geometry": {"type": "LineString", "coordinates": [[114.39994, 30.499746], [114.4016625, 30.4996574], [114.4021545, 30.4996342], [114.40394, 30.4995439], [114.4040678, 30.4995381], [114.4050156, 30.4994947], [114.4055123, 30.4994495], [114.4058242, 30.4994066], [114.4062592, 30.4993897]]}, "properties": {"id": 53960, "name": "雄楚大道", "road_class": "primary", "oneway": "F", "maxspeed": 0}}, {"type": "Feature", "geometry": {"type": "LineString", "coordinates": [[114.401892, 30.5045519], [114.4019239, 30.5046187]]}, "properties": {"id": 53961, "name": " ", "road_class": "footway", "oneway": "B", "maxspeed": 0}}, {"type": "Feature", "geometry": {"type": "LineString", "coordinates": [[114.4019239, 30.5046187], [114.4019415, 30.5046563]]}, "properties": {"id": 53962, "name": " ", "road_class": "footway", "oneway": "B", "maxspeed": 0}}, {"type": "Feature", "geometry": {"type": "LineString", "coordinates": [[114.4015803, 30.5041284], [114.4015145, 30.503978]]}, "properties": {"id": 53963, "name": " ", "road_class": "footway", "oneway": "B", "maxspeed": 0}}, {"type": "Feature", "geometry": {"type": "LineString", "coordinates": [[114.4016071, 30.5041892], [114.4015803, 30.5041284]]}, "properties": {"id": 53964, "name": " ", "road_class": "footway", "oneway": "B", "maxspeed": 0}}]}