{"type": "FeatureCollection", "features": [{"type": "Feature", "geometry": {"type": "Polygon", "coordinates": [[[114.207375104, 30.579608591], [114.207349765, 30.579689302], [114.207256839, 30.579904814], [114.207256792, 30.579904922], [114.207185457, 30.580071371], [114.207095946, 30.580248445], [114.207031816, 30.580340866], [114.206845731, 30.580558628], [114.206845498, 30.580558902], [114.206688988, 30.580744321], [114.206618833, 30.580823246], [114.206425881, 30.58101323], [114.206278775, 30.581150395], [114.206103638, 30.58130979], [114.205882508, 30.581470702], [114.2058824, 30.581470781], [114.205625905, 30.581658219], [114.205416895, 30.581772932], [114.2051101, 30.581914912], [114.205109652, 30.581915121], [114.204918652, 30.58200512], [114.204913155, 30.582008013], [114.204771156, 30.582091013], [114.204765731, 30.58209454], [114.204643731, 30.58218254], [114.20463775, 30.58218742], [114.20454775, 30.582270421], [114.204543444, 30.58227481], [114.204539662, 30.582279544], [114.204410661, 30.582459545], [114.204407026, 30.582465327], [114.204404176, 30.582471427], [114.204340178, 30.582634417], [114.204204205, 30.582980348], [114.204069229, 30.583321289], [114.204069205, 30.58332136], [114.204069174, 30.58332143], [114.203923216, 30.583693224], [114.20390336, 30.583723441], [114.203901835, 30.583725898], [114.203881183, 30.583761179], [114.203866413, 30.583776687], [114.203848375, 30.583794724], [114.203823942, 30.583811014], [114.203799802, 30.583823449], [114.203694102, 30.583856982], [114.203236542, 30.583122665], [114.20164184, 30.580565821], [114.201301416, 30.580014864], [114.20129301, 30.579999277], [114.201291965, 30.579997425], [114.200869449, 30.579281555], [114.200593076, 30.578746839], [114.20034831, 30.578241748], [114.200154128, 30.577810453], [114.200037587, 30.577480564], [114.200071857, 30.577481942], [114.200081089, 30.577481767], [114.200209088, 30.577471768], [114.200216836, 30.577470768], [114.200371836, 30.577442768], [114.200378475, 30.577441261], [114.200520476, 30.577402261], [114.200527854, 30.577399815], [114.200857855, 30.577270815], [114.200859669, 30.577270078], [114.20129067, 30.577088078], [114.201293662, 30.577086732], [114.201882316, 30.576805825], [114.202267572, 30.577731557], [114.202346568, 30.577921549], [114.202349621, 30.577927736], [114.202353486, 30.577933578], [114.202500486, 30.578128578], [114.202503841, 30.578132635], [114.203080841, 30.578770635], [114.203083553, 30.578773448], [114.203374554, 30.579056447], [114.203379174, 30.579060519], [114.203384235, 30.579064182], [114.20338969, 30.579067399], [114.203395484, 30.579070141], [114.203401562, 30.57907238], [114.203407866, 30.579074097], [114.203414336, 30.579075273], [114.203420907, 30.579075897], [114.203427519, 30.579075963], [114.203434106, 30.579075472], [114.203440605, 30.579074426], [114.203446954, 30.579072838], [114.203453092, 30.579070721], [114.203458958, 30.579068097], [114.203464499, 30.579064991], [114.203469658, 30.57906143], [114.203474388, 30.579057453], [114.203478642, 30.579053095], [114.203482379, 30.5790484], [114.203485564, 30.579043411], [114.203488166, 30.579038178], [114.203490159, 30.579032751], [114.203491525, 30.579027182], [114.203492249, 30.579021524], [114.203492327, 30.579015832], [114.203491756, 30.579010161], [114.203490542, 30.579004566], [114.203488696, 30.578999099], [114.203486237, 30.578993815], [114.20348319, 30.578988764], [114.203479581, 30.578983994], [114.203475447, 30.578979552], [114.203185855, 30.578697921], [114.202611939, 30.578063331], [114.202470787, 30.57787609], [114.202394432, 30.577692451], [114.20200164, 30.576748607], [114.202009952, 30.576744594], [114.202011744, 30.576743697], [114.202258745, 30.576615698], [114.202260622, 30.576614689], [114.202342622, 30.576568972], [114.202560019, 30.577110838], [114.202562482, 30.57711612], [114.202565534, 30.57712117], [114.202569146, 30.577125937], [114.202573284, 30.577130377], [114.202577907, 30.577134447], [114.202582972, 30.577138106], [114.202588428, 30.57714132], [114.202594225, 30.577144059], [114.202600305, 30.577146295], [114.202606611, 30.577148007], [114.202613081, 30.57714918], [114.202619653, 30.5771498], [114.202626264, 30.577149863], [114.202632851, 30.577149367], [114.20263935, 30.577148319], [114.202645697, 30.577146726], [114.202651833, 30.577144606], [114.202657698, 30.577141978], [114.202663236, 30.577138868], [114.202668393, 30.577135305], [114.202673119, 30.577131325], [114.202677369, 30.577126964], [114.202681103, 30.577122267], [114.202684284, 30.577117277], [114.202686882, 30.577112042], [114.202688871, 30.577106613], [114.202690231, 30.577101042], [114.202690953, 30.577095385], [114.202691025, 30.577089692], [114.20269045, 30.577084022], [114.202689232, 30.577078427], [114.202687382, 30.577072962], [114.202459122, 30.57650402], [114.202486621, 30.576488688], [114.202489332, 30.576487096], [114.202699332, 30.576357095], [114.202706116, 30.576352288], [114.202825897, 30.576255465], [114.203126046, 30.576017141], [114.203182402, 30.575974627], [114.203187417, 30.575970428], [114.203191898, 30.575965804], [114.2031958, 30.575960804], [114.2032598, 30.575868805], [114.203262778, 30.575864029], [114.203302779, 30.575792029], [114.20330534, 30.575786769], [114.20333734, 30.575710769], [114.20333925, 30.575705454], [114.203340557, 30.575700005], [114.203363557, 30.575574006], [114.203363812, 30.575572481], [114.203392784, 30.575380659], [114.203427336, 30.57516249], [114.203440172, 30.575114817], [114.203467592, 30.575035298], [114.203500775, 30.574982505], [114.203516348, 30.574973003], [114.203547787, 30.574984436], [114.203553666, 30.574986301], [114.203559722, 30.574987688], [114.2035659, 30.574988585], [114.20357215, 30.574988983], [114.20386787, 30.574995977], [114.20392967, 30.574997881], [114.204667761, 30.576547902], [114.204670567, 30.576553057], [114.204673945, 30.576557951], [114.204677864, 30.576562534], [114.204682287, 30.576566767], [114.20468717, 30.576570604], [114.204692466, 30.576574012], [114.204698124, 30.576576957], [114.204704092, 30.576579409], [114.204710308, 30.576581346], [114.204716716, 30.576582749], [114.204723253, 30.576583605], [114.204729856, 30.576583905], [114.20473646, 30.576583646], [114.204743004, 30.576582831], [114.204749423, 30.576581468], [114.204755658, 30.576579569], [114.204761644, 30.576577155], [114.204767327, 30.576574245], [114.204772652, 30.576570871], [114.204777567, 30.576567063], [114.204782026, 30.57656286], [114.204785984, 30.5765583], [114.204789402, 30.576553429], [114.204792251, 30.576548292], [114.204794501, 30.576542939], [114.204796131, 30.576537423], [114.204797125, 30.576531794], [114.204797472, 30.57652611], [114.204797173, 30.576520424], [114.204796226, 30.576514789], [114.204794643, 30.576509263], [114.204792438, 30.576503896], [114.204434442, 30.575752092], [114.20481699, 30.576511383], [114.204819916, 30.576516487], [114.204823409, 30.576521321], [114.204827435, 30.576525836], [114.204831955, 30.57652999], [114.204836927, 30.576533743], [114.204842304, 30.576537058], [114.20484803, 30.576539902], [114.204854052, 30.576542251], [114.204860313, 30.576544079], [114.204866753, 30.576545371], [114.204873309, 30.576546112], [114.204879917, 30.576546297], [114.204886514, 30.576545924], [114.204893037, 30.576544996], [114.204899423, 30.576543521], [114.204905611, 30.576541515], [114.20491154, 30.576538996], [114.204917154, 30.576535988], [114.204922399, 30.576532523], [114.204927224, 30.57652863], [114.204931582, 30.576524349], [114.204935431, 30.576519722], [114.204938736, 30.576514792], [114.204941464, 30.576509606], [114.204943588, 30.576504215], [114.204945087, 30.576498672], [114.20494595, 30.576493029], [114.204946165, 30.576487339], [114.204945731, 30.576481658], [114.204944652, 30.576476042], [114.20494294, 30.576470544], [114.204940609, 30.576465217], [114.204205615, 30.575006382], [114.204289096, 30.575008954], [114.204495602, 30.575017933], [114.204502939, 30.575017907], [114.204621939, 30.575011907], [114.204628327, 30.575011321], [114.204634621, 30.575010213], [114.204707621, 30.574994214], [114.204712436, 30.574992992], [114.204717133, 30.574991465], [114.204786134, 30.574966465], [114.204791719, 30.574964176], [114.204797035, 30.574961456], [114.204802041, 30.574958327], [114.20486604, 30.574914328], [114.204871291, 30.574910315], [114.205036292, 30.574770315], [114.205036689, 30.574769975], [114.205236823, 30.574597311], [114.20530787, 30.574553242], [114.205389886, 30.574515031], [114.206732694, 30.573995295], [114.206726036, 30.574049604], [114.206706078, 30.574197297], [114.206705653, 30.574205651], [114.206709653, 30.57432665], [114.206710383, 30.574333664], [114.206719568, 30.574386023], [114.206717643, 30.574529531], [114.206696816, 30.574987679], [114.206564327, 30.575772659], [114.206563645, 30.57577965], [114.206560645, 30.57589065], [114.206560627, 30.575892], [114.206560627, 30.575992], [114.206560638, 30.575993074], [114.206562638, 30.576086074], [114.206563138, 30.576092137], [114.206581139, 30.576217137], [114.206582288, 30.576222799], [114.206618287, 30.576359799], [114.206619924, 30.576364927], [114.206622102, 30.576369904], [114.206624798, 30.576374689], [114.206677797, 30.576458688], [114.206681338, 30.576463681], [114.206685445, 30.576468342], [114.206690076, 30.576472623], [114.206763076, 30.576533623], [114.206768778, 30.576537881], [114.206774997, 30.576541562], [114.206923997, 30.576619562], [114.206932711, 30.576623407], [114.207080711, 30.576677408], [114.207086333, 30.576679209], [114.20709212, 30.576680573], [114.20725112, 30.576711573], [114.207258125, 30.576712608], [114.207265217, 30.576713001], [114.207272317, 30.57671275], [114.207383317, 30.576703749], [114.207392626, 30.576702423], [114.207486852, 30.576683079], [114.207533082, 30.576783581], [114.207563794, 30.576877579], [114.207579513, 30.576983908], [114.20757469, 30.577140143], [114.207558306, 30.577335805], [114.207525897, 30.577433032], [114.207483827, 30.577506654], [114.2073924, 30.577604611], [114.207283526, 30.577701715], [114.207282329, 30.577702811], [114.207001329, 30.577966811], [114.206751617, 30.57820154], [114.206621923, 30.578320261], [114.206618249, 30.578323918], [114.206614942, 30.578327825], [114.206612025, 30.578331957], [114.206578024, 30.578384957], [114.206575382, 30.578389541], [114.206573221, 30.578394309], [114.206571555, 30.578399222], [114.206570399, 30.578404243], [114.206559399, 30.578466243], [114.206558704, 30.57847223], [114.206555703, 30.578526229], [114.206555692, 30.578531569], [114.206556252, 30.578536887], [114.206567252, 30.578605887], [114.206568377, 30.578611137], [114.206570058, 30.578616276], [114.206572281, 30.578621261], [114.206602281, 30.578680261], [114.20660542, 30.578685652], [114.206609193, 30.578690734], [114.206751193, 30.578861735], [114.206754361, 30.578865256], [114.206757834, 30.578868557], [114.207041834, 30.579118556], [114.207042774, 30.579119368], [114.207182771, 30.579237828], [114.207355277, 30.579425582], [114.207379623, 30.579476629], [114.207389763, 30.579533573], [114.207375104, 30.579608591]], [[114.204916667, 30.579083333], [114.205, 30.579083333], [114.205, 30.579166666], [114.205333333, 30.579166666], [114.205333333, 30.57925], [114.205583333, 30.57925], [114.205583333, 30.579416667], [114.20575, 30.579416667], [114.20575, 30.5795], [114.205833333, 30.5795], [114.205833333, 30.579583333], [114.20625, 30.579583333], [114.20625, 30.5795], [114.206333334, 30.5795], [114.206333334, 30.579333333], [114.206416667, 30.579333333], [114.206416667, 30.579166666], [114.206500001, 30.579166666], [114.206500001, 30.579], [114.206416667, 30.579], [114.206416667, 30.578916666], [114.206333334, 30.578916666], [114.206333334, 30.578666667], [114.20625, 30.578666667], [114.20625, 30.578583334], [114.206166667, 30.578583334], [114.206166667, 30.578416667], [114.20625, 30.578416667], [114.20625, 30.577916667], [114.206333334, 30.577916667], [114.206333334, 30.57775], [114.206500001, 30.57775], [114.206500001, 30.577666666], [114.206583334, 30.577666666], [114.206583334, 30.577583333], [114.206666667, 30.577583333], [114.206666667, 30.577416666], [114.206583334, 30.577416666], [114.206583334, 30.57725], [114.206500001, 30.57725], [114.206500001, 30.577166667], [114.206083334, 30.577166667], [114.206083334, 30.57725], [114.205583333, 30.57725], [114.205583333, 30.577166667], [114.2055, 30.577166667], [114.2055, 30.577083334], [114.205333333, 30.577083334], [114.205333333, 30.577], [114.205, 30.577], [114.205, 30.577083334], [114.204666667, 30.577083334], [114.204666667, 30.577166667], [114.204583334, 30.577166667], [114.204583334, 30.57725], [114.2045, 30.57725], [114.2045, 30.577333333], [114.204583334, 30.577333333], [114.204583334, 30.57775], [114.2045, 30.57775], [114.2045, 30.577916667], [114.204583334, 30.577916667], [114.204583334, 30.57825], [114.2045, 30.57825], [114.2045, 30.578666667], [114.204333333, 30.578666667], [114.204333333, 30.578833333], [114.20425, 30.578833333], [114.20425, 30.579083333], [114.20475, 30.579083333], [114.20475, 30.579], [114.204916667, 30.579], [114.204916667, 30.579083333]]]}, "properties": {"id": 395, "land_type": "公园与绿地用地"}}, {"type": "Feature", "geometry": {"type": "Polygon", "coordinates": [[[114.235028823, 30.569141729], [114.23505241, 30.569185535], [114.235118936, 30.569320543], [114.235186675, 30.569495289], [114.235286639, 30.569791222], [114.235286799, 30.569791863], [114.234748493, 30.569923783], [114.234682232, 30.569743491], [114.234682177, 30.569743361], [114.234682138, 30.569743236], [114.234515539, 30.56929731], [114.234505493, 30.569266336], [114.234505888, 30.569266138], [114.234594998, 30.569246133], [114.234595632, 30.569245962], [114.23459628, 30.569245834], [114.235028121, 30.569141028], [114.235028823, 30.569141729]]]}, "properties": {"id": 5070, "land_type": "行政办公用地"}}, {"type": "Feature", "geometry": {"type": "Polygon", "coordinates": [[[114.217703416, 30.55310502], [114.217709681, 30.553107108], [114.217712785, 30.553108067], [114.217724456, 30.553111402], [114.217727293, 30.553112415], [114.217729071, 30.553113647], [114.217730324, 30.553115682], [114.217750794, 30.553163741], [114.217808962, 30.553345144], [114.21787587, 30.553562845], [114.21787608, 30.553563513], [114.21793408, 30.553743514], [114.217934617, 30.553745095], [114.218137616, 30.554312094], [114.2181377, 30.554312292], [114.218137762, 30.554312495], [114.218156073, 30.554362358], [114.216966817, 30.55433712], [114.216936164, 30.554249074], [114.216686848, 30.553363209], [114.216738796, 30.553349459], [114.216739024, 30.553349388], [114.21673926, 30.553349334], [114.217040944, 30.55326742], [114.217326234, 30.553192606], [114.217632189, 30.553115868], [114.217678923, 30.55310502], [114.217703416, 30.55310502]]]}, "properties": {"id": 5098, "land_type": "居住用地"}}, {"type": "Feature", "geometry": {"type": "Polygon", "coordinates": [[[114.245561081, 30.573927967], [114.245541488, 30.573930065], [114.245522225, 30.573933799], [114.245503477, 30.573939134], [114.245485424, 30.573946017], [114.245468237, 30.573954384], [114.24546719, 30.573955018], [114.244501869, 30.573724118], [114.244497155, 30.57372307], [114.242490854, 30.57330977], [114.242480427, 30.573307993], [114.242469869, 30.573306929], [114.241705369, 30.573256129], [114.241690411, 30.573255853], [114.24098501, 30.573276552], [114.240975044, 30.573277164], [114.240965158, 30.573278409], [114.240447558, 30.57336061], [114.240238215, 30.573393916], [114.240227137, 30.573396099], [114.239839543, 30.573487408], [114.239886674, 30.573446233], [114.239890315, 30.573442925], [114.240599453, 30.572772655], [114.241571969, 30.572011032], [114.242365359, 30.571433337], [114.243506449, 30.570727105], [114.24350866, 30.570725707], [114.244235055, 30.570256524], [114.244389346, 30.570215177], [114.244393755, 30.570213922], [114.244529251, 30.570173151], [114.244615045, 30.570169884], [114.244647556, 30.57017611], [114.244648172, 30.570177743], [114.244656122, 30.570193389], [114.244665814, 30.570208289], [114.244677158, 30.5702223], [114.24469004, 30.570235286], [114.24476575, 30.570304422], [114.244908114, 30.570526878], [114.244938755, 30.570575368], [114.245176907, 30.570952273], [114.245267062, 30.571146941], [114.245463593, 30.571679759], [114.245461542, 30.571682386], [114.245414178, 30.571738023], [114.245401901, 30.571754273], [114.245391798, 30.571771598], [114.245383996, 30.571789782], [114.245361296, 30.571853382], [114.245356975, 30.571867603], [114.245354062, 30.571882088], [114.245343263, 30.571953687], [114.245341582, 30.571976975], [114.245341981, 30.572045374], [114.24534253, 30.572057344], [114.245351831, 30.572165544], [114.245354929, 30.572185622], [114.245360717, 30.572205254], [114.245392185, 30.572290781], [114.245426873, 30.572389904], [114.245432589, 30.572404014], [114.245484653, 30.572516722], [114.245513745, 30.572586911], [114.245531341, 30.572658769], [114.245553005, 30.572777558], [114.245577825, 30.573140347], [114.245588433, 30.573513493], [114.245591126, 30.573621728], [114.245591292, 30.573625988], [114.245596592, 30.573725288], [114.245596913, 30.573729936], [114.245612337, 30.573912335], [114.245610882, 30.573929825], [114.245600513, 30.573928743], [114.24558082, 30.573927524], [114.245561081, 30.573927967]]]}, "properties": {"id": 5038, "land_type": "居住用地"}}, {"type": "Feature", "geometry": {"type": "Polygon", "coordinates": [[[114.239465031, 30.561880362], [114.239497042, 30.56188507], [114.23951943, 30.561890867], [114.239542999, 30.561901278], [114.239543136, 30.561901357], [114.240141489, 30.562911757], [114.240140467, 30.562913805], [114.240134472, 30.562930085], [114.240130356, 30.562946794], [114.240128164, 30.562963769], [114.240127913, 30.562980846], [114.240129608, 30.562997864], [114.240133233, 30.563014656], [114.240138751, 30.563031062], [114.240146109, 30.563046921], [114.240155239, 30.563062085], [114.240166049, 30.563076404], [114.240178438, 30.563089742], [114.240276339, 30.563185142], [114.2402848, 30.563192897], [114.240332232, 30.563233784], [114.240664466, 30.563794621], [114.240666947, 30.563798613], [114.241624672, 30.565270446], [114.241682074, 30.565368738], [114.241702596, 30.565435036], [114.24170011, 30.565465187], [114.241676716, 30.565524929], [114.241673112, 30.565535885], [114.24167077, 30.56554709], [114.241670678, 30.565548082], [114.241607463, 30.565579583], [114.241474414, 30.565605432], [114.241457118, 30.565609494], [114.241440307, 30.56561486], [114.241424115, 30.565621488], [114.241408668, 30.565629324], [114.241275869, 30.565703724], [114.241261718, 30.565712421], [114.241248487, 30.565722133], [114.241236273, 30.565732787], [114.241201689, 30.565765675], [114.240813836, 30.565938791], [114.240739602, 30.565840189], [114.240730611, 30.565824661], [114.240601912, 30.56559021], [114.24060167, 30.565589771], [114.24034373, 30.56512988], [114.240248054, 30.564957465], [114.240076435, 30.564633183], [114.239968853, 30.56442493], [114.23987705, 30.564189563], [114.239735042, 30.563626489], [114.239631229, 30.563150349], [114.23959024, 30.562960403], [114.239590182, 30.562960139], [114.239507183, 30.562585139], [114.239507128, 30.562584895], [114.239430128, 30.562244895], [114.239429813, 30.562243586], [114.239400814, 30.562129587], [114.239399979, 30.56212667], [114.239398215, 30.562121125], [114.239351192, 30.561896238], [114.239366255, 30.561885697], [114.239372991, 30.561884017], [114.239398802, 30.561880428], [114.239433742, 30.561878808], [114.239465031, 30.561880362]]]}, "properties": {"id": 5072, "land_type": "居住用地"}}, {"type": "Feature", "geometry": {"type": "Polygon", "coordinates": [[[114.241396585, 30.567329798], [114.241396005, 30.567360801], [114.241395979, 30.567363424], [114.241395779, 30.567533924], [114.241396732, 30.567550983], [114.241399622, 30.567567879], [114.241404422, 30.56758445], [114.241411086, 30.567600537], [114.241419549, 30.567615982], [114.241429729, 30.567630641], [114.241437952, 30.567640208], [114.240925506, 30.568322365], [114.240796499, 30.568442234], [114.239493606, 30.566701413], [114.240500976, 30.566216896], [114.240676484, 30.566154208], [114.241396585, 30.567329798]]]}, "properties": {"id": 5073, "land_type": "居住用地"}}, {"type": "Feature", "geometry": {"type": "Polygon", "coordinates": [[[114.240701858, 30.568529965], [114.239950371, 30.56922388], [114.239828464, 30.569304946], [114.239764263, 30.569154046], [114.239763795, 30.569152979], [114.23950285, 30.5685751], [114.239228927, 30.567960275], [114.23902695, 30.567504326], [114.239026834, 30.567504065], [114.238857482, 30.567127219], [114.239381884, 30.566766325], [114.240701858, 30.568529965]]]}, "properties": {"id": 5074, "land_type": "商务办公用地"}}, {"type": "Feature", "geometry": {"type": "Polygon", "coordinates": [[[114.225428679, 30.567536847], [114.225412285, 30.567538359], [114.224536819, 30.5676504], [114.224200029, 30.566362061], [114.224055829, 30.565810659], [114.223958002, 30.565436401], [114.223891571, 30.565141779], [114.228857273, 30.563927556], [114.229166093, 30.563902437], [114.229456231, 30.563998451], [114.229462511, 30.56400023], [114.229468964, 30.56400147], [114.229475527, 30.56400216], [114.229482138, 30.564002293], [114.229488731, 30.564001867], [114.229495243, 30.564000887], [114.229501613, 30.563999362], [114.229507779, 30.563997307], [114.229513681, 30.56399474], [114.229519263, 30.563991689], [114.22952447, 30.563988181], [114.229529253, 30.56398425], [114.229533565, 30.563979934], [114.229537366, 30.563975276], [114.229540618, 30.563970319], [114.22954329, 30.563965111], [114.229545356, 30.563959703], [114.229546796, 30.563954146], [114.229547598, 30.563948496], [114.229547751, 30.563942804], [114.229547258, 30.563937127], [114.229546119, 30.563931519], [114.229544347, 30.563926034], [114.22954196, 30.563920725], [114.22953898, 30.563915643], [114.229535436, 30.563910837], [114.229531361, 30.563906353], [114.229526797, 30.563902234], [114.229521785, 30.563898521], [114.229516375, 30.563895249], [114.229510617, 30.563892448], [114.22950457, 30.563890148], [114.229199671, 30.563789249], [114.229193776, 30.563787562], [114.229187727, 30.563786351], [114.229181573, 30.563785623], [114.229175368, 30.563785388], [114.229169165, 30.563785645], [114.228838464, 30.563812544], [114.228832378, 30.563813281], [114.228826395, 30.563814493], [114.223862986, 30.565028157], [114.223829583, 30.564903228], [114.223680764, 30.564171592], [114.223680279, 30.564169447], [114.223554444, 30.563663714], [114.22348672, 30.563300796], [114.223484707, 30.563293258], [114.223226507, 30.562555657], [114.223226439, 30.56255547], [114.223226424, 30.562555421], [114.223226393, 30.562555348], [114.223225921, 30.562554067], [114.223167014, 30.562401786], [114.223156481, 30.562364343], [114.223155091, 30.562360111], [114.22289609, 30.56167211], [114.222895517, 30.561670653], [114.222701276, 30.561197817], [114.222239929, 30.560005177], [114.222257754, 30.559975468], [114.222267767, 30.559961347], [114.222755778, 30.55984945], [114.225502993, 30.559426227], [114.22583406, 30.559375233], [114.225848422, 30.559382627], [114.225906099, 30.559491428], [114.225929293, 30.559738357], [114.225936847, 30.560002031], [114.225937283, 30.560007341], [114.225938283, 30.560012596], [114.225939838, 30.560017748], [114.225941934, 30.560022756], [114.225944555, 30.560027579], [114.225947678, 30.560032174], [114.22621304, 30.56038441], [114.226282742, 30.561116235], [114.226285828, 30.561596121], [114.226286245, 30.561602256], [114.226287414, 30.561608317], [114.226322927, 30.561746715], [114.226289968, 30.562008299], [114.22464162, 30.562286973], [114.224635203, 30.562288343], [114.224628972, 30.562290248], [114.224622988, 30.56229267], [114.224617308, 30.562295584], [114.224611989, 30.562298964], [114.224607078, 30.562302777], [114.224602627, 30.562306986], [114.224598674, 30.56231155], [114.224595261, 30.562316426], [114.224592419, 30.562321567], [114.224590176, 30.562326922], [114.224588554, 30.562332441], [114.224587568, 30.562338071], [114.224587228, 30.562343756], [114.224587535, 30.562349443], [114.224588489, 30.562355078], [114.224590079, 30.562360603], [114.224592292, 30.562365969], [114.224595104, 30.562371121], [114.224598489, 30.562376012], [114.224602414, 30.562380593], [114.224606842, 30.562384821], [114.224611731, 30.562388654], [114.224617031, 30.562392057], [114.224622694, 30.562394995], [114.224628664, 30.562397443], [114.224634883, 30.562399374], [114.224641293, 30.562400771], [114.22464783, 30.56240162], [114.224654434, 30.562401914], [114.224661039, 30.562401649], [114.224667581, 30.562400827], [114.226364581, 30.562113928], [114.226370962, 30.562112567], [114.226377158, 30.562110678], [114.226383112, 30.562108279], [114.226388765, 30.56210539], [114.226394064, 30.562102041], [114.226398959, 30.562098264], [114.226403403, 30.562094094], [114.226407354, 30.56208957], [114.226410775, 30.562084736], [114.226413633, 30.562079639], [114.226415899, 30.562074327], [114.226417554, 30.562068848], [114.226418582, 30.562063257], [114.226458081, 30.561749758], [114.226458474, 30.561743475], [114.226458075, 30.561737192], [114.226456888, 30.561730984], [114.226420533, 30.561589309], [114.226417473, 30.561113379], [114.226417248, 30.561108958], [114.226345949, 30.560360357], [114.226345078, 30.560354682], [114.226343563, 30.560349107], [114.226341417, 30.560343688], [114.226338662, 30.560338478], [114.226335323, 30.560333526], [114.226071085, 30.55998278], [114.226063953, 30.559733869], [114.226063755, 30.559730622], [114.226039454, 30.559471923], [114.22603873, 30.559466922], [114.226037503, 30.559461996], [114.226035786, 30.559457179], [114.226033589, 30.559452508], [114.225980656, 30.559352653], [114.228056096, 30.559032974], [114.228117809, 30.559312823], [114.22811936, 30.559318358], [114.228121533, 30.559323735], [114.228124308, 30.559328903], [114.228127658, 30.559333812], [114.22813155, 30.559338414], [114.228135947, 30.559342666], [114.228140807, 30.559346526], [114.228143423, 30.559348226], [114.228188256, 30.559566504], [114.22818969, 30.559571944], [114.22827259, 30.559828644], [114.228274752, 30.559834226], [114.228277561, 30.559839591], [114.228280986, 30.559844683], [114.228284992, 30.55984945], [114.2288881, 30.560495442], [114.228977467, 30.561405487], [114.228978305, 30.561410933], [114.228979737, 30.561416287], [114.22898175, 30.561421499], [114.228984328, 30.561426524], [114.228987446, 30.561431316], [114.229135001, 30.561634891], [114.2291513, 30.561804602], [114.229126285, 30.561988241], [114.229125835, 30.56199409], [114.229126072, 30.561999947], [114.229126994, 30.562005754], [114.229128592, 30.562011452], [114.22913085, 30.562016981], [114.229133743, 30.562022286], [114.229137244, 30.562027312], [114.229322444, 30.562265112], [114.229326392, 30.562269679], [114.229330839, 30.562273891], [114.229335746, 30.562277708], [114.229341064, 30.562281091], [114.22934674, 30.562284009], [114.229352723, 30.562286435], [114.229358951, 30.562288344], [114.229365367, 30.562289718], [114.229371909, 30.562290544], [114.229378513, 30.562290813], [114.229385117, 30.562290525], [114.229391656, 30.562289679], [114.229398066, 30.562288287], [114.229404288, 30.562286361], [114.229410259, 30.562283917], [114.229415925, 30.562280982], [114.229421229, 30.562277583], [114.229426121, 30.562273753], [114.229430553, 30.562269528], [114.229434482, 30.56226495], [114.229437872, 30.562260061], [114.229440688, 30.562254911], [114.229442906, 30.562249547], [114.229444502, 30.562244022], [114.22944546, 30.562238389], [114.229445774, 30.562232703], [114.229445438, 30.562227016], [114.229444457, 30.562221387], [114.22944284, 30.562215866], [114.229440603, 30.562210508], [114.229437765, 30.562205366], [114.229434356, 30.562200487], [114.229263013, 30.561980482], [114.229285915, 30.561812359], [114.229286364, 30.561806594], [114.229286144, 30.561800819], [114.229267945, 30.561611319], [114.229267114, 30.56160585], [114.229265683, 30.561600475], [114.229263668, 30.56159524], [114.229261084, 30.561590195], [114.229257955, 30.561585382], [114.229110364, 30.561381761], [114.229020634, 30.560468012], [114.229019747, 30.560462334], [114.229018213, 30.560456758], [114.22901605, 30.560451341], [114.229013274, 30.560446134], [114.229009917, 30.560441188], [114.22900601, 30.560436551], [114.228398697, 30.559786054], [114.22832038, 30.559543546], [114.228210621, 30.559009167], [114.228444506, 30.558973126], [114.228445821, 30.558972919], [114.2301458, 30.558700942], [114.230432098, 30.559840058], [114.230463045, 30.559967844], [114.230463892, 30.559970921], [114.23054854, 30.560244779], [114.230577241, 30.560355624], [114.230577652, 30.560357119], [114.230580007, 30.560365198], [114.230581074, 30.560369911], [114.230582163, 30.560373944], [114.230587598, 30.560391253], [114.230621418, 30.560507314], [114.23067221, 30.560705502], [114.230674172, 30.560711574], [114.230747173, 30.560897575], [114.230747479, 30.560898337], [114.230848479, 30.561144337], [114.230848566, 30.561144517], [114.230848631, 30.561144702], [114.230848695, 30.561144833], [114.230848744, 30.561144968], [114.230977559, 30.561447536], [114.231173383, 30.561931102], [114.231175864, 30.561936379], [114.231178934, 30.561941421], [114.231182562, 30.561946181], [114.231186715, 30.561950611], [114.231191352, 30.561954669], [114.231196429, 30.561958316], [114.231201897, 30.561961517], [114.231207702, 30.561964242], [114.23121379, 30.561966463], [114.231220102, 30.561968159], [114.231226576, 30.561969316], [114.23123315, 30.561969919], [114.231239761, 30.561969966], [114.231246346, 30.561969453], [114.231252842, 30.561968388], [114.231259184, 30.56196678], [114.231265313, 30.561964643], [114.231271168, 30.561962], [114.231276695, 30.561958875], [114.23128184, 30.5619553], [114.231286553, 30.561951307], [114.231290789, 30.561946934], [114.231294506, 30.561942227], [114.23129767, 30.561937228], [114.231300249, 30.561931986], [114.231302221, 30.561926552], [114.231303563, 30.561920977], [114.231304264, 30.561915315], [114.231304317, 30.561909622], [114.231303723, 30.561903952], [114.231302485, 30.56189836], [114.231300617, 30.561892898], [114.231104617, 30.561408898], [114.231104417, 30.561408471], [114.231104257, 30.561408032], [114.231097926, 30.56139316], [114.231098858, 30.561391266], [114.231100827, 30.561385831], [114.231102166, 30.561380256], [114.231102864, 30.561374595], [114.231102916, 30.561368901], [114.231102319, 30.561363231], [114.231101078, 30.561357639], [114.231099209, 30.561352178], [114.231018666, 30.561153515], [114.231172764, 30.561105603], [114.231608648, 30.560971638], [114.231609686, 30.560971311], [114.231977686, 30.560852312], [114.231982858, 30.560850423], [114.23198783, 30.56084817], [114.232005831, 30.560839171], [114.232011562, 30.56083596], [114.232016885, 30.560832266], [114.232029886, 30.560822265], [114.232033024, 30.560819691], [114.232041024, 30.560812689], [114.232045667, 30.56080818], [114.232049742, 30.56080328], [114.232053205, 30.560798041], [114.232060204, 30.560786042], [114.232062542, 30.560781575], [114.232064434, 30.560776953], [114.232065865, 30.56077221], [114.232068865, 30.56076021], [114.232070169, 30.560752528], [114.232071168, 30.560741527], [114.232071373, 30.560736723], [114.232071115, 30.56073192], [114.232070396, 30.560727153], [114.232067396, 30.560712153], [114.23206522, 30.560704457], [114.232030263, 30.560609574], [114.231977411, 30.560463984], [114.231934514, 30.560341277], [114.231932739, 30.560336855], [114.231902739, 30.560270855], [114.231900175, 30.560265908], [114.231897086, 30.560261189], [114.231893501, 30.560256738], [114.2318695, 30.560229738], [114.23186467, 30.560224883], [114.231859247, 30.560220515], [114.231853301, 30.560216687], [114.231846901, 30.560213446], [114.231810902, 30.560197446], [114.231805023, 30.560195135], [114.231798914, 30.560193317], [114.231792631, 30.560192013], [114.231786232, 30.560191234], [114.231742086, 30.560187702], [114.231719235, 30.560182325], [114.2317175, 30.560181631], [114.231715981, 30.560179543], [114.231670164, 30.560069165], [114.231701339, 30.56005129], [114.231704874, 30.560049119], [114.231739873, 30.560026119], [114.231742295, 30.560024451], [114.231760295, 30.560011451], [114.231766266, 30.560006574], [114.231779266, 30.559994573], [114.231784063, 30.55998962], [114.231803063, 30.55996762], [114.23180743, 30.559961884], [114.231821431, 30.559940885], [114.231831431, 30.559925881], [114.231833936, 30.559921747], [114.231836047, 30.559917454], [114.231843048, 30.559901454], [114.231843415, 30.559900593], [114.231853416, 30.559876593], [114.231855233, 30.559871509], [114.231861233, 30.559851508], [114.231862587, 30.559845834], [114.231863279, 30.559840071], [114.231863299, 30.559834277], [114.231862202, 30.559814154], [114.231876019, 30.559807116], [114.232392901, 30.55962591], [114.232623035, 30.559548939], [114.232655275, 30.559629833], [114.232655337, 30.559629967], [114.232655384, 30.559630104], [114.232736236, 30.559829736], [114.232848091, 30.560118365], [114.232848198, 30.560118637], [114.233095197, 30.560745637], [114.23309523, 30.560745708], [114.233095254, 30.560745781], [114.233275255, 30.56119878], [114.233277699, 30.561204071], [114.233280735, 30.561209128], [114.233284331, 30.561213906], [114.233288453, 30.561218357], [114.233293063, 30.561222438], [114.233298115, 30.56122611], [114.233303252, 30.561229157], [114.233341362, 30.56132355], [114.233343837, 30.561328829], [114.233346902, 30.561333874], [114.233350526, 30.561338637], [114.233354673, 30.56134307], [114.233359307, 30.561347132], [114.23336438, 30.561350784], [114.233369843, 30.56135399], [114.233375646, 30.561356718], [114.233381731, 30.561358945], [114.233388041, 30.561360646], [114.233394513, 30.561361807], [114.233401087, 30.561362416], [114.233407699, 30.561362468], [114.233414285, 30.56136196], [114.23342078, 30.561360901], [114.233427124, 30.561359297], [114.233433255, 30.561357166], [114.233439115, 30.561354527], [114.233444645, 30.561351408], [114.233449793, 30.561347836], [114.233454511, 30.561343846], [114.233458751, 30.561339478], [114.233462474, 30.561334774], [114.233465643, 30.561329776], [114.233468228, 30.561324537], [114.233470205, 30.561319103], [114.233471553, 30.56131353], [114.23347226, 30.56130787], [114.23347232, 30.561302176], [114.233471732, 30.561296506], [114.233470501, 30.561290912], [114.233468638, 30.56128545], [114.233255778, 30.560758232], [114.233410198, 30.560709467], [114.233410438, 30.560709379], [114.233410688, 30.560709311], [114.233812687, 30.560579311], [114.233817859, 30.560577423], [114.23382283, 30.56057517], [114.233846831, 30.560563171], [114.233851558, 30.560560576], [114.233856017, 30.560557651], [114.233870016, 30.560547651], [114.233874276, 30.560544334], [114.233878193, 30.560540716], [114.233881737, 30.560536824], [114.233891739, 30.560524825], [114.233895228, 30.560520186], [114.23389819, 30.560515282], [114.233900596, 30.560510157], [114.233902423, 30.560504859], [114.233906423, 30.560490858], [114.233907884, 30.56048398], [114.233908373, 30.560477], [114.233908373, 30.560468], [114.23390805, 30.56046232], [114.233907082, 30.560456695], [114.233904083, 30.560443696], [114.233901784, 30.560436314], [114.233788805, 30.560150369], [114.233624994, 30.559732998], [114.23362597, 30.5597325], [114.233643686, 30.559722488], [114.234347849, 30.559470576], [114.234353746, 30.559468172], [114.234403746, 30.559445171], [114.234409089, 30.559442434], [114.234414116, 30.559439283], [114.234418784, 30.559435747], [114.234423053, 30.559431857], [114.234430055, 30.559424856], [114.234434517, 30.55941987], [114.234438326, 30.559414496], [114.234443326, 30.559406497], [114.234446093, 30.559401516], [114.234448297, 30.559396333], [114.234452297, 30.559385332], [114.234454193, 30.559378815], [114.234455201, 30.559372152], [114.234456201, 30.559360153], [114.234456373, 30.559356], [114.234456373, 30.559345], [114.234456122, 30.559339997], [114.234455372, 30.559335032], [114.234454127, 30.559330141], [114.234450127, 30.559317141], [114.234448332, 30.559312207], [114.234420329, 30.559245768], [114.23449554, 30.559222299], [114.234977066, 30.559106891], [114.234981166, 30.559105787], [114.235011167, 30.559096786], [114.235014987, 30.559095527], [114.235039987, 30.559086527], [114.235045878, 30.559084112], [114.235051472, 30.559081215], [114.235056714, 30.559077867], [114.235073714, 30.559065866], [114.235075248, 30.55906475], [114.235091249, 30.55905275], [114.235096829, 30.559048049], [114.235101741, 30.559042823], [114.23511174, 30.559030821], [114.235115652, 30.559025549], [114.235118881, 30.559019943], [114.235126882, 30.559003943], [114.235128984, 30.558999173], [114.235130591, 30.558994261], [114.23513359, 30.558983261], [114.235134633, 30.558978577], [114.235135226, 30.558973835], [114.235136227, 30.558960833], [114.235136282, 30.558953973], [114.235135397, 30.558947155], [114.235132396, 30.558932155], [114.235132173, 30.558931095], [114.235128173, 30.558913095], [114.235126455, 30.558907107], [114.235124008, 30.558901309], [114.235086007, 30.558824309], [114.23508361, 30.558819962], [114.235080802, 30.5588158], [114.235060802, 30.5587888], [114.235060597, 30.558788526], [114.235036597, 30.558756524], [114.235031833, 30.558750937], [114.235004832, 30.558722938], [114.235003985, 30.558722142], [114.235003195, 30.558721303], [114.235001752, 30.558720044], [114.235000364, 30.55871874], [114.234999431, 30.558718021], [114.234998549, 30.558717253], [114.234996969, 30.558716122], [114.23499544, 30.558714942], [114.234994428, 30.558714304], [114.234993465, 30.558713613], [114.234991764, 30.558712622], [114.234990107, 30.558711576], [114.234989027, 30.558711027], [114.234987989, 30.558710422], [114.234986185, 30.558709578], [114.234984417, 30.558708678], [114.234983279, 30.558708222], [114.234982177, 30.558707707], [114.234980285, 30.55870702], [114.234978423, 30.558706274], [114.23497724, 30.558705915], [114.234976084, 30.558705496], [114.234974123, 30.558704973], [114.234972185, 30.558704386], [114.234970967, 30.55870413], [114.234969769, 30.55870381], [114.234967758, 30.558703455], [114.234965762, 30.558703035], [114.234964521, 30.558702883], [114.234963292, 30.558702665], [114.23496125, 30.558702481], [114.234959217, 30.558702232], [114.234957964, 30.558702186], [114.234956717, 30.558702072], [114.234954663, 30.558702062], [114.234952611, 30.558701985], [114.234951359, 30.558702044], [114.234950106, 30.558702037], [114.234842105, 30.558706037], [114.23483469, 30.558706666], [114.23475969, 30.558716667], [114.234753742, 30.558717699], [114.234747926, 30.558719186], [114.234604278, 30.558762082], [114.234479631, 30.55879798], [114.23447851, 30.558798356], [114.234477366, 30.558798671], [114.234353365, 30.558838671], [114.234345797, 30.558841581], [114.234325797, 30.558850581], [114.234318996, 30.558854096], [114.234301996, 30.558864096], [114.234297952, 30.558866669], [114.234294144, 30.558869496], [114.234279144, 30.558881496], [114.234273948, 30.558886142], [114.234259948, 30.558900141], [114.234256791, 30.558903548], [114.234244792, 30.558917549], [114.234240572, 30.558923113], [114.234237119, 30.558929057], [114.234228118, 30.558947056], [114.234225752, 30.558952533], [114.234214753, 30.558982532], [114.234213, 30.558988347], [114.234207999, 30.559009347], [114.234207124, 30.559013963], [114.234206683, 30.559018623], [114.234205683, 30.559039623], [114.234205852, 30.559046742], [114.234207852, 30.559067742], [114.234209367, 30.559076102], [114.234215455, 30.559098715], [114.234126083, 30.559123851], [114.234124897, 30.559124195], [114.233910897, 30.559188195], [114.233910291, 30.559188379], [114.233391826, 30.559348215], [114.232892364, 30.559494057], [114.232891524, 30.559494343], [114.232890664, 30.559494576], [114.232762097, 30.559535452], [114.232682814, 30.559339078], [114.232567865, 30.55904452], [114.232567754, 30.55904424], [114.232467755, 30.55879224], [114.232467693, 30.558792086], [114.232298693, 30.558370087], [114.23229865, 30.558369992], [114.232298616, 30.558369895], [114.232170835, 30.558054395], [114.235476231, 30.556816883], [114.235545955, 30.556942554], [114.235589712, 30.557025093], [114.235589788, 30.557025239], [114.235644444, 30.557127594], [114.235691118, 30.557220944], [114.235691502, 30.557221697], [114.235744248, 30.557323206], [114.235826484, 30.55748966], [114.235867012, 30.557581592], [114.235867764, 30.55758322], [114.235893041, 30.557635718], [114.235951417, 30.557779184], [114.235986276, 30.557864839], [114.236027139, 30.55796949], [114.236027253, 30.557969778], [114.236085253, 30.558115778], [114.236085354, 30.558116031], [114.236135266, 30.558239811], [114.23619018, 30.558379592], [114.236190261, 30.558379798], [114.236225262, 30.558467798], [114.2362253, 30.558467894], [114.2362653, 30.558567893], [114.2362669, 30.5585715], [114.236352899, 30.5587475], [114.23635576, 30.558752633], [114.23635919, 30.5587575], [114.236363159, 30.558762054], [114.236367626, 30.558766252], [114.23637255, 30.558770051], [114.236377882, 30.558773417], [114.236383572, 30.558776317], [114.236389565, 30.558778722], [114.236395803, 30.558780611], [114.236402225, 30.558781963], [114.23640877, 30.558782768], [114.236415376, 30.558783015], [114.236421977, 30.558782704], [114.236428512, 30.558781837], [114.236434917, 30.558780423], [114.23644113, 30.558778475], [114.23644709, 30.558776012], [114.236452742, 30.558773058], [114.23645803, 30.55876964], [114.236462905, 30.558765793], [114.236467318, 30.558761554], [114.236471227, 30.558756962], [114.236474594, 30.558752062], [114.236477387, 30.558746902], [114.236479581, 30.558741531], [114.236481152, 30.558736], [114.236482085, 30.558730364], [114.236482372, 30.558724676], [114.236482012, 30.55871899], [114.236481004, 30.558713364], [114.236479362, 30.558707849], [114.236477101, 30.5587025], [114.236391971, 30.558528279], [114.236352721, 30.558430155], [114.23631778, 30.558342305], [114.236262821, 30.558202407], [114.236262646, 30.55820197], [114.236212697, 30.558078097], [114.236154804, 30.557932365], [114.23611386, 30.55782751], [114.236113583, 30.557826812], [114.236078583, 30.557740814], [114.236019584, 30.557595814], [114.236018237, 30.557592779], [114.235992626, 30.557539589], [114.235951987, 30.557447408], [114.235950996, 30.557445288], [114.235867997, 30.557277287], [114.235867498, 30.557276304], [114.235814692, 30.557174679], [114.235767883, 30.557081057], [114.235767213, 30.557079763], [114.235712251, 30.556976835], [114.23566829, 30.556893907], [114.235667792, 30.556892989], [114.235599882, 30.556770588], [114.236676599, 30.556367471], [114.236773155, 30.556388219], [114.236815586, 30.55639874], [114.236834927, 30.556420058], [114.236847892, 30.556432986], [114.236862265, 30.556444757], [114.236877909, 30.556455258], [114.236894672, 30.556464388], [114.236912394, 30.556472059], [114.236912995, 30.556472258], [114.237007456, 30.556671446], [114.237716625, 30.558287924], [114.237859719, 30.558715622], [114.237859968, 30.558716252], [114.237860154, 30.558716896], [114.237862109, 30.558721637], [114.237863999, 30.558726396], [114.237864319, 30.558727001], [114.237864577, 30.558727627], [114.237950577, 30.558907726], [114.23795074, 30.558908012], [114.237952802, 30.558912806], [114.238002738, 30.559089054], [114.23800838, 30.559105428], [114.238015859, 30.559121248], [114.238025102, 30.559136361], [114.23803602, 30.55915062], [114.238048508, 30.55916389], [114.238062449, 30.559176041], [114.238077704, 30.559186958], [114.238094128, 30.559196533], [114.238111563, 30.559204677], [114.238129842, 30.55921131], [114.238137634, 30.55921339], [114.238764841, 30.560418261], [114.238764872, 30.560418314], [114.238764898, 30.56041837], [114.239113598, 30.561086378], [114.239121102, 30.561139672], [114.239122537, 30.561180115], [114.239120023, 30.561218631], [114.239111658, 30.561276213], [114.239099679, 30.561332981], [114.239087173, 30.561376533], [114.239070854, 30.561421472], [114.239052959, 30.561457868], [114.239036916, 30.561481784], [114.23724204, 30.562739712], [114.237240508, 30.562740803], [114.237148708, 30.562807102], [114.237140589, 30.562813469], [114.237031289, 30.562906469], [114.237025713, 30.562911507], [114.236931813, 30.563001607], [114.236923266, 30.56301069], [114.236850866, 30.563096091], [114.236843934, 30.563105124], [114.236836554, 30.563115792], [114.236623856, 30.563320862], [114.23615603, 30.563771806], [114.236083721, 30.563722881], [114.235989824, 30.563583158], [114.235890034, 30.563434473], [114.235621934, 30.563034974], [114.235330739, 30.562601108], [114.237994616, 30.561121755], [114.237999875, 30.561118517], [114.238004749, 30.561114859], [114.238009193, 30.561110816], [114.238013167, 30.561106424], [114.238016635, 30.561101726], [114.238019563, 30.561096762], [114.238021925, 30.56109158], [114.238023699, 30.561086226], [114.23802487, 30.561080751], [114.238025425, 30.561075205], [114.23802536, 30.561069638], [114.238024676, 30.561064102], [114.23802338, 30.561058648], [114.238021481, 30.561053326], [114.238018999, 30.561048185], [114.238015957, 30.561043274], [114.237628957, 30.560484773], [114.237625028, 30.560479725], [114.237592329, 30.560442125], [114.237588171, 30.560437797], [114.237583545, 30.560433836], [114.237578498, 30.560430277], [114.237573073, 30.560427157], [114.237567323, 30.560424502], [114.237561303, 30.56042234], [114.237555068, 30.560420688], [114.237548676, 30.560419563], [114.237542188, 30.560418977], [114.237535666, 30.560418933], [114.237529168, 30.560419431], [114.237522758, 30.560420471], [114.237516492, 30.560422037], [114.237510433, 30.560424119], [114.237504636, 30.560426696], [114.237137635, 30.560609709], [114.23712509, 30.560597701], [114.237120328, 30.560593578], [114.237115111, 30.560589887], [114.237109491, 30.560586663], [114.237103523, 30.560583941], [114.23709727, 30.560581746], [114.237090793, 30.560580101], [114.237084157, 30.560579023], [114.23707743, 30.560578522], [114.237070677, 30.560578605], [114.237063968, 30.560579268], [114.237057372, 30.560580506], [114.237050951, 30.560582307], [114.237044771, 30.560584652], [114.237038896, 30.560587519], [114.236500984, 30.560881517], [114.236319856, 30.56088834], [114.236313779, 30.560888807], [114.236307777, 30.560889746], [114.236301897, 30.560891148], [114.236296189, 30.560893003], [114.235751089, 30.561094802], [114.235746176, 30.561096828], [114.235741467, 30.561099189], [114.235372074, 30.561302086], [114.234190145, 30.56195101], [114.233971237, 30.561972872], [114.23396399, 30.561973944], [114.23395692, 30.561975689], [114.233950115, 30.561978089], [114.233943654, 30.561981111], [114.232537254, 30.562727412], [114.232531982, 30.562730514], [114.232527076, 30.562734033], [114.232522579, 30.562737937], [114.23251853, 30.562742189], [114.232514968, 30.562746752], [114.232511923, 30.562751586], [114.232509424, 30.562756645], [114.232507492, 30.562761885], [114.232506144, 30.56276726], [114.232495243, 30.56282356], [114.232494458, 30.562829473], [114.23249438, 30.562835427], [114.232495011, 30.562841354], [114.232496344, 30.562847194], [114.232498367, 30.562852887], [114.232501055, 30.562858371], [114.23250438, 30.562863589], [114.232618882, 30.563023189], [114.232622542, 30.563027783], [114.232626699, 30.563032053], [114.232631311, 30.56303596], [114.232636337, 30.563039469], [114.232641731, 30.563042546], [114.232647443, 30.563045163], [114.232653421, 30.563047296], [114.232659608, 30.563048927], [114.232665948, 30.563050038], [114.232736848, 30.563059438], [114.232743723, 30.56306004], [114.232750635, 30.563060033], [114.232757508, 30.563059416], [114.232764273, 30.563058198], [114.232770856, 30.563056387], [114.232777189, 30.563054007], [114.232783207, 30.563051079], [114.234431106, 30.56215038], [114.235553206, 30.561537081], [114.236558008, 30.560987779], [114.23706301, 30.560711768], [114.23707401, 30.560722299], [114.237078627, 30.560726308], [114.237083676, 30.560729912], [114.237089107, 30.560733076], [114.23709487, 30.56073577], [114.237100909, 30.56073797], [114.237107169, 30.560739653], [114.237113589, 30.560740804], [114.237120108, 30.560741413], [114.237126665, 30.560741472], [114.237133197, 30.560740984], [114.237139645, 30.56073995], [114.237145943, 30.56073838], [114.237152036, 30.560736293], [114.237157864, 30.560733704], [114.237519557, 30.560553338], [114.237866903, 30.561054612], [114.235204628, 30.562533077], [114.23391209, 30.56320473], [114.233027462, 30.563664365], [114.232390676, 30.562756214], [114.232386986, 30.562751492], [114.232382775, 30.562747101], [114.232378084, 30.56274309], [114.23237296, 30.562739492], [114.232367451, 30.562736345], [114.23236161, 30.562733676], [114.232355493, 30.562731514], [114.23234916, 30.56272988], [114.232342671, 30.562728788], [114.232336089, 30.562728247], [114.232329477, 30.562728266], [114.2323229, 30.562728843], [114.232316419, 30.562729971], [114.232310099, 30.562731641], [114.232303998, 30.562733836], [114.232298177, 30.562736537], [114.232292692, 30.562739714], [114.232287594, 30.562743341], [114.232282934, 30.562747379], [114.232278757, 30.562751792], [114.2322751, 30.562756536], [114.232272003, 30.562761566], [114.232269492, 30.562766833], [114.232267593, 30.562772286], [114.232266325, 30.562777873], [114.232265698, 30.56278354], [114.232265719, 30.562789234], [114.232266388, 30.562794898], [114.232267699, 30.562800478], [114.232269639, 30.562805921], [114.232272189, 30.562811174], [114.232275324, 30.562816186], [114.232946923, 30.563773984], [114.233273327, 30.56423939], [114.233658034, 30.564787869], [114.233089059, 30.565102296], [114.232153789, 30.563775991], [114.232150084, 30.563771275], [114.23214586, 30.563766896], [114.232141159, 30.563762893], [114.232136024, 30.563759306], [114.232130505, 30.563756171], [114.232124657, 30.563753516], [114.232118534, 30.563751367], [114.232112195, 30.563749745], [114.232105704, 30.563748667], [114.23209912, 30.563748141], [114.232092509, 30.563748175], [114.232085932, 30.563748765], [114.232079455, 30.563749907], [114.232073139, 30.563751591], [114.232067046, 30.5637538], [114.232061232, 30.563756512], [114.232055756, 30.563759702], [114.23205067, 30.563763339], [114.232046021, 30.563767388], [114.232041856, 30.563771809], [114.232038214, 30.563776561], [114.23203513, 30.563781597], [114.232032636, 30.563786869], [114.232030753, 30.563792327], [114.2320295, 30.563797916], [114.23202889, 30.563803585], [114.232028928, 30.563809278], [114.232029613, 30.563814941], [114.23203094, 30.563820518], [114.232032896, 30.563825957], [114.232035461, 30.563831204], [114.232038611, 30.563836209], [114.232976043, 30.565165579], [114.231477124, 30.566006737], [114.231361964, 30.565900094], [114.230187997, 30.564276242], [114.230184232, 30.564271562], [114.230179951, 30.564267223], [114.230175198, 30.564263266], [114.230170018, 30.564259729], [114.230164459, 30.564256645], [114.230158576, 30.564254047], [114.230152426, 30.564251957], [114.230146068, 30.564250397], [114.230139562, 30.56424938], [114.230132973, 30.564248917], [114.230126362, 30.564249013], [114.230119793, 30.564249667], [114.230113331, 30.564250871], [114.230107038, 30.564252615], [114.230100973, 30.564254881], [114.230095195, 30.56425765], [114.23008976, 30.564260892], [114.23008472, 30.564264578], [114.230080125, 30.564268671], [114.230076018, 30.564273131], [114.230072436, 30.564277918], [114.230069418, 30.564282983], [114.230066992, 30.564288279], [114.230065179, 30.564293754], [114.230063999, 30.564299355], [114.230063461, 30.564305029], [114.230063573, 30.564310722], [114.230064331, 30.564316377], [114.23006573, 30.564321941], [114.230067756, 30.564327361], [114.230070389, 30.564332583], [114.230073603, 30.564337558], [114.231251003, 30.565966157], [114.231254685, 30.565970743], [114.231258861, 30.565975002], [114.231413568, 30.566118268], [114.231529952, 30.566265665], [114.2315282, 30.566270121], [114.231526705, 30.566275666], [114.231525847, 30.566281311], [114.231525637, 30.566287001], [114.231526075, 30.566292681], [114.231527158, 30.566298298], [114.231528875, 30.566303796], [114.23153121, 30.566309122], [114.231693789, 30.566631241], [114.229504906, 30.567446423], [114.228566653, 30.567578546], [114.225445163, 30.56753649], [114.225428679, 30.567536847]]]}, "properties": {"id": 5063, "land_type": "居住用地"}}, {"type": "Feature", "geometry": {"type": "Polygon", "coordinates": [[[114.228968013, 30.570379366], [114.228910261, 30.569600641], [114.228882374, 30.569140487], [114.228882374, 30.569139615], [114.230225234, 30.569078405], [114.230245542, 30.569142814], [114.230273451, 30.569252519], [114.230284015, 30.569332231], [114.23029291, 30.569407343], [114.230311704, 30.5696022], [114.230334824, 30.570326344], [114.229911288, 30.570341038], [114.229911057, 30.570341056], [114.229910825, 30.570341055], [114.228968013, 30.570379366]]]}, "properties": {"id": 5047, "land_type": "教育用地"}}, {"type": "Feature", "geometry": {"type": "Polygon", "coordinates": [[[114.235973586, 30.563790655], [114.235977052, 30.56379529], [114.235981013, 30.56379962], [114.235985433, 30.563803607], [114.235990273, 30.563807215], [114.236066083, 30.563858508], [114.235298027, 30.564598879], [114.233536208, 30.565830972], [114.232732947, 30.566240036], [114.231916075, 30.566548319], [114.231560742, 30.566098302], [114.233104254, 30.56523212], [114.233154257, 30.56520413], [114.23378599, 30.564855022], [114.234187402, 30.564633135], [114.234678471, 30.564388199], [114.235306676, 30.564074797], [114.235312525, 30.564071518], [114.235910642, 30.563696992], [114.235973586, 30.563790655]]]}, "properties": {"id": 5064, "land_type": "工业用地"}}, {"type": "Feature", "geometry": {"type": "Polygon", "coordinates": [[[114.223418319, 30.553489538], [114.223417391, 30.553493284], [114.223411391, 30.553527283], [114.22341069, 30.553533504], [114.223408689, 30.553573504], [114.223408767, 30.55357974], [114.223411767, 30.553619739], [114.223412477, 30.553625189], [114.223431477, 30.553727189], [114.223432669, 30.553732174], [114.223434362, 30.55373705], [114.223518219, 30.553944787], [114.223256369, 30.553818594], [114.222696829, 30.553538825], [114.222696372, 30.553538599], [114.221973371, 30.553183598], [114.221971433, 30.553182681], [114.221688122, 30.553053995], [114.221638803, 30.553030322], [114.221630069, 30.553026809], [114.221378069, 30.552943809], [114.221373151, 30.552942373], [114.221227105, 30.552905086], [114.221213646, 30.552816791], [114.223203251, 30.552556007], [114.223418319, 30.553489538]]]}, "properties": {"id": 5124, "land_type": "居住用地"}}, {"type": "Feature", "geometry": {"type": "Polygon", "coordinates": [[[114.233201637, 30.571061504], [114.232283493, 30.571210781], [114.232201, 30.57072558], [114.232166178, 30.570333576], [114.232165822, 30.570331145], [114.232165505, 30.570328711], [114.232165409, 30.570328322], [114.23216535, 30.570327929], [114.23216472, 30.570325539], [114.232164126, 30.570323143], [114.232160126, 30.570310144], [114.232157739, 30.570303859], [114.23215274, 30.570292859], [114.232149942, 30.570287516], [114.232146533, 30.570282444], [114.232142547, 30.570277695], [114.232138025, 30.570273315], [114.232130026, 30.570266315], [114.232124519, 30.570262], [114.232118491, 30.570258236], [114.232112019, 30.570255066], [114.232098018, 30.570249067], [114.232090787, 30.57024641], [114.232083244, 30.570244496], [114.232063244, 30.570240496], [114.232056005, 30.570239402], [114.232048669, 30.570238994], [114.232041326, 30.570239276], [114.232006325, 30.570242276], [114.232002852, 30.570242652], [114.231011865, 30.570372651], [114.230905849, 30.570386522], [114.230871427, 30.570390145], [114.230826655, 30.570391835], [114.230750414, 30.570383762], [114.23065063, 30.570364757], [114.230499674, 30.570327264], [114.230493873, 30.57032606], [114.230487972, 30.570325303], [114.230482017, 30.570324998], [114.230469574, 30.570324836], [114.230446349, 30.569597407], [114.230446143, 30.5695942], [114.230427143, 30.569397199], [114.230427027, 30.569396116], [114.230418025, 30.569320116], [114.23041794, 30.569319423], [114.230406939, 30.569236423], [114.230405814, 30.569230588], [114.230376814, 30.569116589], [114.23037602, 30.569113802], [114.230352177, 30.569038182], [114.230359009, 30.569033139], [114.230379812, 30.569020944], [114.23039568, 30.569014925], [114.230617882, 30.568981402], [114.231142123, 30.568926587], [114.231143776, 30.568926395], [114.231435653, 30.568889538], [114.231523601, 30.568881027], [114.231741401, 30.568881991], [114.23175, 30.568882968], [114.23175, 30.568916667], [114.231416667, 30.568916667], [114.231416667, 30.569], [114.230833333, 30.569], [114.230833333, 30.569083333], [114.230666667, 30.569083333], [114.230666667, 30.56925], [114.230583333, 30.56925], [114.230583333, 30.569333333], [114.230666667, 30.569333333], [114.230666667, 30.569416666], [114.230583333, 30.569416666], [114.230583333, 30.5695], [114.230666667, 30.5695], [114.230666667, 30.569583333], [114.230583333, 30.569583333], [114.230583333, 30.56975], [114.230666667, 30.56975], [114.230666667, 30.569833333], [114.230916667, 30.569833333], [114.230916667, 30.56975], [114.231, 30.56975], [114.231, 30.569666667], [114.231166667, 30.569666667], [114.231166667, 30.569583333], [114.231916667, 30.569583333], [114.231916667, 30.569666667], [114.232333334, 30.569666667], [114.232333334, 30.569583333], [114.232416667, 30.569583333], [114.232416667, 30.569416666], [114.232333334, 30.569416666], [114.232333334, 30.569333333], [114.23225, 30.569333333], [114.23225, 30.569083333], [114.232166667, 30.569083333], [114.232166667, 30.569], [114.232083333, 30.569], [114.232083333, 30.568950827], [114.232098293, 30.568955174], [114.232305986, 30.569057097], [114.232452457, 30.569144979], [114.232522218, 30.56919023], [114.23261601, 30.569267917], [114.232745678, 30.569397584], [114.232814763, 30.56950212], [114.2329275, 30.569818951], [114.233201637, 30.571061504]]]}, "properties": {"id": 5048, "land_type": "教育用地"}}, {"type": "Feature", "geometry": {"type": "Polygon", "coordinates": [[[114.234639765, 30.5700125], [114.234639829, 30.570012647], [114.234639876, 30.570012798], [114.234697834, 30.570167598], [114.234341171, 30.570260608], [114.234319637, 30.570198633], [114.234228789, 30.569927999], [114.234574098, 30.569833823], [114.234639765, 30.5700125]]]}, "properties": {"id": 5049, "land_type": "行政办公用地"}}, {"type": "Feature", "geometry": {"type": "Polygon", "coordinates": [[[114.234758225, 30.570335978], [114.234896555, 30.57077548], [114.234681749, 30.570806806], [114.234681663, 30.570806822], [114.234681575, 30.570806832], [114.234525667, 30.570829929], [114.234378479, 30.570372102], [114.234738003, 30.570278346], [114.234758225, 30.570335978]]]}, "properties": {"id": 5050, "land_type": "行政办公用地"}}, {"type": "Feature", "geometry": {"type": "Polygon", "coordinates": [[[114.234231253, 30.570349052], [114.234392286, 30.570849942], [114.23387593, 30.570928225], [114.233794896, 30.570610912], [114.23373543, 30.570362668], [114.233750135, 30.570359727], [114.234207988, 30.570282094], [114.234231253, 30.570349052]]]}, "properties": {"id": 5051, "land_type": "交通枢纽用地"}}, {"type": "Feature", "geometry": {"type": "Polygon", "coordinates": [[[114.229873786, 30.570712007], [114.229891321, 30.570950678], [114.229863842, 30.570952051], [114.229345589, 30.570968028], [114.229345064, 30.570968067], [114.229344536, 30.570968068], [114.229143267, 30.570976991], [114.229117865, 30.570976991], [114.229099402, 30.570974683], [114.229074167, 30.570965386], [114.229043074, 30.570948803], [114.229033326, 30.570938513], [114.229018531, 30.570921107], [114.229010106, 30.570909874], [114.229002205, 30.570895288], [114.228993064, 30.570859489], [114.22897515, 30.570495223], [114.229851731, 30.570459605], [114.229873786, 30.570712007]]]}, "properties": {"id": 5052, "land_type": "居住用地"}}, {"type": "Feature", "geometry": {"type": "Polygon", "coordinates": [[[114.234680567, 30.571055834], [114.234696245, 30.571113321], [114.234692707, 30.571114369], [114.234398402, 30.571178779], [114.234398312, 30.571178803], [114.234398219, 30.571178819], [114.233982249, 30.571270927], [114.233959251, 30.571273483], [114.233958134, 30.571270689], [114.233903859, 30.571041794], [114.234488555, 30.570953149], [114.234643172, 30.570930243], [114.234680567, 30.571055834]]]}, "properties": {"id": 5053, "land_type": "居住用地"}}, {"type": "Feature", "geometry": {"type": "Polygon", "coordinates": [[[114.238814344, 30.575745371], [114.23880782, 30.575746294], [114.238801433, 30.575747763], [114.238795243, 30.575749765], [114.238789311, 30.575752279], [114.238783694, 30.575755282], [114.238778446, 30.575758745], [114.238773617, 30.575762633], [114.238769255, 30.575766911], [114.2387654, 30.575771536], [114.23876209, 30.575776463], [114.238713089, 30.575858462], [114.238711411, 30.575861481], [114.238626412, 30.576026483], [114.23862553, 30.576028276], [114.23854953, 30.576190276], [114.238547594, 30.576194976], [114.238501593, 30.576323976], [114.238500218, 30.576328469], [114.238454939, 30.576504659], [114.238408691, 30.576626062], [114.238331544, 30.576790247], [114.238329588, 30.576794991], [114.238328118, 30.576799864], [114.238327144, 30.576804827], [114.238316143, 30.576880827], [114.238315647, 30.576886572], [114.238315814, 30.57689233], [114.238321814, 30.57696133], [114.238322646, 30.576967051], [114.238324132, 30.576972672], [114.23832626, 30.576978138], [114.238342815, 30.57701456], [114.238112375, 30.577109013], [114.237961835, 30.57717053], [114.237786897, 30.576919412], [114.237781314, 30.576910489], [114.237780616, 30.576909402], [114.237547774, 30.576555644], [114.23737093, 30.576280885], [114.237370689, 30.576280551], [114.237370483, 30.576280201], [114.237275484, 30.576137201], [114.237274705, 30.576136059], [114.237085704, 30.575866059], [114.237085511, 30.575865784], [114.23690051, 30.575604783], [114.236899171, 30.57560297], [114.236879171, 30.575576971], [114.236877554, 30.575574962], [114.236679481, 30.575339644], [114.23733956, 30.574838507], [114.237344299, 30.574834537], [114.237348563, 30.574830187], [114.237352311, 30.574825497], [114.237355506, 30.574820513], [114.237356749, 30.574818029], [114.237586546, 30.574723979], [114.23839474, 30.574393282], [114.238400474, 30.57439079], [114.238971774, 30.574127589], [114.238980361, 30.574123275], [114.238988555, 30.574118427], [114.239329558, 30.573900323], [114.239461246, 30.573851196], [114.240398782, 30.573619059], [114.240442175, 30.573729577], [114.240442915, 30.573731362], [114.240533914, 30.573940361], [114.240536156, 30.573944913], [114.240652157, 30.574154913], [114.240655611, 30.574160386], [114.240685519, 30.57420226], [114.240761697, 30.574310141], [114.24078214, 30.574355774], [114.240784001, 30.574359531], [114.241148203, 30.575028129], [114.241575863, 30.57590727], [114.241652077, 30.576100111], [114.241385058, 30.576124621], [114.241381129, 30.576125083], [114.240608628, 30.576235883], [114.240602469, 30.576237024], [114.240135769, 30.576343324], [114.240128634, 30.57634532], [114.239299834, 30.576622121], [114.239295218, 30.576623836], [114.238464778, 30.576964541], [114.238455429, 30.576943977], [114.238450686, 30.576889435], [114.238459766, 30.576826711], [114.238534457, 30.576667752], [114.238536018, 30.576664077], [114.238584018, 30.576538077], [114.238585782, 30.57653253], [114.238631199, 30.576355801], [114.238675556, 30.576231409], [114.238750047, 30.576072627], [114.238833799, 30.575910048], [114.23888191, 30.575829537], [114.238884642, 30.575824354], [114.238886772, 30.575818964], [114.238888277, 30.575813422], [114.238889145, 30.575807778], [114.238889366, 30.575802089], [114.238888937, 30.575796408], [114.238887865, 30.575790791], [114.238886158, 30.575785293], [114.238883832, 30.575779963], [114.238880912, 30.575774856], [114.238877424, 30.57577002], [114.238873403, 30.575765502], [114.238868886, 30.575761345], [114.238863918, 30.575757589], [114.238858547, 30.575754271], [114.238852822, 30.575751421], [114.238846802, 30.575749068], [114.238840542, 30.575747234], [114.238834104, 30.575745938], [114.238827551, 30.575745192], [114.238820942, 30.575745001], [114.238814344, 30.575745371]]]}, "properties": {"id": 5055, "land_type": "居住用地"}}, {"type": "Feature", "geometry": {"type": "Polygon", "coordinates": [[[114.21694436, 30.574155273], [114.216144486, 30.574506109], [114.216075805, 30.574528862], [114.216072666, 30.574529982], [114.215763903, 30.57464798], [114.215685136, 30.574665158], [114.213937044, 30.574794206], [114.213930197, 30.574795017], [114.213923482, 30.574796429], [114.213916971, 30.574798425], [114.213910732, 30.574800986], [114.211930332, 30.575723787], [114.211924679, 30.575726738], [114.211919388, 30.575730153], [114.211914513, 30.575733997], [114.211910098, 30.575738236], [114.211906188, 30.575742825], [114.211902818, 30.575747723], [114.211900021, 30.575752881], [114.211897827, 30.575758251], [114.211896254, 30.57576378], [114.211895318, 30.575769415], [114.211895028, 30.575775102], [114.211895386, 30.575780786], [114.211896391, 30.575786412], [114.211897273, 30.57578938], [114.211747449, 30.575844688], [114.211742204, 30.57584686], [114.211737194, 30.575849415], [114.211666771, 30.575888959], [114.211611399, 30.575826992], [114.211610993, 30.57582658], [114.21161063, 30.575826136], [114.211416029, 30.575611136], [114.211415667, 30.575610737], [114.210366602, 30.574458632], [114.21034042, 30.574381427], [114.210334162, 30.57436578], [114.210326206, 30.574350716], [114.210260906, 30.574241216], [114.210252236, 30.574228108], [114.210242279, 30.574215696], [114.209835594, 30.573752953], [114.209598582, 30.573480359], [114.210311568, 30.573290339], [114.210327593, 30.573285424], [114.21034308, 30.573279365], [114.21035792, 30.573272207], [114.21054902, 30.573170707], [114.210565126, 30.573161199], [114.21058009, 30.573150396], [114.210593774, 30.573138401], [114.210760474, 30.572977401], [114.210774172, 30.572962628], [114.21078593, 30.572946663], [114.210795606, 30.572929692], [114.210803087, 30.57291192], [114.210855888, 30.572761419], [114.210860348, 30.57274628], [114.210863214, 30.572730859], [114.210864464, 30.572715277], [114.210868564, 30.572568278], [114.210867947, 30.572549901], [114.210847976, 30.57233987], [114.21084198, 30.572216074], [114.211124884, 30.572131074], [114.211761803, 30.571985066], [114.211842908, 30.571970104], [114.21180987, 30.572304077], [114.21180975, 30.572305499], [114.21178475, 30.572661499], [114.211784685, 30.572662589], [114.21174784, 30.573425276], [114.211113785, 30.573336741], [114.211107215, 30.573336106], [114.211100605, 30.57333603], [114.211094016, 30.573336511], [114.211087514, 30.573337545], [114.211081162, 30.573339124], [114.211075019, 30.573341231], [114.211069147, 30.573343847], [114.211063601, 30.573346946], [114.211058434, 30.573350496], [114.211053695, 30.573354467], [114.211049432, 30.573358818], [114.211045685, 30.573363508], [114.21104249, 30.573368491], [114.211039877, 30.573373722], [114.211037873, 30.573379146], [114.211036495, 30.573384713], [114.211035758, 30.57339037], [114.211035668, 30.573396063], [114.211036228, 30.573401734], [114.21103743, 30.573407332], [114.211039264, 30.573412801], [114.211041711, 30.57341809], [114.211044749, 30.573423146], [114.211048348, 30.573427922], [114.211052473, 30.573432371], [114.211057084, 30.57343645], [114.211062137, 30.573440121], [114.211067585, 30.573443347], [114.211073372, 30.573446098], [114.211079447, 30.573448347], [114.211085747, 30.573450073], [114.211092214, 30.573451259], [114.211801214, 30.573550259], [114.211801248, 30.573550262], [114.211801281, 30.573550269], [114.212392087, 30.573632241], [114.213072894, 30.573730213], [114.213073, 30.573730224], [114.213073102, 30.573730244], [114.213076281, 30.573730555], [114.21307946, 30.573730875], [114.213079567, 30.573730877], [114.213079672, 30.573730887], [114.213082872, 30.573730929], [114.21308607, 30.57373098], [114.213086177, 30.573730972], [114.213086283, 30.573730974], [114.213089472, 30.573730746], [114.213092662, 30.573730526], [114.213092766, 30.57373051], [114.213092872, 30.573730502], [114.21309602, 30.573730005], [114.213099169, 30.573729518], [114.213099272, 30.573729493], [114.213099376, 30.573729477], [114.213102452, 30.573728717], [114.21310553, 30.573727966], [114.213105629, 30.573727932], [114.213105731, 30.573727907], [114.213108706, 30.573726892], [114.213111684, 30.573725884], [114.213111778, 30.573725842], [114.213111877, 30.573725809], [114.213114722, 30.573724547], [114.213117571, 30.573723293], [114.213117661, 30.573723244], [114.213117755, 30.573723202], [114.213120442, 30.573721706], [114.213123135, 30.573720218], [114.213123219, 30.573720161], [114.213123308, 30.573720112], [114.213125812, 30.573718396], [114.213128322, 30.573716687], [114.213128399, 30.573716624], [114.213128482, 30.573716568], [114.213130779, 30.573714649], [114.213133083, 30.573712737], [114.213133152, 30.573712667], [114.213133228, 30.573712604], [114.213135295, 30.573710501], [114.21313737, 30.573708404], [114.21313743, 30.573708328], [114.213137499, 30.573708259], [114.213139318, 30.573705992], [114.213141144, 30.57370373], [114.213141195, 30.57370365], [114.213141256, 30.573703574], [114.213142807, 30.573701165], [114.213144367, 30.573698758], [114.213144409, 30.573698676], [114.213144461, 30.573698596], [114.21314573, 30.573696067], [114.213147009, 30.573693541], [114.213147041, 30.573693454], [114.213147083, 30.57369337], [114.213148059, 30.573690746], [114.213149044, 30.573688125], [114.213149066, 30.573688035], [114.213149099, 30.573687949], [114.21314977, 30.573685255], [114.213150452, 30.573682563], [114.213150465, 30.573682472], [114.213150487, 30.573682383], [114.213241487, 30.573204382], [114.213242235, 30.573198726], [114.213242336, 30.573193035], [114.213241787, 30.573187361], [114.213240596, 30.573181763], [114.213238773, 30.57317629], [114.213236336, 30.573170999], [114.213233308, 30.573165938], [114.213229719, 30.573161157], [114.213225602, 30.573156702], [114.213220999, 30.573152616], [114.213215952, 30.573148938], [114.213210511, 30.573145704], [114.213204728, 30.573142944], [114.213198659, 30.573140687], [114.213192362, 30.573138951], [114.213185898, 30.573137756], [114.213179328, 30.573137112], [114.213172717, 30.573137026], [114.213166129, 30.573137497], [114.213159625, 30.573138523], [114.21315327, 30.573140092], [114.213147124, 30.573142191], [114.213141246, 30.573144798], [114.213135692, 30.573147888], [114.213130519, 30.573151432], [114.213125774, 30.573155395], [114.213121501, 30.57315974], [114.213117745, 30.573164425], [114.21311454, 30.573169403], [114.213111917, 30.57317463], [114.213109903, 30.573180051], [114.213108513, 30.573185617], [114.213028446, 30.573606194], [114.212414108, 30.573517787], [114.212413912, 30.573517766], [114.212413719, 30.573517732], [114.211881803, 30.573443929], [114.211919289, 30.572667956], [114.211944201, 30.572313213], [114.211980657, 30.571944693], [114.212272611, 30.571890834], [114.213563277, 30.571738921], [114.213581449, 30.571736048], [114.213916315, 30.57166936], [114.213899993, 30.571896105], [114.213780668, 30.572473844], [114.213779831, 30.572479491], [114.213779641, 30.572485181], [114.213780099, 30.57249086], [114.213781202, 30.572496473], [114.21378294, 30.572501965], [114.213785293, 30.572507284], [114.213788241, 30.57251238], [114.213791755, 30.572517203], [114.213795801, 30.572521705], [114.21380034, 30.572525845], [114.213805328, 30.57252958], [114.213810718, 30.572532878], [114.213816457, 30.572535705], [114.213822491, 30.572538033], [114.21382876, 30.572539841], [114.213835205, 30.572541112], [114.213841764, 30.572541832], [114.213848372, 30.572541996], [114.213854968, 30.572541601], [114.213861488, 30.572540651], [114.213867866, 30.572539156], [114.213874045, 30.572537129], [114.213879963, 30.572534591], [114.213885564, 30.572531565], [114.213890793, 30.572528082], [114.213895601, 30.572524175], [114.213899941, 30.572519879], [114.21390377, 30.572515239], [114.213907053, 30.572510297], [114.213909758, 30.572505103], [114.213911858, 30.572499705], [114.213913333, 30.572494156], [114.214033333, 30.571913156], [114.214033401, 30.571912698], [114.214033513, 30.571912246], [114.214033818, 30.571909876], [114.21403417, 30.57190751], [114.214034185, 30.571907048], [114.214034245, 30.571906589], [114.214053202, 30.571643218], [114.21540231, 30.571505487], [114.215430969, 30.571553503], [114.215439212, 30.571573771], [114.215442973, 30.571581277], [114.216035278, 30.572565992], [114.216171052, 30.572793473], [114.216787028, 30.573829434], [114.216790327, 30.573834367], [114.21679417, 30.573838998], [114.216798523, 30.573843284], [114.216803343, 30.57384718], [114.216807627, 30.573850019], [114.216876474, 30.573964476], [114.216879799, 30.573969396], [114.216883668, 30.573974012], [114.216888043, 30.573978279], [114.216892884, 30.573982157], [114.216898144, 30.573985607], [114.21690377, 30.573988597], [114.216909709, 30.573991098], [114.216915905, 30.573993086], [114.216922298, 30.57399454], [114.216928824, 30.573995448], [114.216935422, 30.573995802], [114.216942031, 30.573995597], [114.216948583, 30.573994835], [114.216955017, 30.573993524], [114.216961271, 30.573991676], [114.216967285, 30.573989309], [114.216972998, 30.573986446], [114.216978361, 30.573983115], [114.216983317, 30.573979348], [114.21698782, 30.57397518], [114.216991827, 30.573970652], [114.2169953, 30.573965809], [114.216998204, 30.573960694], [114.217000513, 30.57395536], [114.217002202, 30.573949856], [114.217003258, 30.573944237], [114.217003668, 30.573938556], [114.21700343, 30.573932866], [114.217002545, 30.573927225], [114.217001023, 30.573921686], [114.216998876, 30.573916302], [114.216996128, 30.573911124], [114.216155029, 30.572512802], [114.215555069, 30.5715076], [114.215548403, 30.571491208], [114.217833631, 30.571276387], [114.218411531, 30.572208436], [114.218418323, 30.572218205], [114.218426195, 30.572227353], [114.218435069, 30.572235793], [114.218444863, 30.572243443], [114.21845548, 30.572250229], [114.218466819, 30.572256088], [114.21847877, 30.572260961], [114.218491217, 30.572264802], [114.218504042, 30.572267575], [114.218513269, 30.572268756], [114.218566123, 30.572377429], [114.218633638, 30.572523499], [114.218689534, 30.572777569], [114.218716698, 30.572938618], [114.218717845, 30.573005101], [114.218669096, 30.573120476], [114.218523443, 30.573245851], [114.21694436, 30.574155273]]]}, "properties": {"id": 5056, "land_type": "居住用地"}}, {"type": "Feature", "geometry": {"type": "Polygon", "coordinates": [[[114.236404806, 30.56614897], [114.235963701, 30.566409144], [114.235110884, 30.566807655], [114.234454255, 30.567095566], [114.234138687, 30.566602851], [114.234035484, 30.566435761], [114.234035153, 30.566435283], [114.234034867, 30.566434784], [114.233897604, 30.566222469], [114.233872889, 30.566172425], [114.235500001, 30.564979021], [114.235500001, 30.565083333], [114.235416667, 30.565083333], [114.235416667, 30.565166666], [114.23525, 30.565166666], [114.23525, 30.56525], [114.235166667, 30.56525], [114.235166667, 30.565583333], [114.235333334, 30.565583333], [114.235333334, 30.565666667], [114.235500001, 30.565666667], [114.235500001, 30.565583333], [114.235583334, 30.565583333], [114.235583334, 30.5655], [114.235666667, 30.5655], [114.235666667, 30.565416666], [114.235833333, 30.565416666], [114.235833333, 30.565333333], [114.235916666, 30.565333333], [114.235916666, 30.56525], [114.236083333, 30.56525], [114.236083333, 30.565166666], [114.23625, 30.565166666], [114.23625, 30.565083333], [114.236333333, 30.565083333], [114.236333333, 30.565], [114.236416667, 30.565], [114.236416667, 30.564916666], [114.236583334, 30.564916666], [114.236583334, 30.564833333], [114.2365, 30.564833333], [114.2365, 30.564666667], [114.236333333, 30.564666667], [114.236333333, 30.564583334], [114.236166667, 30.564583334], [114.236166667, 30.5645], [114.236034779, 30.5645], [114.236985217, 30.5636029], [114.237032025, 30.563558726], [114.237980789, 30.564888456], [114.236404806, 30.56614897]]]}, "properties": {"id": 5065, "land_type": "公园与绿地用地"}}, {"type": "Feature", "geometry": {"type": "Polygon", "coordinates": [[[114.239219499, 30.566549001], [114.238717185, 30.566728415], [114.238714528, 30.566729499], [114.238711858, 30.566730558], [114.238711541, 30.566730718], [114.23871121, 30.566730853], [114.238708689, 30.566732155], [114.238706152, 30.566733434], [114.238658152, 30.566760434], [114.238653195, 30.566763507], [114.238648582, 30.566766954], [114.23864435, 30.566770747], [114.238640535, 30.566774854], [114.238637167, 30.566779241], [114.238634274, 30.566783873], [114.238610274, 30.566826873], [114.238607825, 30.566831844], [114.238605922, 30.566836988], [114.238604583, 30.566842262], [114.238603818, 30.566847622], [114.238603637, 30.566853019], [114.238604039, 30.566858407], [114.238605021, 30.56686374], [114.23861702, 30.56691374], [114.238618429, 30.566918558], [114.238620313, 30.566923256], [114.238679238, 30.567052095], [114.238696147, 30.567089722], [114.237596144, 30.567846743], [114.236531628, 30.56620589], [114.238053972, 30.564988279], [114.239219499, 30.566549001]]]}, "properties": {"id": 5066, "land_type": "居住用地"}}, {"type": "Feature", "geometry": {"type": "Polygon", "coordinates": [[[114.233781357, 30.566285188], [114.234020198, 30.566658106], [114.234325012, 30.567151613], [114.233834578, 30.567361713], [114.232668207, 30.567820433], [114.232662336, 30.56782305], [114.23265679, 30.56782615], [114.232651796, 30.567829583], [114.232455856, 30.567526766], [114.232455038, 30.567525539], [114.232379039, 30.567414539], [114.23237757, 30.567412492], [114.232035919, 30.566957722], [114.233001723, 30.566604481], [114.233021939, 30.566595913], [114.233728476, 30.566253045], [114.233781357, 30.566285188]]]}, "properties": {"id": 5067, "land_type": "行政办公用地"}}, {"type": "Feature", "geometry": {"type": "Polygon", "coordinates": [[[114.238901108, 30.567545804], [114.23910305, 30.568001674], [114.239103096, 30.568001777], [114.239377096, 30.568616777], [114.239377205, 30.568617021], [114.239637966, 30.56919449], [114.239716607, 30.569379329], [114.23934603, 30.569625754], [114.238885677, 30.569844197], [114.237662662, 30.567949492], [114.238747129, 30.567203165], [114.238901108, 30.567545804]]]}, "properties": {"id": 5068, "land_type": "居住用地"}}, {"type": "Feature", "geometry": {"type": "Polygon", "coordinates": [[[114.237517247, 30.567963036], [114.238766568, 30.569898496], [114.23636295, 30.570952013], [114.235107325, 30.568227008], [114.235105109, 30.568222715], [114.235005428, 30.568048904], [114.234957054, 30.567950406], [114.234955121, 30.567946819], [114.234606094, 30.5673526], [114.234526012, 30.567212963], [114.235173604, 30.566910354], [114.235544574, 30.566747695], [114.235550311, 30.566744865], [114.235555699, 30.566741565], [114.235560685, 30.566737828], [114.235565221, 30.566733686], [114.235569265, 30.566729182], [114.235572776, 30.566724357], [114.235573196, 30.566723629], [114.236031038, 30.566509687], [114.236036976, 30.566506559], [114.236424179, 30.566278178], [114.237517247, 30.567963036]]]}, "properties": {"id": 5069, "land_type": "居住用地"}}, {"type": "Feature", "geometry": {"type": "Polygon", "coordinates": [[[114.221571929, 30.57253988], [114.220806012, 30.57246761], [114.220097434, 30.572176255], [114.220091553, 30.572174125], [114.220085463, 30.572172483], [114.220079221, 30.572171345], [114.220072881, 30.57217072], [114.218785483, 30.57209682], [114.218782305, 30.572096703], [114.21871316, 30.57209555], [114.218163425, 30.571166733], [114.219934582, 30.570383203], [114.219943005, 30.570397396], [114.219943369, 30.57039794], [114.219943683, 30.570398506], [114.220090402, 30.570633059], [114.220297842, 30.570979088], [114.220279971, 30.570996146], [114.220276352, 30.570999908], [114.220261353, 30.571016908], [114.220256805, 30.57102277], [114.220253117, 30.571029063], [114.220242118, 30.571051063], [114.220240255, 30.571055222], [114.220238768, 30.571059492], [114.220232768, 30.571079492], [114.220231327, 30.571085657], [114.220230671, 30.571091921], [114.22022967, 30.571115921], [114.220229626, 30.571118], [114.220229626, 30.571138], [114.22022983, 30.5711425], [114.220230438, 30.571146972], [114.220234438, 30.571168972], [114.220235719, 30.571174344], [114.220237584, 30.571179587], [114.220247583, 30.571203588], [114.220249838, 30.571208328], [114.220252569, 30.571212879], [114.220266568, 30.571233878], [114.220269643, 30.571238064], [114.22027312, 30.57124201], [114.220276977, 30.571245686], [114.220300977, 30.571266686], [114.220305882, 30.571270573], [114.220311208, 30.571274023], [114.22033521, 30.571288024], [114.220340515, 30.57129082], [114.220346098, 30.571293184], [114.220378097, 30.571305183], [114.220383608, 30.571307007], [114.220389281, 30.571308407], [114.220395077, 30.571309376], [114.220434077, 30.571314376], [114.220441054, 30.571314953], [114.220448063, 30.571314903], [114.220455028, 30.571314226], [114.220482561, 30.571310293], [114.22049675, 30.571308442], [114.220869114, 30.571885184], [114.220872606, 30.571890018], [114.220876631, 30.571894534], [114.220881151, 30.571898688], [114.220886123, 30.571902441], [114.220891498, 30.571905757], [114.220897224, 30.571908602], [114.220903247, 30.57191095], [114.220909509, 30.57191278], [114.220915948, 30.571914073], [114.220922503, 30.571914815], [114.22092911, 30.571915001], [114.220935708, 30.571914627], [114.220942231, 30.5719137], [114.220948617, 30.571912226], [114.220954805, 30.571910219], [114.220960735, 30.571907701], [114.220966349, 30.571904695], [114.220971594, 30.571901229], [114.220976419, 30.571897336], [114.220980778, 30.571893057], [114.220984629, 30.571888428], [114.220987934, 30.571883499], [114.220990662, 30.571878313], [114.220992787, 30.571872922], [114.220994287, 30.571867378], [114.220995149, 30.571861733], [114.220995365, 30.571856044], [114.220994932, 30.571850364], [114.220993854, 30.571844748], [114.220992143, 30.571839249], [114.220989813, 30.571833922], [114.220986887, 30.571828816], [114.22061358, 30.571250611], [114.220626741, 30.571234818], [114.220629215, 30.571231632], [114.220642215, 30.571213632], [114.220645049, 30.571209305], [114.220647443, 30.571204784], [114.220655443, 30.571187783], [114.220658233, 30.571180506], [114.220664233, 30.571160506], [114.22066541, 30.571155774], [114.220666125, 30.571150976], [114.220668125, 30.571130976], [114.220668296, 30.571128771], [114.220669297, 30.571110771], [114.22066935, 30.571106458], [114.220669031, 30.571102153], [114.220667031, 30.571085153], [114.220666058, 30.571079591], [114.220664463, 30.571074135], [114.220658465, 30.571057135], [114.220655305, 30.571049939], [114.220646305, 30.571032939], [114.220642981, 30.571027455], [114.220638998, 30.571022309], [114.220625997, 30.571007308], [114.220621623, 30.571002762], [114.220605623, 30.570987762], [114.220598715, 30.570982141], [114.220581715, 30.57097014], [114.220580578, 30.570969415], [114.22057949, 30.570968635], [114.220577923, 30.570967722], [114.220576402, 30.570966751], [114.220575188, 30.570966125], [114.220574017, 30.570965442], [114.220553018, 30.570954442], [114.220548371, 30.570952219], [114.220525371, 30.57094222], [114.220519985, 30.570940127], [114.220514408, 30.57093845], [114.220508681, 30.570937199], [114.22048068, 30.5709322], [114.220473234, 30.570931241], [114.220448234, 30.57092924], [114.220441226, 30.570928996], [114.220434228, 30.570929378], [114.220420502, 30.570930751], [114.220209869, 30.570579393], [114.220209572, 30.570578953], [114.220209317, 30.570578493], [114.220062663, 30.570344044], [114.220054435, 30.570330181], [114.221368871, 30.569748692], [114.221369269, 30.569748515], [114.221464369, 30.569706216], [114.22146562, 30.569705603], [114.221827467, 30.570292161], [114.222187382, 30.570878393], [114.222263859, 30.571026096], [114.222282316, 30.571169252], [114.222270156, 30.57152288], [114.222242456, 30.572325576], [114.222242584, 30.572331268], [114.22224336, 30.572336921], [114.222244775, 30.572342482], [114.222246817, 30.572347897], [114.222249465, 30.572353113], [114.222252694, 30.572358081], [114.222256473, 30.572362751], [114.222260766, 30.572367081], [114.222265531, 30.572371027], [114.222270722, 30.572374553], [114.22227629, 30.572377624], [114.22228218, 30.572380209], [114.222288337, 30.572382285], [114.222294699, 30.572383832], [114.222301209, 30.572384834], [114.222307799, 30.572385282], [114.22231441, 30.572385172], [114.222320976, 30.572384504], [114.222327435, 30.572383285], [114.222333723, 30.572381527], [114.22233978, 30.572379248], [114.222345551, 30.572376467], [114.222350975, 30.572373214], [114.222356004, 30.572369517], [114.222360589, 30.572365415], [114.222364683, 30.572360945], [114.222368248, 30.572356152], [114.222371251, 30.57235108], [114.222373663, 30.57234578], [114.222375459, 30.572340301], [114.222376624, 30.572334696], [114.222377144, 30.572329022], [114.222380251, 30.572238981], [114.222382401, 30.572238193], [114.222388202, 30.57223546], [114.222393662, 30.572232251], [114.222398733, 30.572228596], [114.222403362, 30.572224532], [114.222407506, 30.572220097], [114.222411125, 30.572215332], [114.222414185, 30.572210286], [114.222416655, 30.572205005], [114.222418512, 30.572199543], [114.222419738, 30.572193948], [114.222420321, 30.572188278], [114.222442322, 30.571706278], [114.222442359, 30.57170523], [114.222447358, 30.57150223], [114.222447366, 30.571500154], [114.222444369, 30.571323323], [114.222442372, 30.571126492], [114.222442059, 30.5711214], [114.222441228, 30.57111635], [114.222439887, 30.571111383], [114.222414886, 30.571034383], [114.222411536, 30.57102638], [114.222395469, 30.570995349], [114.222392162, 30.570969699], [114.222391005, 30.570963654], [114.222389114, 30.570957748], [114.222312114, 30.570758948], [114.222310184, 30.570754565], [114.222239385, 30.570611465], [114.222236143, 30.570605794], [114.221656444, 30.569717094], [114.221612126, 30.569649146], [114.221609762, 30.569628938], [114.22169502, 30.56958324], [114.223376327, 30.568681631], [114.223980591, 30.568379302], [114.224581255, 30.568114574], [114.224611351, 30.568108555], [114.225467517, 30.567938741], [114.228582938, 30.56798071], [114.228600886, 30.567980265], [114.228618717, 30.567978451], [114.229613117, 30.56783845], [114.229627795, 30.567835598], [114.229967807, 30.56851232], [114.230178414, 30.568964358], [114.228846438, 30.569025071], [114.22884056, 30.569025562], [114.228834755, 30.569026494], [114.228824756, 30.569028495], [114.228814755, 30.569030495], [114.228807943, 30.569032187], [114.228801373, 30.569034487], [114.228795122, 30.569037367], [114.228789257, 30.5690408], [114.228783843, 30.569044743], [114.22877894, 30.569049154], [114.228775941, 30.569052152], [114.228772145, 30.569055317], [114.228766937, 30.569060182], [114.228762406, 30.569065526], [114.228759406, 30.569069525], [114.228756175, 30.56907432], [114.228753491, 30.569079358], [114.228751377, 30.569084592], [114.228749854, 30.569089978], [114.228748934, 30.569095463], [114.228748626, 30.569101], [114.228748626, 30.569104733], [114.228747832, 30.569113472], [114.228747626, 30.569118], [114.228747626, 30.569142], [114.228747718, 30.569145023], [114.228775718, 30.569607024], [114.228775763, 30.569607698], [114.228837717, 30.570443076], [114.228858687, 30.570869454], [114.228859189, 30.570874483], [114.228860198, 30.570879456], [114.228872199, 30.570926455], [114.228874183, 30.570932599], [114.228876941, 30.570938518], [114.22888994, 30.570962518], [114.228894402, 30.57096947], [114.228906403, 30.570985469], [114.228908631, 30.570988259], [114.228925631, 30.571008259], [114.228927793, 30.571010666], [114.228945792, 30.571029665], [114.228950815, 30.571034405], [114.228956414, 30.571038639], [114.228962521, 30.571042314], [114.22900752, 30.571066314], [114.229011921, 30.571068468], [114.229016496, 30.571070332], [114.229054496, 30.571084331], [114.22905996, 30.571086107], [114.229065582, 30.571087469], [114.22907132, 30.571088407], [114.229103321, 30.571092407], [114.229113, 30.571093009], [114.229145, 30.571093009], [114.229148465, 30.571092932], [114.229350938, 30.571083955], [114.229869411, 30.571067972], [114.229870904, 30.571067911], [114.229910904, 30.571065911], [114.22991668, 30.571065408], [114.22994068, 30.571062407], [114.229947436, 30.571061256], [114.22995402, 30.571059517], [114.229960364, 30.57105721], [114.2299664, 30.571054356], [114.229972067, 30.571050987], [114.229977305, 30.571047138], [114.229982059, 30.571042847], [114.229992015, 30.571032891], [114.230001915, 30.571023891], [114.230006436, 30.571019331], [114.230010387, 30.571014392], [114.230013724, 30.57100913], [114.230016412, 30.571003598], [114.230018423, 30.570997857], [114.230022423, 30.570983856], [114.230024031, 30.570975843], [114.230026031, 30.570958843], [114.230026362, 30.570954094], [114.230026239, 30.570949338], [114.230008239, 30.570704338], [114.230008184, 30.570703648], [114.229986417, 30.570454543], [114.230404849, 30.570440026], [114.230470979, 30.570440886], [114.230615328, 30.570476737], [114.230619447, 30.57047764], [114.230724447, 30.57049764], [114.230730777, 30.570498575], [114.230815777, 30.570507575], [114.230821355, 30.570507965], [114.230826951, 30.570507953], [114.23087995, 30.570505953], [114.230885176, 30.57050558], [114.230923176, 30.57050158], [114.230925122, 30.570501349], [114.231032122, 30.570487351], [114.232021417, 30.570357575], [114.23203308, 30.570356575], [114.232066823, 30.570736424], [114.232067337, 30.570740402], [114.232160302, 30.571287198], [114.232215259, 30.571627363], [114.231419149, 30.571754895], [114.230470622, 30.571894825], [114.230464169, 30.57189606], [114.230457886, 30.571897835], [114.230451835, 30.571900131], [114.230446076, 30.571902927], [114.230440662, 30.571906194], [114.230435647, 30.571909904], [114.230431077, 30.571914017], [114.230426999, 30.571918498], [114.23042345, 30.571923301], [114.230420464, 30.57192838], [114.230418072, 30.571933688], [114.230416296, 30.57193917], [114.230415151, 30.571944777], [114.230414651, 30.571950454], [114.230414799, 30.571956145], [114.230415594, 30.571961796], [114.23041703, 30.571967353], [114.23041909, 30.571972763], [114.230421757, 30.571977971], [114.230425004, 30.57198293], [114.230428799, 30.571987591], [114.230433108, 30.57199191], [114.230437887, 30.571995844], [114.230443089, 30.571999355], [114.230448668, 30.572002411], [114.230454568, 30.572004982], [114.230460731, 30.572007042], [114.230467099, 30.572008572], [114.230473612, 30.572009556], [114.230480205, 30.572009987], [114.230486815, 30.57200986], [114.230493379, 30.572009174], [114.231370654, 30.571879756], [114.23139491, 30.572104318], [114.23141287, 30.572274001], [114.231233752, 30.572290675], [114.227289266, 30.572272193], [114.227283463, 30.572272381], [114.227277699, 30.572272999], [114.227272019, 30.572274043], [114.227266464, 30.572275503], [114.226912652, 30.572383092], [114.226551557, 30.572383092], [114.2255782, 30.572309415], [114.225573, 30.572309195], [114.225567795, 30.572309322], [114.221571929, 30.57253988]]]}, "properties": {"id": 5057, "land_type": "教育用地"}}, {"type": "Feature", "geometry": {"type": "Polygon", "coordinates": [[[114.235833333, 30.57425], [114.235833333, 30.574333334], [114.236083333, 30.574333334], [114.236083333, 30.57425], [114.236583334, 30.57425], [114.236583334, 30.574166667], [114.236666667, 30.574166667], [114.236666667, 30.574083333], [114.236833334, 30.574083333], [114.236833334, 30.574], [114.236916667, 30.574], [114.236916667, 30.574083333], [114.237000001, 30.574083333], [114.237000001, 30.574], [114.237333333, 30.574], [114.237333333, 30.573916667], [114.237833334, 30.573916667], [114.237833334, 30.573833333], [114.238, 30.573833333], [114.238, 30.57375], [114.238166667, 30.57375], [114.238166667, 30.573666666], [114.238250001, 30.573666666], [114.238250001, 30.573583333], [114.238416667, 30.573583333], [114.238416667, 30.5735], [114.2385, 30.5735], [114.2385, 30.573416666], [114.238583333, 30.573416666], [114.238583333, 30.573333333], [114.238666666, 30.573333333], [114.238666666, 30.573249999], [114.238916667, 30.573249999], [114.238916667, 30.573166667], [114.239166667, 30.573166667], [114.239166667, 30.573083334], [114.23925, 30.573083334], [114.23925, 30.573], [114.239416667, 30.573], [114.239416667, 30.572916667], [114.239666667, 30.572916667], [114.239666667, 30.57275], [114.239750001, 30.57275], [114.239750001, 30.572583333], [114.239833334, 30.572583333], [114.239833334, 30.5725], [114.239916667, 30.5725], [114.239916667, 30.572416667], [114.24, 30.572416667], [114.24, 30.572333333], [114.240083333, 30.572333333], [114.240083333, 30.57225], [114.240166667, 30.57225], [114.240166667, 30.572166666], [114.240333333, 30.572166666], [114.240333333, 30.572083333], [114.240416667, 30.572083333], [114.240416667, 30.572], [114.240666667, 30.572], [114.240666667, 30.571916666], [114.240583334, 30.571916666], [114.240583334, 30.571833333], [114.240666667, 30.571833333], [114.240666667, 30.57175], [114.24075, 30.57175], [114.24075, 30.571666667], [114.240916667, 30.571666667], [114.240916667, 30.5715], [114.241166667, 30.5715], [114.241166667, 30.571416667], [114.24125, 30.571416667], [114.24125, 30.57125], [114.2415, 30.57125], [114.2415, 30.571], [114.241583333, 30.571], [114.241583333, 30.570916666], [114.241833333, 30.570916666], [114.241833333, 30.570833333], [114.242, 30.570833333], [114.242, 30.570666666], [114.24225, 30.570666666], [114.24225, 30.570583333], [114.242333334, 30.570583333], [114.242333334, 30.570499999], [114.242500001, 30.570499999], [114.242500001, 30.570416666], [114.24275, 30.570416666], [114.24275, 30.57025], [114.243, 30.57025], [114.243, 30.570166667], [114.243083333, 30.570166667], [114.243083333, 30.570083334], [114.243166667, 30.570083334], [114.243166667, 30.57], [114.243416667, 30.57], [114.243416667, 30.569833333], [114.243583334, 30.569833333], [114.243583334, 30.569666667], [114.243833334, 30.569666667], [114.243833334, 30.569583333], [114.243916667, 30.569583333], [114.243916667, 30.5695], [114.244166666, 30.5695], [114.244166666, 30.569416666], [114.244416667, 30.569416666], [114.244416667, 30.569184374], [114.244494573, 30.569300293], [114.244597533, 30.569623775], [114.244490261, 30.569697002], [114.244021106, 30.569966038], [114.24401967, 30.569966872], [114.243397171, 30.570333872], [114.243390198, 30.570338273], [114.242811639, 30.570728552], [114.242238547, 30.571065928], [114.242227897, 30.57107289], [114.241605699, 30.571523191], [114.24160427, 30.571524238], [114.24103027, 30.571951539], [114.241028609, 30.571952796], [114.240371409, 30.572458496], [114.240361308, 30.572467137], [114.239873208, 30.572931338], [114.239872648, 30.572931872], [114.239464949, 30.573324472], [114.23946109, 30.573328357], [114.239236766, 30.573564539], [114.238935628, 30.573759819], [114.238456017, 30.573998989], [114.238084937, 30.574154141], [114.238080797, 30.574155949], [114.237341089, 30.574492811], [114.236580679, 30.574761441], [114.236402801, 30.574812181], [114.236124085, 30.574883113], [114.235661415, 30.57494653], [114.235657524, 30.574947234], [114.235653604, 30.574947805], [114.23565296, 30.574947956], [114.235652304, 30.574948058], [114.23541381, 30.57499544], [114.234599585, 30.575133676], [114.233872433, 30.5752225], [114.23303931, 30.575249902], [114.232180464, 30.575254489], [114.232179733, 30.575254496], [114.231494701, 30.575261352], [114.231088432, 30.575243257], [114.230197896, 30.575174156], [114.230196429, 30.575174049], [114.229450729, 30.575123249], [114.229446215, 30.575123007], [114.228680199, 30.575093049], [114.228028286, 30.575058486], [114.227072288, 30.574989295], [114.227070893, 30.5749892], [114.226561293, 30.5749569], [114.226549958, 30.574956593], [114.226051058, 30.574961194], [114.226050813, 30.574961196], [114.225401713, 30.574968197], [114.225401367, 30.5749682], [114.224516267, 30.574979701], [114.224512164, 30.574979807], [114.224262464, 30.574989607], [114.22415806, 30.574993708], [114.224149094, 30.574994318], [114.223626094, 30.575045118], [114.223617374, 30.575046215], [114.223005773, 30.575140816], [114.222995686, 30.575142723], [114.222459287, 30.575262823], [114.222455092, 30.575263824], [114.221618391, 30.575476224], [114.221618011, 30.575476322], [114.220628224, 30.575730318], [114.22007834, 30.575871315], [114.220070784, 30.575873463], [114.219687183, 30.575993462], [114.219674095, 30.575998244], [114.219338796, 30.576139144], [114.219331456, 30.576142474], [114.218848656, 30.576378074], [114.21883928, 30.576383097], [114.218830413, 30.576388766], [114.218564913, 30.576573466], [114.218552881, 30.576582927], [114.21820688, 30.576890026], [114.218203102, 30.576893521], [114.217462802, 30.577607121], [114.217459243, 30.577610696], [114.217112743, 30.577973296], [114.216915178, 30.578180115], [114.216697724, 30.578376371], [114.216397466, 30.578627988], [114.216255442, 30.578741925], [114.215926968, 30.579005404], [114.21505995, 30.579686245], [114.214521194, 30.579083333], [114.214666667, 30.579083333], [114.214666667, 30.579166666], [114.214916667, 30.579166666], [114.214916667, 30.578916666], [114.215083333, 30.578916666], [114.215083333, 30.57875], [114.215333333, 30.57875], [114.215333333, 30.578666667], [114.215416667, 30.578666667], [114.215416667, 30.5785], [114.2155, 30.5785], [114.2155, 30.578416667], [114.215583333, 30.578416667], [114.215583333, 30.5785], [114.215666667, 30.5785], [114.215666667, 30.578416667], [114.21575, 30.578416667], [114.21575, 30.578333333], [114.215833334, 30.578333333], [114.215833334, 30.57825], [114.215916667, 30.57825], [114.215916667, 30.578166667], [114.216250001, 30.578166667], [114.216250001, 30.578083333], [114.216333334, 30.578083333], [114.216333334, 30.578], [114.2165, 30.578], [114.2165, 30.577916667], [114.216833333, 30.577916667], [114.216833333, 30.577833333], [114.216916667, 30.577833333], [114.216916667, 30.57775], [114.217, 30.57775], [114.217, 30.577666666], [114.217083334, 30.577666666], [114.217083334, 30.5775], [114.21725, 30.5775], [114.21725, 30.57725], [114.217166667, 30.57725], [114.217166667, 30.577], [114.21725, 30.577], [114.21725, 30.576916667], [114.217500001, 30.576916667], [114.217500001, 30.577], [114.217583334, 30.577], [114.217583334, 30.576916667], [114.217666667, 30.576916667], [114.217666667, 30.57675], [114.217583334, 30.57675], [114.217583334, 30.576833333], [114.217416667, 30.576833333], [114.217416667, 30.576666667], [114.217583334, 30.576666667], [114.217583334, 30.576583333], [114.217666667, 30.576583333], [114.217666667, 30.576416666], [114.217916666, 30.576416666], [114.217916666, 30.576333333], [114.218166667, 30.576333333], [114.218166667, 30.57625], [114.218083333, 30.57625], [114.218083333, 30.576166666], [114.218166667, 30.576166666], [114.218166667, 30.576083333], [114.21825, 30.576083333], [114.21825, 30.576166666], [114.218583334, 30.576166666], [114.218583334, 30.576083333], [114.218833334, 30.576083333], [114.218833334, 30.576], [114.219000001, 30.576], [114.219000001, 30.575916667], [114.219166667, 30.575916667], [114.219166667, 30.575833334], [114.219333333, 30.575833334], [114.219333333, 30.575666667], [114.219416667, 30.575666667], [114.219416667, 30.57575], [114.2195, 30.57575], [114.2195, 30.575583334], [114.219666667, 30.575583334], [114.219666667, 30.5755], [114.219916667, 30.5755], [114.219916667, 30.575416667], [114.22, 30.575416667], [114.22, 30.57525], [114.220166667, 30.57525], [114.220166667, 30.575166667], [114.220250001, 30.575166667], [114.220250001, 30.57525], [114.221, 30.57525], [114.221, 30.575166667], [114.221333334, 30.575166667], [114.221333334, 30.57525], [114.221583334, 30.57525], [114.221583334, 30.575083333], [114.221666667, 30.575083333], [114.221666667, 30.575166667], [114.222083333, 30.575166667], [114.222083333, 30.575083333], [114.2225, 30.575083333], [114.2225, 30.575], [114.22275, 30.575], [114.22275, 30.574916666], [114.223166667, 30.574916666], [114.223166667, 30.575], [114.22325, 30.575], [114.22325, 30.574916666], [114.223333333, 30.574916666], [114.223333333, 30.574833333], [114.223666667, 30.574833333], [114.223666667, 30.57475], [114.224583334, 30.57475], [114.224583334, 30.574833333], [114.224666667, 30.574833333], [114.224666667, 30.57475], [114.224916667, 30.57475], [114.224916667, 30.574666666], [114.225333334, 30.574666666], [114.225333334, 30.57475], [114.225416667, 30.57475], [114.225416667, 30.574666666], [114.226583333, 30.574666666], [114.226583333, 30.572916667], [114.226416667, 30.572916667], [114.226416667, 30.572833334], [114.226333333, 30.572833334], [114.226333333, 30.57275], [114.225916667, 30.57275], [114.225916667, 30.572666667], [114.2255, 30.572666667], [114.2255, 30.57275], [114.225416667, 30.57275], [114.225416667, 30.572833334], [114.224833333, 30.572833334], [114.224833333, 30.572916667], [114.224583334, 30.572916667], [114.224583334, 30.57275], [114.224416667, 30.57275], [114.224416667, 30.572833334], [114.223916667, 30.572833334], [114.223916667, 30.57275], [114.223833333, 30.57275], [114.223833333, 30.572833334], [114.223666667, 30.572833334], [114.223666667, 30.57275], [114.223583333, 30.57275], [114.223583333, 30.572833334], [114.223416666, 30.572833334], [114.223416666, 30.573], [114.223166667, 30.573], [114.223166667, 30.573083334], [114.22275, 30.573083334], [114.22275, 30.573166667], [114.222583334, 30.573166667], [114.222583334, 30.573249999], [114.221583334, 30.573249999], [114.221583334, 30.573333333], [114.221416667, 30.573333333], [114.221416667, 30.573416666], [114.22125, 30.573416666], [114.22125, 30.573333333], [114.221166667, 30.573333333], [114.221166667, 30.573416666], [114.221, 30.573416666], [114.221, 30.5735], [114.22075, 30.5735], [114.22075, 30.573583333], [114.220416667, 30.573583333], [114.220416667, 30.573666666], [114.220250001, 30.573666666], [114.220250001, 30.57375], [114.22, 30.57375], [114.22, 30.573833333], [114.219916667, 30.573833333], [114.219916667, 30.573916667], [114.219833334, 30.573916667], [114.219833334, 30.574], [114.21975, 30.574], [114.21975, 30.574083333], [114.2195, 30.574083333], [114.2195, 30.574166667], [114.219333333, 30.574166667], [114.219333333, 30.57425], [114.219083334, 30.57425], [114.219083334, 30.574333334], [114.218833334, 30.574333334], [114.218833334, 30.574416667], [114.218583334, 30.574416667], [114.218583334, 30.5745], [114.21825, 30.5745], [114.21825, 30.574583333], [114.217916666, 30.574583333], [114.217916666, 30.574666666], [114.217583334, 30.574666666], [114.217583334, 30.57475], [114.217083334, 30.57475], [114.217083334, 30.574833333], [114.2165, 30.574833333], [114.2165, 30.574916666], [114.215916667, 30.574916666], [114.215916667, 30.575], [114.21575, 30.575], [114.21575, 30.575083333], [114.215416667, 30.575083333], [114.215416667, 30.575166667], [114.215333333, 30.575166667], [114.215333333, 30.57525], [114.215166667, 30.57525], [114.215166667, 30.575333333], [114.214916667, 30.575333333], [114.214916667, 30.5755], [114.214666667, 30.5755], [114.214666667, 30.57575], [114.214583334, 30.57575], [114.214583334, 30.575833334], [114.214416667, 30.575833334], [114.214416667, 30.576], [114.214333334, 30.576], [114.214333334, 30.576083333], [114.21425, 30.576083333], [114.21425, 30.576166666], [114.214, 30.576166666], [114.214, 30.57625], [114.213916667, 30.57625], [114.213916667, 30.576416666], [114.213666666, 30.576416666], [114.213666666, 30.5765], [114.213500001, 30.5765], [114.213500001, 30.576583333], [114.213416667, 30.576583333], [114.213416667, 30.576666667], [114.21325, 30.576666667], [114.21325, 30.57675], [114.213166667, 30.57675], [114.213166667, 30.576833333], [114.213083334, 30.576833333], [114.213083334, 30.577], [114.21275, 30.577], [114.21275, 30.577101205], [114.211749183, 30.575981188], [114.211805917, 30.575949331], [114.212014551, 30.575872312], [114.212016474, 30.575871571], [114.212285474, 30.57576357], [114.212288639, 30.575762212], [114.212502639, 30.575664212], [114.212505584, 30.57566278], [114.213006542, 30.575404802], [114.213608231, 30.575095962], [114.213808326, 30.574995427], [114.21394743, 30.574949058], [114.214089234, 30.574914312], [114.214297777, 30.574898792], [114.215124751, 30.574837795], [114.215124859, 30.574837787], [114.215603859, 30.574801786], [114.215609238, 30.574801194], [114.215614543, 30.57480023], [114.215707583, 30.57477994], [114.215826056, 30.574771194], [114.215832491, 30.574770448], [114.215838813, 30.574769174], [114.215844962, 30.57476738], [114.215850883, 30.574765086], [114.216199412, 30.574612217], [114.216452023, 30.574528525], [114.216667835, 30.574464876], [114.216669609, 30.574464329], [114.216877608, 30.574397329], [114.216885545, 30.574394255], [114.217102545, 30.574295256], [114.217108297, 30.574292307], [114.217113681, 30.574288882], [114.217174681, 30.574245883], [114.217174898, 30.574245729], [114.217302488, 30.574155021], [114.217455304, 30.574049835], [114.217559875, 30.573982058], [114.217885046, 30.573811541], [114.217886299, 30.573810867], [114.2185183, 30.573462868], [114.218522309, 30.57346048], [114.218662309, 30.57337048], [114.218667054, 30.57336713], [114.218671426, 30.573363421], [114.218756425, 30.57328442], [114.21876083, 30.573279882], [114.218764678, 30.57327498], [114.218767924, 30.573269767], [114.218818925, 30.573176767], [114.218821593, 30.57317116], [114.218823567, 30.573165343], [114.218851567, 30.573063342], [114.218852619, 30.573058656], [114.21885322, 30.57305391], [114.218853366, 30.573049139], [114.218852945, 30.573024712], [114.218876514, 30.572968931], [114.21887828, 30.572964107], [114.218879552, 30.572959169], [114.218880318, 30.572954153], [114.218880573, 30.5729491], [114.218880573, 30.5727551], [114.218880272, 30.572749616], [114.218879369, 30.57274418], [114.218877874, 30.572738843], [114.218875799, 30.572733651], [114.218763623, 30.572490957], [114.218745482, 30.572408498], [114.218724852, 30.572284095], [114.218755288, 30.572286719], [114.218759135, 30.572286956], [114.218950135, 30.572293956], [114.218950943, 30.572293981], [114.21910164, 30.572297947], [114.219435107, 30.572317855], [114.219707211, 30.57233573], [114.219983901, 30.572365827], [114.220095744, 30.572398178], [114.22021771, 30.572444037], [114.22038295, 30.572507969], [114.22054161, 30.572582864], [114.220544699, 30.572584234], [114.220645698, 30.572626234], [114.220651765, 30.572628448], [114.220749765, 30.572659449], [114.220755792, 30.572661085], [114.220761972, 30.572662226], [114.220880971, 30.572679225], [114.220885533, 30.572679739], [114.221162533, 30.57270274], [114.221164816, 30.572702896], [114.221436655, 30.572717459], [114.221435634, 30.572775116], [114.221435677, 30.572776201], [114.221435643, 30.572777286], [114.221441644, 30.573010286], [114.221442114, 30.573015964], [114.221443229, 30.573021575], [114.221444978, 30.573027065], [114.221447343, 30.573032381], [114.221450301, 30.573037472], [114.221453825, 30.573042288], [114.22145788, 30.573046784], [114.221462428, 30.573050917], [114.221467425, 30.573054645], [114.221472821, 30.573057934], [114.221478566, 30.573060752], [114.221484603, 30.573063071], [114.221490876, 30.57306487], [114.221497324, 30.573066129], [114.221503884, 30.57306684], [114.221510494, 30.573066994], [114.221517089, 30.573066588], [114.221523606, 30.573065629], [114.221529982, 30.573064122], [114.221536157, 30.573062087], [114.22154207, 30.573059539], [114.221547664, 30.573056505], [114.221552885, 30.573053014], [114.221557685, 30.573049098], [114.221562016, 30.573044797], [114.221565836, 30.57304015], [114.221569108, 30.573035204], [114.221571802, 30.573030005], [114.221573891, 30.573024604], [114.221575355, 30.573019053], [114.22157618, 30.573013405], [114.221576358, 30.573007714], [114.221570385, 30.572775799], [114.221571372, 30.572720068], [114.221646118, 30.572719], [114.221649759, 30.572718863], [114.221813136, 30.572708901], [114.22223551, 30.572689929], [114.222235995, 30.572689905], [114.222763995, 30.572662906], [114.222764421, 30.572662883], [114.223135421, 30.572641883], [114.22313641, 30.57264182], [114.223856653, 30.572591873], [114.224557895, 30.572556911], [114.224558592, 30.572556873], [114.225238593, 30.572516872], [114.225238812, 30.57251686], [114.225382409, 30.572508008], [114.225465039, 30.572508008], [114.225583982, 30.572510932], [114.225849894, 30.572531769], [114.225850392, 30.572531806], [114.226280702, 30.572562757], [114.226592015, 30.572590695], [114.226595777, 30.57259094], [114.226692777, 30.572594941], [114.226701883, 30.572594786], [114.226807882, 30.572586786], [114.226816422, 30.572585663], [114.226922423, 30.572565663], [114.226928315, 30.572564308], [114.227130316, 30.572509307], [114.227139098, 30.572506319], [114.227250752, 30.572460286], [114.227260713, 30.572456966], [114.227275959, 30.572454424], [114.227286177, 30.572453495], [114.227306342, 30.572456278], [114.227311415, 30.572456808], [114.228079417, 30.572511808], [114.228085, 30.572512008], [114.228258, 30.572512008], [114.228260594, 30.572511965], [114.228471594, 30.572504964], [114.228471861, 30.572504955], [114.228635859, 30.572498955], [114.228636697, 30.57249892], [114.228952272, 30.572483988], [114.229413845, 30.572479004], [114.229413988, 30.572479001], [114.229809988, 30.572474001], [114.229810349, 30.572473996], [114.23027435, 30.572465997], [114.230275029, 30.572465982], [114.230969029, 30.572447981], [114.230969537, 30.572447967], [114.231492976, 30.572430985], [114.231824415, 30.572424995], [114.23183321, 30.572424337], [114.23208321, 30.572391338], [114.232089637, 30.572390212], [114.232326638, 30.572338211], [114.232331265, 30.572337043], [114.232544265, 30.572276043], [114.232545857, 30.572275568], [114.233553524, 30.57196267], [114.234178834, 30.571774878], [114.235663427, 30.571344996], [114.236267378, 30.571171011], [114.236270944, 30.571169887], [114.236372794, 30.571134938], [114.236570644, 30.571067988], [114.236573627, 30.571066907], [114.236821626, 30.570970907], [114.236824903, 30.570969546], [114.237166903, 30.570817546], [114.237167699, 30.570817188], [114.237387699, 30.570716187], [114.237387914, 30.570716088], [114.237536913, 30.570647088], [114.237537215, 30.570646949], [114.237857053, 30.570497024], [114.238271885, 30.570305101], [114.238524123, 30.570188455], [114.238859355, 30.570042789], [114.238860064, 30.570042476], [114.239050064, 30.569957475], [114.239052366, 30.569956395], [114.239651366, 30.569662396], [114.239658129, 30.569658597], [114.239664315, 30.569654129], [114.239864316, 30.569491129], [114.239865577, 30.569489994], [114.239866894, 30.569488909], [114.239975895, 30.56938991], [114.239975984, 30.569389829], [114.240077265, 30.569297484], [114.240425521, 30.568999122], [114.240426177, 30.568998553], [114.240644177, 30.568806552], [114.240647868, 30.568803023], [114.24095865, 30.56848025], [114.241188428, 30.568246475], [114.241193412, 30.568240716], [114.241306412, 30.568091718], [114.241307573, 30.568090129], [114.241498775, 30.567819263], [114.24158593, 30.567707624], [114.241597695, 30.567708132], [114.241617508, 30.567707311], [114.241637131, 30.567704823], [114.241656376, 30.56770069], [114.241675059, 30.567694952], [114.241692998, 30.567687666], [114.241710023, 30.567678901], [114.241725966, 30.567668741], [114.241740676, 30.567657284], [114.241754012, 30.567644641], [114.241765844, 30.567630934], [114.241776058, 30.567616294], [114.241784558, 30.567600862], [114.241790419, 30.567586798], [114.243022528, 30.567109983], [114.243452664, 30.56775], [114.243333334, 30.56775], [114.243333334, 30.567666666], [114.243, 30.567666666], [114.243, 30.567833333], [114.242833333, 30.567833333], [114.242833333, 30.567916666], [114.24275, 30.567916666], [114.24275, 30.568], [114.242500001, 30.568], [114.242500001, 30.568083333], [114.242416667, 30.568083333], [114.242416667, 30.568166666], [114.242333334, 30.568166666], [114.242333334, 30.56825], [114.242166667, 30.56825], [114.242166667, 30.568333333], [114.242083334, 30.568333333], [114.242083334, 30.568416667], [114.242, 30.568416667], [114.242, 30.5685], [114.241833333, 30.5685], [114.241833333, 30.568583333], [114.241583333, 30.568583333], [114.241583333, 30.568666667], [114.241416666, 30.568666667], [114.241416666, 30.56875], [114.24125, 30.56875], [114.24125, 30.568916667], [114.241083334, 30.568916667], [114.241083334, 30.569083333], [114.241, 30.569083333], [114.241, 30.569], [114.240916667, 30.569], [114.240916667, 30.569166666], [114.240833334, 30.569166666], [114.240833334, 30.56925], [114.240666667, 30.56925], [114.240666667, 30.569416666], [114.240583334, 30.569416666], [114.240583334, 30.569583333], [114.2405, 30.569583333], [114.2405, 30.569833333], [114.240166667, 30.569833333], [114.240166667, 30.569916667], [114.239833334, 30.569916667], [114.239833334, 30.57], [114.239750001, 30.57], [114.239750001, 30.570083334], [114.239666667, 30.570083334], [114.239666667, 30.570166667], [114.2395, 30.570166667], [114.2395, 30.570333334], [114.239333334, 30.570333334], [114.239333334, 30.570666666], [114.239166667, 30.570666666], [114.239166667, 30.57075], [114.239083333, 30.57075], [114.239083333, 30.570833333], [114.238916667, 30.570833333], [114.238916667, 30.570916666], [114.23875, 30.570916666], [114.23875, 30.571], [114.238666666, 30.571], [114.238666666, 30.571083333], [114.238583333, 30.571083333], [114.238583333, 30.571166667], [114.238416667, 30.571166667], [114.238416667, 30.57125], [114.238250001, 30.57125], [114.238250001, 30.571333333], [114.238, 30.571333333], [114.238, 30.571416667], [114.237833334, 30.571416667], [114.237833334, 30.5715], [114.237666667, 30.5715], [114.237666667, 30.571416667], [114.237583333, 30.571416667], [114.237583333, 30.5715], [114.2375, 30.5715], [114.2375, 30.571666667], [114.237333333, 30.571666667], [114.237333333, 30.57175], [114.236916667, 30.57175], [114.236916667, 30.571833333], [114.236833334, 30.571833333], [114.236833334, 30.571666667], [114.23675, 30.571666667], [114.23675, 30.57175], [114.236583334, 30.57175], [114.236583334, 30.571833333], [114.236416667, 30.571833333], [114.236416667, 30.571916666], [114.236333333, 30.571916666], [114.236333333, 30.572], [114.236, 30.572], [114.236, 30.572083333], [114.235500001, 30.572083333], [114.235500001, 30.572166666], [114.235333334, 30.572166666], [114.235333334, 30.57225], [114.23525, 30.57225], [114.23525, 30.572333333], [114.23475, 30.572333333], [114.23475, 30.572416667], [114.234416666, 30.572416667], [114.234416666, 30.572333333], [114.234250001, 30.572333333], [114.234250001, 30.572416667], [114.233916667, 30.572416667], [114.233916667, 30.5725], [114.23375, 30.5725], [114.23375, 30.572583333], [114.232666667, 30.572583333], [114.232666667, 30.572666667], [114.232166667, 30.572666667], [114.232166667, 30.572833334], [114.231833333, 30.572833334], [114.231833333, 30.57275], [114.231666666, 30.57275], [114.231666666, 30.572833334], [114.231500001, 30.572833334], [114.231500001, 30.572916667], [114.231416667, 30.572916667], [114.231416667, 30.573], [114.23125, 30.573], [114.23125, 30.573083334], [114.230333333, 30.573083334], [114.230333333, 30.573], [114.230166667, 30.573], [114.230166667, 30.573083334], [114.230083334, 30.573083334], [114.230083334, 30.573166667], [114.229416667, 30.573166667], [114.229416667, 30.573083334], [114.229333333, 30.573083334], [114.229333333, 30.573], [114.227916667, 30.573], [114.227916667, 30.572916667], [114.227250001, 30.572916667], [114.227250001, 30.573], [114.227, 30.573], [114.227, 30.573083334], [114.226833334, 30.573083334], [114.226833334, 30.574083333], [114.226916667, 30.574083333], [114.226916667, 30.574583333], [114.227, 30.574583333], [114.227, 30.574666666], [114.2275, 30.574666666], [114.2275, 30.57475], [114.22825, 30.57475], [114.22825, 30.574833333], [114.228916666, 30.574833333], [114.228916666, 30.574916666], [114.2295, 30.574916666], [114.2295, 30.574833333], [114.229916667, 30.574833333], [114.229916667, 30.57475], [114.230333333, 30.57475], [114.230333333, 30.574666666], [114.230416667, 30.574666666], [114.230416667, 30.57475], [114.230583333, 30.57475], [114.230583333, 30.574833333], [114.230666667, 30.574833333], [114.230666667, 30.57475], [114.231083334, 30.57475], [114.231083334, 30.574833333], [114.231166667, 30.574833333], [114.231166667, 30.574916666], [114.231583334, 30.574916666], [114.231583334, 30.574833333], [114.23175, 30.574833333], [114.23175, 30.57475], [114.231833333, 30.57475], [114.231833333, 30.574833333], [114.232166667, 30.574833333], [114.232166667, 30.57475], [114.232333334, 30.57475], [114.232333334, 30.574666666], [114.232833334, 30.574666666], [114.232833334, 30.574583333], [114.232750001, 30.574583333], [114.232750001, 30.574416667], [114.232833334, 30.574416667], [114.232833334, 30.5745], [114.233166667, 30.5745], [114.233166667, 30.574666666], [114.233083333, 30.574666666], [114.233083333, 30.57475], [114.233916667, 30.57475], [114.233916667, 30.574666666], [114.23375, 30.574666666], [114.23375, 30.574583333], [114.233833334, 30.574583333], [114.233833334, 30.5745], [114.23375, 30.5745], [114.23375, 30.574416667], [114.234, 30.574416667], [114.234, 30.574333334], [114.234083334, 30.574333334], [114.234083334, 30.574416667], [114.234166667, 30.574416667], [114.234166667, 30.5745], [114.234250001, 30.5745], [114.234250001, 30.574583333], [114.234083334, 30.574583333], [114.234083334, 30.57475], [114.234416666, 30.57475], [114.234416666, 30.574666666], [114.234583333, 30.574666666], [114.234583333, 30.574583333], [114.234666667, 30.574583333], [114.234666667, 30.574666666], [114.23475, 30.574666666], [114.23475, 30.574583333], [114.235083334, 30.574583333], [114.235083334, 30.574666666], [114.23525, 30.574666666], [114.23525, 30.574583333], [114.235583334, 30.574583333], [114.235583334, 30.574416667], [114.235666667, 30.574416667], [114.235666667, 30.574166667], [114.23575, 30.574166667], [114.23575, 30.57425], [114.235833333, 30.57425]]]}, "properties": {"id": 5058, "land_type": "公园与绿地用地"}}, {"type": "Feature", "geometry": {"type": "Polygon", "coordinates": [[[114.232016586, 30.572217804], [114.231546855, 30.572261529], [114.231529095, 30.572093736], [114.231529087, 30.572093683], [114.231529085, 30.572093629], [114.231503778, 30.571859345], [114.232267325, 30.571737029], [114.232267923, 30.571736907], [114.23226853, 30.571736826], [114.232271138, 30.57173625], [114.232273757, 30.571735715], [114.232274338, 30.571735542], [114.232274934, 30.571735411], [114.232277464, 30.571734618], [114.23228001, 30.571733863], [114.232280568, 30.571733643], [114.232281146, 30.571733462], [114.232283574, 30.571732459], [114.232286021, 30.571731493], [114.232286552, 30.571731227], [114.232287106, 30.571730998], [114.232302107, 30.571723998], [114.232307345, 30.571721281], [114.232312277, 30.571718165], [114.23231686, 30.571714679], [114.232321057, 30.571710848], [114.232330057, 30.571701849], [114.232333863, 30.571697669], [114.23233721, 30.571693208], [114.232340068, 30.571688501], [114.232342415, 30.571683589], [114.232347416, 30.571671589], [114.232349277, 30.571666359], [114.232350558, 30.571661], [114.232351247, 30.571655562], [114.232352247, 30.57164156], [114.232352324, 30.571635773], [114.232351731, 30.571630008], [114.232302574, 30.571325747], [114.233260502, 30.571170001], [114.233262533, 30.571169581], [114.233264579, 30.571169225], [114.233265746, 30.571168916], [114.233266931, 30.571168671], [114.233268904, 30.571168082], [114.233270901, 30.571167555], [114.233272026, 30.57116715], [114.233273177, 30.571166805], [114.233275074, 30.571166053], [114.233277002, 30.571165359], [114.233278074, 30.571164862], [114.233279181, 30.571164422], [114.233280984, 30.571163512], [114.233282821, 30.57116266], [114.233283834, 30.571162074], [114.233284886, 30.571161543], [114.233286575, 30.571160486], [114.233288308, 30.571159482], [114.233302308, 30.571150483], [114.2333076, 30.571146704], [114.233312418, 30.57114248], [114.233316709, 30.571137855], [114.233320432, 30.571132878], [114.233330432, 30.571117877], [114.233333265, 30.571113137], [114.23333558, 30.571108193], [114.233337357, 30.571103086], [114.233338584, 30.571097861], [114.233339247, 30.571092561], [114.233340247, 30.57107856], [114.233340257, 30.571071582], [114.233339294, 30.571064653], [114.233335294, 30.571045653], [114.23333519, 30.571045174], [114.233071095, 30.569848131], [114.234033171, 30.569643313], [114.234039504, 30.569641677], [114.234045621, 30.569639515], [114.234051462, 30.569636846], [114.23405697, 30.569633698], [114.234062093, 30.5696301], [114.234066783, 30.569626087], [114.234070992, 30.569621697], [114.234074683, 30.569616973], [114.234077817, 30.569611961], [114.234080365, 30.569606709], [114.234082304, 30.569601266], [114.234083613, 30.569595686], [114.234084282, 30.569590022], [114.234084302, 30.56958433], [114.234083674, 30.569578662], [114.234082404, 30.569573075], [114.234080504, 30.569567623], [114.234077992, 30.569562357], [114.234074893, 30.569557328], [114.234071237, 30.569552585], [114.234067058, 30.569548174], [114.234062397, 30.569544136], [114.234057298, 30.569540511], [114.234051812, 30.569537334], [114.23404599, 30.569534636], [114.23403989, 30.569532441], [114.234033569, 30.569530772], [114.234027088, 30.569529644], [114.234020511, 30.569529069], [114.234013899, 30.569529052], [114.234007318, 30.569529592], [114.234000829, 30.569530686], [114.233038738, 30.569735506], [114.232941419, 30.569462007], [114.232938862, 30.56945602], [114.232935558, 30.569450311], [114.232859558, 30.569335311], [114.232856065, 30.569330574], [114.232852057, 30.569326149], [114.232716057, 30.56919015], [114.232711709, 30.569186193], [114.232612708, 30.569104194], [114.23260654, 30.569099667], [114.23253254, 30.569051667], [114.23253052, 30.569050406], [114.23238052, 30.568960406], [114.232375361, 30.568957601], [114.232159361, 30.568851602], [114.232153579, 30.568849073], [114.232147541, 30.568847036], [114.231999542, 30.568804035], [114.231993244, 30.568802495], [114.231893244, 30.568782495], [114.231886815, 30.568781489], [114.231754816, 30.568766489], [114.231746346, 30.568765991], [114.231520346, 30.568764991], [114.231512476, 30.568765353], [114.231419475, 30.568774353], [114.231417223, 30.568774603], [114.231125049, 30.5688115], [114.230599878, 30.568866412], [114.230596372, 30.56886686], [114.230364372, 30.568901861], [114.230356463, 30.568903483], [114.23034884, 30.568905913], [114.230319839, 30.568916913], [114.230314326, 30.568919269], [114.230309084, 30.568922048], [114.230305002, 30.568924441], [114.23009253, 30.568468402], [114.230092153, 30.568467695], [114.230091836, 30.568466968], [114.229753044, 30.567792675], [114.231910029, 30.567003766], [114.232263671, 30.567474497], [114.232338544, 30.567583852], [114.232547145, 30.567906234], [114.232550562, 30.567910965], [114.23255449, 30.567915391], [114.232558893, 30.567919473], [114.232577893, 30.567935473], [114.232584691, 30.567940482], [114.232598691, 30.567949483], [114.232603746, 30.567952435], [114.232609089, 30.56795498], [114.232614679, 30.567957099], [114.232632679, 30.567963098], [114.232639232, 30.567964956], [114.232645972, 30.567966228], [114.232659972, 30.567968228], [114.232665917, 30.567968845], [114.232671902, 30.567969005], [114.232677879, 30.567968706], [114.232683803, 30.567967953], [114.232695804, 30.567965953], [114.232696918, 30.567965759], [114.232718918, 30.567961759], [114.23272622, 30.567960059], [114.232747221, 30.567954057], [114.232747733, 30.567953887], [114.232748261, 30.567953753], [114.232750814, 30.56795286], [114.232753386, 30.567952002], [114.232753877, 30.567951788], [114.232754387, 30.56795161], [114.232839386, 30.567917611], [114.232841011, 30.567916937], [114.233892596, 30.567466446], [114.234399958, 30.567266905], [114.234435796, 30.567319743], [114.234485561, 30.567404467], [114.234882859, 30.568097224], [114.235164601, 30.56867089], [114.235379278, 30.569142181], [114.235379329, 30.569142291], [114.235626329, 30.569681291], [114.235626375, 30.569681392], [114.235767318, 30.56998727], [114.236063262, 30.570638147], [114.236063706, 30.570639096], [114.236235447, 30.57099805], [114.235658086, 30.571164978], [114.235501839, 30.570817078], [114.23550081, 30.570815084], [114.235499835, 30.570813071], [114.235499468, 30.570812484], [114.235499154, 30.570811876], [114.235497903, 30.570809978], [114.235496703, 30.570808056], [114.235482704, 30.570788056], [114.235478974, 30.57078328], [114.235474711, 30.570778845], [114.235457711, 30.570762844], [114.235453126, 30.570758925], [114.235448126, 30.570755402], [114.235442758, 30.570752306], [114.23543707, 30.570749668], [114.235420069, 30.570742668], [114.235415322, 30.570740903], [114.235397322, 30.570734903], [114.235391992, 30.570733344], [114.235386529, 30.570732173], [114.235369529, 30.570729173], [114.235365681, 30.570728593], [114.235349682, 30.570726593], [114.235341901, 30.570726014], [114.235334095, 30.570726214], [114.235202095, 30.570736215], [114.235198445, 30.570736578], [114.235030441, 30.570757301], [114.234888028, 30.570304828], [114.234887495, 30.570303224], [114.234847496, 30.570189223], [114.234847485, 30.570189196], [114.23484728, 30.570188699], [114.234847124, 30.570188202], [114.234789523, 30.570034354], [114.235330444, 30.569901794], [114.235333617, 30.569900942], [114.235357617, 30.569893942], [114.235363203, 30.56989207], [114.235368574, 30.569889779], [114.235373686, 30.569887085], [114.2353785, 30.569884011], [114.2353885, 30.569877012], [114.235393533, 30.569873111], [114.235400533, 30.569867111], [114.235405298, 30.569862572], [114.235409482, 30.569857625], [114.235413037, 30.569852326], [114.235415923, 30.569846734], [114.235419923, 30.569837734], [114.235421892, 30.569832602], [114.235423297, 30.569827334], [114.235424126, 30.569821976], [114.235425126, 30.569811977], [114.235425374, 30.569807], [114.235425126, 30.569802023], [114.235424126, 30.569792023], [114.235422865, 30.569784792], [114.235417866, 30.569764792], [114.235416693, 30.5697608], [114.235315693, 30.5694618], [114.235314908, 30.569459634], [114.235245909, 30.569281635], [114.235244022, 30.569277342], [114.235176023, 30.569139343], [114.235175124, 30.5691376], [114.235147125, 30.5690856], [114.235144255, 30.569080857], [114.235140889, 30.569076359], [114.235137057, 30.569072149], [114.23513019, 30.569065283], [114.235122253, 30.569056465], [114.235117066, 30.56905135], [114.235111219, 30.569046793], [114.23509822, 30.569037793], [114.235092768, 30.569034389], [114.235086947, 30.569031472], [114.235080819, 30.569029069], [114.235074442, 30.569027205], [114.235067881, 30.569025899], [114.235061202, 30.569025163], [114.235046202, 30.569024163], [114.235041, 30.56902399], [114.235023, 30.56902399], [114.235016838, 30.569024233], [114.235010729, 30.56902496], [114.235004722, 30.569026165], [114.23456036, 30.569134011], [114.234463003, 30.569155867], [114.23445719, 30.569157416], [114.234451563, 30.569159411], [114.234446168, 30.569161835], [114.234422169, 30.569173835], [114.234417198, 30.569176577], [114.234412526, 30.569179683], [114.234401525, 30.569187684], [114.234396227, 30.56919198], [114.234391497, 30.569196744], [114.234383498, 30.569205743], [114.234379479, 30.569210798], [114.2343761, 30.569216189], [114.2343734, 30.569221858], [114.234371411, 30.569227738], [114.234368411, 30.569238739], [114.234367175, 30.569244612], [114.234366647, 30.569250562], [114.234366832, 30.569256527], [114.234367832, 30.569267527], [114.234368484, 30.569272223], [114.234369577, 30.569276859], [114.234373577, 30.569290858], [114.234374109, 30.569292601], [114.234386108, 30.569329602], [114.234386864, 30.569331763], [114.234533139, 30.569723293], [114.234179656, 30.569819698], [114.234175679, 30.569820903], [114.234157678, 30.569826902], [114.234152509, 30.569828844], [114.234147544, 30.56983115], [114.234142823, 30.569833807], [114.234129823, 30.569841807], [114.234124676, 30.569845313], [114.234119949, 30.569849233], [114.234115688, 30.569853531], [114.234111933, 30.569858166], [114.234108719, 30.569863092], [114.234106078, 30.569868265], [114.234102077, 30.569877266], [114.234100704, 30.569880667], [114.234096704, 30.569891667], [114.234095768, 30.569894491], [114.234092768, 30.569904491], [114.234091452, 30.569909948], [114.23409075, 30.569915489], [114.234090669, 30.569921063], [114.23409121, 30.569926617], [114.234093209, 30.569939618], [114.234094058, 30.569943896], [114.234095276, 30.569948107], [114.234169867, 30.570170312], [114.233722983, 30.570246084], [114.233720759, 30.570246495], [114.233690757, 30.570252494], [114.233685654, 30.570253699], [114.233663654, 30.570259699], [114.233657827, 30.570261547], [114.233652222, 30.570263849], [114.233646887, 30.570266586], [114.233641867, 30.570269733], [114.233637205, 30.570273266], [114.233632941, 30.570277153], [114.233624941, 30.570285153], [114.233621766, 30.570288584], [114.233618899, 30.570292212], [114.233610899, 30.570303211], [114.233608012, 30.570307592], [114.233605577, 30.570312173], [114.233603614, 30.570316918], [114.233602134, 30.570321792], [114.233599135, 30.570333792], [114.233598117, 30.570339004], [114.233597656, 30.570344276], [114.233597754, 30.57034956], [114.233598754, 30.570363562], [114.233600015, 30.570371718], [114.233663016, 30.570634717], [114.233663198, 30.570635457], [114.233758089, 30.571007031], [114.233826988, 30.571297604], [114.233829298, 30.571304887], [114.233839298, 30.571329888], [114.233841282, 30.571334265], [114.233843671, 30.571338489], [114.233848671, 30.571346489], [114.233852481, 30.571351864], [114.233856946, 30.571356852], [114.233863947, 30.571363851], [114.233868388, 30.571367884], [114.233873257, 30.571371532], [114.233878508, 30.571374762], [114.233884094, 30.571377544], [114.233893094, 30.571381545], [114.233899036, 30.571383879], [114.233905214, 30.571385708], [114.233917214, 30.571388708], [114.233923383, 30.571389982], [114.233929663, 30.571390751], [114.233936, 30.571391008], [114.23395, 30.571391008], [114.233958624, 30.571390532], [114.234003623, 30.571385531], [114.234011781, 30.571384181], [114.23443169, 30.571291201], [114.234728598, 30.57122622], [114.234733923, 30.571224851], [114.234760922, 30.571216853], [114.234767011, 30.571214758], [114.234772834, 30.571212164], [114.234786835, 30.571205163], [114.234793648, 30.571201263], [114.23479986, 30.571196679], [114.23480586, 30.571191679], [114.234810424, 30.571187478], [114.234814483, 30.57118291], [114.234818483, 30.57117791], [114.234822276, 30.571172574], [114.23482538, 30.571166915], [114.234827759, 30.571161002], [114.23482976, 30.571155003], [114.234831397, 30.571148845], [114.234832396, 30.571143844], [114.23483287, 30.571141081], [114.234833869, 30.571134081], [114.234834374, 30.571127], [114.234834374, 30.571119], [114.234833926, 30.571112325], [114.234832589, 30.57110574], [114.234811589, 30.571028739], [114.234811264, 30.571027595], [114.234776447, 30.570910666], [114.234991404, 30.570879317], [114.235215736, 30.570851648], [114.235338088, 30.570842378], [114.235344386, 30.570843165], [114.235353942, 30.570844852], [114.235364266, 30.570848293], [114.235367124, 30.57084947], [114.23537076, 30.570852892], [114.235378273, 30.570863624], [114.235530219, 30.571201947], [114.232016586, 30.572217804]]]}, "properties": {"id": 5071, "land_type": "居住用地"}}, {"type": "Feature", "geometry": {"type": "Polygon", "coordinates": [[[114.207017618, 30.554425131], [114.207574031, 30.555518548], [114.207507807, 30.555461119], [114.207448024, 30.555409306], [114.207233253, 30.555219509], [114.207232497, 30.555218852], [114.207107498, 30.555111853], [114.207101605, 30.555107365], [114.206818001, 30.554915633], [114.206676394, 30.554816907], [114.206669432, 30.554812652], [114.206613756, 30.554783007], [114.206548273, 30.554603604], [114.206547571, 30.554601784], [114.206472571, 30.554417784], [114.206470624, 30.554413548], [114.206431625, 30.554337549], [114.206429121, 30.554333176], [114.206426199, 30.554328999], [114.206383504, 30.554273396], [114.206363801, 30.554246799], [114.206358053, 30.55424014], [114.206327053, 30.55420914], [114.206326397, 30.554208495], [114.206258397, 30.554142493], [114.206254535, 30.554139044], [114.206086561, 30.554000883], [114.20615139, 30.55396637], [114.20636224, 30.55385445], [114.206636962, 30.553709899], [114.207017618, 30.554425131]]]}, "properties": {"id": 5116, "land_type": "工业用地"}}, {"type": "Feature", "geometry": {"type": "Polygon", "coordinates": [[[114.239401324, 30.539116426], [114.239403229, 30.53911664], [114.239418237, 30.539118141], [114.239436951, 30.539122508], [114.239451984, 30.539128951], [114.239454357, 30.539129919], [114.239531419, 30.53915978], [114.239585621, 30.539186405], [114.239586402, 30.539186784], [114.239599681, 30.539193106], [114.239621719, 30.539211344], [114.239639655, 30.539226941], [114.239659599, 30.53925247], [114.239688972, 30.539297447], [114.239781853, 30.539470364], [114.239782431, 30.539471411], [114.239851431, 30.539593412], [114.239853573, 30.539596895], [114.239933573, 30.539716895], [114.23993621, 30.539720531], [114.240105208, 30.539935531], [114.24010842, 30.539939283], [114.240228421, 30.540068282], [114.240231641, 30.540071495], [114.24032764, 30.540160494], [114.240328985, 30.540161705], [114.240389918, 30.540215021], [114.240416279, 30.540245019], [114.240416503, 30.540245274], [114.240446868, 30.540279433], [114.240460986, 30.540298257], [114.240473645, 30.540321341], [114.240483828, 30.540352741], [114.240492381, 30.540382676], [114.240495746, 30.540413795], [114.24049865, 30.540479622], [114.240500613, 30.540573896], [114.240487642, 30.541093775], [114.240478664, 30.541463877], [114.240453073, 30.541885275], [114.23903094, 30.5415548], [114.239067808, 30.541472998], [114.239070488, 30.541465635], [114.239102488, 30.541351636], [114.239102723, 30.541350573], [114.239103031, 30.541349526], [114.239111031, 30.541315526], [114.239111564, 30.541312977], [114.239127564, 30.541224977], [114.239127987, 30.541222211], [114.239139987, 30.541126211], [114.239140338, 30.541121906], [114.239145218, 30.540994033], [114.239167397, 30.540859027], [114.23921294, 30.540671905], [114.239213648, 30.540668492], [114.239258648, 30.540406491], [114.23925909, 30.540403317], [114.23932009, 30.539832316], [114.239320231, 30.539830788], [114.239369229, 30.539185813], [114.239371021, 30.539162501], [114.239374888, 30.539141623], [114.239378992, 30.539129309], [114.239383889, 30.539120983], [114.239386143, 30.53911823], [114.239396803, 30.539115861], [114.239401324, 30.539116426]]]}, "properties": {"id": 5079, "land_type": "居住用地"}}, {"type": "Feature", "geometry": {"type": "Polygon", "coordinates": [[[114.221332359, 30.553052991], [114.221577419, 30.553133705], [114.221623197, 30.553155679], [114.221624568, 30.553156318], [114.22190759, 30.553284874], [114.2226294, 30.553639289], [114.223189171, 30.553919175], [114.223190098, 30.55391963], [114.223582814, 30.554108891], [114.223763369, 30.554554069], [114.223782435, 30.554601417], [114.223863435, 30.554807332], [114.223334512, 30.554882738], [114.222090914, 30.555046137], [114.222081573, 30.555047558], [114.221426373, 30.555160959], [114.221422581, 30.555161647], [114.221278329, 30.555189103], [114.220838669, 30.555206223], [114.220818155, 30.555207928], [114.2207013, 30.555222848], [114.220451623, 30.554433411], [114.219999158, 30.55299126], [114.219994986, 30.552976523], [114.22000924, 30.552974655], [114.220008748, 30.552978511], [114.220008675, 30.552984204], [114.22000925, 30.552989876], [114.220010468, 30.552995472], [114.220012317, 30.553000939], [114.220014779, 30.553006223], [114.220017831, 30.553011275], [114.220021443, 30.553016043], [114.22002558, 30.553020484], [114.220030204, 30.553024555], [114.220035268, 30.553028215], [114.220040724, 30.553031431], [114.22004652, 30.553034171], [114.2200526, 30.553036407], [114.220058905, 30.553038121], [114.220065376, 30.553039293], [114.220071948, 30.553039915], [114.220078559, 30.553039978], [114.220085146, 30.553039483], [114.22042194, 30.552999743], [114.220633432, 30.552986955], [114.220777723, 30.552983002], [114.220894681, 30.552981052], [114.221007642, 30.552986748], [114.221150993, 30.553006685], [114.221332359, 30.553052991]]]}, "properties": {"id": 5080, "land_type": "居住用地"}}, {"type": "Feature", "geometry": {"type": "Polygon", "coordinates": [[[114.221972396, 30.557107177], [114.221975026, 30.55710941], [114.222098562, 30.557208713], [114.221465638, 30.557300281], [114.220869048, 30.555708678], [114.22104826, 30.555660011], [114.222015024, 30.555481571], [114.223218539, 30.555313458], [114.223949711, 30.555212645], [114.223953252, 30.555227053], [114.223959242, 30.555243337], [114.223967056, 30.555259037], [114.223976619, 30.555274001], [114.22398784, 30.555288086], [114.224000611, 30.555301157], [114.224014806, 30.555313085], [114.224030292, 30.555323759], [114.224046918, 30.555333073], [114.224064524, 30.555340941], [114.224082941, 30.555347285], [114.224084013, 30.555347553], [114.224140369, 30.555486065], [114.224205305, 30.555647909], [114.224344289, 30.55599587], [114.224344531, 30.555996465], [114.224358319, 30.5560298], [114.224444618, 30.556291202], [114.224447961, 30.556307678], [114.224451626, 30.556362664], [114.224451626, 30.556507], [114.224451678, 30.556509269], [114.224454678, 30.556575269], [114.22445516, 30.556580292], [114.224456148, 30.55658526], [114.224457632, 30.556590135], [114.224471632, 30.556629135], [114.224473494, 30.556633652], [114.224475784, 30.556638021], [114.224478482, 30.556642212], [114.224529482, 30.556714212], [114.224533377, 30.556719125], [114.224586377, 30.556779124], [114.224588515, 30.556781422], [114.224646079, 30.55684015], [114.222265913, 30.557184501], [114.222068325, 30.557025675], [114.222001604, 30.556965822], [114.221997075, 30.55696212], [114.221992166, 30.556958793], [114.22198692, 30.556955872], [114.221981384, 30.556953383], [114.221971384, 30.556949383], [114.221961385, 30.556945383], [114.221953748, 30.556942802], [114.221945803, 30.55694104], [114.221933803, 30.55693904], [114.221927431, 30.556938247], [114.221921, 30.556937983], [114.221906, 30.556937983], [114.22189907, 30.55693829], [114.221892214, 30.55693921], [114.22185848, 30.556945283], [114.221812111, 30.556860572], [114.221605277, 30.556470882], [114.221602237, 30.556465826], [114.221598636, 30.556461052], [114.221594508, 30.556456604], [114.221589894, 30.556452525], [114.221584839, 30.556448856], [114.22157939, 30.556445632], [114.2215736, 30.556442882], [114.221567525, 30.556440634], [114.221561224, 30.556438911], [114.221554757, 30.556437727], [114.221548186, 30.556437095], [114.221541575, 30.55643702], [114.221534986, 30.556437505], [114.221528486, 30.556438542], [114.221522134, 30.556440123], [114.221515993, 30.556442233], [114.221510122, 30.556444851], [114.221504576, 30.556447952], [114.221499412, 30.556451506], [114.221494676, 30.55645548], [114.221490415, 30.556459833], [114.22148667, 30.556464525], [114.221483477, 30.556469511], [114.221480868, 30.556474742], [114.221478865, 30.556480169], [114.221477491, 30.556485737], [114.221476757, 30.556491396], [114.221476671, 30.556497089], [114.221477232, 30.556502761], [114.221478438, 30.55650836], [114.221480274, 30.55651383], [114.221482724, 30.556519118], [114.221689724, 30.556909117], [114.221690057, 30.556909737], [114.221742058, 30.557004737], [114.221745901, 30.557010794], [114.2217539, 30.557021793], [114.221757683, 30.557026467], [114.22176198, 30.557030801], [114.221766751, 30.557034749], [114.221774752, 30.557040749], [114.221781745, 30.55704534], [114.221788744, 30.557049341], [114.221795981, 30.557052941], [114.221802981, 30.55705594], [114.221808307, 30.55705798], [114.221813818, 30.557059616], [114.221819473, 30.557060836], [114.221825229, 30.55706163], [114.221835228, 30.55706263], [114.221843001, 30.557063017], [114.221856, 30.557063017], [114.22186293, 30.55706271], [114.221869786, 30.55706179], [114.221912966, 30.557054017], [114.221913115, 30.557054017], [114.221913151, 30.557054031], [114.221972396, 30.557107177]]]}, "properties": {"id": 5081, "land_type": "教育用地"}}, {"type": "Feature", "geometry": {"type": "Polygon", "coordinates": [[[114.227007825, 30.553699699], [114.227266563, 30.553977195], [114.227308436, 30.554049286], [114.22743603, 30.554343718], [114.22744265, 30.554371771], [114.227213145, 30.554400669], [114.227199887, 30.554366576], [114.227196852, 30.554360097], [114.227192936, 30.554353981], [114.227156935, 30.554304979], [114.227153421, 30.554300645], [114.227149461, 30.554296604], [114.227091461, 30.554242604], [114.227087201, 30.554238976], [114.226589202, 30.553850976], [114.226586832, 30.553849214], [114.226445832, 30.553749214], [114.226443635, 30.553747721], [114.226405692, 30.553723015], [114.226374749, 30.553693581], [114.226357503, 30.553665087], [114.226343614, 30.553634042], [114.226312691, 30.553517117], [114.22631026, 30.553510038], [114.22629026, 30.553463037], [114.226287079, 30.553456742], [114.226283058, 30.553450816], [114.226235057, 30.553388815], [114.226231071, 30.553384182], [114.226148485, 30.553297563], [114.226332235, 30.553153166], [114.227007825, 30.553699699]]]}, "properties": {"id": 5082, "land_type": "居住用地"}}, {"type": "Feature", "geometry": {"type": "Polygon", "coordinates": [[[114.226124802, 30.553455587], [114.226166498, 30.553509442], [114.226182263, 30.55354649], [114.226213308, 30.553663883], [114.226216131, 30.553671857], [114.226233131, 30.553709857], [114.226236255, 30.553715817], [114.226259255, 30.553753817], [114.226262117, 30.553758093], [114.226265391, 30.553762143], [114.226269054, 30.553765939], [114.226310054, 30.553804939], [114.22631451, 30.553808797], [114.226319365, 30.553812279], [114.226361249, 30.553839551], [114.226499961, 30.553937928], [114.226994576, 30.55432329], [114.227046357, 30.554371501], [114.227074704, 30.554410084], [114.227077675, 30.554417726], [114.225808145, 30.554577577], [114.225645905, 30.553692505], [114.226048814, 30.553375887], [114.226124802, 30.553455587]]]}, "properties": {"id": 5083, "land_type": "交通枢纽用地"}}, {"type": "Feature", "geometry": {"type": "Polygon", "coordinates": [[[114.225674807, 30.554594367], [114.225467303, 30.554620495], [114.22447875, 30.55473243], [114.224474613, 30.554732936], [114.224262046, 30.554760865], [114.22400071, 30.5547893], [114.223909904, 30.554563794], [114.223676805, 30.553971214], [114.225517556, 30.55373651], [114.225674807, 30.554594367]]]}, "properties": {"id": 5084, "land_type": "居住用地"}}, {"type": "Feature", "geometry": {"type": "Polygon", "coordinates": [[[114.223545352, 30.552524978], [114.223545936, 30.552525913], [114.223607189, 30.552622033], [114.223636534, 30.55271274], [114.223652739, 30.552852865], [114.223655458, 30.552921722], [114.223644989, 30.552982792], [114.223617872, 30.553065079], [114.223582599, 30.553148017], [114.223543635, 30.553222048], [114.223542799, 30.553223706], [114.223510057, 30.553291448], [114.2233366, 30.552538537], [114.223537571, 30.552512219], [114.223545352, 30.552524978]]]}, "properties": {"id": 5123, "land_type": "居住用地"}}, {"type": "Feature", "geometry": {"type": "Polygon", "coordinates": [[[114.231262417, 30.554752862], [114.231262979, 30.554755568], [114.231305979, 30.554937567], [114.231306464, 30.554939458], [114.231324438, 30.555004361], [114.231492411, 30.555620265], [114.231492728, 30.555621376], [114.231522728, 30.555722377], [114.231523847, 30.555725723], [114.231542201, 30.555774987], [114.231553972, 30.555815084], [114.229977193, 30.555963225], [114.229974906, 30.555963474], [114.228787562, 30.556110584], [114.228779344, 30.555962411], [114.229436752, 30.555862128], [114.229443122, 30.555860879], [114.229449321, 30.555859106], [114.229488321, 30.555846106], [114.229493182, 30.555844294], [114.229522182, 30.555832293], [114.229527513, 30.555829827], [114.229532567, 30.555826959], [114.229537301, 30.555823711], [114.229541678, 30.555820111], [114.229551678, 30.555811112], [114.229555897, 30.555806933], [114.229559635, 30.555802426], [114.229562856, 30.555797632], [114.229568741, 30.555787826], [114.229579622, 30.555770018], [114.229581408, 30.555766633], [114.22958707, 30.555765055], [114.22959313, 30.555762779], [114.229598902, 30.555760002], [114.22960433, 30.555756751], [114.229609363, 30.555753059], [114.22961395, 30.555748959], [114.22961805, 30.555744492], [114.229621621, 30.5557397], [114.229624629, 30.555734629], [114.229627045, 30.555729329], [114.229628847, 30.555723851], [114.229630016, 30.555718248], [114.229630543, 30.555712572], [114.22963042, 30.555706879], [114.22962965, 30.555701224], [114.22962824, 30.555695662], [114.229626204, 30.555690245], [114.229623561, 30.555685026], [114.229620337, 30.555680055], [114.229616561, 30.555675381], [114.229612273, 30.555671048], [114.229607512, 30.555667097], [114.229602324, 30.555663567], [114.22959676, 30.555660492], [114.229593798, 30.55565919], [114.22959337, 30.555625368], [114.229592939, 30.55561941], [114.229561881, 30.55538549], [114.2295663, 30.5553829], [114.229571375, 30.555379251], [114.229576009, 30.555375191], [114.229580159, 30.555370758], [114.229583784, 30.555365997], [114.229586851, 30.555360952], [114.229589329, 30.555355673], [114.229591194, 30.555350211], [114.229592427, 30.555344617], [114.229593019, 30.555338947], [114.229592962, 30.555333253], [114.229592257, 30.555327592], [114.229490257, 30.554768692], [114.229488864, 30.554762963], [114.229486808, 30.554757384], [114.22948411, 30.554752012], [114.229480796, 30.554746901], [114.229476902, 30.554742103], [114.229472466, 30.554737667], [114.229467534, 30.55473364], [114.229462156, 30.554730061], [114.229456387, 30.554726966], [114.229450283, 30.554724388], [114.22944391, 30.554722353], [114.229437332, 30.554720881], [114.229430614, 30.554719988], [114.229423826, 30.554719681], [114.229417037, 30.554719966], [114.229410315, 30.554720837], [114.228708755, 30.554843298], [114.228692478, 30.554776714], [114.228704956, 30.554761562], [114.228708025, 30.554757485], [114.228710688, 30.554753199], [114.228712923, 30.554748737], [114.228720923, 30.554730737], [114.228723589, 30.554723265], [114.228727978, 30.554707174], [114.228776731, 30.554655649], [114.2287805, 30.554651258], [114.228783774, 30.554646582], [114.228786523, 30.55464166], [114.228788722, 30.55463654], [114.228790352, 30.554631261], [114.2287914, 30.554625877], [114.228791854, 30.55462043], [114.228791831, 30.554619549], [114.230917861, 30.554353547], [114.230946651, 30.554348074], [114.230983819, 30.554338512], [114.231211117, 30.55430382], [114.231226725, 30.554552136], [114.231227418, 30.554557863], [114.231262417, 30.554752862]]]}, "properties": {"id": 5085, "land_type": "居住用地"}}, {"type": "Feature", "geometry": {"type": "Polygon", "coordinates": [[[114.229281072, 30.554930019], [114.229309984, 30.554932187], [114.229312917, 30.55493305], [114.229315733, 30.554937839], [114.229369498, 30.555110653], [114.229412444, 30.555281456], [114.229431047, 30.555421581], [114.228670943, 30.555543194], [114.228523726, 30.555459899], [114.228456977, 30.555314379], [114.228475474, 30.555143427], [114.228513672, 30.55509173], [114.2285191, 30.555087311], [114.228604876, 30.555018519], [114.229251322, 30.554930019], [114.229281072, 30.554930019]]]}, "properties": {"id": 5086, "land_type": "居住用地"}}, {"type": "Feature", "geometry": {"type": "Polygon", "coordinates": [[[114.228622788, 30.556074721], [114.228634931, 30.556130328], [114.227958826, 30.556221228], [114.227675831, 30.554768336], [114.2277263, 30.554752865], [114.228318767, 30.554678738], [114.228325136, 30.554704211], [114.228327093, 30.554710368], [114.228329823, 30.554716303], [114.228344823, 30.554744304], [114.228347571, 30.554748886], [114.22836157, 30.554769887], [114.228365311, 30.554774885], [114.228369626, 30.554779528], [114.228374472, 30.554783767], [114.228393471, 30.554798766], [114.228398411, 30.554802308], [114.228418411, 30.554815308], [114.228424628, 30.5548189], [114.228431269, 30.554821875], [114.22844927, 30.554828877], [114.228449524, 30.554828975], [114.228462525, 30.554833975], [114.228468469, 30.554835976], [114.228474605, 30.554837484], [114.22848088, 30.554838484], [114.228495258, 30.554840176], [114.228506267, 30.55484224], [114.228512374, 30.554891092], [114.228510712, 30.554911577], [114.228491396, 30.554920234], [114.228485312, 30.55492332], [114.228479636, 30.554926938], [114.228474431, 30.554931047], [114.228469754, 30.554935603], [114.228465656, 30.554940555], [114.228408961, 30.555017291], [114.228383721, 30.555037835], [114.228378653, 30.555042437], [114.228374199, 30.555047487], [114.2283522, 30.555075487], [114.22834938, 30.555079401], [114.228324381, 30.555117402], [114.228322089, 30.555121204], [114.228320131, 30.555125143], [114.22830313, 30.555163143], [114.228300474, 30.555170503], [114.228290476, 30.555206503], [114.228289604, 30.555210152], [114.228279604, 30.555260153], [114.228278653, 30.555268389], [114.228277652, 30.555299388], [114.22827782, 30.555305396], [114.228280821, 30.555339396], [114.228281567, 30.555344659], [114.228291567, 30.55539566], [114.228292336, 30.555398986], [114.228304336, 30.555443984], [114.228305943, 30.555448978], [114.228308061, 30.555453828], [114.228310674, 30.555458496], [114.228360672, 30.555538497], [114.228363376, 30.555542438], [114.22836643, 30.555546186], [114.22839743, 30.555581185], [114.228401197, 30.555585072], [114.228405341, 30.555588662], [114.228526459, 30.555684788], [114.228531083, 30.555690254], [114.228534608, 30.555695736], [114.228538538, 30.555706872], [114.228543545, 30.555721058], [114.228560365, 30.555794858], [114.228056299, 30.555861351], [114.22804982, 30.555862489], [114.228043502, 30.555864167], [114.228037406, 30.555866371], [114.228031589, 30.555869078], [114.228026109, 30.555872265], [114.228021018, 30.555875897], [114.228016365, 30.555879942], [114.228012196, 30.555884361], [114.228008548, 30.55588911], [114.228005459, 30.555894143], [114.228002958, 30.555899413], [114.228001068, 30.555904871], [114.227999809, 30.555910459], [114.227999193, 30.555916128], [114.227999224, 30.555921822], [114.227999903, 30.555927486], [114.228001223, 30.555933063], [114.228003173, 30.555938504], [114.228005732, 30.555943755], [114.228008876, 30.555948763], [114.228012575, 30.555953482], [114.228016794, 30.555957866], [114.228021491, 30.555961873], [114.228026623, 30.555965464], [114.228032137, 30.555968605], [114.228037983, 30.555971265], [114.228044104, 30.555973419], [114.228050439, 30.555975046], [114.22805693, 30.55597613], [114.228063513, 30.555976661], [114.228070125, 30.555976634], [114.228076701, 30.555976048], [114.228586337, 30.555908821], [114.228591836, 30.555932946], [114.228622788, 30.556074721]]]}, "properties": {"id": 5087, "land_type": "居住用地"}}, {"type": "Feature", "geometry": {"type": "Polygon", "coordinates": [[[114.227579391, 30.555126237], [114.227659891, 30.555450224], [114.2277386, 30.555825838], [114.227817894, 30.556243058], [114.226737887, 30.556430526], [114.226735846, 30.556430909], [114.224899622, 30.556800984], [114.224641572, 30.556463451], [114.224576148, 30.556265281], [114.224567368, 30.556222014], [114.224566503, 30.556218421], [114.224540502, 30.556125421], [114.224538469, 30.556119535], [114.224486728, 30.555994432], [114.224271336, 30.555342003], [114.224820407, 30.555265944], [114.226037812, 30.555097244], [114.226039802, 30.555096959], [114.227109, 30.55493936], [114.227126034, 30.554936194], [114.227142685, 30.554931774], [114.227490327, 30.554825204], [114.227579391, 30.555126237]]]}, "properties": {"id": 5088, "land_type": "居住用地"}}, {"type": "Feature", "geometry": {"type": "Polygon", "coordinates": [[[114.218580953, 30.553132079], [114.21823505, 30.553201427], [114.217981311, 30.553250015], [114.217891217, 30.552943273], [114.217890322, 30.552940755], [114.217889449, 30.552938231], [114.217889356, 30.552938033], [114.217889283, 30.552937828], [114.217888106, 30.552935397], [114.217886951, 30.55293296], [114.217886834, 30.55293277], [114.217886739, 30.552932573], [114.217885291, 30.552930253], [114.217883863, 30.552927925], [114.217883726, 30.552927746], [114.217883608, 30.552927558], [114.217881904, 30.552925372], [114.217880218, 30.552923175], [114.217880061, 30.552923008], [114.217879922, 30.55292283], [114.217877978, 30.552920799], [114.217876049, 30.552918755], [114.217875874, 30.552918602], [114.217875717, 30.552918438], [114.217873549, 30.55291658], [114.217871398, 30.552914708], [114.217871207, 30.552914572], [114.21787103, 30.552914421], [114.217868662, 30.552912755], [114.217866308, 30.552911074], [114.217866102, 30.552910955], [114.21786591, 30.552910819], [114.217863364, 30.552909361], [114.217860829, 30.552907887], [114.217860611, 30.552907784], [114.217860404, 30.552907667], [114.217857704, 30.55290643], [114.217855014, 30.552905177], [114.217854786, 30.552905095], [114.217854566, 30.552904994], [114.217851738, 30.552903992], [114.217848919, 30.552902971], [114.217848681, 30.552902909], [114.217848451, 30.552902827], [114.217845523, 30.552902068], [114.217842602, 30.552901291], [114.217842358, 30.552901249], [114.21784212, 30.552901187], [114.21783912, 30.552900679], [114.217836124, 30.552900153], [114.217835876, 30.55290013], [114.217835632, 30.552900089], [114.217832589, 30.552899837], [114.217829547, 30.552899566], [114.217829298, 30.552899565], [114.217829051, 30.552899544], [114.217825993, 30.55289955], [114.217822935, 30.552899537], [114.217822688, 30.552899556], [114.217822439, 30.552899557], [114.217819398, 30.552899821], [114.217816352, 30.552900066], [114.217816109, 30.552900107], [114.217815861, 30.552900128], [114.217812863, 30.552900647], [114.217809862, 30.552901148], [114.21662432, 30.553151381], [114.216041342, 30.551409147], [114.217325422, 30.551090809], [114.219096371, 30.550662774], [114.219426062, 30.551735181], [114.219133521, 30.551808837], [114.218821884, 30.55084937], [114.218819793, 30.550843969], [114.218817096, 30.55083877], [114.218813821, 30.550833823], [114.218809999, 30.550829177], [114.218805668, 30.550824876], [114.218800866, 30.550820961], [114.218795642, 30.55081747], [114.218790047, 30.550814438], [114.218784133, 30.550811891], [114.218777957, 30.550809858], [114.21877158, 30.550808354], [114.218765063, 30.550807396], [114.218758468, 30.550806992], [114.218751859, 30.550807148], [114.218745299, 30.550807861], [114.218738852, 30.550809123], [114.21873258, 30.550810924], [114.218726542, 30.550813246], [114.218720798, 30.550816067], [114.218715404, 30.550819357], [114.218710409, 30.550823089], [114.218705863, 30.550827224], [114.21870181, 30.550831722], [114.218698288, 30.550836541], [114.218695332, 30.550841633], [114.218692969, 30.550846951], [114.218691223, 30.550852443], [114.218690111, 30.550858057], [114.218689643, 30.550863735], [114.218689823, 30.550869428], [114.218690651, 30.550875077], [114.218692117, 30.550880629], [114.219004369, 30.551841989], [114.218536405, 30.551964487], [114.218535953, 30.551964608], [114.218304953, 30.552026608], [114.218303148, 30.552027177], [114.218301318, 30.552027682], [114.218301005, 30.552027799], [114.218300681, 30.552027892], [114.21824968, 30.552044892], [114.218244341, 30.552046905], [114.21815434, 30.552084904], [114.218149992, 30.552086914], [114.218008991, 30.552157914], [114.218003016, 30.552161303], [114.217803015, 30.552288303], [114.217797893, 30.552291903], [114.217793205, 30.552295918], [114.217788997, 30.552300309], [114.217785308, 30.552305035], [114.217782176, 30.552310048], [114.217779628, 30.552315302], [114.217777691, 30.552320747], [114.217776383, 30.552326328], [114.217775717, 30.552331993], [114.217775699, 30.552337686], [114.217776329, 30.552343355], [114.217777601, 30.552348941], [114.217779503, 30.552354395], [114.217782015, 30.552359661], [114.217785116, 30.55236469], [114.217788775, 30.552369433], [114.217792956, 30.552373844], [114.217797618, 30.552377882], [114.217802716, 30.552381507], [114.217808204, 30.552384683], [114.217814026, 30.55238738], [114.217820128, 30.552389574], [114.217826449, 30.552391242], [114.217832931, 30.552392368], [114.217839509, 30.552392941], [114.21784612, 30.552392958], [114.217852702, 30.552392414], [114.21785919, 30.552391319], [114.217865522, 30.552389681], [114.217871638, 30.552387518], [114.217877478, 30.552384848], [114.217882985, 30.552381697], [114.218080101, 30.55225653], [114.218215877, 30.55218816], [114.218279817, 30.552161162], [114.218580953, 30.553132079]]]}, "properties": {"id": 5095, "land_type": "居住用地"}}, {"type": "Feature", "geometry": {"type": "Polygon", "coordinates": [[[114.219796305, 30.552895769], [114.218712378, 30.553106136], [114.218406777, 30.552120824], [114.218575821, 30.552075453], [114.219106251, 30.551936601], [114.219461205, 30.551847231], [114.219796305, 30.552895769]]]}, "properties": {"id": 5096, "land_type": "居住用地"}}, {"type": "Feature", "geometry": {"type": "Polygon", "coordinates": [[[114.219861735, 30.553094486], [114.218425635, 30.553455417], [114.218418985, 30.55345572], [114.218411357, 30.553454589], [114.218410796, 30.553454309], [114.218405661, 30.553451099], [114.218396043, 30.55344017], [114.218338565, 30.553299815], [114.218679045, 30.553231555], [114.219832785, 30.553007638], [114.219861735, 30.553094486]]]}, "properties": {"id": 5097, "land_type": "公园与绿地用地"}}, {"type": "Feature", "geometry": {"type": "Polygon", "coordinates": [[[114.220272536, 30.554389128], [114.21955832, 30.554380065], [114.219519144, 30.554252199], [114.219517146, 30.554246772], [114.21951454, 30.554241538], [114.21951135, 30.554236552], [114.219507608, 30.554231857], [114.21950335, 30.554227502], [114.219498617, 30.554223527], [114.219493454, 30.55421997], [114.219487911, 30.554216866], [114.219482042, 30.554214245], [114.219475901, 30.554212132], [114.21946955, 30.554210548], [114.21946305, 30.554209507], [114.219456463, 30.554209021], [114.219449852, 30.554209092], [114.21944328, 30.55420972], [114.219436812, 30.554210901], [114.21943051, 30.554212623], [114.219424434, 30.554214866], [114.219418642, 30.554217613], [114.219413191, 30.554220835], [114.219408134, 30.554224502], [114.219403517, 30.554228578], [114.219399387, 30.554233025], [114.219395782, 30.554237797], [114.219392739, 30.554242852], [114.219390286, 30.554248139], [114.219388446, 30.554253609], [114.219387237, 30.554259206], [114.219386672, 30.554264879], [114.219386754, 30.554270572], [114.219387485, 30.554276232], [114.219388856, 30.554281801], [114.219418418, 30.55437829], [114.218480393, 30.554366388], [114.21848002, 30.554366384], [114.218316949, 30.554365092], [114.218014886, 30.553362458], [114.218206325, 30.553325799], [114.218272462, 30.553487297], [114.218272652, 30.553487697], [114.218272803, 30.553488111], [114.218273902, 30.553490331], [114.218274964, 30.553492566], [114.218275199, 30.553492949], [114.218275396, 30.553493347], [114.218276743, 30.553495465], [114.218278054, 30.5534976], [114.218278331, 30.553497961], [114.218278572, 30.553498341], [114.218280154, 30.553500334], [114.218281702, 30.553502349], [114.218282019, 30.553502685], [114.218282303, 30.553503042], [114.218304303, 30.553528042], [114.21830855, 30.553532406], [114.218313273, 30.55353639], [114.218318428, 30.553539957], [114.218334427, 30.553549956], [114.218340171, 30.553553175], [114.21835417, 30.553560174], [114.218359479, 30.553562564], [114.218365012, 30.553564537], [114.218370726, 30.553566079], [114.218376577, 30.55356718], [114.218403576, 30.553571179], [114.218411039, 30.553571919], [114.218418551, 30.553571938], [114.218440552, 30.553570938], [114.218448289, 30.553570199], [114.218455876, 30.553568695], [114.219898047, 30.55320624], [114.220204994, 30.554175247], [114.220272536, 30.554389128]]]}, "properties": {"id": 5099, "land_type": "居住用地"}}, {"type": "Feature", "geometry": {"type": "Polygon", "coordinates": [[[114.219524268, 30.55456], [114.220331557, 30.554577877], [114.220446794, 30.554959597], [114.220447242, 30.554961008], [114.220541331, 30.555243273], [114.220435955, 30.555256727], [114.220414543, 30.55526049], [114.220251744, 30.555297091], [114.220235152, 30.555301484], [114.219587452, 30.555499585], [114.219568678, 30.55550626], [114.218521078, 30.555932959], [114.218519138, 30.555933853], [114.218517125, 30.555934616], [114.217660624, 30.556303316], [114.217643752, 30.556311471], [114.217637278, 30.556315344], [114.217123838, 30.554819273], [114.217029212, 30.554522529], [114.217479721, 30.554520021], [114.218265572, 30.554530007], [114.219524136, 30.554559996], [114.219524202, 30.554559995], [114.219524268, 30.55456]]]}, "properties": {"id": 5100, "land_type": "居住用地"}}, {"type": "Feature", "geometry": {"type": "Polygon", "coordinates": [[[114.215754399, 30.557222768], [114.215475734, 30.557327057], [114.215246156, 30.557388226], [114.215231035, 30.557392829], [114.215072576, 30.557447241], [114.214958221, 30.557485489], [114.214852537, 30.557518303], [114.214821892, 30.557525588], [114.214575172, 30.556902283], [114.214572733, 30.55689699], [114.214569705, 30.556891929], [114.214566115, 30.556887147], [114.214561998, 30.556882692], [114.214557395, 30.556878606], [114.214552347, 30.556874928], [114.214546906, 30.556871693], [114.214541122, 30.556868934], [114.214535054, 30.556866676], [114.214528756, 30.556864941], [114.21452229, 30.556863746], [114.214515722, 30.556863103], [114.214509111, 30.556863016], [114.21450764, 30.556863122], [114.214361071, 30.556475056], [114.214359761, 30.556471902], [114.214325761, 30.556396901], [114.214323777, 30.556392962], [114.214308778, 30.556365962], [114.214305261, 30.556360428], [114.214287261, 30.556335428], [114.214283081, 30.556330269], [114.214278277, 30.556325529], [114.214263138, 30.55631214], [114.21426508, 30.556309639], [114.214268198, 30.556304618], [114.21427073, 30.556299359], [114.214272651, 30.556293911], [114.214273943, 30.556288327], [114.214274592, 30.55628266], [114.214274594, 30.556276968], [114.214273947, 30.556271301], [114.214272659, 30.556265716], [114.214270741, 30.556260267], [114.214079301, 30.555799165], [114.214041063, 30.55563445], [114.21409594, 30.555504384], [114.214318741, 30.555227792], [114.214500155, 30.555062817], [114.214752342, 30.554954213], [114.215148957, 30.554854075], [114.216512531, 30.554509475], [114.216727854, 30.554520908], [114.216728229, 30.554520928], [114.216873229, 30.554527928], [114.216883088, 30.554527782], [114.216883287, 30.554527767], [114.216994246, 30.554851082], [114.217001032, 30.554872363], [114.217001203, 30.554872891], [114.217211203, 30.555507891], [114.2172113, 30.555508182], [114.2173253, 30.555846182], [114.217325369, 30.555846385], [114.21744537, 30.556197385], [114.217445642, 30.556198163], [114.217531498, 30.556436909], [114.217464479, 30.556534815], [114.217457339, 30.556546523], [114.216934683, 30.556751041], [114.216930437, 30.556752753], [114.21631615, 30.557008093], [114.216311824, 30.557006161], [114.216305217, 30.557003936], [114.216298217, 30.557001935], [114.21629128, 30.557000301], [114.216284181, 30.556999313], [114.216277, 30.556998983], [114.216258, 30.556998983], [114.216250329, 30.556999361], [114.216242756, 30.557000488], [114.216232757, 30.557002488], [114.216229952, 30.557003175], [114.216227138, 30.557003835], [114.216226773, 30.557003954], [114.216226398, 30.557004046], [114.216223685, 30.557004967], [114.21622096, 30.557005861], [114.215864423, 30.557140403], [114.21570187, 30.556723532], [114.21570179, 30.556723328], [114.215596789, 30.556457328], [114.215596708, 30.556457123], [114.215393774, 30.555949288], [114.215203876, 30.555464551], [114.215045914, 30.555056646], [114.215045527, 30.555055791], [114.215045208, 30.555054915], [114.215039208, 30.555040914], [114.215036865, 30.555036121], [114.215034034, 30.555031527], [114.215030736, 30.555027171], [114.215026998, 30.555023085], [114.21502285, 30.555019304], [114.21501085, 30.555009306], [114.215006216, 30.555005783], [114.214993216, 30.554996784], [114.214988313, 30.554993692], [114.214983106, 30.554990993], [114.214977638, 30.554988709], [114.214971953, 30.554986859], [114.214966098, 30.554985457], [114.214960121, 30.554984515], [114.21494312, 30.554982515], [114.214936861, 30.554982034], [114.214930576, 30.554982056], [114.214924321, 30.554982583], [114.214908321, 30.554984583], [114.214892322, 30.554986584], [114.214885611, 30.554987724], [114.21487907, 30.554989445], [114.214872764, 30.554991729], [114.214696764, 30.555064728], [114.214693396, 30.555066228], [114.214672395, 30.555076228], [114.214667203, 30.555078973], [114.214662318, 30.55508211], [114.214657782, 30.555085615], [114.214644782, 30.555096615], [114.214640784, 30.555100305], [114.214637173, 30.55510428], [114.214633977, 30.555108511], [114.214631222, 30.555112964], [114.214626222, 30.555121966], [114.214623301, 30.555128104], [114.214619301, 30.555138103], [114.214617268, 30.555144272], [114.214616038, 30.555150597], [114.214615627, 30.555157], [114.214615627, 30.555168], [114.214616074, 30.555174678], [114.214617412, 30.555181266], [114.214620412, 30.555192266], [114.214621812, 30.555196628], [114.214631812, 30.555223629], [114.214632794, 30.555226087], [114.214647794, 30.555261087], [114.214648147, 30.555261894], [114.214687147, 30.555348894], [114.21468743, 30.555349445], [114.214687663, 30.555350012], [114.21468877, 30.555352046], [114.214689828, 30.555354099], [114.214690172, 30.555354623], [114.214690469, 30.555355167], [114.214706469, 30.555381167], [114.214710353, 30.555386708], [114.214714931, 30.555391842], [114.214720144, 30.555396506], [114.214730144, 30.555404507], [114.214735548, 30.555408396], [114.214741392, 30.555411779], [114.214747616, 30.555414618], [114.214757615, 30.555418618], [114.21475943, 30.555419316], [114.21480543, 30.555436316], [114.214812422, 30.555438514], [114.214873421, 30.555454468], [114.214928333, 30.555475517], [114.21500209, 30.555506986], [114.215006633, 30.555508749], [114.215046633, 30.555522748], [114.215051424, 30.555524246], [114.215056333, 30.555525427], [114.215088076, 30.555531963], [114.215266161, 30.555986546], [114.215266293, 30.555986879], [114.215469251, 30.556494775], [114.215574172, 30.55676057], [114.215754399, 30.557222768]]]}, "properties": {"id": 5101, "land_type": "居住用地"}}, {"type": "Feature", "geometry": {"type": "Polygon", "coordinates": [[[114.211951542, 30.557084937], [114.212314366, 30.557980066], [114.212105343, 30.558011673], [114.212086556, 30.558015317], [114.212028456, 30.558029117], [114.212028353, 30.558029146], [114.212028247, 30.558029166], [114.210765046, 30.558330467], [114.210763025, 30.558330959], [114.209850232, 30.558557496], [114.20984691, 30.558553012], [114.20984508, 30.558550667], [114.208959713, 30.557474275], [114.208417985, 30.556673099], [114.208473803, 30.556600521], [114.209113798, 30.556822806], [114.209113895, 30.556822835], [114.209113989, 30.556822871], [114.209117018, 30.556823769], [114.209120045, 30.556824674], [114.209120145, 30.556824694], [114.209120241, 30.556824723], [114.209123358, 30.55682536], [114.209126473, 30.556826006], [114.209126575, 30.556826017], [114.209126674, 30.556826039], [114.209129848, 30.556826409], [114.209133022, 30.556826789], [114.209133124, 30.556826792], [114.209133225, 30.556826803], [114.209160227, 30.556828804], [114.209166352, 30.556829017], [114.209172475, 30.556828749], [114.209178545, 30.556828003], [114.20918451, 30.556826785], [114.209190323, 30.556825104], [114.209202323, 30.556821104], [114.209207678, 30.556819085], [114.20921281, 30.556816673], [114.20921768, 30.556813887], [114.209222251, 30.55681075], [114.209234251, 30.556801749], [114.209238911, 30.556797899], [114.209249912, 30.5567879], [114.20925505, 30.556782636], [114.209259431, 30.556776885], [114.20926943, 30.556761885], [114.209270856, 30.556759633], [114.209282856, 30.556739632], [114.209284494, 30.556736705], [114.209400833, 30.556512899], [114.209567535, 30.556274191], [114.209605328, 30.556221479], [114.209605727, 30.556220916], [114.209786727, 30.555961915], [114.209790124, 30.555956406], [114.209860827, 30.555825099], [114.210374975, 30.556010514], [114.210381191, 30.556012453], [114.210387599, 30.556013858], [114.210394135, 30.556014716], [114.210400738, 30.556015017], [114.210407343, 30.55601476], [114.210413886, 30.556013946], [114.210420306, 30.556012584], [114.21042654, 30.556010687], [114.210432528, 30.556008273], [114.210438213, 30.556005364], [114.210443538, 30.556001991], [114.210448454, 30.555998183], [114.210452914, 30.55599398], [114.210456873, 30.555989419], [114.210460294, 30.555984548], [114.210463145, 30.555979411], [114.210465396, 30.555974057], [114.210467027, 30.55596854], [114.210468023, 30.555962911], [114.210468372, 30.555957225], [114.210468075, 30.555951537], [114.21046713, 30.555945903], [114.210465549, 30.555940374], [114.210463345, 30.555935006], [114.210460541, 30.555929849], [114.210457164, 30.555924954], [114.210453246, 30.555920369], [114.210448826, 30.555916135], [114.210443944, 30.555912295], [114.210438648, 30.555908886], [114.210432991, 30.555905939], [114.210427025, 30.555903485], [114.209853025, 30.555696485], [114.209483996, 30.555563411], [114.210799234, 30.55510613], [114.21156021, 30.556310878], [114.211951542, 30.557084937]]]}, "properties": {"id": 5102, "land_type": "居住用地"}}, {"type": "Feature", "geometry": {"type": "Polygon", "coordinates": [[[114.208355562, 30.551969511], [114.206225357, 30.552796289], [114.205528952, 30.553065652], [114.205470003, 30.552989746], [114.20546642, 30.552985551], [114.205462412, 30.552981649], [114.205388136, 30.552915562], [114.205458635, 30.552869279], [114.205502925, 30.552840675], [114.20556959, 30.552808268], [114.205677883, 30.552761858], [114.205875678, 30.552691641], [114.205882151, 30.552688988], [114.20588826, 30.552685757], [114.205893936, 30.552681985], [114.205920935, 30.552661986], [114.205926786, 30.552657091], [114.205944786, 30.552640091], [114.205948409, 30.552636366], [114.20597341, 30.552608367], [114.205977386, 30.5526034], [114.205987386, 30.5525894], [114.205987489, 30.552589254], [114.206009489, 30.552558255], [114.206011148, 30.552555781], [114.206029724, 30.552526449], [114.206095281, 30.552429109], [114.206097076, 30.552426263], [114.206153076, 30.552331262], [114.206154881, 30.552327947], [114.206205881, 30.552225945], [114.206206648, 30.552224346], [114.206223648, 30.552187347], [114.206225713, 30.552182147], [114.206261713, 30.552075146], [114.206263487, 30.552068379], [114.206298142, 30.551886193], [114.206309117, 30.551845041], [114.206312502, 30.55183556], [114.206339784, 30.551778176], [114.206412156, 30.551643345], [114.206414886, 30.551637426], [114.206435887, 30.551583426], [114.206437126, 30.551579861], [114.206449126, 30.551540862], [114.20645051, 30.551535257], [114.206451247, 30.551529563], [114.206453247, 30.551501562], [114.206453373, 30.551498], [114.206453373, 30.551479], [114.206453263, 30.551475674], [114.206451263, 30.551445674], [114.206450795, 30.551441412], [114.206449963, 30.551437192], [114.206442965, 30.551408193], [114.20644167, 30.551403728], [114.20643997, 30.551399366], [114.206420969, 30.551356365], [114.206418155, 30.55135087], [114.206377155, 30.55128087], [114.20637433, 30.551276523], [114.20629333, 30.551163523], [114.206292339, 30.55116228], [114.206291415, 30.551161], [114.206291397, 30.551160976], [114.206213389, 30.551063968], [114.20621193, 30.551062223], [114.20617193, 30.551016222], [114.20616926, 30.551013347], [114.206005216, 30.550847726], [114.206102901, 30.550776742], [114.206365342, 30.550594131], [114.20636587, 30.55059376], [114.20651029, 30.550491172], [114.206565366, 30.550453799], [114.206810031, 30.55029202], [114.206815072, 30.550288335], [114.206819668, 30.550284243], [114.206823776, 30.550279782], [114.206827358, 30.550274995], [114.206830377, 30.55026993], [114.206832805, 30.550264634], [114.206834619, 30.550259158], [114.2068358, 30.550253555], [114.206836339, 30.550247881], [114.206836229, 30.550242188], [114.206835471, 30.550236531], [114.206834073, 30.550230966], [114.206832049, 30.550225545], [114.206829417, 30.550220322], [114.206826204, 30.550215346], [114.206822439, 30.550210665], [114.20681816, 30.550206324], [114.206813408, 30.550202366], [114.206808228, 30.550198828], [114.20680267, 30.550195743], [114.206796788, 30.550193143], [114.206790638, 30.550191052], [114.206784279, 30.550189491], [114.206777775, 30.550188473], [114.206771185, 30.550188009], [114.206764574, 30.550188104], [114.206758005, 30.550188756], [114.206751543, 30.55018996], [114.206745249, 30.550191704], [114.206739184, 30.55019397], [114.206733405, 30.550196737], [114.206727971, 30.55019998], [114.206482969, 30.55036198], [114.206482302, 30.550362427], [114.206426302, 30.550400427], [114.206425129, 30.550401241], [114.206280392, 30.550504054], [114.206017658, 30.550686869], [114.206016551, 30.550687656], [114.205867703, 30.550795821], [114.205678893, 30.550921029], [114.205675265, 30.550923616], [114.205607264, 30.550975615], [114.205605662, 30.550976882], [114.20544266, 30.551109882], [114.205441186, 30.551111123], [114.205192187, 30.551327123], [114.205191725, 30.551327527], [114.205170604, 30.55134621], [114.205158806, 30.551353042], [114.205133706, 30.551366056], [114.205120747, 30.551372537], [114.205092934, 30.551381807], [114.204951301, 30.551415018], [114.204950076, 30.551415315], [114.204827076, 30.551446315], [114.20481943, 30.551448682], [114.20468143, 30.551499682], [114.204678233, 30.55150095], [114.204530068, 30.55156379], [114.204538973, 30.551530568], [114.204737874, 30.551006461], [114.2047517, 30.550971897], [114.204751886, 30.550971426], [114.204756616, 30.550959262], [114.204762465, 30.550950755], [114.204770737, 30.550940828], [114.204773976, 30.550936559], [114.204781031, 30.550926296], [114.20479398, 30.550914641], [114.20480945, 30.550902608], [114.204955728, 30.550795139], [114.204962396, 30.550789508], [114.204996396, 30.550756508], [114.204997053, 30.550755861], [114.205009052, 30.550743862], [114.205011367, 30.550741415], [114.205028368, 30.550722415], [114.205031606, 30.550718466], [114.20503445, 30.5507143], [114.205036883, 30.550709944], [114.20504305, 30.550697606], [114.205052102, 30.550682221], [114.205055247, 30.550675995], [114.205057526, 30.550669497], [114.205062525, 30.550651497], [114.205063559, 30.55064699], [114.205064177, 30.550642429], [114.205068177, 30.550597429], [114.205068368, 30.550593729], [114.205070331, 30.550459239], [114.205072536, 30.550440137], [114.205113261, 30.550303417], [114.205114962, 30.550295409], [114.205118962, 30.550264408], [114.20511934, 30.55025985], [114.20512034, 30.550232849], [114.205120374, 30.550231], [114.205120374, 30.550205], [114.205120108, 30.550199851], [114.205117109, 30.550170852], [114.205116054, 30.55016457], [114.205109053, 30.550134568], [114.205108012, 30.550130774], [114.205096012, 30.550092774], [114.205094157, 30.550087795], [114.205071883, 30.55003616], [114.205913357, 30.549701638], [114.206276286, 30.549563933], [114.206377148, 30.549540198], [114.206457911, 30.549534627], [114.206510667, 30.549546631], [114.20653615, 30.549588835], [114.206543159, 30.549599117], [114.208355562, 30.551969511]]]}, "properties": {"id": 5111, "land_type": "居住用地"}}, {"type": "Feature", "geometry": {"type": "Polygon", "coordinates": [[[114.206065353, 30.551087252], [114.206103322, 30.551130917], [114.206145823, 30.551183771], [114.206029433, 30.551268742], [114.20602872, 30.55126927], [114.205768452, 30.551464721], [114.205722685, 30.551497139], [114.205701007, 30.551510788], [114.205307337, 30.551692861], [114.204926269, 30.551838739], [114.204789778, 30.551888108], [114.204771194, 30.551892594], [114.204753399, 30.55189378], [114.204738364, 30.551892623], [114.204712015, 30.551886859], [114.204693915, 30.551882682], [114.204661841, 30.551867928], [114.20462336, 30.551829448], [114.204591708, 30.551786038], [114.204548257, 30.551721345], [114.204541194, 30.551709336], [114.204534041, 30.551691456], [114.204736188, 30.55160572], [114.204868829, 30.5515567], [114.204987314, 30.551526839], [114.2051317, 30.551492982], [114.205138319, 30.551491109], [114.20517432, 30.551479109], [114.205179164, 30.551477303], [114.205183831, 30.551475176], [114.205201831, 30.551466175], [114.205202753, 30.551465705], [114.205229753, 30.551451706], [114.205232591, 30.55145015], [114.20525159, 30.551439149], [114.205257164, 30.551435549], [114.205262274, 30.551431473], [114.205288045, 30.551408677], [114.205536087, 30.551193507], [114.20569755, 30.551061762], [114.205762973, 30.551011731], [114.205900331, 30.550920643], [114.206065353, 30.551087252]]]}, "properties": {"id": 5112, "land_type": "居住用地"}}, {"type": "Feature", "geometry": {"type": "Polygon", "coordinates": [[[114.206131164, 30.552046192], [114.206097177, 30.552147212], [114.206081722, 30.552180849], [114.206031961, 30.552280372], [114.205977776, 30.552372293], [114.205912719, 30.552468892], [114.205911852, 30.552470219], [114.205893645, 30.552498964], [114.205872564, 30.552528673], [114.205864452, 30.552540028], [114.205843311, 30.552563706], [114.205829967, 30.552576309], [114.205814291, 30.552587921], [114.205624323, 30.552655359], [114.205619982, 30.552657057], [114.205507983, 30.552705057], [114.205504881, 30.552706474], [114.205432881, 30.552741476], [114.205425578, 30.552745584], [114.205377578, 30.552776583], [114.205377155, 30.552776858], [114.205293913, 30.552831507], [114.205135549, 30.552689772], [114.205134278, 30.552688665], [114.205022279, 30.552593665], [114.20502039, 30.552592122], [114.20491339, 30.552508122], [114.204909138, 30.552505051], [114.204904608, 30.552502292], [114.204843608, 30.552468292], [114.204835274, 30.552464337], [114.204727274, 30.552421337], [114.204722615, 30.552419661], [114.204511615, 30.55235166], [114.204511449, 30.552351607], [114.204247131, 30.552267104], [114.204178714, 30.55223465], [114.204162684, 30.552223499], [114.204150571, 30.552213404], [114.204133077, 30.552193526], [114.204118652, 30.552174593], [114.204111752, 30.552165184], [114.20409107, 30.552116926], [114.204082662, 30.5520917], [114.204077982, 30.552069863], [114.204076477, 30.552049538], [114.204077297, 30.552034773], [114.204077317, 30.552034378], [114.20407808, 30.552018349], [114.204082865, 30.551999212], [114.204083193, 30.551997816], [114.204114865, 30.551854075], [114.204190638, 30.551831947], [114.204193875, 30.551830922], [114.204231874, 30.55181792], [114.204235705, 30.55181649], [114.204412808, 30.551744665], [114.2044153, 30.551750897], [114.204418897, 30.551758218], [114.204428898, 30.551775218], [114.204430679, 30.55177805], [114.204475679, 30.551845049], [114.204476943, 30.551846854], [114.204511942, 30.551894854], [114.204514792, 30.551898455], [114.204517948, 30.55190186], [114.204567947, 30.551951861], [114.204569682, 30.551953433], [114.204571373, 30.551955038], [114.204571958, 30.551955495], [114.204572503, 30.551955988], [114.204574408, 30.551957405], [114.204576273, 30.551958861], [114.204576908, 30.551959266], [114.204577506, 30.55195971], [114.204579563, 30.551960961], [114.204581585, 30.551962251], [114.204582264, 30.551962601], [114.204582909, 30.551962993], [114.204585098, 30.551964063], [114.204587257, 30.551965177], [114.204637257, 30.551988176], [114.204644247, 30.551990962], [114.20465156, 30.551993042], [114.20467756, 30.551999043], [114.204678412, 30.551999234], [114.204710412, 30.552006234], [114.204715672, 30.552007194], [114.204721006, 30.55200779], [114.204747005, 30.552009791], [114.204752602, 30.552010019], [114.2047582, 30.552009846], [114.2047882, 30.552007847], [114.204794748, 30.552007131], [114.204801184, 30.552005867], [114.204830184, 30.551998867], [114.20483809, 30.551996493], [114.204979091, 30.551945494], [114.204980368, 30.551945018], [114.205364367, 30.551798017], [114.205368877, 30.551796114], [114.205768877, 30.551611115], [114.205776764, 30.551606838], [114.205803763, 30.551589837], [114.2058068, 30.55158781], [114.2058548, 30.551553809], [114.20585628, 30.551552729], [114.206116925, 30.551356994], [114.206219817, 30.551281879], [114.206258149, 30.551335356], [114.206296274, 30.551400445], [114.206312127, 30.551436324], [114.206317023, 30.551456607], [114.206318626, 30.551480664], [114.206318626, 30.551496218], [114.206317164, 30.551516699], [114.206307428, 30.55154834], [114.20628829, 30.55159755], [114.206216845, 30.551730656], [114.20621565, 30.551733016], [114.20618665, 30.551794016], [114.206184604, 30.551798943], [114.206179604, 30.551812943], [114.206178336, 30.551817015], [114.206166336, 30.551862015], [114.206165513, 30.551865621], [114.206131164, 30.552046192]]]}, "properties": {"id": 5113, "land_type": "居住用地"}}, {"type": "Feature", "geometry": {"type": "Polygon", "coordinates": [[[114.206580423, 30.553603665], [114.206291872, 30.553755492], [114.206291647, 30.55375561], [114.206080648, 30.553867609], [114.206080572, 30.55386765], [114.205988768, 30.553916524], [114.205925452, 30.553857596], [114.205924613, 30.553856829], [114.205888882, 30.553824765], [114.205721646, 30.553625063], [114.205719269, 30.553622391], [114.205705713, 30.553608037], [114.20569243, 30.553588113], [114.205692015, 30.553587498], [114.20566992, 30.553555277], [114.205659456, 30.553535223], [114.205658046, 30.553532686], [114.205648435, 30.55351642], [114.205642283, 30.553495657], [114.205641463, 30.553493127], [114.205637114, 30.553480806], [114.205634022, 30.553459939], [114.205627146, 30.553388226], [114.205626987, 30.55338679], [114.205612987, 30.553274791], [114.205612125, 30.553269886], [114.205605899, 30.553242413], [114.2062558, 30.55299371], [114.206580423, 30.553603665]]]}, "properties": {"id": 5114, "land_type": "工业用地"}}, {"type": "Feature", "geometry": {"type": "Polygon", "coordinates": [[[114.205492924, 30.553398493], [114.205499855, 30.553470774], [114.205500168, 30.553473343], [114.205504169, 30.553500343], [114.205505121, 30.553505151], [114.205506538, 30.553509872], [114.205512095, 30.553525616], [114.205519717, 30.553551344], [114.205521952, 30.553557453], [114.205524954, 30.553563313], [114.205537214, 30.55358406], [114.205548544, 30.553605777], [114.205551987, 30.553611501], [114.205575777, 30.553646194], [114.205591571, 30.553669886], [114.20559447, 30.553673854], [114.205597731, 30.553677609], [114.205613498, 30.553694302], [114.205782354, 30.553895937], [114.205788388, 30.55390217], [114.205826963, 30.553936791], [114.205927548, 30.554030404], [114.205927631, 30.554030473], [114.205927706, 30.55403055], [114.205929114, 30.554031729], [114.205930465, 30.554032956], [114.206159452, 30.554221299], [114.206225273, 30.554285185], [114.206252796, 30.554312707], [114.206270199, 30.554336201], [114.206270801, 30.554337001], [114.206310671, 30.554388922], [114.206346306, 30.554458366], [114.20642006, 30.554639312], [114.206434238, 30.554678151], [114.206343434, 30.554646275], [114.20634112, 30.554645505], [114.20625212, 30.554617504], [114.206244963, 30.554615633], [114.206144962, 30.554594633], [114.206144241, 30.554594485], [114.206074242, 30.554580486], [114.206068837, 30.554579603], [114.205769837, 30.554541604], [114.205766603, 30.554541261], [114.205082602, 30.554483261], [114.205082279, 30.554483234], [114.204747385, 30.554456243], [114.204604018, 30.554444295], [114.204367894, 30.55442138], [114.204281556, 30.554412215], [114.204014196, 30.553851522], [114.205479463, 30.553290799], [114.205492924, 30.553398493]]]}, "properties": {"id": 5115, "land_type": "居住用地"}}, {"type": "Feature", "geometry": {"type": "Polygon", "coordinates": [[[114.205467497, 30.557010774], [114.205376549, 30.556797672], [114.205382196, 30.556799183], [114.205388672, 30.556800332], [114.205395246, 30.556800927], [114.205401858, 30.556800965], [114.205408443, 30.556800444], [114.205414936, 30.55679937], [114.205421275, 30.556797754], [114.205427401, 30.55679561], [114.206094401, 30.556528612], [114.20609831, 30.556526911], [114.20611531, 30.556518911], [114.206121209, 30.556515785], [114.206126703, 30.556512156], [114.206131735, 30.556508059], [114.206136254, 30.55650354], [114.206145253, 30.55649354], [114.206148265, 30.556489915], [114.206150945, 30.556486099], [114.206159945, 30.556472098], [114.206162424, 30.556467837], [114.20616449, 30.556463414], [114.206166126, 30.55645886], [114.206170127, 30.55644586], [114.206171372, 30.556440969], [114.206172123, 30.556436003], [114.206172374, 30.556431], [114.206172374, 30.556417], [114.206172129, 30.556412059], [114.206171396, 30.556407153], [114.206168396, 30.556392152], [114.206167126, 30.556387138], [114.206163126, 30.556374139], [114.206161099, 30.556368664], [114.205945099, 30.555871664], [114.20594441, 30.555870289], [114.205943796, 30.555868886], [114.205943102, 30.555867676], [114.205942481, 30.555866436], [114.205941638, 30.555865125], [114.205940868, 30.555863781], [114.20594004, 30.555862636], [114.20593928, 30.555861455], [114.205938292, 30.555860221], [114.205937372, 30.555858948], [114.205936417, 30.555857878], [114.205935527, 30.555856767], [114.205934404, 30.555855623], [114.205933344, 30.555854435], [114.205932271, 30.55585345], [114.205931259, 30.555852418], [114.205930011, 30.555851374], [114.205928821, 30.555850281], [114.205927641, 30.555849392], [114.205926516, 30.555848452], [114.205925156, 30.555847518], [114.205923846, 30.55584653], [114.205922571, 30.555845745], [114.205921345, 30.555844904], [114.205919885, 30.555844089], [114.205918469, 30.555843217], [114.205917111, 30.555842543], [114.205915796, 30.55584181], [114.205914249, 30.555841122], [114.205912741, 30.555840374], [114.205911312, 30.555839818], [114.205909919, 30.555839198], [114.205908302, 30.555838645], [114.205906717, 30.555838028], [114.205905232, 30.555837594], [114.205903775, 30.555837097], [114.205902103, 30.555836682], [114.205900455, 30.555836201], [114.205898928, 30.555835896], [114.205897422, 30.555835523], [114.205895709, 30.555835251], [114.205894015, 30.555834912], [114.20589246, 30.555834737], [114.205890919, 30.555834493], [114.205889184, 30.555834368], [114.205887459, 30.555834173], [114.205885891, 30.555834131], [114.205884329, 30.555834017], [114.205882589, 30.555834039], [114.20588085, 30.555833991], [114.205879286, 30.55583408], [114.205877718, 30.555834099], [114.205875989, 30.555834268], [114.205874253, 30.555834367], [114.205872706, 30.555834588], [114.205871149, 30.55583474], [114.205869447, 30.555835053], [114.20586773, 30.555835298], [114.205866217, 30.555835649], [114.205864683, 30.555835931], [114.205863026, 30.555836388], [114.205861345, 30.555836776], [114.205859878, 30.555837252], [114.205858385, 30.555837663], [114.205856787, 30.555838257], [114.205855159, 30.555838786], [114.205089527, 30.556125159], [114.205014639, 30.555949686], [114.205013724, 30.555947662], [114.204340278, 30.554535364], [114.204351759, 30.554536583], [114.204352456, 30.554536654], [114.204589456, 30.554559654], [114.204590511, 30.554559749], [114.204734512, 30.554571748], [114.204734722, 30.554571766], [114.20506956, 30.554598753], [114.205751775, 30.554656602], [114.20604644, 30.55469405], [114.206113398, 30.554707441], [114.206209399, 30.554727602], [114.206293716, 30.554754129], [114.206380392, 30.554784557], [114.206452051, 30.554825376], [114.206516349, 30.554867269], [114.20651826, 30.554868391], [114.206520132, 30.554869561], [114.206520867, 30.554869932], [114.206521568, 30.554870347], [114.206594929, 30.55490941], [114.206733607, 30.555006093], [114.206734396, 30.555006635], [114.207015298, 30.55519654], [114.207137122, 30.555300821], [114.207351747, 30.55549049], [114.207352207, 30.555490893], [114.2074122, 30.555542887], [114.207540193, 30.555653881], [114.207542303, 30.555655632], [114.207620164, 30.555717521], [114.207670155, 30.555757711], [114.207713817, 30.555795381], [114.207718714, 30.555802863], [114.20782834, 30.55601829], [114.205467497, 30.557010774]]]}, "properties": {"id": 5117, "land_type": "居住用地"}}, {"type": "Feature", "geometry": {"type": "Polygon", "coordinates": [[[114.209935397, 30.554267117], [114.20992883, 30.554267784], [114.209922372, 30.554269003], [114.209916083, 30.55427076], [114.209910025, 30.55427304], [114.209904255, 30.55427582], [114.209898829, 30.554279074], [114.2098938, 30.554282771], [114.209889216, 30.554286873], [114.209885121, 30.554291344], [114.209881555, 30.554296138], [114.20987855, 30.55430121], [114.209808404, 30.554435577], [114.209708073, 30.554599843], [114.209108834, 30.555482723], [114.209108613, 30.555483089], [114.209108356, 30.555483438], [114.209035639, 30.555594158], [114.207967825, 30.555965414], [114.207929333, 30.555900172], [114.20788159, 30.555815627], [114.207879697, 30.555812519], [114.207839422, 30.555750965], [114.207140809, 30.554378113], [114.207140348, 30.554377227], [114.206753215, 30.553649822], [114.207028243, 30.553515464], [114.20702855, 30.553515313], [114.207301358, 30.553380409], [114.207570164, 30.553249503], [114.207575753, 30.553246461], [114.207580969, 30.553242961], [114.207585761, 30.553239038], [114.207590082, 30.553234729], [114.207593895, 30.553230077], [114.207597156, 30.553225126], [114.207599841, 30.553219921], [114.20760192, 30.553214516], [114.207603373, 30.553208962], [114.207604187, 30.553203312], [114.207604355, 30.55319762], [114.207603873, 30.553191941], [114.207602748, 30.553186331], [114.207600989, 30.553180842], [114.207598614, 30.553175528], [114.207595646, 30.55317044], [114.207592113, 30.553165627], [114.207588049, 30.553161136], [114.207583494, 30.55315701], [114.20757849, 30.553153288], [114.207573087, 30.553150006], [114.207567338, 30.553147196], [114.207561294, 30.553144884], [114.207555018, 30.553143094], [114.207548568, 30.553141842], [114.207542006, 30.553141141], [114.207535396, 30.553140998], [114.207528803, 30.553141412], [114.207522288, 30.553142382], [114.207515914, 30.553143895], [114.207509743, 30.55314594], [114.207503836, 30.553148496], [114.207234836, 30.553279497], [114.20723445, 30.553279686], [114.206961604, 30.55341461], [114.206696863, 30.553543941], [114.206378863, 30.552946429], [114.208490683, 30.55213192], [114.210726629, 30.555006236], [114.209307321, 30.555499701], [114.209263991, 30.555484076], [114.209825167, 30.554657276], [114.209826629, 30.554655008], [114.209928629, 30.554488008], [114.20993045, 30.55448479], [114.21000145, 30.55434879], [114.210003861, 30.554343488], [114.210005659, 30.554338009], [114.210006823, 30.554332404], [114.210007344, 30.554326728], [114.210007216, 30.554321036], [114.210006441, 30.554315381], [114.210005027, 30.554309819], [114.210002986, 30.554304404], [114.210000338, 30.554299187], [114.20999711, 30.554294218], [114.209993331, 30.554289546], [114.209989039, 30.554285215], [114.209984275, 30.554281268], [114.209979083, 30.554277741], [114.209973516, 30.554274669], [114.209967625, 30.554272083], [114.20996147, 30.554270006], [114.209955107, 30.554268459], [114.209948598, 30.554267456], [114.209942007, 30.554267007], [114.209935397, 30.554267117]]]}, "properties": {"id": 5118, "land_type": "居住用地"}}, {"type": "Feature", "geometry": {"type": "Polygon", "coordinates": [[[114.222609588, 30.548261049], [114.222614597, 30.548276073], [114.222616387, 30.548290995], [114.222615038, 30.548307862], [114.222612003, 30.548322428], [114.222574669, 30.548398876], [114.222519517, 30.548479266], [114.222488894, 30.548516014], [114.222446365, 30.548554844], [114.222274749, 30.548706505], [114.222269407, 30.548711838], [114.222246407, 30.548737839], [114.222242455, 30.548742824], [114.222239126, 30.548748138], [114.222236455, 30.548753721], [114.222218456, 30.54879772], [114.22221689, 30.548802087], [114.22219589, 30.548870087], [114.222195534, 30.548871291], [114.222171533, 30.548956291], [114.222170329, 30.548961641], [114.222169712, 30.548967065], [114.222166713, 30.549018065], [114.22216671, 30.54901972], [114.222166629, 30.549021374], [114.222166705, 30.549022566], [114.222166703, 30.549023759], [114.222166888, 30.549025407], [114.222166996, 30.549027059], [114.222171995, 30.54906806], [114.222172891, 30.549073191], [114.222174318, 30.549078234], [114.22217626, 30.549083146], [114.222178705, 30.549087889], [114.222200522, 30.549125573], [114.222229267, 30.549176774], [114.222237812, 30.549206679], [114.222238518, 30.549233512], [114.22223452, 30.549257497], [114.222225022, 30.54927717], [114.222179534, 30.549350726], [114.222178272, 30.549352873], [114.222125272, 30.549447873], [114.222125063, 30.549448251], [114.222079062, 30.54953225], [114.22207653, 30.549537536], [114.222074614, 30.549543011], [114.222059614, 30.549595012], [114.222058305, 30.549601099], [114.221430385, 30.548577897], [114.221332538, 30.548402062], [114.222553776, 30.548154602], [114.222609588, 30.548261049]]]}, "properties": {"id": 5119, "land_type": "行政办公用地"}}, {"type": "Feature", "geometry": {"type": "Polygon", "coordinates": [[[114.220815901, 30.5504744], [114.220809384, 30.55047536], [114.220803008, 30.550476867], [114.220796833, 30.550478904], [114.220790922, 30.550481453], [114.220785328, 30.550484489], [114.220780106, 30.550487982], [114.220775308, 30.550491899], [114.220770978, 30.550496202], [114.220767159, 30.55050085], [114.220763888, 30.550505798], [114.220761195, 30.550510999], [114.220759107, 30.550516402], [114.220757645, 30.550521953], [114.22075682, 30.550527603], [114.220756644, 30.550533295], [114.220757116, 30.550538975], [114.220758231, 30.550544587], [114.2207736, 30.550604144], [114.220851216, 30.551105664], [114.220852627, 30.551112033], [114.220863474, 30.551149507], [114.220964098, 30.551527095], [114.220987152, 30.551627955], [114.221003666, 30.551804756], [114.221007634, 30.552036853], [114.221012635, 30.552310912], [114.22101271, 30.552312892], [114.22102071, 30.552450893], [114.221021265, 30.552455964], [114.221049232, 30.552629758], [114.221062863, 30.552719179], [114.219961057, 30.552863595], [114.219635698, 30.55185295], [114.219284786, 30.550618167], [114.220451141, 30.550345114], [114.220902606, 30.550246231], [114.220902726, 30.550246199], [114.220902849, 30.550246177], [114.221443221, 30.550125984], [114.221552218, 30.550112599], [114.221640917, 30.550104714], [114.221648773, 30.550103608], [114.221656422, 30.550101714], [114.221758422, 30.550070714], [114.221762861, 30.55006921], [114.222107148, 30.549940314], [114.222118685, 30.549963091], [114.222136178, 30.550001966], [114.222139654, 30.550008467], [114.222222654, 30.550141467], [114.222223663, 30.550143026], [114.222276662, 30.550222026], [114.222278336, 30.550224388], [114.222308512, 30.550264789], [114.222573528, 30.550740957], [114.222366739, 30.550839062], [114.222167022, 30.550931931], [114.2218287, 30.551088834], [114.221798819, 30.55109598], [114.221745864, 30.55109598], [114.220983052, 30.551079153], [114.220906783, 30.550586334], [114.220905769, 30.550581413], [114.220889769, 30.550519412], [114.22088802, 30.550513921], [114.220885655, 30.550508604], [114.220882694, 30.550503513], [114.22087917, 30.550498696], [114.220875114, 30.550494198], [114.220870564, 30.550490067], [114.220865569, 30.550486338], [114.220860171, 30.550483049], [114.220854425, 30.550480232], [114.220848387, 30.550477913], [114.220842113, 30.550476115], [114.220835665, 30.550474855], [114.220829105, 30.550474145], [114.220822496, 30.550473993], [114.220815901, 30.5504744]]]}, "properties": {"id": 5120, "land_type": "居住用地"}}, {"type": "Feature", "geometry": {"type": "Polygon", "coordinates": [[[114.223148253, 30.552316495], [114.223148809, 30.552319265], [114.223177034, 30.552442067], [114.221196104, 30.552701714], [114.221182801, 30.552614448], [114.221182736, 30.552614035], [114.221155142, 30.552442561], [114.221147347, 30.552308097], [114.221142366, 30.552035117], [114.221138367, 30.551801145], [114.221138157, 30.551797347], [114.221121157, 30.551615348], [114.221120105, 30.551608795], [114.221096104, 30.551503794], [114.221095666, 30.551502022], [114.221014093, 30.551195917], [114.221743275, 30.551212001], [114.221745001, 30.551212021], [114.221808, 30.551212021], [114.221814075, 30.551211784], [114.221819217, 30.551211181], [114.222418218, 30.552203755], [114.222421551, 30.552208673], [114.222425428, 30.552213285], [114.222429811, 30.552217548], [114.222434658, 30.55222142], [114.222439923, 30.552224865], [114.222445554, 30.552227848], [114.222451498, 30.552230342], [114.222457697, 30.552232323], [114.222464092, 30.55223377], [114.222470619, 30.552234671], [114.222477219, 30.552235016], [114.222483827, 30.552234803], [114.222490377, 30.552234032], [114.222496809, 30.552232713], [114.22250306, 30.552230857], [114.222509069, 30.552228482], [114.222514779, 30.552225612], [114.222520135, 30.552222274], [114.222525086, 30.552218499], [114.222529581, 30.552214324], [114.222533582, 30.552209791], [114.222537047, 30.552204942], [114.222539943, 30.552199823], [114.222542241, 30.552194484], [114.222543922, 30.552188978], [114.222544969, 30.552183355], [114.222545369, 30.552177673], [114.222545122, 30.552171983], [114.222544228, 30.552166341], [114.222542695, 30.552160802], [114.22254054, 30.552155419], [114.222537782, 30.552150244], [114.221944398, 30.551166976], [114.222230945, 30.551034084], [114.22223101, 30.551034053], [114.222431011, 30.550941053], [114.22243151, 30.55094082], [114.222631861, 30.550845769], [114.222803343, 30.551153876], [114.222932851, 30.551408734], [114.223032463, 30.55164278], [114.223148253, 30.552316495]]]}, "properties": {"id": 5121, "land_type": "居住用地"}}, {"type": "Feature", "geometry": {"type": "Polygon", "coordinates": [[[114.22318678, 30.551647386], [114.223255932, 30.551794332], [114.223314463, 30.551986511], [114.223352155, 30.552136288], [114.223352431, 30.55213734], [114.223383431, 30.55225034], [114.223385574, 30.552256568], [114.223388512, 30.552262552], [114.223433512, 30.552341552], [114.223434353, 30.552342978], [114.22347128, 30.552403527], [114.22331038, 30.552424598], [114.223281309, 30.552298114], [114.223164747, 30.551619905], [114.223163393, 30.551614094], [114.223161359, 30.551608433], [114.223157149, 30.551598544], [114.22318678, 30.551647386]]]}, "properties": {"id": 5122, "land_type": "居住用地"}}, {"type": "Feature", "geometry": {"type": "Polygon", "coordinates": [[[114.224831039, 30.53448163], [114.225096572, 30.53492437], [114.224770884, 30.535295637], [114.224475104, 30.535559932], [114.224216991, 30.535724372], [114.224169183, 30.535747773], [114.224156851, 30.53573146], [114.223999585, 30.535450409], [114.223720492, 30.534948499], [114.22371524, 30.534939707], [114.223406941, 30.534457608], [114.223362292, 30.534387787], [114.223381899, 30.534353931], [114.223458573, 30.534302266], [114.224454419, 30.53385356], [114.224831039, 30.53448163]]]}, "properties": {"id": 5126, "land_type": "公园与绿地用地"}}, {"type": "Feature", "geometry": {"type": "Polygon", "coordinates": [[[114.228583334, 30.534333334], [114.228583334, 30.53425], [114.228, 30.53425], [114.228, 30.534333334], [114.227833333, 30.534333334], [114.227833333, 30.53425], [114.22775, 30.53425], [114.22775, 30.534333334], [114.227416667, 30.534333334], [114.227416667, 30.534416666], [114.227250001, 30.534416666], [114.227250001, 30.534333334], [114.227166667, 30.534333334], [114.227166667, 30.534416666], [114.227083334, 30.534416666], [114.227083334, 30.53425], [114.227, 30.53425], [114.227, 30.534333334], [114.226916667, 30.534333334], [114.226916667, 30.53425], [114.226833334, 30.53425], [114.226833334, 30.534166667], [114.22675, 30.534166667], [114.22675, 30.53425], [114.226666667, 30.53425], [114.226666667, 30.534166667], [114.226583333, 30.534166667], [114.226583333, 30.534083334], [114.226416667, 30.534083334], [114.226416667, 30.534], [114.226166666, 30.534], [114.226166666, 30.534083334], [114.226083333, 30.534083334], [114.226083333, 30.534166667], [114.225986325, 30.534166667], [114.226143917, 30.534004262], [114.226488929, 30.533791059], [114.227016506, 30.533609202], [114.227528582, 30.53354368], [114.227969462, 30.53349445], [114.228857764, 30.53339525], [114.228866965, 30.533393654], [114.229652664, 30.533207554], [114.229659824, 30.53320548], [114.230518024, 30.53290978], [114.23052319, 30.532907779], [114.230528144, 30.532905412], [114.231126907, 30.532590089], [114.234223567, 30.531002064], [114.234704968, 30.530755145], [114.234779817, 30.530919498], [114.23584521, 30.533847455], [114.235848735, 30.533855165], [114.236002135, 30.534131065], [114.236002484, 30.534131621], [114.236002784, 30.534132199], [114.236003592, 30.534133423], [114.23600433, 30.53413468], [114.236004833, 30.534135363], [114.23600528, 30.534136074], [114.23600569, 30.534136599], [114.236006055, 30.534137148], [114.236006999, 30.534138298], [114.236007875, 30.534139486], [114.236008454, 30.534140124], [114.23600898, 30.534140794], [114.236009449, 30.534141281], [114.236009872, 30.534141798], [114.236010943, 30.534142862], [114.23601195, 30.53414397], [114.2360126, 30.534144556], [114.236013199, 30.534145178], [114.23601372, 30.534145623], [114.236014201, 30.534146102], [114.236015388, 30.53414707], [114.236016517, 30.534148089], [114.23601723, 30.534148616], [114.236017897, 30.534149186], [114.236018466, 30.534149585], [114.236018999, 30.53415002], [114.23602029, 30.534150884], [114.236021529, 30.534151803], [114.236022298, 30.534152267], [114.236023028, 30.534152778], [114.236023641, 30.534153126], [114.23602422, 30.534153514], [114.236025603, 30.534154265], [114.236026941, 30.534155074], [114.23602776, 30.534155473], [114.236028543, 30.534155918], [114.236029192, 30.534156214], [114.236029814, 30.534156551], [114.236031275, 30.534157182], [114.236032076, 30.534157571], [114.235996065, 30.53417638], [114.235990587, 30.534179569], [114.235985497, 30.534183204], [114.235980847, 30.534187251], [114.235976678, 30.534191673], [114.235973034, 30.534196424], [114.235969948, 30.534201461], [114.235967448, 30.534206733], [114.235965562, 30.534212191], [114.235964305, 30.534217782], [114.235963692, 30.534223452], [114.235963725, 30.534229147], [114.235964408, 30.534234811], [114.235965731, 30.534240391], [114.235967683, 30.534245832], [114.235970244, 30.534251082], [114.235973391, 30.534256091], [114.235977094, 30.534260809], [114.235981314, 30.534265193], [114.235986013, 30.534269198], [114.235991146, 30.534272788], [114.235996662, 30.534275928], [114.236002509, 30.534278586], [114.236008631, 30.534280739], [114.236014968, 30.534282364], [114.236021459, 30.534283446], [114.236028042, 30.534283975], [114.236034654, 30.534283945], [114.23604123, 30.534283358], [114.236047708, 30.534282219], [114.236054025, 30.534280537], [114.23606012, 30.53427833], [114.236065935, 30.53427562], [114.238058861, 30.53323466], [114.239383925, 30.532546575], [114.24011406, 30.532189053], [114.240919903, 30.533730228], [114.241393263, 30.534663236], [114.241393287, 30.534663277], [114.241393306, 30.534663319], [114.241821399, 30.535503538], [114.241955064, 30.535822358], [114.241997577, 30.535941985], [114.241997736, 30.535942427], [114.242050034, 30.536085503], [114.242116889, 30.536325399], [114.242153182, 30.536519609], [114.242178836, 30.536732746], [114.242191009, 30.536905965], [114.242190235, 30.536942644], [114.242183703, 30.537087173], [114.242167752, 30.537321448], [114.242110482, 30.538091829], [114.242057915, 30.538084737], [114.241938378, 30.538067059], [114.241808764, 30.53794996], [114.241806952, 30.537948475], [114.241805179, 30.537946952], [114.241804557, 30.537946514], [114.241803972, 30.537946035], [114.241801999, 30.53794471], [114.241800063, 30.537943346], [114.241799393, 30.537942961], [114.241798758, 30.537942535], [114.241796644, 30.537941383], [114.24179456, 30.537940189], [114.24179385, 30.537939862], [114.241793169, 30.537939491], [114.241790934, 30.537938524], [114.241788725, 30.537937511], [114.24178798, 30.537937246], [114.241787262, 30.537936935], [114.241784926, 30.537936161], [114.241782613, 30.537935338], [114.241781842, 30.537935137], [114.241781092, 30.537934888], [114.24177868, 30.537934315], [114.241776284, 30.537933692], [114.241775494, 30.537933558], [114.241774718, 30.537933374], [114.241772252, 30.537933007], [114.241769797, 30.537932589], [114.241768997, 30.537932522], [114.241768202, 30.537932403], [114.241765707, 30.537932246], [114.241763217, 30.537932038], [114.241762412, 30.537932039], [114.241761609, 30.537931989], [114.241759107, 30.537932043], [114.241756605, 30.537932045], [114.241755803, 30.537932115], [114.241754999, 30.537932132], [114.241752516, 30.537932397], [114.241750026, 30.537932611], [114.241749237, 30.537932748], [114.241748438, 30.537932832], [114.241745996, 30.537933306], [114.241743543, 30.53793373], [114.241742773, 30.537933932], [114.241741988, 30.537934084], [114.241739612, 30.537934761], [114.241737219, 30.53793539], [114.241736475, 30.537935656], [114.241735711, 30.537935874], [114.241733424, 30.537936749], [114.241731114, 30.537937576], [114.24146471, 30.538046471], [114.241266962, 30.538080068], [114.241259111, 30.538081831], [114.241251564, 30.538084393], [114.240655563, 30.538323394], [114.240655246, 30.538323522], [114.240067246, 30.538562523], [114.240061453, 30.538565182], [114.240055988, 30.538568315], [114.240050901, 30.53857189], [114.240046244, 30.538575875], [114.240042059, 30.538580233], [114.239989058, 30.538641232], [114.239985657, 30.538645536], [114.239982717, 30.538650086], [114.239980263, 30.538654844], [114.239978315, 30.538659772], [114.239976885, 30.538664832], [114.239953887, 30.538765831], [114.239952895, 30.538771829], [114.239952635, 30.538777883], [114.239953109, 30.538783927], [114.239954311, 30.538789897], [114.239956231, 30.538795725], [114.239994231, 30.538891724], [114.23999644, 30.53889658], [114.24021744, 30.539324579], [114.24022022, 30.539329359], [114.2402235, 30.539333898], [114.240398501, 30.539552898], [114.240402663, 30.539557578], [114.240407355, 30.53956187], [114.240412528, 30.539565731], [114.240418129, 30.53956912], [114.240424102, 30.539572001], [114.240430383, 30.539574345], [114.240582382, 30.539623346], [114.240587673, 30.53962484], [114.24059309, 30.539625953], [114.240598595, 30.539626676], [114.240766595, 30.539642676], [114.240773739, 30.539643027], [114.240780886, 30.539642723], [114.240787956, 30.539641769], [114.240957956, 30.539610768], [114.240964349, 30.539609317], [114.240970546, 30.539607333], [114.240976488, 30.539604836], [114.240982117, 30.539601847], [114.240987379, 30.539598399], [114.240992222, 30.539594523], [114.240996603, 30.539590258], [114.241000475, 30.539585642], [114.241003805, 30.539580722], [114.241006558, 30.539575545], [114.241008708, 30.53957016], [114.241010236, 30.53956462], [114.241011125, 30.539558976], [114.241011368, 30.539553286], [114.241010963, 30.539547603], [114.241009912, 30.53954198], [114.241008227, 30.539536474], [114.241005924, 30.539531135], [114.241003023, 30.539526018], [114.240999555, 30.539521171], [114.240995551, 30.539516639], [114.240991051, 30.539512466], [114.240986098, 30.539508694], [114.240980739, 30.539505358], [114.240975026, 30.539502492], [114.240969015, 30.53950012], [114.240962763, 30.539498268], [114.24095633, 30.539496952], [114.240949779, 30.539496186], [114.240943172, 30.539495976], [114.240936572, 30.539496326], [114.240930045, 30.539497231], [114.24077064, 30.5395263], [114.240621752, 30.539512119], [114.240497477, 30.539472057], [114.240338029, 30.539272519], [114.240120792, 30.538851804], [114.24008958, 30.538772952], [114.240106155, 30.538700163], [114.240139904, 30.53866132], [114.240712596, 30.538428542], [114.241301042, 30.538192572], [114.241490822, 30.538160327], [114.241897502, 30.538178768], [114.2420356, 30.538199192], [114.24203609, 30.538199243], [114.242036575, 30.538199329], [114.242101897, 30.538208143], [114.242099764, 30.538237279], [114.242026782, 30.539197065], [114.241990389, 30.539641807], [114.241976404, 30.539807287], [114.241971404, 30.53986649], [114.241971374, 30.539866897], [114.241971368, 30.539866932], [114.241971368, 30.539866969], [114.241971336, 30.539867391], [114.241968794, 30.539905719], [114.241949794, 30.540137903], [114.24179056, 30.542067634], [114.241766635, 30.542118047], [114.241764131, 30.542124327], [114.241762476, 30.542130812], [114.241761693, 30.542137418], [114.241758679, 30.54219571], [114.24174167, 30.542195122], [114.241716122, 30.542192284], [114.241606223, 30.54215753], [114.241605705, 30.542157368], [114.241472704, 30.542116368], [114.241470494, 30.542115723], [114.241390493, 30.542093723], [114.241388781, 30.542093274], [114.241324783, 30.542077274], [114.2413224, 30.542076718], [114.241012566, 30.542009755], [114.240586162, 30.541915591], [114.240613282, 30.54146903], [114.24061336, 30.541467211], [114.240622358, 30.541096229], [114.240635358, 30.540575246], [114.240635362, 30.540572959], [114.240633363, 30.540476959], [114.240633325, 30.540475797], [114.240630325, 30.540407797], [114.240630083, 30.540404621], [114.240626083, 30.54036762], [114.240625436, 30.54036335], [114.240624421, 30.540359133], [114.240614422, 30.540324134], [114.24061389, 30.540322389], [114.24060189, 30.540285389], [114.240600131, 30.540280731], [114.24059792, 30.540276218], [114.240580921, 30.540245219], [114.240576594, 30.540238515], [114.240558594, 30.540214516], [114.240555496, 30.540210726], [114.240523609, 30.540174854], [114.240494722, 30.540141981], [114.240489016, 30.540136294], [114.240425698, 30.540080891], [114.240332038, 30.539994061], [114.240215272, 30.539868538], [114.240049187, 30.539657245], [114.239971567, 30.539540816], [114.239903865, 30.539421109], [114.239810146, 30.539246636], [114.239807722, 30.539242553], [114.239775722, 30.539193552], [114.239772897, 30.539189604], [114.239747897, 30.539157605], [114.239744114, 30.539153222], [114.239739869, 30.539149165], [114.239716869, 30.539129165], [114.239715682, 30.539128158], [114.23968668, 30.539104158], [114.239682292, 30.539100829], [114.239677587, 30.539097841], [114.239672599, 30.539095216], [114.23965199, 30.539085403], [114.239595379, 30.539057594], [114.239589643, 30.539055081], [114.23951084, 30.539024545], [114.239491016, 30.539016049], [114.239484932, 30.539013756], [114.239478616, 30.53901199], [114.239448617, 30.539004991], [114.239443729, 30.539004017], [114.239438771, 30.539003359], [114.239419726, 30.539001455], [114.239404677, 30.538999574], [114.239397181, 30.538999003], [114.239389658, 30.538999155], [114.2393822, 30.539000029], [114.2393702, 30.53900203], [114.239366167, 30.539002812], [114.239348167, 30.539006813], [114.239342023, 30.539008451], [114.239326023, 30.539013451], [114.239319286, 30.539015921], [114.239312898, 30.539019006], [114.239306937, 30.53902267], [114.239301474, 30.53902687], [114.239287473, 30.539038871], [114.239283506, 30.53904258], [114.239279929, 30.539046572], [114.239270928, 30.539057572], [114.239265899, 30.539064776], [114.2392559, 30.539081776], [114.239253291, 30.539086786], [114.239251244, 30.539091986], [114.239244243, 30.539112986], [114.239242468, 30.53911986], [114.239237468, 30.539146859], [114.239236774, 30.539152164], [114.239234774, 30.539178164], [114.239185828, 30.539822446], [114.239125081, 30.54039109], [114.239080646, 30.540649793], [114.23903506, 30.540837095], [114.239034291, 30.540840871], [114.239011291, 30.54098087], [114.239010663, 30.540987094], [114.239005746, 30.541115936], [114.238994187, 30.541208401], [114.23897867, 30.541293744], [114.238971218, 30.541325415], [114.238940568, 30.541434606], [114.238878193, 30.541573003], [114.238878102, 30.541573238], [114.238877986, 30.541573466], [114.238877058, 30.541575939], [114.238876105, 30.541578405], [114.238876041, 30.541578648], [114.238875952, 30.541578884], [114.23887531, 30.541581424], [114.238874643, 30.541583958], [114.238874607, 30.541584206], [114.238874546, 30.541584448], [114.238874195, 30.54158703], [114.23887382, 30.541589609], [114.238873812, 30.541589857], [114.238873779, 30.541590104], [114.238873724, 30.541592703], [114.238873644, 30.541595301], [114.238873664, 30.54159555], [114.238873659, 30.541595798], [114.238873901, 30.541598389], [114.238874117, 30.541600982], [114.238874165, 30.541601226], [114.238874189, 30.541601474], [114.238874723, 30.541604032], [114.238875233, 30.541606593], [114.238875309, 30.541606833], [114.23887536, 30.541607078], [114.238876184, 30.541609578], [114.238876983, 30.541612086], [114.238877086, 30.541612318], [114.238877164, 30.541612557], [114.238878269, 30.541614976], [114.238879349, 30.541617402], [114.238879478, 30.541617624], [114.238879584, 30.541617856], [114.238880958, 30.54162017], [114.238882309, 30.541622494], [114.238882463, 30.541622705], [114.238882595, 30.541622926], [114.238884226, 30.541625112], [114.238885835, 30.541627311], [114.238886012, 30.541627508], [114.238886168, 30.541627717], [114.238888039, 30.541629755], [114.238889892, 30.541631808], [114.23889009, 30.541631988], [114.238890268, 30.541632184], [114.238892364, 30.541634055], [114.23889444, 30.541635941], [114.238894658, 30.541636104], [114.238894859, 30.541636282], [114.238897156, 30.541637967], [114.238899438, 30.54163967], [114.238899674, 30.541639813], [114.238899892, 30.541639974], [114.238902372, 30.541641456], [114.238904835, 30.541642958], [114.238905086, 30.541643082], [114.238905323, 30.541643223], [114.238907958, 30.541644489], [114.238910581, 30.541645775], [114.238910845, 30.541645877], [114.238911097, 30.541645997], [114.238913863, 30.541647036], [114.23891662, 30.541648094], [114.238916894, 30.541648172], [114.238917158, 30.541648272], [114.23892003, 30.541649071], [114.238922894, 30.541649891], [114.238923175, 30.541649946], [114.238923449, 30.541650023], [114.240498449, 30.542016022], [114.240498862, 30.542016101], [114.240499266, 30.542016208], [114.240979266, 30.542122208], [114.240979601, 30.542122281], [114.241288404, 30.542189021], [114.241350359, 30.54220451], [114.241428395, 30.54222597], [114.241560035, 30.542266552], [114.241676777, 30.542303469], [114.241683978, 30.542305361], [114.24169138, 30.542306548], [114.24172738, 30.542310548], [114.241733305, 30.542310979], [114.241820305, 30.542313979], [114.241822782, 30.542313961], [114.241915583, 30.543281754], [114.241910034, 30.543283145], [114.241903897, 30.543285263], [114.24189803, 30.543287889], [114.241892491, 30.543290998], [114.241887332, 30.543294561], [114.241882603, 30.54329854], [114.241878351, 30.5433029], [114.241874614, 30.543307597], [114.24187143, 30.543312588], [114.24186883, 30.543317823], [114.241866838, 30.543323253], [114.241865474, 30.543328826], [114.24186475, 30.543334485], [114.241864674, 30.54334018], [114.241865246, 30.543345853], [114.241866461, 30.54335145], [114.241868307, 30.543356917], [114.241870767, 30.543362203], [114.241870855, 30.543362348], [114.241869449, 30.543363318], [114.241855268, 30.543375262], [114.241842513, 30.543388345], [114.241831309, 30.543402442], [114.241821763, 30.543417417], [114.241813969, 30.543433125], [114.241807998, 30.543449417], [114.241803912, 30.543466132], [114.241801746, 30.543483113], [114.241801525, 30.543500195], [114.241803247, 30.543517214], [114.241806899, 30.543534005], [114.241812445, 30.543550406], [114.24181983, 30.543566261], [114.241828983, 30.543581416], [114.241898383, 30.543683715], [114.241908859, 30.543697597], [114.241920819, 30.543710558], [114.241934154, 30.543722483], [114.241948745, 30.543733262], [114.241958381, 30.543739112], [114.241976337, 30.543935354], [114.24188413, 30.5440982], [114.24187632, 30.544113904], [114.241870337, 30.544130191], [114.241866235, 30.544146905], [114.241864056, 30.544163884], [114.241863818, 30.544180966], [114.241865527, 30.544197985], [114.241869164, 30.544214778], [114.241874695, 30.544231183], [114.241882067, 30.544247042], [114.241891207, 30.544262203], [114.24190203, 30.54427652], [114.24191443, 30.544289853], [114.241926694, 30.54430067], [114.241760229, 30.544659164], [114.241752593, 30.54467898], [114.241603493, 30.54516088], [114.241602923, 30.545162767], [114.241583333, 30.545229059], [114.241583333, 30.545166667], [114.2415, 30.545166667], [114.2415, 30.545083333], [114.241416666, 30.545083333], [114.241416666, 30.544916667], [114.2415, 30.544916667], [114.2415, 30.54475], [114.241416666, 30.54475], [114.241416666, 30.544583333], [114.241333333, 30.544583333], [114.241333333, 30.5445], [114.24125, 30.5445], [114.24125, 30.544416666], [114.241083334, 30.544416666], [114.241083334, 30.544333333], [114.241, 30.544333333], [114.241, 30.54425], [114.24075, 30.54425], [114.24075, 30.544333333], [114.240666667, 30.544333333], [114.240666667, 30.544416666], [114.240166667, 30.544416666], [114.240166667, 30.544333333], [114.240083333, 30.544333333], [114.240083333, 30.543916667], [114.24, 30.543916667], [114.24, 30.543833334], [114.2395, 30.543833334], [114.2395, 30.543916667], [114.239416667, 30.543916667], [114.239416667, 30.544], [114.238916667, 30.544], [114.238916667, 30.543583333], [114.239, 30.543583333], [114.239, 30.5435], [114.23925, 30.5435], [114.23925, 30.543583333], [114.239333334, 30.543583333], [114.239333334, 30.5435], [114.239416667, 30.5435], [114.239416667, 30.543333333], [114.239583334, 30.543333333], [114.239583334, 30.54325], [114.239666667, 30.54325], [114.239666667, 30.54275], [114.239750001, 30.54275], [114.239750001, 30.542583334], [114.239833334, 30.542583334], [114.239833334, 30.542666667], [114.239916667, 30.542666667], [114.239916667, 30.542583334], [114.240083333, 30.542583334], [114.240083333, 30.542666667], [114.240166667, 30.542666667], [114.240166667, 30.542583334], [114.24025, 30.542583334], [114.24025, 30.54275], [114.240333333, 30.54275], [114.240333333, 30.542833333], [114.240416667, 30.542833333], [114.240416667, 30.543083333], [114.24025, 30.543083333], [114.24025, 30.54325], [114.240166667, 30.54325], [114.240166667, 30.54375], [114.240583334, 30.54375], [114.240583334, 30.543833334], [114.240666667, 30.543833334], [114.240666667, 30.54375], [114.24075, 30.54375], [114.24075, 30.543916667], [114.240916667, 30.543916667], [114.240916667, 30.543416667], [114.240833334, 30.543416667], [114.240833334, 30.54325], [114.24075, 30.54325], [114.24075, 30.543166666], [114.240666667, 30.543166666], [114.240666667, 30.543083333], [114.24075, 30.543083333], [114.24075, 30.542916666], [114.240666667, 30.542916666], [114.240666667, 30.54275], [114.240583334, 30.54275], [114.240583334, 30.542666667], [114.2405, 30.542666667], [114.2405, 30.54225], [114.240416667, 30.54225], [114.240416667, 30.542166667], [114.240333333, 30.542166667], [114.240333333, 30.542083333], [114.24, 30.542083333], [114.24, 30.542], [114.239666667, 30.542], [114.239666667, 30.541916667], [114.239583334, 30.541916667], [114.239583334, 30.541833333], [114.239083333, 30.541833333], [114.239083333, 30.54175], [114.23875, 30.54175], [114.23875, 30.541833333], [114.238666666, 30.541833333], [114.238666666, 30.542333333], [114.23875, 30.542333333], [114.23875, 30.542416667], [114.238666666, 30.542416667], [114.238666666, 30.5425], [114.2385, 30.5425], [114.2385, 30.542583334], [114.238583333, 30.542583334], [114.238583333, 30.542666667], [114.238416667, 30.542666667], [114.238416667, 30.542833333], [114.2385, 30.542833333], [114.2385, 30.542916666], [114.238416667, 30.542916666], [114.238416667, 30.543], [114.238333334, 30.543], [114.238333334, 30.543083333], [114.238166667, 30.543083333], [114.238166667, 30.543166666], [114.238083334, 30.543166666], [114.238083334, 30.543583333], [114.238166667, 30.543583333], [114.238166667, 30.543666667], [114.238083334, 30.543666667], [114.238083334, 30.544083333], [114.238333334, 30.544083333], [114.238333334, 30.544166666], [114.238416667, 30.544166666], [114.238416667, 30.54425], [114.2385, 30.54425], [114.2385, 30.544416666], [114.238583333, 30.544416666], [114.238583333, 30.5445], [114.23875, 30.5445], [114.23875, 30.544583333], [114.238833333, 30.544583333], [114.238833333, 30.54475], [114.238916667, 30.54475], [114.238916667, 30.544833333], [114.239083333, 30.544833333], [114.239083333, 30.544916667], [114.239333334, 30.544916667], [114.239333334, 30.545], [114.239416667, 30.545], [114.239416667, 30.545166667], [114.239583334, 30.545166667], [114.239583334, 30.545083333], [114.239666667, 30.545083333], [114.239666667, 30.545166667], [114.239750001, 30.545166667], [114.239750001, 30.545333334], [114.239833334, 30.545333334], [114.239833334, 30.545416667], [114.239916667, 30.545416667], [114.239916667, 30.5455], [114.24, 30.5455], [114.24, 30.545666666], [114.240083333, 30.545666666], [114.240083333, 30.545833333], [114.240166667, 30.545833333], [114.240166667, 30.545916666], [114.24025, 30.545916666], [114.24025, 30.546083333], [114.240333333, 30.546083333], [114.240333333, 30.546166667], [114.2405, 30.546166667], [114.2405, 30.54625], [114.240416667, 30.54625], [114.240416667, 30.546416667], [114.2405, 30.546416667], [114.2405, 30.5465], [114.240583334, 30.5465], [114.240583334, 30.546583334], [114.240833334, 30.546583334], [114.240833334, 30.546666667], [114.241156475, 30.546666667], [114.240892157, 30.547528194], [114.240463973, 30.548409156], [114.240356702, 30.548457618], [114.240353508, 30.548459158], [114.240240838, 30.548516988], [114.240169172, 30.548552822], [114.240164941, 30.548555122], [114.240030942, 30.548634122], [114.240028221, 30.548635812], [114.239831221, 30.548764814], [114.239827197, 30.548767667], [114.239634196, 30.548915667], [114.239630696, 30.548918552], [114.239455696, 30.549073552], [114.23945127, 30.549077883], [114.239294271, 30.549247883], [114.23928905, 30.549254405], [114.239132049, 30.549482404], [114.23912985, 30.549485864], [114.238881136, 30.549910375], [114.238746433, 30.550129891], [114.238746201, 30.550130319], [114.238745928, 30.55013073], [114.238434259, 30.550659292], [114.238327162, 30.550613118], [114.238321111, 30.550610822], [114.238314829, 30.550609047], [114.238308375, 30.550607812], [114.238301811, 30.550607127], [114.238295201, 30.550606999], [114.238288608, 30.550607431], [114.238282096, 30.550608417], [114.238275728, 30.550609947], [114.238269564, 30.550612008], [114.238263664, 30.55061458], [114.238258086, 30.550617636], [114.238252883, 30.550621149], [114.238248105, 30.550625084], [114.238243796, 30.550629403], [114.238240001, 30.550634066], [114.238236755, 30.550639026], [114.238234088, 30.550644237], [114.238232029, 30.550649647], [114.238230594, 30.550655205], [114.238229799, 30.550660858], [114.238229651, 30.55066655], [114.238230152, 30.550672227], [114.238231297, 30.550677835], [114.238233073, 30.55068332], [114.238235466, 30.550688628], [114.238238452, 30.550693708], [114.238242001, 30.550698512], [114.23824608, 30.550702993], [114.23825065, 30.550707108], [114.238255665, 30.550710818], [114.238261079, 30.550714087], [114.238266839, 30.550716883], [114.238374465, 30.550763284], [114.238335926, 30.550832062], [114.238331045, 30.550832962], [114.238318448, 30.550836428], [114.238306307, 30.55084094], [114.238294738, 30.550846455], [114.238283852, 30.55085292], [114.238273754, 30.550860272], [114.237621424, 30.551384652], [114.237119586, 30.551631606], [114.237019755, 30.551670146], [114.236542135, 30.551783397], [114.23523173, 30.552055462], [114.235229048, 30.552049753], [114.235118075, 30.551749938], [114.235111029, 30.551733735], [114.235034229, 30.551580734], [114.235024309, 30.551563621], [114.23492611, 30.551415221], [114.23492355, 30.55141176], [114.2349212, 30.551408192], [114.234918226, 30.55140456], [114.234915455, 30.551400813], [114.234912514, 30.551397585], [114.234909768, 30.551394232], [114.234906396, 30.551390869], [114.234903211, 30.551387374], [114.234899918, 30.551384409], [114.234896804, 30.551381304], [114.234893065, 30.551378243], [114.234889498, 30.551375032], [114.234885883, 30.55137236], [114.234883214, 30.551370175], [114.235078773, 30.551268695], [114.235084635, 30.551265279], [114.235127635, 30.55123728], [114.235133852, 30.551232696], [114.235163851, 30.551207695], [114.235164412, 30.551207223], [114.235198411, 30.551178222], [114.235203839, 30.551172997], [114.235208496, 30.551167245], [114.235330496, 30.550995245], [114.235333419, 30.550990674], [114.235335853, 30.550985895], [114.235348853, 30.550956896], [114.235349701, 30.550954898], [114.235357701, 30.550934898], [114.235359865, 30.550928211], [114.235368865, 30.550892211], [114.235369772, 30.550887737], [114.235374772, 30.550855738], [114.235374824, 30.550855397], [114.235384824, 30.550788397], [114.235385344, 30.550782721], [114.235385216, 30.550777029], [114.23538444, 30.550771374], [114.235383025, 30.550765812], [114.235380983, 30.550760396], [114.235378335, 30.550755179], [114.235375105, 30.550750211], [114.235371327, 30.550745539], [114.235367033, 30.550741208], [114.235362268, 30.550737261], [114.235357076, 30.550733735], [114.235351508, 30.550730663], [114.235345619, 30.550728079], [114.235339462, 30.550726002], [114.235333098, 30.550724454], [114.23532659, 30.550723453], [114.23532, 30.550723005], [114.235313389, 30.550723115], [114.235306823, 30.550723784], [114.235300364, 30.550725002], [114.235294076, 30.550726761], [114.235288018, 30.550729042], [114.235282248, 30.550731823], [114.235276822, 30.550735077], [114.235271794, 30.550738774], [114.23526721, 30.550742878], [114.235263116, 30.550747349], [114.235259551, 30.550752144], [114.235256548, 30.550757217], [114.235254137, 30.550762518], [114.23525234, 30.550767998], [114.235251176, 30.550773603], [114.235241202, 30.550840432], [114.23523658, 30.550870011], [114.235228985, 30.55090039], [114.235222703, 30.550916097], [114.235212336, 30.550939222], [114.235097773, 30.551100738], [114.235069867, 30.551124539], [114.235043095, 30.55114685], [114.235006193, 30.551170879], [114.234778698, 30.55128893], [114.234705775, 30.551223638], [114.234692968, 30.551213132], [114.234679144, 30.55120363], [114.234664407, 30.551195206], [114.234539707, 30.551130506], [114.234523141, 30.551122794], [114.234513897, 30.551119404], [114.234043153, 30.550407285], [114.234036629, 30.550398091], [114.233360455, 30.549508199], [114.232977032, 30.548878969], [114.232969525, 30.548796393], [114.232970263, 30.548785323], [114.232970373, 30.548782], [114.232970373, 30.548778557], [114.232971601, 30.548774568], [114.232975599, 30.548764173], [114.232980125, 30.548753614], [114.23298107, 30.548751912], [114.233005538, 30.548723127], [114.233089675, 30.548668254], [114.233091583, 30.548666964], [114.233175582, 30.548607964], [114.23317943, 30.548605045], [114.233183008, 30.548601883], [114.233248007, 30.548539883], [114.23325191, 30.5485358], [114.23334555, 30.548428215], [114.23337318, 30.548397625], [114.233377417, 30.548392357], [114.233449417, 30.548291357], [114.233450247, 30.54829016], [114.233477247, 30.548250161], [114.233477344, 30.54825], [114.2335, 30.54825], [114.2335, 30.5485], [114.233416667, 30.5485], [114.233416667, 30.548583333], [114.2335, 30.548583333], [114.2335, 30.548666666], [114.233666667, 30.548666666], [114.233666667, 30.54875], [114.23375, 30.54875], [114.23375, 30.548666666], [114.233916667, 30.548666666], [114.233916667, 30.548583333], [114.234, 30.548583333], [114.234, 30.5485], [114.234083334, 30.5485], [114.234083334, 30.548333333], [114.234, 30.548333333], [114.234, 30.548083334], [114.234250001, 30.548083334], [114.234250001, 30.547583333], [114.234166667, 30.547583333], [114.234166667, 30.5475], [114.234083334, 30.5475], [114.234083334, 30.547416666], [114.234166667, 30.547416666], [114.234166667, 30.547071521], [114.234314262, 30.547024029], [114.234398022, 30.547017122], [114.234553304, 30.547021885], [114.234965002, 30.547069504], [114.235107794, 30.547086129], [114.23526367, 30.547117499], [114.235271283, 30.547118641], [114.235279, 30.547119022], [114.235292001, 30.547119022], [114.235299511, 30.547118661], [114.235306928, 30.54711758], [114.235314159, 30.547115794], [114.235324159, 30.547112795], [114.23533088, 30.547110422], [114.235337266, 30.54710744], [114.235343242, 30.547103882], [114.2353457, 30.547102242], [114.235347828, 30.547101179], [114.235353403, 30.547098065], [114.235358595, 30.547094494], [114.235363352, 30.5470905], [114.235367629, 30.547086121], [114.235371386, 30.547081401], [114.235376385, 30.547074401], [114.235380188, 30.547068288], [114.235383115, 30.547061829], [114.235386114, 30.547053829], [114.235387638, 30.547049084], [114.23538869, 30.547044244], [114.235390691, 30.547032243], [114.235391168, 30.547028529], [114.235397169, 30.546962529], [114.235397256, 30.546961423], [114.235411216, 30.546758015], [114.235427108, 30.546586173], [114.235433043, 30.546534738], [114.235433076, 30.546534448], [114.235456043, 30.546324755], [114.235470807, 30.546203688], [114.235473364, 30.546202977], [114.235476424, 30.54620267], [114.235510065, 30.546208278], [114.23568006, 30.54625615], [114.235686062, 30.546257579], [114.235926062, 30.546304579], [114.235932573, 30.546305567], [114.235939166, 30.546306002], [114.235945776, 30.546305878], [114.235952341, 30.546305195], [114.235958795, 30.546303963], [114.235965079, 30.546302191], [114.23597113, 30.546299898], [114.235976891, 30.546297105], [114.235982307, 30.546293838], [114.235987325, 30.54629013], [114.235991897, 30.546286017], [114.235995979, 30.546281538], [114.235999532, 30.546276735], [114.23600252, 30.546271656], [114.236004916, 30.546266349], [114.236006698, 30.546260866], [114.236007845, 30.546255258], [114.23600835, 30.54624958], [114.236008205, 30.546243886], [114.236007413, 30.546238234], [114.236005982, 30.546232675], [114.236003924, 30.546227263], [114.236001262, 30.546222052], [114.235998018, 30.546217089], [114.235994225, 30.546212424], [114.235989921, 30.546208103], [114.235985144, 30.546204166], [114.235979943, 30.546200651], [114.235974366, 30.546197592], [114.235968469, 30.546195018], [114.235962306, 30.546192954], [114.235955939, 30.546191421], [114.235718977, 30.546145017], [114.23554794, 30.54609685], [114.2355398, 30.546095033], [114.235491801, 30.546087034], [114.235484982, 30.546086206], [114.235478103, 30.546085982], [114.235471232, 30.546086364], [114.235451232, 30.546088363], [114.235444706, 30.546089296], [114.235438317, 30.546090778], [114.235420318, 30.546095778], [114.235414709, 30.546097577], [114.235409307, 30.546099797], [114.235404156, 30.546102421], [114.235388156, 30.546111422], [114.235380754, 30.546116243], [114.235372755, 30.546122241], [114.2353682, 30.546125995], [114.235364071, 30.5461301], [114.235360406, 30.546134518], [114.235357406, 30.546138517], [114.235354557, 30.54614269], [114.235352121, 30.546147052], [114.235346119, 30.546159051], [114.235344796, 30.546161907], [114.235341795, 30.546168906], [114.235339526, 30.546175319], [114.235338131, 30.546181915], [114.23533713, 30.546188914], [114.235336995, 30.54618994], [114.235321995, 30.54631294], [114.235321924, 30.546313551], [114.23529894, 30.546523406], [114.235292956, 30.546575262], [114.235292839, 30.546576394], [114.235276838, 30.546749393], [114.235276744, 30.546750577], [114.235262782, 30.546954023], [114.235258842, 30.546997355], [114.235135332, 30.546972499], [114.235129028, 30.5469715], [114.234983027, 30.5469545], [114.234567968, 30.546906492], [114.234561398, 30.546906013], [114.234398398, 30.546901014], [114.234389578, 30.546901241], [114.234292578, 30.546909241], [114.23428675, 30.546909944], [114.234281016, 30.546911082], [114.23427542, 30.546912647], [114.234083334, 30.546974453], [114.234083334, 30.546916666], [114.233916667, 30.546916666], [114.233916667, 30.54675], [114.233833334, 30.54675], [114.233833334, 30.546833333], [114.23375, 30.546833333], [114.23375, 30.54675], [114.2335, 30.54675], [114.2335, 30.546916666], [114.233416667, 30.546916666], [114.233416667, 30.547], [114.233333333, 30.547], [114.233333333, 30.547083333], [114.23325, 30.547083333], [114.23325, 30.547166666], [114.233166667, 30.547166666], [114.233166667, 30.54725], [114.233083333, 30.54725], [114.233083333, 30.547416666], [114.233, 30.547416666], [114.233, 30.5475], [114.233083333, 30.5475], [114.233083333, 30.547583333], [114.233, 30.547583333], [114.233, 30.547666667], [114.233083333, 30.547666667], [114.233083333, 30.547916667], [114.233166667, 30.547916667], [114.233166667, 30.548], [114.23325, 30.548], [114.23325, 30.548083334], [114.233333333, 30.548083334], [114.233333333, 30.548166667], [114.233369241, 30.548166667], [114.233357359, 30.548196869], [114.233334159, 30.548231237], [114.233264532, 30.548328909], [114.233238821, 30.548357375], [114.233238091, 30.548358199], [114.233145933, 30.548464082], [114.233086437, 30.548520832], [114.233007359, 30.548576375], [114.232916326, 30.548635745], [114.232911319, 30.548639351], [114.232906743, 30.548643358], [114.232902636, 30.548647727], [114.232868636, 30.548687727], [114.232865179, 30.548692216], [114.232862223, 30.548696962], [114.232859115, 30.548702554], [114.232788358, 30.548600902], [114.232726322, 30.548511851], [114.23271378, 30.548495916], [114.232699273, 30.548481271], [114.232527456, 30.548326109], [114.231726981, 30.547120278], [114.230348876, 30.544974158], [114.230347423, 30.544971934], [114.230310697, 30.544916667], [114.230333333, 30.544916667], [114.230333333, 30.544833333], [114.230416667, 30.544833333], [114.230416667, 30.544666667], [114.230583333, 30.544666667], [114.230583333, 30.544583333], [114.23075, 30.544583333], [114.23075, 30.544666667], [114.230833333, 30.544666667], [114.230833333, 30.544583333], [114.231, 30.544583333], [114.231, 30.544666667], [114.231333334, 30.544666667], [114.231333334, 30.54475], [114.231416667, 30.54475], [114.231416667, 30.544833333], [114.231500001, 30.544833333], [114.231500001, 30.545], [114.231666666, 30.545], [114.231666666, 30.545166667], [114.23175, 30.545166667], [114.23175, 30.545333334], [114.232, 30.545333334], [114.232, 30.54525], [114.23225, 30.54525], [114.23225, 30.5445], [114.232333334, 30.5445], [114.232333334, 30.544416666], [114.232416667, 30.544416666], [114.232416667, 30.544333333], [114.232583334, 30.544333333], [114.232583334, 30.54425], [114.232666667, 30.54425], [114.232666667, 30.544166666], [114.232583334, 30.544166666], [114.232583334, 30.544083333], [114.2325, 30.544083333], [114.2325, 30.544], [114.232333334, 30.544], [114.232333334, 30.543833334], [114.23225, 30.543833334], [114.23225, 30.543666667], [114.232166667, 30.543666667], [114.232166667, 30.543583333], [114.232083333, 30.543583333], [114.232083333, 30.543416667], [114.232, 30.543416667], [114.232, 30.543333333], [114.231833333, 30.543333333], [114.231833333, 30.54325], [114.23175, 30.54325], [114.23175, 30.543083333], [114.231666666, 30.543083333], [114.231666666, 30.542833333], [114.231416667, 30.542833333], [114.231416667, 30.542666667], [114.231583334, 30.542666667], [114.231583334, 30.542416667], [114.231666666, 30.542416667], [114.231666666, 30.542166667], [114.23175, 30.542166667], [114.23175, 30.542083333], [114.232, 30.542083333], [114.232, 30.542166667], [114.232083333, 30.542166667], [114.232083333, 30.54225], [114.232583334, 30.54225], [114.232583334, 30.542166667], [114.232666667, 30.542166667], [114.232666667, 30.54225], [114.232750001, 30.54225], [114.232750001, 30.542166667], [114.232833334, 30.542166667], [114.232833334, 30.542083333], [114.232916667, 30.542083333], [114.232916667, 30.541916667], [114.233, 30.541916667], [114.233, 30.54175], [114.233166667, 30.54175], [114.233166667, 30.541583333], [114.23325, 30.541583333], [114.23325, 30.5415], [114.233333333, 30.5415], [114.233333333, 30.54125], [114.2335, 30.54125], [114.2335, 30.541166667], [114.233583333, 30.541166667], [114.233583333, 30.541083334], [114.233666667, 30.541083334], [114.233666667, 30.541], [114.233916667, 30.541], [114.233916667, 30.540916667], [114.234083334, 30.540916667], [114.234083334, 30.540833333], [114.234250001, 30.540833333], [114.234250001, 30.54075], [114.234333334, 30.54075], [114.234333334, 30.540666667], [114.234416666, 30.540666667], [114.234416666, 30.540583333], [114.234666667, 30.540583333], [114.234666667, 30.540333333], [114.23475, 30.540333333], [114.23475, 30.54025], [114.235083334, 30.54025], [114.235083334, 30.540166666], [114.235166667, 30.540166666], [114.235166667, 30.540083333], [114.235416667, 30.540083333], [114.235416667, 30.540166666], [114.235500001, 30.540166666], [114.235500001, 30.540083333], [114.235833333, 30.540083333], [114.235833333, 30.540166666], [114.235916666, 30.540166666], [114.235916666, 30.540083333], [114.236, 30.540083333], [114.236, 30.540166666], [114.23625, 30.540166666], [114.23625, 30.54025], [114.236333333, 30.54025], [114.236333333, 30.540166666], [114.236833334, 30.540166666], [114.236833334, 30.540083333], [114.237083334, 30.540083333], [114.237083334, 30.54], [114.237166667, 30.54], [114.237166667, 30.539916667], [114.23725, 30.539916667], [114.23725, 30.540083333], [114.23775, 30.540083333], [114.23775, 30.54], [114.238, 30.54], [114.238, 30.540083333], [114.238333334, 30.540083333], [114.238333334, 30.540166666], [114.238416667, 30.540166666], [114.238416667, 30.54025], [114.2385, 30.54025], [114.2385, 30.540083333], [114.238416667, 30.540083333], [114.238416667, 30.54], [114.2385, 30.54], [114.2385, 30.539916667], [114.23875, 30.539916667], [114.23875, 30.539333333], [114.238666666, 30.539333333], [114.238666666, 30.539166667], [114.23875, 30.539166667], [114.23875, 30.538833333], [114.238916667, 30.538833333], [114.238916667, 30.538666666], [114.238833333, 30.538666666], [114.238833333, 30.5385], [114.23875, 30.5385], [114.23875, 30.538416667], [114.238666666, 30.538416667], [114.238666666, 30.53825], [114.238583333, 30.53825], [114.238583333, 30.538166667], [114.238416667, 30.538166667], [114.238416667, 30.537833333], [114.238333334, 30.537833333], [114.238333334, 30.53775], [114.238250001, 30.53775], [114.238250001, 30.537666666], [114.238166667, 30.537666666], [114.238166667, 30.537583333], [114.238083334, 30.537583333], [114.238083334, 30.5375], [114.238, 30.5375], [114.238, 30.537416666], [114.237833334, 30.537416666], [114.237833334, 30.537333333], [114.23775, 30.537333333], [114.23775, 30.537166667], [114.237666667, 30.537166667], [114.237666667, 30.536833334], [114.237583333, 30.536833334], [114.237583333, 30.536666667], [114.2375, 30.536666667], [114.2375, 30.536583333], [114.237333333, 30.536583333], [114.237333333, 30.5365], [114.237166667, 30.5365], [114.237166667, 30.536333333], [114.23725, 30.536333333], [114.23725, 30.53625], [114.237166667, 30.53625], [114.237166667, 30.536166666], [114.237083334, 30.536166666], [114.237083334, 30.535916666], [114.237000001, 30.535916666], [114.237000001, 30.535833333], [114.236916667, 30.535833333], [114.236916667, 30.53575], [114.236833334, 30.53575], [114.236833334, 30.535666667], [114.23675, 30.535666667], [114.23675, 30.535583334], [114.236666667, 30.535583334], [114.236666667, 30.5355], [114.236583334, 30.5355], [114.236583334, 30.535416667], [114.236416667, 30.535416667], [114.236416667, 30.53525], [114.236333333, 30.53525], [114.236333333, 30.535083333], [114.23625, 30.535083333], [114.23625, 30.534916666], [114.236166667, 30.534916666], [114.236166667, 30.534833333], [114.236, 30.534833333], [114.236, 30.53475], [114.235916666, 30.53475], [114.235916666, 30.534666666], [114.235833333, 30.534666666], [114.235833333, 30.534583333], [114.235500001, 30.534583333], [114.235500001, 30.534666666], [114.234916667, 30.534666666], [114.234916667, 30.53475], [114.2345, 30.53475], [114.2345, 30.534666666], [114.234416666, 30.534666666], [114.234416666, 30.534499999], [114.234083334, 30.534499999], [114.234083334, 30.534583333], [114.233833334, 30.534583333], [114.233833334, 30.534666666], [114.2335, 30.534666666], [114.2335, 30.534583333], [114.233416667, 30.534583333], [114.233416667, 30.534666666], [114.232916667, 30.534666666], [114.232916667, 30.53475], [114.232833334, 30.53475], [114.232833334, 30.534833333], [114.232583334, 30.534833333], [114.232583334, 30.53475], [114.232416667, 30.53475], [114.232416667, 30.534833333], [114.232333334, 30.534833333], [114.232333334, 30.534916666], [114.232083333, 30.534916666], [114.232083333, 30.534833333], [114.231666666, 30.534833333], [114.231666666, 30.534916666], [114.231416667, 30.534916666], [114.231416667, 30.535], [114.231, 30.535], [114.231, 30.535083333], [114.23075, 30.535083333], [114.23075, 30.534916666], [114.230666667, 30.534916666], [114.230666667, 30.534833333], [114.230583333, 30.534833333], [114.230583333, 30.53475], [114.2305, 30.53475], [114.2305, 30.534666666], [114.230333333, 30.534666666], [114.230333333, 30.53475], [114.230416667, 30.53475], [114.230416667, 30.534833333], [114.2305, 30.534833333], [114.2305, 30.534916666], [114.23025, 30.534916666], [114.23025, 30.534833333], [114.230166667, 30.534833333], [114.230166667, 30.53475], [114.230000001, 30.53475], [114.230000001, 30.534666666], [114.229916667, 30.534666666], [114.229916667, 30.534583333], [114.229833334, 30.534583333], [114.229833334, 30.534499999], [114.229083333, 30.534499999], [114.229083333, 30.534416666], [114.229, 30.534416666], [114.229, 30.534333334], [114.228583334, 30.534333334]], [[114.238250001, 30.534916666], [114.238166667, 30.534916666], [114.238166667, 30.534833333], [114.238083334, 30.534833333], [114.238083334, 30.534666666], [114.237916667, 30.534666666], [114.237916667, 30.534583333], [114.23775, 30.534583333], [114.23775, 30.534499999], [114.237583333, 30.534499999], [114.237583333, 30.534583333], [114.237416667, 30.534583333], [114.237416667, 30.534666666], [114.237333333, 30.534666666], [114.237333333, 30.53475], [114.237166667, 30.53475], [114.237166667, 30.534833333], [114.237083334, 30.534833333], [114.237083334, 30.534916666], [114.237166667, 30.534916666], [114.237166667, 30.535083333], [114.237083334, 30.535083333], [114.237083334, 30.535166667], [114.237166667, 30.535166667], [114.237166667, 30.535333333], [114.237333333, 30.535333333], [114.237333333, 30.535416667], [114.2375, 30.535416667], [114.2375, 30.5355], [114.237666667, 30.5355], [114.237666667, 30.535416667], [114.237916667, 30.535416667], [114.237916667, 30.535333333], [114.238250001, 30.535333333], [114.238250001, 30.534916666]], [[114.235583334, 30.540416666], [114.235500001, 30.540416666], [114.235500001, 30.540333333], [114.235083334, 30.540333333], [114.235083334, 30.540416666], [114.234916667, 30.540416666], [114.234916667, 30.5405], [114.234833333, 30.5405], [114.234833333, 30.540583333], [114.23475, 30.540583333], [114.23475, 30.540916667], [114.234583333, 30.540916667], [114.234583333, 30.541], [114.2345, 30.541], [114.2345, 30.54125], [114.234416666, 30.54125], [114.234416666, 30.541666666], [114.2345, 30.541666666], [114.2345, 30.541833333], [114.234583333, 30.541833333], [114.234583333, 30.541916667], [114.235083334, 30.541916667], [114.235083334, 30.541833333], [114.23525, 30.541833333], [114.23525, 30.54175], [114.235333334, 30.54175], [114.235333334, 30.541833333], [114.235416667, 30.541833333], [114.235416667, 30.54175], [114.235583334, 30.54175], [114.235583334, 30.541833333], [114.235666667, 30.541833333], [114.235666667, 30.54175], [114.235833333, 30.54175], [114.235833333, 30.541833333], [114.235916666, 30.541833333], [114.235916666, 30.541916667], [114.236166667, 30.541916667], [114.236166667, 30.541833333], [114.236333333, 30.541833333], [114.236333333, 30.541666666], [114.236416667, 30.541666666], [114.236416667, 30.541833333], [114.236583334, 30.541833333], [114.236583334, 30.541916667], [114.23675, 30.541916667], [114.23675, 30.541833333], [114.236916667, 30.541833333], [114.236916667, 30.54175], [114.237083334, 30.54175], [114.237083334, 30.541416666], [114.237166667, 30.541416666], [114.237166667, 30.541333333], [114.237083334, 30.541333333], [114.237083334, 30.54125], [114.237000001, 30.54125], [114.237000001, 30.541166667], [114.236916667, 30.541166667], [114.236916667, 30.541083334], [114.236833334, 30.541083334], [114.236833334, 30.541], [114.236583334, 30.541], [114.236583334, 30.540916667], [114.23625, 30.540916667], [114.23625, 30.54075], [114.236166667, 30.54075], [114.236166667, 30.540583333], [114.236083333, 30.540583333], [114.236083333, 30.5405], [114.236, 30.5405], [114.236, 30.540416666], [114.235916666, 30.540416666], [114.235916666, 30.5405], [114.235583334, 30.5405], [114.235583334, 30.540416666]], [[114.238833333, 30.545166667], [114.23875, 30.545166667], [114.23875, 30.545083333], [114.238666666, 30.545083333], [114.238666666, 30.544833333], [114.238416667, 30.544833333], [114.238416667, 30.54475], [114.238083334, 30.54475], [114.238083334, 30.544583333], [114.238, 30.544583333], [114.238, 30.5445], [114.23775, 30.5445], [114.23775, 30.544416666], [114.237666667, 30.544416666], [114.237666667, 30.544333333], [114.237583333, 30.544333333], [114.237583333, 30.54425], [114.237416667, 30.54425], [114.237416667, 30.544333333], [114.237333333, 30.544333333], [114.237333333, 30.544416666], [114.23725, 30.544416666], [114.23725, 30.544666667], [114.237083334, 30.544666667], [114.237083334, 30.544916667], [114.237000001, 30.544916667], [114.237000001, 30.545], [114.236916667, 30.545], [114.236916667, 30.545083333], [114.236833334, 30.545083333], [114.236833334, 30.545166667], [114.236583334, 30.545166667], [114.236583334, 30.545333334], [114.236333333, 30.545333334], [114.236333333, 30.5455], [114.23625, 30.5455], [114.23625, 30.545583333], [114.236166667, 30.545583333], [114.236166667, 30.54575], [114.23625, 30.54575], [114.23625, 30.546083333], [114.236166667, 30.546083333], [114.236166667, 30.546166667], [114.23625, 30.546166667], [114.23625, 30.546333333], [114.236333333, 30.546333333], [114.236333333, 30.546416667], [114.23625, 30.546416667], [114.23625, 30.546583334], [114.236166667, 30.546583334], [114.236166667, 30.54675], [114.236083333, 30.54675], [114.236083333, 30.547166666], [114.236, 30.547166666], [114.236, 30.54725], [114.235916666, 30.54725], [114.235916666, 30.5475], [114.23575, 30.5475], [114.23575, 30.547666667], [114.235666667, 30.547666667], [114.235666667, 30.547916667], [114.235583334, 30.547916667], [114.235583334, 30.548083334], [114.235500001, 30.548083334], [114.235500001, 30.54825], [114.235583334, 30.54825], [114.235583334, 30.5485], [114.235666667, 30.5485], [114.235666667, 30.548666666], [114.235916666, 30.548666666], [114.235916666, 30.54875], [114.236, 30.54875], [114.236, 30.548916667], [114.236416667, 30.548916667], [114.236416667, 30.548833333], [114.236666667, 30.548833333], [114.236666667, 30.54875], [114.23675, 30.54875], [114.23675, 30.548833333], [114.236833334, 30.548833333], [114.236833334, 30.548916667], [114.237000001, 30.548916667], [114.237000001, 30.549], [114.237333333, 30.549], [114.237333333, 30.548916667], [114.2375, 30.548916667], [114.2375, 30.548833333], [114.237666667, 30.548833333], [114.237666667, 30.54725], [114.237583333, 30.54725], [114.237583333, 30.547083333], [114.237916667, 30.547083333], [114.237916667, 30.547166666], [114.238166667, 30.547166666], [114.238166667, 30.547083333], [114.238250001, 30.547083333], [114.238250001, 30.547166666], [114.238333334, 30.547166666], [114.238333334, 30.547083333], [114.238416667, 30.547083333], [114.238416667, 30.547], [114.2385, 30.547], [114.2385, 30.546916666], [114.238583333, 30.546916666], [114.238583333, 30.54675], [114.238833333, 30.54675], [114.238833333, 30.545833333], [114.238916667, 30.545833333], [114.238916667, 30.54575], [114.238833333, 30.54575], [114.238833333, 30.545333334], [114.238916667, 30.545333334], [114.238916667, 30.54525], [114.238833333, 30.54525], [114.238833333, 30.545166667]]]}, "properties": {"id": 5127, "land_type": "公园与绿地用地"}}, {"type": "Feature", "geometry": {"type": "Polygon", "coordinates": [[[114.224135888, 30.552524513], [114.224129388, 30.552525559], [114.22412304, 30.552527148], [114.224116903, 30.552529266], [114.224111036, 30.552531892], [114.224105496, 30.552535], [114.224100336, 30.552538562], [114.224095607, 30.55254254], [114.224091355, 30.5525469], [114.224087617, 30.552551597], [114.224084433, 30.552556587], [114.224081833, 30.552561822], [114.22407984, 30.552567251], [114.224078476, 30.552572822], [114.224077751, 30.552578481], [114.224077674, 30.552584175], [114.224078246, 30.552589847], [114.224201779, 30.553369127], [114.223915439, 30.553393256], [114.223914927, 30.553393301], [114.22385408, 30.553398833], [114.223765966, 30.553395162], [114.223614073, 30.553378215], [114.223666798, 30.553269128], [114.223706364, 30.553193951], [114.223708264, 30.553189952], [114.223745264, 30.553102953], [114.223746814, 30.55309884], [114.223775814, 30.55301084], [114.223777652, 30.553003473], [114.223789651, 30.552933474], [114.223790267, 30.552928264], [114.223790335, 30.552923029], [114.223787335, 30.552847029], [114.223787042, 30.552843251], [114.223770042, 30.55269625], [114.223769218, 30.552691299], [114.223767902, 30.552686428], [114.223734902, 30.552584428], [114.223732396, 30.552578112], [114.223729064, 30.552572086], [114.223679103, 30.552493686], [114.224744406, 30.552354183], [114.225104004, 30.552358692], [114.225358322, 30.552426684], [114.22555525, 30.55252468], [114.226233731, 30.553073485], [114.226062861, 30.553207759], [114.22576007, 30.552890182], [114.225760004, 30.55289012], [114.225759944, 30.552890051], [114.225757783, 30.552888011], [114.22575563, 30.552885965], [114.225755556, 30.552885908], [114.225755489, 30.552885844], [114.225753106, 30.552883996], [114.225750729, 30.552882142], [114.22575065, 30.552882092], [114.225750576, 30.552882034], [114.225747993, 30.552880396], [114.225745418, 30.552878751], [114.225745332, 30.552878708], [114.225745253, 30.552878656], [114.225731252, 30.552870656], [114.225724901, 30.552867443], [114.225715902, 30.552863443], [114.225709321, 30.552860892], [114.225700321, 30.552857892], [114.225694424, 30.552856191], [114.22568837, 30.552854966], [114.225682212, 30.552854227], [114.225676, 30.55285398], [114.225663, 30.55285398], [114.22565533, 30.552854358], [114.225647759, 30.552855484], [114.225632759, 30.552858485], [114.225627197, 30.552859815], [114.225621789, 30.552861551], [114.225610789, 30.552865551], [114.225603169, 30.552868825], [114.22559117, 30.552874826], [114.225583928, 30.552879009], [114.225355928, 30.553030009], [114.225354715, 30.55303083], [114.225233716, 30.553114831], [114.225233305, 30.553115119], [114.225090831, 30.55321563], [114.225062344, 30.553230712], [114.225013642, 30.553253323], [114.224932016, 30.553275504], [114.224549449, 30.55333284], [114.224548811, 30.553332938], [114.224450678, 30.553348484], [114.224336002, 30.553357936], [114.224211755, 30.552574152], [114.22421054, 30.552568555], [114.224208694, 30.552563088], [114.224206235, 30.552557802], [114.224203187, 30.55255275], [114.224199578, 30.55254798], [114.224195442, 30.552543537], [114.224190822, 30.552539464], [114.224185759, 30.552535801], [114.224180305, 30.552532584], [114.224174511, 30.552529841], [114.224168432, 30.552527601], [114.224162127, 30.552525886], [114.224155658, 30.552524711], [114.224149086, 30.552524086], [114.224142475, 30.55252402], [114.224135888, 30.552524513]]]}, "properties": {"id": 5128, "land_type": "居住用地"}}, {"type": "Feature", "geometry": {"type": "Polygon", "coordinates": [[[114.225543482, 30.553615902], [114.223640699, 30.553858514], [114.22355662, 30.55349356], [114.223556703, 30.553493302], [114.223558824, 30.553489059], [114.223751343, 30.553510538], [114.223756744, 30.553510952], [114.223852743, 30.553514952], [114.223857914, 30.553514996], [114.223863073, 30.553514698], [114.223928818, 30.553508721], [114.224284491, 30.553478749], [114.224466418, 30.553463755], [114.224472189, 30.553463062], [114.224572871, 30.553447112], [114.224959551, 30.55338916], [114.224968275, 30.55338733], [114.225060275, 30.55336233], [114.225066241, 30.553360438], [114.225071973, 30.55335807], [114.225127973, 30.55333207], [114.225131287, 30.553330425], [114.225165286, 30.553312425], [114.225172696, 30.553307881], [114.225318491, 30.553205027], [114.225438684, 30.553121587], [114.22566261, 30.552973285], [114.225664199, 30.552972492], [114.22596319, 30.553286082], [114.225543482, 30.553615902]]]}, "properties": {"id": 5129, "land_type": "商务办公用地"}}, {"type": "Feature", "geometry": {"type": "Polygon", "coordinates": [[[114.212449881, 30.539258063], [114.211433668, 30.538957713], [114.211432385, 30.538957346], [114.210705487, 30.538756447], [114.210696506, 30.53875454], [114.210098307, 30.53866444], [114.210090441, 30.538663661], [114.209704242, 30.538645161], [114.209699087, 30.538645085], [114.209693942, 30.538645347], [114.209337841, 30.538675348], [114.209332509, 30.538675983], [114.209327252, 30.538676983], [114.208815053, 30.538793082], [114.208806341, 30.538795617], [114.208375342, 30.538949918], [114.20826941, 30.538777447], [114.207981218, 30.538211392], [114.207802518, 30.537773799], [114.207715704, 30.537483733], [114.207667004, 30.537181419], [114.207620615, 30.536494678], [114.207641441, 30.536484558], [114.208040002, 30.536291275], [114.208407294, 30.536113925], [114.209112149, 30.535774895], [114.209331767, 30.535669186], [114.209906609, 30.535392744], [114.209909678, 30.535403208], [114.209910111, 30.535404615], [114.210038733, 30.535801129], [114.209827646, 30.535907027], [114.209744816, 30.535945819], [114.209743187, 30.535946607], [114.208727887, 30.536454008], [114.208722339, 30.536457104], [114.208717169, 30.536460654], [114.208712428, 30.536464623], [114.208708161, 30.536468972], [114.208704411, 30.536473662], [114.208701211, 30.536478646], [114.208698594, 30.536483876], [114.208696585, 30.536489302], [114.208695203, 30.53649487], [114.208694461, 30.536500529], [114.208694368, 30.536506223], [114.208694922, 30.536511898], [114.20869612, 30.536517498], [114.208697949, 30.536522971], [114.208700393, 30.536528262], [114.208703426, 30.536533323], [114.208707021, 30.536538102], [114.208711142, 30.536542555], [114.208715751, 30.536546639], [114.208720801, 30.536550313], [114.208726245, 30.536553544], [114.208732032, 30.5365563], [114.208738105, 30.536558554], [114.208744404, 30.536560284], [114.208750869, 30.536561474], [114.208757439, 30.536562113], [114.208764049, 30.536562193], [114.208770639, 30.536561716], [114.208777141, 30.536560684], [114.208783494, 30.53655911], [114.208789638, 30.536557004], [114.208795513, 30.536554392], [114.209761583, 30.536071595], [114.210834195, 30.5371827], [114.210840558, 30.537188443], [114.211231359, 30.537495942], [114.211237962, 30.537500516], [114.211607762, 30.537725216], [114.211614501, 30.537728819], [114.211621685, 30.537731714], [114.211931185, 30.537837814], [114.211935771, 30.537839224], [114.212271071, 30.537930623], [114.212276649, 30.53793192], [114.212282336, 30.537932801], [114.212640635, 30.537974701], [114.212648149, 30.537975214], [114.212845381, 30.537979124], [114.212922201, 30.537999467], [114.212931522, 30.538001323], [114.212942321, 30.538002786], [114.212895361, 30.538141035], [114.212751248, 30.538561332], [114.212449881, 30.539258063]]]}, "properties": {"id": 5130, "land_type": "居住用地"}}, {"type": "Feature", "geometry": {"type": "Polygon", "coordinates": [[[114.218975775, 30.537271179], [114.21941061, 30.537541078], [114.219411777, 30.537541785], [114.219984777, 30.537881786], [114.219985774, 30.537882367], [114.220288774, 30.538055366], [114.220294046, 30.538058086], [114.220299584, 30.538060382], [114.220305165, 30.538062431], [114.220110206, 30.538216778], [114.220109366, 30.538217456], [114.219234859, 30.538933918], [114.218634328, 30.539247021], [114.218564358, 30.539164633], [114.218316741, 30.538761885], [114.218194221, 30.538464861], [114.218120538, 30.538095861], [114.218046075, 30.537706941], [114.218126216, 30.537687443], [114.218132687, 30.537685558], [114.218138904, 30.537683119], [114.218719303, 30.537424019], [114.21872694, 30.537420036], [114.218974797, 30.53727058], [114.218975775, 30.537271179]]]}, "properties": {"id": 5131, "land_type": "行政办公用地"}}, {"type": "Feature", "geometry": {"type": "Polygon", "coordinates": [[[114.213322542, 30.537971028], [114.213355967, 30.5379766], [114.213390841, 30.537990698], [114.213465493, 30.538033485], [114.213545522, 30.538091601], [114.213647041, 30.538171645], [114.213715099, 30.538232036], [114.213783582, 30.53830147], [114.213828723, 30.538357175], [114.213870694, 30.538409138], [114.21387557, 30.538414479], [114.213911571, 30.538449479], [114.21391696, 30.538454156], [114.21394796, 30.538478155], [114.213951848, 30.538480947], [114.213955969, 30.538483477], [114.214015969, 30.538517477], [114.214020324, 30.538519746], [114.214024866, 30.538521726], [114.214027434, 30.538522743], [114.214004748, 30.538538089], [114.213978908, 30.5385514], [114.213940177, 30.538566235], [114.213902138, 30.53857533], [114.21385237, 30.538582842], [114.213849252, 30.538583378], [114.213554252, 30.538640378], [114.213553389, 30.538640584], [114.21355251, 30.538640737], [114.213550203, 30.538641343], [114.21354788, 30.538641896], [114.213547044, 30.538642174], [114.213546186, 30.538642399], [114.21354396, 30.538643198], [114.21354171, 30.538643945], [114.21354091, 30.538644292], [114.213540083, 30.538644588], [114.213537958, 30.538645571], [114.213535804, 30.538646504], [114.213535047, 30.538646917], [114.213534258, 30.538647282], [114.213532255, 30.538648439], [114.213530218, 30.538649551], [114.213529511, 30.538650024], [114.213528767, 30.538650454], [114.213526906, 30.538651775], [114.213525004, 30.538653052], [114.213524355, 30.538653584], [114.213523663, 30.538654076], [114.213521961, 30.538655546], [114.213520215, 30.538656979], [114.213519629, 30.538657563], [114.213518997, 30.538658109], [114.213517471, 30.538659717], [114.213515895, 30.538661289], [114.213515379, 30.53866192], [114.213514811, 30.538662518], [114.213513476, 30.538664246], [114.213512087, 30.538665944], [114.213511645, 30.538666616], [114.213511149, 30.538667259], [114.213510015, 30.538669092], [114.213508826, 30.538670899], [114.213508463, 30.538671605], [114.213508042, 30.538672285], [114.213507124, 30.538674205], [114.213506146, 30.538676105], [114.213505865, 30.538676837], [114.213505524, 30.538677551], [114.213504827, 30.538679539], [114.213504071, 30.538681512], [114.213503875, 30.538682264], [114.213503616, 30.538683004], [114.21350315, 30.53868504], [114.213502621, 30.538687068], [114.213502511, 30.538687833], [114.213502338, 30.538688591], [114.213502106, 30.538690658], [114.21350181, 30.538692719], [114.213501787, 30.538693491], [114.213501701, 30.538694259], [114.213487902, 30.538945625], [114.213416698, 30.539297738], [114.213385623, 30.539369386], [114.213367079, 30.539393312], [114.213270352, 30.539444956], [114.213162162, 30.539468579], [114.212668434, 30.539322639], [114.212883404, 30.538800183], [114.212883858, 30.538799042], [114.213126659, 30.538167542], [114.213127802, 30.538164241], [114.213181092, 30.537991991], [114.213240775, 30.537977691], [114.213285751, 30.537971028], [114.213322542, 30.537971028]]]}, "properties": {"id": 5132, "land_type": "公园与绿地用地"}}, {"type": "Feature", "geometry": {"type": "Polygon", "coordinates": [[[114.217987624, 30.538114942], [114.217987701, 30.538115336], [114.218062402, 30.538489435], [114.218063619, 30.538494285], [114.218065314, 30.538499027], [114.218191414, 30.538804726], [114.218195359, 30.538812455], [114.21844756, 30.539222655], [114.218452721, 30.539229758], [114.218512512, 30.539300162], [114.218080335, 30.539463879], [114.217725846, 30.539576733], [114.217281548, 30.53969118], [114.216716098, 30.53981005], [114.215866601, 30.539892397], [114.21585444, 30.539892154], [114.215801208, 30.539515316], [114.215796778, 30.53927909], [114.215902688, 30.538807034], [114.21615413, 30.537821511], [114.216529252, 30.537854036], [114.216533118, 30.537854276], [114.216934318, 30.537869076], [114.216940835, 30.537869044], [114.217207334, 30.537856644], [114.21721345, 30.537856118], [114.21756595, 30.537811717], [114.217572548, 30.537810594], [114.21791522, 30.537736775], [114.217987624, 30.538114942]]]}, "properties": {"id": 5133, "land_type": "居住用地"}}, {"type": "Feature", "geometry": {"type": "Polygon", "coordinates": [[[114.215770896, 30.538782846], [114.21577055, 30.538784291], [114.215663151, 30.539262991], [114.215662184, 30.539268937], [114.215661936, 30.539274937], [114.215666536, 30.539520237], [114.21566702, 30.539526309], [114.215718311, 30.539889406], [114.214969125, 30.539874181], [114.214370556, 30.539792014], [114.213829402, 30.539673143], [114.213365874, 30.5395305], [114.213450497, 30.539485319], [114.213456401, 30.539481779], [114.213461832, 30.539477716], [114.213466729, 30.539473178], [114.213471038, 30.539468215], [114.213502037, 30.539428216], [114.213505975, 30.539422438], [114.213509113, 30.539416307], [114.213545113, 30.539333307], [114.213547022, 30.539328196], [114.213548374, 30.539322957], [114.213621375, 30.538961956], [114.213622299, 30.538954741], [114.213633873, 30.538743935], [114.213877196, 30.538696921], [114.213928629, 30.538689157], [114.213935024, 30.538687913], [114.213981025, 30.538676912], [114.213985762, 30.538675616], [114.213990375, 30.538674022], [114.214037374, 30.538656022], [114.214044583, 30.5386528], [114.214077584, 30.5386358], [114.214084617, 30.538631635], [114.214118616, 30.538608634], [114.21412315, 30.538605277], [114.21412732, 30.538601587], [114.214131093, 30.538597592], [114.214156094, 30.538568594], [114.214159148, 30.538564735], [114.214162955, 30.538559483], [114.214203517, 30.53856445], [114.21420979, 30.538564962], [114.214282789, 30.538567962], [114.214290486, 30.538567899], [114.214377486, 30.538562899], [114.214383824, 30.538562274], [114.214490824, 30.538547274], [114.214495916, 30.538546386], [114.214500914, 30.538545162], [114.214596914, 30.538518161], [114.21460593, 30.538514987], [114.214701931, 30.538473988], [114.214703775, 30.538473169], [114.214792776, 30.538432169], [114.214797702, 30.538429663], [114.214802365, 30.538426805], [114.214905364, 30.538357804], [114.214906691, 30.538356891], [114.215052693, 30.538253891], [114.215057547, 30.538250111], [114.215233548, 30.538099111], [114.215237666, 30.538095244], [114.215409666, 30.537918243], [114.215412902, 30.537914634], [114.215415798, 30.537910819], [114.215485473, 30.537810633], [114.215804252, 30.537804957], [114.216018234, 30.537813411], [114.215770896, 30.538782846]]]}, "properties": {"id": 5134, "land_type": "行政办公用地"}}, {"type": "Feature", "geometry": {"type": "Polygon", "coordinates": [[[114.214126492, 30.556257499], [114.214043857, 30.556241411], [114.21404119, 30.55624094], [114.213536189, 30.55616094], [114.213535255, 30.556160798], [114.212829782, 30.556057875], [114.212630308, 30.556025959], [114.212625254, 30.556025319], [114.212620158, 30.556025013], [114.212475157, 30.556021013], [114.212474596, 30.556020998], [114.212425597, 30.556019998], [114.212415964, 30.556020397], [114.212357965, 30.556026397], [114.212350927, 30.556027454], [114.212264927, 30.556044453], [114.212259101, 30.556045845], [114.212253443, 30.55604768], [114.211888317, 30.55618254], [114.21188433, 30.556175653], [114.21106753, 30.554912354], [114.211062064, 30.554904625], [114.20973567, 30.553183961], [114.208767376, 30.55192], [114.2087662, 30.551918489], [114.208713873, 30.55185246], [114.207329979, 30.550068674], [114.207380633, 30.550052334], [114.207381767, 30.550051959], [114.207428767, 30.550035959], [114.207435179, 30.550033434], [114.207441251, 30.550030346], [114.20750425, 30.549994347], [114.20751125, 30.549989753], [114.20752325, 30.549980753], [114.207527869, 30.549976942], [114.207532048, 30.54997277], [114.207541078, 30.549962836], [114.207560052, 30.549943862], [114.207564745, 30.549938587], [114.207568705, 30.549932884], [114.207585706, 30.549904883], [114.207587877, 30.549900954], [114.207589701, 30.549896895], [114.207594443, 30.549885041], [114.207597776, 30.54987904], [114.207600432, 30.549873555], [114.207602422, 30.549867864], [114.207606422, 30.549853863], [114.207606534, 30.549853468], [114.207629534, 30.549770468], [114.207630001, 30.549768654], [114.20764, 30.549726654], [114.207640081, 30.54972631], [114.207641534, 30.549720011], [114.207645849, 30.549711922], [114.207652182, 30.549700838], [114.207664238, 30.549683617], [114.207686754, 30.549653306], [114.207705024, 30.549635867], [114.207706051, 30.549634863], [114.207721645, 30.549619269], [114.20772183, 30.549619176], [114.207728767, 30.549615194], [114.207782808, 30.549579823], [114.207809821, 30.549563422], [114.207811302, 30.549562496], [114.207839302, 30.549544496], [114.207845406, 30.549540064], [114.207878406, 30.549513064], [114.207882724, 30.549509188], [114.207949504, 30.549443403], [114.208123206, 30.549275658], [114.20825207, 30.549162655], [114.208255526, 30.549159383], [114.208300526, 30.549113383], [114.208305189, 30.549108015], [114.208309102, 30.54910222], [114.208339102, 30.54905122], [114.208342863, 30.549043484], [114.208358437, 30.549003577], [114.208403961, 30.548900654], [114.208404228, 30.548900039], [114.208451725, 30.548788894], [114.208462939, 30.548773724], [114.208469883, 30.548766201], [114.208478424, 30.548759168], [114.208504373, 30.548745382], [114.208505523, 30.548744757], [114.208555505, 30.54871699], [114.208603615, 30.548697927], [114.208648065, 30.548681135], [114.208654827, 30.548678178], [114.208672827, 30.548669179], [114.208686831, 30.548662177], [114.20869025, 30.548660348], [114.208697251, 30.548656347], [114.208699576, 30.548654957], [114.208707575, 30.548649957], [114.208713619, 30.548645698], [114.208719049, 30.548640866], [114.208727049, 30.548632865], [114.208731979, 30.548627288], [114.208737792, 30.548619812], [114.208744496, 30.548612271], [114.208748917, 30.548606643], [114.208752545, 30.548600608], [114.208766725, 30.548573192], [114.208807699, 30.548505214], [114.208816802, 30.548494088], [114.208819038, 30.548492665], [114.208822425, 30.54849051], [114.208869175, 30.548475483], [114.208908435, 30.54846333], [114.209044025, 30.548430907], [114.209048254, 30.548429765], [114.209120827, 30.548407894], [114.209276398, 30.548363018], [114.20928316, 30.548360711], [114.20933616, 30.548339711], [114.209339449, 30.548338313], [114.20936145, 30.548328313], [114.209367792, 30.548325034], [114.20937368, 30.548321176], [114.209388679, 30.548310177], [114.209393436, 30.548306331], [114.209397739, 30.548302106], [114.20940974, 30.548289107], [114.209413375, 30.548284773], [114.209416531, 30.548280169], [114.20942317, 30.54826938], [114.209430594, 30.548259482], [114.209433558, 30.548255126], [114.20943607, 30.548250565], [114.209438113, 30.548245832], [114.209443138, 30.548232433], [114.209445882, 30.548226945], [114.209448516, 30.548220719], [114.209450309, 30.548214273], [114.209451236, 30.548207694], [114.20945319, 30.548181336], [114.209454125, 30.54817198], [114.209454373, 30.548166898], [114.209454104, 30.548161817], [114.209449105, 30.548113816], [114.209448875, 30.54811195], [114.209421095, 30.547916497], [114.20941339, 30.547819237], [114.209414336, 30.547708534], [114.209424968, 30.547647407], [114.209472603, 30.547505472], [114.209535477, 30.547326831], [114.20953584, 30.547325764], [114.20959484, 30.547145763], [114.209596321, 30.547140214], [114.209597165, 30.547134566], [114.209597361, 30.547128875], [114.209596909, 30.547123194], [114.209595812, 30.547117579], [114.209594081, 30.547112083], [114.209591734, 30.54710676], [114.209588791, 30.547101662], [114.209585283, 30.547096834], [114.209581242, 30.547092328], [114.209576708, 30.547088183], [114.209571723, 30.547084442], [114.209566338, 30.54708114], [114.209560602, 30.547078307], [114.20955457, 30.547075973], [114.209548304, 30.547074159], [114.20954186, 30.547072883], [114.209535302, 30.547072157], [114.209528693, 30.547071988], [114.209522098, 30.547072377], [114.209515578, 30.547073322], [114.209509196, 30.547074813], [114.209503015, 30.547076834], [114.209497094, 30.547079369], [114.20949149, 30.54708239], [114.209486256, 30.54708587], [114.209481445, 30.547089775], [114.209477101, 30.547094068], [114.209473266, 30.547098705], [114.209469977, 30.547103645], [114.209467267, 30.54710884], [114.209465161, 30.547114237], [114.209406336, 30.547293702], [114.209343523, 30.54747217], [114.209343276, 30.547472889], [114.209294277, 30.547618889], [114.20929237, 30.547626405], [114.20928037, 30.547695406], [114.209279628, 30.547703573], [114.209278628, 30.547820573], [114.209278782, 30.547824949], [114.209286783, 30.547925949], [114.209287126, 30.547929049], [114.209314994, 30.548125118], [114.209319366, 30.548167104], [114.209318875, 30.548172021], [114.209318763, 30.548173305], [114.20931749, 30.548190496], [114.209315888, 30.548194168], [114.209312606, 30.548202917], [114.209308406, 30.548208517], [114.209305469, 30.548212831], [114.209300386, 30.548221092], [114.209296335, 30.54822548], [114.209291978, 30.548228674], [114.209278173, 30.548234949], [114.209230148, 30.548253979], [114.209077602, 30.548297981], [114.209076747, 30.548298235], [114.209005839, 30.548319603], [114.208869974, 30.548352093], [114.208865211, 30.548353397], [114.208823212, 30.548366398], [114.208822442, 30.548366641], [114.208766441, 30.548384641], [114.20876068, 30.54838676], [114.208755171, 30.548389332], [114.208749965, 30.548392333], [114.208738964, 30.548399333], [114.208727959, 30.548406337], [114.208722408, 30.54841028], [114.208717378, 30.548414712], [114.208712925, 30.548419579], [114.208694925, 30.54844158], [114.208690202, 30.548448269], [114.208646202, 30.548521268], [114.208644456, 30.548524391], [114.208632683, 30.548547153], [114.208629503, 30.548550728], [114.20862702, 30.548553712], [114.208622291, 30.548559795], [114.208622072, 30.548560013], [114.208621571, 30.548560327], [114.208617428, 30.548562694], [114.208605172, 30.548568822], [114.208590458, 30.548576179], [114.208548935, 30.548591865], [114.20854784, 30.548592289], [114.20849484, 30.54861329], [114.208486478, 30.548617242], [114.208433049, 30.548646926], [114.208401628, 30.548663618], [114.208395805, 30.548667088], [114.208390437, 30.548671066], [114.208373437, 30.548685065], [114.208367261, 30.548690894], [114.208355261, 30.548703894], [114.208351165, 30.548708843], [114.208334164, 30.548731842], [114.208330622, 30.548737254], [114.208327772, 30.54874296], [114.208277904, 30.548859652], [114.208232039, 30.548963346], [114.208231136, 30.548965516], [114.208216691, 30.549002531], [114.208192435, 30.549043769], [114.20815413, 30.549082924], [114.208025931, 30.549195345], [114.208023717, 30.549197382], [114.207848717, 30.549366383], [114.207848278, 30.549366811], [114.207783331, 30.549430787], [114.207755494, 30.549453564], [114.207731431, 30.549469032], [114.207704179, 30.549485579], [114.207702233, 30.549486807], [114.207701941, 30.549486998], [114.20763918, 30.549089514], [114.208095059, 30.549005745], [114.208101449, 30.549004284], [114.208107643, 30.549002292], [114.20811358, 30.548999787], [114.208119204, 30.548996792], [114.208124459, 30.548993337], [114.208129296, 30.548989454], [114.208133669, 30.548985184], [114.208137533, 30.548980564], [114.208140853, 30.548975639], [114.208143597, 30.548970458], [114.208145737, 30.548965072], [114.208147255, 30.54895953], [114.208148134, 30.548953886], [114.208148367, 30.548948196], [114.208147951, 30.548942513], [114.20814689, 30.548936893], [114.208145195, 30.548931389], [114.208142881, 30.548926055], [114.208139972, 30.548920941], [114.208136494, 30.548916099], [114.208132482, 30.548911573], [114.208127975, 30.548907408], [114.208123015, 30.548903643], [114.208117651, 30.548900315], [114.208111933, 30.548897456], [114.208105916, 30.548895092], [114.208099662, 30.548893249], [114.208093226, 30.548891942], [114.208086673, 30.548891185], [114.208080066, 30.548890984], [114.208073467, 30.548891342], [114.208066941, 30.548892256], [114.207618624, 30.548974635], [114.207540416, 30.548579257], [114.207538988, 30.548573696], [114.207536933, 30.548568285], [114.207534273, 30.548563072], [114.207531031, 30.548558109], [114.207527241, 30.548553443], [114.207522938, 30.54854912], [114.207518164, 30.548545182], [114.207512963, 30.548541665], [114.207507388, 30.548538604], [114.207501492, 30.548536028], [114.20749533, 30.548533962], [114.207488963, 30.548532426], [114.207482452, 30.548531436], [114.207475861, 30.548531], [114.20746925, 30.548531122], [114.207462686, 30.548531801], [114.20745623, 30.548533032], [114.207449946, 30.548534801], [114.207443893, 30.548537093], [114.207438131, 30.548539884], [114.207432713, 30.548543148], [114.207427694, 30.548546855], [114.20742312, 30.548550967], [114.207419036, 30.548555444], [114.207415482, 30.548560246], [114.20741249, 30.548565323], [114.207410092, 30.548570629], [114.20740831, 30.548576113], [114.207407158, 30.54858172], [114.207406652, 30.548587397], [114.207406794, 30.54859309], [114.207407583, 30.548598743], [114.207488743, 30.549009047], [114.206745955, 30.54928927], [114.206604749, 30.54905373], [114.205994108, 30.5478482], [114.205732961, 30.547333197], [114.205489828, 30.546834946], [114.205684198, 30.546761086], [114.205684934, 30.546760768], [114.205685697, 30.546760497], [114.205715, 30.546748617], [114.205864646, 30.546723993], [114.205866774, 30.546723612], [114.205959773, 30.546705612], [114.20596434, 30.546704581], [114.205995341, 30.546696581], [114.205998682, 30.546695636], [114.206352682, 30.546586636], [114.206353239, 30.546586462], [114.206793654, 30.546447078], [114.206819783, 30.546776949], [114.206821049, 30.546784856], [114.206829048, 30.546817858], [114.206830483, 30.546822716], [114.2068324, 30.546827451], [114.206834784, 30.546832025], [114.206837617, 30.546836405], [114.206842616, 30.546843403], [114.206847616, 30.546850401], [114.206850608, 30.546854239], [114.206853946, 30.54685786], [114.206858944, 30.546862861], [114.206863154, 30.546866702], [114.206868811, 30.546871415], [114.206875473, 30.546877126], [114.206879804, 30.546880528], [114.206884463, 30.546883594], [114.206889412, 30.546886299], [114.206894618, 30.546888623], [114.20690183, 30.546891508], [114.206905173, 30.54689318], [114.206912499, 30.546896346], [114.206920217, 30.546898723], [114.206932217, 30.546901723], [114.206938024, 30.546902937], [114.206943934, 30.546903704], [114.206954934, 30.546904703], [114.206962, 30.546905023], [114.206977, 30.546905023], [114.206982564, 30.546904824], [114.206996564, 30.546903825], [114.207001309, 30.54690334], [114.207046297, 30.546897341], [114.207512224, 30.546835351], [114.207999164, 30.546771359], [114.208004592, 30.546770447], [114.208009915, 30.546769156], [114.208041914, 30.546760157], [114.208048473, 30.546757979], [114.208061474, 30.54675298], [114.208066745, 30.546750709], [114.208071766, 30.546748051], [114.208076498, 30.546745025], [114.208086497, 30.546738023], [114.208089852, 30.546735514], [114.208099851, 30.546727514], [114.20810526, 30.546722654], [114.208109979, 30.546717289], [114.208116979, 30.546708288], [114.208120178, 30.546703735], [114.208122879, 30.54669895], [114.208129881, 30.546684949], [114.208131002, 30.546682559], [114.208142003, 30.546657559], [114.208143867, 30.546652679], [114.208145223, 30.546647677], [114.208150222, 30.546624678], [114.208151085, 30.546619361], [114.208151373, 30.546614], [114.208151373, 30.546592], [114.208151304, 30.546589373], [114.208150304, 30.546570373], [114.208149659, 30.546564571], [114.208148341, 30.546558855], [114.208146363, 30.546553281], [114.208143746, 30.546547906], [114.208140516, 30.546542784], [114.208123517, 30.546518783], [114.208122829, 30.546517833], [114.208017829, 30.546375833], [114.208013203, 30.546370319], [114.207977203, 30.546332319], [114.207970853, 30.546326487], [114.207955853, 30.546314489], [114.207951357, 30.546311195], [114.207946543, 30.546308254], [114.207941447, 30.546305686], [114.207853449, 30.546265686], [114.207848095, 30.546263506], [114.207602094, 30.546174505], [114.207601193, 30.546174223], [114.207600319, 30.546173888], [114.20752832, 30.546149888], [114.207520831, 30.546147815], [114.207502831, 30.546143816], [114.207498802, 30.546143034], [114.207480801, 30.546140034], [114.207472877, 30.546139129], [114.207456877, 30.546138129], [114.207451241, 30.54613798], [114.207445612, 30.546138238], [114.207440026, 30.5461389], [114.207395026, 30.5461459], [114.207392227, 30.546146388], [114.207361227, 30.546152388], [114.207353371, 30.546154347], [114.206833552, 30.546313985], [114.206764748, 30.54633266], [114.206761762, 30.546333538], [114.206307039, 30.546477449], [114.205954975, 30.546585854], [114.205927923, 30.546592835], [114.205838288, 30.546610184], [114.205681356, 30.546636007], [114.205675866, 30.546637119], [114.205670503, 30.546638619], [114.205665305, 30.546640503], [114.205629049, 30.546655201], [114.205437615, 30.546727946], [114.204802626, 30.545426655], [114.204666667, 30.545141856], [114.204666667, 30.545083333], [114.204833334, 30.545083333], [114.204833334, 30.545], [114.205, 30.545], [114.205, 30.544916667], [114.20525, 30.544916667], [114.20525, 30.544833333], [114.205333333, 30.544833333], [114.205333333, 30.54475], [114.205583333, 30.54475], [114.205583333, 30.544666667], [114.205666667, 30.544666667], [114.205666667, 30.544416666], [114.20575, 30.544416666], [114.20575, 30.544333333], [114.205833333, 30.544333333], [114.205833333, 30.54425], [114.205916667, 30.54425], [114.205916667, 30.543916667], [114.206, 30.543916667], [114.206, 30.54375], [114.206083334, 30.54375], [114.206083334, 30.543583333], [114.206166667, 30.543583333], [114.206166667, 30.5435], [114.206333334, 30.5435], [114.206333334, 30.543583333], [114.206500001, 30.543583333], [114.206500001, 30.543666667], [114.206666667, 30.543666667], [114.206666667, 30.54375], [114.206833333, 30.54375], [114.206833333, 30.543833334], [114.206916667, 30.543833334], [114.206916667, 30.544], [114.207083333, 30.544], [114.207083333, 30.544083333], [114.207166667, 30.544083333], [114.207166667, 30.544166666], [114.20725, 30.544166666], [114.20725, 30.54425], [114.207333334, 30.54425], [114.207333334, 30.544333333], [114.207416667, 30.544333333], [114.207416667, 30.544416666], [114.207583334, 30.544416666], [114.207583334, 30.5445], [114.207666667, 30.5445], [114.207666667, 30.544583333], [114.20775, 30.544583333], [114.20775, 30.544666667], [114.207833334, 30.544666667], [114.207833334, 30.54475], [114.208, 30.54475], [114.208, 30.544833333], [114.208083333, 30.544833333], [114.208083333, 30.544916667], [114.208166666, 30.544916667], [114.208166666, 30.545083333], [114.20825, 30.545083333], [114.20825, 30.5455], [114.208333333, 30.5455], [114.208333333, 30.545833333], [114.208583333, 30.545833333], [114.208583333, 30.545916666], [114.208416667, 30.545916666], [114.208416667, 30.546], [114.208583333, 30.546], [114.208583333, 30.546083333], [114.208666667, 30.546083333], [114.208666667, 30.546416667], [114.208583333, 30.546416667], [114.208583333, 30.5465], [114.2085, 30.5465], [114.2085, 30.547083333], [114.208416667, 30.547083333], [114.208416667, 30.547166666], [114.2085, 30.547166666], [114.2085, 30.54725], [114.208583333, 30.54725], [114.208583333, 30.547333333], [114.208666667, 30.547333333], [114.208666667, 30.547416666], [114.20875, 30.547416666], [114.20875, 30.5475], [114.209, 30.5475], [114.209, 30.547416666], [114.209083334, 30.547416666], [114.209083334, 30.54725], [114.209250001, 30.54725], [114.209250001, 30.546916666], [114.209333334, 30.546916666], [114.209333334, 30.546166667], [114.209416667, 30.546166667], [114.209416667, 30.546083333], [114.209333334, 30.546083333], [114.209333334, 30.546], [114.2095, 30.546], [114.2095, 30.54575], [114.209583333, 30.54575], [114.209583333, 30.5455], [114.209666667, 30.5455], [114.209666667, 30.545416667], [114.20975, 30.545416667], [114.20975, 30.5455], [114.21, 30.5455], [114.21, 30.545583333], [114.210083333, 30.545583333], [114.210083333, 30.5455], [114.21025, 30.5455], [114.21025, 30.545583333], [114.210416667, 30.545583333], [114.210416667, 30.545666666], [114.210583334, 30.545666666], [114.210583334, 30.54575], [114.210750001, 30.54575], [114.210750001, 30.545833333], [114.210833333, 30.545833333], [114.210833333, 30.546], [114.211, 30.546], [114.211, 30.545916666], [114.211083333, 30.545916666], [114.211083333, 30.546], [114.211166667, 30.546], [114.211166667, 30.54625], [114.21125, 30.54625], [114.21125, 30.546583334], [114.211333333, 30.546583334], [114.211333333, 30.547083333], [114.211416667, 30.547083333], [114.211416667, 30.547166666], [114.211166667, 30.547166666], [114.211166667, 30.547333333], [114.21125, 30.547333333], [114.21125, 30.547416666], [114.211166667, 30.547416666], [114.211166667, 30.5475], [114.211083333, 30.5475], [114.211083333, 30.547833333], [114.211, 30.547833333], [114.211, 30.547916667], [114.210833333, 30.547916667], [114.210833333, 30.548], [114.210750001, 30.548], [114.210750001, 30.548166667], [114.210666667, 30.548166667], [114.210666667, 30.54825], [114.210583334, 30.54825], [114.210583334, 30.5485], [114.210416667, 30.5485], [114.210416667, 30.548666666], [114.2105, 30.548666666], [114.2105, 30.54875], [114.210416667, 30.54875], [114.210416667, 30.548833333], [114.210333334, 30.548833333], [114.210333334, 30.549083333], [114.21025, 30.549083333], [114.21025, 30.549333334], [114.210083333, 30.549333334], [114.210083333, 30.5495], [114.21, 30.5495], [114.21, 30.549583334], [114.209916667, 30.549583334], [114.209916667, 30.549833333], [114.20975, 30.549833333], [114.20975, 30.55], [114.209833333, 30.55], [114.209833333, 30.550166666], [114.209916667, 30.550166666], [114.209916667, 30.55025], [114.21, 30.55025], [114.21, 30.550333333], [114.210083333, 30.550333333], [114.210083333, 30.550416667], [114.210166667, 30.550416667], [114.210166667, 30.5505], [114.210333334, 30.5505], [114.210333334, 30.550583333], [114.210416667, 30.550583333], [114.210416667, 30.55075], [114.2105, 30.55075], [114.2105, 30.550666667], [114.210666667, 30.550666667], [114.210666667, 30.5505], [114.210750001, 30.5505], [114.210750001, 30.550666667], [114.211083333, 30.550666667], [114.211083333, 30.550583333], [114.211166667, 30.550583333], [114.211166667, 30.550666667], [114.21125, 30.550666667], [114.21125, 30.55075], [114.211333333, 30.55075], [114.211333333, 30.550666667], [114.211416667, 30.550666667], [114.211416667, 30.55075], [114.2115, 30.55075], [114.2115, 30.551333333], [114.211416667, 30.551333333], [114.211416667, 30.551416666], [114.2115, 30.551416666], [114.2115, 30.551666667], [114.211583334, 30.551666667], [114.211583334, 30.551916667], [114.2115, 30.551916667], [114.2115, 30.552166667], [114.211583334, 30.552166667], [114.211583334, 30.552499999], [114.211666667, 30.552499999], [114.211666667, 30.552583333], [114.211833334, 30.552583333], [114.211833334, 30.552666666], [114.21175, 30.552666666], [114.21175, 30.55275], [114.211833334, 30.55275], [114.211833334, 30.552833333], [114.211916667, 30.552833333], [114.211916667, 30.553], [114.212000001, 30.553], [114.212000001, 30.553166667], [114.212083334, 30.553166667], [114.212083334, 30.553583334], [114.212166667, 30.553583334], [114.212166667, 30.553666667], [114.21225, 30.553666667], [114.21225, 30.55375], [114.212416667, 30.55375], [114.212416667, 30.553833333], [114.2125, 30.553833333], [114.2125, 30.553916666], [114.212583333, 30.553916666], [114.212583333, 30.554083333], [114.212666667, 30.554083333], [114.212666667, 30.554166666], [114.212833333, 30.554166666], [114.212833333, 30.55425], [114.212916667, 30.55425], [114.212916667, 30.5545], [114.212833333, 30.5545], [114.212833333, 30.55475], [114.212916667, 30.55475], [114.212916667, 30.554833334], [114.213, 30.554833334], [114.213, 30.555083334], [114.212916667, 30.555083334], [114.212916667, 30.555249999], [114.213, 30.555249999], [114.213, 30.555333333], [114.213083334, 30.555333333], [114.213083334, 30.555416666], [114.213166667, 30.555416666], [114.213166667, 30.555333333], [114.21325, 30.555333333], [114.21325, 30.555416666], [114.213416667, 30.555416666], [114.213416667, 30.5555], [114.213500001, 30.5555], [114.213500001, 30.555416666], [114.213583334, 30.555416666], [114.213583334, 30.555333333], [114.213666666, 30.555333333], [114.213666666, 30.554916667], [114.21375, 30.554916667], [114.21375, 30.554833334], [114.213666666, 30.554833334], [114.213666666, 30.55475], [114.213833333, 30.55475], [114.213833333, 30.554583333], [114.21375, 30.554583333], [114.21375, 30.554083333], [114.213666666, 30.554083333], [114.213666666, 30.554], [114.213500001, 30.554], [114.213500001, 30.553916666], [114.213416667, 30.553916666], [114.213416667, 30.55375], [114.213333334, 30.55375], [114.213333334, 30.552666666], [114.213416667, 30.552666666], [114.213416667, 30.552583333], [114.213666666, 30.552583333], [114.213666666, 30.551666667], [114.213583334, 30.551666667], [114.213583334, 30.551416666], [114.213666666, 30.551416666], [114.213666666, 30.551333333], [114.213583334, 30.551333333], [114.213583334, 30.551083333], [114.213666666, 30.551083333], [114.213666666, 30.55075], [114.213500001, 30.55075], [114.213500001, 30.550666667], [114.213583334, 30.550666667], [114.213583334, 30.5505], [114.213500001, 30.5505], [114.213500001, 30.550166666], [114.213666666, 30.550166666], [114.213666666, 30.55], [114.213583334, 30.55], [114.213583334, 30.549916666], [114.213500001, 30.549916666], [114.213500001, 30.549666666], [114.213416667, 30.549666666], [114.213416667, 30.5495], [114.213333334, 30.5495], [114.213333334, 30.549416667], [114.21325, 30.549416667], [114.21325, 30.549], [114.213333334, 30.549], [114.213333334, 30.548666666], [114.213500001, 30.548666666], [114.213500001, 30.548833333], [114.213583334, 30.548833333], [114.213583334, 30.54875], [114.213666666, 30.54875], [114.213666666, 30.548583333], [114.21375, 30.548583333], [114.21375, 30.5485], [114.213916667, 30.5485], [114.213916667, 30.548416666], [114.214, 30.548416666], [114.214, 30.54825], [114.214083333, 30.54825], [114.214083333, 30.548166667], [114.214166667, 30.548166667], [114.214166667, 30.548], [114.214333334, 30.548], [114.214333334, 30.547916667], [114.21425, 30.547916667], [114.21425, 30.54775], [114.214166667, 30.54775], [114.214166667, 30.547666667], [114.214083333, 30.547666667], [114.214083333, 30.547416666], [114.214, 30.547416666], [114.214, 30.54725], [114.213916667, 30.54725], [114.213916667, 30.547083333], [114.213833333, 30.547083333], [114.213833333, 30.547], [114.21375, 30.547], [114.21375, 30.546916666], [114.213583334, 30.546916666], [114.213583334, 30.546416667], [114.213500001, 30.546416667], [114.213500001, 30.54625], [114.213416667, 30.54625], [114.213416667, 30.546166667], [114.213333334, 30.546166667], [114.213333334, 30.546083333], [114.21325, 30.546083333], [114.21325, 30.546], [114.213166667, 30.546], [114.213166667, 30.545916666], [114.213083334, 30.545916666], [114.213083334, 30.545833333], [114.21325, 30.545833333], [114.21325, 30.54575], [114.213166667, 30.54575], [114.213166667, 30.545166667], [114.21325, 30.545166667], [114.21325, 30.545083333], [114.213333334, 30.545083333], [114.213333334, 30.545166667], [114.213916667, 30.545166667], [114.213916667, 30.54525], [114.214083333, 30.54525], [114.214083333, 30.545333334], [114.214166667, 30.545333334], [114.214166667, 30.54525], [114.21425, 30.54525], [114.21425, 30.545333334], [114.214416667, 30.545333334], [114.214416667, 30.545416667], [114.214750001, 30.545416667], [114.214750001, 30.5455], [114.214833334, 30.5455], [114.214833334, 30.545583333], [114.214916667, 30.545583333], [114.214916667, 30.545666666], [114.215166667, 30.545666666], [114.215166667, 30.54575], [114.21525, 30.54575], [114.21525, 30.545666666], [114.215333333, 30.545666666], [114.215333333, 30.54575], [114.215583333, 30.54575], [114.215583333, 30.545833333], [114.215666667, 30.545833333], [114.215666667, 30.545916666], [114.21575, 30.545916666], [114.21575, 30.546083333], [114.215916667, 30.546083333], [114.215916667, 30.546166667], [114.216083334, 30.546166667], [114.216083334, 30.54625], [114.216166667, 30.54625], [114.216166667, 30.546333333], [114.216250001, 30.546333333], [114.216250001, 30.546416667], [114.216333334, 30.546416667], [114.216333334, 30.546583334], [114.216416666, 30.546583334], [114.216416666, 30.546666667], [114.2165, 30.546666667], [114.2165, 30.546583334], [114.216583333, 30.546583334], [114.216583333, 30.546666667], [114.216916667, 30.546666667], [114.216916667, 30.546583334], [114.217083334, 30.546583334], [114.217083334, 30.546416667], [114.217166667, 30.546416667], [114.217166667, 30.54625], [114.21725, 30.54625], [114.21725, 30.546166667], [114.217666667, 30.546166667], [114.217666667, 30.546083333], [114.218, 30.546083333], [114.218, 30.546166667], [114.218416667, 30.546166667], [114.218416667, 30.546083333], [114.218666667, 30.546083333], [114.218666667, 30.546], [114.21875, 30.546], [114.21875, 30.545916666], [114.219000001, 30.545916666], [114.219000001, 30.546], [114.219083334, 30.546], [114.219083334, 30.546083333], [114.219333333, 30.546083333], [114.219333333, 30.546166667], [114.219666667, 30.546166667], [114.219666667, 30.54625], [114.21975, 30.54625], [114.21975, 30.546166667], [114.219916667, 30.546166667], [114.219916667, 30.54625], [114.22, 30.54625], [114.22, 30.546333333], [114.220083334, 30.546333333], [114.220083334, 30.54625], [114.220166667, 30.54625], [114.220166667, 30.546166667], [114.220333334, 30.546166667], [114.220333334, 30.54625], [114.220666666, 30.54625], [114.220666666, 30.546333333], [114.221083333, 30.546333333], [114.221083333, 30.546416667], [114.221416667, 30.546416667], [114.221416667, 30.546333333], [114.2215, 30.546333333], [114.2215, 30.546416667], [114.221916667, 30.546416667], [114.221916667, 30.5465], [114.222, 30.5465], [114.222, 30.546416667], [114.22225, 30.546416667], [114.22225, 30.5465], [114.222416667, 30.5465], [114.222416667, 30.546333333], [114.222583334, 30.546333333], [114.222583334, 30.546416667], [114.223, 30.546416667], [114.223, 30.5465], [114.223083334, 30.5465], [114.223083334, 30.546416667], [114.22325, 30.546416667], [114.22325, 30.546333333], [114.223333333, 30.546333333], [114.223333333, 30.546416667], [114.22375, 30.546416667], [114.22375, 30.5465], [114.223833333, 30.5465], [114.223833333, 30.546583334], [114.223916667, 30.546583334], [114.223916667, 30.546666667], [114.224, 30.546666667], [114.224, 30.546583334], [114.224083334, 30.546583334], [114.224083334, 30.546666667], [114.224166667, 30.546666667], [114.224166667, 30.54675], [114.22425, 30.54675], [114.22425, 30.546833333], [114.224500001, 30.546833333], [114.224500001, 30.546916666], [114.224583334, 30.546916666], [114.224583334, 30.547166666], [114.224666667, 30.547166666], [114.224666667, 30.54725], [114.22475, 30.54725], [114.22475, 30.547166666], [114.224833333, 30.547166666], [114.224833333, 30.547083333], [114.225, 30.547083333], [114.225, 30.547], [114.225416667, 30.547], [114.225416667, 30.547083333], [114.2255, 30.547083333], [114.2255, 30.54725], [114.22525, 30.54725], [114.22525, 30.547583333], [114.225333334, 30.547583333], [114.225333334, 30.54775], [114.22525, 30.54775], [114.22525, 30.54825], [114.225166667, 30.54825], [114.225166667, 30.548333333], [114.224916667, 30.548333333], [114.224916667, 30.54825], [114.22475, 30.54825], [114.22475, 30.547916667], [114.224666667, 30.547916667], [114.224666667, 30.547833333], [114.224500001, 30.547833333], [114.224500001, 30.547916667], [114.224416667, 30.547916667], [114.224416667, 30.548], [114.224333334, 30.548], [114.224333334, 30.548083334], [114.22425, 30.548083334], [114.22425, 30.54825], [114.224333334, 30.54825], [114.224333334, 30.5485], [114.224833333, 30.5485], [114.224833333, 30.548583333], [114.225083333, 30.548583333], [114.225083333, 30.548666666], [114.22525, 30.548666666], [114.22525, 30.54875], [114.2255, 30.54875], [114.2255, 30.548833333], [114.225583334, 30.548833333], [114.225583334, 30.549], [114.225666667, 30.549], [114.225666667, 30.54925], [114.22575, 30.54925], [114.22575, 30.549333334], [114.225666667, 30.549333334], [114.225666667, 30.5495], [114.22575, 30.5495], [114.22575, 30.549583334], [114.225666667, 30.549583334], [114.225666667, 30.54975], [114.22575, 30.54975], [114.22575, 30.549916666], [114.225833334, 30.549916666], [114.225833334, 30.550416667], [114.225916667, 30.550416667], [114.225916667, 30.5505], [114.225833334, 30.5505], [114.225833334, 30.550833334], [114.225916667, 30.550833334], [114.225916667, 30.551833333], [114.226166666, 30.551833333], [114.226166666, 30.552], [114.22625, 30.552], [114.22625, 30.552083334], [114.226833334, 30.552083334], [114.226833334, 30.552], [114.227, 30.552], [114.227, 30.551916667], [114.227083334, 30.551916667], [114.227083334, 30.551833333], [114.227250001, 30.551833333], [114.227250001, 30.5515], [114.227333334, 30.5515], [114.227333334, 30.551416666], [114.227250001, 30.551416666], [114.227250001, 30.551166666], [114.227333334, 30.551166666], [114.227333334, 30.550583333], [114.227416667, 30.550583333], [114.227416667, 30.550666667], [114.2275, 30.550666667], [114.2275, 30.55025], [114.227583333, 30.55025], [114.227583333, 30.55], [114.227666667, 30.55], [114.227666667, 30.549916666], [114.227583333, 30.549916666], [114.227583333, 30.549833333], [114.2275, 30.549833333], [114.2275, 30.54975], [114.227416667, 30.54975], [114.227416667, 30.549583334], [114.2275, 30.549583334], [114.2275, 30.5495], [114.227416667, 30.5495], [114.227416667, 30.549166667], [114.227333334, 30.549166667], [114.227333334, 30.548916667], [114.227250001, 30.548916667], [114.227250001, 30.548833333], [114.227166667, 30.548833333], [114.227166667, 30.54875], [114.227, 30.54875], [114.227, 30.548666666], [114.226916667, 30.548666666], [114.226916667, 30.548416666], [114.226833334, 30.548416666], [114.226833334, 30.548333333], [114.22675, 30.548333333], [114.22675, 30.54825], [114.226583333, 30.54825], [114.226583333, 30.548083334], [114.2265, 30.548083334], [114.2265, 30.548], [114.226416667, 30.548], [114.226416667, 30.547583333], [114.226333333, 30.547583333], [114.226333333, 30.547333333], [114.22625, 30.547333333], [114.22625, 30.54725], [114.226166666, 30.54725], [114.226166666, 30.547166666], [114.226083333, 30.547166666], [114.226083333, 30.546833333], [114.22625, 30.546833333], [114.22625, 30.54675], [114.226333333, 30.54675], [114.226333333, 30.546666667], [114.227083334, 30.546666667], [114.227083334, 30.54675], [114.227166667, 30.54675], [114.227166667, 30.546833333], [114.227250001, 30.546833333], [114.227250001, 30.546916666], [114.227416667, 30.546916666], [114.227416667, 30.547], [114.2275, 30.547], [114.2275, 30.547083333], [114.227666667, 30.547083333], [114.227666667, 30.547166666], [114.22775, 30.547166666], [114.22775, 30.547083333], [114.227833333, 30.547083333], [114.227833333, 30.547166666], [114.227916667, 30.547166666], [114.227916667, 30.54725], [114.228, 30.54725], [114.228, 30.547333333], [114.2285, 30.547333333], [114.2285, 30.547416666], [114.228583334, 30.547416666], [114.228583334, 30.547333333], [114.228666667, 30.547333333], [114.228666667, 30.547416666], [114.228750001, 30.547416666], [114.228750001, 30.547333333], [114.228916666, 30.547333333], [114.228916666, 30.54725], [114.229166667, 30.54725], [114.229166667, 30.547166666], [114.229333333, 30.547166666], [114.229333333, 30.547083333], [114.22975, 30.547083333], [114.22975, 30.547], [114.229833334, 30.547], [114.229833334, 30.546916666], [114.230000001, 30.546916666], [114.230000001, 30.54625], [114.230083334, 30.54625], [114.230083334, 30.546166667], [114.230000001, 30.546166667], [114.230000001, 30.546], [114.230166667, 30.546], [114.230166667, 30.545916666], [114.23025, 30.545916666], [114.23025, 30.545829329], [114.231824346, 30.548200216], [114.232091236, 30.548602079], [114.232223879, 30.549012566], [114.232231345, 30.54903142], [114.232241264, 30.549049417], [114.232351554, 30.549223102], [114.232864323, 30.550030962], [114.232886644, 30.550075552], [114.232870669, 30.550082292], [114.232726474, 30.55014309], [114.232718334, 30.550147152], [114.232311433, 30.550384352], [114.232307752, 30.550386658], [114.231922051, 30.550645859], [114.231914737, 30.550651564], [114.231819238, 30.550737825], [114.23181699, 30.550735577], [114.231746483, 30.550653415], [114.231746388, 30.550653305], [114.230559688, 30.549277305], [114.23055549, 30.549272906], [114.230550812, 30.549268882], [114.230545698, 30.549265273], [114.230540198, 30.549262113], [114.230534364, 30.549259433], [114.230528254, 30.549257257], [114.230521927, 30.549255608], [114.230515441, 30.549254501], [114.23050886, 30.549253947], [114.230502249, 30.549253951], [114.230495669, 30.549254513], [114.230489186, 30.549255627], [114.23048286, 30.549257283], [114.230476753, 30.549259466], [114.230470924, 30.549262153], [114.230465429, 30.549265321], [114.230460321, 30.549268936], [114.230455649, 30.549272965], [114.230451458, 30.549277368], [114.230447788, 30.549282105], [114.230444676, 30.549287128], [114.23044215, 30.54929239], [114.230440235, 30.54929784], [114.230438949, 30.549303426], [114.230438306, 30.549309092], [114.23043831, 30.549314787], [114.230438962, 30.549320453], [114.230440257, 30.549326037], [114.23044218, 30.549331485], [114.230444715, 30.549336744], [114.230447836, 30.549341763], [114.230451513, 30.549346495], [114.231638165, 30.550722439], [114.231710116, 30.550806284], [114.231713248, 30.550809662], [114.231727018, 30.550823432], [114.23146126, 30.551115624], [114.231458874, 30.551118413], [114.231228274, 30.551405766], [114.231110039, 30.551478427], [114.230701662, 30.551155128], [114.230652373, 30.551112606], [114.230621184, 30.551084089], [114.230597164, 30.551055099], [114.230579276, 30.551026988], [114.230563779, 30.550997719], [114.230546746, 30.550953792], [114.230533142, 30.550906631], [114.230505662, 30.550750586], [114.230447709, 30.550397871], [114.230447162, 30.550395045], [114.230399162, 30.550180044], [114.230398015, 30.550175784], [114.2303965, 30.55017161], [114.230389501, 30.55015461], [114.230385621, 30.550146977], [114.230374621, 30.550128977], [114.230373618, 30.550127516], [114.230372683, 30.550126021], [114.230371938, 30.550125065], [114.230371258, 30.550124074], [114.230370093, 30.550122705], [114.230368993, 30.550121295], [114.230355994, 30.550106296], [114.230351146, 30.550101312], [114.230345683, 30.550096827], [114.230330682, 30.550085826], [114.230326497, 30.550082994], [114.230322065, 30.550080455], [114.229882523, 30.549849746], [114.229815837, 30.549807628], [114.229798713, 30.549789467], [114.229794228, 30.549770525], [114.229791357, 30.549655751], [114.229791321, 30.54965473], [114.229785332, 30.54952294], [114.229780339, 30.54938815], [114.229775336, 30.549257094], [114.229775143, 30.549254201], [114.229767144, 30.5491712], [114.229766563, 30.549167024], [114.229756563, 30.549112024], [114.229754924, 30.549105494], [114.229735923, 30.549046494], [114.229735507, 30.549045256], [114.229707559, 30.5489654], [114.229536608, 30.548467547], [114.229534424, 30.548462173], [114.229531639, 30.548457008], [114.229528279, 30.548452104], [114.229524378, 30.548447507], [114.229519973, 30.548443261], [114.229515105, 30.548439408], [114.229509822, 30.548435984], [114.229504175, 30.548433022], [114.229498218, 30.548430552], [114.229492008, 30.548428596], [114.229485605, 30.548427173], [114.229479074, 30.548426299], [114.229472472, 30.54842598], [114.229465866, 30.548426219], [114.229459319, 30.548427015], [114.229452894, 30.54842836], [114.229446654, 30.54843024], [114.229440656, 30.548432639], [114.229434963, 30.548435531], [114.229429624, 30.548438891], [114.229424694, 30.548442686], [114.22942022, 30.548446878], [114.229416244, 30.548451428], [114.229412805, 30.548456291], [114.229409937, 30.548461421], [114.229407667, 30.548466769], [114.229406015, 30.548472282], [114.229404998, 30.548477909], [114.229404628, 30.548483594], [114.229404906, 30.548489283], [114.22940583, 30.548494921], [114.229407392, 30.548500454], [114.229578393, 30.548998454], [114.229578494, 30.548998744], [114.229606277, 30.549078128], [114.229624039, 30.549133281], [114.22963306, 30.549182896], [114.229640718, 30.549262356], [114.229645661, 30.549391878], [114.229650662, 30.549526849], [114.229650679, 30.54952727], [114.229656654, 30.54965876], [114.229659642, 30.549778248], [114.229659836, 30.549780607], [114.229659983, 30.549782968], [114.229660069, 30.549783445], [114.229660108, 30.549783928], [114.229660569, 30.549786259], [114.229660986, 30.549788596], [114.229669986, 30.549826596], [114.229671584, 30.549832001], [114.229673777, 30.549837248], [114.229676544, 30.54984229], [114.229679861, 30.549847079], [114.229683697, 30.549851573], [114.229716696, 30.549886573], [114.229720507, 30.549890279], [114.22972467, 30.549893692], [114.229729155, 30.549896787], [114.229805155, 30.549944787], [114.229809935, 30.549947544], [114.230247381, 30.550177152], [114.230252544, 30.550180939], [114.230257843, 30.550187054], [114.230264121, 30.550197327], [114.230267799, 30.550206259], [114.230314524, 30.550415548], [114.230372291, 30.550767129], [114.230372388, 30.550767699], [114.230400388, 30.550926699], [114.230401614, 30.550931989], [114.230416614, 30.550983988], [114.230418095, 30.550988377], [114.230437095, 30.551037377], [114.230439697, 30.55104307], [114.230457697, 30.551077069], [114.230459917, 30.551080885], [114.230480918, 30.551113884], [114.230485157, 30.5511197], [114.230514157, 30.5511547], [114.230519955, 30.551160781], [114.230554956, 30.551192781], [114.230556317, 30.551193991], [114.230607317, 30.551237989], [114.230609404, 30.551239714], [114.231035926, 30.551577378], [114.231095594, 30.551651296], [114.231129708, 30.551712524], [114.231139052, 30.551741277], [114.231161904, 30.551878073], [114.231164731, 30.551910387], [114.231174672, 30.552116122], [114.231182626, 30.552332898], [114.231181626, 30.553717964], [114.231181626, 30.553718126], [114.231181876, 30.553816886], [114.230486839, 30.553988465], [114.229453796, 30.55411854], [114.22944086, 30.554028849], [114.229439707, 30.554023173], [114.229437905, 30.554017624], [114.229418905, 30.553968624], [114.229416431, 30.553963173], [114.22941333, 30.553957965], [114.229409637, 30.553953052], [114.229378637, 30.553916052], [114.229374054, 30.553911163], [114.229368883, 30.55390673], [114.229316884, 30.55386673], [114.229311868, 30.553863229], [114.229306486, 30.553860157], [114.22911604, 30.553762442], [114.229010201, 30.553705742], [114.229130387, 30.55347691], [114.229131128, 30.553475446], [114.229149765, 30.55343719], [114.229190378, 30.553359926], [114.229192206, 30.553356088], [114.229219207, 30.553293088], [114.229220144, 30.553290749], [114.229245013, 30.553224097], [114.229295197, 30.553095199], [114.229357383, 30.552963914], [114.229359576, 30.552958542], [114.229361149, 30.552953012], [114.229362084, 30.552947375], [114.229362372, 30.552941687], [114.229362012, 30.552936002], [114.229361007, 30.552930375], [114.229359366, 30.552924859], [114.229357106, 30.552919509], [114.229354246, 30.552914374], [114.229350816, 30.552909507], [114.229346849, 30.552904952], [114.229342383, 30.552900754], [114.22933746, 30.552896953], [114.229332128, 30.552893585], [114.229326439, 30.552890685], [114.229320447, 30.552888278], [114.22931421, 30.552886389], [114.229307787, 30.552885035], [114.229301242, 30.55288423], [114.229294636, 30.552883981], [114.229288035, 30.552884291], [114.2292815, 30.552885158], [114.229275095, 30.55288657], [114.229268882, 30.552888517], [114.229262921, 30.552890979], [114.229257268, 30.552893933], [114.229251979, 30.552897349], [114.229247103, 30.552901196], [114.22924269, 30.552905435], [114.229238779, 30.552910026], [114.229235411, 30.552914926], [114.229232617, 30.552920086], [114.229169617, 30.553053085], [114.229168121, 30.553056557], [114.229117121, 30.553187556], [114.229116856, 30.553188251], [114.229092297, 30.553254072], [114.229066628, 30.553313964], [114.229026621, 30.553390074], [114.229025872, 30.553391554], [114.229007232, 30.553429818], [114.228882613, 30.553667091], [114.228880424, 30.553671796], [114.22887872, 30.553676648], [114.228877514, 30.55368161], [114.228873515, 30.553702609], [114.228872728, 30.55370881], [114.228872719, 30.553715047], [114.228873488, 30.553721248], [114.228876488, 30.553737249], [114.228877735, 30.553742401], [114.228879519, 30.553747435], [114.228881825, 30.553752308], [114.228884634, 30.553756982], [114.228887924, 30.553761417], [114.228896924, 30.553772417], [114.22890176, 30.553777657], [114.228907265, 30.553782383], [114.228924265, 30.553795383], [114.228928693, 30.553798491], [114.228933412, 30.553801264], [114.229045412, 30.553861264], [114.229046515, 30.553861843], [114.22923195, 30.553956987], [114.229273651, 30.553989065], [114.229294349, 30.55401377], [114.229307968, 30.55404889], [114.229320435, 30.554135332], [114.228169808, 30.554280212], [114.228168639, 30.554273451], [114.228167344, 30.554267868], [114.228165422, 30.55426242], [114.228162888, 30.554257161], [114.228159767, 30.554252141], [114.22815609, 30.554247408], [114.228151892, 30.55424301], [114.228147215, 30.554238987], [114.228142101, 30.554235377], [114.228136602, 30.554232217], [114.228130769, 30.554229536], [114.228124658, 30.554227361], [114.22811833, 30.554225711], [114.228111844, 30.554224603], [114.228105265, 30.554224049], [114.228098653, 30.554224053], [114.228092073, 30.554224614], [114.228085589, 30.554225729], [114.228079264, 30.554227385], [114.228073157, 30.554229567], [114.228067328, 30.554232254], [114.228061832, 30.55423542], [114.228056724, 30.554239036], [114.228052052, 30.554243064], [114.22804786, 30.554247468], [114.228044191, 30.554252203], [114.228041078, 30.554257226], [114.228038551, 30.554262488], [114.228036636, 30.554267937], [114.22803535, 30.554273523], [114.228034707, 30.554279189], [114.22803471, 30.554284882], [114.228035362, 30.554290549], [114.228036478, 30.554297], [114.227576185, 30.554354957], [114.227567023, 30.554316143], [114.227565771, 30.554311731], [114.227564121, 30.554307415], [114.227433422, 30.554005815], [114.227430557, 30.554000146], [114.227383857, 30.553919746], [114.227380316, 30.553914383], [114.227376135, 30.553909375], [114.227109935, 30.553623874], [114.22710353, 30.553617913], [114.22637903, 30.553031813], [114.225641827, 30.55243551], [114.225635884, 30.552431228], [114.225629409, 30.552427564], [114.225419208, 30.552322963], [114.22541251, 30.552320046], [114.225405477, 30.552317789], [114.225134676, 30.552245389], [114.22512845, 30.552244001], [114.225122099, 30.552243131], [114.225115681, 30.552242785], [114.224740781, 30.552238085], [114.22473521, 30.552238214], [114.224729672, 30.552238739], [114.223612227, 30.552385071], [114.223554079, 30.55228973], [114.223512826, 30.552217307], [114.223483713, 30.552111185], [114.223445846, 30.551960712], [114.22344517, 30.55195828], [114.223385169, 30.55176128], [114.223382441, 30.551754209], [114.223310442, 30.551601209], [114.223307715, 30.551596134], [114.22303503, 30.551146652], [114.222863334, 30.55084918], [114.222829402, 30.550790363], [114.222995602, 30.550729672], [114.223139739, 30.550680311], [114.223284089, 30.550636121], [114.223495397, 30.550580826], [114.223868193, 30.5504961], [114.223876809, 30.550493595], [114.223904809, 30.550483595], [114.22390521, 30.550483451], [114.223927209, 30.550475451], [114.223933464, 30.55047284], [114.223939374, 30.55046969], [114.223944875, 30.550466032], [114.22394991, 30.550461904], [114.22396091, 30.550451904], [114.223965052, 30.550447765], [114.223975052, 30.550436765], [114.223978123, 30.5504331], [114.223980853, 30.550429241], [114.223991854, 30.550412242], [114.223994303, 30.55040807], [114.224003302, 30.55039107], [114.224006243, 30.550384481], [114.224057243, 30.550245481], [114.22405919, 30.550238829], [114.224074141, 30.550171052], [114.224146089, 30.549858275], [114.224147054, 30.549852642], [114.224147374, 30.549846955], [114.224147044, 30.549841268], [114.224146069, 30.549835637], [114.224144457, 30.549830114], [114.224142225, 30.549824755], [114.224139394, 30.549819609], [114.22413599, 30.549814727], [114.224132047, 30.549810157], [114.224127603, 30.549805941], [114.224122702, 30.54980212], [114.224117387, 30.549798732], [114.224111713, 30.549795809], [114.224105734, 30.549793378], [114.224099508, 30.549791465], [114.224093092, 30.549790085], [114.224086552, 30.549789254], [114.224079948, 30.549788979], [114.224073344, 30.549789262], [114.224066804, 30.549790103], [114.224060392, 30.549791491], [114.224054169, 30.549793413], [114.224048194, 30.549795851], [114.224042526, 30.549798782], [114.224037218, 30.549802178], [114.224032323, 30.549806005], [114.224027886, 30.549810227], [114.224023953, 30.549814803], [114.224020558, 30.549819689], [114.224017735, 30.549824838], [114.224015512, 30.549830201], [114.224013911, 30.549835726], [114.223941911, 30.550148726], [114.223941811, 30.550149172], [114.223927555, 30.550213795], [114.223878994, 30.550346147], [114.223872824, 30.550357801], [114.223865707, 30.550368801], [114.223861564, 30.550373359], [114.223852991, 30.550376476], [114.223829401, 30.550384901], [114.223459809, 30.5504689], [114.223457413, 30.550469486], [114.223243412, 30.550525485], [114.223240434, 30.55052633], [114.223093434, 30.550571331], [114.223091104, 30.550572086], [114.222945104, 30.550622086], [114.222943699, 30.550622583], [114.222774567, 30.550684345], [114.222759398, 30.550685881], [114.222758846, 30.550684472], [114.222756252, 30.550678835], [114.222752991, 30.550673464], [114.22251399, 30.550325463], [114.222512663, 30.550323612], [114.22242639, 30.550208104], [114.222383656, 30.550131323], [114.222382465, 30.550129288], [114.222214666, 30.549855888], [114.222206854, 30.549843159], [114.222186374, 30.549703354], [114.222186374, 30.549654556], [114.222191371, 30.549619575], [114.22220378, 30.549576557], [114.222246833, 30.549497938], [114.222299123, 30.549404212], [114.222345466, 30.549329275], [114.222348212, 30.549324274], [114.222362211, 30.549295273], [114.222364158, 30.54929071], [114.222365655, 30.549286022], [114.22236669, 30.549281244], [114.22237269, 30.549245244], [114.222373253, 30.549240476], [114.222373357, 30.549235685], [114.222372357, 30.549197685], [114.222371788, 30.549191366], [114.222370422, 30.549185138], [114.222358423, 30.549143138], [114.222356386, 30.549137333], [114.222353657, 30.549131744], [114.222321656, 30.549074744], [114.222321294, 30.54907411], [114.222304732, 30.549045503], [114.222301553, 30.549019428], [114.222303966, 30.548978396], [114.222326295, 30.548899313], [114.222346427, 30.548834123], [114.222360021, 30.548800896], [114.222374111, 30.548784968], [114.222543251, 30.548635495], [114.222544011, 30.548634812], [114.222590012, 30.548592812], [114.222595737, 30.54858683], [114.222630737, 30.54854483], [114.222634006, 30.548540514], [114.222693005, 30.548454515], [114.222697104, 30.548447495], [114.222739105, 30.548361495], [114.222741603, 30.54835547], [114.222743315, 30.548349247], [114.222748315, 30.548325247], [114.222749215, 30.548318987], [114.222751215, 30.548293985], [114.222751364, 30.548289008], [114.222751017, 30.548284037], [114.222748018, 30.548259037], [114.222747145, 30.54825397], [114.222745759, 30.54824899], [114.222737757, 30.548224989], [114.222734404, 30.548217121], [114.222688217, 30.548129034], [114.223107903, 30.548049362], [114.223114282, 30.548047865], [114.22312046, 30.548045836], [114.223126378, 30.548043297], [114.223131977, 30.54804027], [114.223137206, 30.548036784], [114.223142013, 30.548032874], [114.22314635, 30.548028577], [114.223150179, 30.548023934], [114.22315346, 30.548018991], [114.223156163, 30.548013794], [114.223158262, 30.548008395], [114.223159736, 30.548002844], [114.223160571, 30.547997196], [114.223160759, 30.547991504], [114.223160299, 30.547985824], [114.223159194, 30.54798021], [114.223157455, 30.547974715], [114.2231551, 30.547969396], [114.223152151, 30.547964299], [114.223148635, 30.547959476], [114.223144589, 30.547954974], [114.223140048, 30.547950836], [114.223135058, 30.547947099], [114.223129668, 30.547943802], [114.223123928, 30.547940976], [114.223117895, 30.547938648], [114.223111625, 30.54793684], [114.223105179, 30.547935571], [114.22309862, 30.547934852], [114.223092011, 30.547934689], [114.223085416, 30.547935087], [114.223078896, 30.547936038], [114.222633124, 30.548020662], [114.222617579, 30.547981801], [114.222606213, 30.547921469], [114.22260441, 30.547869158], [114.222606061, 30.5478287], [114.222618224, 30.547789925], [114.222659811, 30.547719411], [114.222719344, 30.547636253], [114.222799983, 30.54754784], [114.222803807, 30.547543195], [114.222807084, 30.547538251], [114.222809782, 30.547533052], [114.222811876, 30.547527651], [114.222813345, 30.547522099], [114.222814175, 30.54751645], [114.222814358, 30.547510759], [114.222813893, 30.547505078], [114.222812782, 30.547499465], [114.22281104, 30.547493972], [114.222808679, 30.547488653], [114.222805726, 30.547483559], [114.222802206, 30.547478739], [114.222798154, 30.547474239], [114.222793611, 30.547470103], [114.222788618, 30.547466371], [114.222783224, 30.547463077], [114.222777481, 30.547460254], [114.222771446, 30.547457931], [114.222765173, 30.547456127], [114.222758727, 30.547454862], [114.222752168, 30.547454148], [114.222745559, 30.54745399], [114.222738963, 30.547454392], [114.222732445, 30.547455347], [114.222726067, 30.547456849], [114.222719892, 30.547458881], [114.222713976, 30.547461425], [114.222708379, 30.547464456], [114.222703154, 30.547467945], [114.222698352, 30.547471858], [114.222694017, 30.547476158], [114.222611017, 30.547567159], [114.222606652, 30.547572549], [114.22254365, 30.547660548], [114.222540931, 30.547664725], [114.222502215, 30.547730372], [114.222420827, 30.547459371], [114.222418329, 30.547452728], [114.222414922, 30.547446391], [114.22234952, 30.54734179], [114.222345564, 30.547336234], [114.222340908, 30.547331096], [114.222335613, 30.547326439], [114.222228213, 30.547242039], [114.222222347, 30.547237924], [114.222215982, 30.547234402], [114.222209197, 30.547231516], [114.221989698, 30.547151016], [114.221983635, 30.547149083], [114.221977387, 30.547147659], [114.219880587, 30.546761559], [114.219879233, 30.546761323], [114.219248732, 30.546656822], [114.219241258, 30.546655954], [114.219233716, 30.54665581], [114.218822817, 30.54666781], [114.218820476, 30.546667914], [114.218479575, 30.546688115], [114.218472438, 30.546688868], [114.218465434, 30.546690274], [114.218031034, 30.546798773], [114.218022097, 30.546801609], [114.217783997, 30.546894109], [114.217778614, 30.546896455], [114.217773496, 30.546899207], [114.217413896, 30.547112408], [114.217409503, 30.547115247], [114.216792403, 30.547548946], [114.216791784, 30.547549386], [114.216076984, 30.548064086], [114.21607215, 30.548067927], [114.216067775, 30.548072156], [114.216063898, 30.548076733], [114.216060558, 30.548081612], [114.216057787, 30.548086749], [114.21605561, 30.548092094], [114.216054049, 30.548097596], [114.216053118, 30.548103203], [114.216052827, 30.548108863], [114.216053178, 30.548114518], [114.216054167, 30.548120119], [114.216055786, 30.548125609], [114.216058019, 30.548130936], [114.216060843, 30.548136051], [114.216064235, 30.548140905], [114.216068159, 30.54814545], [114.216609307, 30.548712247], [114.216709074, 30.548827902], [114.216452809, 30.548956354], [114.216446794, 30.548959752], [114.216441233, 30.548963683], [114.216052433, 30.549269883], [114.216046761, 30.549274925], [114.216041838, 30.549280521], [114.215826838, 30.549558321], [114.215823046, 30.549563865], [114.215819988, 30.549569737], [114.215629788, 30.549997137], [114.21562792, 30.550001959], [114.215626547, 30.550006902], [114.215625683, 30.550011931], [114.215625334, 30.550017005], [114.215623214, 30.550135298], [114.215617618, 30.550163085], [114.215617158, 30.550165721], [114.215606682, 30.550237059], [114.214801668, 30.549989362], [114.214795341, 30.549987712], [114.214788855, 30.549986603], [114.214782275, 30.549986047], [114.214775664, 30.549986051], [114.214769084, 30.549986611], [114.2147626, 30.549987724], [114.214756274, 30.549989379], [114.214750167, 30.549991561], [114.214744337, 30.549994248], [114.214738842, 30.549997413], [114.214733732, 30.550001027], [114.214729059, 30.550005055], [114.214724867, 30.550009458], [114.214721196, 30.550014194], [114.214718082, 30.550019217], [114.214715555, 30.550024479], [114.214713638, 30.550029928], [114.214712351, 30.550035514], [114.214711706, 30.55004118], [114.214711709, 30.550046874], [114.21471236, 30.550052539], [114.214713654, 30.550058123], [114.214715575, 30.550063572], [114.214718108, 30.550068832], [114.214721229, 30.550073853], [114.214724904, 30.550078585], [114.2147291, 30.550082985], [114.214733778, 30.550087009], [114.214738891, 30.550090619], [114.21474439, 30.550093781], [114.214750222, 30.550096461], [114.214756332, 30.550098639], [114.215594263, 30.550356463], [114.215591655, 30.550435349], [114.215591628, 30.550436789], [114.215590628, 30.550673788], [114.21559121, 30.55068162], [114.21560521, 30.55077262], [114.215605447, 30.55077403], [114.215620447, 30.550856028], [114.215621401, 30.550860225], [114.215649401, 30.550963225], [114.215650764, 30.5509675], [114.215686625, 30.551065119], [114.215806348, 30.551407328], [114.216057244, 30.552164681], [114.215726723, 30.55225467], [114.215599711, 30.552289132], [114.215443309, 30.552322714], [114.215314966, 30.552334208], [114.215165561, 30.552343972], [114.214827638, 30.55234299], [114.214680589, 30.552329708], [114.214344044, 30.552258648], [114.214337554, 30.552257566], [114.21433097, 30.552257037], [114.214324358, 30.552257065], [114.214317781, 30.552257651], [114.214311303, 30.55225879], [114.214304985, 30.55226047], [114.214298891, 30.552262676], [114.214293075, 30.552265384], [114.214287596, 30.552268571], [114.214282506, 30.552272206], [114.214277854, 30.552276252], [114.214273685, 30.552280671], [114.21427004, 30.55228542], [114.214266952, 30.552290456], [114.214264452, 30.552295727], [114.214262564, 30.552301184], [114.214261307, 30.552306774], [114.214260691, 30.552312442], [114.214260724, 30.552318136], [114.214261406, 30.5523238], [114.214262728, 30.552329379], [114.21426468, 30.552334819], [114.214267239, 30.552340069], [114.214270385, 30.552345076], [114.214274087, 30.552349795], [114.214278307, 30.552354178], [114.214283005, 30.552358184], [114.214288137, 30.552361774], [114.214293652, 30.552364913], [114.214299499, 30.552367573], [114.21430562, 30.552369725], [114.214311957, 30.552371351], [114.214652957, 30.55244335], [114.214661971, 30.552444703], [114.214816972, 30.552458704], [114.214823774, 30.55245902], [114.215167773, 30.552460019], [114.215173099, 30.552459854], [114.215326099, 30.552449852], [114.215327968, 30.552449708], [114.215461968, 30.552437709], [114.2154713, 30.552436296], [114.2156343, 30.552401296], [114.215638247, 30.552400338], [114.215767246, 30.552365338], [114.216095712, 30.552275908], [114.216484555, 30.553355922], [114.216806058, 30.554279422], [114.216824125, 30.554343618], [114.21662339, 30.554363105], [114.216002839, 30.554251561], [114.215378503, 30.554034693], [114.215372258, 30.554032825], [114.215365829, 30.554031493], [114.215359281, 30.55403071], [114.215352674, 30.554030484], [114.215346074, 30.554030816], [114.215339542, 30.554031703], [114.215333144, 30.554033139], [114.21532694, 30.554035106], [114.215320989, 30.554037588], [114.21531535, 30.554040561], [114.215310077, 30.554043995], [114.21530522, 30.554047858], [114.215303961, 30.554049075], [114.215263357, 30.55402391], [114.215258631, 30.554021232], [114.215253661, 30.554018906], [114.215163661, 30.553980906], [114.215160515, 30.553979663], [114.214924515, 30.553892663], [114.21492338, 30.553892254], [114.21466669, 30.553802363], [114.214270768, 30.553659752], [114.21402253, 30.553564046], [114.214022365, 30.553563981], [114.213732365, 30.553452981], [114.213726199, 30.553450927], [114.213719828, 30.553449403], [114.213713315, 30.553448425], [114.213706721, 30.553448], [114.213700111, 30.553448133], [114.213693548, 30.553448825], [114.213687095, 30.553450067], [114.213680816, 30.553451847], [114.213674769, 30.55345415], [114.213669013, 30.553456951], [114.213663603, 30.553460225], [114.213658592, 30.55346394], [114.213654029, 30.553468059], [114.213649956, 30.553472544], [114.213646413, 30.553477352], [114.213643434, 30.553482435], [114.213641048, 30.553487746], [114.213639279, 30.553493231], [114.213638142, 30.55349884], [114.213637649, 30.553504518], [114.213637805, 30.55351021], [114.213638608, 30.553515861], [114.213640049, 30.553521418], [114.213642117, 30.553526827], [114.21364479, 30.553532034], [114.213648043, 30.553536991], [114.213651845, 30.55354165], [114.213656159, 30.553545965], [114.213660942, 30.553549894], [114.21366615, 30.553553402], [114.213671732, 30.553556453], [114.213677636, 30.553559018], [114.213967553, 30.553669985], [114.21421647, 30.553765954], [114.214218002, 30.553766526], [114.214615002, 30.553909525], [114.21461562, 30.553909744], [114.214872051, 30.553999544], [114.215105895, 30.554085751], [114.215189247, 30.554120944], [114.215375821, 30.55423658], [114.215425017, 30.55426905], [114.215429155, 30.554271574], [114.215509156, 30.554316574], [114.215517443, 30.554320549], [114.215584444, 30.55434755], [114.215588447, 30.554349029], [114.215769447, 30.554410028], [114.215774141, 30.55441144], [114.215902141, 30.554445441], [114.215910116, 30.554447109], [114.216072116, 30.554472108], [114.216076452, 30.554472653], [114.216151056, 30.554479897], [114.215111037, 30.554742728], [114.214708644, 30.554844325], [114.214702957, 30.554846002], [114.214697466, 30.55484811], [114.214429265, 30.554963609], [114.21442413, 30.554966067], [114.214419263, 30.554968901], [114.214414702, 30.554972089], [114.21441048, 30.554975608], [114.21421738, 30.555151207], [114.214214011, 30.555154514], [114.214210941, 30.555158032], [114.213980241, 30.555444432], [114.213977148, 30.555448648], [114.213974486, 30.555453077], [114.213972277, 30.555457688], [114.213907977, 30.555610088], [114.213906148, 30.555615123], [114.213904859, 30.555620281], [114.213904119, 30.555625519], [114.213903935, 30.555630792], [114.213904308, 30.555636058], [114.213905233, 30.555641273], [114.213948134, 30.555826073], [114.213950759, 30.555834231], [114.214126492, 30.556257499]]]}, "properties": {"id": 5135, "land_type": "公园与绿地用地"}}, {"type": "Feature", "geometry": {"type": "Polygon", "coordinates": [[[114.20745913, 30.546254622], [114.20747117, 30.546256629], [114.207483355, 30.546259336], [114.207550788, 30.546281814], [114.207793174, 30.546369506], [114.207870674, 30.546404734], [114.207875738, 30.546408785], [114.207906296, 30.546441041], [114.208008822, 30.546579695], [114.208016479, 30.546590505], [114.208016626, 30.546593314], [114.208016626, 30.546608614], [114.208013878, 30.546621257], [114.208005529, 30.546640235], [114.208001904, 30.546647481], [114.207999778, 30.546649183], [114.207998405, 30.546650144], [114.20799674, 30.546650785], [114.207973356, 30.54665736], [114.207491837, 30.54672064], [114.207491776, 30.546720651], [114.207491714, 30.546720657], [114.207025715, 30.546782658], [114.206983054, 30.546788345], [114.206974214, 30.546788976], [114.206965544, 30.546788976], [114.206964795, 30.546788908], [114.206962159, 30.546787724], [114.206959415, 30.546785439], [114.206958548, 30.546784225], [114.206953902, 30.54676506], [114.20692569, 30.546408893], [114.20739477, 30.546264837], [114.20742038, 30.546259881], [114.207455606, 30.546254401], [114.20745913, 30.546254622]]]}, "properties": {"id": 5136, "land_type": "居住用地"}}, {"type": "Feature", "geometry": {"type": "Polygon", "coordinates": [[[114.219853088, 30.546875165], [114.221942871, 30.547259973], [114.222145856, 30.547334416], [114.222236316, 30.547405504], [114.222292414, 30.547495226], [114.222430455, 30.547954868], [114.222460073, 30.548054375], [114.221242369, 30.54830112], [114.221100408, 30.548329925], [114.220720636, 30.548381515], [114.218563499, 30.548519905], [114.218120305, 30.54854258], [114.218119289, 30.548542639], [114.217565089, 30.548578239], [114.217558978, 30.548578874], [114.217552961, 30.548579987], [114.216924361, 30.548722386], [114.216918572, 30.548723941], [114.216912968, 30.548725937], [114.216907597, 30.54872836], [114.216826256, 30.548769152], [114.216716482, 30.548641899], [114.216714441, 30.54863965], [114.21621468, 30.5481162], [114.216877908, 30.547638635], [114.217492568, 30.54720665], [114.21784492, 30.546997748], [114.218073152, 30.546909082], [114.218496029, 30.54680346], [114.218828556, 30.546783755], [114.219230709, 30.546772011], [114.219853088, 30.546875165]]]}, "properties": {"id": 5137, "land_type": "居住用地"}}, {"type": "Feature", "geometry": {"type": "Polygon", "coordinates": [[[114.220799923, 30.550148985], [114.220417393, 30.550232769], [114.220416326, 30.550233011], [114.219251902, 30.550505613], [114.219186576, 30.550300518], [114.219390241, 30.55025409], [114.219396541, 30.550252364], [114.219402616, 30.550250115], [114.219408404, 30.550247364], [114.219413852, 30.550244138], [114.219418907, 30.550240467], [114.21942352, 30.550236388], [114.219427646, 30.550231939], [114.219431245, 30.550227163], [114.219434283, 30.550222106], [114.219436732, 30.550216816], [114.219438568, 30.550211346], [114.21943977, 30.550205747], [114.219440331, 30.550200074], [114.219440243, 30.550194381], [114.219439506, 30.550188723], [114.21943813, 30.550183153], [114.219436127, 30.550177726], [114.219433515, 30.550172496], [114.219430321, 30.550167511], [114.219426575, 30.550162819], [114.219422312, 30.550158465], [114.219417576, 30.550154494], [114.219412409, 30.550150941], [114.219406863, 30.550147841], [114.219400991, 30.550145224], [114.219394849, 30.550143115], [114.219388497, 30.550141536], [114.219381996, 30.550140499], [114.219375408, 30.550140017], [114.219368797, 30.550140092], [114.219362226, 30.550140726], [114.219355759, 30.550141911], [114.219150929, 30.550188605], [114.218664738, 30.548662177], [114.219252163, 30.548628912], [114.219389164, 30.548622062], [114.219485316, 30.548624004], [114.219659461, 30.548627985], [114.219848711, 30.548635953], [114.219855322, 30.548635952], [114.219861902, 30.548635392], [114.219868386, 30.54863428], [114.219874713, 30.548632626], [114.219880821, 30.548630446], [114.219886651, 30.548627761], [114.219892148, 30.548624596], [114.219897257, 30.548620983], [114.219901932, 30.548616955], [114.219906124, 30.548612553], [114.219909797, 30.548607818], [114.219912912, 30.548602795], [114.219915441, 30.548597534], [114.219917358, 30.548592085], [114.219918647, 30.5485865], [114.219919294, 30.548580834], [114.219919292, 30.54857514], [114.219918643, 30.548569473], [114.219917351, 30.548563889], [114.21991543, 30.548558441], [114.219912899, 30.548553181], [114.21991082, 30.548549834], [114.220733405, 30.548497061], [114.220738898, 30.548496514], [114.221123898, 30.548444214], [114.221128851, 30.548443375], [114.221198884, 30.548429165], [114.221199634, 30.548431183], [114.221202043, 30.548436075], [114.221309442, 30.548629075], [114.221310633, 30.548631111], [114.222049632, 30.549835315], [114.221711329, 30.549961971], [114.221619124, 30.549989993], [114.221537082, 30.549997285], [114.221534489, 30.549997559], [114.221420489, 30.55001156], [114.221413151, 30.550012822], [114.220930692, 30.550120133], [114.220844141, 30.549888245], [114.220844125, 30.549888207], [114.220844113, 30.54988817], [114.220778113, 30.549712169], [114.220775774, 30.549706844], [114.220772841, 30.54970174], [114.220769342, 30.54969691], [114.220765309, 30.549692397], [114.220760782, 30.549688248], [114.220755805, 30.549684499], [114.220750425, 30.54968119], [114.220744693, 30.54967835], [114.220738668, 30.549676008], [114.220732404, 30.549674185], [114.220725962, 30.549672901], [114.220719406, 30.549672166], [114.220712797, 30.549671988], [114.2207062, 30.549672369], [114.220699678, 30.549673304], [114.220693294, 30.549674787], [114.22068711, 30.5496768], [114.220681184, 30.549679326], [114.220675575, 30.54968234], [114.220670336, 30.549685813], [114.220665517, 30.549689712], [114.220661164, 30.549693999], [114.220657322, 30.549698631], [114.220654024, 30.549703567], [114.220651305, 30.549708757], [114.220649188, 30.549714151], [114.220647696, 30.549719699], [114.220646844, 30.549725345], [114.220646637, 30.549731036], [114.220647079, 30.549736716], [114.220648166, 30.549742334], [114.220649886, 30.549747831], [114.220715873, 30.549923793], [114.220799923, 30.550148985]]]}, "properties": {"id": 5138, "land_type": "居住用地"}}, {"type": "Feature", "geometry": {"type": "Polygon", "coordinates": [[[114.207569241, 30.549507817], [114.207570452, 30.549513415], [114.207572294, 30.549518884], [114.20757475, 30.54952417], [114.207577797, 30.549529224], [114.207581403, 30.549533996], [114.207585535, 30.54953844], [114.207590153, 30.549542516], [114.207595213, 30.549546181], [114.207600666, 30.549549401], [114.207606459, 30.549552146], [114.207609732, 30.549553354], [114.207604456, 30.54955863], [114.207582976, 30.549579133], [114.207579429, 30.549582813], [114.207576246, 30.549586733], [114.207550246, 30.549621734], [114.207549301, 30.549623044], [114.207535301, 30.549643044], [114.207532549, 30.549647382], [114.20752455, 30.549661383], [114.207523776, 30.549662782], [114.207515776, 30.549677782], [114.207512908, 30.549684113], [114.207510919, 30.549690689], [114.207507959, 30.549703517], [114.207498217, 30.549744435], [114.207475521, 30.549826334], [114.207473233, 30.549834341], [114.207471223, 30.549837959], [114.207468299, 30.549844105], [114.207463949, 30.549854981], [114.207452888, 30.549873198], [114.207437949, 30.549888138], [114.207435952, 30.549890232], [114.207429909, 30.549896879], [114.207426077, 30.549899754], [114.207372649, 30.549930283], [114.207332798, 30.549943849], [114.207253087, 30.549969562], [114.206816154, 30.549406363], [114.206807897, 30.549392591], [114.207509268, 30.549127993], [114.207569241, 30.549507817]]]}, "properties": {"id": 5139, "land_type": "行政办公用地"}}, {"type": "Feature", "geometry": {"type": "Polygon", "coordinates": [[[114.217223666, 30.550722099], [114.217217096, 30.550722744], [114.217210632, 30.55072394], [114.217204335, 30.550725677], [114.217198266, 30.550727935], [114.217192484, 30.550730696], [114.217187043, 30.550733932], [114.217181997, 30.55073761], [114.217177394, 30.550741698], [114.217173278, 30.550746154], [114.217169689, 30.550750936], [114.217166662, 30.550755998], [114.217164225, 30.550761291], [114.217162402, 30.550766764], [114.217161213, 30.550772365], [114.217160665, 30.55077804], [114.217160766, 30.550783732], [114.217161515, 30.55078939], [114.217162903, 30.550794957], [114.217224873, 30.550994984], [114.216004262, 30.551297586], [114.215751908, 30.550473717], [114.215757782, 30.550146175], [114.215778661, 30.550042498], [114.215831055, 30.54989502], [114.215873631, 30.549789547], [114.215921318, 30.549698941], [114.215987636, 30.549594588], [114.216054177, 30.549496677], [114.216182246, 30.549366682], [114.216296629, 30.549262077], [114.216455339, 30.549133736], [114.216657322, 30.548992638], [114.216862374, 30.548899258], [114.217045959, 30.548829555], [114.217146663, 30.548795352], [114.217260563, 30.548770676], [114.217347921, 30.548756275], [114.217455891, 30.548743514], [114.21761563, 30.548725766], [114.217748625, 30.548717884], [114.217749037, 30.548717859], [114.218321593, 30.548680888], [114.218473212, 30.548672831], [114.218766556, 30.549613342], [114.218417144, 30.549696053], [114.218410862, 30.54969783], [114.218404812, 30.549700128], [114.218399054, 30.549702926], [114.218393642, 30.549706197], [114.218388628, 30.549709909], [114.21838406, 30.549714025], [114.218379984, 30.549718508], [114.218376437, 30.549723313], [114.218373454, 30.549728395], [114.218371063, 30.549733704], [114.218369289, 30.549739189], [114.218368148, 30.549744797], [114.218367649, 30.549750475], [114.2183678, 30.549756167], [114.218368598, 30.54976182], [114.218370035, 30.549767378], [114.218372098, 30.549772786], [114.218374768, 30.549777996], [114.218378017, 30.549782955], [114.218381815, 30.549787616], [114.218386123, 30.549791935], [114.218390904, 30.549795868], [114.21839611, 30.549799379], [114.21840169, 30.549802434], [114.21840759, 30.549805003], [114.218413755, 30.549807061], [114.218420124, 30.549808589], [114.218426637, 30.549809572], [114.21843323, 30.54981], [114.218439839, 30.549809871], [114.218446402, 30.549809184], [114.218452857, 30.549807946], [114.218801677, 30.549725375], [114.218978974, 30.550288179], [114.219061519, 30.550550672], [114.217354504, 30.550963257], [114.217293097, 30.550765044], [114.217291081, 30.550759621], [114.217288458, 30.550754395], [114.217285252, 30.550749414], [114.217281495, 30.550744729], [114.217277222, 30.550740383], [114.217272477, 30.550736419], [114.217267303, 30.550732875], [114.21726175, 30.550729784], [114.217255872, 30.550727177], [114.217249726, 30.550725079], [114.21724337, 30.550723509], [114.217236866, 30.550722484], [114.217230277, 30.550722013], [114.217223666, 30.550722099]]]}, "properties": {"id": 5140, "land_type": "居住用地"}}, {"type": "Feature", "geometry": {"type": "Polygon", "coordinates": [[[114.204966785, 30.550125751], [114.204977393, 30.550159343], [114.20498322, 30.550184315], [114.204985627, 30.550207579], [114.204985627, 30.550230075], [114.204984745, 30.550253864], [114.204981562, 30.550278536], [114.20494074, 30.550415583], [114.204939656, 30.550419894], [114.204938956, 30.550424263], [114.204935957, 30.550450262], [114.204935632, 30.55045527], [114.204933659, 30.550590418], [114.204930231, 30.550628981], [114.204928318, 30.550635866], [114.204921898, 30.550646779], [114.204920118, 30.550650056], [114.204916466, 30.550657361], [114.204905751, 30.550669335], [114.204895274, 30.550679813], [114.204864712, 30.550709476], [114.204721272, 30.55081486], [114.204719842, 30.550815942], [114.204701843, 30.55082994], [114.204698321, 30.550832888], [114.204678321, 30.550850887], [114.204673322, 30.550855934], [114.204669025, 30.550861441], [114.204659535, 30.550875245], [114.204651263, 30.550885171], [114.204648025, 30.550889441], [114.204637025, 30.550905441], [114.204633727, 30.550910873], [114.204631115, 30.550916574], [114.204624205, 30.550934338], [114.2046103, 30.550969103], [114.20460996, 30.550969976], [114.204409959, 30.551496976], [114.204408352, 30.551501951], [114.204382353, 30.551598951], [114.204381059, 30.551605433], [114.204380627, 30.551612], [114.204380627, 30.551628326], [114.204356947, 30.551639056], [114.204180185, 30.551710743], [114.204145729, 30.55172253], [114.204041542, 30.551752957], [114.204004082, 30.551756286], [114.204002138, 30.551756484], [114.203934515, 30.551764212], [114.203727976, 30.551775031], [114.203570023, 30.551778981], [114.203475362, 30.551778981], [114.203162169, 30.551768077], [114.203060721, 30.551760774], [114.202696227, 30.55095225], [114.203974271, 30.550465056], [114.203974817, 30.550464845], [114.204949006, 30.550084536], [114.204966785, 30.550125751]]]}, "properties": {"id": 5141, "land_type": "行政办公用地"}}, {"type": "Feature", "geometry": {"type": "Polygon", "coordinates": [[[114.203950962, 30.551975484], [114.203945136, 30.551998788], [114.203944165, 30.552003679], [114.203943683, 30.552008623], [114.203942693, 30.552029426], [114.203941704, 30.552047228], [114.203941763, 30.552053694], [114.203943763, 30.552080693], [114.203944745, 30.552087529], [114.203950746, 30.552115529], [114.203952242, 30.552121008], [114.203962241, 30.552151008], [114.203963794, 30.552155089], [114.203987794, 30.552211089], [114.203990583, 30.552216674], [114.203994034, 30.552221978], [114.204005033, 30.552236979], [114.20400567, 30.55223783], [114.20402167, 30.55225883], [114.204024304, 30.552262043], [114.204046304, 30.552287042], [114.204049577, 30.552290482], [114.204053149, 30.552293694], [114.204071149, 30.552308695], [114.204075663, 30.552312134], [114.204098662, 30.552328134], [114.204103432, 30.552331163], [114.204108494, 30.55233382], [114.204186494, 30.55237082], [114.204190945, 30.552372751], [114.204195553, 30.552374393], [114.204464469, 30.552460365], [114.204673021, 30.552527577], [114.204774397, 30.55256794], [114.204826722, 30.552597105], [114.204928649, 30.552677122], [114.205039078, 30.552770789], [114.205238451, 30.552949229], [114.205238523, 30.552949286], [114.205238589, 30.552949351], [114.205361369, 30.553058596], [114.205404294, 30.55311387], [114.203928126, 30.553684836], [114.203830581, 30.553468468], [114.203795282, 30.553301602], [114.203793878, 30.553296354], [114.203713878, 30.553050354], [114.203713158, 30.553048288], [114.203611158, 30.552774288], [114.203610362, 30.552772276], [114.203576362, 30.552691276], [114.203576036, 30.552690515], [114.203537036, 30.552601516], [114.203533083, 30.552594114], [114.203526083, 30.552583115], [114.203523965, 30.55258002], [114.203490966, 30.55253502], [114.203486577, 30.552529719], [114.203481527, 30.552524877], [114.203467527, 30.552512876], [114.203465974, 30.552511587], [114.203361247, 30.552427403], [114.203114976, 30.551881125], [114.203152388, 30.551883818], [114.203155279, 30.551883973], [114.203471279, 30.551894973], [114.203474001, 30.55189502], [114.203571, 30.55189502], [114.203572956, 30.551894996], [114.203732955, 30.551890996], [114.20373509, 30.551890914], [114.203945091, 30.551879912], [114.203949864, 30.551879515], [114.203972682, 30.551876908], [114.203950962, 30.551975484]]]}, "properties": {"id": 5142, "land_type": "居住用地"}}, {"type": "Feature", "geometry": {"type": "Polygon", "coordinates": [[[114.204128126, 30.55439593], [114.204010242, 30.554383416], [114.20400861, 30.554383261], [114.203796611, 30.554365262], [114.203795002, 30.554365141], [114.203639002, 30.554355141], [114.203356849, 30.554337258], [114.20328862, 30.55432957], [114.203211522, 30.5543191], [114.203170682, 30.554310222], [114.203124594, 30.554297318], [114.20309669, 30.554288016], [114.203057331, 30.554270524], [114.203007922, 30.554243988], [114.203891209, 30.553899081], [114.204128126, 30.55439593]]]}, "properties": {"id": 5143, "land_type": "商业服务用地"}}, {"type": "Feature", "geometry": {"type": "Polygon", "coordinates": [[[114.202874698, 30.554308838], [114.202880349, 30.554312231], [114.202988349, 30.55437023], [114.202993101, 30.554372556], [114.2030381, 30.554392556], [114.203044679, 30.554395107], [114.20307768, 30.554406106], [114.203081168, 30.554407176], [114.203131167, 30.554421175], [114.203135511, 30.554422254], [114.20318151, 30.554432254], [114.203187505, 30.55443331], [114.203268505, 30.55444431], [114.203270261, 30.554444528], [114.20334126, 30.554452527], [114.203345055, 30.554452862], [114.203629026, 30.55447086], [114.203784193, 30.554480807], [114.203994572, 30.55449867], [114.204186847, 30.554519078], [114.204888598, 30.555990733], [114.204974607, 30.556192262], [114.204971793, 30.556195546], [114.204969033, 30.556199023], [114.204958033, 30.556214024], [114.204957429, 30.556214944], [114.204956761, 30.556215831], [114.204955805, 30.556217422], [114.204954782, 30.556218981], [114.204954286, 30.556219948], [114.204953722, 30.556220887], [114.204952952, 30.556222551], [114.204952111, 30.55622419], [114.204951727, 30.556225194], [114.204951273, 30.556226176], [114.204950694, 30.556227897], [114.204950044, 30.556229598], [114.204949777, 30.55623063], [114.204949436, 30.556231645], [114.204949058, 30.556233407], [114.204948604, 30.556235156], [114.204948455, 30.556236204], [114.204948232, 30.556237244], [114.204948056, 30.556239029], [114.204947803, 30.556240807], [114.204947774, 30.556241864], [114.20494767, 30.556242917], [114.204947698, 30.556244708], [114.204947649, 30.556246499], [114.204947741, 30.556247553], [114.204947757, 30.55624861], [114.204947988, 30.55625039], [114.204948145, 30.556252176], [114.204948355, 30.556253218], [114.204948492, 30.556254268], [114.204948925, 30.55625602], [114.204949282, 30.556257785], [114.204949613, 30.556258803], [114.204949868, 30.556259837], [114.204950497, 30.556261544], [114.204951055, 30.55626327], [114.204951498, 30.556264256], [114.20495187, 30.556265263], [114.20558987, 30.557739262], [114.205590078, 30.557739737], [114.205874018, 30.558378602], [114.205954958, 30.558563467], [114.205955052, 30.558563679], [114.206265873, 30.559265275], [114.206307645, 30.559363955], [114.205854116, 30.559393965], [114.205848358, 30.559394417], [114.205174757, 30.559455718], [114.20516549, 30.559456748], [114.204850456, 30.55949817], [114.204408434, 30.559545164], [114.204398927, 30.559546374], [114.204081027, 30.559593474], [114.204058836, 30.559597883], [114.203739203, 30.55967796], [114.203519444, 30.559709088], [114.2034041, 30.559709329], [114.203317223, 30.559700607], [114.203209241, 30.559664449], [114.203152261, 30.559630191], [114.203108672, 30.559588046], [114.203045336, 30.559504548], [114.202389646, 30.557938178], [114.202389472, 30.557937767], [114.202209592, 30.557511415], [114.201140678, 30.554973111], [114.202862582, 30.554300742], [114.202874698, 30.554308838]]]}, "properties": {"id": 5147, "land_type": "居住用地"}}, {"type": "Feature", "geometry": {"type": "Polygon", "coordinates": [[[114.19951141, 30.555982394], [114.199511945, 30.555983755], [114.200332429, 30.557991954], [114.199101748, 30.558346075], [114.199100014, 30.558346596], [114.198198582, 30.558629736], [114.197054018, 30.557217519], [114.199457144, 30.555838261], [114.19951141, 30.555982394]]]}, "properties": {"id": 5148, "land_type": "居住用地"}}, {"type": "Feature", "geometry": {"type": "Polygon", "coordinates": [[[114.207345848, 30.535913128], [114.20733359, 30.535918327], [114.207322765, 30.535923277], [114.202942866, 30.538074814], [114.201829044, 30.538568199], [114.20136604, 30.538726249], [114.201076048, 30.538198097], [114.202579831, 30.537703612], [114.202588445, 30.537700161], [114.204772289, 30.536658281], [114.206524927, 30.535852493], [114.20652645, 30.53585177], [114.207307601, 30.535470001], [114.207345848, 30.535913128]]]}, "properties": {"id": 5160, "land_type": "公园与绿地用地"}}, {"type": "Feature", "geometry": {"type": "Polygon", "coordinates": [[[114.20467515, 30.540328978], [114.20466883, 30.540329302], [114.204527829, 30.540342302], [114.204526242, 30.540342465], [114.204464243, 30.540349465], [114.204461073, 30.54034989], [114.204390072, 30.540360889], [114.204382166, 30.540362544], [114.204333394, 30.540375483], [114.204275623, 30.540390425], [114.204267961, 30.540392851], [114.204214962, 30.540412851], [114.204209238, 30.540415296], [114.204041139, 30.540495865], [114.203927528, 30.540546464], [114.203819659, 30.540578081], [114.203664125, 30.540608404], [114.203663298, 30.540608571], [114.203164318, 30.540711567], [114.202892337, 30.540767563], [114.20289209, 30.540767614], [114.202850802, 30.540776257], [114.202824303, 30.540780553], [114.202812352, 30.540779757], [114.20280078, 30.54077614], [114.202787578, 30.540766239], [114.202774672, 30.540755485], [114.202661869, 30.540626149], [114.202661664, 30.540625916], [114.202609665, 30.540566916], [114.20260705, 30.540564133], [114.202541049, 30.540498132], [114.202537464, 30.540494817], [114.202533589, 30.540491753], [114.20248159, 30.540453753], [114.202475485, 30.540449783], [114.202468897, 30.540446434], [114.202423895, 30.540426434], [114.202418222, 30.540424193], [114.202412331, 30.540422412], [114.202406273, 30.54042111], [114.202354273, 30.54041211], [114.202346774, 30.540411187], [114.202282341, 30.540406414], [114.201966632, 30.539820355], [114.201966218, 30.539819594], [114.201684397, 30.539306227], [114.202026673, 30.539183888], [114.202041419, 30.539178007], [114.202669119, 30.538900808], [114.202676224, 30.538897515], [114.207383669, 30.536609825], [114.207390485, 30.536738533], [114.207409076, 30.53715662], [114.207409462, 30.537160994], [114.207410232, 30.537165331], [114.207517733, 30.537648031], [114.20751903, 30.537652773], [114.207520785, 30.537657402], [114.207679465, 30.538023357], [114.207861646, 30.538445612], [114.207864244, 30.538450835], [114.208051044, 30.538780736], [114.208052024, 30.538782398], [114.208194426, 30.539014637], [114.207790841, 30.539159116], [114.207788426, 30.539160029], [114.207597102, 30.539236217], [114.207596029, 30.539227131], [114.207594377, 30.539218977], [114.207570377, 30.539135976], [114.207568874, 30.539131539], [114.207538873, 30.53905454], [114.20753798, 30.539052388], [114.207507981, 30.538984389], [114.207506633, 30.538981562], [114.20718268, 30.538349653], [114.207085773, 30.538158837], [114.207004821, 30.537997928], [114.207001896, 30.53799282], [114.206998407, 30.537987984], [114.206994382, 30.537983465], [114.206989863, 30.537979309], [114.206984893, 30.537975553], [114.206979519, 30.537972235], [114.206973794, 30.537969388], [114.206967772, 30.537967036], [114.206961512, 30.537965205], [114.206955073, 30.53796391], [114.206948518, 30.537963166], [114.206941909, 30.537962978], [114.206935312, 30.537963351], [114.206928788, 30.537964277], [114.206922401, 30.53796575], [114.206916213, 30.537967755], [114.206910282, 30.537970274], [114.206904667, 30.537973279], [114.206899421, 30.537976745], [114.206894595, 30.537980637], [114.206890234, 30.537984918], [114.206886383, 30.537989546], [114.206883076, 30.537994478], [114.206880346, 30.537999664], [114.206878219, 30.538005057], [114.206876717, 30.538010602], [114.206875852, 30.538016248], [114.206875636, 30.53802194], [114.206876066, 30.538027623], [114.206877143, 30.538033242], [114.206878853, 30.538038742], [114.206881181, 30.538044071], [114.20696218, 30.538205071], [114.206962232, 30.538205161], [114.206962273, 30.538205255], [114.207059274, 30.538396256], [114.207059326, 30.538396345], [114.207059368, 30.538396438], [114.207382651, 30.53902704], [114.207411549, 30.539092544], [114.207440272, 30.539166268], [114.20746246, 30.539242997], [114.207467739, 30.53928773], [114.206548126, 30.53965393], [114.206543032, 30.539656189], [114.20653818, 30.539658813], [114.206080381, 30.539930413], [114.206074635, 30.53993423], [114.20600304, 30.539987334], [114.205990678, 30.539993061], [114.205979019, 30.53994837], [114.205971027, 30.539911071], [114.205967422, 30.539856108], [114.205969351, 30.539791491], [114.205969374, 30.53979], [114.205969374, 30.539698], [114.205968805, 30.539690473], [114.205956846, 30.539611742], [114.20594719, 30.539543185], [114.205941304, 30.539431373], [114.205941193, 30.539429758], [114.205933447, 30.539338736], [114.205935332, 30.539284049], [114.205938318, 30.539221378], [114.205938359, 30.539217751], [114.205937359, 30.53917775], [114.20593701, 30.539172976], [114.205936206, 30.539168243], [114.205934952, 30.539163581], [114.205926952, 30.539138581], [114.205925294, 30.539134115], [114.205923224, 30.539129779], [114.205907223, 30.539099778], [114.20590599, 30.539097588], [114.205832991, 30.538974589], [114.205832916, 30.538974477], [114.205832854, 30.53897436], [114.205797224, 30.538914977], [114.205785649, 30.538894497], [114.205775434, 30.538872494], [114.205771604, 30.538858455], [114.205769373, 30.538839124], [114.205769373, 30.538808], [114.20576905, 30.538802312], [114.205768079, 30.53879668], [114.205766473, 30.538791155], [114.205764245, 30.538785793], [114.205761418, 30.538780647], [114.205758019, 30.538775761], [114.20575408, 30.538771187], [114.20574964, 30.538766969], [114.205744741, 30.538763144], [114.205739431, 30.538759752], [114.20573376, 30.538756823], [114.205727782, 30.53875439], [114.205721557, 30.538752471], [114.205715144, 30.538751088], [114.205708603, 30.538750252], [114.205702, 30.538749972], [114.205695396, 30.538750252], [114.205688856, 30.538751088], [114.205682443, 30.538752471], [114.205676217, 30.53875439], [114.20567024, 30.538756823], [114.205664569, 30.538759752], [114.205659259, 30.538763144], [114.20565436, 30.538766969], [114.205649919, 30.538771187], [114.205645981, 30.538775761], [114.205642582, 30.538780647], [114.205639755, 30.538785793], [114.205637527, 30.538791155], [114.205635921, 30.53879668], [114.205634951, 30.538802312], [114.205634626, 30.538808], [114.205634626, 30.538842], [114.205634957, 30.538847739], [114.205637956, 30.538873739], [114.205639411, 30.538881271], [114.205645413, 30.53890327], [114.205646747, 30.538907455], [114.205648442, 30.538911544], [114.205661442, 30.538939544], [114.205663422, 30.538943399], [114.205676422, 30.538966398], [114.205677146, 30.538967641], [114.205713078, 30.539027526], [114.205785366, 30.539149327], [114.205798499, 30.539173951], [114.205802824, 30.539187463], [114.205803597, 30.539218435], [114.205800683, 30.539279622], [114.205800656, 30.539280277], [114.205798656, 30.539338277], [114.205798807, 30.539344242], [114.205806738, 30.539437436], [114.205812695, 30.539550628], [114.205813117, 30.539554988], [114.205823117, 30.539625989], [114.205823196, 30.539626527], [114.205834626, 30.53970178], [114.205834626, 30.539789254], [114.205832649, 30.539855509], [114.205832733, 30.539860273], [114.205836733, 30.539921272], [114.205837745, 30.539928531], [114.205846745, 30.539970531], [114.205847265, 30.539972721], [114.205858253, 30.540014843], [114.205862391, 30.540057047], [114.205858808, 30.540094315], [114.205702935, 30.54020993], [114.205697588, 30.540214361], [114.205692838, 30.540219272], [114.205658696, 30.540258814], [114.205598401, 30.540271341], [114.205473614, 30.54029313], [114.205473504, 30.54029315], [114.205318671, 30.540320414], [114.205142674, 30.540331894], [114.204954444, 30.540326012], [114.20495115, 30.540325978], [114.20467515, 30.540328978]]]}, "properties": {"id": 5161, "land_type": "居住用地"}}, {"type": "Feature", "geometry": {"type": "Polygon", "coordinates": [[[114.205072631, 30.541048953], [114.203988602, 30.542804171], [114.203774527, 30.543091817], [114.203715023, 30.543143524], [114.203257069, 30.54225894], [114.203256875, 30.54225857], [114.202504576, 30.540818969], [114.202503932, 30.540817756], [114.202348654, 30.540529512], [114.202370484, 30.54053329], [114.202400274, 30.540546529], [114.202442391, 30.540577308], [114.202503594, 30.540638511], [114.202554234, 30.540695968], [114.202670132, 30.540828852], [114.202673485, 30.540832396], [114.202677152, 30.540835702], [114.202695152, 30.540850702], [114.202697755, 30.54085276], [114.202721755, 30.54087076], [114.202726615, 30.540874079], [114.20273181, 30.540876999], [114.202737293, 30.540879495], [114.20274302, 30.540881546], [114.202775019, 30.540891547], [114.202780823, 30.54089311], [114.202786765, 30.540894214], [114.202792801, 30.540894855], [114.2028228, 30.540896854], [114.202828711, 30.540897024], [114.202834615, 30.540896747], [114.202840468, 30.540896025], [114.202877468, 30.540890024], [114.202880911, 30.540889386], [114.202923788, 30.540880411], [114.203195675, 30.540824434], [114.203195703, 30.540824429], [114.203694289, 30.540721514], [114.203852876, 30.540690594], [114.203859706, 30.540688932], [114.203975705, 30.540654933], [114.203980401, 30.540653387], [114.203984948, 30.540651543], [114.204103948, 30.540598543], [114.204105762, 30.540597704], [114.204271967, 30.540518044], [114.204318293, 30.540500563], [114.204372376, 30.540486574], [114.204372833, 30.540486455], [114.204417939, 30.540474489], [114.204483348, 30.540464355], [114.204542966, 30.540457624], [114.20468002, 30.540444988], [114.204951203, 30.54044204], [114.205141558, 30.540447989], [114.205149088, 30.540447861], [114.205333087, 30.540435861], [114.205341496, 30.54043485], [114.205500441, 30.540406861], [114.205536262, 30.540400606], [114.205295038, 30.540679972], [114.205291954, 30.540683865], [114.205289248, 30.540687958], [114.205072631, 30.541048953]]]}, "properties": {"id": 5162, "land_type": "医疗卫生用地"}}, {"type": "Feature", "geometry": {"type": "Polygon", "coordinates": [[[114.20301045, 30.547102177], [114.203004838, 30.547102382], [114.202684038, 30.547125682], [114.202678859, 30.547126233], [114.202673743, 30.547127128], [114.202374142, 30.547190029], [114.202369749, 30.547191087], [114.202348576, 30.547196866], [114.202286867, 30.547208268], [114.202285565, 30.54720852], [114.202211565, 30.547223521], [114.202205992, 30.54722487], [114.202159992, 30.54723787], [114.202155191, 30.547239403], [114.202099192, 30.547259403], [114.202093973, 30.547261496], [114.202045859, 30.547282994], [114.201786141, 30.547377229], [114.201779262, 30.547380132], [114.200787788, 30.547860574], [114.200783864, 30.547858062], [114.200527402, 30.547043879], [114.200650947, 30.547012682], [114.200876936, 30.546955684], [114.200883182, 30.546953817], [114.200889186, 30.546951433], [114.20089489, 30.546948553], [114.200900238, 30.546945205], [114.20090518, 30.546941422], [114.200909666, 30.54693724], [114.200913656, 30.5469327], [114.20091711, 30.546927843], [114.200919994, 30.546922721], [114.200922282, 30.546917378], [114.20092395, 30.546911868], [114.200924983, 30.546906243], [114.200925371, 30.54690056], [114.20092511, 30.54689487], [114.200924203, 30.54688923], [114.200922658, 30.546883693], [114.200920491, 30.546878313], [114.200917722, 30.546873142], [114.200914377, 30.546868231], [114.20091049, 30.546863624], [114.200906098, 30.546859369], [114.200901241, 30.546855504], [114.200895969, 30.546852068], [114.200890331, 30.546849094], [114.200884382, 30.54684661], [114.200878178, 30.546844641], [114.200871781, 30.546843204], [114.200865251, 30.546842313], [114.20085865, 30.54684198], [114.200852043, 30.546842204], [114.200845493, 30.546842986], [114.200839065, 30.546844316], [114.200613054, 30.54690132], [114.200492117, 30.546931858], [114.200312525, 30.546361708], [114.200310906, 30.546357281], [114.200219844, 30.546139], [114.200187845, 30.546041255], [114.200185731, 30.546035832], [114.200084731, 30.545813832], [114.200083967, 30.545812224], [114.200081146, 30.545806532], [114.199784306, 30.54509498], [114.199784087, 30.545094531], [114.199783902, 30.545094038], [114.199782531, 30.545091331], [114.199781613, 30.545089444], [114.199781425, 30.545089148], [114.199781259, 30.545088819], [114.199779326, 30.54508584], [114.199778271, 30.545084176], [114.199731381, 30.545018592], [114.199545522, 30.544758272], [114.199448388, 30.544555094], [114.199329713, 30.544301921], [114.199300996, 30.544217683], [114.199245711, 30.544030106], [114.199158038, 30.543656504], [114.199158017, 30.543656416], [114.199048038, 30.543191504], [114.198953059, 30.542783591], [114.19895305, 30.542783556], [114.1988368, 30.542286361], [114.19910315, 30.542248088], [114.19918111, 30.542248954], [114.199232697, 30.542257551], [114.199286089, 30.542279586], [114.199323037, 30.542297221], [114.199358102, 30.542321926], [114.199393651, 30.542356629], [114.199413654, 30.542382016], [114.199423998, 30.542402705], [114.199481878, 30.542521459], [114.199485057, 30.542527106], [114.199530059, 30.542597106], [114.199532733, 30.542600915], [114.199558733, 30.542634915], [114.199561812, 30.542638617], [114.199565219, 30.542642099], [114.199601218, 30.542676099], [114.199606755, 30.542680759], [114.199682755, 30.542737759], [114.199688704, 30.54274174], [114.199695133, 30.542745124], [114.199788133, 30.542788124], [114.199795907, 30.542791188], [114.199889907, 30.542822189], [114.199896049, 30.542823928], [114.200064047, 30.542863927], [114.2000692, 30.542864969], [114.2001412, 30.542876968], [114.200148801, 30.542877853], [114.2002238, 30.542882853], [114.200223936, 30.542882862], [114.200300936, 30.54288786], [114.200310659, 30.542887886], [114.200444659, 30.542879887], [114.200450131, 30.542879365], [114.200455535, 30.542878462], [114.200602535, 30.542848461], [114.200605782, 30.542847724], [114.200725782, 30.542817726], [114.200728136, 30.542817096], [114.200851136, 30.542782096], [114.200856579, 30.54278032], [114.200975579, 30.54273632], [114.200983993, 30.542732586], [114.201111991, 30.542665586], [114.201117252, 30.542662531], [114.201122155, 30.542659065], [114.201149156, 30.542638064], [114.201152837, 30.542634973], [114.201156233, 30.54263165], [114.201191233, 30.54259465], [114.201195681, 30.542589366], [114.201242682, 30.542526367], [114.201244138, 30.542524324], [114.201298061, 30.542445024], [114.20139339, 30.542483534], [114.20139861, 30.542485416], [114.201467609, 30.542507416], [114.201473296, 30.542508987], [114.201554295, 30.542527987], [114.201557746, 30.542528712], [114.201734746, 30.542561712], [114.201741048, 30.54256262], [114.201868049, 30.542575619], [114.201876674, 30.542576023], [114.201992675, 30.542575022], [114.201998456, 30.542574759], [114.202004188, 30.542574068], [114.202105188, 30.542558068], [114.2021084, 30.542557489], [114.2023804, 30.542502489], [114.202380723, 30.542502409], [114.202381056, 30.542502354], [114.202904973, 30.542391633], [114.202905972, 30.542393546], [114.203408524, 30.543379162], [114.203465316, 30.543490466], [114.203675025, 30.543928534], [114.203675128, 30.543928721], [114.203675208, 30.543928915], [114.203749877, 30.544083333], [114.20275, 30.544083333], [114.20275, 30.544166666], [114.202416667, 30.544166666], [114.202416667, 30.54425], [114.201583333, 30.54425], [114.201583333, 30.544333333], [114.201416667, 30.544333333], [114.201416667, 30.54425], [114.20125, 30.54425], [114.20125, 30.544166666], [114.201000001, 30.544166666], [114.201000001, 30.544083333], [114.200916667, 30.544083333], [114.200916667, 30.544], [114.20075, 30.544], [114.20075, 30.543916667], [114.200666667, 30.543916667], [114.200666667, 30.543833334], [114.2005, 30.543833334], [114.2005, 30.54375], [114.200333333, 30.54375], [114.200333333, 30.543833334], [114.200083333, 30.543833334], [114.200083333, 30.54375], [114.2, 30.54375], [114.2, 30.543666667], [114.199916666, 30.543666667], [114.199916666, 30.54375], [114.199833333, 30.54375], [114.199833333, 30.543833334], [114.19975, 30.543833334], [114.19975, 30.543916667], [114.199500001, 30.543916667], [114.199500001, 30.544333333], [114.199583334, 30.544333333], [114.199583334, 30.544583333], [114.199666667, 30.544583333], [114.199666667, 30.544833333], [114.19975, 30.544833333], [114.19975, 30.544916667], [114.199833333, 30.544916667], [114.199833333, 30.54475], [114.199916666, 30.54475], [114.199916666, 30.544833333], [114.200166667, 30.544833333], [114.200166667, 30.544916667], [114.20025, 30.544916667], [114.20025, 30.545083333], [114.200333333, 30.545083333], [114.200333333, 30.54525], [114.200416667, 30.54525], [114.200416667, 30.545416667], [114.200583334, 30.545416667], [114.200583334, 30.545666666], [114.201333333, 30.545666666], [114.201333333, 30.545583333], [114.201833334, 30.545583333], [114.201833334, 30.545666666], [114.202166667, 30.545666666], [114.202166667, 30.545583333], [114.202250001, 30.545583333], [114.202250001, 30.545666666], [114.202333334, 30.545666666], [114.202333334, 30.54575], [114.203, 30.54575], [114.203, 30.545666666], [114.203333334, 30.545666666], [114.203333334, 30.545583333], [114.203583334, 30.545583333], [114.203583334, 30.5455], [114.203666667, 30.5455], [114.203666667, 30.545083333], [114.203750001, 30.545083333], [114.203750001, 30.545], [114.204, 30.545], [114.204, 30.544916667], [114.204083333, 30.544916667], [114.204083333, 30.545], [114.204166667, 30.545], [114.204166667, 30.545166667], [114.20425, 30.545166667], [114.20425, 30.54525], [114.204314018, 30.54525], [114.204461508, 30.545555014], [114.20446197, 30.54555585], [114.20446235, 30.545556717], [114.205358477, 30.547329704], [114.205236726, 30.54738416], [114.205008512, 30.547479829], [114.205006067, 30.547480907], [114.204919335, 30.547521113], [114.204719784, 30.547417508], [114.204712043, 30.547414056], [114.204101842, 30.547183756], [114.204095079, 30.547181567], [114.20408808, 30.547180015], [114.203813181, 30.547132416], [114.203807268, 30.547131626], [114.203496968, 30.547102225], [114.203489551, 30.547101877], [114.20301045, 30.547102177]]]}, "properties": {"id": 5163, "land_type": "公园与绿地用地"}}, {"type": "Feature", "geometry": {"type": "Polygon", "coordinates": [[[114.199955666, 30.545848962], [114.200091435, 30.546174408], [114.200369084, 30.54702253], [114.200648016, 30.547900315], [114.200648152, 30.547900675], [114.200648253, 30.547901044], [114.200648934, 30.547902759], [114.200649544, 30.547904493], [114.200649834, 30.547905101], [114.200650073, 30.547905727], [114.200650249, 30.547906074], [114.200650391, 30.547906432], [114.200658735, 30.54792451], [114.199928665, 30.54829862], [114.199696642, 30.548346366], [114.199690021, 30.548348042], [114.199683634, 30.548350291], [114.199677547, 30.548353092], [114.199348557, 30.548523684], [114.197890667, 30.549267277], [114.197889444, 30.549267916], [114.197835245, 30.549296916], [114.197767015, 30.54933343], [114.197757894, 30.549335507], [114.197740302, 30.549310802], [114.197739678, 30.549309933], [114.19690468, 30.548152634], [114.196150276, 30.547106981], [114.196204775, 30.547078696], [114.196205347, 30.547078396], [114.196563264, 30.54688844], [114.197039181, 30.546637485], [114.197039326, 30.546637408], [114.197435326, 30.546427408], [114.197810344, 30.546228399], [114.197811028, 30.546228031], [114.198010596, 30.546119266], [114.198401159, 30.545913497], [114.199658669, 30.545249599], [114.199955666, 30.545848962]]]}, "properties": {"id": 5164, "land_type": "居住用地"}}, {"type": "Feature", "geometry": {"type": "Polygon", "coordinates": [[[114.205424752, 30.547460826], [114.205479424, 30.547572354], [114.205467276, 30.547626779], [114.205445778, 30.547653043], [114.20543164, 30.547661908], [114.205422704, 30.547667384], [114.205373284, 30.547691906], [114.205281783, 30.547704585], [114.205212052, 30.547703389], [114.205188689, 30.547686912], [114.205186397, 30.547685364], [114.205045464, 30.547594433], [114.205068722, 30.547583652], [114.205296488, 30.54748817], [114.205298053, 30.547487492], [114.205412383, 30.547436356], [114.205424752, 30.547460826]]]}, "properties": {"id": 5165, "land_type": "公园与绿地用地"}}, {"type": "Feature", "geometry": {"type": "Polygon", "coordinates": [[[114.203451638, 30.547309959], [114.203518806, 30.547313796], [114.20376973, 30.547339381], [114.204063145, 30.547387465], [114.204124929, 30.547403142], [114.204170272, 30.547417368], [114.204445836, 30.54753645], [114.204801108, 30.547702244], [114.205142796, 30.547914326], [114.205273797, 30.548014738], [114.205371168, 30.548100503], [114.205626378, 30.548359466], [114.205924554, 30.54871325], [114.205966726, 30.548766218], [114.206235436, 30.549117518], [114.206239453, 30.549122234], [114.206244002, 30.549126578], [114.206249035, 30.549130505], [114.206254501, 30.549133976], [114.206260345, 30.549136956], [114.206264895, 30.549139015], [114.206288948, 30.549186609], [114.206294138, 30.549195759], [114.206308687, 30.549218788], [114.206302502, 30.549233803], [114.20630236, 30.549234153], [114.206264133, 30.549328882], [114.206204744, 30.549457988], [114.20585795, 30.549595854], [114.205223437, 30.549836604], [114.205222699, 30.549836888], [114.203309363, 30.550586605], [114.202642828, 30.550837333], [114.201360467, 30.548763726], [114.201360344, 30.548763529], [114.200909218, 30.548040788], [114.200957446, 30.548012815], [114.201735326, 30.547601935], [114.201747302, 30.547596046], [114.202024644, 30.547484068], [114.202400173, 30.547364295], [114.202640325, 30.547316428], [114.202738742, 30.547312975], [114.202740626, 30.547312886], [114.203007184, 30.54729709], [114.203451638, 30.547309959]]]}, "properties": {"id": 5166, "land_type": "居住用地"}}, {"type": "Feature", "geometry": {"type": "Polygon", "coordinates": [[[114.207497972, 30.539543869], [114.207498366, 30.539546567], [114.207511365, 30.539621567], [114.207513172, 30.539628801], [114.207536172, 30.539698801], [114.207538752, 30.5397052], [114.207563752, 30.5397572], [114.207567903, 30.539764383], [114.207597903, 30.539808384], [114.207601798, 30.539813465], [114.207625798, 30.539841464], [114.207631615, 30.539847379], [114.207676614, 30.539887379], [114.207681147, 30.539891052], [114.207869728, 30.540030312], [114.20791217, 30.540082354], [114.207736814, 30.540201045], [114.207431988, 30.540357065], [114.207262118, 30.540294613], [114.206925643, 30.540140231], [114.206817593, 30.540086701], [114.206814843, 30.540085411], [114.206699843, 30.54003441], [114.206698108, 30.540033667], [114.206555107, 30.539974667], [114.206550571, 30.539972969], [114.206467571, 30.53994497], [114.206463728, 30.539943787], [114.206434491, 30.539935646], [114.20670626, 30.539787165], [114.207488111, 30.539460325], [114.207497972, 30.539543869]]]}, "properties": {"id": 5167, "land_type": "工业用地"}}, {"type": "Feature", "geometry": {"type": "Polygon", "coordinates": [[[114.206884928, 30.534113171], [114.206885263, 30.534113599], [114.207231803, 30.534553159], [114.207255069, 30.534861465], [114.207255113, 30.534862004], [114.207296549, 30.535341961], [114.206460707, 30.535750459], [114.204765189, 30.536529986], [114.203329614, 30.534445483], [114.203923018, 30.534218361], [114.203935531, 30.534212884], [114.205027331, 30.533671484], [114.205036234, 30.533666661], [114.205795877, 30.533218601], [114.2060728, 30.533063057], [114.206884928, 30.534113171]]]}, "properties": {"id": 8967, "land_type": "居住用地"}}, {"type": "Feature", "geometry": {"type": "Polygon", "coordinates": [[[114.204646751, 30.536585499], [114.20252732, 30.53759665], [114.201018248, 30.538092876], [114.19941526, 30.535176604], [114.201304749, 30.534867421], [114.2013069, 30.534867053], [114.202368601, 30.534677854], [114.202375794, 30.534676393], [114.203202158, 30.534487904], [114.204646751, 30.536585499]]]}, "properties": {"id": 8968, "land_type": "居住用地"}}, {"type": "Feature", "geometry": {"type": "Polygon", "coordinates": [[[114.200655618, 30.538206964], [114.200333095, 30.538282181], [114.199454049, 30.538423409], [114.198552338, 30.538487017], [114.198575446, 30.538143093], [114.199304261, 30.538078826], [114.199312232, 30.538077704], [114.199561733, 30.538029204], [114.199568271, 30.538027632], [114.199574592, 30.5380255], [114.199580633, 30.538022832], [114.19958633, 30.538019653], [114.199591628, 30.538015997], [114.199596471, 30.5380119], [114.19960081, 30.538007404], [114.199649111, 30.537951904], [114.199653222, 30.537946595], [114.199656631, 30.537940931], [114.199659298, 30.537934977], [114.199661188, 30.537928808], [114.199684519, 30.537831257], [114.199726484, 30.537765903], [114.199781904, 30.537706257], [114.199785895, 30.537701484], [114.199789304, 30.537696389], [114.199817405, 30.537648989], [114.199820008, 30.537644036], [114.199822064, 30.537638894], [114.199823551, 30.537633609], [114.199824456, 30.537628227], [114.199832556, 30.537556627], [114.199832872, 30.537551372], [114.199832636, 30.537546114], [114.199831845, 30.537540896], [114.19983051, 30.537535762], [114.19982864, 30.537530752], [114.19982625, 30.537525909], [114.19930725, 30.536593709], [114.199304484, 30.536589249], [114.199269583, 30.53653845], [114.19926577, 30.536533497], [114.199261389, 30.536528905], [114.199256487, 30.536524725], [114.199251112, 30.536520998], [114.199245323, 30.536517763], [114.199239182, 30.536515056], [114.199232751, 30.536512905], [114.199226098, 30.536511331], [114.199219293, 30.536510351], [114.199149593, 30.53650345], [114.199142852, 30.536503077], [114.199136101, 30.536503286], [114.199129408, 30.536504077], [114.199122841, 30.536505441], [114.19900474, 30.536535441], [114.198998257, 30.536537404], [114.198992039, 30.536539924], [114.198986152, 30.536542976], [114.198859671, 30.536616379], [114.198764683, 30.536627783], [114.198700155, 30.53659419], [114.198656312, 30.536516728], [114.198568708, 30.536329144], [114.198566023, 30.536324106], [114.198562793, 30.536319312], [114.198559047, 30.536314804], [114.198554818, 30.536310626], [114.198550146, 30.536306814], [114.198545073, 30.536303404], [114.198539645, 30.536300424], [114.198533912, 30.536297906], [114.198527926, 30.53629587], [114.198521742, 30.536294335], [114.198515417, 30.536293316], [114.198509006, 30.53629282], [114.198502571, 30.536292855], [114.198496168, 30.536293417], [114.197801468, 30.536383518], [114.197797948, 30.536384057], [114.197382845, 30.536457474], [114.197125993, 30.536480276], [114.197119644, 30.536481105], [114.197113418, 30.53648245], [114.19651121, 30.53663913], [114.195998221, 30.535773651], [114.196053783, 30.535756536], [114.196474795, 30.535663198], [114.196475028, 30.535663146], [114.196833117, 30.535582575], [114.19900143, 30.535210034], [114.200655618, 30.538206964]]]}, "properties": {"id": 8969, "land_type": "居住用地"}}, {"type": "Feature", "geometry": {"type": "Polygon", "coordinates": [[[114.200905289, 30.538661386], [114.200903367, 30.538665048], [114.200897006, 30.538681229], [114.200874542, 30.53874918], [114.200852286, 30.538804619], [114.200844364, 30.538819035], [114.200811808, 30.538846998], [114.200690947, 30.538867801], [114.20034997, 30.538908942], [114.198127434, 30.539039621], [114.198116325, 30.53904054], [114.197879807, 30.539065801], [114.197734205, 30.53874224], [114.198666549, 30.538687896], [114.198668971, 30.538687716], [114.199293971, 30.538631717], [114.199295703, 30.538631543], [114.200017703, 30.538550542], [114.200020643, 30.538550155], [114.200331644, 30.538503154], [114.200337269, 30.53850209], [114.200764305, 30.538404563], [114.200905289, 30.538661386]]]}, "properties": {"id": 8971, "land_type": "公园与绿地用地"}}, {"type": "Feature", "geometry": {"type": "Polygon", "coordinates": [[[114.201483044, 30.540128201], [114.201476495, 30.540128981], [114.201470065, 30.540130312], [114.20146382, 30.540132178], [114.201457815, 30.540134563], [114.201452111, 30.540137443], [114.201446763, 30.540140791], [114.201441821, 30.540144575], [114.201437335, 30.540148756], [114.201433345, 30.540153297], [114.201429891, 30.540158153], [114.201427007, 30.540163278], [114.201424719, 30.540168621], [114.201385719, 30.540275621], [114.201384457, 30.540279566], [114.201363457, 30.540355566], [114.20136213, 30.540361915], [114.201356336, 30.540402481], [114.201313623, 30.54061406], [114.201313503, 30.540614668], [114.201292503, 30.540725669], [114.201292067, 30.540728379], [114.201282066, 30.540803379], [114.201281659, 30.540808184], [114.20127966, 30.540863184], [114.201279647, 30.540866427], [114.201280647, 30.540901428], [114.20128131, 30.540908245], [114.201296163, 30.540997363], [114.201307586, 30.541084939], [114.200246891, 30.541320542], [114.20003361, 30.541334825], [114.199887601, 30.541326509], [114.199715145, 30.5412841], [114.199210702, 30.541105198], [114.199048636, 30.540999624], [114.198906846, 30.540854961], [114.198604081, 30.540503554], [114.198482991, 30.540347725], [114.198478213, 30.540342296], [114.19847273, 30.540337387], [114.19832073, 30.540216387], [114.198316587, 30.540213347], [114.198312172, 30.540210605], [114.198232791, 30.540165376], [114.198210204, 30.540076847], [114.19811772, 30.539714505], [114.198154324, 30.539713612], [114.198159421, 30.539713432], [114.19867702, 30.539689533], [114.198682245, 30.539689233], [114.200423046, 30.539569833], [114.200430037, 30.539569054], [114.200437051, 30.539568447], [114.200723551, 30.539531347], [114.200735151, 30.539529546], [114.200991072, 30.539483129], [114.201124868, 30.539496096], [114.201225979, 30.539516917], [114.201383197, 30.539595139], [114.201400839, 30.539602948], [114.201419284, 30.539609231], [114.201426744, 30.539611067], [114.201618472, 30.539960323], [114.202154741, 30.540955936], [114.20215924, 30.540964547], [114.201928114, 30.541025034], [114.201836525, 30.541044522], [114.201447737, 30.541119863], [114.201429953, 30.540983522], [114.20142969, 30.540981755], [114.201415255, 30.540895147], [114.2014144, 30.540865194], [114.201416253, 30.540814225], [114.201425752, 30.540742981], [114.201446439, 30.540633637], [114.201489378, 30.54042094], [114.201489869, 30.540418085], [114.201495411, 30.540379292], [114.201514993, 30.540308426], [114.201553281, 30.540203379], [114.201554949, 30.540197869], [114.201555982, 30.540192245], [114.20155637, 30.54018656], [114.20155611, 30.540180869], [114.201555203, 30.54017523], [114.201553658, 30.540169692], [114.201551492, 30.540164313], [114.201548722, 30.540159141], [114.201545377, 30.540154229], [114.20154149, 30.540149622], [114.201537097, 30.540145366], [114.201532243, 30.540141502], [114.20152697, 30.540138066], [114.201521331, 30.540135091], [114.201515383, 30.540132606], [114.201509179, 30.540130637], [114.201502781, 30.5401292], [114.20149625, 30.540128309], [114.201489651, 30.540127975], [114.201483044, 30.540128201]]]}, "properties": {"id": 8973, "land_type": "教育用地"}}, {"type": "Feature", "geometry": {"type": "Polygon", "coordinates": [[[114.20284874, 30.542284023], [114.202349271, 30.542389576], [114.202079198, 30.542444187], [114.201985522, 30.542459027], [114.201879654, 30.542459939], [114.201760128, 30.542447704], [114.201587991, 30.542415612], [114.201511588, 30.54239769], [114.201448046, 30.542377431], [114.201305397, 30.542319804], [114.201081687, 30.542179984], [114.201027591, 30.542137278], [114.200966575, 30.542088852], [114.200736351, 30.541875498], [114.200735387, 30.541874622], [114.200618386, 30.541770623], [114.200614936, 30.541767765], [114.200445713, 30.541637303], [114.200420534, 30.541593086], [114.200451846, 30.541457873], [114.200814334, 30.541369082], [114.201191509, 30.541288471], [114.201866791, 30.541157611], [114.201868158, 30.541157333], [114.201962159, 30.541137333], [114.201963863, 30.541136893], [114.201965588, 30.54113652], [114.202214997, 30.541071248], [114.20284874, 30.542284023]]]}, "properties": {"id": 8976, "land_type": "居住用地"}}, {"type": "Feature", "geometry": {"type": "Polygon", "coordinates": [[[114.200869649, 30.542169502], [114.200873345, 30.542172671], [114.200936343, 30.542222671], [114.200936474, 30.542222775], [114.200993474, 30.542267774], [114.200999429, 30.542271962], [114.201181996, 30.542386067], [114.201128567, 30.542464642], [114.20108437, 30.542523883], [114.201055021, 30.542554909], [114.201036569, 30.542569261], [114.200918062, 30.542631293], [114.200806098, 30.542672691], [114.200687035, 30.542706571], [114.200569831, 30.542735871], [114.200429835, 30.542764442], [114.200306204, 30.542771822], [114.200234132, 30.542767143], [114.200163029, 30.542762403], [114.2000974, 30.542751465], [114.199935071, 30.542712815], [114.199848094, 30.54268413], [114.199765537, 30.542645959], [114.19969817, 30.542595433], [114.199668352, 30.542567273], [114.19964669, 30.542538945], [114.19960471, 30.542473642], [114.199548122, 30.542357541], [114.199547881, 30.542357052], [114.199534881, 30.542331051], [114.19953208, 30.542326109], [114.19952875, 30.542321418], [114.199502751, 30.542288418], [114.199497522, 30.542282612], [114.199455521, 30.542241612], [114.199451744, 30.542238212], [114.199447659, 30.542235088], [114.199403659, 30.542204088], [114.199398811, 30.542200973], [114.199393658, 30.542198246], [114.199349657, 30.542177246], [114.199346114, 30.542175671], [114.199283114, 30.542149671], [114.199277837, 30.542147727], [114.199272386, 30.542146177], [114.199266802, 30.542145032], [114.199200801, 30.54213403], [114.199194862, 30.542133276], [114.199188869, 30.542132978], [114.19909887, 30.542131979], [114.19909287, 30.542132142], [114.199086912, 30.542132765], [114.198809979, 30.542172559], [114.198683005, 30.541638363], [114.198682155, 30.541635232], [114.198639773, 30.541496527], [114.198709899, 30.541458721], [114.198822658, 30.54141066], [114.198961171, 30.541379676], [114.199142739, 30.541372265], [114.19944522, 30.541417832], [114.200035078, 30.541541382], [114.20003576, 30.541541522], [114.200036869, 30.541541743], [114.200206931, 30.541594652], [114.200298261, 30.54164192], [114.20033051, 30.541698551], [114.200333638, 30.541703436], [114.200337297, 30.541708039], [114.200341451, 30.541712319], [114.200346065, 30.541716234], [114.20052328, 30.541852859], [114.200638126, 30.541954944], [114.200869649, 30.542169502]]]}, "properties": {"id": 8977, "land_type": "居住用地"}}, {"type": "Feature", "geometry": {"type": "Polygon", "coordinates": [[[114.206477259, 30.559918798], [114.206499768, 30.560217754], [114.206500073, 30.560220049], [114.206500328, 30.560222348], [114.206500448, 30.560222875], [114.206500519, 30.56022341], [114.206501083, 30.560225669], [114.2065016, 30.560227936], [114.206501779, 30.56022845], [114.20650191, 30.560228975], [114.206502728, 30.560231176], [114.2065035, 30.560233388], [114.206510501, 30.560250388], [114.206513021, 30.560255666], [114.20651613, 30.560260706], [114.206525129, 30.560273706], [114.206528606, 30.560278233], [114.20653256, 30.56028246], [114.206536956, 30.560286351], [114.206541753, 30.560289871], [114.206553753, 30.560297873], [114.206558947, 30.560301009], [114.206569948, 30.56030701], [114.206575669, 30.560309803], [114.206581681, 30.560312103], [114.206602681, 30.560319103], [114.206609472, 30.560321018], [114.206616462, 30.560322301], [114.206638462, 30.5603253], [114.206643912, 30.560325849], [114.206650425, 30.560326274], [114.207011899, 30.561163782], [114.204137392, 30.562086419], [114.203822651, 30.561341413], [114.203726333, 30.560998126], [114.203686624, 30.560846427], [114.203662845, 30.560677353], [114.203668026, 30.560602253], [114.203735933, 30.560511414], [114.203828836, 30.560429954], [114.203983443, 30.560342545], [114.204127618, 30.560278008], [114.204276308, 30.560212191], [114.204682477, 30.56009265], [114.20503219, 30.560002203], [114.205270983, 30.559953766], [114.205799233, 30.559888109], [114.206156106, 30.559872419], [114.206163834, 30.559871953], [114.206448252, 30.559850014], [114.206477259, 30.559918798]]]}, "properties": {"id": 8999, "land_type": "居住用地"}}, {"type": "Feature", "geometry": {"type": "Polygon", "coordinates": [[[114.202512644, 30.550886294], [114.202000914, 30.551078712], [114.200904692, 30.551470205], [114.20090212, 30.551471178], [114.199895286, 30.551873892], [114.199587534, 30.551992101], [114.199586117, 30.551989637], [114.199578885, 30.551978166], [114.199551094, 30.55193778], [114.198525426, 30.55044653], [114.198493059, 30.55039141], [114.198488879, 30.550383052], [114.19848595, 30.550377908], [114.198482446, 30.550373038], [114.1984784, 30.55036849], [114.198473854, 30.550364307], [114.198467855, 30.550359306], [114.198462885, 30.550355598], [114.198263676, 30.550065958], [114.198780751, 30.549787178], [114.198786177, 30.549783924], [114.198791204, 30.549780227], [114.198795789, 30.549776123], [114.198799884, 30.549771652], [114.19880345, 30.549766858], [114.198806452, 30.549761785], [114.198808864, 30.549756484], [114.198810659, 30.549751004], [114.198811824, 30.549745399], [114.198812344, 30.549739722], [114.198812215, 30.549734029], [114.19881144, 30.549728375], [114.198810025, 30.549722813], [114.198807983, 30.549717397], [114.198805335, 30.54971218], [114.198802106, 30.549707211], [114.198798326, 30.549702539], [114.198794034, 30.549698208], [114.198789269, 30.549694261], [114.198784077, 30.549690735], [114.19877851, 30.549687664], [114.19877262, 30.549685077], [114.198766463, 30.549683002], [114.1987601, 30.549681454], [114.198753591, 30.549680452], [114.198747, 30.549680003], [114.19874039, 30.549680114], [114.198733824, 30.549680782], [114.198727365, 30.549682001], [114.198721077, 30.54968376], [114.198715018, 30.54968604], [114.198709248, 30.549688821], [114.198194984, 30.549966085], [114.197971804, 30.549641592], [114.197971639, 30.549641352], [114.197967684, 30.549635623], [114.198190342, 30.549526418], [114.198191345, 30.549525917], [114.198726344, 30.549252917], [114.198728399, 30.549251825], [114.199172511, 30.549006279], [114.199338135, 30.549230117], [114.199672089, 30.549684053], [114.199672641, 30.549684791], [114.199834639, 30.549897791], [114.199838557, 30.549902425], [114.199956251, 30.550028098], [114.199985951, 30.550060767], [114.199990058, 30.550064875], [114.199994594, 30.550068634], [114.199999516, 30.550072012], [114.200296514, 30.550257013], [114.200302056, 30.550260118], [114.200307923, 30.550262743], [114.200314062, 30.550264859], [114.200320411, 30.550266447], [114.200326911, 30.55026749], [114.200333498, 30.550267981], [114.200340109, 30.550267913], [114.200346681, 30.550267287], [114.20035315, 30.55026611], [114.200359453, 30.550264392], [114.200365531, 30.55026215], [114.200371324, 30.550259407], [114.200376778, 30.550256187], [114.200381838, 30.550252523], [114.200386457, 30.550248449], [114.20039059, 30.550244004], [114.200394197, 30.550239232], [114.200397244, 30.550234179], [114.200399701, 30.550228893], [114.200401546, 30.550223424], [114.200402757, 30.550217828], [114.200403326, 30.550212155], [114.200403247, 30.550206461], [114.200402522, 30.550200802], [114.200401155, 30.550195231], [114.20039916, 30.550189802], [114.200396556, 30.550184568], [114.200393371, 30.55017958], [114.200389632, 30.550174882], [114.200385377, 30.550170525], [114.200380646, 30.550166547], [114.200375485, 30.550162987], [114.20008619, 30.549982785], [114.20006205, 30.549956232], [114.200061443, 30.549955575], [114.199945535, 30.549831809], [114.199785641, 30.549621577], [114.199451913, 30.549167947], [114.199451819, 30.54916782], [114.199285745, 30.548943374], [114.199505946, 30.548820456], [114.19986002, 30.548638528], [114.199865281, 30.548635529], [114.199870192, 30.54863212], [114.199874712, 30.548628328], [114.199912532, 30.548593496], [114.200176302, 30.548446257], [114.201006339, 30.549629011], [114.201010032, 30.549633733], [114.201014246, 30.549638122], [114.201018938, 30.549642133], [114.201024065, 30.549645729], [114.201029576, 30.549648875], [114.201035418, 30.549651542], [114.201041536, 30.549653701], [114.20104787, 30.549655333], [114.201054358, 30.549656423], [114.201060941, 30.549656961], [114.201067553, 30.54965694], [114.20107413, 30.549656362], [114.201080609, 30.54965523], [114.20108693, 30.549653557], [114.201093029, 30.549651359], [114.20109885, 30.549648657], [114.201104333, 30.549645476], [114.201109428, 30.549641848], [114.201114087, 30.549637806], [114.201118261, 30.549633392], [114.201121915, 30.549628646], [114.201125011, 30.549623614], [114.201127518, 30.549618346], [114.201129415, 30.549612892], [114.20113068, 30.549607303], [114.201131304, 30.549601635], [114.20113128, 30.54959594], [114.201130608, 30.549590276], [114.201129294, 30.549584695], [114.201127352, 30.549579252], [114.201124799, 30.549574], [114.201121661, 30.549568988], [114.200289643, 30.548383411], [114.200772188, 30.54811774], [114.202512644, 30.550886294]]]}, "properties": {"id": 8983, "land_type": "居住用地"}}, {"type": "Feature", "geometry": {"type": "Polygon", "coordinates": [[[114.202909398, 30.551745743], [114.202906055, 30.551745395], [114.202905103, 30.551745303], [114.202664656, 30.551723353], [114.20243821, 30.551699412], [114.202436927, 30.551699287], [114.202245927, 30.551682287], [114.202245579, 30.551682271], [114.202245232, 30.551682229], [114.202145233, 30.551674228], [114.202144995, 30.55167421], [114.201559995, 30.551629209], [114.201313289, 30.551610232], [114.201044539, 30.551587507], [114.201043351, 30.551587314], [114.202572964, 30.55099946], [114.202909398, 30.551745743]]]}, "properties": {"id": 8985, "land_type": "居住用地"}}, {"type": "Feature", "geometry": {"type": "Polygon", "coordinates": [[[114.202422431, 30.551814656], [114.20264879, 30.551838587], [114.202649898, 30.551838696], [114.202890421, 30.551860653], [114.202964673, 30.551868353], [114.203134937, 30.552246034], [114.20299809, 30.552139889], [114.202994119, 30.552137039], [114.202890119, 30.552068038], [114.202884373, 30.55206462], [114.202852372, 30.55204762], [114.202843899, 30.552043804], [114.202771899, 30.552016805], [114.202766969, 30.552015152], [114.202665969, 30.55198515], [114.202658817, 30.5519834], [114.202205536, 30.551895401], [114.202273835, 30.55180143], [114.202422431, 30.551814656]]]}, "properties": {"id": 8987, "land_type": "居住用地"}}, {"type": "Feature", "geometry": {"type": "Polygon", "coordinates": [[[114.202213467, 30.553763061], [114.202206889, 30.553763638], [114.202200408, 30.553764767], [114.202194088, 30.553766439], [114.202187988, 30.553768635], [114.202182168, 30.553771337], [114.202176683, 30.553774516], [114.202171586, 30.553778143], [114.202166927, 30.553782183], [114.202162749, 30.553786597], [114.202159094, 30.553791341], [114.202155998, 30.553796371], [114.202153488, 30.55380164], [114.202151591, 30.553807094], [114.202150322, 30.553812681], [114.202149697, 30.553818349], [114.202149719, 30.553824043], [114.20215039, 30.553829708], [114.202151702, 30.553835289], [114.202153642, 30.55384073], [114.202156193, 30.553845984], [114.202159329, 30.553850996], [114.202163021, 30.553855719], [114.202167233, 30.553860109], [114.202171924, 30.553864121], [114.202177049, 30.553867718], [114.20218256, 30.553870865], [114.202304208, 30.553933173], [114.202343456, 30.553955473], [114.202385318, 30.553986172], [114.202388337, 30.553988261], [114.202658016, 30.554164051], [114.202672427, 30.55417368], [114.201088433, 30.55479054], [114.201086294, 30.554784661], [114.201086237, 30.554784528], [114.201086195, 30.554784392], [114.201085096, 30.554781856], [114.201084012, 30.554779318], [114.20108394, 30.55477919], [114.201083882, 30.554779058], [114.201074883, 30.554761057], [114.201074699, 30.554760694], [114.200884859, 30.554388009], [114.200829583, 30.55427589], [114.200628594, 30.553826893], [114.200623426, 30.553816388], [114.200443759, 30.553482117], [114.200968934, 30.553269208], [114.200989241, 30.553262178], [114.201002366, 30.553259195], [114.201018349, 30.553257674], [114.201026924, 30.55325687], [114.201318045, 30.553415067], [114.2013195, 30.553415835], [114.201802446, 30.553663781], [114.201870485, 30.553704604], [114.20187609, 30.553707625], [114.20188201, 30.55371016], [114.201888191, 30.553712181], [114.201894571, 30.553713672], [114.201901092, 30.553714618], [114.201907688, 30.553715008], [114.201914296, 30.553714839], [114.201920854, 30.553714114], [114.201927298, 30.553712839], [114.201933565, 30.553711025], [114.201939597, 30.553708691], [114.201945333, 30.55370586], [114.201950719, 30.553702558], [114.201955704, 30.553698817], [114.201960238, 30.553694674], [114.20196428, 30.553690167], [114.201967789, 30.553685341], [114.201970731, 30.553680243], [114.20197308, 30.553674921], [114.201974811, 30.553669426], [114.201975909, 30.55366381], [114.201976361, 30.55365813], [114.201976165, 30.553652439], [114.201975323, 30.553646792], [114.201973841, 30.553641243], [114.201971736, 30.553635846], [114.201969026, 30.553630651], [114.201965738, 30.553625712], [114.201961904, 30.553621074], [114.201957559, 30.553616781], [114.201952748, 30.553612876], [114.201947515, 30.553609396], [114.201877515, 30.553567396], [114.2018735, 30.553565166], [114.201389233, 30.553316541], [114.20118671, 30.553206488], [114.201192294, 30.553202455], [114.201196799, 30.553198889], [114.20120091, 30.553194986], [114.201204594, 30.553190777], [114.20146039, 30.552869032], [114.201521184, 30.552794285], [114.201521885, 30.552793405], [114.201711886, 30.552550406], [114.201712001, 30.552550257], [114.20187173, 30.552344607], [114.201992452, 30.552193954], [114.201995936, 30.552189114], [114.201998851, 30.552184004], [114.202001172, 30.552178672], [114.202002875, 30.55217317], [114.202003943, 30.552167552], [114.202004366, 30.55216187], [114.20200414, 30.552156179], [114.202003269, 30.552150535], [114.202001758, 30.552144992], [114.201999624, 30.552139602], [114.201996886, 30.552134419], [114.201993574, 30.552129492], [114.201989714, 30.552124869], [114.201985349, 30.552120593], [114.201980517, 30.552116707], [114.201975265, 30.552113246], [114.201969646, 30.552110246], [114.201963712, 30.552107735], [114.201957521, 30.552105737], [114.201951132, 30.552104271], [114.201944608, 30.552103351], [114.20193801, 30.552102987], [114.201931401, 30.552103181], [114.201924847, 30.552103932], [114.20191841, 30.552105232], [114.201912152, 30.552107069], [114.201906134, 30.552109427], [114.201900413, 30.552112281], [114.201895044, 30.552115603], [114.201890079, 30.552119364], [114.201885566, 30.552123524], [114.201881547, 30.552128047], [114.201760548, 30.552279046], [114.20176, 30.552279743], [114.201600057, 30.552485669], [114.20141046, 30.552728151], [114.201349816, 30.552802715], [114.201349408, 30.552803223], [114.201098627, 30.553118658], [114.201092152, 30.553123334], [114.201082014, 30.553128403], [114.201058115, 30.553136155], [114.200657571, 30.552909964], [114.200449715, 30.552767125], [114.200371668, 30.552710541], [114.200186888, 30.552562519], [114.200181832, 30.552558849], [114.200176383, 30.552555625], [114.200170592, 30.552552877], [114.200164517, 30.55255063], [114.200158215, 30.552548906], [114.200151748, 30.552547723], [114.200145177, 30.552547092], [114.200138566, 30.552547018], [114.200131978, 30.552547503], [114.200125477, 30.55254854], [114.200119126, 30.552550123], [114.200112985, 30.552552234], [114.200107114, 30.552554853], [114.20010157, 30.552557954], [114.200096405, 30.55256151], [114.20009167, 30.552565483], [114.200087409, 30.552569837], [114.200083665, 30.55257453], [114.200080473, 30.552579516], [114.200077864, 30.552584747], [114.200075863, 30.552590174], [114.200074489, 30.552595744], [114.200073755, 30.552601403], [114.20007367, 30.552607095], [114.200074232, 30.552612769], [114.200075439, 30.552618366], [114.200077276, 30.552623837], [114.200079727, 30.552629124], [114.200082768, 30.552634181], [114.200086369, 30.552638956], [114.200090497, 30.552643404], [114.200095111, 30.552647481], [114.200281112, 30.552796482], [114.20028361, 30.552798385], [114.20036361, 30.552856385], [114.200364977, 30.55285735], [114.200575977, 30.55300235], [114.200581055, 30.553005518], [114.200882756, 30.553175891], [114.200387158, 30.55337681], [114.200381825, 30.553366887], [114.20037628, 30.55335735], [114.200337347, 30.553295209], [114.199681311, 30.552155126], [114.199668526, 30.552132901], [114.200230125, 30.551910723], [114.200230496, 30.551910576], [114.200827849, 30.551670472], [114.201022543, 30.551702019], [114.201028416, 30.551702741], [114.201300416, 30.551725743], [114.201301006, 30.551725789], [114.201548006, 30.55174479], [114.202123843, 30.551789085], [114.202040891, 30.551903217], [114.202040183, 30.551904307], [114.202039406, 30.55190536], [114.20203857, 30.55190679], [114.202037663, 30.551908186], [114.202037082, 30.55190933], [114.202036429, 30.551910444], [114.202035759, 30.551911937], [114.202035014, 30.551913403], [114.202034568, 30.55191459], [114.202034045, 30.551915755], [114.202033547, 30.551917297], [114.202032974, 30.55191882], [114.202032663, 30.551920038], [114.202032276, 30.551921241], [114.202031956, 30.551922817], [114.202031559, 30.551924382], [114.202031389, 30.551925621], [114.20203114, 30.55192685], [114.202031002, 30.551928446], [114.202030784, 30.551930036], [114.202030756, 30.551931284], [114.202030648, 30.551932528], [114.202030692, 30.551934128], [114.202030656, 30.551935729], [114.20203077, 30.551936973], [114.202030804, 30.55193822], [114.202031031, 30.551939809], [114.202031178, 30.551941404], [114.202031432, 30.551942633], [114.202031608, 30.551943872], [114.202032015, 30.551945433], [114.202032341, 30.55194701], [114.202032736, 30.551948211], [114.202033052, 30.551949428], [114.202033634, 30.551950949], [114.202034139, 30.55195249], [114.202034667, 30.551953651], [114.202035121, 30.551954836], [114.202035873, 30.551956301], [114.202036551, 30.55195779], [114.202037208, 30.551958903], [114.202037795, 30.551960043], [114.202038709, 30.551961437], [114.202039554, 30.551962863], [114.202040335, 30.551963914], [114.202041049, 30.551965], [114.202042118, 30.551966309], [114.202043121, 30.551967657], [114.202044019, 30.551968637], [114.202044852, 30.551969658], [114.202046065, 30.551970871], [114.202047216, 30.551972128], [114.202048221, 30.551973026], [114.202049166, 30.551973972], [114.202050512, 30.551975078], [114.2020518, 30.551976231], [114.202052903, 30.551977041], [114.20205395, 30.551977902], [114.202055416, 30.551978888], [114.20205683, 30.551979927], [114.202058018, 30.55198064], [114.20205916, 30.551981408], [114.202060729, 30.551982266], [114.202062255, 30.551983181], [114.202063519, 30.55198379], [114.202064743, 30.551984459], [114.202066403, 30.55198518], [114.202068026, 30.551985962], [114.202069352, 30.551986461], [114.202070646, 30.551987023], [114.20207238, 30.551987601], [114.202074083, 30.551988242], [114.202075462, 30.551988627], [114.202076813, 30.551989077], [114.202078604, 30.551989505], [114.202080372, 30.551989999], [114.202081788, 30.551990266], [114.202083184, 30.5519906], [114.202625551, 30.552095895], [114.20272053, 30.552124106], [114.202785707, 30.552148547], [114.202810651, 30.552161799], [114.202909832, 30.552227602], [114.203063464, 30.552346766], [114.203246782, 30.552494127], [114.203700318, 30.55350015], [114.203753718, 30.553752586], [114.202811295, 30.554119599], [114.202740302, 30.554072163], [114.202739663, 30.55407174], [114.202471207, 30.553896746], [114.202427681, 30.553864827], [114.202421104, 30.553860571], [114.202377105, 30.553835573], [114.202374442, 30.553834135], [114.202251441, 30.553771135], [114.2022456, 30.553768468], [114.202239482, 30.553766307], [114.202233149, 30.553764673], [114.20222666, 30.55376358], [114.202220077, 30.553763042], [114.202213467, 30.553763061]]]}, "properties": {"id": 8991, "land_type": "商务办公用地"}}, {"type": "Feature", "geometry": {"type": "Polygon", "coordinates": [[[114.20007619, 30.554516841], [114.200229289, 30.554867807], [114.200231238, 30.554872103], [114.200355637, 30.555135836], [114.199507466, 30.55559596], [114.199410787, 30.555339298], [114.199410252, 30.555337935], [114.199102364, 30.554584745], [114.199936513, 30.554254354], [114.20007619, 30.554516841]]]}, "properties": {"id": 8994, "land_type": "商业服务用地"}}, {"type": "Feature", "geometry": {"type": "Polygon", "coordinates": [[[114.20603373, 30.556406641], [114.20603611, 30.556414377], [114.206037627, 30.55642196], [114.206037627, 30.55642279], [114.206037215, 30.556423431], [114.206035613, 30.556424185], [114.2053706, 30.556690389], [114.205364748, 30.55669304], [114.205359226, 30.556696171], [114.205354088, 30.556699753], [114.205349382, 30.556703753], [114.205345153, 30.55670813], [114.205341444, 30.556712843], [114.205340787, 30.556713883], [114.205136087, 30.556234253], [114.205843769, 30.555969554], [114.20603373, 30.556406641]]]}, "properties": {"id": 8995, "land_type": "居住用地"}}, {"type": "Feature", "geometry": {"type": "Polygon", "coordinates": [[[114.201392984, 30.557401566], [114.201496076, 30.557657152], [114.200460246, 30.557955177], [114.199639332, 30.555945923], [114.199574201, 30.555772931], [114.200440841, 30.555312036], [114.200485299, 30.555409604], [114.200232076, 30.555480851], [114.200225899, 30.555482883], [114.200219984, 30.555485426], [114.200214387, 30.555488457], [114.20020916, 30.555491945], [114.200204357, 30.555495857], [114.200200023, 30.555500157], [114.200196197, 30.5555048], [114.20019292, 30.555509745], [114.200190221, 30.555514942], [114.200188127, 30.555520343], [114.200186656, 30.555525894], [114.200185825, 30.555531543], [114.200185643, 30.555537235], [114.200186107, 30.555542913], [114.200187217, 30.555548527], [114.200188958, 30.555554019], [114.200191318, 30.555559337], [114.200194272, 30.555564432], [114.20019779, 30.555569252], [114.200201841, 30.555573752], [114.200206385, 30.555577888], [114.200211377, 30.555581622], [114.20021677, 30.555584915], [114.200222512, 30.555587737], [114.200228548, 30.555590062], [114.200234819, 30.555591866], [114.200241265, 30.555593131], [114.200247825, 30.555593846], [114.200254434, 30.555594005], [114.200261029, 30.555593604], [114.200267548, 30.555592649], [114.200273926, 30.555591148], [114.200534602, 30.555517804], [114.20068769, 30.555853767], [114.200639923, 30.555864875], [114.200577084, 30.555878621], [114.2005618, 30.555881678], [114.200547454, 30.555882982], [114.200540329, 30.555882982], [114.200528473, 30.555881664], [114.200509049, 30.555878556], [114.200493688, 30.555874515], [114.200491759, 30.555874035], [114.200475273, 30.555870155], [114.200463786, 30.555867283], [114.200456028, 30.555865764], [114.200442027, 30.555863764], [114.200436533, 30.555863178], [114.200431, 30.555862982], [114.200405, 30.555862982], [114.200401431, 30.555863064], [114.200204431, 30.555872064], [114.200197853, 30.555872644], [114.200191373, 30.555873776], [114.200185054, 30.555875451], [114.200178955, 30.555877651], [114.200173137, 30.555880354], [114.200167654, 30.555883536], [114.200162559, 30.555887165], [114.200157902, 30.555891207], [114.200153728, 30.555895622], [114.200150076, 30.555900369], [114.200146983, 30.5559054], [114.200144476, 30.555910669], [114.200142582, 30.555916124], [114.200141318, 30.555921712], [114.200140696, 30.555927381], [114.200140722, 30.555933074], [114.200141395, 30.555938738], [114.20014271, 30.555944317], [114.200144654, 30.555949759], [114.200147209, 30.555955011], [114.200150348, 30.555960021], [114.200154042, 30.555964744], [114.200158258, 30.555969131], [114.200162951, 30.555973141], [114.200168078, 30.555976735], [114.20017359, 30.55597988], [114.200179433, 30.555982544], [114.200185552, 30.555984702], [114.200191886, 30.555986334], [114.200198375, 30.555987423], [114.200204958, 30.555987959], [114.200211569, 30.555987936], [114.200406786, 30.555979018], [114.20042545, 30.555979018], [114.200430042, 30.555979673], [114.200438215, 30.555981717], [114.200439242, 30.555981966], [114.200455273, 30.555985738], [114.200473312, 30.555990485], [114.200480692, 30.555992041], [114.200505693, 30.555996041], [114.200509378, 30.55599654], [114.200527378, 30.55599854], [114.200536, 30.555999018], [114.200551, 30.555999018], [114.200558074, 30.555998697], [114.200580074, 30.555996697], [114.200588242, 30.555995513], [114.200608242, 30.555991513], [114.200609587, 30.555991232], [114.200673588, 30.555977232], [114.200674566, 30.555977011], [114.200737211, 30.555962442], [114.201392984, 30.557401566]]]}, "properties": {"id": 8996, "land_type": "商务办公用地"}}, {"type": "Feature", "geometry": {"type": "Polygon", "coordinates": [[[114.202509442, 30.56016935], [114.202278183, 30.560244504], [114.201437683, 30.560494716], [114.201435261, 30.560486585], [114.201435034, 30.560485845], [114.201424495, 30.560452309], [114.201415865, 30.56041779], [114.201414511, 30.560413269], [114.201412739, 30.560408857], [114.201407741, 30.560397857], [114.201405453, 30.560393387], [114.201401452, 30.560386387], [114.201398388, 30.560381606], [114.201393388, 30.560374605], [114.201390394, 30.560370766], [114.201387053, 30.560367144], [114.201382054, 30.560362143], [114.201377382, 30.560357922], [114.201372243, 30.560354124], [114.201366243, 30.560350125], [114.201358832, 30.56034583], [114.201352832, 30.56034283], [114.201347127, 30.560340283], [114.201341168, 30.560338215], [114.201331168, 30.560335215], [114.201325837, 30.560333826], [114.20131809, 30.560332104], [114.201129493, 30.559823755], [114.200528855, 30.55813955], [114.200532249, 30.558139202], [114.200538706, 30.558137977], [114.200544992, 30.558136213], [114.201555549, 30.557804594], [114.2015687, 30.557837196], [114.201511388, 30.557855663], [114.20150952, 30.557856356], [114.201507622, 30.557856989], [114.201506486, 30.557857484], [114.201505317, 30.557857917], [114.201503536, 30.557858765], [114.201501721, 30.557859555], [114.201500646, 30.557860143], [114.201499532, 30.557860674], [114.201497856, 30.557861668], [114.201496138, 30.557862607], [114.201495136, 30.557863283], [114.201494088, 30.557863905], [114.201492534, 30.557865036], [114.201490931, 30.557866116], [114.201490011, 30.557866872], [114.201489038, 30.55786758], [114.20148762, 30.557868836], [114.201486148, 30.557870047], [114.201485318, 30.557870878], [114.201484431, 30.557871664], [114.201483163, 30.557873034], [114.201481835, 30.557874362], [114.201481104, 30.557875259], [114.20148031, 30.557876116], [114.201479205, 30.557877587], [114.201478035, 30.557879022], [114.201477409, 30.557879976], [114.201476718, 30.557880895], [114.201475784, 30.557882453], [114.201474783, 30.557883979], [114.201474269, 30.557884982], [114.201473685, 30.557885955], [114.201472933, 30.557887583], [114.201472111, 30.557889186], [114.201471714, 30.557890227], [114.201471244, 30.557891246], [114.201470681, 30.55789293], [114.201470045, 30.557894595], [114.201469768, 30.557895664], [114.201469416, 30.557896718], [114.201469047, 30.557898441], [114.201468605, 30.557900151], [114.20146845, 30.557901239], [114.20146822, 30.557902317], [114.20146805, 30.557904063], [114.201467804, 30.557905803], [114.201467774, 30.557906898], [114.201467667, 30.557907991], [114.201467697, 30.557909743], [114.201467649, 30.557911495], [114.201467744, 30.557912588], [114.201467762, 30.557913683], [114.201467992, 30.557915425], [114.201468144, 30.557917173], [114.201468362, 30.557918252], [114.201468506, 30.557919341], [114.201468931, 30.557921054], [114.201469282, 30.557922781], [114.201469623, 30.557923837], [114.201469889, 30.557924908], [114.201470508, 30.557926578], [114.201471054, 30.557928266], [114.201617052, 30.558307266], [114.201619426, 30.558312549], [114.201622385, 30.558317607], [114.201625904, 30.558322391], [114.201629947, 30.558326858], [114.201661947, 30.558358858], [114.201666277, 30.558362798], [114.201671015, 30.558366373], [114.201676121, 30.558369553], [114.201681548, 30.558372306], [114.201703548, 30.558382307], [114.201709446, 30.558384681], [114.201715581, 30.558386554], [114.201721898, 30.558387909], [114.201762898, 30.558394909], [114.201769775, 30.558395768], [114.201776719, 30.558396012], [114.201783654, 30.558395641], [114.201790508, 30.558394655], [114.201793348, 30.558394116], [114.201965887, 30.558821851], [114.201965691, 30.558821788], [114.201959306, 30.558820307], [114.201952785, 30.558819373], [114.201946188, 30.558818993], [114.20193958, 30.558819173], [114.201933023, 30.558819909], [114.201926582, 30.558821194], [114.201920319, 30.558823017], [114.201914293, 30.55882536], [114.201908563, 30.5588282], [114.201903183, 30.558831512], [114.201898207, 30.55883526], [114.201893681, 30.558839411], [114.201889649, 30.558843923], [114.201886151, 30.558848754], [114.201883219, 30.558853857], [114.201880882, 30.558859183], [114.201879163, 30.558864681], [114.201878078, 30.558870297], [114.201877637, 30.558875977], [114.201877845, 30.558881668], [114.2018787, 30.558887314], [114.201880193, 30.55889286], [114.20188231, 30.558898254], [114.20204708, 30.559258633], [114.201631917, 30.559444527], [114.201626207, 30.559447398], [114.201620853, 30.559450738], [114.201615904, 30.559454514], [114.201611408, 30.559458688], [114.20160741, 30.559463222], [114.201603947, 30.559468072], [114.201601052, 30.559473191], [114.201598754, 30.559478529], [114.201597075, 30.559484036], [114.20159603, 30.559489658], [114.201595631, 30.559495341], [114.20159588, 30.55950103], [114.201596775, 30.559506671], [114.201598309, 30.559512209], [114.201600465, 30.559517591], [114.201603224, 30.559522765], [114.201606559, 30.559527681], [114.201610437, 30.559532293], [114.201614821, 30.559536554], [114.201619669, 30.559540425], [114.201624935, 30.559543869], [114.201630566, 30.559546851], [114.201636512, 30.559549343], [114.201642711, 30.559551322], [114.201649106, 30.559552769], [114.201655635, 30.559553668], [114.201662234, 30.559554012], [114.201668841, 30.559553798], [114.201675391, 30.559553025], [114.201681823, 30.559551705], [114.201688074, 30.559549849], [114.201694082, 30.559547473], [114.202158982, 30.559339309], [114.202172895, 30.559335036], [114.202244603, 30.559512804], [114.202184052, 30.559537613], [114.20218256, 30.559538303], [114.202181029, 30.559538932], [114.202179649, 30.559539651], [114.202178228, 30.559540308], [114.202176821, 30.559541122], [114.20217537, 30.559541876], [114.202174079, 30.559542708], [114.20217274, 30.559543482], [114.202171432, 30.559544411], [114.202170074, 30.559545285], [114.202168883, 30.559546221], [114.202167639, 30.559547104], [114.202166443, 30.559548139], [114.202165191, 30.559549123], [114.202164112, 30.559550155], [114.202162974, 30.559551138], [114.202161902, 30.55955227], [114.202160767, 30.559553355], [114.202159811, 30.559554473], [114.202158792, 30.559555549], [114.202157853, 30.559556764], [114.202156848, 30.55955794], [114.202156024, 30.559559133], [114.202155131, 30.55956029], [114.202154335, 30.559561579], [114.202153469, 30.559562834], [114.202152785, 30.559564091], [114.202152028, 30.559565317], [114.202151383, 30.559566667], [114.202150663, 30.559567989], [114.202150126, 30.559569298], [114.202149512, 30.559570582], [114.202149024, 30.55957198], [114.202148459, 30.559573356], [114.202148072, 30.559574704], [114.202147608, 30.559576034], [114.202147281, 30.559577467], [114.202146875, 30.559578884], [114.202146644, 30.559580258], [114.202146332, 30.559581621], [114.20214617, 30.559583073], [114.202145928, 30.559584519], [114.202145855, 30.559585905], [114.2021457, 30.559587288], [114.202145704, 30.559588747], [114.202145627, 30.559590207], [114.202145712, 30.559591593], [114.202145715, 30.559592981], [114.202145886, 30.559594434], [114.202145975, 30.559595892], [114.202146217, 30.559597264], [114.202146379, 30.559598646], [114.202146714, 30.559600077], [114.202146968, 30.55960152], [114.202147366, 30.559602867], [114.202147684, 30.559604227], [114.202148179, 30.559605623], [114.202148597, 30.559607038], [114.202149146, 30.559608343], [114.202149617, 30.559609672], [114.202150269, 30.559611019], [114.202150848, 30.559612392], [114.202322847, 30.559966392], [114.202325695, 30.55997153], [114.202329114, 30.559976404], [114.202333072, 30.559980964], [114.202337529, 30.559985169], [114.202342444, 30.559988977], [114.202347769, 30.559992352], [114.202353451, 30.559995262], [114.202359439, 30.559997678], [114.202365671, 30.559999576], [114.202372091, 30.560000941], [114.202378635, 30.560001755], [114.20238524, 30.560002015], [114.202391842, 30.560001716], [114.202398379, 30.56000086], [114.202404787, 30.559999457], [114.202411004, 30.55999752], [114.202416971, 30.559995067], [114.20242263, 30.559992123], [114.202427926, 30.559988715], [114.202432809, 30.559984877], [114.202434411, 30.559983345], [114.202509442, 30.56016935]]]}, "properties": {"id": 8997, "land_type": "商务办公用地"}}, {"type": "Feature", "geometry": {"type": "Polygon", "coordinates": [[[114.200295097, 30.560195385], [114.200288577, 30.560196329], [114.200282196, 30.56019782], [114.200276015, 30.560199841], [114.200270094, 30.560202374], [114.20026449, 30.560205396], [114.200259257, 30.560208876], [114.200254445, 30.56021278], [114.2002501, 30.560217072], [114.200246265, 30.56022171], [114.200242977, 30.560226649], [114.200240267, 30.560231842], [114.200238161, 30.560237238], [114.200236678, 30.560242787], [114.200235835, 30.560248434], [114.200235639, 30.560254125], [114.200236092, 30.560259805], [114.200237188, 30.56026542], [114.200238919, 30.560270914], [114.200241267, 30.560276237], [114.200244209, 30.560281335], [114.200247717, 30.560286161], [114.200251758, 30.560290667], [114.200256293, 30.56029481], [114.200261277, 30.560298552], [114.200266663, 30.560301854], [114.200272399, 30.560304686], [114.20027843, 30.56030702], [114.200284696, 30.560308833], [114.200609696, 30.560387833], [114.200615692, 30.560389039], [114.200690693, 30.560401038], [114.200696231, 30.560401721], [114.200811079, 30.560411709], [114.200909927, 30.560420694], [114.200912311, 30.560420875], [114.201194966, 30.560437854], [114.201216416, 30.560439333], [114.201257509, 30.560550093], [114.201023467, 30.560624837], [114.200508354, 30.560750732], [114.200132868, 30.56082744], [114.199840578, 30.560880366], [114.199621226, 30.560523072], [114.199614982, 30.560513937], [114.198491567, 30.559029942], [114.198273446, 30.558729732], [114.199145324, 30.558455875], [114.200374565, 30.55810217], [114.201000795, 30.559858131], [114.201001022, 30.559858754], [114.201172208, 30.560320175], [114.200922884, 30.560305197], [114.200825073, 30.560296306], [114.200824769, 30.560296279], [114.200712556, 30.56028652], [114.200643338, 30.560275446], [114.200321304, 30.560197166], [114.20031486, 30.560195891], [114.200308302, 30.560195165], [114.200301693, 30.560194996], [114.200295097, 30.560195385]]]}, "properties": {"id": 8998, "land_type": "居住用地"}}, {"type": "Feature", "geometry": {"type": "Polygon", "coordinates": [[[114.202487053, 30.560820499], [114.202461052, 30.560823499], [114.202456772, 30.560824114], [114.202427772, 30.560829115], [114.202419078, 30.560831143], [114.201690079, 30.561047142], [114.201689019, 30.561047506], [114.201687934, 30.561047812], [114.201685951, 30.561048563], [114.201683939, 30.561049256], [114.201682928, 30.561049708], [114.201681883, 30.561050104], [114.201679994, 30.561051019], [114.201678071, 30.561051879], [114.201677115, 30.561052415], [114.20167612, 30.561052897], [114.201674345, 30.561053966], [114.20167253, 30.561054983], [114.201671639, 30.561055597], [114.201670704, 30.56105616], [114.201669059, 30.561057375], [114.201667368, 30.561058542], [114.201666551, 30.561059228], [114.201665685, 30.561059867], [114.201664186, 30.561061214], [114.201662635, 30.561062518], [114.201661902, 30.561063269], [114.201661112, 30.561063979], [114.201659775, 30.561065447], [114.201658379, 30.561066874], [114.201657733, 30.561067684], [114.201657029, 30.561068458], [114.201655864, 30.56107003], [114.20165464, 30.561071569], [114.201654089, 30.561072429], [114.201653475, 30.561073258], [114.201652496, 30.561074923], [114.201651451, 30.561076557], [114.201651003, 30.56107746], [114.201650486, 30.561078336], [114.2016497, 30.561080075], [114.201648847, 30.56108179], [114.201648503, 30.561082726], [114.201648088, 30.561083643], [114.201647504, 30.561085439], [114.201646851, 30.561087217], [114.201646614, 30.561088179], [114.201646306, 30.561089124], [114.201645931, 30.561090961], [114.201645481, 30.561092787], [114.201645356, 30.561093764], [114.201645158, 30.561094731], [114.201644992, 30.561096591], [114.201644753, 30.561098445], [114.201644739, 30.561099428], [114.201644652, 30.561100408], [114.201644698, 30.561102273], [114.201644672, 30.561104138], [114.20164477, 30.561105118], [114.201644795, 30.5611061], [114.201645055, 30.561107952], [114.201645241, 30.561109811], [114.201645448, 30.561110777], [114.201645585, 30.561111753], [114.201646055, 30.561113574], [114.20164645, 30.561115408], [114.201646769, 30.561116352], [114.201647015, 30.561117311], [114.20164769, 30.561119084], [114.201648293, 30.561120875], [114.201648716, 30.561121788], [114.201649071, 30.561122722], [114.201778253, 30.561413597], [114.201408669, 30.561572526], [114.201236604, 30.561142365], [114.202488959, 30.560761826], [114.202490851, 30.560761159], [114.202492797, 30.560760622], [114.20271801, 30.56068775], [114.202882254, 30.561096503], [114.202734391, 30.561142505], [114.202666623, 30.560944593], [114.202664823, 30.56094004], [114.202655822, 30.56092004], [114.202654303, 30.560916934], [114.202645303, 30.560899934], [114.202644453, 30.560898389], [114.202636454, 30.560884388], [114.202633725, 30.560880083], [114.202630585, 30.560875991], [114.202627053, 30.560872143], [114.202616053, 30.560861143], [114.202610622, 30.56085631], [114.202604577, 30.56085205], [114.202588577, 30.56084205], [114.202584156, 30.56083951], [114.202579516, 30.560837277], [114.202563516, 30.560830277], [114.202556818, 30.560827732], [114.202549836, 30.560825826], [114.202531837, 30.560821826], [114.202526291, 30.560820806], [114.202520666, 30.560820191], [114.202515, 30.560819985], [114.202496, 30.560819985], [114.202487053, 30.560820499]]]}, "properties": {"id": 9000, "land_type": "商业服务用地"}}, {"type": "Feature", "geometry": {"type": "Polygon", "coordinates": [[[114.202506446, 30.560936014], [114.202509041, 30.560936592], [114.202513734, 30.560938644], [114.202519071, 30.560941979], [114.20251934, 30.56094225], [114.202523109, 30.560948844], [114.202530885, 30.560963532], [114.202538168, 30.560979717], [114.202606665, 30.561179756], [114.201903277, 30.561370274], [114.201799823, 30.56113733], [114.202458653, 30.560942123], [114.202481099, 30.560938252], [114.202500494, 30.560936014], [114.202506446, 30.560936014]]]}, "properties": {"id": 9001, "land_type": "商业服务用地"}}, {"type": "Feature", "geometry": {"type": "Polygon", "coordinates": [[[114.215871041, 30.535173857], [114.216024907, 30.535535445], [114.216098047, 30.535748106], [114.21610521, 30.535780478], [114.215713403, 30.535926306], [114.215260819, 30.536040191], [114.214900624, 30.536102209], [114.214070092, 30.536182432], [114.214069467, 30.536182495], [114.213470298, 30.536245259], [114.213424085, 30.535715552], [114.213423852, 30.53571342], [114.213335153, 30.535033619], [114.213334414, 30.535029375], [114.213333312, 30.535025188], [114.21313953, 30.534397433], [114.214898196, 30.533531773], [114.215871041, 30.535173857]]]}, "properties": {"id": 9094, "land_type": "居住用地"}}, {"type": "Feature", "geometry": {"type": "Polygon", "coordinates": [[[114.208423185, 30.534787437], [114.208309099, 30.534842563], [114.207805141, 30.535081008], [114.207567148, 30.534771926], [114.207566738, 30.5347714], [114.207507507, 30.53469627], [114.207504401, 30.534638992], [114.207503833, 30.534633711], [114.207394133, 30.53395391], [114.207393982, 30.533953026], [114.207301981, 30.533440925], [114.207301198, 30.533437322], [114.207177298, 30.532952621], [114.207175578, 30.53294717], [114.207102379, 30.532753092], [114.207109106, 30.532740265], [114.20716485, 30.532668458], [114.207379691, 30.532396659], [114.207383139, 30.532391801], [114.207386019, 30.532386674], [114.207388301, 30.532381328], [114.207389962, 30.532375816], [114.207390989, 30.53237019], [114.207391371, 30.532364504], [114.207391104, 30.532358814], [114.207390191, 30.532353174], [114.20738864, 30.532347639], [114.207386467, 30.532342259], [114.207383693, 30.53233709], [114.207380343, 30.53233218], [114.207376699, 30.532327871], [114.207631001, 30.532183152], [114.208177108, 30.531885177], [114.208423185, 30.534787437]]]}, "properties": {"id": 9087, "land_type": "公园与绿地用地"}}, {"type": "Feature", "geometry": {"type": "Polygon", "coordinates": [[[114.217276101, 30.534060284], [114.21727702, 30.534061715], [114.217684019, 30.534674516], [114.217687918, 30.534679718], [114.217791, 30.534802425], [114.217249327, 30.535163966], [114.216763816, 30.535456626], [114.216334553, 30.535695038], [114.216231938, 30.535733278], [114.216229783, 30.535723536], [114.216228199, 30.535717918], [114.216153499, 30.535500717], [114.216152158, 30.535497231], [114.215996159, 30.535130629], [114.215992911, 30.535124223], [114.215015373, 30.533474214], [114.216469128, 30.53276169], [114.217276101, 30.534060284]]]}, "properties": {"id": 9091, "land_type": "居住用地"}}, {"type": "Feature", "geometry": {"type": "Polygon", "coordinates": [[[114.21102271, 30.533883966], [114.211017912, 30.533944428], [114.211007626, 30.534015491], [114.210991037, 30.534073988], [114.210972175, 30.534109887], [114.210816917, 30.534180027], [114.210809186, 30.534183708], [114.208980176, 30.535099916], [114.208792179, 30.535194112], [114.208505893, 30.535337507], [114.208502056, 30.535339477], [114.208208529, 30.535494076], [114.208116066, 30.53553969], [114.208079306, 30.535476126], [114.208077329, 30.535472958], [114.207879527, 30.535178231], [114.208374239, 30.534944161], [114.208374495, 30.534944026], [114.208374763, 30.53494391], [114.208526463, 30.53487061], [114.211032176, 30.533659781], [114.21102271, 30.533883966]]]}, "properties": {"id": 9092, "land_type": "公园与绿地用地"}}, {"type": "Feature", "geometry": {"type": "Polygon", "coordinates": [[[114.212745016, 30.534039688], [114.21274651, 30.534044296], [114.212748439, 30.534048781], [114.21285478, 30.534267899], [114.212898073, 30.534382544], [114.211231373, 30.535202917], [114.211231049, 30.535203078], [114.211195547, 30.535220777], [114.21119539, 30.535220856], [114.210159059, 30.535740764], [114.210040116, 30.535374086], [114.210028413, 30.535334168], [114.211043933, 30.534845803], [114.211047673, 30.53484396], [114.211605572, 30.53456206], [114.211609325, 30.534560116], [114.212140325, 30.534278317], [114.212155432, 30.534269464], [114.21259347, 30.533987005], [114.212714686, 30.533928631], [114.212745016, 30.534039688]]]}, "properties": {"id": 9093, "land_type": "公园与绿地用地"}}, {"type": "Feature", "geometry": {"type": "Polygon", "coordinates": [[[114.221198348, 30.53471793], [114.221204347, 30.5347424], [114.221214451, 30.534826658], [114.221220736, 30.534910299], [114.221194273, 30.534945659], [114.221190617, 30.534951188], [114.221187685, 30.534957029], [114.221185514, 30.53496311], [114.221161585, 30.535046083], [114.221127251, 30.535133534], [114.221067674, 30.535194552], [114.220626969, 30.535436675], [114.220624985, 30.535437809], [114.220306385, 30.535626809], [114.220300416, 30.535630792], [114.220031516, 30.535831993], [114.220027831, 30.535834966], [114.220024414, 30.535838169], [114.219780214, 30.536085069], [114.219776737, 30.536088897], [114.219773644, 30.536092964], [114.219573733, 30.536381512], [114.219121166, 30.53592515], [114.218259204, 30.535036638], [114.218115959, 30.534867818], [114.218126306, 30.534859987], [114.218607873, 30.53457863], [114.218740332, 30.534544265], [114.218746706, 30.534542305], [114.21875282, 30.534539804], [114.220535462, 30.533713761], [114.221198348, 30.53471793]]]}, "properties": {"id": 9095, "land_type": "居住用地"}}, {"type": "Feature", "geometry": {"type": "Polygon", "coordinates": [[[114.222130092, 30.535329479], [114.222123264, 30.535330575], [114.222065264, 30.535342574], [114.222059429, 30.535344024], [114.22205377, 30.53534592], [114.222048332, 30.535348247], [114.222043159, 30.535350987], [114.222038294, 30.535354117], [114.221953294, 30.535414117], [114.221947663, 30.535418576], [114.221887876, 30.535471614], [114.221886991, 30.53547034], [114.221841111, 30.535351785], [114.221829573, 30.535315307], [114.221848026, 30.535300913], [114.221853372, 30.535296243], [114.221858072, 30.535291084], [114.221862066, 30.5352855], [114.221914166, 30.535202499], [114.221917417, 30.535196536], [114.22191986, 30.535190295], [114.221921467, 30.535183855], [114.221938367, 30.535090654], [114.221939118, 30.535084073], [114.221938994, 30.53507746], [114.221937998, 30.535070903], [114.221936187, 30.535062671], [114.221961148, 30.535022032], [114.222005175, 30.534979402], [114.222601986, 30.534683596], [114.222709665, 30.534640002], [114.222513534, 30.535002971], [114.222154043, 30.535330366], [114.222150847, 30.535329874], [114.222143956, 30.535329127], [114.222137013, 30.535328995], [114.222130092, 30.535329479]]]}, "properties": {"id": 9096, "land_type": "公园与绿地用地"}}, {"type": "Feature", "geometry": {"type": "Polygon", "coordinates": [[[114.221532132, 30.534869213], [114.221532271, 30.534869215], [114.221597399, 30.53487049], [114.221678145, 30.534896904], [114.221744061, 30.53494508], [114.221787424, 30.535009416], [114.221799387, 30.535064222], [114.221799403, 30.535064297], [114.221803438, 30.535082649], [114.221790122, 30.535156082], [114.221749022, 30.535221559], [114.221708494, 30.535253172], [114.221684704, 30.5352717], [114.221610988, 30.53529902], [114.221551141, 30.535303597], [114.221530731, 30.535305172], [114.221452229, 30.535289472], [114.221383361, 30.5352535], [114.221330966, 30.535200788], [114.221300198, 30.53513665], [114.221294282, 30.535067391], [114.22131359, 30.535000441], [114.221342328, 30.534962041], [114.221342517, 30.534961788], [114.221346155, 30.534956871], [114.221360604, 30.53493749], [114.221428945, 30.534892009], [114.221494849, 30.534873326], [114.221510973, 30.534868761], [114.221532132, 30.534869213]]]}, "properties": {"id": 9097, "land_type": "公园与绿地用地"}}, {"type": "Feature", "geometry": {"type": "Polygon", "coordinates": [[[114.212979185, 30.534597214], [114.213113299, 30.535083352], [114.213201105, 30.535585039], [114.21323821, 30.536163635], [114.213237074, 30.536269742], [114.21317092, 30.53627667], [114.21298715, 30.53627667], [114.212735778, 30.536256384], [114.212473802, 30.536195697], [114.212253791, 30.536112613], [114.212056288, 30.535985863], [114.211774684, 30.535746704], [114.211364213, 30.535271205], [114.212940657, 30.53449526], [114.212979185, 30.534597214]]]}, "properties": {"id": 9098, "land_type": "体育与文化用地"}}, {"type": "Feature", "geometry": {"type": "Polygon", "coordinates": [[[114.207959625, 30.535529484], [114.207998943, 30.53559747], [114.207844113, 30.535673852], [114.207574117, 30.535806454], [114.207543511, 30.535353434], [114.207763903, 30.535237857], [114.207959625, 30.535529484]]]}, "properties": {"id": 9099, "land_type": "公园与绿地用地"}}, {"type": "Feature", "geometry": {"type": "Polygon", "coordinates": [[[114.223066595, 30.535153473], [114.223073159, 30.535162409], [114.223681111, 30.535936897], [114.223706057, 30.535974467], [114.223497712, 30.536076448], [114.223496077, 30.536077274], [114.222739468, 30.536472262], [114.222622765, 30.536529478], [114.222509272, 30.536366108], [114.222536977, 30.536340849], [114.222541506, 30.536336265], [114.22254546, 30.536331301], [114.222548795, 30.536326012], [114.222551476, 30.536320452], [114.222553474, 30.536314684], [114.222554768, 30.536308769], [114.222562767, 30.536257769], [114.222563287, 30.536252945], [114.222563338, 30.536248101], [114.222562918, 30.53624327], [114.222554919, 30.536184269], [114.222553931, 30.536179049], [114.222552393, 30.536173929], [114.222550321, 30.536168951], [114.222519321, 30.53610395], [114.222516242, 30.536098362], [114.222455242, 30.536001362], [114.222453611, 30.535998914], [114.222349033, 30.535850353], [114.22230438, 30.535761049], [114.222289373, 30.535672774], [114.222289373, 30.53563918], [114.222290373, 30.535500359], [114.222289718, 30.535491919], [114.222281718, 30.53544292], [114.222280308, 30.535436737], [114.222278127, 30.535430723], [114.222275203, 30.535424947], [114.222261481, 30.535401425], [114.222607099, 30.535086667], [114.222954516, 30.534990128], [114.223066595, 30.535153473]]]}, "properties": {"id": 9100, "land_type": "公园与绿地用地"}}, {"type": "Feature", "geometry": {"type": "Polygon", "coordinates": [[[114.219452912, 30.53653276], [114.219293999, 30.536717373], [114.219002214, 30.537007589], [114.218926366, 30.537060761], [114.218912882, 30.537042896], [114.218800856, 30.536887249], [114.218375009, 30.536248941], [114.218780274, 30.536034441], [114.21878573, 30.536031224], [114.218790795, 30.536027563], [114.218795417, 30.536023491], [114.218799555, 30.536019051], [114.218803168, 30.536014281], [114.21880622, 30.536009228], [114.218808682, 30.536003943], [114.218810531, 30.535998476], [114.218811749, 30.535992879], [114.218812325, 30.535987206], [114.218812251, 30.535981511], [114.218811531, 30.535975851], [114.218810169, 30.535970278], [114.21880818, 30.535964847], [114.218805582, 30.53595961], [114.218802402, 30.535954617], [114.218798668, 30.535949918], [114.218794417, 30.535945556], [114.21878969, 30.535941574], [114.218784533, 30.53593801], [114.218778996, 30.535934899], [114.21877313, 30.535932271], [114.218766994, 30.535930149], [114.218760647, 30.535928556], [114.218754148, 30.535927508], [114.218747561, 30.535927012], [114.21874095, 30.535927075], [114.218734377, 30.535927696], [114.218727908, 30.535928868], [114.218721602, 30.535930582], [114.218715522, 30.535932819], [114.218709725, 30.535935558], [114.218249214, 30.536179302], [114.217554788, 30.53653299], [114.217312084, 30.536637147], [114.217062836, 30.536725813], [114.21635942, 30.536941327], [114.216355419, 30.536942678], [114.216312301, 30.536958624], [114.216333576, 30.536618422], [114.216333607, 30.536612726], [114.216305607, 30.536069625], [114.216304484, 30.53606134], [114.216274423, 30.535925417], [114.216523239, 30.535815539], [114.216527068, 30.535813709], [114.216860368, 30.53564211], [114.216862892, 30.535640743], [114.217245091, 30.535423643], [114.217249222, 30.5354211], [114.217929789, 30.534967667], [114.218048911, 30.53510951], [114.218052161, 30.535113079], [114.219452912, 30.53653276]]]}, "properties": {"id": 9101, "land_type": "居住用地"}}, {"type": "Feature", "geometry": {"type": "Polygon", "coordinates": [[[114.210088022, 30.535954338], [114.210089301, 30.535957902], [114.210115301, 30.536022902], [114.21011884, 30.536030124], [114.210142839, 30.536071124], [114.210145349, 30.536075029], [114.210178349, 30.536122029], [114.210182359, 30.536127112], [114.210227333, 30.536178082], [114.210248952, 30.536202649], [114.210870422, 30.536935053], [114.209962654, 30.535973608], [114.210076052, 30.535916718], [114.210088022, 30.535954338]]]}, "properties": {"id": 9102, "land_type": "居住用地"}}, {"type": "Feature", "geometry": {"type": "Polygon", "coordinates": [[[114.221636129, 30.535476758], [114.221697944, 30.535530033], [114.22241317, 30.536632243], [114.222042981, 30.536813664], [114.222041438, 30.536814443], [114.221580039, 30.537054743], [114.221574473, 30.53705798], [114.221569308, 30.537061676], [114.220835757, 30.537642384], [114.219825102, 30.536634983], [114.219721708, 30.536530744], [114.219856348, 30.536303974], [114.220097498, 30.536048708], [114.220399663, 30.535785587], [114.220713393, 30.535583612], [114.221101499, 30.535407477], [114.221237175, 30.535362951], [114.221322672, 30.535357534], [114.221391564, 30.535393519], [114.221397834, 30.535396416], [114.221404424, 30.535398727], [114.221411262, 30.535400426], [114.221510762, 30.535420326], [114.22151778, 30.535421396], [114.22152489, 30.535421822], [114.221532013, 30.535421599], [114.221539414, 30.535421028], [114.221636129, 30.535476758]]]}, "properties": {"id": 9103, "land_type": "居住用地"}}, {"type": "Feature", "geometry": {"type": "Polygon", "coordinates": [[[114.213233852, 30.536569916], [114.213186882, 30.537055187], [114.213108701, 30.537466179], [114.213039656, 30.537716122], [114.213012738, 30.537795307], [114.212771274, 30.537800797], [114.212504687, 30.537778517], [114.212026194, 30.537683258], [114.211874631, 30.537640205], [114.211685536, 30.537558907], [114.21145795, 30.53741698], [114.21134237, 30.537294551], [114.210357395, 30.536133759], [114.210356694, 30.536132948], [114.210334693, 30.536107947], [114.210334665, 30.536107918], [114.210334641, 30.536107887], [114.210291802, 30.536059338], [114.210261993, 30.536016881], [114.210241214, 30.535981383], [114.210217405, 30.535921863], [114.210196978, 30.535857662], [114.210196889, 30.535857384], [114.210196529, 30.535856277], [114.211209909, 30.535347884], [114.211440993, 30.535629308], [114.211441644, 30.535630087], [114.211697744, 30.535931287], [114.211702144, 30.535935937], [114.211707079, 30.535940171], [114.211946979, 30.536125771], [114.21195443, 30.53613077], [114.212202429, 30.536274268], [114.212207603, 30.53627698], [114.212213037, 30.536279279], [114.212436639, 30.536363379], [114.212443623, 30.53636562], [114.212450852, 30.536367181], [114.212788251, 30.536423181], [114.212795901, 30.536424063], [114.213117101, 30.536445062], [114.213123537, 30.536445218], [114.213129962, 30.536444843], [114.213235318, 30.536434319], [114.213233852, 30.536569916]]]}, "properties": {"id": 9104, "land_type": "居住用地"}}, {"type": "Feature", "geometry": {"type": "Polygon", "coordinates": [[[114.215415206, 30.537620116], [114.213292613, 30.537788943], [114.213243579, 30.537790052], [114.213375307, 30.537363827], [114.213376486, 30.537359286], [114.213377239, 30.537354679], [114.213466039, 30.536590478], [114.213466285, 30.536587674], [114.213476865, 30.536410086], [114.213654224, 30.536392357], [114.214308496, 30.536329388], [114.214922208, 30.536273305], [114.21492984, 30.536272224], [114.21536484, 30.536188223], [114.215369922, 30.536187061], [114.215845522, 30.536060961], [114.215847857, 30.536060302], [114.216147227, 30.535970515], [114.216171209, 30.536078951], [114.216198845, 30.536615026], [114.216174164, 30.537009709], [114.216090419, 30.537040679], [114.216087921, 30.537041654], [114.215905923, 30.537116654], [114.215901154, 30.537118825], [114.215896603, 30.537121318], [114.215819603, 30.537167318], [114.215814665, 30.537170568], [114.215810095, 30.537174197], [114.215748095, 30.537228197], [114.215742559, 30.537233664], [114.215701559, 30.537279664], [114.215698599, 30.537283258], [114.215654599, 30.537341259], [114.215653058, 30.53734339], [114.21562213, 30.537388286], [114.215460878, 30.537620149], [114.215421954, 30.537619873], [114.215415206, 30.537620116]]]}, "properties": {"id": 9105, "land_type": "教育用地"}}, {"type": "Feature", "geometry": {"type": "Polygon", "coordinates": [[[114.218684585, 30.536945912], [114.218685737, 30.536947575], [114.218798737, 30.537104576], [114.218799512, 30.537105627], [114.218821262, 30.537134446], [114.218706841, 30.537214661], [114.218374358, 30.537375762], [114.217934737, 30.537553001], [114.217341118, 30.537656461], [114.216795301, 30.537688088], [114.216200446, 30.537639873], [114.216224705, 30.53754475], [114.216225393, 30.53754165], [114.216300093, 30.53714755], [114.216300876, 30.537141322], [114.216304215, 30.537087917], [114.216406606, 30.537050052], [114.21710958, 30.536834673], [114.217112718, 30.536833635], [114.217365719, 30.536743634], [114.217370047, 30.536741938], [114.217617046, 30.536635939], [114.217621294, 30.53663395], [114.218259573, 30.536308858], [114.218684585, 30.536945912]]]}, "properties": {"id": 9106, "land_type": "公园与绿地用地"}}, {"type": "Feature", "geometry": {"type": "Polygon", "coordinates": [[[114.220674098, 30.537770348], [114.220414036, 30.537976238], [114.220358087, 30.537955699], [114.220060728, 30.53778592], [114.21948881, 30.537446563], [114.219090565, 30.537199375], [114.219092423, 30.53719778], [114.219361423, 30.536938681], [114.219364361, 30.53693565], [114.219596788, 30.536678528], [114.220674098, 30.537770348]]]}, "properties": {"id": 9107, "land_type": "公园与绿地用地"}}, {"type": "Feature", "geometry": {"type": "Polygon", "coordinates": [[[114.216092702, 30.537521392], [114.216065275, 30.537628941], [114.216006782, 30.537624224], [114.216001054, 30.537623973], [114.21561718, 30.537621255], [114.215737799, 30.537447819], [114.215737865, 30.537447712], [114.215737944, 30.53744761], [114.215768199, 30.53740369], [114.215810001, 30.537348587], [114.215846873, 30.537307219], [114.215901522, 30.53725962], [114.215968956, 30.537219336], [114.216144841, 30.537146856], [114.216165114, 30.537139359], [114.216092702, 30.537521392]]]}, "properties": {"id": 9108, "land_type": "教育用地"}}, {"type": "Feature", "geometry": {"type": "Polygon", "coordinates": [[[114.215302929, 30.53784726], [114.215136292, 30.538018742], [114.214964773, 30.538165896], [114.214821965, 30.538266645], [114.214724166, 30.538332162], [114.214641139, 30.538370409], [114.214550444, 30.538409144], [114.214464036, 30.538433446], [114.214365328, 30.538447284], [114.21428536, 30.53845188], [114.214219362, 30.538449167], [114.214176829, 30.538443959], [114.21414711, 30.538437656], [114.214146672, 30.538437581], [114.21414624, 30.538437476], [114.214122911, 30.538432809], [114.214085769, 30.538418108], [114.214034268, 30.538388924], [114.21400989, 30.53837005], [114.213979051, 30.538340069], [114.213939308, 30.538290861], [114.213939248, 30.538290788], [114.213892248, 30.538232789], [114.213888348, 30.53822843], [114.213816348, 30.538155431], [114.213813344, 30.538152583], [114.213742344, 30.538089583], [114.213739493, 30.538087197], [114.213635493, 30.538005198], [114.213633429, 30.538003637], [114.213556464, 30.537947745], [114.21465823, 30.537873854], [114.214659521, 30.537873757], [114.215323162, 30.537818167], [114.215302929, 30.53784726]]]}, "properties": {"id": 9109, "land_type": "公园与绿地用地"}}, {"type": "Feature", "geometry": {"type": "Polygon", "coordinates": [[[114.208909356, 30.555786439], [114.208909106, 30.555786824], [114.208830075, 30.555909321], [114.208752246, 30.556014735], [114.208391584, 30.556497281], [114.208342371, 30.556561272], [114.208015055, 30.556077193], [114.208014428, 30.556074347], [114.208929135, 30.555756325], [114.208909356, 30.555786439]]]}, "properties": {"id": 9110, "land_type": "居住用地"}}, {"type": "Feature", "geometry": {"type": "Polygon", "coordinates": [[[114.20973645, 30.555780247], [114.209669404, 30.555904761], [114.209490471, 30.556160801], [114.209452673, 30.556213521], [114.209452263, 30.556214101], [114.209283263, 30.5564561], [114.209279506, 30.556462295], [114.209162278, 30.556687812], [114.209151828, 30.556705228], [114.209148759, 30.556709832], [114.208548731, 30.556501428], [114.208865654, 30.5560774], [114.208865855, 30.556077128], [114.208944855, 30.555970128], [114.208946895, 30.555967176], [114.209026771, 30.555843369], [114.209129748, 30.555686575], [114.209306385, 30.555625162], [114.20973645, 30.555780247]]]}, "properties": {"id": 9111, "land_type": "居住用地"}}, {"type": "Feature", "geometry": {"type": "Polygon", "coordinates": [[[114.208259395, 30.556669158], [114.208074246, 30.556909895], [114.208052323, 30.556421757], [114.208052286, 30.556421045], [114.208048511, 30.556357275], [114.208259395, 30.556669158]]]}, "properties": {"id": 9112, "land_type": "行政办公用地"}}, {"type": "Feature", "geometry": {"type": "Polygon", "coordinates": [[[114.220732567, 30.555781026], [114.220976087, 30.556535535], [114.220976318, 30.556536231], [114.221252263, 30.557351618], [114.220461624, 30.557573134], [114.219762066, 30.557247547], [114.219346937, 30.556264373], [114.220431114, 30.555841733], [114.220554255, 30.555795463], [114.220666384, 30.555762025], [114.220719747, 30.555748193], [114.220732567, 30.555781026]]]}, "properties": {"id": 9113, "land_type": "居住用地"}}, {"type": "Feature", "geometry": {"type": "Polygon", "coordinates": [[[114.212471124, 30.556136995], [114.212610727, 30.556140846], [114.212805692, 30.556172041], [114.212806746, 30.556172202], [114.213512277, 30.556275134], [114.21401547, 30.556354847], [114.214124369, 30.55637605], [114.214148076, 30.556382514], [114.214162536, 30.556389494], [114.214176605, 30.556401941], [114.214188807, 30.556418887], [114.214201147, 30.5564411], [114.214233532, 30.556512538], [114.214633104, 30.557570471], [114.214554211, 30.557589226], [114.214553199, 30.55758947], [114.213956187, 30.55773428], [114.213870402, 30.557748837], [114.213750938, 30.55776284], [114.213731439, 30.557765973], [114.213712391, 30.557770734], [114.213693976, 30.557777081], [114.213676372, 30.557784952], [114.213659748, 30.557794271], [114.213644267, 30.557804947], [114.213630074, 30.55781688], [114.213617308, 30.557829953], [114.213607219, 30.557842624], [114.212726325, 30.558047145], [114.212291317, 30.556966399], [114.212287195, 30.556957392], [114.211943048, 30.556288582], [114.212300985, 30.556156379], [114.212377588, 30.556141237], [114.212427237, 30.5561361], [114.212471124, 30.556136995]]]}, "properties": {"id": 9114, "land_type": "行政办公用地"}}, {"type": "Feature", "geometry": {"type": "Polygon", "coordinates": [[[114.21745631, 30.557327544], [114.217467026, 30.557350505], [114.217521519, 30.557522741], [114.217524566, 30.557534931], [114.217525561, 30.557541396], [114.217502888, 30.557548556], [114.21717507, 30.557621845], [114.21717456, 30.55762196], [114.216869061, 30.55769246], [114.216845519, 30.557693733], [114.2168367, 30.557676584], [114.216791161, 30.557531211], [114.216799427, 30.557527829], [114.216812778, 30.557523903], [114.216813373, 30.557523725], [114.217067373, 30.557446725], [114.217067637, 30.557446632], [114.217067909, 30.55744656], [114.217443143, 30.557329733], [114.21745457, 30.557327447], [114.21745631, 30.557327544]]]}, "properties": {"id": 9115, "land_type": "居住用地"}}, {"type": "Feature", "geometry": {"type": "Polygon", "coordinates": [[[114.22004532, 30.557583202], [114.220189609, 30.557649336], [114.219714687, 30.557782377], [114.219172958, 30.557521258], [114.219339685, 30.557444592], [114.219597006, 30.557377518], [114.22004532, 30.557583202]]]}, "properties": {"id": 9116, "land_type": "教育用地"}}, {"type": "Feature", "geometry": {"type": "Polygon", "coordinates": [[[114.208844777, 30.557534893], [114.208848021, 30.557539233], [114.209573037, 30.558420679], [114.209568092, 30.558416685], [114.209567515, 30.558416225], [114.20898479, 30.557956442], [114.208686394, 30.557715735], [114.208578689, 30.5576189], [114.208213462, 30.557289597], [114.208139248, 30.557218273], [114.208117981, 30.557193604], [114.208104919, 30.557175042], [114.208093914, 30.557144386], [114.208086419, 30.557118568], [114.208084769, 30.557106357], [114.208335009, 30.556780986], [114.208844777, 30.557534893]]]}, "properties": {"id": 9117, "land_type": "工业用地"}}, {"type": "Feature", "geometry": {"type": "Polygon", "coordinates": [[[114.207890325, 30.556133621], [114.207908817, 30.556276691], [114.207917693, 30.556426598], [114.207947677, 30.557094242], [114.207947864, 30.55709608], [114.207947978, 30.557097922], [114.207948048, 30.557098312], [114.207948078, 30.557098705], [114.207953077, 30.557135705], [114.207954638, 30.557143071], [114.207963638, 30.557174072], [114.207964632, 30.557177134], [114.207978632, 30.557216134], [114.207981545, 30.557222779], [114.20798538, 30.557229068], [114.20800438, 30.557256067], [114.208007903, 30.557260581], [114.208032903, 30.557289581], [114.208036823, 30.557293717], [114.208113823, 30.557367716], [114.208115277, 30.55736907], [114.208481277, 30.55769907], [114.208481344, 30.55769913], [114.208590344, 30.55779713], [114.208592941, 30.55779934], [114.20889294, 30.558041341], [114.208893484, 30.558041776], [114.209476194, 30.558501546], [114.2096171, 30.558615355], [114.209169425, 30.558726459], [114.209164835, 30.558727649], [114.208180935, 30.55899375], [114.208170518, 30.558996839], [114.207459782, 30.559226392], [114.206866402, 30.559319943], [114.206466429, 30.55935262], [114.206453262, 30.559320363], [114.206452937, 30.559319586], [114.205514223, 30.557120254], [114.207887855, 30.556122395], [114.207890325, 30.556133621]]]}, "properties": {"id": 9118, "land_type": "居住用地"}}, {"type": "Feature", "geometry": {"type": "Polygon", "coordinates": [[[114.218254858, 30.558876235], [114.21798483, 30.55894738], [114.217658507, 30.559028212], [114.217341874, 30.559105439], [114.21729461, 30.559029187], [114.217228314, 30.558874495], [114.217150131, 30.558620155], [114.217149866, 30.558619316], [114.217104865, 30.558481316], [114.217103207, 30.558476914], [114.217100207, 30.558469913], [114.21709745, 30.558464382], [114.21709345, 30.558457383], [114.21709049, 30.55845275], [114.217087052, 30.558448367], [114.217083165, 30.558444272], [114.217078862, 30.558440499], [114.217073862, 30.5584365], [114.217066518, 30.5584314], [114.217061516, 30.558428399], [114.217054646, 30.558424782], [114.217047322, 30.558421896], [114.217041321, 30.558419896], [114.217033592, 30.558417771], [114.217025623, 30.55841646], [114.217016623, 30.55841546], [114.217008429, 30.558414984], [114.217000229, 30.55841537], [114.216990228, 30.558416371], [114.216984676, 30.558417129], [114.216979216, 30.558418284], [114.216971215, 30.558420284], [114.216969444, 30.55842075], [114.216940444, 30.55842875], [114.216934448, 30.558430679], [114.216928691, 30.558433091], [114.216679537, 30.55855034], [114.21661236, 30.558568426], [114.216495319, 30.558585145], [114.216396724, 30.558588017], [114.21639642, 30.558588026], [114.216146469, 30.558596276], [114.215909531, 30.557871418], [114.216077768, 30.557834191], [114.216079785, 30.557833717], [114.216335248, 30.55776985], [114.216417814, 30.557759645], [114.216530247, 30.557750922], [114.21659, 30.557749054], [114.216651557, 30.557750978], [114.216652028, 30.557750992], [114.21672859, 30.557752922], [114.216729398, 30.557754492], [114.216731988, 30.557758992], [114.21673502, 30.557763282], [114.216742019, 30.557772282], [114.216746155, 30.557777051], [114.216750836, 30.55778143], [114.216756014, 30.557785373], [114.216761633, 30.557788839], [114.216767635, 30.55779179], [114.216790635, 30.557801789], [114.216796201, 30.557803943], [114.216801969, 30.557805653], [114.216807894, 30.557806908], [114.216813927, 30.557807696], [114.216835926, 30.557809696], [114.216841568, 30.557810003], [114.216847221, 30.557809903], [114.216884221, 30.557807902], [114.216890884, 30.557807254], [114.21689744, 30.557806038], [114.217209185, 30.557734098], [114.217539931, 30.557660156], [114.217543064, 30.557659311], [114.217546198, 30.557658469], [114.217584198, 30.557646469], [114.217590912, 30.557643984], [114.217597276, 30.557640889], [114.217603212, 30.557637217], [114.217616213, 30.557628218], [114.21762083, 30.557624711], [114.217625057, 30.557620855], [114.217632056, 30.557613854], [114.217635394, 30.557610235], [114.217638385, 30.557606398], [114.217643385, 30.557599398], [114.217646911, 30.557593796], [114.217649701, 30.557587894], [114.217653701, 30.557577894], [114.217654759, 30.557575008], [114.217657759, 30.557566008], [114.217659208, 30.55756075], [114.217660082, 30.557555399], [114.217660374, 30.55755], [114.217660374, 30.557538], [114.217659791, 30.55753038], [114.21765779, 30.55751738], [114.217656865, 30.557512789], [114.217652865, 30.557496789], [114.217652004, 30.55749375], [114.217596005, 30.557316749], [114.217593515, 30.557310367], [114.217579515, 30.557280366], [114.21757543, 30.557273115], [114.217565431, 30.557258115], [114.217561052, 30.557252365], [114.217555913, 30.557247102], [114.217544914, 30.557237102], [114.217540141, 30.557233169], [114.217534942, 30.557229656], [114.21752937, 30.557226599], [114.217523477, 30.557224027], [114.217510476, 30.557219026], [114.21750471, 30.557217078], [114.217498761, 30.557215593], [114.217492679, 30.557214585], [114.217476679, 30.557212585], [114.217471337, 30.557212103], [114.217453338, 30.557211103], [114.217446769, 30.557211015], [114.217440222, 30.557211478], [114.217433757, 30.557212487], [114.217408757, 30.557217487], [114.217401091, 30.55721944], [114.21702236, 30.557337357], [114.216768926, 30.557414186], [114.216752223, 30.557419098], [114.216745091, 30.557421596], [114.216723092, 30.557430596], [114.21671817, 30.557432828], [114.216708169, 30.557437828], [114.216701909, 30.557441373], [114.216696143, 30.557445495], [114.216690946, 30.557450142], [114.216681947, 30.557459142], [114.216678011, 30.557463477], [114.21667457, 30.557468114], [114.21667057, 30.557474115], [114.21666657, 30.557480116], [114.21666312, 30.557486054], [114.216660119, 30.557492053], [114.216657886, 30.557497171], [114.216654886, 30.557505172], [114.216653251, 30.557510335], [114.216652176, 30.557515605], [114.216651669, 30.557520938], [114.216651735, 30.557526289], [114.216652373, 30.557531611], [114.216653578, 30.55753686], [114.216655578, 30.557543862], [114.216655952, 30.557545111], [114.216684336, 30.557635723], [114.216656208, 30.557635014], [114.216592444, 30.557633021], [114.216587557, 30.557633021], [114.216523557, 30.557635021], [114.216519954, 30.557635217], [114.216403955, 30.557644218], [114.216400428, 30.557644572], [114.216311429, 30.557655571], [114.216302216, 30.557657284], [114.216043219, 30.557722033], [114.215871765, 30.557759971], [114.215839482, 30.557668183], [114.215839286, 30.557667712], [114.215839134, 30.557667229], [114.215830713, 30.557644691], [114.216294898, 30.557474455], [114.216299154, 30.557472819], [114.217165554, 30.557124119], [114.217166015, 30.557123933], [114.217614648, 30.556941591], [114.217751214, 30.557342928], [114.218029089, 30.558203541], [114.218029276, 30.558204108], [114.218254858, 30.558876235]]]}, "properties": {"id": 9119, "land_type": "居住用地"}}, {"type": "Feature", "geometry": {"type": "Polygon", "coordinates": [[[114.225584233, 30.558970268], [114.222647559, 30.559448282], [114.22263842, 30.559449958], [114.222183187, 30.559543008], [114.222170202, 30.559537327], [114.22212946, 30.559511976], [114.222121452, 30.559507694], [114.222087804, 30.5594924], [114.221848049, 30.55832212], [114.221845815, 30.558314376], [114.221507476, 30.557411888], [114.222236737, 30.557306382], [114.222239347, 30.557307324], [114.222244217, 30.557308716], [114.222252217, 30.557310717], [114.222258385, 30.55731199], [114.222264665, 30.55731276], [114.222271, 30.557313017], [114.222287, 30.557313017], [114.22229217, 30.557312846], [114.22229731, 30.557312334], [114.222310985, 30.55731051], [114.223342417, 30.55720896], [114.223609159, 30.557205008], [114.223616248, 30.557204581], [114.223889249, 30.55717558], [114.223892015, 30.557175237], [114.224770093, 30.557049932], [114.224826689, 30.557174885], [114.225077209, 30.557809668], [114.225078481, 30.557812625], [114.22520052, 30.558074251], [114.224219329, 30.55822286], [114.224212881, 30.55822412], [114.224206608, 30.558225919], [114.22420057, 30.558228238], [114.224194825, 30.558231056], [114.224189427, 30.558234345], [114.224184431, 30.558238073], [114.224179882, 30.558242206], [114.224175827, 30.558246702], [114.224172303, 30.558251519], [114.224169343, 30.558256611], [114.224166978, 30.558261928], [114.22416523, 30.558267418], [114.224164115, 30.55827303], [114.224163643, 30.558278709], [114.224163821, 30.558284401], [114.224164644, 30.55829005], [114.224166109, 30.558295602], [114.224168197, 30.558301003], [114.22417089, 30.558306203], [114.224174162, 30.558311151], [114.224177982, 30.558315798], [114.224182311, 30.558320101], [114.22418711, 30.558324017], [114.224192333, 30.558327509], [114.224197926, 30.558330544], [114.224203839, 30.558333093], [114.224210013, 30.558335129], [114.224216389, 30.558336636], [114.224222907, 30.558337596], [114.224229502, 30.558338002], [114.224236111, 30.558337849], [114.224242671, 30.558337139], [114.225252703, 30.558184161], [114.225368998, 30.558422651], [114.225444719, 30.558613079], [114.225330763, 30.558634294], [114.225324377, 30.558635769], [114.225318189, 30.558637775], [114.22531226, 30.558640294], [114.225306646, 30.558643303], [114.225301402, 30.558646769], [114.225296577, 30.558650662], [114.225292219, 30.558654943], [114.225288369, 30.558659571], [114.225285064, 30.558664503], [114.225282336, 30.55866969], [114.225280212, 30.558675081], [114.225278713, 30.558680626], [114.22527785, 30.55868627], [114.225277635, 30.558691961], [114.22527807, 30.558697642], [114.225279147, 30.558703259], [114.22528086, 30.558708759], [114.22528319, 30.558714086], [114.225286117, 30.558719193], [114.225289609, 30.558724027], [114.225293634, 30.558728543], [114.225298156, 30.558732697], [114.225303128, 30.558736451], [114.225308503, 30.558739766], [114.22531423, 30.558742612], [114.225320252, 30.55874496], [114.225326514, 30.558746788], [114.225332953, 30.558748081], [114.225339508, 30.558748823], [114.225346117, 30.558749008], [114.225352714, 30.558748635], [114.225359237, 30.558747706], [114.225488281, 30.558723681], [114.225584233, 30.558970268]]]}, "properties": {"id": 9120, "land_type": "居住用地"}}, {"type": "Feature", "geometry": {"type": "Polygon", "coordinates": [[[114.221530128, 30.558172676], [114.221754628, 30.558889076], [114.221918764, 30.559502428], [114.221825822, 30.559620832], [114.218895694, 30.560291215], [114.217781925, 30.55687431], [114.219173531, 30.556331959], [114.219313586, 30.556714012], [114.219461284, 30.557141137], [114.219495207, 30.557244944], [114.219458184, 30.557258776], [114.219453265, 30.557260822], [114.219287932, 30.557336848], [114.218937581, 30.557428171], [114.218931404, 30.557430069], [114.218925469, 30.557432474], [114.218919834, 30.557435366], [114.218914553, 30.557438715], [114.218909675, 30.557442491], [114.218905248, 30.557446657], [114.21890131, 30.557451175], [114.218897902, 30.557456], [114.218895054, 30.557461088], [114.218892795, 30.55746639], [114.218891146, 30.557471857], [114.21889012, 30.557477435], [114.218889731, 30.557483074], [114.218889979, 30.557488718], [114.218890863, 30.557494313], [114.218892377, 30.557499809], [114.218894502, 30.557505152], [114.218897222, 30.557510293], [114.218900508, 30.55751518], [114.218904331, 30.55751977], [114.218908654, 30.557524017], [114.218913435, 30.557527882], [114.218918633, 30.55753133], [114.218924193, 30.557534325], [114.219008921, 30.557575165], [114.219010202, 30.557579888], [114.219012263, 30.557585149], [114.219014898, 30.557590216], [114.219024896, 30.557607215], [114.219028339, 30.557612389], [114.21903238, 30.557617232], [114.219045379, 30.557631232], [114.219049629, 30.557635385], [114.219054318, 30.55763917], [114.219069318, 30.55765017], [114.219073559, 30.557653037], [114.219078052, 30.557655601], [114.219429694, 30.557839324], [114.219525783, 30.557908509], [114.219527884, 30.557909876], [114.219529952, 30.557911279], [114.21953052, 30.557911593], [114.219531057, 30.557911941], [114.219533304, 30.557913125], [114.219535522, 30.557914348], [114.219536121, 30.557914611], [114.219536698, 30.557914914], [114.219539068, 30.557915902], [114.219541414, 30.557916931], [114.219542042, 30.557917141], [114.219542648, 30.557917395], [114.219545119, 30.557918178], [114.219547571, 30.557919005], [114.21954822, 30.557919161], [114.219548852, 30.557919362], [114.2195514, 30.557919934], [114.219553935, 30.557920548], [114.219554599, 30.55792065], [114.219555251, 30.557920796], [114.219557852, 30.55792115], [114.219560445, 30.557921547], [114.219561116, 30.557921593], [114.219561782, 30.557921683], [114.219564411, 30.557921815], [114.219567036, 30.557921992], [114.21956771, 30.557921981], [114.219568383, 30.557922014], [114.219571013, 30.557921924], [114.219573647, 30.557921879], [114.219657647, 30.557916879], [114.219664377, 30.557916184], [114.219670994, 30.557914909], [114.220353994, 30.557751909], [114.220356988, 30.557751055], [114.220359988, 30.557750215], [114.220360126, 30.557750162], [114.220360271, 30.557750121], [114.220363154, 30.557749019], [114.220366043, 30.557747929], [114.220366176, 30.557747865], [114.220366315, 30.557747812], [114.220369058, 30.557746473], [114.220371809, 30.557745143], [114.220371934, 30.557745069], [114.220372067, 30.557745004], [114.220374644, 30.557743439], [114.22037723, 30.557741884], [114.220377346, 30.5577418], [114.220377471, 30.557741723], [114.220379858, 30.557739949], [114.220382255, 30.557738183], [114.22038236, 30.557738089], [114.220382476, 30.557738003], [114.22038465, 30.557736036], [114.220386833, 30.557734076], [114.220386928, 30.557733974], [114.220387033, 30.557733878], [114.220388973, 30.557731736], [114.220390923, 30.557729603], [114.220391005, 30.557729492], [114.220391099, 30.557729388], [114.220392785, 30.557727093], [114.220394484, 30.557724805], [114.220394552, 30.557724687], [114.220394633, 30.557724577], [114.220396051, 30.55772215], [114.22039748, 30.55771973], [114.220397536, 30.557719608], [114.220397605, 30.55771949], [114.220398738, 30.557716956], [114.220399885, 30.557714426], [114.220399927, 30.5577143], [114.220399981, 30.557714178], [114.2204006, 30.557712248], [114.220475843, 30.557691171], [114.22128998, 30.557463071], [114.221530128, 30.558172676]]]}, "properties": {"id": 9121, "land_type": "居住用地"}}, {"type": "Feature", "geometry": {"type": "Polygon", "coordinates": [[[114.217019999, 30.558650266], [114.217098871, 30.558906845], [114.217100793, 30.558912087], [114.217144364, 30.559013749], [114.216408552, 30.559187256], [114.216383973, 30.559190767], [114.216381322, 30.559191193], [114.216364319, 30.559194229], [114.216357292, 30.559191886], [114.216342482, 30.559183912], [114.216335419, 30.559178133], [114.216332024, 30.559171343], [114.216326345, 30.559151869], [114.216325902, 30.55915043], [114.216183785, 30.558711162], [114.216401429, 30.558703978], [114.216504278, 30.558700983], [114.216513026, 30.558700234], [114.216639027, 30.558682234], [114.216648105, 30.558680373], [114.216726105, 30.558659373], [114.216732335, 30.558657401], [114.216738309, 30.55865491], [114.216983837, 30.558539368], [114.217019999, 30.558650266]]]}, "properties": {"id": 9122, "land_type": "居住用地"}}, {"type": "Feature", "geometry": {"type": "Polygon", "coordinates": [[[114.218720981, 30.560333208], [114.216032244, 30.560997562], [114.215822627, 30.560408509], [114.215429731, 30.559259415], [114.215429648, 30.559259174], [114.214969188, 30.557933684], [114.215076286, 30.557906789], [114.215097839, 30.557900217], [114.215416211, 30.557785294], [114.215705716, 30.55768899], [114.215710688, 30.557702296], [114.215761326, 30.557846269], [114.216031122, 30.558671645], [114.216195867, 30.559180853], [114.216202655, 30.559204131], [114.216204182, 30.559208597], [114.216206119, 30.559212945], [114.216217119, 30.559234943], [114.216220124, 30.559240204], [114.21622373, 30.559245177], [114.216227901, 30.559249811], [114.216232593, 30.559254058], [114.216254593, 30.559272058], [114.216259727, 30.559275855], [114.216265277, 30.559279189], [114.216291277, 30.55929319], [114.216296844, 30.559295879], [114.21630268, 30.559298104], [114.21632368, 30.559305104], [114.216328944, 30.559306646], [114.216334337, 30.55930781], [114.216339825, 30.559308587], [114.216358825, 30.559310587], [114.216366128, 30.55931101], [114.216373441, 30.559310749], [114.216380679, 30.559309807], [114.216407358, 30.559305043], [114.216434027, 30.559301234], [114.216434183, 30.559301204], [114.21643434, 30.559301188], [114.216437413, 30.559300602], [114.21644049, 30.559300027], [114.216440641, 30.559299986], [114.216440795, 30.559299956], [114.217198899, 30.559121193], [114.217247817, 30.559200114], [114.217349049, 30.559383722], [114.217437962, 30.559547561], [114.217438132, 30.559547871], [114.217615811, 30.55987029], [114.217720505, 30.560071702], [114.217720937, 30.560072515], [114.217818937, 30.560253514], [114.217821933, 30.560258419], [114.217825457, 30.560263056], [114.217841457, 30.560282056], [114.217846631, 30.560287476], [114.217852525, 30.56029232], [114.217863525, 30.560300321], [114.217868412, 30.560303557], [114.217873621, 30.560306395], [114.217879111, 30.560308812], [114.217884834, 30.560310786], [114.217894834, 30.560313785], [114.217901423, 30.560315444], [114.217908173, 30.560316515], [114.217915015, 30.56031699], [114.217921878, 30.560316864], [114.217937878, 30.560315863], [114.217944563, 30.560315155], [114.217964563, 30.560312154], [114.217972415, 30.560310555], [114.218273416, 30.560232554], [114.218279645, 30.560230647], [114.218285629, 30.560228225], [114.218291308, 30.560225309], [114.218296627, 30.560221927], [114.218301536, 30.560218113], [114.218305987, 30.560213904], [114.218309936, 30.560209338], [114.218313348, 30.560204461], [114.218316189, 30.560199319], [114.21831843, 30.560193963], [114.218320051, 30.560188443], [114.218321036, 30.560182813], [114.218321374, 30.560177128], [114.218321065, 30.560171441], [114.218320109, 30.560165807], [114.218318517, 30.560160282], [114.218316302, 30.560154917], [114.218313489, 30.560149765], [114.218310102, 30.560144874], [114.218306175, 30.560140295], [114.218301746, 30.560136068], [114.218296857, 30.560132235], [114.218291554, 30.560128833], [114.218285891, 30.560125895], [114.218279921, 30.56012345], [114.218273701, 30.56012152], [114.218267291, 30.560120125], [114.218260752, 30.560119277], [114.21825415, 30.560118986], [114.218247545, 30.560119251], [114.218241002, 30.560120075], [114.218234585, 30.560121446], [114.21793775, 30.560198366], [114.217843283, 30.56002389], [114.217738495, 30.559822298], [114.217737868, 30.559821128], [114.217559953, 30.559498283], [114.217471038, 30.559334438], [114.217470863, 30.559334118], [114.217403046, 30.559211116], [114.21769536, 30.55913982], [114.217695626, 30.559139754], [114.218022625, 30.559058754], [114.218023162, 30.559058597], [114.218023712, 30.559058476], [114.218292117, 30.55898776], [114.218573952, 30.559835136], [114.218720981, 30.560333208]]]}, "properties": {"id": 9123, "land_type": "居住用地"}}, {"type": "Feature", "geometry": {"type": "Polygon", "coordinates": [[[114.221990112, 30.560049254], [114.222023055, 30.560075474], [114.222033578, 30.560095902], [114.222131861, 30.56032324], [114.222134509, 30.560328545], [114.222137759, 30.560333596], [114.222141574, 30.560338345], [114.22214592, 30.560342743], [114.222219823, 30.560410415], [114.22241877, 30.560858045], [114.222573828, 30.5612355], [114.223037385, 30.562433833], [114.223064476, 30.562530143], [114.222130923, 30.562692126], [114.222070963, 30.562516516], [114.222229312, 30.562481157], [114.222235712, 30.562479431], [114.22224188, 30.562477165], [114.222247757, 30.562474383], [114.222253283, 30.562471112], [114.222258404, 30.562467384], [114.22226307, 30.562463236], [114.222267233, 30.562458709], [114.222270853, 30.562453848], [114.222273894, 30.562448702], [114.222276326, 30.56244332], [114.222278124, 30.562437757], [114.222279271, 30.562432068], [114.222279756, 30.562426309], [114.222279574, 30.562420537], [114.222278726, 30.562414808], [114.22227722, 30.562409181], [114.222275073, 30.562403711], [114.221869016, 30.561517383], [114.221880122, 30.561514008], [114.221886174, 30.561511879], [114.221891959, 30.561509255], [114.22189742, 30.56150616], [114.221902508, 30.561502624], [114.221907173, 30.561498682], [114.221911373, 30.561494367], [114.221915068, 30.561489722], [114.221918221, 30.561484791], [114.221920806, 30.561479619], [114.221922796, 30.561474257], [114.221924173, 30.561468753], [114.221924924, 30.561463162], [114.221925042, 30.561457533], [114.221924527, 30.56145192], [114.221923381, 30.561446378], [114.221921617, 30.561440957], [114.221551717, 30.560485256], [114.221549402, 30.560480108], [114.22154653, 30.560475171], [114.221543126, 30.560470493], [114.22153922, 30.560466113], [114.221534849, 30.560462074], [114.221530052, 30.560458411], [114.221524872, 30.560455158], [114.221519357, 30.560452342], [114.221513555, 30.560449991], [114.221507521, 30.560448126], [114.221501307, 30.560446763], [114.221494971, 30.560445914], [114.22142464, 30.56043943], [114.221326061, 30.560175239], [114.221955393, 30.560032493], [114.221990112, 30.560049254]]]}, "properties": {"id": 9133, "land_type": "居住用地"}}, {"type": "Feature", "geometry": {"type": "Polygon", "coordinates": [[[114.215846379, 30.561044358], [114.213950277, 30.561526203], [114.213618814, 30.560599001], [114.213584404, 30.560382468], [114.213581076, 30.560368235], [114.213363177, 30.559666334], [114.213360852, 30.559659658], [114.212929852, 30.558544557], [114.212929203, 30.558542918], [114.212885578, 30.558435434], [114.213977871, 30.558182582], [114.213981986, 30.558181589], [114.214780769, 30.557981], [114.215206899, 30.559255005], [114.214611682, 30.559404092], [114.214605432, 30.559405949], [114.214599423, 30.559408324], [114.214593713, 30.559411195], [114.214588357, 30.559414534], [114.214583408, 30.55941831], [114.214578913, 30.559422483], [114.214574913, 30.559427017], [114.214571449, 30.559431867], [114.214568554, 30.559436985], [114.214566256, 30.559442324], [114.214564576, 30.55944783], [114.214563531, 30.559453452], [114.21456313, 30.559459134], [114.214563379, 30.559464824], [114.214564274, 30.559470466], [114.214565807, 30.559476003], [114.214567963, 30.559481385], [114.214570722, 30.55948656], [114.214574055, 30.559491477], [114.214577932, 30.559496088], [114.214582317, 30.55950035], [114.214587165, 30.559504222], [114.214592429, 30.559507665], [114.214598061, 30.559510647], [114.214604006, 30.559513141], [114.214610205, 30.559515121], [114.2146166, 30.559516567], [114.214623129, 30.559517467], [114.214629728, 30.559517811], [114.214636334, 30.559517597], [114.214642886, 30.559516826], [114.214649317, 30.559515506], [114.215246387, 30.559365955], [114.215617066, 30.560402885], [114.21556273, 30.56041774], [114.215498354, 30.560393755], [114.215492145, 30.560391747], [114.215485737, 30.560390276], [114.215479192, 30.560389354], [114.215472572, 30.560388991], [114.215465945, 30.56038919], [114.215459371, 30.560389949], [114.215452915, 30.560391261], [114.215190614, 30.560456461], [114.215184359, 30.560458306], [114.215178345, 30.560460671], [114.215172629, 30.560463531], [114.215167265, 30.560466861], [114.215162306, 30.560470627], [114.215157802, 30.560474793], [114.215153792, 30.56047932], [114.215150316, 30.560484164], [114.215147408, 30.560489277], [114.215145097, 30.560494611], [114.215143404, 30.560500115], [114.215142346, 30.560505735], [114.215141932, 30.560511417], [114.215142168, 30.560517107], [114.215143049, 30.560522749], [114.215144569, 30.560528291], [114.215146712, 30.560533676], [114.215149459, 30.560538855], [114.215152781, 30.560543777], [114.215156647, 30.560548396], [114.215161021, 30.560552665], [114.215165859, 30.560556545], [114.215171116, 30.560559998], [114.215176742, 30.560562991], [114.21518268, 30.560565494], [114.215188874, 30.560567484], [114.215195266, 30.560568943], [114.215201792, 30.560569854], [114.21520839, 30.56057021], [114.215214998, 30.560570007], [114.215221551, 30.560569247], [114.215227986, 30.560567939], [114.215467046, 30.560508515], [114.215532346, 30.560532845], [114.215538798, 30.560534919], [114.21554546, 30.560536414], [114.215552267, 30.560537316], [114.215559143, 30.560537615], [114.215566021, 30.560537309], [114.215572825, 30.560536398], [114.215579486, 30.560534895], [114.215656711, 30.560513785], [114.215846379, 30.561044358]]]}, "properties": {"id": 9124, "land_type": "居住用地"}}, {"type": "Feature", "geometry": {"type": "Polygon", "coordinates": [[[114.208947528, 30.559420841], [114.209088209, 30.559822664], [114.208909014, 30.559870597], [114.208902789, 30.559872555], [114.20889179, 30.559876555], [114.208885968, 30.559878961], [114.208880441, 30.559881836], [114.208875259, 30.559885153], [114.20887047, 30.559888882], [114.20886347, 30.559894882], [114.208859691, 30.559898401], [114.208856261, 30.559902176], [114.208851262, 30.559908177], [114.208847613, 30.559913052], [114.208844548, 30.559918216], [114.208842098, 30.559923618], [114.208840286, 30.559929203], [114.208839131, 30.559934917], [114.208838131, 30.559941916], [114.208837666, 30.559947024], [114.208837726, 30.559952146], [114.20883831, 30.559957244], [114.208839084, 30.559961888], [114.208839933, 30.559969526], [114.208841136, 30.55997621], [114.208844137, 30.55998821], [114.208844925, 30.559990751], [114.208845692, 30.559993299], [114.209018904, 30.560470755], [114.208719657, 30.560555553], [114.208344081, 30.559534518], [114.208729577, 30.559438239], [114.208935678, 30.559387409], [114.208947528, 30.559420841]]]}, "properties": {"id": 9125, "land_type": "居住用地"}}, {"type": "Feature", "geometry": {"type": "Polygon", "coordinates": [[[114.209292967, 30.560394358], [114.209147042, 30.560434833], [114.208979577, 30.559973221], [114.209127558, 30.559933637], [114.209292967, 30.560394358]]]}, "properties": {"id": 9126, "land_type": "交通枢纽用地"}}, {"type": "Feature", "geometry": {"type": "Polygon", "coordinates": [[[114.21229906, 30.55868761], [114.212442817, 30.558735933], [114.2125475, 30.558821978], [114.212658901, 30.558999805], [114.212677632, 30.559046863], [114.212691879, 30.559095292], [114.212694047, 30.559101847], [114.212934481, 30.55975528], [114.213148746, 30.560387494], [114.213177926, 30.560646224], [114.21318081, 30.560663122], [114.213185603, 30.560679696], [114.21319226, 30.560695785], [114.213200715, 30.560711235], [114.21321089, 30.560725897], [114.213222684, 30.560739629], [114.213235984, 30.5607523], [114.213250663, 30.560763788], [114.213266579, 30.560773981], [114.213283578, 30.560782782], [114.213293888, 30.560786996], [114.213587657, 30.561619368], [114.211851773, 30.562075877], [114.211753413, 30.561888143], [114.211751498, 30.561884781], [114.211424918, 30.561355462], [114.211299739, 30.561138867], [114.210216416, 30.559071541], [114.211407308, 30.558777832], [114.211811003, 30.558732913], [114.211817788, 30.558732057], [114.21215976, 30.558683799], [114.21229906, 30.55868761]]]}, "properties": {"id": 9127, "land_type": "居住用地"}}, {"type": "Feature", "geometry": {"type": "Polygon", "coordinates": [[[114.209497536, 30.560975755], [114.209362363, 30.561014451], [114.209187703, 30.560545457], [114.209332362, 30.560505332], [114.209497536, 30.560975755]]]}, "properties": {"id": 9128, "land_type": "居住用地"}}, {"type": "Feature", "geometry": {"type": "Polygon", "coordinates": [[[114.21000346, 30.559134897], [114.210014084, 30.559162345], [114.21001761, 30.559169722], [114.21106361, 30.560990721], [114.211063683, 30.560990848], [114.211177967, 30.561188593], [114.211668352, 30.562124389], [114.209915883, 30.562590657], [114.20978081, 30.562247383], [114.209780741, 30.56224721], [114.209747741, 30.56216421], [114.209745203, 30.562158745], [114.209714204, 30.562100745], [114.209714103, 30.562100559], [114.209673103, 30.562024559], [114.209606455, 30.561901063], [114.209529846, 30.56171433], [114.209551923, 30.561701574], [114.209788218, 30.561634063], [114.209794982, 30.561631775], [114.209801419, 30.561628873], [114.209807456, 30.561625391], [114.209813023, 30.561621369], [114.209818055, 30.561616855], [114.209819055, 30.561615854], [114.209819258, 30.56161563], [114.209819484, 30.561615422], [114.20982129, 30.561613385], [114.209823119, 30.561611364], [114.209823294, 30.561611123], [114.209823496, 30.561610896], [114.20982506, 30.561608716], [114.20982665, 30.561606551], [114.209826799, 30.561606296], [114.209826973, 30.561606054], [114.209828283, 30.561603753], [114.209829617, 30.561601463], [114.209829737, 30.561601197], [114.209829883, 30.561600942], [114.209830883, 30.561598942], [114.209833267, 30.561593416], [114.209833483, 30.561592697], [114.2098336, 30.561592497], [114.209836106, 30.56158685], [114.209837915, 30.561581009], [114.209839009, 30.561575038], [114.209839374, 30.561569], [114.209839374, 30.561559], [114.209839068, 30.561553475], [114.209838153, 30.561548], [114.209836636, 30.561542626], [114.20983453, 30.5615374], [114.209831857, 30.56153237], [114.209831744, 30.561532181], [114.209645546, 30.560996368], [114.209645513, 30.560996291], [114.20964549, 30.560996211], [114.209441491, 30.560415211], [114.20944142, 30.56041504], [114.209441368, 30.560414864], [114.209236438, 30.559844058], [114.209076507, 30.559387254], [114.209076468, 30.559387161], [114.20907644, 30.559387064], [114.209065237, 30.559355456], [114.209998112, 30.559125381], [114.21000346, 30.559134897]]]}, "properties": {"id": 9129, "land_type": "居住用地"}}, {"type": "Feature", "geometry": {"type": "Polygon", "coordinates": [[[114.209234615, 30.561051396], [114.208925424, 30.561141753], [114.208759428, 30.560666435], [114.209059575, 30.560581381], [114.209234615, 30.561051396]]]}, "properties": {"id": 9130, "land_type": "居住用地"}}, {"type": "Feature", "geometry": {"type": "Polygon", "coordinates": [[[114.209693427, 30.561538897], [114.20956591, 30.56157533], [114.209402991, 30.561125092], [114.20953636, 30.561086914], [114.209693427, 30.561538897]]]}, "properties": {"id": 9131, "land_type": "交通枢纽用地"}}, {"type": "Feature", "geometry": {"type": "Polygon", "coordinates": [[[114.20902174, 30.561789433], [114.209367911, 30.562742822], [114.208265077, 30.563109015], [114.208192994, 30.56313297], [114.208024088, 30.562978263], [114.208023359, 30.562977606], [114.208004652, 30.562961], [114.207710568, 30.562240311], [114.207718836, 30.562184317], [114.207719329, 30.562179108], [114.207719276, 30.562173882], [114.207718276, 30.562157882], [114.20771769, 30.562152758], [114.207714787, 30.562135338], [114.207711871, 30.562114919], [114.207710789, 30.562109489], [114.207709114, 30.562104173], [114.207700113, 30.562080172], [114.207698779, 30.562076942], [114.207679983, 30.562035394], [114.207486179, 30.561584849], [114.207483581, 30.561579614], [114.2074804, 30.561574624], [114.207476666, 30.561569925], [114.207472415, 30.561565565], [114.207467688, 30.561561584], [114.207462531, 30.561558021], [114.207456993, 30.561554911], [114.207451127, 30.561552283], [114.207444991, 30.561550163], [114.207438643, 30.561548571], [114.207432144, 30.561547523], [114.207427738, 30.561547191], [114.207352564, 30.561362968], [114.207351974, 30.561361579], [114.206900591, 30.560339492], [114.206926589, 30.560340792], [114.206983107, 30.560347278], [114.207172132, 30.560378946], [114.20717225, 30.560378966], [114.207407042, 30.560417932], [114.207645655, 30.560458866], [114.207679473, 30.560464833], [114.207686202, 30.560465719], [114.207693, 30.560466014], [114.207714, 30.560466014], [114.207722176, 30.560465586], [114.207738794, 30.560463837], [114.207759398, 30.56046294], [114.207764487, 30.560462552], [114.207769528, 30.560461833], [114.207786528, 30.560458833], [114.207791089, 30.560457884], [114.207941089, 30.560421885], [114.207947362, 30.56042009], [114.207953403, 30.560417772], [114.207959149, 30.560414957], [114.207964548, 30.56041167], [114.207969546, 30.560407943], [114.207974096, 30.560403814], [114.207978155, 30.560399318], [114.207981681, 30.560394502], [114.207984644, 30.560389413], [114.207987012, 30.560384097], [114.207988763, 30.560378606], [114.207989881, 30.560372996], [114.207990355, 30.560367317], [114.207990182, 30.560361625], [114.207989361, 30.560355976], [114.2079879, 30.560350424], [114.207985815, 30.56034502], [114.207983125, 30.560339821], [114.207979855, 30.560334872], [114.207976037, 30.560330223], [114.20797171, 30.560325919], [114.207966913, 30.560322], [114.207961693, 30.560318507], [114.2079561, 30.56031547], [114.20795019, 30.560312919], [114.207944016, 30.560310879], [114.207937641, 30.560309371], [114.207931124, 30.560308408], [114.20792453, 30.560308], [114.20791792, 30.560308149], [114.20791136, 30.560308857], [114.207904912, 30.560310115], [114.207757173, 30.560345572], [114.207747489, 30.560347281], [114.207729602, 30.560348058], [114.207724824, 30.560348414], [114.207709897, 30.560349985], [114.207699834, 30.560349985], [114.207672528, 30.560345166], [114.207672163, 30.560345103], [114.207433164, 30.560304102], [114.20743275, 30.560304033], [114.207197809, 30.560265043], [114.207006867, 30.560233052], [114.207002901, 30.560232493], [114.2069419, 30.560225492], [114.206936904, 30.560225082], [114.206896924, 30.560223084], [114.206848092, 30.560220617], [114.206676597, 30.559832291], [114.206975359, 30.559801189], [114.206982131, 30.559800383], [114.207465731, 30.559735683], [114.207482786, 30.559732749], [114.207913287, 30.559641949], [114.207921503, 30.559640058], [114.208214628, 30.559566849], [114.208611622, 30.560646113], [114.208797674, 30.561178857], [114.208100594, 30.561379992], [114.208094436, 30.561382063], [114.208088542, 30.561384644], [114.208082971, 30.561387711], [114.208077777, 30.561391232], [114.208073007, 30.561395176], [114.208068711, 30.561399502], [114.208064926, 30.561404171], [114.208061692, 30.561409136], [114.208059038, 30.561414351], [114.208056991, 30.561419764], [114.20805557, 30.561425325], [114.208054788, 30.561430979], [114.208054654, 30.56143667], [114.208055169, 30.561442346], [114.208056327, 30.561447952], [114.208058117, 30.561453432], [114.208060523, 30.561458735], [114.208063521, 30.561463809], [114.208067082, 30.561468606], [114.208071172, 30.56147308], [114.208075751, 30.561477187], [114.208080777, 30.561480886], [114.208086198, 30.561484145], [114.208091964, 30.56148693], [114.20809802, 30.561489214], [114.208104307, 30.561490978], [114.208110764, 30.561492201], [114.20811733, 30.561492875], [114.208123941, 30.56149299], [114.208130532, 30.561492547], [114.208137042, 30.56149155], [114.208143406, 30.561490008], [114.2088375, 30.561289737], [114.20902174, 30.561789433]]]}, "properties": {"id": 9132, "land_type": "居住用地"}}, {"type": "Feature", "geometry": {"type": "Polygon", "coordinates": [[[114.232987335, 30.55027671], [114.23303188, 30.550445348], [114.23303188, 30.550643715], [114.232951737, 30.550979869], [114.232760891, 30.551546079], [114.232760032, 30.551549192], [114.232758952, 30.551552254], [114.232757739, 30.551557496], [114.232756304, 30.551562697], [114.232755802, 30.551565868], [114.232755076, 30.551569007], [114.232696076, 30.551910807], [114.232694239, 30.551926029], [114.23269396, 30.551941331], [114.232695244, 30.551956595], [114.232732844, 30.552233794], [114.232736497, 30.552252146], [114.232742408, 30.552270058], [114.232750505, 30.552287323], [114.232805116, 30.552387908], [114.232748522, 30.552643716], [114.232700078, 30.552787783], [114.232601954, 30.552940335], [114.232513944, 30.553048504], [114.232349969, 30.553175307], [114.232066633, 30.553353413], [114.232047752, 30.553366866], [114.231732258, 30.553620918], [114.231490456, 30.553706513], [114.231488833, 30.553707095], [114.231358161, 30.553754499], [114.231358074, 30.552241597], [114.231357388, 30.552233338], [114.231295928, 30.551865437], [114.231292183, 30.551822641], [114.231292044, 30.551821262], [114.231286044, 30.551769263], [114.231285323, 30.551764791], [114.2312842, 30.551760382], [114.2312712, 30.551717381], [114.231271189, 30.551717347], [114.231263988, 30.551674238], [114.231262975, 30.551669554], [114.23126152, 30.551664956], [114.231259632, 30.551660478], [114.231211199, 30.551558818], [114.231316136, 30.551494328], [114.231320731, 30.551491238], [114.231324999, 30.551487816], [114.231328906, 30.551484089], [114.231332426, 30.551480087], [114.231568581, 30.551185813], [114.231840822, 30.550886496], [114.231865464, 30.550864236], [114.23200885, 30.55073472], [114.232388853, 30.550479349], [114.232789962, 30.550245524], [114.232929925, 30.550186511], [114.232940048, 30.550182242], [114.232987335, 30.55027671]]]}, "properties": {"id": 9193, "land_type": "行政办公用地"}}, {"type": "Feature", "geometry": {"type": "Polygon", "coordinates": [[[114.233998618, 30.551792808], [114.234096242, 30.551823197], [114.234135672, 30.551852837], [114.234145629, 30.551865524], [114.234242114, 30.552015858], [114.234336133, 30.552177139], [114.234411578, 30.552311933], [114.234402212, 30.55231523], [114.234095469, 30.552354549], [114.233934541, 30.552360035], [114.233814096, 30.552335484], [114.233726998, 30.552296084], [114.233682534, 30.552249486], [114.233643783, 30.552168583], [114.233634407, 30.552055653], [114.233642042, 30.55198656], [114.233685014, 30.5518888], [114.233725314, 30.551850635], [114.233808055, 30.551808714], [114.233908455, 30.551787802], [114.233998618, 30.551792808]]]}, "properties": {"id": 9194, "land_type": "公园与绿地用地"}}, {"type": "Feature", "geometry": {"type": "Polygon", "coordinates": [[[114.235952035, 30.552783235], [114.235948338, 30.552789071], [114.235944492, 30.552794837], [114.235943589, 30.552796565], [114.235942535, 30.552798229], [114.235939519, 30.55280435], [114.23593635, 30.552810412], [114.235841149, 30.553019312], [114.235836015, 30.553031998], [114.235832032, 30.553044988], [114.235817454, 30.553101241], [114.2356182, 30.55279313], [114.236010953, 30.552700213], [114.235952035, 30.552783235]]]}, "properties": {"id": 9195, "land_type": "公园与绿地用地"}}, {"type": "Feature", "geometry": {"type": "Polygon", "coordinates": [[[114.231377095, 30.559963082], [114.231357095, 30.559964082], [114.231349198, 30.559964882], [114.231341466, 30.559966477], [114.231318465, 30.559972477], [114.231316378, 30.559973054], [114.231005845, 30.560063666], [114.230994828, 30.560040452], [114.231341265, 30.559919782], [114.231346657, 30.559917662], [114.231371657, 30.559906661], [114.231376829, 30.559904131], [114.231381722, 30.559901219], [114.231386297, 30.559897947], [114.231390519, 30.55989434], [114.231405519, 30.55988034], [114.23140932, 30.559876465], [114.231412714, 30.559872319], [114.231415674, 30.559867933], [114.231443226, 30.559822668], [114.2314987, 30.559737544], [114.231502347, 30.55973329], [114.231727642, 30.559820336], [114.231728223, 30.559830972], [114.231725542, 30.559839913], [114.231716765, 30.559860976], [114.231711866, 30.559872171], [114.231704569, 30.559883118], [114.231692557, 30.559901136], [114.231678176, 30.559917788], [114.231670547, 30.559924831], [114.231656894, 30.559934691], [114.231624853, 30.559955746], [114.231567239, 30.559988778], [114.231536466, 30.559989985], [114.231523432, 30.559989985], [114.231506198, 30.55998667], [114.231446484, 30.559972676], [114.231430198, 30.559967533], [114.231424557, 30.559965989], [114.23141878, 30.559964878], [114.231412914, 30.559964209], [114.231407, 30.559963985], [114.231402865, 30.559963985], [114.231399678, 30.559963586], [114.23139, 30.559962985], [114.231381, 30.559962985], [114.231377095, 30.559963082]]]}, "properties": {"id": 9207, "land_type": "交通枢纽用地"}}, {"type": "Feature", "geometry": {"type": "Polygon", "coordinates": [[[114.233473471, 30.559709335], [114.233661173, 30.560187574], [114.233661217, 30.560187686], [114.233771451, 30.560466688], [114.233760041, 30.560472394], [114.233363559, 30.56060061], [114.233211524, 30.56064862], [114.232806353, 30.55964507], [114.232936491, 30.559603693], [114.233373506, 30.559476085], [114.233473471, 30.559709335]]]}, "properties": {"id": 9208, "land_type": "居住用地"}}, {"type": "Feature", "geometry": {"type": "Polygon", "coordinates": [[[114.23703378, 30.552911414], [114.237027264, 30.552912385], [114.237020892, 30.552913902], [114.237014722, 30.552915949], [114.237008815, 30.552918507], [114.237003228, 30.552921551], [114.236998014, 30.552925052], [114.236993224, 30.552928977], [114.236988903, 30.552933287], [114.236985094, 30.552937941], [114.236981832, 30.552942893], [114.236979151, 30.552948097], [114.236977074, 30.552953503], [114.236975623, 30.552959058], [114.236974811, 30.552964709], [114.236974646, 30.552970401], [114.23697513, 30.552976079], [114.236976258, 30.55298169], [114.236978018, 30.552987178], [114.236980396, 30.552992491], [114.237252173, 30.553521056], [114.237369678, 30.553760051], [114.237399482, 30.553824465], [114.237421156, 30.553883835], [114.237439522, 30.553946277], [114.237445865, 30.553997024], [114.237449575, 30.554045253], [114.237447644, 30.554117668], [114.237447633, 30.554118181], [114.237446634, 30.55417918], [114.237446638, 30.554181085], [114.237447638, 30.554227085], [114.237447718, 30.554229023], [114.237451718, 30.554295024], [114.237451799, 30.554296153], [114.237453793, 30.55432007], [114.237455562, 30.554342191], [114.237454656, 30.554370303], [114.237453765, 30.554395253], [114.237445245, 30.554450155], [114.237434271, 30.554517995], [114.237434131, 30.554518915], [114.237431131, 30.554539916], [114.237431047, 30.554540524], [114.237428048, 30.554563523], [114.237427675, 30.554567796], [114.23742767, 30.55457208], [114.23742867, 30.55459608], [114.237429013, 30.55460021], [114.237432014, 30.55462421], [114.237432438, 30.554626974], [114.237436438, 30.554648975], [114.237437264, 30.554652716], [114.237443265, 30.554675716], [114.2374445, 30.554679766], [114.237478502, 30.554776765], [114.237478887, 30.554777829], [114.237511787, 30.554865562], [114.237544689, 30.554956294], [114.237596236, 30.555098049], [114.237612809, 30.555152371], [114.2376161, 30.555172942], [114.237618695, 30.555194556], [114.23762064, 30.555280135], [114.237620666, 30.55528097], [114.237623666, 30.555356971], [114.23762431, 30.555363242], [114.23762731, 30.555381243], [114.237628336, 30.555385986], [114.237632336, 30.555400985], [114.237634186, 30.555406607], [114.237636683, 30.555412039], [114.237691817, 30.555516325], [114.237482508, 30.555592803], [114.237372849, 30.55559162], [114.237285951, 30.555579553], [114.237218664, 30.555562344], [114.236720757, 30.554710281], [114.236331374, 30.553976546], [114.236191345, 30.553615296], [114.236180386, 30.553299017], [114.236223163, 30.553133952], [114.236306189, 30.552951767], [114.236402065, 30.552816665], [114.236403431, 30.552814712], [114.23649844, 30.552676803], [114.236609344, 30.552570608], [114.236710817, 30.552548763], [114.236734489, 30.552542313], [114.237179789, 30.552394514], [114.23719661, 30.552388161], [114.237212693, 30.552380518], [114.237641792, 30.552154118], [114.237642446, 30.552153734], [114.237643138, 30.552153403], [114.237650637, 30.552148921], [114.237658177, 30.55214449], [114.237658784, 30.552144053], [114.237659434, 30.552143664], [114.237799087, 30.552051154], [114.237852949, 30.552150538], [114.237856036, 30.552155573], [114.237859681, 30.552160324], [114.23786385, 30.552164743], [114.237868501, 30.55216879], [114.237873589, 30.552172425], [114.237879069, 30.552175612], [114.237884883, 30.552178322], [114.237890979, 30.552180528], [114.237897296, 30.552182209], [114.237903774, 30.552183347], [114.237910351, 30.552183935], [114.237916962, 30.552183964], [114.237923545, 30.552183435], [114.237930036, 30.552182353], [114.237936373, 30.552180728], [114.237942495, 30.552178576], [114.237948341, 30.552175917], [114.237953857, 30.552172778], [114.23795899, 30.552169189], [114.237963689, 30.552165184], [114.237967909, 30.5521608], [114.237971611, 30.552156083], [114.237974757, 30.552151074], [114.237977319, 30.552145826], [114.237979271, 30.552140386], [114.237980593, 30.552134807], [114.237981275, 30.552129143], [114.237981309, 30.55212345], [114.237980695, 30.55211778], [114.237979439, 30.55211219], [114.237977551, 30.552106733], [114.237975053, 30.552101462], [114.237908505, 30.551978672], [114.238147635, 30.551820265], [114.238166121, 30.551806405], [114.238256967, 30.551729469], [114.238279853, 30.551774425], [114.238591442, 30.552445539], [114.238591782, 30.552446259], [114.238812652, 30.552904096], [114.238556252, 30.552993036], [114.23840068, 30.553044892], [114.238399015, 30.55304547], [114.238224666, 30.553108236], [114.238048322, 30.553168012], [114.238047534, 30.553168286], [114.237828534, 30.553245286], [114.237828375, 30.553245341], [114.237684374, 30.553296341], [114.237683178, 30.553296777], [114.237348527, 30.553421848], [114.237103604, 30.55294551], [114.237100635, 30.552940423], [114.237097099, 30.552935611], [114.237093034, 30.552931121], [114.237088477, 30.552926996], [114.237083472, 30.552923275], [114.237078068, 30.552919995], [114.237072316, 30.552917186], [114.237066273, 30.552914877], [114.237059995, 30.552913089], [114.237053544, 30.55291184], [114.237046984, 30.55291114], [114.237040374, 30.552910998], [114.23703378, 30.552911414]]]}, "properties": {"id": 9196, "land_type": "公园与绿地用地"}}, {"type": "Feature", "geometry": {"type": "Polygon", "coordinates": [[[114.239077454, 30.553471567], [114.239077774, 30.553472239], [114.239237772, 30.553804239], [114.239238664, 30.553806008], [114.239671159, 30.554625428], [114.239741151, 30.554767526], [114.237815901, 30.555470985], [114.23776214, 30.555369297], [114.237760293, 30.555362367], [114.23775821, 30.555349877], [114.237755352, 30.555277446], [114.237753361, 30.555189865], [114.237753017, 30.555185036], [114.237750016, 30.555160036], [114.237749744, 30.555158082], [114.237745744, 30.555133082], [114.237744163, 30.555126257], [114.237726162, 30.555067256], [114.237725295, 30.555064662], [114.237673303, 30.554921684], [114.237640311, 30.554830706], [114.237640114, 30.554830171], [114.237607313, 30.554742701], [114.237574202, 30.554648241], [114.237569221, 30.554629143], [114.237565814, 30.554610403], [114.237563244, 30.554589849], [114.237562509, 30.55457221], [114.237564913, 30.554553781], [114.237567805, 30.554533545], [114.23757873, 30.554466004], [114.23757878, 30.554465685], [114.237587781, 30.554407685], [114.237588342, 30.554401783], [114.237589342, 30.554373784], [114.237589349, 30.554373612], [114.237590348, 30.554342611], [114.237590216, 30.554337012], [114.237588215, 30.554312012], [114.237588201, 30.554311847], [114.237586249, 30.554288412], [114.23758234, 30.554223944], [114.237581383, 30.554179867], [114.237582363, 30.554120076], [114.237584357, 30.554045332], [114.237584226, 30.554040165], [114.237580226, 30.553988164], [114.237579987, 30.55398579], [114.237572987, 30.55392979], [114.237571311, 30.553921755], [114.237551311, 30.553853754], [114.237550271, 30.5538506], [114.237527273, 30.5537876], [114.237525589, 30.553783524], [114.237494588, 30.553716524], [114.237494041, 30.553715378], [114.237402076, 30.55352833], [114.237736227, 30.553403446], [114.237879547, 30.553352687], [114.238098074, 30.553275854], [114.238274678, 30.553215988], [114.238275986, 30.553215531], [114.238450157, 30.553152829], [114.23860532, 30.553101108], [114.238606174, 30.553100818], [114.238863551, 30.55301154], [114.239077454, 30.553471567]]]}, "properties": {"id": 9197, "land_type": "商业服务用地"}}, {"type": "Feature", "geometry": {"type": "Polygon", "coordinates": [[[114.234469053, 30.553199663], [114.234703916, 30.553241835], [114.234907819, 30.553354547], [114.235158718, 30.553544825], [114.235168949, 30.553552085], [114.235320178, 30.553652414], [114.236149773, 30.555048793], [114.236526333, 30.555851023], [114.23651964, 30.555898154], [114.236496845, 30.555942303], [114.236477725, 30.555964311], [114.23565915, 30.556269999], [114.23556918, 30.556009369], [114.235565907, 30.556001841], [114.235407407, 30.55570234], [114.235403364, 30.555695832], [114.2351036, 30.555279406], [114.235046366, 30.555187565], [114.23504616, 30.555187238], [114.234966133, 30.555060776], [114.234901011, 30.554941223], [114.23486787, 30.554867143], [114.234867739, 30.554866852], [114.234822738, 30.554767852], [114.234822701, 30.554767772], [114.234819625, 30.554761033], [114.234733315, 30.554525885], [114.234710683, 30.554439882], [114.234680151, 30.554155246], [114.2346412, 30.553689829], [114.234640897, 30.553687109], [114.234635897, 30.553651109], [114.234635563, 30.553649025], [114.234629562, 30.553616025], [114.234628356, 30.553610908], [114.23462662, 30.553605904], [114.23460962, 30.553563904], [114.234608441, 30.553561209], [114.2345925, 30.553527336], [114.234540559, 30.553415461], [114.234539463, 30.553413236], [114.234479272, 30.553297789], [114.234446562, 30.553223707], [114.234436842, 30.553197964], [114.234469053, 30.553199663]]]}, "properties": {"id": 9198, "land_type": "公园与绿地用地"}}, {"type": "Feature", "geometry": {"type": "Polygon", "coordinates": [[[114.231591557, 30.560224527], [114.231594374, 30.560230307], [114.2315979, 30.560235792], [114.231613901, 30.560257792], [114.231617594, 30.560262367], [114.23162178, 30.560266615], [114.23162642, 30.560270498], [114.23163147, 30.560273978], [114.231636885, 30.560277027], [114.231642615, 30.560279615], [114.231667614, 30.560289615], [114.231672847, 30.560291482], [114.231678243, 30.560292963], [114.231712243, 30.560300964], [114.231717959, 30.56030208], [114.231723767, 30.560302766], [114.231760732, 30.560305723], [114.231771679, 30.560310588], [114.231780724, 30.560320764], [114.231806269, 30.560376965], [114.231848486, 30.560497723], [114.231848696, 30.560498309], [114.231901696, 30.560644309], [114.231901781, 30.560644543], [114.231935388, 30.560735759], [114.231936013, 30.56073889], [114.231932234, 30.560741798], [114.231925041, 30.560745393], [114.231562832, 30.560862522], [114.231127353, 30.560996362], [114.231127238, 30.560996402], [114.231127118, 30.560996434], [114.230974251, 30.561043964], [114.230787506, 30.560583344], [114.230717995, 30.560361987], [114.230711574, 30.560339949], [114.230332034, 30.558665104], [114.231129858, 30.558449354], [114.231151082, 30.558442466], [114.231461567, 30.558324171], [114.232041272, 30.558103395], [114.232147115, 30.558365558], [114.232019449, 30.558428689], [114.232018384, 30.558429277], [114.232017279, 30.558429809], [114.231887682, 30.558499593], [114.231773894, 30.558558961], [114.231633712, 30.558627561], [114.231631902, 30.558628479], [114.231494901, 30.558700478], [114.23149423, 30.558700836], [114.231419632, 30.55874108], [114.231336074, 30.558781384], [114.231330297, 30.558784512], [114.231324915, 30.558788128], [114.231222915, 30.558864128], [114.231218761, 30.558867499], [114.231214951, 30.558871161], [114.231211517, 30.558875088], [114.231199517, 30.558890087], [114.231196773, 30.558893813], [114.231194366, 30.558897707], [114.231185366, 30.558913708], [114.231184117, 30.55891606], [114.231178117, 30.55892806], [114.23117594, 30.558933031], [114.231174299, 30.558938152], [114.23117321, 30.55894338], [114.23117121, 30.55895638], [114.231170875, 30.558959023], [114.231169876, 30.558969024], [114.231169631, 30.558974619], [114.231170013, 30.55898021], [114.231171013, 30.55898821], [114.231171131, 30.558989084], [114.23117313, 30.559003084], [114.231174454, 30.559009419], [114.231176584, 30.559015589], [114.231181583, 30.55902759], [114.231185143, 30.559034632], [114.231194144, 30.559049632], [114.231198839, 30.559056312], [114.231352859, 30.559245425], [114.231363907, 30.559267519], [114.23137463, 30.559289941], [114.231381069, 30.559303624], [114.231386529, 30.559320782], [114.231390944, 30.559338444], [114.231394863, 30.559356472], [114.231400651, 30.55948764], [114.231403638, 30.559626078], [114.231404039, 30.559631411], [114.231405009, 30.559636691], [114.231406538, 30.55964187], [114.231408599, 30.559647709], [114.231405793, 30.559650548], [114.231387792, 30.559671548], [114.231383245, 30.559677608], [114.231325245, 30.559766609], [114.231324326, 30.559768067], [114.231300454, 30.559807286], [114.231299636, 30.55980805], [114.231287985, 30.559813176], [114.230934736, 30.559936219], [114.230929103, 30.559938446], [114.230920103, 30.559942445], [114.230917169, 30.559943829], [114.230911169, 30.559946829], [114.230904908, 30.559950375], [114.230899144, 30.559954497], [114.230894143, 30.559958496], [114.230888946, 30.559963144], [114.230882946, 30.559969144], [114.230878755, 30.559973793], [114.230875133, 30.559978782], [114.230872116, 30.559984062], [114.230870116, 30.559988061], [114.230868794, 30.559990913], [114.230865793, 30.559997914], [114.230863136, 30.560005791], [114.230862136, 30.560009791], [114.23086113, 30.560014917], [114.230860131, 30.560021917], [114.230859627, 30.560029], [114.230859627, 30.560041], [114.230859799, 30.560045153], [114.2308608, 30.560057153], [114.230861681, 30.560063219], [114.230863298, 30.560069172], [114.230865634, 30.560074946], [114.230893633, 30.560133946], [114.230896585, 30.560139354], [114.230900167, 30.560144471], [114.230904341, 30.560149243], [114.230909064, 30.56015362], [114.230914285, 30.560157557], [114.230919947, 30.56016101], [114.230930947, 30.560167009], [114.230936668, 30.560169803], [114.230942677, 30.560172102], [114.230954677, 30.560176103], [114.230962163, 30.560178175], [114.23096988, 30.560179481], [114.23098688, 30.560181481], [114.230996, 30.560182016], [114.231009, 30.560182016], [114.231016324, 30.560181672], [114.231023559, 30.560180645], [114.231030623, 30.560178947], [114.231358584, 30.560083249], [114.231372886, 30.560079519], [114.231382956, 30.560079015], [114.231385136, 30.560079015], [114.231388322, 30.560079414], [114.231394309, 30.560079786], [114.231402802, 30.560082468], [114.231408306, 30.560083979], [114.231472307, 30.560098978], [114.231475315, 30.560099621], [114.231501315, 30.560104621], [114.231508613, 30.560105666], [114.231516, 30.560106016], [114.231538, 30.560106016], [114.231541065, 30.560105955], [114.231542318, 30.560105906], [114.231591557, 30.560224527]]]}, "properties": {"id": 9206, "land_type": "居住用地"}}, {"type": "Feature", "geometry": {"type": "Polygon", "coordinates": [[[114.232644759, 30.556073097], [114.232638189, 30.556073734], [114.232631723, 30.556074922], [114.232625423, 30.556076651], [114.23261935, 30.556078902], [114.232613563, 30.556081656], [114.232608116, 30.556084884], [114.232603064, 30.556088557], [114.232598455, 30.556092638], [114.232594332, 30.55609709], [114.232590735, 30.556101867], [114.2325877, 30.556106926], [114.232585256, 30.556112216], [114.232583424, 30.556117687], [114.232582224, 30.556123286], [114.232581667, 30.556128959], [114.23258176, 30.556134652], [114.232582499, 30.556140309], [114.232583879, 30.556145878], [114.232585886, 30.556151303], [114.232588501, 30.556156532], [114.232591699, 30.556161515], [114.232595448, 30.556166205], [114.232599713, 30.556170555], [114.232604453, 30.556174525], [114.232609621, 30.556178076], [114.232615169, 30.556181173], [114.232703504, 30.55622534], [114.232744501, 30.556248634], [114.232779247, 30.556270579], [114.232849872, 30.556322115], [114.232949054, 30.556403965], [114.233008213, 30.556463125], [114.233047467, 30.556519328], [114.233107987, 30.556630606], [114.233108378, 30.556631313], [114.233224261, 30.556837105], [114.233352047, 30.557068719], [114.233380401, 30.557121023], [114.231921079, 30.55766602], [114.231918216, 30.557667113], [114.231413319, 30.55786373], [114.231412664, 30.557825259], [114.231668648, 30.556237294], [114.23171111, 30.556051185], [114.231711934, 30.556046618], [114.231719934, 30.555986618], [114.231720352, 30.555981502], [114.231720243, 30.555976374], [114.231717278, 30.555935618], [114.231727633, 30.555871377], [114.231727755, 30.555870106], [114.231728016, 30.55586848], [114.231728108, 30.555866412], [114.231728251, 30.555864911], [114.231728218, 30.555863957], [114.23172827, 30.555862791], [114.231728084, 30.555860105], [114.231728025, 30.555858426], [114.231727926, 30.555857824], [114.231727876, 30.555857108], [114.231727203, 30.555853462], [114.231726961, 30.555852003], [114.23135982, 30.554273945], [114.231727237, 30.554173052], [114.231734337, 30.554170913], [114.231994539, 30.554085413], [114.23200586, 30.554081171], [114.232016684, 30.554076055], [114.232223183, 30.553967555], [114.232224417, 30.553966899], [114.232533573, 30.553800502], [114.23254931, 30.553822968], [114.232553, 30.553827694], [114.232557208, 30.553832084], [114.232561897, 30.553836099], [114.232567019, 30.553839699], [114.232572528, 30.553842848], [114.232578367, 30.553845518], [114.232584483, 30.553847682], [114.232590815, 30.55384932], [114.232597304, 30.553850414], [114.232603884, 30.553850957], [114.232610496, 30.55385094], [114.232617075, 30.553850367], [114.232623556, 30.55384924], [114.232629877, 30.553847572], [114.232635978, 30.553845378], [114.2326418, 30.553842679], [114.232647287, 30.553839503], [114.232652386, 30.553835879], [114.232657048, 30.553831841], [114.232661229, 30.553827429], [114.232664886, 30.553822687], [114.232667987, 30.553817657], [114.2326705, 30.553812391], [114.232672401, 30.553806938], [114.232673672, 30.553801351], [114.232674302, 30.553795682], [114.232674284, 30.553789989], [114.232673617, 30.553784325], [114.232672308, 30.553778744], [114.232670372, 30.553773299], [114.232667824, 30.553768045], [114.232664691, 30.553763032], [114.232647853, 30.553738994], [114.233246341, 30.553416869], [114.233831776, 30.553196631], [114.234108012, 30.553180617], [114.234292271, 30.553190337], [114.234318928, 30.553260939], [114.234320026, 30.553263621], [114.234354025, 30.553340622], [114.234355538, 30.553343765], [114.234415962, 30.553459662], [114.234467441, 30.553570539], [114.234467559, 30.553570791], [114.234482931, 30.553603456], [114.234497378, 30.55363915], [114.234502249, 30.553665935], [114.234506915, 30.553699533], [114.234541485, 30.554112604], [114.234406008, 30.553542174], [114.234404366, 30.553536659], [114.234402106, 30.553531308], [114.234399247, 30.553526174], [114.234395817, 30.553521306], [114.23439185, 30.553516751], [114.234387384, 30.553512553], [114.23438246, 30.553508753], [114.234377129, 30.553505385], [114.23437144, 30.553502485], [114.234365447, 30.553500079], [114.23435921, 30.553498188], [114.234352788, 30.553496836], [114.234346242, 30.55349603], [114.234339637, 30.553495781], [114.234333036, 30.553496091], [114.2343265, 30.553496957], [114.234320095, 30.55349837], [114.234313882, 30.553500317], [114.23430792, 30.55350278], [114.234302268, 30.553505734], [114.234296979, 30.553509149], [114.234292104, 30.553512996], [114.23428769, 30.553517235], [114.23428378, 30.553521826], [114.234280411, 30.553526727], [114.234277618, 30.553531886], [114.234275423, 30.553537257], [114.234273851, 30.553542788], [114.234272917, 30.553548425], [114.234272627, 30.553554113], [114.234272987, 30.553559798], [114.234273993, 30.553565425], [114.234472093, 30.554399526], [114.234473651, 30.554404811], [114.23447578, 30.554409945], [114.234478458, 30.554414886], [114.234481663, 30.554419589], [114.234485368, 30.554424011], [114.234489537, 30.554428114], [114.23458871, 30.55451693], [114.234603141, 30.554556247], [114.234603284, 30.554556789], [114.234631274, 30.554663754], [114.234632597, 30.55466804], [114.234634297, 30.554672226], [114.234692534, 30.554799792], [114.23478646, 30.555055687], [114.234788362, 30.555060207], [114.234790693, 30.555064578], [114.234793437, 30.555068768], [114.234986857, 30.555337466], [114.235024156, 30.555397317], [114.234196293, 30.555762359], [114.234190563, 30.5557652], [114.234185185, 30.55576851], [114.234180208, 30.555772258], [114.234175682, 30.555776409], [114.234171651, 30.555780922], [114.234168151, 30.555785753], [114.23416522, 30.555790856], [114.234162883, 30.555796182], [114.234161164, 30.55580168], [114.234160078, 30.555807296], [114.234159638, 30.555812977], [114.234159845, 30.555818669], [114.2341607, 30.555824314], [114.234162193, 30.55582986], [114.23416431, 30.555835254], [114.234167031, 30.555840443], [114.23417033, 30.555845378], [114.234174175, 30.555850009], [114.234178528, 30.555854295], [114.234183347, 30.555858192], [114.234188589, 30.555861664], [114.234194199, 30.555864677], [114.234200124, 30.555867202], [114.23420631, 30.555869214], [114.234212694, 30.555870694], [114.234219215, 30.555871629], [114.234225812, 30.555872009], [114.234232421, 30.555871829], [114.234238978, 30.555871094], [114.234245418, 30.555869809], [114.234251682, 30.555867985], [114.234257707, 30.555865642], [114.235086718, 30.555500093], [114.235197862, 30.555687156], [114.235328763, 30.555913258], [114.235527886, 30.556319019], [114.23350407, 30.557074837], [114.233474049, 30.557019459], [114.233473942, 30.557019285], [114.233473854, 30.557019104], [114.233345855, 30.556787103], [114.233345623, 30.556786685], [114.23322982, 30.556581038], [114.233168014, 30.556467394], [114.233164736, 30.556462099], [114.233120735, 30.556399097], [114.23311759, 30.556394998], [114.233114053, 30.556391142], [114.233049054, 30.556326142], [114.233044616, 30.556322111], [114.232941616, 30.556237112], [114.232938557, 30.556234737], [114.232864558, 30.556180738], [114.232860847, 30.556178217], [114.232822847, 30.556154217], [114.232820105, 30.556152573], [114.232776105, 30.556127573], [114.232772831, 30.556125827], [114.232682829, 30.556080826], [114.232676956, 30.556078212], [114.232670813, 30.556076107], [114.23266446, 30.55607453], [114.232657958, 30.556073497], [114.232651369, 30.556073018], [114.232644759, 30.556073097]]]}, "properties": {"id": 9199, "land_type": "居住用地"}}, {"type": "Feature", "geometry": {"type": "Polygon", "coordinates": [[[114.229458669, 30.55562962], [114.229459141, 30.555666971], [114.228759289, 30.555767824], [114.228734806, 30.555650997], [114.229446391, 30.555537148], [114.229458669, 30.55562962]]]}, "properties": {"id": 9200, "land_type": "居住用地"}}, {"type": "Feature", "geometry": {"type": "Polygon", "coordinates": [[[114.2315357, 30.556218117], [114.231531906, 30.556234743], [114.231445923, 30.556606672], [114.231445624, 30.556608057], [114.231364624, 30.557009058], [114.231364434, 30.557010045], [114.231323434, 30.557236045], [114.231322978, 30.557239083], [114.231302978, 30.557407084], [114.23130282, 30.557408613], [114.23128582, 30.557601612], [114.231285724, 30.557602882], [114.231276723, 30.557746882], [114.231276633, 30.55775085], [114.23127778, 30.557818091], [114.231260851, 30.557923105], [114.231250816, 30.557927013], [114.230962248, 30.5580394], [114.230158249, 30.558254889], [114.228424235, 30.558540086], [114.227999034, 30.556423119], [114.228739522, 30.556295011], [114.229098769, 30.556240125], [114.229100259, 30.556239883], [114.229262259, 30.556211883], [114.229264029, 30.556211556], [114.229467028, 30.556171555], [114.229467803, 30.556171399], [114.229697054, 30.556123763], [114.229812358, 30.556105353], [114.229892983, 30.55609661], [114.229993581, 30.556086844], [114.230119804, 30.556081017], [114.230449, 30.556081017], [114.230455604, 30.556080738], [114.230462143, 30.556079903], [114.230468557, 30.55607852], [114.230474783, 30.556076601], [114.230480759, 30.556074167], [114.23048643, 30.55607124], [114.230491742, 30.556067848], [114.23049664, 30.556064024], [114.23050108, 30.556059806], [114.230505019, 30.556055233], [114.230508418, 30.556050349], [114.230511244, 30.556045203], [114.230513473, 30.556039842], [114.230515079, 30.556034319], [114.230515937, 30.556029333], [114.231581601, 30.555929212], [114.231581942, 30.555931159], [114.231581948, 30.555931223], [114.2315357, 30.556218117]]]}, "properties": {"id": 9201, "land_type": "居住用地"}}, {"type": "Feature", "geometry": {"type": "Polygon", "coordinates": [[[114.22784551, 30.556388371], [114.227845585, 30.55638867], [114.227845629, 30.556388973], [114.227969629, 30.557000971], [114.227969655, 30.557001098], [114.22814059, 30.557833783], [114.228280571, 30.558562677], [114.225720603, 30.558948558], [114.224955796, 30.556908832], [114.226765537, 30.556544096], [114.227839672, 30.556357647], [114.22784551, 30.556388371]]]}, "properties": {"id": 9202, "land_type": "居住用地"}}, {"type": "Feature", "geometry": {"type": "Polygon", "coordinates": [[[114.234925591, 30.558822392], [114.234947301, 30.558851338], [114.234964185, 30.558874132], [114.23499718, 30.558940989], [114.23499971, 30.558952375], [114.235001244, 30.558960047], [114.23500114, 30.558961395], [114.23500077, 30.558962757], [114.234998005, 30.558968283], [114.234996834, 30.558969687], [114.234987509, 30.558976681], [114.234978915, 30.55898275], [114.234964902, 30.558987793], [114.234938864, 30.558995606], [114.234456935, 30.559111108], [114.234452046, 30.559112455], [114.234374129, 30.55913677], [114.234346689, 30.559072391], [114.234341746, 30.559054029], [114.234340487, 30.559040813], [114.234341095, 30.55902806], [114.2343443, 30.559014598], [114.234353224, 30.558990257], [114.234357815, 30.558981078], [114.234363705, 30.558974205], [114.234373605, 30.558964306], [114.234382165, 30.558957457], [114.234391724, 30.558951834], [114.234404524, 30.558946076], [114.23452351, 30.558907692], [114.23464737, 30.558872021], [114.234648074, 30.558871814], [114.234786325, 30.558830531], [114.234851623, 30.558821823], [114.234922513, 30.558819199], [114.234925591, 30.558822392]]]}, "properties": {"id": 9203, "land_type": "工业用地"}}, {"type": "Feature", "geometry": {"type": "Polygon", "coordinates": [[[114.232555309, 30.559376611], [114.232579647, 30.559438975], [114.232343607, 30.55951792], [114.23234311, 30.559518112], [114.232342595, 30.559518267], [114.231820596, 30.559701268], [114.231816065, 30.559703027], [114.231811697, 30.559705068], [114.231788736, 30.559716765], [114.231539867, 30.559620611], [114.231538188, 30.559615852], [114.231535362, 30.559484921], [114.231535325, 30.559483797], [114.231529326, 30.559347797], [114.231528223, 30.559339326], [114.231523224, 30.559316326], [114.231522866, 30.55931479], [114.231517865, 30.55929479], [114.231516979, 30.559291669], [114.231509979, 30.55926967], [114.231507442, 30.559263212], [114.231499443, 30.559246213], [114.231499297, 30.559245907], [114.231488298, 30.559222908], [114.231487882, 30.559222058], [114.231473882, 30.559194058], [114.23147083, 30.559188724], [114.231467161, 30.559183688], [114.231311771, 30.558992892], [114.231306907, 30.558984788], [114.231305953, 30.558982497], [114.231304932, 30.558975352], [114.231304686, 30.558973378], [114.231304993, 30.558970301], [114.231305566, 30.558966572], [114.231307288, 30.558963128], [114.231313397, 30.558952271], [114.231317596, 30.55894702], [114.231407904, 30.558879733], [114.231486926, 30.558841616], [114.23148977, 30.558840164], [114.231565436, 30.558799345], [114.231701201, 30.558727994], [114.231841289, 30.55865944], [114.231842914, 30.558658618], [114.231957913, 30.558598618], [114.23195872, 30.558598191], [114.232087648, 30.558528768], [114.232192146, 30.558477094], [114.232555309, 30.559376611]]]}, "properties": {"id": 9204, "land_type": "居住用地"}}, {"type": "Feature", "geometry": {"type": "Polygon", "coordinates": [[[114.234247593, 30.559213502], [114.234274884, 30.559240794], [114.234320643, 30.559349359], [114.234321314, 30.559351541], [114.234293136, 30.559364503], [114.233586152, 30.559617424], [114.233580453, 30.559619738], [114.233579016, 30.559620469], [114.233500762, 30.559437874], [114.233955408, 30.559297714], [114.234168514, 30.559233981], [114.234245941, 30.559212205], [114.234247593, 30.559213502]]]}, "properties": {"id": 9205, "land_type": "居住用地"}}, {"type": "Feature", "geometry": {"type": "Polygon", "coordinates": [[[114.239897721, 30.549122551], [114.239214294, 30.549961011], [114.239039758, 30.550145079], [114.239024722, 30.550142375], [114.238975396, 30.55013222], [114.239073703, 30.549972815], [114.239075428, 30.549969812], [114.239130031, 30.549867405], [114.239391595, 30.549442131], [114.239533283, 30.549278845], [114.239816494, 30.548998184], [114.240144583, 30.54876918], [114.240227045, 30.548717821], [114.239897721, 30.549122551]]]}, "properties": {"id": 9301, "land_type": "交通枢纽用地"}}, {"type": "Feature", "geometry": {"type": "Polygon", "coordinates": [[[114.24026729, 30.551226228], [114.240301683, 30.551339233], [114.240352546, 30.551518754], [114.240352683, 30.551519151], [114.240352781, 30.551519556], [114.240479782, 30.551941556], [114.24047988, 30.551941824], [114.240479948, 30.551942098], [114.240566901, 30.552219948], [114.240600855, 30.552330798], [114.240601766, 30.552333507], [114.240644767, 30.552450507], [114.240647775, 30.552457216], [114.240695775, 30.552547216], [114.240699824, 30.552553691], [114.240775825, 30.55265869], [114.240780191, 30.55266403], [114.240872192, 30.55276403], [114.240873524, 30.552765433], [114.240974525, 30.552868433], [114.240978518, 30.552872161], [114.240982874, 30.552875575], [114.240987559, 30.552878649], [114.241104559, 30.552948648], [114.241108748, 30.552950961], [114.241113122, 30.552953002], [114.241226934, 30.553001497], [114.241381782, 30.55307414], [114.241458873, 30.553130124], [114.241530213, 30.553189261], [114.241598146, 30.553261846], [114.241661372, 30.553347722], [114.241755912, 30.553508244], [114.241756885, 30.553509834], [114.241916886, 30.553761834], [114.241920022, 30.553766287], [114.241924971, 30.55377265], [114.24207958, 30.554088962], [114.239871527, 30.55472462], [114.239794539, 30.554578757], [114.238626723, 30.552207851], [114.238368145, 30.551635314], [114.23849332, 30.551529305], [114.238505496, 30.55151804], [114.238516468, 30.551505892], [114.238970259, 30.550954855], [114.239477365, 30.550437233], [114.239598463, 30.550470259], [114.239817266, 30.550531205], [114.239817925, 30.550531384], [114.239908206, 30.550555654], [114.23999104, 30.550584734], [114.240009525, 30.550597057], [114.24003117, 30.550621981], [114.24009538, 30.550772121], [114.240174019, 30.55097737], [114.240157556, 30.550982129], [114.24004468, 30.551004894], [114.239967645, 30.551014066], [114.239809552, 30.551016993], [114.239802956, 30.551017394], [114.239796438, 30.55101835], [114.239790061, 30.551019853], [114.239783885, 30.551021886], [114.239777969, 30.551024431], [114.239772373, 30.551027462], [114.239767149, 30.551030952], [114.239762346, 30.551034864], [114.239758013, 30.551039165], [114.239754189, 30.55104381], [114.239750912, 30.551048755], [114.239748215, 30.551053954], [114.239746122, 30.551059356], [114.239744654, 30.551064907], [114.239743824, 30.551070556], [114.239743641, 30.551076248], [114.239744108, 30.551081927], [114.239745219, 30.55108754], [114.239746963, 30.551093033], [114.239749323, 30.551098351], [114.239752278, 30.551103444], [114.239755798, 30.551108264], [114.239759851, 30.551112764], [114.239764395, 30.5511169], [114.239769388, 30.551120632], [114.239774782, 30.551123924], [114.239780525, 30.551126746], [114.239786562, 30.551129069], [114.239792833, 30.551130872], [114.23979928, 30.551132136], [114.239805839, 30.55113285], [114.239812449, 30.551133007], [114.239974449, 30.551130007], [114.239982227, 30.551129474], [114.240066226, 30.551119474], [114.240072363, 30.551118492], [114.240191363, 30.551094492], [114.240197446, 30.551093003], [114.240215705, 30.551087724], [114.24026729, 30.551226228]]]}, "properties": {"id": 9312, "land_type": "医疗卫生用地"}}, {"type": "Feature", "geometry": {"type": "Polygon", "coordinates": [[[114.244577364, 30.552872371], [114.244577383, 30.552872418], [114.244577397, 30.552872464], [114.244691243, 30.553203733], [114.244795084, 30.553545307], [114.244749375, 30.553555491], [114.24474906, 30.553555561], [114.244721995, 30.553561631], [114.244655391, 30.553576484], [114.243349086, 30.553823287], [114.243345919, 30.553823909], [114.242264215, 30.554044022], [114.242263314, 30.554025564], [114.242262716, 30.55401991], [114.242261478, 30.554014334], [114.242259614, 30.554008888], [114.24225714, 30.554003625], [114.242254081, 30.553998596], [114.24218308, 30.553894596], [114.242179276, 30.553889626], [114.242174899, 30.553885017], [114.242173845, 30.553884114], [114.242044138, 30.553717348], [114.241733197, 30.553081191], [114.241730468, 30.553076269], [114.241727214, 30.553071589], [114.241723464, 30.553067192], [114.241719251, 30.553063118], [114.241714612, 30.553059404], [114.241709589, 30.55305608], [114.240939332, 30.552594395], [114.240642145, 30.551810689], [114.240639787, 30.551805369], [114.240636835, 30.551800275], [114.240633316, 30.551795454], [114.240629266, 30.551790953], [114.240624723, 30.551786816], [114.240619732, 30.551783082], [114.24061434, 30.551779788], [114.240608598, 30.551776964], [114.240602563, 30.551774639], [114.240596291, 30.551772835], [114.240589845, 30.551771568], [114.240583287, 30.551770852], [114.240576677, 30.551770692], [114.240570082, 30.551771092], [114.240567781, 30.551771428], [114.240498881, 30.551542486], [114.240629816, 30.551503894], [114.240635635, 30.551501914], [114.240641216, 30.551499479], [114.24064651, 30.551496607], [114.240656511, 30.551490608], [114.240661004, 30.551487664], [114.240665196, 30.551484407], [114.240669055, 30.551480859], [114.240677054, 30.551472859], [114.240680204, 30.55146946], [114.240686203, 30.551462461], [114.240690426, 30.551456893], [114.240693881, 30.551450946], [114.240696881, 30.551444946], [114.240699123, 30.551439803], [114.240700792, 30.5514345], [114.24070187, 30.551429085], [114.2407025, 30.551424668], [114.240702866, 30.551423212], [114.240703312, 30.551420868], [114.240703804, 30.551418532], [114.240703848, 30.55141806], [114.240703938, 30.551417593], [114.240704116, 30.551415223], [114.24070434, 30.551412857], [114.240704331, 30.551412384], [114.240704366, 30.551411911], [114.240704274, 30.551409538], [114.240704226, 30.551407164], [114.240703226, 30.551394164], [114.240703067, 30.551392473], [114.240702068, 30.551383473], [114.240701296, 30.551378663], [114.240660368, 30.551184005], [114.240641497, 30.551087665], [114.240622555, 30.550983983], [114.240621391, 30.550979026], [114.240618587, 30.550969296], [114.240892768, 30.550875958], [114.240894712, 30.550875266], [114.241015354, 30.550830399], [114.241275994, 30.550736529], [114.241281616, 30.550734235], [114.241286969, 30.550731506], [114.241309969, 30.550718505], [114.241311323, 30.550717655], [114.241312725, 30.550716862], [114.241313463, 30.550716348], [114.241314242, 30.550715879], [114.241341242, 30.55069788], [114.241345537, 30.550694762], [114.241349516, 30.550691345], [114.241364516, 30.550677346], [114.241369449, 30.550672171], [114.24138045, 30.550659171], [114.241380946, 30.550658521], [114.241381495, 30.550657901], [114.241382758, 30.550656141], [114.241384078, 30.550654411], [114.241384497, 30.550653721], [114.241384973, 30.550653059], [114.241386029, 30.5506512], [114.241387145, 30.550649366], [114.241387483, 30.550648645], [114.241387882, 30.550647946], [114.241398881, 30.550625945], [114.241400745, 30.550621785], [114.241402231, 30.550617514], [114.241408233, 30.550597513], [114.241409173, 30.550593904], [114.241413173, 30.550575904], [114.241414072, 30.550570477], [114.241414373, 30.550565], [114.241414373, 30.550549], [114.241413796, 30.550541418], [114.241398795, 30.550443418], [114.241398609, 30.550442282], [114.241395608, 30.550425282], [114.241394682, 30.550421079], [114.241393397, 30.550416947], [114.241388398, 30.550402946], [114.241384836, 30.550395066], [114.241363836, 30.550357066], [114.241360892, 30.55035232], [114.24135745, 30.550347828], [114.24134645, 30.550334829], [114.241342481, 30.550330575], [114.241338067, 30.550326661], [114.241333244, 30.550323121], [114.241321245, 30.550315121], [114.241313827, 30.550310822], [114.241301828, 30.550304823], [114.241296572, 30.550302455], [114.241291096, 30.550300494], [114.24128544, 30.550298956], [114.241272439, 30.550295956], [114.2412667, 30.550294861], [114.241260872, 30.5502942], [114.241255001, 30.550293979], [114.241223, 30.550293979], [114.241216569, 30.550294244], [114.241210198, 30.550295036], [114.241192198, 30.550298036], [114.241186945, 30.550299102], [114.241181808, 30.550300525], [114.241165719, 30.550305606], [114.241133716, 30.550312921], [114.241131257, 30.550313526], [114.240934257, 30.550365526], [114.240933659, 30.550365686], [114.240922659, 30.550368686], [114.240916641, 30.550370604], [114.240910861, 30.550373006], [114.240905373, 30.55037587], [114.240900227, 30.550379171], [114.240895469, 30.550382878], [114.240894643, 30.550383587], [114.240892176, 30.55038482], [114.240885914, 30.550388367], [114.240880146, 30.55039249], [114.240874946, 30.55039714], [114.240865946, 30.55040614], [114.240861629, 30.550410946], [114.240857919, 30.550416114], [114.240850918, 30.550427113], [114.240849019, 30.55043033], [114.240843019, 30.550441332], [114.240841864, 30.550443751], [114.240840687, 30.550446162], [114.240840608, 30.550446383], [114.240840505, 30.550446597], [114.240839631, 30.550449103], [114.240838733, 30.550451602], [114.240838679, 30.550451829], [114.240838602, 30.550452051], [114.240838017, 30.550454617], [114.24083741, 30.55045718], [114.240832409, 30.55048518], [114.240831644, 30.550492651], [114.240830645, 30.550529651], [114.24083082, 30.550535395], [114.240833819, 30.550569395], [114.240834707, 30.550575351], [114.240842707, 30.550613351], [114.240844082, 30.55061852], [114.240845998, 30.550623559], [114.240867998, 30.550673559], [114.240868506, 30.550674679], [114.240901948, 30.550746175], [114.240842254, 30.550768375], [114.240515991, 30.550879444], [114.240301835, 30.550940631], [114.240222981, 30.55073482], [114.240222222, 30.550732948], [114.240154222, 30.550573948], [114.240151687, 30.550568799], [114.240148588, 30.550563885], [114.240144955, 30.550559251], [114.240111955, 30.550521251], [114.240108112, 30.550517216], [114.240103862, 30.550513496], [114.240099242, 30.55051012], [114.240066242, 30.55048812], [114.240064163, 30.550486869], [114.240062116, 30.550485577], [114.240061453, 30.550485238], [114.240060822, 30.550484859], [114.240058608, 30.55048379], [114.240056426, 30.550482677], [114.240055728, 30.550482397], [114.240055056, 30.550482072], [114.240052732, 30.550481194], [114.240050433, 30.550480271], [114.239956433, 30.550447272], [114.239951076, 30.550445614], [114.239858406, 30.550420703], [114.239639734, 30.550359794], [114.239639341, 30.550359686], [114.23957147, 30.550341176], [114.239634984, 30.550276344], [114.239645199, 30.550265], [114.240325644, 30.549441265], [114.240891791, 30.548757232], [114.240903598, 30.548741179], [114.240913302, 30.548724114], [114.241089805, 30.548365395], [114.241301763, 30.54831844], [114.241386385, 30.548306507], [114.241506672, 30.548591802], [114.241507543, 30.548593756], [114.241538305, 30.548659251], [114.241589943, 30.548775437], [114.241650812, 30.548917132], [114.24165105, 30.548917676], [114.241713049, 30.549057675], [114.24171354, 30.549058753], [114.241767435, 30.549173528], [114.241789332, 30.549221303], [114.241791817, 30.54922608], [114.241843816, 30.549315079], [114.241847091, 30.549320057], [114.241886091, 30.549373059], [114.241889811, 30.549377614], [114.241894021, 30.549381842], [114.241928021, 30.549412841], [114.241933939, 30.549417624], [114.242033945, 30.549489196], [114.242099572, 30.549544035], [114.242121926, 30.54957384], [114.242148485, 30.549630501], [114.242182372, 30.549724416], [114.242217952, 30.549834121], [114.242240494, 30.549908608], [114.242273228, 30.550035576], [114.242273314, 30.550035844], [114.242273371, 30.550036116], [114.24231837, 30.550203116], [114.24231846, 30.550203445], [114.24238346, 30.550438444], [114.242437384, 30.550633172], [114.24246908, 30.550753017], [114.242473441, 30.550772209], [114.242479155, 30.550811255], [114.242479271, 30.550811822], [114.242479335, 30.550812394], [114.242479845, 30.550814624], [114.242480304, 30.550816863], [114.242480483, 30.550817416], [114.242480611, 30.550817981], [114.242481372, 30.550820158], [114.242482083, 30.550822347], [114.242482325, 30.550822882], [114.242482518, 30.550823433], [114.242483523, 30.550825535], [114.242484479, 30.550827653], [114.242484781, 30.550828167], [114.242485036, 30.550828698], [114.242486274, 30.550830705], [114.242487468, 30.550832732], [114.242487826, 30.550833218], [114.24248814, 30.550833725], [114.242489602, 30.550835618], [114.242491019, 30.550837535], [114.242491432, 30.550837988], [114.242491801, 30.550838466], [114.242493471, 30.550840226], [114.242495101, 30.550842014], [114.242495563, 30.550842429], [114.242495985, 30.550842875], [114.242497848, 30.550844486], [114.242499672, 30.550846127], [114.24250018, 30.550846501], [114.242500651, 30.55084691], [114.242502688, 30.550848356], [114.242504691, 30.550849835], [114.242505238, 30.550850165], [114.242505754, 30.55085053], [114.242507944, 30.550851798], [114.242510106, 30.550853102], [114.242510689, 30.550853384], [114.242511243, 30.550853704], [114.242513568, 30.55085478], [114.242515867, 30.550855895], [114.24251648, 30.550856126], [114.242517068, 30.550856399], [114.242519504, 30.550857273], [114.24252192, 30.550858189], [114.242522554, 30.550858367], [114.242523171, 30.550858588], [114.242525694, 30.550859253], [114.242528203, 30.550859961], [114.242528855, 30.550860085], [114.242529493, 30.550860253], [114.242532081, 30.550860701], [114.242534658, 30.550861193], [114.242535321, 30.550861261], [114.242535975, 30.550861375], [114.242538602, 30.550861603], [114.242541223, 30.550861875], [114.24254189, 30.550861887], [114.242542554, 30.550861946], [114.242610554, 30.550864945], [114.242618502, 30.550864891], [114.242670503, 30.550861892], [114.242676796, 30.550861272], [114.242769795, 30.550848271], [114.242774332, 30.550847498], [114.242933333, 30.550815498], [114.242934528, 30.550815248], [114.243269527, 30.550742248], [114.243270328, 30.550742069], [114.243811329, 30.550618068], [114.243818311, 30.550616111], [114.243821304, 30.550614949], [114.243971103, 30.551077583], [114.243971125, 30.551077651], [114.244106125, 30.551492651], [114.244106364, 30.551493372], [114.244577364, 30.552872371]]]}, "properties": {"id": 9307, "land_type": "居住用地"}}, {"type": "Feature", "geometry": {"type": "Polygon", "coordinates": [[[114.241216841, 30.559612095], [114.241210269, 30.559612725], [114.241203801, 30.559613907], [114.241197499, 30.559615628], [114.241191424, 30.559617874], [114.241185632, 30.559620621], [114.241180183, 30.559623844], [114.241119182, 30.559663844], [114.241114666, 30.559667083], [114.241110496, 30.559670648], [114.241106702, 30.559674512], [114.241062701, 30.559723512], [114.24105919, 30.559727813], [114.241056143, 30.55973237], [114.241005144, 30.55981737], [114.241002923, 30.559821454], [114.240978922, 30.559870454], [114.240976381, 30.559876581], [114.240974652, 30.559882914], [114.240973758, 30.559889373], [114.240969758, 30.559944374], [114.24096966, 30.559949854], [114.240970165, 30.559955318], [114.240971265, 30.559960716], [114.240983265, 30.560006716], [114.240983628, 30.560008032], [114.241005627, 30.560084032], [114.241007986, 30.560090529], [114.241011342, 30.560098166], [114.239889694, 30.56088426], [114.239866907, 30.56088787], [114.239837162, 30.56088787], [114.2398046, 30.560883575], [114.239778131, 30.560876628], [114.239754567, 30.560867402], [114.239749207, 30.560863697], [114.239452671, 30.560230411], [114.239452001, 30.560229163], [114.239451443, 30.560227875], [114.238809366, 30.558945095], [114.238811858, 30.5589407], [114.238818773, 30.558924691], [114.238823831, 30.558908175], [114.238826985, 30.558891313], [114.238828205, 30.558874265], [114.238827479, 30.558857196], [114.238824812, 30.55884027], [114.238820233, 30.558823653], [114.238813783, 30.5588075], [114.238805526, 30.55879197], [114.238705127, 30.558625269], [114.238700673, 30.558618273], [114.238598486, 30.558466102], [114.23859484, 30.558458585], [114.238593918, 30.558456919], [114.238593127, 30.558455204], [114.238591075, 30.558451782], [114.238589152, 30.558448305], [114.238588044, 30.558446725], [114.238587061, 30.558445085], [114.2381831, 30.557845315], [114.237447185, 30.556229932], [114.23744899, 30.556227068], [114.237451253, 30.556222441], [114.237453733, 30.556217896], [114.237455102, 30.556214575], [114.237456691, 30.556211327], [114.237458416, 30.556206531], [114.237460366, 30.5562018], [114.237461351, 30.556198379], [114.237462563, 30.556195012], [114.237463735, 30.556190093], [114.237465137, 30.55618522], [114.237465728, 30.556181733], [114.237466551, 30.55617828], [114.237467157, 30.556173286], [114.237467998, 30.556168318], [114.237474389, 30.556110929], [114.237481377, 30.556096065], [114.237527307, 30.556052206], [114.239995266, 30.555151512], [114.24215711, 30.55452292], [114.242172993, 30.554519535], [114.242383058, 30.555174447], [114.242383082, 30.555174519], [114.242507208, 30.555559564], [114.242687741, 30.556219054], [114.241378011, 30.556628464], [114.241373682, 30.556629966], [114.240585682, 30.556930966], [114.240579776, 30.556933528], [114.240574191, 30.556936575], [114.24056898, 30.556940079], [114.240564193, 30.556944006], [114.240559876, 30.556948319], [114.24055607, 30.556952974], [114.240552813, 30.556957928], [114.240550135, 30.556963134], [114.240548063, 30.556968541], [114.240546615, 30.556974097], [114.240545807, 30.556979747], [114.240545648, 30.556985439], [114.240546135, 30.556991118], [114.240547268, 30.556996727], [114.240549032, 30.557002213], [114.240551413, 30.557007526], [114.240554388, 30.55701261], [114.240557926, 30.557017419], [114.240561996, 30.557021907], [114.240566556, 30.557026029], [114.240571564, 30.557029747], [114.24057697, 30.557033024], [114.240582723, 30.557035829], [114.240588769, 30.557038135], [114.240595048, 30.557039919], [114.240601499, 30.557041166], [114.240608062, 30.557041861], [114.240614672, 30.557041999], [114.240621265, 30.557041579], [114.240627778, 30.557040605], [114.24063415, 30.557039085], [114.240640319, 30.557037033], [114.241426184, 30.55673685], [114.24271887, 30.556332767], [114.242936624, 30.557128211], [114.242938455, 30.557133683], [114.2429409, 30.557138972], [114.242943935, 30.557144031], [114.242947531, 30.557148808], [114.242951654, 30.557153259], [114.242956264, 30.557157341], [114.242961316, 30.557161014], [114.242966761, 30.557164242], [114.242972548, 30.557166996], [114.242978622, 30.557169248], [114.242984921, 30.557170977], [114.242991387, 30.557172165], [114.242997958, 30.557172802], [114.243001717, 30.557172846], [114.243074228, 30.557390968], [114.243076358, 30.557396357], [114.24307909, 30.557401542], [114.2430824, 30.55740647], [114.243086254, 30.557411096], [114.243090618, 30.557415375], [114.243095446, 30.557419264], [114.243100694, 30.557422726], [114.243106311, 30.55742573], [114.243112243, 30.557428246], [114.243118432, 30.557430248], [114.24312482, 30.557431717], [114.243131344, 30.557432642], [114.243137942, 30.55743301], [114.24314455, 30.55743282], [114.243151105, 30.557432073], [114.243157543, 30.557430776], [114.243163803, 30.557428943], [114.243169823, 30.55742659], [114.243175547, 30.557423739], [114.243180919, 30.55742042], [114.243185887, 30.557416664], [114.243190404, 30.557412506], [114.243194425, 30.557407987], [114.243197912, 30.55740315], [114.243200833, 30.557398042], [114.243203158, 30.557392712], [114.243204865, 30.557387211], [114.243205938, 30.557381593], [114.243206366, 30.557375912], [114.243206146, 30.55737022], [114.243205278, 30.557364577], [114.243203772, 30.557359033], [114.242832638, 30.556242636], [114.242782217, 30.556011298], [114.242781271, 30.556007615], [114.24269627, 30.555721616], [114.242660265, 30.5556006], [114.242659919, 30.555599481], [114.242637752, 30.555530723], [114.242350576, 30.554481657], [114.243308003, 30.554277174], [114.243337531, 30.554428359], [114.243336778, 30.55446674], [114.24332987, 30.554488533], [114.243311007, 30.554508003], [114.243269558, 30.554541164], [114.243216976, 30.554581839], [114.243212336, 30.554585794], [114.243179336, 30.554616794], [114.24317488, 30.554621444], [114.243171008, 30.554626468], [114.243167762, 30.554631809], [114.243165177, 30.554637414], [114.243163282, 30.554643218], [114.243147282, 30.554704217], [114.243146187, 30.554709535], [114.24314567, 30.554714917], [114.243145736, 30.554720318], [114.243146387, 30.554725689], [114.243238305, 30.555248229], [114.243245127, 30.55529171], [114.243242288, 30.555313844], [114.243222224, 30.555349961], [114.243219381, 30.555355905], [114.24320238, 30.555397904], [114.243200452, 30.555403586], [114.243199206, 30.555409407], [114.243198655, 30.555415307], [114.243196655, 30.555474307], [114.243196745, 30.555479439], [114.243197361, 30.555484544], [114.243285361, 30.555993544], [114.243286676, 30.5559992], [114.243288637, 30.556004717], [114.243291224, 30.556010038], [114.243306223, 30.556037038], [114.243309702, 30.556042521], [114.243313846, 30.556047649], [114.243318606, 30.556052365], [114.243323926, 30.556056611], [114.243329747, 30.556060341], [114.243357746, 30.556076342], [114.243363086, 30.556079095], [114.243368698, 30.556081414], [114.243374535, 30.556083277], [114.243380546, 30.556084667], [114.243386681, 30.556085574], [114.243392886, 30.556085989], [114.243429887, 30.55608699], [114.243437626, 30.556086815], [114.243839625, 30.556057815], [114.243840049, 30.556057783], [114.244278048, 30.556023783], [114.244284596, 30.556022995], [114.244291023, 30.556021656], [114.244297266, 30.556019783], [114.244303267, 30.556017391], [114.244308966, 30.556014505], [114.244314309, 30.556011151], [114.244319245, 30.556007363], [114.244323724, 30.556003176], [114.244327707, 30.555998631], [114.244331153, 30.555993772], [114.244334029, 30.555988645], [114.244336308, 30.555983301], [114.244337968, 30.555977789], [114.244338992, 30.555972165], [114.244339371, 30.55596648], [114.244339102, 30.555960791], [114.244338185, 30.555955153], [114.244336632, 30.555949618], [114.244334456, 30.555944242], [114.244331679, 30.555939075], [114.244328327, 30.555934168], [114.244324432, 30.555929567], [114.244320032, 30.555925317], [114.244315171, 30.555921458], [114.244309893, 30.555918028], [114.24430425, 30.555915062], [114.244298297, 30.555912584], [114.24429209, 30.555910622], [114.24428569, 30.555909193], [114.244279158, 30.555908311], [114.244272557, 30.555907985], [114.244265951, 30.555908217], [114.243828163, 30.5559422], [114.24343024, 30.555970907], [114.243418684, 30.555970594], [114.243417148, 30.555967829], [114.243331519, 30.555472548], [114.243333042, 30.555427642], [114.24334539, 30.555397135], [114.243368776, 30.555355038], [114.243371648, 30.555349027], [114.24337372, 30.555342777], [114.243374967, 30.555336366], [114.243379967, 30.555297367], [114.243380369, 30.555290295], [114.243379768, 30.555283232], [114.243371767, 30.555232233], [114.243371614, 30.55523131], [114.243281515, 30.55471912], [114.243290771, 30.554683832], [114.243309455, 30.55466628], [114.243360024, 30.554627161], [114.243360856, 30.554626507], [114.243405855, 30.554590507], [114.243411735, 30.554585167], [114.243442736, 30.554553166], [114.243447056, 30.554548187], [114.243450732, 30.554542837], [114.243453724, 30.554537182], [114.243455995, 30.554531282], [114.243468995, 30.554490282], [114.243470245, 30.554485577], [114.243471036, 30.554480799], [114.243471365, 30.55447598], [114.243472364, 30.554424979], [114.243472186, 30.55441966], [114.24347144, 30.554414377], [114.243439172, 30.554249159], [114.243439561, 30.554249077], [114.244490497, 30.554067196], [114.244648199, 30.555102546], [114.24464938, 30.555108148], [114.244651191, 30.555113624], [114.244653619, 30.55511892], [114.244656638, 30.555123986], [114.244660217, 30.555128772], [114.244664325, 30.555133233], [114.244668921, 30.555137327], [114.244673961, 30.555141012], [114.244679395, 30.555144255], [114.244685173, 30.555147023], [114.244691237, 30.555149291], [114.244697533, 30.555151034], [114.244703993, 30.55515224], [114.244710562, 30.555152892], [114.244717173, 30.555152988], [114.244723762, 30.555152526], [114.244730268, 30.555151509], [114.244736627, 30.555149949], [114.244742777, 30.555147858], [114.24474866, 30.555145259], [114.244754218, 30.555142176], [114.244759399, 30.555138639], [114.244764153, 30.555134681], [114.244768432, 30.555130342], [114.244772197, 30.555125662], [114.244775411, 30.555120686], [114.244778044, 30.555115464], [114.244780071, 30.555110043], [114.244781469, 30.555104478], [114.244782228, 30.555098823], [114.244782339, 30.55509313], [114.244781802, 30.555087454], [114.244622908, 30.55404428], [114.244765992, 30.554019517], [114.244976046, 30.553988325], [114.244976251, 30.553988296], [114.246216786, 30.553802953], [114.246646091, 30.556088763], [114.24664673, 30.55609169], [114.24670383, 30.556320489], [114.246705239, 30.55632517], [114.246707093, 30.556329733], [114.246850389, 30.556640126], [114.246983885, 30.556929518], [114.246984115, 30.556929951], [114.246984302, 30.556930398], [114.247190767, 30.557357458], [114.243447712, 30.558721821], [114.24343281, 30.55872788], [114.24341853, 30.558734966], [114.24195343, 30.559532166], [114.241951458, 30.559533254], [114.241825158, 30.559603753], [114.241816992, 30.559608559], [114.241698292, 30.55968216], [114.241698259, 30.559682183], [114.241698223, 30.559682204], [114.241658423, 30.559706904], [114.241649143, 30.559713021], [114.241603572, 30.559744906], [114.241595479, 30.55974716], [114.241528378, 30.55977026], [114.241512649, 30.55977672], [114.241421451, 30.55982062], [114.24140832, 30.559827829], [114.241311819, 30.559887829], [114.241305642, 30.559891909], [114.241125442, 30.560018201], [114.241114564, 30.559980624], [114.241104843, 30.559943362], [114.241107526, 30.559906463], [114.24112606, 30.559868624], [114.241173045, 30.559790316], [114.241207874, 30.55975153], [114.241261818, 30.559716157], [114.241266875, 30.559712489], [114.241271491, 30.559708412], [114.24127562, 30.559703966], [114.241279223, 30.559699192], [114.241282266, 30.559694137], [114.241284719, 30.55968885], [114.241286557, 30.559683382], [114.241287765, 30.559677784], [114.24128833, 30.559672111], [114.241288245, 30.559666418], [114.241287514, 30.55966076], [114.241286142, 30.55965519], [114.241284142, 30.559649764], [114.241281535, 30.559644531], [114.241278344, 30.559639545], [114.241274601, 30.559634851], [114.241270342, 30.559630497], [114.241265608, 30.559626522], [114.241260445, 30.559622966], [114.241254901, 30.559619864], [114.241249031, 30.559617244], [114.241242891, 30.559615132], [114.24123654, 30.559613549], [114.24123004, 30.559612509], [114.241223452, 30.559612023], [114.241216841, 30.559612095]]]}, "properties": {"id": 9313, "land_type": "交通枢纽用地"}}, {"type": "Feature", "geometry": {"type": "Polygon", "coordinates": [[[114.2012862, 30.561622645], [114.200470123, 30.561935843], [114.200218965, 30.561603229], [114.200533311, 30.561488407], [114.200538722, 30.561486182], [114.201124026, 30.56121721], [114.2012862, 30.561622645]]]}, "properties": {"id": 11436, "land_type": "商务办公用地"}}, {"type": "Feature", "geometry": {"type": "Polygon", "coordinates": [[[114.201949998, 30.561798974], [114.201563012, 30.561944093], [114.201453691, 30.561682857], [114.201826704, 30.561522454], [114.201949998, 30.561798974]]]}, "properties": {"id": 11437, "land_type": "商业服务用地"}}, {"type": "Feature", "geometry": {"type": "Polygon", "coordinates": [[[114.205332376, 30.574410093], [114.205327935, 30.574411983], [114.205239935, 30.574452984], [114.205232617, 30.574456935], [114.205153618, 30.574505935], [114.20514932, 30.574508835], [114.20514531, 30.574512025], [114.204941509, 30.574687854], [114.204779213, 30.57482556], [114.204725259, 30.574862654], [114.204669503, 30.574882855], [114.204607626, 30.574896417], [114.204498729, 30.574901907], [114.204295399, 30.574893067], [114.20429441, 30.57489303], [114.204146207, 30.574888465], [114.203786709, 30.574174916], [114.203786423, 30.574174418], [114.203786184, 30.574173902], [114.203784961, 30.574171867], [114.203783784, 30.574169812], [114.203783442, 30.57416934], [114.203783145, 30.574168846], [114.203761529, 30.574136834], [114.203905898, 30.574091554], [114.204067736, 30.574041605], [114.204073632, 30.574039508], [114.204079274, 30.57403694], [114.204084608, 30.574033925], [114.204089586, 30.574030489], [114.204114586, 30.574011489], [114.204118408, 30.574008346], [114.204121931, 30.574004955], [114.204145416, 30.573980492], [114.204176973, 30.573949181], [114.204179772, 30.573949209], [114.204200259, 30.573948517], [114.204220558, 30.573946042], [114.204240462, 30.573941808], [114.204496561, 30.573875308], [114.204498271, 30.573874857], [114.2069202, 30.573225795], [114.20696139, 30.573271385], [114.207038068, 30.573370535], [114.20706431, 30.573419247], [114.207046438, 30.573447305], [114.206961991, 30.573570498], [114.206859099, 30.573720341], [114.206765068, 30.573855566], [114.205332376, 30.574410093]]]}, "properties": {"id": 11504, "land_type": "公园与绿地用地"}}, {"type": "Feature", "geometry": {"type": "Polygon", "coordinates": [[[114.201070515, 30.562366304], [114.20103631, 30.562376206], [114.201017746, 30.562380074], [114.200969181, 30.562386751], [114.200821246, 30.562288127], [114.200820976, 30.562287948], [114.200681899, 30.562196196], [114.200644287, 30.562160257], [114.200611979, 30.562118717], [114.200611892, 30.562118606], [114.200545665, 30.562033882], [114.201331197, 30.561732407], [114.201460617, 30.562041667], [114.201461458, 30.562043404], [114.20146223, 30.562045164], [114.201462729, 30.56204603], [114.201463161, 30.562046922], [114.201464195, 30.562048579], [114.201465165, 30.562050265], [114.201465759, 30.562051086], [114.201466291, 30.562051937], [114.201467509, 30.562053498], [114.201468666, 30.562055096], [114.20146935, 30.562055861], [114.201469976, 30.562056663], [114.201471366, 30.562058115], [114.2014727, 30.562059606], [114.201473468, 30.56206031], [114.201474182, 30.562061056], [114.20147573, 30.562062384], [114.201477227, 30.562063755], [114.201478072, 30.562064391], [114.201478868, 30.562065073], [114.20148056, 30.562066263], [114.201482205, 30.562067502], [114.201483119, 30.562068063], [114.201483989, 30.562068675], [114.201485807, 30.562069716], [114.201487586, 30.56207081], [114.201488559, 30.562071292], [114.201489494, 30.562071828], [114.201491422, 30.56207271], [114.201493317, 30.562073648], [114.201494341, 30.562074045], [114.201495332, 30.562074499], [114.201497353, 30.562075215], [114.201499345, 30.562075989], [114.201500408, 30.562076298], [114.201501446, 30.562076667], [114.201503538, 30.562077209], [114.201505609, 30.562077811], [114.201506702, 30.562078027], [114.201507778, 30.562078306], [114.201509921, 30.56207867], [114.20151205, 30.562079094], [114.201513163, 30.562079218], [114.201514265, 30.562079404], [114.20151644, 30.562079585], [114.201518606, 30.562079828], [114.201519729, 30.562079858], [114.201520847, 30.56207995], [114.201523031, 30.562079946], [114.201525215, 30.562080004], [114.201526335, 30.562079939], [114.201527457, 30.562079937], [114.201529632, 30.562079749], [114.201531812, 30.562079622], [114.20153292, 30.562079464], [114.201534036, 30.562079367], [114.201536179, 30.562078995], [114.201538334, 30.562078685], [114.201539418, 30.562078434], [114.201540518, 30.562078242], [114.201542608, 30.562077693], [114.201544717, 30.562077203], [114.201545768, 30.562076861], [114.201546841, 30.562076579], [114.201548858, 30.562075854], [114.201550901, 30.562075189], [114.2020629, 30.561883188], [114.202064532, 30.561882493], [114.202066197, 30.56188186], [114.202067492, 30.561881231], [114.202068826, 30.561880662], [114.20207037, 30.561879832], [114.202071956, 30.561879062], [114.202073172, 30.561878327], [114.202074435, 30.561877648], [114.202075877, 30.561876692], [114.202077367, 30.561875791], [114.202078495, 30.561874956], [114.202079674, 30.561874174], [114.202081, 30.561873101], [114.20208238, 30.561872079], [114.202083408, 30.561871153], [114.202084491, 30.561870275], [114.20208569, 30.561869096], [114.202086946, 30.561867962], [114.202087864, 30.561866953], [114.202088843, 30.561865989], [114.202089901, 30.561864713], [114.202091022, 30.56186348], [114.20209182, 30.561862398], [114.202092685, 30.561861356], [114.202093592, 30.561859997], [114.202094569, 30.561858674], [114.20209524, 30.561857531], [114.202095981, 30.56185642], [114.202096729, 30.561854991], [114.20209755, 30.561853593], [114.202098088, 30.561852398], [114.2020987, 30.561851231], [114.202099282, 30.561849745], [114.20209994, 30.561848284], [114.202100339, 30.56184705], [114.202100815, 30.561845837], [114.202101225, 30.56184431], [114.202101713, 30.5618428], [114.20210197, 30.561841537], [114.202102305, 30.56184029], [114.20210254, 30.561838736], [114.202102854, 30.561837192], [114.202102965, 30.561835915], [114.202103158, 30.561834644], [114.202103214, 30.561833077], [114.202103351, 30.561831515], [114.202103317, 30.561830235], [114.202103363, 30.561828954], [114.20210324, 30.56182739], [114.202103199, 30.561825823], [114.202103019, 30.561824551], [114.202102919, 30.561823273], [114.20210262, 30.561821728], [114.202102399, 30.561820171], [114.202102076, 30.561818921], [114.202101832, 30.561817658], [114.202101357, 30.561816145], [114.202100961, 30.561814614], [114.202100496, 30.561813397], [114.20210011, 30.561812161], [114.202099466, 30.561810695], [114.202098897, 30.561809206], [114.201951587, 30.561478823], [114.202710217, 30.561273341], [114.202711543, 30.56127292], [114.202712894, 30.561272562], [114.202926318, 30.561206164], [114.203127697, 30.561707332], [114.201070515, 30.562366304]]]}, "properties": {"id": 11438, "land_type": "商业服务用地"}}, {"type": "Feature", "geometry": {"type": "Polygon", "coordinates": [[[114.200388516, 30.562040625], [114.20038883, 30.562040999], [114.200389108, 30.562041394], [114.200500065, 30.562183339], [114.20053502, 30.562228283], [114.20054095, 30.562234836], [114.20058595, 30.562277835], [114.200590295, 30.562281623], [114.200595025, 30.562285051], [114.20073889, 30.562379961], [114.200864582, 30.562463756], [114.200397449, 30.562615916], [114.200371883, 30.562579308], [114.200292452, 30.562463409], [114.200250255, 30.56191286], [114.200248679, 30.561901248], [114.200245755, 30.561889832], [114.200224699, 30.561823676], [114.200388516, 30.562040625]]]}, "properties": {"id": 11441, "land_type": "商务办公用地"}}, {"type": "Feature", "geometry": {"type": "Polygon", "coordinates": [[[114.202537895, 30.562120518], [114.202531396, 30.562121563], [114.202525047, 30.562123152], [114.20251891, 30.562125269], [114.202513042, 30.562127894], [114.202507502, 30.562131001], [114.202502343, 30.562134561], [114.202497613, 30.562138538], [114.202493359, 30.562142897], [114.202489621, 30.562147594], [114.202486436, 30.562152583], [114.202483835, 30.562157817], [114.202481841, 30.562163245], [114.202480476, 30.562168816], [114.202479751, 30.562174475], [114.202479674, 30.562180167], [114.202480244, 30.562185839], [114.202481458, 30.562191436], [114.202483303, 30.562196903], [114.202755629, 30.562877285], [114.202318161, 30.563023421], [114.202284629, 30.562941923], [114.202023747, 30.562285223], [114.202023645, 30.562285003], [114.202023567, 30.562284775], [114.202014542, 30.562262651], [114.203199501, 30.561886011], [114.203498187, 30.56262923], [114.202881345, 30.562835288], [114.202610697, 30.562159097], [114.202608238, 30.562153812], [114.20260519, 30.562148759], [114.202601582, 30.562143989], [114.202597447, 30.562139546], [114.202592828, 30.562135473], [114.202587765, 30.562131811], [114.202582312, 30.562128592], [114.202576517, 30.56212585], [114.202570439, 30.56212361], [114.202564136, 30.562121894], [114.202557666, 30.562120716], [114.202551094, 30.562120092], [114.202544483, 30.562120026], [114.202537895, 30.562120518]]]}, "properties": {"id": 11443, "land_type": "居住用地"}}, {"type": "Feature", "geometry": {"type": "Polygon", "coordinates": [[[114.204875955, 30.565826133], [114.204754666, 30.565863269], [114.204165732, 30.566039314], [114.203780887, 30.565246707], [114.204324288, 30.56505633], [114.20452802, 30.564988828], [114.204875955, 30.565826133]]]}, "properties": {"id": 11468, "land_type": "商业服务用地"}}, {"type": "Feature", "geometry": {"type": "Polygon", "coordinates": [[[114.206235757, 30.563627873], [114.206238481, 30.563629596], [114.206253481, 30.563638596], [114.206254299, 30.56363908], [114.206279585, 30.563653781], [114.206322558, 30.563751342], [114.205125182, 30.564133933], [114.205110385, 30.564139246], [114.204968518, 30.56419596], [114.20418224, 30.562195851], [114.207058839, 30.561272544], [114.207552784, 30.562417048], [114.207553664, 30.56243992], [114.20755395, 30.562443682], [114.20755795, 30.562478682], [114.207559218, 30.562485532], [114.207561425, 30.562492203], [114.207571943, 30.562518021], [114.207590521, 30.562570822], [114.207590572, 30.562570965], [114.207628572, 30.562677965], [114.207629006, 30.562679142], [114.207668005, 30.562781142], [114.2076701, 30.562785905], [114.207672672, 30.562790492], [114.207702673, 30.562838492], [114.207707182, 30.562844727], [114.207746182, 30.562891727], [114.207751012, 30.562896893], [114.207766071, 30.562911245], [114.207828247, 30.563055309], [114.207828404, 30.563055671], [114.207869316, 30.56314857], [114.207872201, 30.56320027], [114.207851207, 30.563245441], [114.207667993, 30.563308488], [114.207665753, 30.563309271], [114.207313693, 30.563434648], [114.20644889, 30.563710975], [114.206400128, 30.563600269], [114.20638823, 30.56354536], [114.206387101, 30.563541059], [114.206385594, 30.563536845], [114.206255595, 30.563216844], [114.206255193, 30.563215881], [114.206106906, 30.562870542], [114.206075544, 30.562781067], [114.206746096, 30.562538486], [114.206752059, 30.562536026], [114.206757713, 30.562533074], [114.206763004, 30.56252966], [114.20676788, 30.562525815], [114.206772295, 30.562521578], [114.206776208, 30.562516987], [114.206779577, 30.562512089], [114.206782374, 30.56250693], [114.20678457, 30.56250156], [114.206786144, 30.562496031], [114.206787082, 30.562490395], [114.206787374, 30.562484707], [114.206787015, 30.562479023], [114.206786012, 30.562473396], [114.206784373, 30.56246788], [114.206782114, 30.562462529], [114.206779258, 30.562457396], [114.20677583, 30.562452527], [114.206771865, 30.562447971], [114.2067674, 30.562443772], [114.206762479, 30.56243997], [114.206757148, 30.562436602], [114.20675146, 30.562433699], [114.206745469, 30.562431292], [114.206739233, 30.562429401], [114.206732811, 30.562428045], [114.206726266, 30.562427239], [114.206719661, 30.562426987], [114.206713058, 30.562427295], [114.206706523, 30.562428159], [114.206700118, 30.562429571], [114.206693903, 30.562431515], [114.206013904, 30.562677515], [114.206007901, 30.562679994], [114.206002211, 30.562682972], [114.205990211, 30.562689972], [114.205985505, 30.562692982], [114.205975504, 30.562699982], [114.205970735, 30.562703657], [114.205966393, 30.562707705], [114.205962517, 30.562712089], [114.205954517, 30.56272209], [114.20595098, 30.562727021], [114.205948033, 30.56273223], [114.205945704, 30.562737668], [114.205941704, 30.562748666], [114.205940001, 30.562754346], [114.205938971, 30.562760143], [114.205938627, 30.562766], [114.205938627, 30.562779], [114.20593895, 30.56278468], [114.205939919, 30.562790307], [114.205942919, 30.562803307], [114.205944501, 30.562808763], [114.205978501, 30.562905763], [114.205979808, 30.562909119], [114.206003122, 30.562963413], [114.205996795, 30.562963007], [114.205990363, 30.562963124], [114.205983972, 30.562963769], [114.205955973, 30.562967769], [114.205947928, 30.56296936], [114.205940169, 30.562971785], [114.20572617, 30.563051786], [114.205721134, 30.563053886], [114.205716318, 30.56305634], [114.205711756, 30.563059128], [114.205696044, 30.563069603], [114.205689474, 30.563073252], [114.205684235, 30.563076479], [114.205679376, 30.563080121], [114.205674945, 30.563084146], [114.205667945, 30.563091146], [114.205664946, 30.563094145], [114.20566051, 30.563099097], [114.205656721, 30.563104431], [114.205653619, 30.563110086], [114.205651241, 30.563115994], [114.205649242, 30.563121996], [114.205647793, 30.563127252], [114.205646919, 30.563132602], [114.205646627, 30.563138], [114.205646627, 30.56315], [114.20564705, 30.563156493], [114.205648315, 30.563162905], [114.205650406, 30.563169155], [114.205741405, 30.563393155], [114.205741584, 30.563393591], [114.205761584, 30.563441591], [114.205761667, 30.563441761], [114.20576173, 30.563441937], [114.20581273, 30.563561937], [114.205814928, 30.563566497], [114.205817569, 30.56357088], [114.205827569, 30.563585882], [114.20583134, 30.563590916], [114.205835694, 30.56359559], [114.205840584, 30.563599851], [114.205845959, 30.563603656], [114.205856957, 30.563610656], [114.205861902, 30.563613519], [114.20586712, 30.563615995], [114.205872572, 30.563618065], [114.205878215, 30.563619713], [114.205890215, 30.563622712], [114.205897073, 30.563624097], [114.20590406, 30.563624857], [114.205911103, 30.563624985], [114.205918121, 30.563624479], [114.205935122, 30.563622478], [114.205942395, 30.56362127], [114.205949469, 30.56361938], [114.20597411, 30.563611495], [114.206171264, 30.563550597], [114.206174318, 30.563557268], [114.206175085, 30.563558729], [114.206175778, 30.563560217], [114.206176445, 30.563561322], [114.206177041, 30.563562457], [114.20617797, 30.563563846], [114.206178829, 30.563565268], [114.206197828, 30.563593267], [114.206202744, 30.563599533], [114.206211744, 30.563609534], [114.206215406, 30.563613267], [114.206219419, 30.563616723], [114.206223757, 30.563619874], [114.206235757, 30.563627873]]]}, "properties": {"id": 11446, "land_type": "商业服务用地"}}, {"type": "Feature", "geometry": {"type": "Polygon", "coordinates": [[[114.199994428, 30.563473887], [114.198741026, 30.563687953], [114.198825253, 30.563577928], [114.198826158, 30.563576713], [114.198954999, 30.563398931], [114.199141685, 30.563146357], [114.19925932, 30.562990168], [114.199267724, 30.562980474], [114.199333142, 30.562926111], [114.19941, 30.562870389], [114.199576545, 30.562762333], [114.199577276, 30.562761852], [114.199922169, 30.562531652], [114.199994428, 30.563473887]]]}, "properties": {"id": 11449, "land_type": "公园与绿地用地"}}, {"type": "Feature", "geometry": {"type": "Polygon", "coordinates": [[[114.205981647, 30.563085197], [114.206031349, 30.563207017], [114.206124736, 30.563441705], [114.205930602, 30.563501668], [114.205888344, 30.563402236], [114.205868507, 30.563354626], [114.205787547, 30.563155338], [114.205787573, 30.563155321], [114.20598053, 30.563083187], [114.205981647, 30.563085197]]]}, "properties": {"id": 11452, "land_type": "商业服务用地"}}, {"type": "Feature", "geometry": {"type": "Polygon", "coordinates": [[[114.202112764, 30.564302361], [114.202109903, 30.564307494], [114.20210764, 30.564312843], [114.202105997, 30.564318357], [114.202104989, 30.564323984], [114.202104627, 30.564329668], [114.202104914, 30.564335356], [114.202105847, 30.564340992], [114.202107417, 30.564346522], [114.202109608, 30.564351894], [114.202112402, 30.564357053], [114.202202401, 30.564504054], [114.202202891, 30.564504837], [114.20235063, 30.564737427], [114.202438377, 30.564881014], [114.202439943, 30.564883435], [114.202531644, 30.565017534], [114.202554461, 30.565057571], [114.201833728, 30.56531472], [114.201819099, 30.565320539], [114.201805054, 30.565327342], [114.201510349, 30.565483733], [114.20109944, 30.565632049], [114.200559213, 30.565768675], [114.200493695, 30.565675077], [114.200401215, 30.563881554], [114.200401054, 30.563879046], [114.200370454, 30.56348055], [114.200315691, 30.562766599], [114.200339935, 30.562758702], [114.200344092, 30.562764654], [114.200370373, 30.562803137], [114.200406951, 30.56286989], [114.20041781, 30.5629008], [114.20042741, 30.562937456], [114.200432455, 30.562978652], [114.200420706, 30.563188202], [114.200420711, 30.563193895], [114.200421364, 30.56319956], [114.200422659, 30.563205143], [114.200424585, 30.56321059], [114.20042712, 30.563215848], [114.200430241, 30.563220866], [114.200433919, 30.563225597], [114.200438118, 30.563229995], [114.200442797, 30.563234018], [114.200447912, 30.563237625], [114.200453412, 30.563240784], [114.200459246, 30.563243463], [114.200465356, 30.563245638], [114.200471685, 30.563247286], [114.200478171, 30.563248393], [114.200484751, 30.563248946], [114.200491364, 30.563248941], [114.200497942, 30.563248377], [114.200504426, 30.563247262], [114.200510751, 30.563245606], [114.200516858, 30.563243422], [114.200522686, 30.563240734], [114.200528181, 30.563237567], [114.200533287, 30.563233951], [114.200537959, 30.563229922], [114.200542149, 30.563225519], [114.200545818, 30.563220783], [114.20054893, 30.56321576], [114.200551455, 30.563210497], [114.200553368, 30.563205048], [114.200554654, 30.563199464], [114.200555296, 30.563193797], [114.200567295, 30.562979797], [114.200567347, 30.562975352], [114.200567002, 30.562970916], [114.200561002, 30.562921917], [114.200559723, 30.562915238], [114.200548723, 30.562873238], [114.200547488, 30.562869202], [114.200534488, 30.562832201], [114.200530932, 30.562824245], [114.200519565, 30.562803501], [114.201082698, 30.56257231], [114.201888477, 30.562303718], [114.201896342, 30.562323001], [114.202157254, 30.562979777], [114.202157388, 30.56298007], [114.202157495, 30.562980374], [114.202192482, 30.563065405], [114.201320732, 30.563356614], [114.201314693, 30.563358932], [114.201308946, 30.563361748], [114.201303549, 30.563365035], [114.20129855, 30.563368761], [114.201294, 30.563372892], [114.201289942, 30.563377387], [114.201286416, 30.563382203], [114.201283455, 30.563387293], [114.201281086, 30.563392609], [114.201279335, 30.563398098], [114.201278218, 30.563403709], [114.201277744, 30.563409387], [114.201277918, 30.563415079], [114.20127874, 30.563420728], [114.201280202, 30.56342628], [114.201282288, 30.563431683], [114.20128498, 30.563436883], [114.201286134, 30.563438632], [114.201241047, 30.563454112], [114.201235034, 30.563456478], [114.201229318, 30.563459339], [114.201223955, 30.56346267], [114.201218998, 30.563466436], [114.201214492, 30.563470604], [114.201210483, 30.563475131], [114.20120701, 30.563479975], [114.201204103, 30.563485089], [114.201201793, 30.563490423], [114.201200102, 30.563495926], [114.201199045, 30.563501546], [114.201198633, 30.563507229], [114.201198869, 30.563512918], [114.201199753, 30.56351856], [114.201201273, 30.5635241], [114.201203418, 30.563529486], [114.201206166, 30.563534665], [114.201209489, 30.563539586], [114.201213357, 30.563544203], [114.201217731, 30.563548472], [114.20122257, 30.563552352], [114.201227829, 30.563555803], [114.201233454, 30.563558795], [114.201239392, 30.563561297], [114.201245587, 30.563563286], [114.20125198, 30.563564744], [114.201258506, 30.563565653], [114.201265105, 30.563566008], [114.201271712, 30.563565805], [114.201278265, 30.563565044], [114.201284699, 30.563563734], [114.201290953, 30.563561887], [114.202324668, 30.563206986], [114.20268638, 30.563086082], [114.202886428, 30.563019065], [114.202886529, 30.563019027], [114.202886633, 30.563018996], [114.202954477, 30.562996049], [114.203062323, 30.562960101], [114.203063485, 30.562959703], [114.203170967, 30.562921885], [114.203340447, 30.56286506], [114.203340872, 30.562864916], [114.203562433, 30.562789136], [114.203564185, 30.562793497], [114.203566258, 30.562798416], [114.203922288, 30.563605269], [114.20201911, 30.564185615], [114.202012992, 30.564187777], [114.202007151, 30.564190443], [114.202001642, 30.564193591], [114.201996518, 30.564197188], [114.201991827, 30.564201201], [114.201987616, 30.564205591], [114.201983925, 30.564210314], [114.201980789, 30.564215326], [114.201978239, 30.564220579], [114.201976299, 30.564226021], [114.201974988, 30.564231601], [114.201974319, 30.564237265], [114.201974297, 30.564242957], [114.201974924, 30.564248625], [114.201976192, 30.564254212], [114.201978092, 30.564259666], [114.201980602, 30.564264933], [114.2019837, 30.564269962], [114.201987355, 30.564274706], [114.201991532, 30.564279119], [114.201996192, 30.564283157], [114.20200129, 30.564286783], [114.202006775, 30.564289961], [114.202012596, 30.564292661], [114.202018696, 30.564294857], [114.202025016, 30.564296528], [114.202031497, 30.564297657], [114.202038075, 30.564298232], [114.202044687, 30.564298251], [114.202051269, 30.564297713], [114.202057758, 30.564296619], [114.202064091, 30.564294985], [114.203945134, 30.563721389], [114.203942625, 30.563726074], [114.203940602, 30.56373095], [114.203935602, 30.56374495], [114.203933925, 30.563750671], [114.20393293, 30.56375651], [114.203915928, 30.56391051], [114.203915626, 30.563915785], [114.203915883, 30.56392106], [114.203921883, 30.56398006], [114.203923451, 30.563988408], [114.203931451, 30.564017407], [114.203932068, 30.564019475], [114.203977068, 30.564159475], [114.203977295, 30.564160166], [114.204070268, 30.564436083], [114.204073399, 30.56444548], [114.204074049, 30.5644484], [114.20407264, 30.564450512], [114.204067943, 30.564453231], [114.20383613, 30.564544788], [114.203647046, 30.564611755], [114.203223776, 30.564739234], [114.203050855, 30.564791211], [114.202621056, 30.564919615], [114.202556875, 30.564825759], [114.202469623, 30.564682986], [114.202469111, 30.564682162], [114.202321358, 30.564449552], [114.202231599, 30.564302946], [114.202228232, 30.564298046], [114.202224324, 30.564293454], [114.202219912, 30.564289214], [114.202215039, 30.564285367], [114.202209751, 30.564281949], [114.202204098, 30.564278994], [114.202198139, 30.564276531], [114.202191925, 30.564274582], [114.202185521, 30.564273167], [114.202178987, 30.5642723], [114.202172386, 30.564271987], [114.20216578, 30.564272236], [114.202159234, 30.564273038], [114.202152811, 30.56427439], [114.202146573, 30.564276277], [114.20214058, 30.564278682], [114.202134889, 30.564281581], [114.202129557, 30.564284946], [114.202124632, 30.564288745], [114.202120165, 30.564292942], [114.202116196, 30.564297495], [114.202112764, 30.564302361]]]}, "properties": {"id": 11458, "land_type": "商业服务用地"}}, {"type": "Feature", "geometry": {"type": "Polygon", "coordinates": [[[114.200027237, 30.563901728], [114.200161622, 30.565709493], [114.200155266, 30.565811264], [114.200146438, 30.56587752], [114.19950996, 30.56601689], [114.199235224, 30.565753333], [114.199088588, 30.565611583], [114.199051309, 30.565562766], [114.199012836, 30.565498019], [114.198960598, 30.565396501], [114.198960512, 30.565396333], [114.198823653, 30.565132604], [114.198718017, 30.564923323], [114.198626234, 30.564732775], [114.198622732, 30.564726575], [114.198575732, 30.564654575], [114.198572663, 30.564650315], [114.198569178, 30.564646299], [114.198532177, 30.564607299], [114.198527277, 30.564602668], [114.198521825, 30.56459852], [114.198477825, 30.564568519], [114.198472578, 30.564565282], [114.198466996, 30.564562491], [114.198461131, 30.564560173], [114.198431281, 30.564549841], [114.198434854, 30.564525183], [114.198435371, 30.564518449], [114.19843634, 30.564410992], [114.198445612, 30.564349794], [114.198461609, 30.564271691], [114.198490724, 30.564190922], [114.198553883, 30.564047826], [114.198633354, 30.563871998], [114.19865925, 30.563820207], [114.200003382, 30.563590644], [114.200027237, 30.563901728]]]}, "properties": {"id": 11463, "land_type": "商务办公用地"}}, {"type": "Feature", "geometry": {"type": "Polygon", "coordinates": [[[114.207900442, 30.566350554], [114.207806644, 30.567898871], [114.206650129, 30.567842184], [114.206647232, 30.567842095], [114.206519395, 30.56784057], [114.206516867, 30.567834971], [114.206106997, 30.566866657], [114.206390622, 30.566795751], [114.206655458, 30.566730791], [114.206658779, 30.566729897], [114.206709779, 30.566714896], [114.206715597, 30.566712921], [114.206721177, 30.566710489], [114.206726471, 30.566707624], [114.206731433, 30.566704347], [114.206736022, 30.566700688], [114.206744022, 30.566693689], [114.206748189, 30.566689687], [114.206751911, 30.566685369], [114.206755151, 30.566680774], [114.206757882, 30.566675939], [114.206762882, 30.56666594], [114.206765588, 30.566659507], [114.206767397, 30.566652845], [114.206769396, 30.566642846], [114.206770129, 30.566637941], [114.206770374, 30.566633], [114.206770374, 30.56662], [114.206770368, 30.566619243], [114.206768374, 30.566487621], [114.206768374, 30.566314], [114.20676805, 30.566308313], [114.206767079, 30.566302682], [114.206765472, 30.56629716], [114.206763246, 30.5662918], [114.206760418, 30.566286653], [114.206757019, 30.56628177], [114.206753081, 30.566277198], [114.206748641, 30.566272979], [114.206743741, 30.566269156], [114.206738432, 30.566265765], [114.20673276, 30.566262838], [114.206726783, 30.566260404], [114.206720558, 30.566258486], [114.206714144, 30.566257102], [114.206707604, 30.566256267], [114.206701, 30.566255988], [114.206694397, 30.566256267], [114.206687856, 30.566257102], [114.206681443, 30.566258486], [114.206675217, 30.566260404], [114.20666924, 30.566262838], [114.206663569, 30.566265765], [114.206658259, 30.566269156], [114.20665336, 30.566272979], [114.206648919, 30.566277198], [114.206644981, 30.56628177], [114.206641582, 30.566286653], [114.206638755, 30.5662918], [114.206636528, 30.56629716], [114.206634921, 30.566302682], [114.206633951, 30.566308313], [114.206633626, 30.566314], [114.206633626, 30.566488], [114.206633632, 30.566488756], [114.206635532, 30.56661413], [114.206616867, 30.566619619], [114.206353541, 30.566684208], [114.206353215, 30.566684289], [114.206060751, 30.566757405], [114.205214207, 30.564757429], [114.207303125, 30.564019412], [114.207311096, 30.564016422], [114.207348416, 30.564001591], [114.207386338, 30.564071411], [114.207529765, 30.564369222], [114.207662772, 30.564645233], [114.207665602, 30.564650378], [114.207669004, 30.56465526], [114.207672946, 30.56465983], [114.20767739, 30.564664046], [114.207682291, 30.564667866], [114.207687605, 30.564671255], [114.207693278, 30.564674179], [114.207699256, 30.56467661], [114.207705483, 30.564678524], [114.207711897, 30.564679905], [114.207718438, 30.564680737], [114.207725042, 30.564681012], [114.207731645, 30.56468073], [114.207738185, 30.56467989], [114.207744598, 30.564678504], [114.207750822, 30.564676583], [114.207756797, 30.564674145], [114.207762465, 30.564671215], [114.207767774, 30.564667821], [114.207772671, 30.564663996], [114.207777107, 30.564659775], [114.207781043, 30.5646552], [114.207784438, 30.564650316], [114.207787262, 30.564645167], [114.207789485, 30.564639807], [114.207791088, 30.564634283], [114.207792054, 30.56462865], [114.207792374, 30.564622964], [114.207792046, 30.564617278], [114.207791072, 30.564611648], [114.207789461, 30.564606126], [114.20778723, 30.564600767], [114.207654232, 30.564324771], [114.207510235, 30.564025777], [114.207509029, 30.564023422], [114.207470764, 30.563952972], [114.207633198, 30.563888423], [114.207649351, 30.563881227], [114.20766469, 30.563872809], [114.20798261, 30.563680492], [114.208013495, 30.563725335], [114.207933095, 30.565699374], [114.207798904, 30.565692138], [114.206531596, 30.565601189], [114.206524988, 30.565600995], [114.20651839, 30.565601359], [114.206511865, 30.565602279], [114.206505477, 30.565603746], [114.206499286, 30.565605743], [114.206493352, 30.565608255], [114.206487732, 30.565611254], [114.206482482, 30.565614714], [114.20647765, 30.5656186], [114.206473284, 30.565622875], [114.206469425, 30.565627499], [114.206466111, 30.565632425], [114.206463375, 30.565637607], [114.206461241, 30.565642996], [114.206459732, 30.565648538], [114.206458859, 30.565654182], [114.206458634, 30.565659872], [114.206459058, 30.565665553], [114.206460126, 30.565671171], [114.206461828, 30.565676672], [114.206464149, 30.565682003], [114.206467066, 30.565687112], [114.206470549, 30.56569195], [114.206474567, 30.565696471], [114.206479081, 30.565700632], [114.206484046, 30.565704392], [114.206489415, 30.565707714], [114.206495136, 30.565710567], [114.206501154, 30.565712924], [114.206507414, 30.565714761], [114.206513849, 30.565716061], [114.206520403, 30.565716811], [114.207788404, 30.565807811], [114.207789099, 30.565807832], [114.207789788, 30.565807898], [114.207927785, 30.565815339], [114.207900442, 30.566350554]]]}, "properties": {"id": 11470, "land_type": "商务办公用地"}}, {"type": "Feature", "geometry": {"type": "Polygon", "coordinates": [[[114.204038628, 30.566078333], [114.203825227, 30.566145402], [114.20351665, 30.566239273], [114.202340005, 30.566593879], [114.202273821, 30.566425411], [114.202273767, 30.566425277], [114.202153791, 30.566122334], [114.202051483, 30.565862182], [114.20246661, 30.565707155], [114.203656071, 30.565290436], [114.204038628, 30.566078333]]]}, "properties": {"id": 11471, "land_type": "居住用地"}}, {"type": "Feature", "geometry": {"type": "Polygon", "coordinates": [[[114.20574825, 30.567925279], [114.205130455, 30.56808718], [114.204754092, 30.568180648], [114.204714637, 30.568082947], [114.204714465, 30.568082582], [114.204714331, 30.568082207], [114.204370342, 30.567266233], [114.204312353, 30.567128259], [114.204312327, 30.567128204], [114.204312306, 30.567128146], [114.203934346, 30.566234618], [114.204150601, 30.566166653], [114.204799096, 30.565972803], [114.204799573, 30.565972659], [114.20492135, 30.565935374], [114.20574825, 30.567925279]]]}, "properties": {"id": 11472, "land_type": "居住用地"}}, {"type": "Feature", "geometry": {"type": "Polygon", "coordinates": [[[114.200875315, 30.567426092], [114.199036962, 30.567826686], [114.198710408, 30.566647822], [114.200439159, 30.566293049], [114.200875315, 30.567426092]]]}, "properties": {"id": 11473, "land_type": "居住用地"}}, {"type": "Feature", "geometry": {"type": "Polygon", "coordinates": [[[114.203577573, 30.567636342], [114.203571045, 30.567637247], [114.203564651, 30.567638698], [114.203558454, 30.567640681], [114.203552512, 30.567643179], [114.203546883, 30.567646166], [114.203541621, 30.567649613], [114.203536778, 30.567653487], [114.203532398, 30.567657752], [114.203528525, 30.567662366], [114.203525196, 30.567667284], [114.203522442, 30.567672461], [114.203520292, 30.567677844], [114.203518765, 30.567683383], [114.203517875, 30.567689024], [114.203517631, 30.567694713], [114.203518038, 30.567700396], [114.203519088, 30.567706015], [114.203520772, 30.56771152], [114.203775629, 30.56840413], [114.203782218, 30.568422954], [114.20335366, 30.568537915], [114.203353019, 30.568538091], [114.203165446, 30.56859018], [114.203141126, 30.568525206], [114.203140958, 30.568524822], [114.203140828, 30.568524428], [114.202806828, 30.567673428], [114.202805876, 30.567671161], [114.202729876, 30.567501161], [114.202729677, 30.567500772], [114.202729516, 30.56750037], [114.202652516, 30.567335372], [114.202652099, 30.567334498], [114.202565655, 30.567157636], [114.202525333, 30.56706421], [114.202453764, 30.566890256], [114.202382645, 30.566703953], [114.203498246, 30.566367744], [114.203647615, 30.566724666], [114.203647651, 30.56672475], [114.203774652, 30.567026751], [114.203774844, 30.567027202], [114.203881843, 30.567275201], [114.203884447, 30.567280435], [114.203887634, 30.567285422], [114.203891374, 30.567290118], [114.20389563, 30.567294474], [114.203900361, 30.567298451], [114.203905522, 30.567302009], [114.203911064, 30.567305115], [114.203916932, 30.567307736], [114.203923071, 30.567309852], [114.20392942, 30.567311439], [114.20393592, 30.567312482], [114.203942508, 30.567312971], [114.203949119, 30.567312903], [114.20395569, 30.567312276], [114.203962159, 30.567311098], [114.203968462, 30.567309379], [114.20397454, 30.567307138], [114.203980332, 30.567304393], [114.203985785, 30.567301174], [114.203990845, 30.56729751], [114.203995463, 30.567293436], [114.203999596, 30.567288992], [114.204003202, 30.567284221], [114.204006248, 30.567279167], [114.204008704, 30.567273882], [114.204010548, 30.567268414], [114.204011759, 30.567262819], [114.204012327, 30.567257147], [114.204012247, 30.567251454], [114.20401152, 30.567245795], [114.204010152, 30.567240226], [114.204008156, 30.567234799], [114.203901254, 30.566987024], [114.203774366, 30.566685292], [114.203625367, 30.566329252], [114.203807529, 30.566273837], [114.204185671, 30.567167795], [114.204243647, 30.56730574], [114.204587514, 30.568121424], [114.204624435, 30.568212847], [114.203911393, 30.56838993], [114.203904509, 30.568370262], [114.203904349, 30.568369875], [114.203904228, 30.568369479], [114.203649227, 30.567676479], [114.203646924, 30.567671142], [114.203644024, 30.567666027], [114.203640555, 30.56766118], [114.203636551, 30.567656649], [114.203632052, 30.567652479], [114.203627098, 30.567648708], [114.20362174, 30.567645372], [114.203616027, 30.567642506], [114.203610016, 30.567640136], [114.203603764, 30.567638284], [114.203597331, 30.567636969], [114.203590779, 30.567636202], [114.203584171, 30.567635993], [114.203577573, 30.567636342]]]}, "properties": {"id": 11475, "land_type": "居住用地"}}, {"type": "Feature", "geometry": {"type": "Polygon", "coordinates": [[[114.202604301, 30.567543235], [114.202679621, 30.567711714], [114.203013021, 30.568561183], [114.203037203, 30.568625793], [114.20165372, 30.569009991], [114.201653587, 30.569010028], [114.201649678, 30.569011121], [114.201067827, 30.567557424], [114.201047671, 30.567505063], [114.201051567, 30.56750281], [114.201056667, 30.567499188], [114.20106133, 30.567495152], [114.201065513, 30.567490743], [114.201069173, 30.567486002], [114.201072275, 30.567480974], [114.201074791, 30.56747571], [114.201076694, 30.567470258], [114.201077968, 30.567464672], [114.2010786, 30.567459005], [114.201078584, 30.567453312], [114.201077921, 30.567447648], [114.201076614, 30.567442067], [114.20107468, 30.567436624], [114.201072134, 30.56743137], [114.201069004, 30.567426355], [114.201065317, 30.567421629], [114.20106111, 30.567417237], [114.201056423, 30.567413222], [114.201051302, 30.56740962], [114.201045796, 30.567406469], [114.201039957, 30.567403798], [114.201033843, 30.567401633], [114.201027511, 30.567399993], [114.201021023, 30.567398896], [114.201014442, 30.567398352], [114.20100783, 30.567398365], [114.201006638, 30.56739847], [114.20056966, 30.566263291], [114.20067872, 30.566234165], [114.201474813, 30.56602277], [114.201853829, 30.565934039], [114.201881225, 30.565925765], [114.201927439, 30.565908506], [114.202026185, 30.566159605], [114.202026232, 30.566159724], [114.202146204, 30.566462657], [114.202234086, 30.566686351], [114.202325995, 30.566927115], [114.202326494, 30.566928371], [114.202398493, 30.567103371], [114.202398847, 30.567104207], [114.202439846, 30.567199208], [114.202440902, 30.567201502], [114.202527689, 30.567379067], [114.202604301, 30.567543235]]]}, "properties": {"id": 11476, "land_type": "居住用地"}}, {"type": "Feature", "geometry": {"type": "Polygon", "coordinates": [[[114.201521501, 30.569046968], [114.200261676, 30.569399301], [114.200198275, 30.569225607], [114.200197872, 30.56922454], [114.200128954, 30.569047753], [114.200061035, 30.568868966], [114.200060906, 30.568868629], [114.200003994, 30.568721855], [114.199918079, 30.568494081], [114.199917869, 30.568493533], [114.199691198, 30.567912348], [114.200960325, 30.567644925], [114.201521501, 30.569046968]]]}, "properties": {"id": 11478, "land_type": "居住用地"}}, {"type": "Feature", "geometry": {"type": "Polygon", "coordinates": [[[114.199790025, 30.568530194], [114.199875922, 30.568757919], [114.199876094, 30.568758371], [114.199933029, 30.568905203], [114.200000965, 30.569084034], [114.200001129, 30.569084458], [114.200069922, 30.569260927], [114.200133515, 30.569435145], [114.198805214, 30.569806627], [114.198220337, 30.568201399], [114.199025872, 30.56803958], [114.199559379, 30.567938818], [114.199790025, 30.568530194]]]}, "properties": {"id": 11479, "land_type": "教育用地"}}, {"type": "Feature", "geometry": {"type": "Polygon", "coordinates": [[[114.203945889, 30.568904278], [114.203949725, 30.568947316], [114.203953675, 30.569037194], [114.203954184, 30.569042447], [114.203955245, 30.569047639], [114.203956849, 30.569052727], [114.204038849, 30.569272726], [114.20409351, 30.569419367], [114.203787013, 30.569507677], [114.203483551, 30.568697573], [114.203830792, 30.568603568], [114.203945889, 30.568904278]]]}, "properties": {"id": 11480, "land_type": "居住用地"}}, {"type": "Feature", "geometry": {"type": "Polygon", "coordinates": [[[114.206697403, 30.570158317], [114.206815469, 30.570529202], [114.20681912, 30.570539426], [114.206867493, 30.570661423], [114.204137725, 30.57144945], [114.204137708, 30.571449364], [114.204135975, 30.57144387], [114.203801998, 30.570559075], [114.203870878, 30.570540427], [114.205502548, 30.570114514], [114.205508773, 30.570112597], [114.205514751, 30.570110163], [114.205520422, 30.570107239], [114.205525734, 30.570103847], [114.205530633, 30.570100025], [114.205535074, 30.570095807], [114.205539013, 30.570091235], [114.205542413, 30.570086354], [114.205545242, 30.570081208], [114.20554747, 30.570075849], [114.205549078, 30.570070326], [114.205550049, 30.570064695], [114.205550374, 30.57005901], [114.205550051, 30.570053323], [114.205549082, 30.570047693], [114.205547476, 30.57004217], [114.205545251, 30.57003681], [114.205542424, 30.570031663], [114.205539026, 30.57002678], [114.205535088, 30.570022206], [114.205530649, 30.570017988], [114.205525751, 30.570014164], [114.20552044, 30.570010772], [114.205514771, 30.570007845], [114.205508794, 30.570005409], [114.205502569, 30.570003492], [114.205496156, 30.570002107], [114.205489616, 30.570001271], [114.205483011, 30.57000099], [114.205476408, 30.570001269], [114.205469867, 30.570002103], [114.205463454, 30.570003486], [114.203892364, 30.570413586], [114.203852047, 30.570318837], [114.203885035, 30.570197624], [114.203943235, 30.570180061], [114.204338173, 30.570073348], [114.2043449, 30.570071185], [114.2043609, 30.570065184], [114.204366484, 30.570062822], [114.204371789, 30.570060026], [114.20438379, 30.570053026], [114.204389119, 30.570049573], [114.204394026, 30.570045684], [114.204402025, 30.570038684], [114.204408207, 30.570032449], [114.204414207, 30.570025449], [114.204417884, 30.570020684], [114.204420999, 30.570015632], [114.204423519, 30.570010338], [114.204425423, 30.570004857], [114.204429423, 30.569990857], [114.204430698, 30.569985192], [114.204431314, 30.569979446], [114.204431263, 30.569973675], [114.204430263, 30.569958675], [114.20443009, 30.569957286], [114.204429999, 30.569955891], [114.20442974, 30.569954457], [114.204429561, 30.569953015], [114.204429231, 30.569951647], [114.204428982, 30.569950266], [114.20442856, 30.569948862], [114.204428218, 30.569947441], [114.204427733, 30.569946107], [114.204427328, 30.569944754], [114.204312328, 30.569626754], [114.204312242, 30.569626554], [114.204312178, 30.569626347], [114.204312162, 30.569626311], [114.204312151, 30.569626273], [114.204261637, 30.569490759], [114.204262059, 30.569490528], [114.204267245, 30.569487022], [114.204272008, 30.569483097], [114.204276303, 30.569478791], [114.204280087, 30.569474144], [114.204283327, 30.5694692], [114.20428599, 30.569464007], [114.204288051, 30.569458616], [114.204289489, 30.569453077], [114.204290293, 30.569447443], [114.204290453, 30.569441768], [114.204289968, 30.569436107], [114.204288843, 30.569430514], [114.204287088, 30.569425043], [114.20407899, 30.568881349], [114.204075177, 30.568838562], [114.204073811, 30.568830582], [114.204059813, 30.56877558], [114.204057226, 30.568767959], [114.203998705, 30.568631081], [114.20397424, 30.568565665], [114.204754236, 30.568365596], [114.204755156, 30.568365317], [114.204756097, 30.568365093], [114.205146903, 30.568254148], [114.205809118, 30.568069969], [114.206697403, 30.570158317]]]}, "properties": {"id": 11483, "land_type": "居住用地"}}, {"type": "Feature", "geometry": {"type": "Polygon", "coordinates": [[[114.204293131, 30.569963921], [114.203964061, 30.570052837], [114.203940335, 30.569994436], [114.203949698, 30.569960036], [114.203950827, 30.569954815], [114.2039514, 30.569949529], [114.203951407, 30.569944219], [114.203950851, 30.569938931], [114.203949736, 30.569933709], [114.203948071, 30.569928596], [114.203899045, 30.569800879], [114.204203851, 30.569717041], [114.204293131, 30.569963921]]]}, "properties": {"id": 11484, "land_type": "居住用地"}}, {"type": "Feature", "geometry": {"type": "Polygon", "coordinates": [[[114.202160494, 30.570678387], [114.200373462, 30.571164143], [114.200351523, 30.571170014], [114.200343473, 30.571147163], [114.200343198, 30.571146501], [114.200342981, 30.571145825], [114.200197038, 30.570764972], [114.200124094, 30.570571121], [114.200122108, 30.570566515], [114.200119675, 30.570562072], [114.200105674, 30.570539071], [114.200101727, 30.570533398], [114.200097056, 30.57052815], [114.200078057, 30.57050915], [114.200074173, 30.570505582], [114.200069953, 30.570502309], [114.199989953, 30.570445308], [114.199982448, 30.570440669], [114.199773594, 30.570329411], [114.199734413, 30.570299025], [114.19969698, 30.570254423], [114.199673251, 30.57019934], [114.199624157, 30.570042242], [114.199537237, 30.569751096], [114.200249737, 30.569561465], [114.201587011, 30.569211863], [114.202160494, 30.570678387]]]}, "properties": {"id": 11485, "land_type": "居住用地"}}, {"type": "Feature", "geometry": {"type": "Polygon", "coordinates": [[[114.207322088, 30.571636386], [114.207332738, 30.57165555], [114.207342844, 30.571671206], [114.207534353, 30.571969162], [114.207537803, 30.571974319], [114.207600123, 30.572063903], [114.206418185, 30.57246707], [114.206412164, 30.572469425], [114.206406441, 30.572472275], [114.206401071, 30.572475595], [114.206396103, 30.572479352], [114.206391588, 30.57248351], [114.206387567, 30.572488029], [114.206384081, 30.572492867], [114.206381161, 30.572497974], [114.206378839, 30.572503303], [114.206377132, 30.572508803], [114.206376061, 30.572514421], [114.206375802, 30.57251787], [114.20637504, 30.572514866], [114.206373004, 30.572509449], [114.206329524, 30.572410633], [114.206221985, 30.572129835], [114.206221806, 30.572129375], [114.206095826, 30.571809427], [114.206014848, 30.571602479], [114.206014789, 30.571602331], [114.205854783, 30.571197039], [114.206968802, 30.570886114], [114.207322088, 30.571636386]]]}, "properties": {"id": 11493, "land_type": "居住用地"}}, {"type": "Feature", "geometry": {"type": "Polygon", "coordinates": [[[114.203873569, 30.574880067], [114.203872409, 30.574880031], [114.20387185, 30.574880015], [114.203588529, 30.574873315], [114.203577552, 30.574869323], [114.203591277, 30.574623137], [114.203606088, 30.574411821], [114.203617512, 30.57434233], [114.203873569, 30.574880067]]]}, "properties": {"id": 11508, "land_type": "商业服务用地"}}, {"type": "Feature", "geometry": {"type": "Polygon", "coordinates": [[[114.203225975, 30.570646114], [114.203225627, 30.570652], [114.203225627, 30.570664], [114.20322595, 30.570669679], [114.203226919, 30.570675304], [114.203229919, 30.570688306], [114.20323124, 30.570693001], [114.20323724, 30.570711002], [114.203238544, 30.570714495], [114.203482103, 30.571302188], [114.203482405, 30.57130853], [114.203480986, 30.571316098], [114.203479718, 30.571320324], [114.203478544, 30.571322965], [114.203473498, 30.571331166], [114.203421654, 30.571403552], [114.203418546, 30.571408392], [114.203406547, 30.571429392], [114.203403299, 30.57143611], [114.203393299, 30.571461109], [114.203391766, 30.571465494], [114.203385768, 30.571485494], [114.203384373, 30.571491387], [114.203383696, 30.571497374], [114.203382695, 30.571516373], [114.203382628, 30.571519], [114.203382628, 30.571536], [114.203382695, 30.571538626], [114.203383696, 30.571557626], [114.203384512, 30.571564378], [114.203386241, 30.571571001], [114.20339724, 30.571604001], [114.203397554, 30.571604795], [114.203397804, 30.571605604], [114.203398621, 30.571607488], [114.203399374, 30.57160939], [114.203399777, 30.571610152], [114.203400118, 30.571610937], [114.203422595, 30.571655892], [114.202772943, 30.571843432], [114.202357733, 30.570819186], [114.202331808, 30.570752891], [114.202335728, 30.570751248], [114.20234136, 30.570748265], [114.202346626, 30.570744823], [114.202351475, 30.570740953], [114.202355859, 30.570736692], [114.202359738, 30.570732082], [114.202363072, 30.570727166], [114.202365832, 30.570721994], [114.202367989, 30.570716612], [114.202369523, 30.570711075], [114.20237042, 30.570705434], [114.20237067, 30.570699746], [114.202370271, 30.570694063], [114.202369226, 30.570688442], [114.202367548, 30.570682935], [114.20236525, 30.570677598], [114.202362357, 30.57067248], [114.202358893, 30.57066763], [114.202354895, 30.570663096], [114.2023504, 30.570658921], [114.202345451, 30.570655146], [114.202340097, 30.570651807], [114.202334388, 30.570648935], [114.202328379, 30.570646559], [114.202322129, 30.570644702], [114.202315698, 30.570643381], [114.202309147, 30.57064261], [114.202302541, 30.570642395], [114.202295941, 30.570642738], [114.202289412, 30.570643637], [114.20228911, 30.570643705], [114.201715664, 30.569177268], [114.203163256, 30.568777604], [114.203299056, 30.568745333], [114.203319076, 30.5688075], [114.203319795, 30.568809368], [114.203320447, 30.568811256], [114.203461405, 30.569156153], [114.203566364, 30.569416052], [114.20356649, 30.569416362], [114.203661153, 30.569646541], [114.203714844, 30.569790712], [114.203715155, 30.569791424], [114.203715405, 30.569792153], [114.20380019, 30.570000856], [114.203770707, 30.570109187], [114.203730716, 30.570121255], [114.203727683, 30.570122317], [114.203724649, 30.570123377], [114.203724621, 30.570123389], [114.20372459, 30.570123399], [114.203721694, 30.570124712], [114.203718796, 30.570126023], [114.203718769, 30.570126038], [114.20371874, 30.570126051], [114.203716006, 30.570127601], [114.203713271, 30.57012915], [114.203713246, 30.570129168], [114.203713218, 30.570129183], [114.203710675, 30.570130956], [114.203708128, 30.570132728], [114.203708106, 30.570132748], [114.20370808, 30.570132766], [114.20370575, 30.570134745], [114.203703418, 30.570136723], [114.203703398, 30.570136745], [114.203703375, 30.570136764], [114.203701282, 30.570138932], [114.203699186, 30.570141097], [114.203692187, 30.570149097], [114.203688025, 30.570154449], [114.203684577, 30.570160165], [114.203681887, 30.570166175], [114.203678887, 30.570174174], [114.203678705, 30.570174667], [114.203674705, 30.570185668], [114.20367302, 30.570191264], [114.203671991, 30.570196977], [114.203671626, 30.57020275], [114.203671933, 30.570208525], [114.203672933, 30.570217524], [114.203673827, 30.570222901], [114.203675827, 30.570231902], [114.203677241, 30.570237004], [114.203680949, 30.570248125], [114.203685687, 30.570264239], [114.203687739, 30.570269956], [114.203711656, 30.570326161], [114.20367177, 30.570472712], [114.203649792, 30.570478662], [114.203649468, 30.570478765], [114.203649135, 30.570478843], [114.203646368, 30.57047975], [114.203643588, 30.570480633], [114.203643279, 30.570480764], [114.203642957, 30.570480869], [114.203640305, 30.570482007], [114.203637641, 30.570483119], [114.203637347, 30.570483275], [114.203637039, 30.570483407], [114.20363453, 30.570484762], [114.203632005, 30.570486096], [114.20363173, 30.570486275], [114.203631438, 30.570486432], [114.203629095, 30.570487993], [114.203626733, 30.570489533], [114.203626481, 30.570489734], [114.203626209, 30.570489915], [114.203624055, 30.570491667], [114.20362188, 30.570493398], [114.203621652, 30.57049362], [114.203621401, 30.570493824], [114.203619456, 30.570495747], [114.20361749, 30.570497655], [114.203617288, 30.570497895], [114.203617061, 30.570498118], [114.203615346, 30.570500197], [114.203613605, 30.570502261], [114.203613431, 30.570502518], [114.203613231, 30.570502759], [114.20361176, 30.570504973], [114.203610264, 30.570507174], [114.203610119, 30.570507443], [114.203609948, 30.5705077], [114.203608737, 30.570510028], [114.203607497, 30.570512344], [114.203607384, 30.570512624], [114.203607244, 30.570512895], [114.203606302, 30.570515313], [114.203605333, 30.570517723], [114.203605252, 30.570518011], [114.203605143, 30.570518293], [114.203604481, 30.570520779], [114.203603791, 30.57052326], [114.203603744, 30.570523553], [114.203603667, 30.570523841], [114.203603292, 30.570526372], [114.203602887, 30.570528898], [114.203602873, 30.570529195], [114.20360283, 30.570529489], [114.203602745, 30.570532038], [114.20360263, 30.570534587], [114.203602649, 30.570534882], [114.203602639, 30.570535179], [114.203602845, 30.570537723], [114.203603021, 30.570540269], [114.203603075, 30.570540562], [114.203603099, 30.570540858], [114.203603593, 30.570543373], [114.203604058, 30.570545892], [114.203604145, 30.570546179], [114.203604201, 30.570546471], [114.203604979, 30.570548932], [114.203605729, 30.5705514], [114.203605847, 30.570551677], [114.203605938, 30.570551964], [114.203692889, 30.570781833], [114.203823839, 30.571133701], [114.20382398, 30.571134073], [114.203938842, 30.571435713], [114.203962283, 30.571500096], [114.203550794, 30.571618884], [114.203525577, 30.571568452], [114.203517947, 30.571545557], [114.203517375, 30.571534686], [114.203517375, 30.571520313], [114.203517987, 30.571508659], [114.203521567, 30.571496723], [114.203529323, 30.571477338], [114.203538034, 30.571462092], [114.203589347, 30.571390447], [114.203591535, 30.571387157], [114.203599534, 30.571374158], [114.203602923, 30.571367733], [114.203606923, 30.571358734], [114.203609232, 30.571352508], [114.203612233, 30.571342507], [114.203613513, 30.571337246], [114.203616512, 30.571321245], [114.203617254, 30.571315452], [114.203617317, 30.571309623], [114.203616317, 30.571288624], [114.203616296, 30.571288414], [114.203616296, 30.571288204], [114.203615999, 30.57128558], [114.203615723, 30.571282954], [114.203615677, 30.571282748], [114.203615654, 30.571282538], [114.203615059, 30.571279952], [114.203614486, 30.571277362], [114.203614417, 30.57127716], [114.203614369, 30.571276953], [114.203613483, 30.57127443], [114.203612617, 30.571271901], [114.203612526, 30.571271706], [114.203612456, 30.571271504], [114.203366172, 30.570677234], [114.203365611, 30.570675552], [114.203500599, 30.570638231], [114.203506787, 30.570636227], [114.203512716, 30.57063371], [114.203518332, 30.570630704], [114.203523578, 30.57062724], [114.203528405, 30.570623349], [114.203532765, 30.57061907], [114.203536618, 30.570614444], [114.203539924, 30.570609514], [114.203542654, 30.570604329], [114.203544781, 30.570598938], [114.203546283, 30.570593394], [114.203547148, 30.570587751], [114.203547364, 30.570582061], [114.203546934, 30.57057638], [114.203545857, 30.570570764], [114.203544148, 30.570565265], [114.203541819, 30.570559937], [114.203538896, 30.57055483], [114.203535406, 30.570549995], [114.203531382, 30.570545478], [114.203526863, 30.570541322], [114.203521893, 30.570537569], [114.203516519, 30.570534252], [114.203510794, 30.570531405], [114.203504772, 30.570529054], [114.203498511, 30.570527224], [114.203492073, 30.57052593], [114.203485518, 30.570525185], [114.20347891, 30.570524998], [114.203472312, 30.570525369], [114.203465789, 30.570526296], [114.203459402, 30.570527769], [114.203289402, 30.570574769], [114.203283617, 30.570576624], [114.203278052, 30.570578928], [114.203272756, 30.570581661], [114.203267773, 30.570584799], [114.203263144, 30.570588317], [114.203257144, 30.570593317], [114.203253292, 30.570596804], [114.20324979, 30.570600555], [114.203243791, 30.570607554], [114.203239571, 30.570613118], [114.203236118, 30.570619063], [114.203231117, 30.570629062], [114.203228734, 30.570634587], [114.203227014, 30.57064029], [114.203225975, 30.570646114]]]}, "properties": {"id": 11486, "land_type": "居住用地"}}, {"type": "Feature", "geometry": {"type": "Polygon", "coordinates": [[[114.199493748, 30.570071442], [114.199493941, 30.570072072], [114.199543941, 30.570232073], [114.199545832, 30.570237172], [114.199573831, 30.570302172], [114.199576198, 30.57030699], [114.19957906, 30.570311604], [114.199582392, 30.570315977], [114.199629392, 30.570371976], [114.19963387, 30.570376756], [114.19963891, 30.570381103], [114.199687909, 30.570419102], [114.199692569, 30.570422402], [114.199697552, 30.570425331], [114.199907614, 30.570537232], [114.199979659, 30.570588565], [114.199989908, 30.570598814], [114.19999767, 30.570611565], [114.200047379, 30.570743668], [114.199306694, 30.570925173], [114.198601875, 30.571095129], [114.19833546, 30.57115903], [114.198330617, 30.571159584], [114.198307307, 30.571095699], [114.198233339, 30.570890784], [114.198233287, 30.57089064], [114.198131286, 30.570610639], [114.198131221, 30.57061046], [114.198075351, 30.570458815], [114.197975763, 30.570175949], [114.198738315, 30.569967309], [114.199408441, 30.569785704], [114.199493748, 30.570071442]]]}, "properties": {"id": 11487, "land_type": "居住用地"}}, {"type": "Feature", "geometry": {"type": "Polygon", "coordinates": [[[114.197705895, 30.571877936], [114.197155521, 30.570398058], [114.197847268, 30.570210908], [114.197946524, 30.570492828], [114.19794667, 30.57049318], [114.197946781, 30.570493541], [114.198002747, 30.57064545], [114.198104689, 30.570925289], [114.198178663, 30.571130216], [114.198178724, 30.571130385], [114.198205723, 30.571204385], [114.198208117, 30.571209937], [114.198214118, 30.571221937], [114.198217032, 30.571227058], [114.198220517, 30.571231907], [114.198228518, 30.571241908], [114.198232993, 30.571246897], [114.198238071, 30.57125144], [114.198243691, 30.57125548], [114.198257691, 30.571264481], [114.198263248, 30.571267697], [114.198269151, 30.571270422], [114.198275337, 30.571272629], [114.198281748, 30.571274295], [114.19828832, 30.571275407], [114.19830432, 30.571277407], [114.198310489, 30.57127793], [114.198316689, 30.571277963], [114.198322865, 30.571277505], [114.198357865, 30.571273505], [114.198367081, 30.57127188], [114.19863808, 30.57120688], [114.19863817, 30.571206859], [114.19934317, 30.57103686], [114.199343443, 30.571036793], [114.200089272, 30.570854028], [114.200214763, 30.571181508], [114.200222843, 30.571204447], [114.197705895, 30.571877936]]]}, "properties": {"id": 11489, "land_type": "居住用地"}}, {"type": "Feature", "geometry": {"type": "Polygon", "coordinates": [[[114.202645227, 30.571880438], [114.200878943, 30.572392756], [114.200512465, 30.571356465], [114.2022516, 30.570909437], [114.202645227, 30.571880438]]]}, "properties": {"id": 11491, "land_type": "教育用地"}}, {"type": "Feature", "geometry": {"type": "Polygon", "coordinates": [[[114.206968135, 30.572600127], [114.206964653, 30.572601506], [114.206961079, 30.572602703], [114.206955648, 30.572605073], [114.206950117, 30.572607264], [114.206946807, 30.57260893], [114.206943387, 30.572610423], [114.206938252, 30.57261324], [114.206932995, 30.572615888], [114.206929893, 30.572617826], [114.206926659, 30.5726196], [114.206921869, 30.572622837], [114.20691694, 30.572625915], [114.206914072, 30.572628106], [114.206911056, 30.572630144], [114.206887914, 30.572647428], [114.205249426, 30.573075096], [114.205098452, 30.572876338], [114.205046519, 30.572807426], [114.205042355, 30.572802491], [114.205037613, 30.572797959], [114.204987612, 30.57275496], [114.204982637, 30.572751086], [114.204881859, 30.572680169], [114.204874509, 30.572671122], [114.204866405, 30.572660807], [114.204854821, 30.572640536], [114.204846397, 30.57261695], [114.204846359, 30.572616842], [114.204805359, 30.572502842], [114.204805136, 30.572502234], [114.20473422, 30.572312459], [114.204649303, 30.572078686], [114.204649167, 30.572078315], [114.204591227, 30.571922478], [114.204485286, 30.571631642], [114.204485082, 30.571631162], [114.204484922, 30.571630671], [114.204465457, 30.571580346], [114.205726513, 30.571232626], [114.205887182, 30.571639594], [114.205968153, 30.57184652], [114.205968193, 30.571846625], [114.206094104, 30.572166395], [114.206202015, 30.572448166], [114.206202996, 30.572450551], [114.206246996, 30.57255055], [114.206249639, 30.572555768], [114.206252863, 30.572560737], [114.206256638, 30.572565412], [114.206260927, 30.572569744], [114.206265688, 30.572573695], [114.206270875, 30.572577224], [114.206276439, 30.572580298], [114.206282327, 30.572582889], [114.206288481, 30.572584969], [114.206294843, 30.57258652], [114.20630135, 30.572587527], [114.206307941, 30.57258798], [114.206314551, 30.572587875], [114.206321118, 30.572587212], [114.206327578, 30.572585999], [114.206333869, 30.572584245], [114.206339928, 30.57258197], [114.206345701, 30.572579193], [114.20635113, 30.572575943], [114.206356162, 30.572572252], [114.20636075, 30.572568152], [114.206364849, 30.572563686], [114.20636842, 30.572558895], [114.206371428, 30.572553825], [114.206373845, 30.572548526], [114.206375647, 30.57254305], [114.206376816, 30.572537447], [114.206377209, 30.572533213], [114.206378232, 30.572536977], [114.206380363, 30.572542366], [114.206383097, 30.572547549], [114.206386407, 30.572552476], [114.206390264, 30.572557101], [114.206394627, 30.572561378], [114.206399457, 30.572565265], [114.206404707, 30.572568727], [114.206410324, 30.572571728], [114.206416256, 30.572574242], [114.206422446, 30.572576242], [114.206428834, 30.572577711], [114.206435358, 30.572578634], [114.206441957, 30.572579001], [114.206448565, 30.572578809], [114.206455119, 30.572578061], [114.206461556, 30.572576764], [114.206467816, 30.57257493], [114.207670285, 30.57216476], [114.207816032, 30.572374267], [114.207756827, 30.572432213], [114.207730434, 30.572453413], [114.2076255, 30.572490043], [114.207342657, 30.572557322], [114.207240976, 30.572567617], [114.207221267, 30.572563593], [114.207198793, 30.572561242], [114.207176155, 30.572561071], [114.207102455, 30.572564071], [114.207080026, 30.572566069], [114.207057995, 30.572570204], [114.207036637, 30.572576427], [114.206968135, 30.572600127]]]}, "properties": {"id": 11494, "land_type": "居住用地"}}, {"type": "Feature", "geometry": {"type": "Polygon", "coordinates": [[[114.204356891, 30.571666846], [114.204462715, 30.57195736], [114.204462834, 30.571957685], [114.204520765, 30.5721135], [114.204605697, 30.572347315], [114.204605864, 30.572347766], [114.204676751, 30.572537463], [114.204717622, 30.572651104], [114.204727602, 30.57267905], [114.204729377, 30.572683396], [114.204731548, 30.572687608], [114.204747547, 30.572715608], [114.204752196, 30.572722503], [114.204763197, 30.572736503], [114.204763794, 30.572737251], [114.204776793, 30.572753251], [114.204780562, 30.572757464], [114.204784764, 30.572761364], [114.204789364, 30.572764914], [114.204894763, 30.572839084], [114.204937354, 30.572875712], [114.204985481, 30.572939574], [114.204985614, 30.572939749], [114.205115061, 30.573110168], [114.204232362, 30.573340563], [114.204215064, 30.573345827], [114.204198394, 30.573352419], [114.204149543, 30.573374099], [114.204144154, 30.573361246], [114.204246997, 30.573325866], [114.204247811, 30.573325581], [114.204261812, 30.573320582], [114.204266904, 30.573318545], [114.204275904, 30.573314545], [114.204281188, 30.57331193], [114.204286175, 30.573308914], [114.204290825, 30.573305523], [114.2042951, 30.573301784], [114.204298967, 30.573297727], [114.204302389, 30.573293387], [114.20430739, 30.573286387], [114.204311883, 30.573278936], [114.204313884, 30.573274936], [114.204316267, 30.573269412], [114.204317987, 30.573263709], [114.204319027, 30.573257885], [114.204319374, 30.573252], [114.204319374, 30.573246], [114.204319171, 30.573241501], [114.204318564, 30.573237029], [114.204316564, 30.573226028], [114.204314849, 30.573219268], [114.204296849, 30.573164267], [114.204296004, 30.5731621], [114.204295208, 30.573159919], [114.204187364, 30.572908282], [114.204090535, 30.572672699], [114.204023557, 30.572508752], [114.204021629, 30.572504561], [114.20401933, 30.572500513], [114.203985814, 30.572446887], [114.203956835, 30.572387994], [114.203904929, 30.572261655], [114.203849297, 30.572108668], [114.20384875, 30.572107228], [114.20373489, 30.571820585], [114.203721081, 30.571784286], [114.204098381, 30.571679291], [114.204336955, 30.571615303], [114.204356891, 30.571666846]]]}, "properties": {"id": 11495, "land_type": "居住用地"}}, {"type": "Feature", "geometry": {"type": "Polygon", "coordinates": [[[114.203606973, 30.571857057], [114.20360713, 30.571857409], [114.203607251, 30.571857772], [114.203720968, 30.572144055], [114.203776704, 30.572297331], [114.203777484, 30.572299345], [114.203830483, 30.572428345], [114.203831965, 30.572431629], [114.203862964, 30.572494628], [114.203865671, 30.572499487], [114.203898185, 30.57255151], [114.203963444, 30.572711248], [114.203963486, 30.572711351], [114.204060486, 30.572947352], [114.204060792, 30.572948081], [114.204167872, 30.573197934], [114.204176762, 30.573225095], [114.204072003, 30.573261132], [114.204065634, 30.573263662], [114.204059606, 30.573266748], [114.204053983, 30.573270356], [114.204039982, 30.573280356], [114.204036143, 30.573283318], [114.204030145, 30.573288318], [114.204025944, 30.573292152], [114.204020943, 30.573297152], [114.204017015, 30.573301479], [114.204013578, 30.573306106], [114.204010667, 30.573310993], [114.204008305, 30.573316095], [114.204006513, 30.573321366], [114.20400531, 30.57332676], [114.20400431, 30.57333276], [114.204003626, 30.573341], [114.204003626, 30.573347], [114.204003774, 30.573350834], [114.204004774, 30.573363833], [114.204005483, 30.573369218], [114.204006772, 30.573374522], [114.20400863, 30.5733797], [114.204028761, 30.573427702], [114.204005226, 30.573438148], [114.203448956, 30.573585795], [114.202846337, 30.572027062], [114.203571839, 30.571823444], [114.203592245, 30.571818344], [114.203606973, 30.571857057]]]}, "properties": {"id": 11498, "land_type": "居住用地"}}, {"type": "Feature", "geometry": {"type": "Polygon", "coordinates": [[[114.203320197, 30.573620087], [114.201493975, 30.574106884], [114.20095215, 30.572597538], [114.202718695, 30.572064242], [114.203320197, 30.573620087]]]}, "properties": {"id": 11500, "land_type": "居住用地"}}, {"type": "Feature", "geometry": {"type": "Polygon", "coordinates": [[[114.200378623, 30.571444932], [114.200396099, 30.571486438], [114.200788601, 30.572583045], [114.200918587, 30.572948006], [114.200918844, 30.572948712], [114.201362929, 30.574141084], [114.198837165, 30.574787028], [114.19787014, 30.572153116], [114.197867711, 30.572147521], [114.197864628, 30.572142171], [114.197801638, 30.572045715], [114.200324692, 30.571404626], [114.200378623, 30.571444932]]]}, "properties": {"id": 11501, "land_type": "居住用地"}}, {"type": "Feature", "geometry": {"type": "Polygon", "coordinates": [[[114.201167151, 30.575328467], [114.201170225, 30.57534752], [114.201168653, 30.575363246], [114.20116262, 30.575377322], [114.201149879, 30.575393539], [114.201132973, 30.575406543], [114.201095084, 30.575429605], [114.201060147, 30.57544358], [114.200873102, 30.575491072], [114.200719483, 30.575054192], [114.200718669, 30.57505223], [114.200717916, 30.57505025], [114.200717559, 30.575049551], [114.20071726, 30.575048832], [114.200716226, 30.575046947], [114.200715251, 30.57504504], [114.200714815, 30.575044375], [114.200714436, 30.575043685], [114.200713192, 30.575041896], [114.200712005, 30.575040081], [114.200711495, 30.575039455], [114.20071104, 30.575038801], [114.2007096, 30.575037126], [114.20070821, 30.575035419], [114.200707633, 30.57503484], [114.200707105, 30.575034227], [114.20070548, 30.575032681], [114.200703903, 30.575031101], [114.200703263, 30.575030572], [114.200702667, 30.575030006], [114.200700875, 30.575028606], [114.200699126, 30.575027165], [114.200698428, 30.575026694], [114.20069777, 30.575026181], [114.200695827, 30.575024938], [114.200693923, 30.575023653], [114.200693174, 30.575023242], [114.200692462, 30.575022787], [114.200690387, 30.575021715], [114.200688345, 30.575020596], [114.200687554, 30.575020251], [114.200686793, 30.575019858], [114.200684606, 30.575018966], [114.200682446, 30.575018024], [114.20068162, 30.575017748], [114.200680819, 30.575017422], [114.200678539, 30.575016719], [114.200676282, 30.575015964], [114.200675428, 30.575015759], [114.200674593, 30.5750155], [114.200672246, 30.575014993], [114.200669914, 30.575014433], [114.200669041, 30.5750143], [114.20066818, 30.575014114], [114.200665786, 30.575013807], [114.200663403, 30.575013446], [114.200662518, 30.575013388], [114.200661641, 30.575013276], [114.200659223, 30.575013173], [114.20065681, 30.575013014], [114.200655924, 30.575013031], [114.200655038, 30.575012994], [114.20065262, 30.575013094], [114.2006502, 30.575013141], [114.20064932, 30.575013233], [114.200648434, 30.57501327], [114.200646039, 30.575013575], [114.200643636, 30.575013825], [114.200642771, 30.57501399], [114.200641893, 30.575014102], [114.200639545, 30.575014607], [114.200637182, 30.575015058], [114.200636339, 30.575015297], [114.200635478, 30.575015482], [114.200633199, 30.575016183], [114.200630899, 30.575016832], [114.200157899, 30.575172832], [114.200157537, 30.575172969], [114.200157161, 30.575173079], [114.20011846, 30.575186294], [114.200089113, 30.575194226], [114.200068575, 30.575196716], [114.200053064, 30.575195804], [114.200042338, 30.575191831], [114.200029096, 30.575184192], [114.200013277, 30.575168372], [114.199993663, 30.575146404], [114.199984696, 30.575130391], [114.199975239, 30.575105177], [114.199963981, 30.575058263], [114.199963803, 30.57505767], [114.199963678, 30.575057068], [114.199954432, 30.575022257], [114.200947077, 30.574772029], [114.200980212, 30.574855672], [114.20101719, 30.574949617], [114.201017228, 30.574949711], [114.201167151, 30.575328467]]]}, "properties": {"id": 11509, "land_type": "居住用地"}}, {"type": "Feature", "geometry": {"type": "Polygon", "coordinates": [[[114.203562556, 30.574086414], [114.203562418, 30.574086509], [114.203557479, 30.574090669], [114.203542478, 30.574104669], [114.203538571, 30.574108662], [114.203535098, 30.574112941], [114.203532084, 30.574117473], [114.203529556, 30.574122219], [114.203521557, 30.574139219], [114.203520042, 30.574142764], [114.203515043, 30.574155763], [114.203513481, 30.574160486], [114.203512388, 30.574165305], [114.203484388, 30.574324304], [114.203484292, 30.57432487], [114.203472292, 30.574397871], [114.203471749, 30.574402506], [114.203456749, 30.574616505], [114.203456704, 30.574617218], [114.203442277, 30.574876006], [114.203410043, 30.574895674], [114.203405176, 30.574898942], [114.203400678, 30.574902579], [114.203396584, 30.574906556], [114.203392931, 30.57491084], [114.203389747, 30.574915392], [114.203345747, 30.574985392], [114.203342745, 30.574990823], [114.203340412, 30.574996491], [114.203310414, 30.575083491], [114.203309367, 30.575086902], [114.203295366, 30.5751389], [114.203294244, 30.575144163], [114.203259244, 30.575365164], [114.203259188, 30.575365521], [114.203230305, 30.575556755], [114.20320845, 30.575676479], [114.20317979, 30.575744547], [114.203142581, 30.575811523], [114.203085639, 30.575893378], [114.2030366, 30.575930372], [114.203035324, 30.57593136], [114.202734323, 30.57617036], [114.202733884, 30.576170712], [114.202617094, 30.576265118], [114.202413772, 30.576390984], [114.201688508, 30.574583231], [114.203565788, 30.574059524], [114.203562556, 30.574086414]]]}, "properties": {"id": 11511, "land_type": "商务办公用地"}}, {"type": "Feature", "geometry": {"type": "Polygon", "coordinates": [[[114.202297307, 30.576456024], [114.202188308, 30.576516794], [114.201943143, 30.576643843], [114.201886192, 30.576671336], [114.201229815, 30.576984561], [114.200801231, 30.577165541], [114.200475752, 30.577292775], [114.200340799, 30.577329839], [114.200193004, 30.577356538], [114.20007352, 30.577365873], [114.199995969, 30.577362755], [114.199991858, 30.577351121], [114.199990017, 30.577346593], [114.199476902, 30.576234059], [114.200270657, 30.576145525], [114.200273115, 30.576145211], [114.200398115, 30.57612721], [114.200404675, 30.576125974], [114.200498674, 30.576103975], [114.200506429, 30.576101716], [114.200513809, 30.576098663], [114.200563808, 30.576074663], [114.200568662, 30.576072095], [114.200573249, 30.576069183], [114.200577531, 30.576065949], [114.200618456, 30.5760323], [114.20065806, 30.576009199], [114.200678823, 30.576000299], [114.200695263, 30.575995039], [114.200698083, 30.575994568], [114.200703178, 30.575995012], [114.200709052, 30.5759968], [114.200714806, 30.576000461], [114.20072079, 30.576007443], [114.200723133, 30.576010022], [114.200773932, 30.576062773], [114.201008813, 30.57633647], [114.201012998, 30.576340876], [114.201017665, 30.576344908], [114.201022768, 30.576348528], [114.201028259, 30.576351699], [114.201034084, 30.576354391], [114.201040189, 30.576356579], [114.201046512, 30.576358241], [114.201052994, 30.576359362], [114.201059573, 30.576359931], [114.201066184, 30.576359941], [114.201072766, 30.576359393], [114.201079252, 30.576358292], [114.201085583, 30.57635665], [114.201091696, 30.576354481], [114.201097532, 30.576351806], [114.201103037, 30.576348652], [114.201108155, 30.57634505], [114.201112838, 30.576341031], [114.201117043, 30.576336637], [114.201120726, 30.57633191], [114.201123852, 30.576326895], [114.201126394, 30.57632164], [114.201128325, 30.576316196], [114.201129626, 30.576310615], [114.201130286, 30.576304951], [114.201130298, 30.576299258], [114.201129662, 30.576293592], [114.201128384, 30.576288007], [114.201126476, 30.576282557], [114.201123957, 30.576277294], [114.201120851, 30.576272268], [114.201117188, 30.57626753], [114.200881188, 30.57599253], [114.200878866, 30.575989977], [114.200828081, 30.575937239], [114.200817212, 30.575924557], [114.200812969, 30.575920092], [114.200808233, 30.57591601], [114.200803048, 30.575912354], [114.200781048, 30.575898354], [114.200775502, 30.575895176], [114.200769618, 30.575892486], [114.200763454, 30.57589031], [114.200740454, 30.575883311], [114.200732718, 30.575881395], [114.200724771, 30.575880288], [114.20070177, 30.575878288], [114.200695228, 30.575877995], [114.200688681, 30.57587825], [114.200682195, 30.575879051], [114.200664195, 30.575882052], [114.2006588, 30.575883151], [114.20065353, 30.575884628], [114.200628529, 30.575892628], [114.200621975, 30.575895073], [114.200593976, 30.575907073], [114.20058621, 30.575910978], [114.200538209, 30.575938979], [114.200533692, 30.575941857], [114.200529468, 30.57594505], [114.200490684, 30.57597694], [114.200455382, 30.575993885], [114.200372571, 30.576013266], [114.200252112, 30.576030612], [114.199425589, 30.576122801], [114.199373613, 30.576010104], [114.199471082, 30.575982093], [114.199888831, 30.575865163], [114.199888937, 30.575865128], [114.199889046, 30.575865102], [114.200053867, 30.575818437], [114.200354672, 30.575743734], [114.200354868, 30.575743676], [114.200355068, 30.575743634], [114.200847063, 30.575618636], [114.201103057, 30.575553636], [114.201107788, 30.575552269], [114.201112388, 30.575550606], [114.201157388, 30.575532606], [114.201162779, 30.575530188], [114.201167895, 30.575527364], [114.201213894, 30.575499364], [114.201219888, 30.575495257], [114.201245888, 30.575475256], [114.201249865, 30.575471934], [114.201253513, 30.57546834], [114.201256805, 30.575464501], [114.201278805, 30.575436501], [114.201282943, 30.575430482], [114.201286208, 30.575424079], [114.201298208, 30.57539608], [114.201300034, 30.575391153], [114.201301344, 30.575386105], [114.201302125, 30.575380976], [114.201305126, 30.575350976], [114.201305351, 30.575344489], [114.201304733, 30.575338021], [114.201299733, 30.575307022], [114.201298549, 30.575301595], [114.201296771, 30.575296289], [114.20114479, 30.574912335], [114.201107809, 30.574818382], [114.201107784, 30.574818329], [114.201107766, 30.574818274], [114.201076519, 30.574739398], [114.201559732, 30.57461759], [114.202297307, 30.576456024]]]}, "properties": {"id": 11520, "land_type": "居住用地"}}, {"type": "Feature", "geometry": {"type": "Polygon", "coordinates": [[[114.238189193, 30.562709465], [114.238236776, 30.56272306], [114.238281455, 30.562754721], [114.239477193, 30.564105418], [114.238089667, 30.564819405], [114.237126535, 30.563469538], [114.237150409, 30.563447007], [114.237150839, 30.5634466], [114.237195081, 30.563404582], [114.23720288, 30.56339887], [114.237331144, 30.563305388], [114.237465863, 30.563208398], [114.237657565, 30.563077652], [114.237658806, 30.563076795], [114.238133697, 30.562744972], [114.2381855, 30.562708928], [114.238189193, 30.562709465]]]}, "properties": {"id": 11763, "land_type": "公园与绿地用地"}}, {"type": "Feature", "geometry": {"type": "Polygon", "coordinates": [[[114.234445178, 30.56414773], [114.234553721, 30.564316336], [114.23411853, 30.564533401], [114.234115903, 30.564534781], [114.233771473, 30.564725171], [114.233388673, 30.564179409], [114.233097114, 30.563763689], [114.233921872, 30.563335161], [114.234445178, 30.56414773]]]}, "properties": {"id": 11764, "land_type": "工业用地"}}, {"type": "Feature", "geometry": {"type": "Polygon", "coordinates": [[[114.209437924, 30.56161167], [114.20912964, 30.56169864], [114.208965203, 30.561252658], [114.209275229, 30.561162055], [114.209437924, 30.56161167]]]}, "properties": {"id": 11675, "land_type": "居住用地"}}, {"type": "Feature", "geometry": {"type": "Polygon", "coordinates": [[[114.221998328, 30.562715133], [114.221460091, 30.56280853], [114.221451876, 30.562810426], [114.21990136, 30.563260527], [114.219029859, 30.560695826], [114.220346792, 30.56039726], [114.220535597, 30.560849621], [114.220536126, 30.560850848], [114.220680011, 30.561172589], [114.220805831, 30.561462173], [114.220916474, 30.561721337], [114.221263204, 30.562600652], [114.221265634, 30.562605947], [114.221268656, 30.562611012], [114.221272238, 30.562615795], [114.221276349, 30.562620255], [114.221280947, 30.562624345], [114.22128599, 30.562628029], [114.221291426, 30.562631268], [114.221297206, 30.562634033], [114.221303272, 30.562636298], [114.221309567, 30.562638039], [114.22131603, 30.56263924], [114.221322599, 30.562639891], [114.22132921, 30.562639982], [114.2213358, 30.562639517], [114.221342304, 30.562638498], [114.221348662, 30.562636934], [114.221354811, 30.562634841], [114.221360692, 30.562632239], [114.221366248, 30.562629154], [114.221371426, 30.562625615], [114.221376177, 30.562621655], [114.221380455, 30.562617313], [114.221384217, 30.562612631], [114.221387428, 30.562607655], [114.221390058, 30.562602431], [114.221392079, 30.562597011], [114.221393475, 30.562591446], [114.22139423, 30.56258579], [114.221394338, 30.562580097], [114.221393796, 30.562574424], [114.221392613, 30.562568823], [114.221390797, 30.562563348], [114.221043796, 30.561683347], [114.221043236, 30.561681983], [114.220932237, 30.561421983], [114.220932103, 30.561421672], [114.220806103, 30.561131672], [114.220805873, 30.561131152], [114.220662146, 30.560809762], [114.2204776, 30.560367605], [114.22119557, 30.560204831], [114.221306786, 30.560502886], [114.221310647, 30.560638028], [114.221311157, 30.560643871], [114.221312351, 30.560649641], [114.221314213, 30.560655279], [114.221655714, 30.561519978], [114.221655857, 30.56152029], [114.221655968, 30.56152061], [114.221657073, 30.561522935], [114.221658147, 30.561525273], [114.221658325, 30.561525569], [114.221658471, 30.561525879], [114.221659837, 30.5615281], [114.221661172, 30.561530335], [114.221661382, 30.561530616], [114.221661564, 30.561530911], [114.221663175, 30.561533007], [114.221664758, 30.561535118], [114.221664998, 30.56153538], [114.221665213, 30.561535659], [114.221667055, 30.561537609], [114.221668871, 30.561539575], [114.221669141, 30.561539817], [114.221669386, 30.561540076], [114.22167144, 30.56154186], [114.221673472, 30.561543665], [114.221673767, 30.561543881], [114.221674041, 30.561544118], [114.221676289, 30.561545721], [114.221678516, 30.561547346], [114.221678835, 30.561547536], [114.221679134, 30.561547749], [114.221681554, 30.561549154], [114.221683954, 30.561550583], [114.221684293, 30.561550745], [114.221684615, 30.561550932], [114.221687184, 30.561552126], [114.221689736, 30.561553346], [114.221690091, 30.561553479], [114.221690433, 30.561553637], [114.221693124, 30.561554609], [114.221695803, 30.561555608], [114.221696173, 30.56155571], [114.22169653, 30.561555839], [114.22169932, 30.561556579], [114.221702099, 30.561557346], [114.221702479, 30.561557416], [114.221702849, 30.561557514], [114.22170571, 30.561558016], [114.221708563, 30.561558545], [114.221708948, 30.561558583], [114.221709328, 30.561558649], [114.221712231, 30.561558907], [114.221715131, 30.561559192], [114.221715519, 30.561559198], [114.221715905, 30.561559232], [114.221718824, 30.561559243], [114.221721742, 30.561559282], [114.221722129, 30.561559255], [114.221722517, 30.561559256], [114.221725423, 30.561559021], [114.221728331, 30.561558814], [114.221728714, 30.561558754], [114.221729099, 30.561558723], [114.221731965, 30.561558244], [114.221734835, 30.561557791], [114.221735209, 30.5615577], [114.22173559, 30.561557636], [114.221738387, 30.561556917], [114.221741192, 30.561556226], [114.221741553, 30.561556102], [114.221741865, 30.561556022], [114.222121786, 30.562385302], [114.221969789, 30.562419244], [114.22196335, 30.562420982], [114.221957146, 30.562423266], [114.221951238, 30.562426072], [114.221945687, 30.562429374], [114.221940546, 30.562433137], [114.221935869, 30.562437325], [114.2219317, 30.562441893], [114.221928083, 30.562446798], [114.221925055, 30.56245199], [114.221922645, 30.562457416], [114.221920877, 30.562463024], [114.221919771, 30.562468754], [114.221919334, 30.562474552], [114.221919573, 30.562480358], [114.221920486, 30.562486115], [114.221922062, 30.562491763], [114.221998328, 30.562715133]]]}, "properties": {"id": 11676, "land_type": "居住用地"}}, {"type": "Feature", "geometry": {"type": "Polygon", "coordinates": [[[114.209400473, 30.561747323], [114.209480474, 30.561942323], [114.209482902, 30.561947449], [114.2095509, 30.562073445], [114.209591847, 30.562149348], [114.209621367, 30.562204578], [114.209653223, 30.562284703], [114.209787095, 30.562624923], [114.209494544, 30.56270276], [114.209170138, 30.561809312], [114.209399487, 30.561744611], [114.209400473, 30.561747323]]]}, "properties": {"id": 11677, "land_type": "居住用地"}}, {"type": "Feature", "geometry": {"type": "Polygon", "coordinates": [[[114.219017902, 30.561226951], [114.219018273, 30.561228099], [114.219284256, 30.562021052], [114.219370104, 30.562278592], [114.219488974, 30.562656179], [114.219697043, 30.563315493], [114.217925394, 30.563774345], [114.215107356, 30.564504258], [114.215049273, 30.564509277], [114.215045508, 30.564509695], [114.214962675, 30.56452094], [114.214740052, 30.563911899], [114.214805522, 30.563895778], [114.215524521, 30.563718778], [114.215528986, 30.563717532], [114.215544986, 30.563712532], [114.215550957, 30.563710382], [114.215556659, 30.563707747], [114.215562043, 30.563704656], [114.215573042, 30.563697656], [114.215577762, 30.563694358], [114.215582118, 30.563690709], [114.215586073, 30.563686737], [114.215589597, 30.563682473], [114.215592598, 30.563678472], [114.215595447, 30.563674302], [114.215597882, 30.563669941], [114.215600882, 30.563663941], [114.215603266, 30.563658416], [114.215604987, 30.563652711], [114.215606027, 30.563646886], [114.215606375, 30.563641], [114.215606375, 30.563627], [114.215605903, 30.563620153], [114.215604498, 30.563613403], [114.215590497, 30.563563404], [114.215589968, 30.563561636], [114.215553074, 30.563445967], [114.215452175, 30.563114299], [114.215451474, 30.563112161], [114.215296474, 30.56267216], [114.215296296, 30.562671665], [114.215196434, 30.562397046], [114.215106566, 30.562137429], [114.215104703, 30.562132776], [114.215062704, 30.562040776], [114.215060206, 30.56203596], [114.214963424, 30.561870048], [114.214908441, 30.561753212], [114.214908063, 30.561752508], [114.214907743, 30.561751783], [114.214896369, 30.561729355], [114.216107222, 30.561414378], [114.218865509, 30.560734967], [114.219017902, 30.561226951]]]}, "properties": {"id": 11678, "land_type": "居住用地"}}, {"type": "Feature", "geometry": {"type": "Polygon", "coordinates": [[[114.214783896, 30.561797506], [114.214839559, 30.561915788], [114.214841795, 30.56192004], [114.214938419, 30.56208568], [114.21497825, 30.562172933], [114.215067433, 30.562430572], [114.215067705, 30.562431335], [114.215167615, 30.562706088], [114.215322153, 30.563144776], [114.215422825, 30.563475701], [114.215422945, 30.563476029], [114.215423032, 30.563476365], [114.215459752, 30.563591485], [114.215465662, 30.563612592], [114.214768478, 30.563784222], [114.214699585, 30.563801186], [114.214471829, 30.563178093], [114.21409533, 30.561937728], [114.214766471, 30.561763146], [114.214783896, 30.561797506]]]}, "properties": {"id": 11679, "land_type": "居住用地"}}, {"type": "Feature", "geometry": {"type": "Polygon", "coordinates": [[[114.223697472, 30.564926268], [114.223725292, 30.565063045], [114.221409567, 30.565678383], [114.221341724, 30.565690125], [114.221339977, 30.565690505], [114.221338214, 30.565690817], [114.221336774, 30.565691202], [114.221335313, 30.56569152], [114.221333619, 30.565692045], [114.221331899, 30.565692504], [114.221197721, 30.565734675], [114.221184984, 30.56573806], [114.22096544, 30.565792233], [114.220963984, 30.565792607], [114.220778687, 30.56584225], [114.220330855, 30.564524418], [114.220467154, 30.56448962], [114.220473392, 30.564487735], [114.220479387, 30.564485333], [114.220485079, 30.564482437], [114.220490415, 30.564479074], [114.220495341, 30.564475277], [114.220499812, 30.564471083], [114.220503783, 30.564466532], [114.220507218, 30.564461668], [114.220510083, 30.564456536], [114.220512349, 30.564451188], [114.220513996, 30.564445674], [114.220515007, 30.564440048], [114.220515373, 30.564434364], [114.220515089, 30.564428676], [114.22051416, 30.564423038], [114.220512594, 30.564417509], [114.220510406, 30.564412136], [114.220507617, 30.564406974], [114.220504252, 30.564402073], [114.220500348, 30.56439748], [114.220495938, 30.564393237], [114.220491067, 30.564389388], [114.220485781, 30.564385968], [114.220480132, 30.564383011], [114.220474172, 30.564380544], [114.220467961, 30.564378592], [114.220461558, 30.564377174], [114.220455024, 30.564376304], [114.220448422, 30.56437599], [114.220441817, 30.564376232], [114.220435271, 30.564377033], [114.220428847, 30.564378382], [114.220293013, 30.564413062], [114.219939232, 30.563371977], [114.221490885, 30.562921546], [114.222097009, 30.56281637], [114.223096221, 30.562642993], [114.223207347, 30.563038044], [114.22337019, 30.563677427], [114.223370209, 30.563677501], [114.22352321, 30.564274501], [114.223523344, 30.564275015], [114.223697472, 30.564926268]]]}, "properties": {"id": 11680, "land_type": "商业服务用地"}}, {"type": "Feature", "geometry": {"type": "Polygon", "coordinates": [[[114.220101112, 30.564521621], [114.220325847, 30.565240774], [114.220480746, 30.565758436], [114.220526075, 30.56591077], [114.219927698, 30.566062244], [114.219752505, 30.566106586], [114.219690462, 30.566120988], [114.219683961, 30.566122806], [114.219669077, 30.566127702], [114.218874175, 30.566328893], [114.218523467, 30.565204651], [114.218522602, 30.565202109], [114.218157227, 30.564213406], [114.218228275, 30.564141633], [114.218230871, 30.564138841], [114.218271489, 30.564092277], [114.218307285, 30.56405281], [114.218428009, 30.563951557], [114.218432629, 30.563947272], [114.218469629, 30.563909271], [114.218473131, 30.563905346], [114.218499672, 30.563872813], [114.218502286, 30.563870802], [114.218513971, 30.563864681], [114.218561425, 30.563847105], [114.218599167, 30.563835782], [114.218600791, 30.563835275], [114.218680792, 30.563809275], [114.21868246, 30.563808711], [114.218957811, 30.563711939], [114.219211156, 30.563628157], [114.219211232, 30.563628131], [114.219439783, 30.563552275], [114.219750624, 30.563481555], [114.220101112, 30.564521621]]]}, "properties": {"id": 11681, "land_type": "居住用地"}}, {"type": "Feature", "geometry": {"type": "Polygon", "coordinates": [[[114.215094354, 30.570775129], [114.215010354, 30.570780129], [114.2150096, 30.570780178], [114.214879599, 30.570789178], [114.214877046, 30.570789397], [114.214311983, 30.570847238], [114.214291189, 30.570605712], [114.214291132, 30.570605093], [114.214284642, 30.570539251], [114.214288726, 30.570501676], [114.214294806, 30.570476676], [114.214380476, 30.570345867], [114.214534228, 30.570170571], [114.214621674, 30.570076171], [114.214626292, 30.570070526], [114.214672291, 30.570006526], [114.214675206, 30.570002038], [114.214689206, 30.569978037], [114.214691299, 30.569974088], [114.214702299, 30.569951087], [114.21470424, 30.569946487], [114.214705723, 30.569941761], [114.214716723, 30.56989976], [114.214718125, 30.569891977], [114.214722125, 30.569851977], [114.214722351, 30.569845486], [114.21472135, 30.569812487], [114.214720501, 30.569804699], [114.214710502, 30.569751699], [114.214709688, 30.569748102], [114.214666972, 30.569586813], [114.214801299, 30.569574934], [114.214843267, 30.569574022], [114.214905555, 30.569574952], [114.215011592, 30.569585459], [114.215155899, 30.569606216], [114.21515851, 30.569606546], [114.21522251, 30.569613547], [114.215227095, 30.569613912], [114.215287094, 30.569616912], [114.215289725, 30.569616999], [114.215471216, 30.569619958], [114.215591098, 30.569629626], [114.215702355, 30.569643289], [114.215770575, 30.569653712], [114.216127525, 30.569734025], [114.216286369, 30.569771751], [114.216404936, 30.569802349], [114.216482005, 30.569833364], [114.216523708, 30.569850822], [114.216292699, 30.570032062], [114.216065798, 30.570208985], [114.215871819, 30.570359969], [114.215871662, 30.570360091], [114.215608663, 30.57056609], [114.215607144, 30.570567316], [114.215463486, 30.570687032], [114.215384831, 30.570750752], [114.215381332, 30.570753805], [114.215351669, 30.570781671], [114.215339061, 30.570790497], [114.215326219, 30.570797223], [114.215296088, 30.57080818], [114.21528154, 30.570809463], [114.21525546, 30.570805451], [114.215167978, 30.57078334], [114.215158299, 30.570781546], [114.215108299, 30.570775547], [114.215101339, 30.570775027], [114.215094354, 30.570775129]]]}, "properties": {"id": 11691, "land_type": "居住用地"}}, {"type": "Feature", "geometry": {"type": "Polygon", "coordinates": [[[114.210942762, 30.566694238], [114.210936217, 30.566695043], [114.210929795, 30.566696396], [114.210923558, 30.566698284], [114.210917566, 30.56670069], [114.210911876, 30.56670359], [114.210906544, 30.566706956], [114.210901621, 30.566710756], [114.210897154, 30.566714954], [114.210893186, 30.566719508], [114.210889756, 30.566724374], [114.210886897, 30.566729508], [114.210884635, 30.566734857], [114.210882994, 30.566740372], [114.210881988, 30.566745998], [114.210881627, 30.566751683], [114.210881916, 30.56675737], [114.21088285, 30.566763007], [114.210884421, 30.566768536], [114.210886615, 30.566773907], [114.210889409, 30.566779066], [114.210892778, 30.566783966], [114.210896687, 30.566788557], [114.2109011, 30.566792796], [114.210905974, 30.566796642], [114.210911264, 30.566800058], [114.211124263, 30.566924058], [114.211125176, 30.566924578], [114.211239419, 30.566988782], [114.211256207, 30.567004171], [114.211267256, 30.567015912], [114.211277926, 30.567031915], [114.211288295, 30.56704895], [114.211350149, 30.567227747], [114.211379494, 30.567322632], [114.211405062, 30.56742392], [114.211428911, 30.567525282], [114.211552627, 30.568074573], [114.211552627, 30.568081445], [114.211551577, 30.568088798], [114.211551117, 30.568090483], [114.21152288, 30.568114355], [114.21151076, 30.568117331], [114.210034688, 30.568030001], [114.210062306, 30.567472602], [114.21008126, 30.567126451], [114.21010214, 30.566876885], [114.21012701, 30.566656037], [114.210162953, 30.566380475], [114.210162959, 30.566380387], [114.210162975, 30.566380301], [114.210211996, 30.565994012], [114.210215993, 30.565994012], [114.210413039, 30.566019374], [114.210417722, 30.566019833], [114.210550722, 30.566028834], [114.210556, 30.566029012], [114.210666, 30.566029012], [114.210671105, 30.566028845], [114.210778104, 30.566021845], [114.210778379, 30.566021826], [114.210894379, 30.566013827], [114.210899228, 30.566013339], [114.211020228, 30.56599734], [114.211023998, 30.565996745], [114.211362999, 30.565934746], [114.211369391, 30.565933292], [114.211375587, 30.565931304], [114.211381526, 30.565928804], [114.211387153, 30.565925814], [114.211392412, 30.565922364], [114.211397253, 30.565918487], [114.211401629, 30.56591422], [114.2114055, 30.565909603], [114.211408824, 30.565904682], [114.211411574, 30.565899505], [114.211413721, 30.56589412], [114.211415243, 30.56588858], [114.211416129, 30.565882939], [114.211416368, 30.565877249], [114.211415959, 30.565871568], [114.211414904, 30.565865948], [114.211413215, 30.565860443], [114.211410907, 30.565855108], [114.211408002, 30.565849994], [114.211404531, 30.565845149], [114.211400523, 30.565840621], [114.21139602, 30.565836453], [114.211391064, 30.565832684], [114.211385702, 30.565829352], [114.211379988, 30.565826488], [114.211373975, 30.565824122], [114.211367722, 30.565822273], [114.211361289, 30.565820962], [114.211354736, 30.565820199], [114.211348129, 30.565819993], [114.21134153, 30.565820346], [114.211335002, 30.565821254], [114.210997878, 30.565882911], [114.210881186, 30.565898342], [114.210767758, 30.565906164], [114.210663444, 30.565912988], [114.210558644, 30.565912988], [114.210430629, 30.565904325], [114.21023096, 30.565878626], [114.210225994, 30.565878149], [114.210221001, 30.565877988], [114.210175, 30.565877988], [114.210168181, 30.565878286], [114.210161429, 30.565879178], [114.210154818, 30.565880652], [114.210148414, 30.565882697], [114.210142285, 30.565885288], [114.210136489, 30.565888399], [114.210133766, 30.565890033], [114.210132167, 30.565890833], [114.210125904, 30.565894379], [114.210120138, 30.565898503], [114.21011494, 30.565903152], [114.21011094, 30.565907153], [114.210107604, 30.565910772], [114.210104613, 30.565914608], [114.210100866, 30.565919852], [114.210097263, 30.565924176], [114.210093614, 30.565929051], [114.210090549, 30.565934215], [114.210088098, 30.565939617], [114.210086286, 30.565945204], [114.210085131, 30.565950917], [114.210084777, 30.565953385], [114.210081241, 30.565963994], [114.210080684, 30.565966042], [114.210080064, 30.565968076], [114.210079929, 30.565968812], [114.210079731, 30.565969537], [114.210079408, 30.565971622], [114.210079025, 30.565973698], [114.210029037, 30.566367611], [114.209993047, 30.566643525], [114.209992941, 30.566644402], [114.209967941, 30.566866401], [114.209967801, 30.566867832], [114.2099468, 30.567118832], [114.209946702, 30.567120268], [114.209927701, 30.567467268], [114.209927687, 30.567467527], [114.209900211, 30.568022044], [114.207959789, 30.567907241], [114.207987747, 30.567288278], [114.20828348, 30.567293996], [114.208795472, 30.567303995], [114.208802082, 30.567303845], [114.208808643, 30.567303137], [114.208815091, 30.56730188], [114.208821366, 30.567300085], [114.208827405, 30.567297767], [114.208833151, 30.567294952], [114.20883855, 30.567291665], [114.208843548, 30.567287939], [114.208848099, 30.567283808], [114.208852157, 30.567279314], [114.208855683, 30.567274499], [114.208858644, 30.567269409], [114.208861012, 30.567264094], [114.208862764, 30.567258605], [114.208863883, 30.567252993], [114.208864357, 30.567247314], [114.208864182, 30.567241624], [114.208863361, 30.567235976], [114.2088619, 30.567230422], [114.208859814, 30.567225021], [114.208857124, 30.56721982], [114.208853854, 30.567214873], [114.208850037, 30.567210225], [114.208845709, 30.56720592], [114.208840912, 30.567202003], [114.208835692, 30.567198508], [114.2088301, 30.567195471], [114.208824188, 30.567192922], [114.208818015, 30.567190883], [114.20881164, 30.567189375], [114.208805123, 30.567188412], [114.208798528, 30.567188003], [114.20828652, 30.567178004], [114.207993334, 30.567172334], [114.208035034, 30.566356125], [114.20819137, 30.563775428], [114.208200339, 30.563645111], [114.20827359, 30.563571355], [114.209356255, 30.563215072], [114.209622264, 30.563127481], [114.211913902, 30.562502607], [114.212828778, 30.56226583], [114.212832641, 30.562273963], [114.212832727, 30.562274144], [114.212879727, 30.562372144], [114.212879858, 30.562372413], [114.212896473, 30.562406566], [114.212929445, 30.562501605], [114.212929834, 30.562502689], [114.21295877, 30.562580512], [114.212997583, 30.562687248], [114.213017655, 30.562776137], [114.213027626, 30.562829627], [114.213027626, 30.562860831], [114.213023814, 30.562904668], [114.213023626, 30.562908954], [114.213023807, 30.56291324], [114.213031759, 30.563006679], [114.21303866, 30.563117091], [114.213039638, 30.563163062], [114.213039842, 30.563166632], [114.213043841, 30.563209632], [114.213045245, 30.56321764], [114.213080157, 30.563352295], [114.21310207, 30.563441948], [114.213103748, 30.563447455], [114.213106044, 30.563452794], [114.213108938, 30.563457913], [114.213112399, 30.563462764], [114.213116397, 30.563467299], [114.213120891, 30.563471474], [114.213125839, 30.56347525], [114.213131193, 30.56347859], [114.213136902, 30.563481464], [114.213142909, 30.563483841], [114.21314916, 30.563485699], [114.213155591, 30.563487021], [114.213162141, 30.563487793], [114.213168747, 30.56348801], [114.213175347, 30.563487667], [114.213181876, 30.563486769], [114.213188272, 30.563485324], [114.213194472, 30.563483348], [114.213200417, 30.563480857], [114.21320605, 30.563477875], [114.213211316, 30.563474434], [114.213216165, 30.563470564], [114.213220551, 30.563466304], [114.213224431, 30.563461693], [114.213227767, 30.563456777], [114.213230527, 30.563451604], [114.213232686, 30.563446223], [114.213234221, 30.563440686], [114.213235119, 30.563435045], [114.213235369, 30.563429356], [114.213234972, 30.563423673], [114.213233929, 30.563418051], [114.21321193, 30.563328052], [114.213211756, 30.56332736], [114.213177782, 30.563196323], [114.213174325, 30.56315915], [114.213173363, 30.563113937], [114.213173277, 30.563111882], [114.213166277, 30.562999882], [114.213166193, 30.56299876], [114.213158559, 30.562909046], [114.213162185, 30.562867332], [114.213162373, 30.562863], [114.213162373, 30.562825], [114.21316216, 30.562820388], [114.213161522, 30.562815804], [114.213150522, 30.562756804], [114.213150135, 30.562754926], [114.213129135, 30.562661927], [114.213127296, 30.562655665], [114.213087296, 30.562545665], [114.213087166, 30.562545312], [114.213058366, 30.562467852], [114.213024555, 30.562370394], [114.213022142, 30.562364586], [114.213004208, 30.56232772], [114.212958432, 30.562232276], [114.213729814, 30.562032635], [114.214644481, 30.564683803], [114.214770889, 30.565061045], [114.21478851, 30.565125744], [114.214287308, 30.565263537], [114.214280935, 30.5652656], [114.214274836, 30.565268206], [114.214269074, 30.565271329], [114.214263708, 30.565274937], [114.214258791, 30.565278993], [114.214254374, 30.565283457], [114.214250505, 30.56528828], [114.214247219, 30.565293415], [114.214244554, 30.56529881], [114.214242533, 30.565304408], [114.214241179, 30.565310154], [114.214240507, 30.565315988], [114.21424052, 30.565321851], [114.214241222, 30.565327683], [114.214242602, 30.565333423], [114.214248521, 30.565352984], [114.214245898, 30.565356211], [114.214237899, 30.565367212], [114.214234787, 30.565371974], [114.21423221, 30.56537697], [114.214230191, 30.56538215], [114.214228745, 30.565387473], [114.214225745, 30.565401472], [114.214224774, 30.565408166], [114.214223774, 30.565421166], [114.214223694, 30.565427586], [114.214224438, 30.565433974], [114.214226284, 30.565444131], [114.214231159, 30.565477287], [114.214232461, 30.565483445], [114.214289361, 30.56568908], [114.214313264, 30.565780714], [114.214314177, 30.565783809], [114.214388805, 30.566010681], [114.214434383, 30.566174165], [114.214454891, 30.566252293], [114.214484564, 30.566401641], [114.214516191, 30.566565709], [114.214539977, 30.566765904], [114.21454001, 30.566766175], [114.214563946, 30.566958664], [114.214598828, 30.567295523], [114.214603709, 30.567357998], [114.211687374, 30.568073971], [114.211687374, 30.568069], [114.211687065, 30.568063453], [114.211686142, 30.568057956], [114.211561141, 30.567502957], [114.211561033, 30.567502482], [114.211537032, 30.567400482], [114.211536836, 30.567399679], [114.211510837, 30.567296679], [114.211510105, 30.567294072], [114.211480105, 30.567197071], [114.211479569, 30.567195439], [114.211415571, 30.567010439], [114.211413414, 30.567005153], [114.211410674, 30.567000069], [114.211396674, 30.566977069], [114.211395431, 30.566975121], [114.211381433, 30.56695412], [114.211378565, 30.566950193], [114.211375344, 30.566946476], [114.211359344, 30.566929476], [114.211356108, 30.566926283], [114.211332107, 30.566904283], [114.211326273, 30.566899537], [114.211319824, 30.56689542], [114.211199283, 30.566827677], [114.210986736, 30.566703943], [114.210981083, 30.566700989], [114.210975122, 30.566698527], [114.21096891, 30.56669658], [114.210962505, 30.566695166], [114.21095597, 30.566694301], [114.210949369, 30.566693989], [114.210942762, 30.566694238]]]}, "properties": {"id": 11682, "land_type": "居住用地"}}, {"type": "Feature", "geometry": {"type": "Polygon", "coordinates": [[[114.21816423, 30.56478197], [114.218234109, 30.564992607], [114.218273005, 30.565115278], [114.218273553, 30.565116913], [114.218513554, 30.565794914], [114.218513694, 30.565795308], [114.218566553, 30.565940917], [114.218605418, 30.566053525], [114.218605531, 30.566053848], [114.218654531, 30.566192849], [114.218654866, 30.56619377], [114.218691645, 30.566292178], [114.21871776, 30.566367571], [114.215810218, 30.567074193], [114.215008315, 30.564651071], [114.215133736, 30.564618586], [114.215224728, 30.564610723], [114.215225407, 30.564610661], [114.215346876, 30.564599092], [114.21542929, 30.564600864], [114.215620385, 30.564634815], [114.215620824, 30.564634892], [114.215714492, 30.564650976], [114.215821375, 30.564685396], [114.215931885, 30.564743509], [114.21593769, 30.564746234], [114.215943777, 30.564748456], [114.215950087, 30.564750154], [114.215956562, 30.564751312], [114.215963136, 30.564751916], [114.215969748, 30.564751964], [114.215976332, 30.564751453], [114.215982827, 30.564750389], [114.21598917, 30.564748782], [114.2159953, 30.564746647], [114.216001156, 30.564744005], [114.216006684, 30.564740881], [114.216011829, 30.564737306], [114.216016543, 30.564733314], [114.21602078, 30.564728944], [114.216024498, 30.564724236], [114.216027665, 30.564719237], [114.216030245, 30.564713996], [114.216032217, 30.564708562], [114.21603356, 30.564702988], [114.216034263, 30.564697327], [114.216034318, 30.564691635], [114.216033724, 30.564685964], [114.216032489, 30.564680371], [114.216030622, 30.56467491], [114.216028142, 30.564669633], [114.216025075, 30.564664589], [114.216021447, 30.56465983], [114.216017295, 30.564655399], [114.216012659, 30.564651339], [114.216007583, 30.564647692], [114.216002116, 30.56464449], [114.215886116, 30.56458349], [114.215880492, 30.56458084], [114.215874601, 30.564578663], [114.215756601, 30.564540663], [114.215751449, 30.564539204], [114.215746177, 30.564538108], [114.215647395, 30.564521146], [114.215565863, 30.56450666], [114.217900705, 30.563901902], [114.218006135, 30.564187194], [114.217997023, 30.564200448], [114.21799416, 30.564205079], [114.217991794, 30.564209914], [114.217989434, 30.56421542], [114.217923103, 30.564204095], [114.217916563, 30.564203264], [114.217909959, 30.564202988], [114.217903356, 30.56420327], [114.217896816, 30.564204109], [114.217890403, 30.564205496], [114.217884179, 30.564207417], [114.217878203, 30.564209855], [114.217872535, 30.564212784], [114.217867227, 30.564216178], [114.21786233, 30.564220005], [114.217857894, 30.564224224], [114.217853958, 30.564228799], [114.217850563, 30.564233684], [114.217847739, 30.564238832], [114.217845516, 30.564244195], [114.217843913, 30.564249718], [114.217842946, 30.564255349], [114.217842626, 30.564261036], [114.217842954, 30.564266722], [114.217843928, 30.564272353], [114.217845539, 30.564277874], [114.21784777, 30.564283233], [114.217850601, 30.564288379], [114.217854004, 30.56429326], [114.217857946, 30.56429783], [114.217862389, 30.564302047], [114.21786729, 30.564305868], [114.217872603, 30.564309256], [114.217878276, 30.56431218], [114.217884256, 30.564314611], [114.217890482, 30.564316525], [114.217896897, 30.564317905], [114.217978897, 30.564331905], [114.217985417, 30.564332735], [114.217992001, 30.564333013], [114.218006, 30.564333013], [114.218008571, 30.56433291], [114.218044972, 30.564422092], [114.218072253, 30.564499063], [114.218111976, 30.564625185], [114.218112242, 30.564626005], [114.21816423, 30.56478197]]]}, "properties": {"id": 11683, "land_type": "居住用地"}}, {"type": "Feature", "geometry": {"type": "Polygon", "coordinates": [[[114.215463279, 30.567154732], [114.214779284, 30.567315672], [114.214627054, 30.566146337], [114.214625298, 30.566138177], [114.214405362, 30.565411157], [114.214476812, 30.565391174], [114.214478124, 30.565390794], [114.214837953, 30.565283081], [114.215463279, 30.567154732]]]}, "properties": {"id": 11684, "land_type": "居住用地"}}, {"type": "Feature", "geometry": {"type": "Polygon", "coordinates": [[[114.217419417, 30.569216814], [114.217413829, 30.569219857], [114.217408616, 30.569223358], [114.217403825, 30.569227282], [114.217399504, 30.56923159], [114.217395695, 30.569236244], [114.217392434, 30.569241196], [114.217389752, 30.569246399], [114.217387675, 30.569251803], [114.217386224, 30.569257358], [114.217385688, 30.569261081], [114.21726493, 30.569141023], [114.217263268, 30.569139431], [114.217250268, 30.569127432], [114.217246143, 30.569123938], [114.217241686, 30.569120761], [114.217236927, 30.569117926], [114.217231904, 30.569115453], [114.217222903, 30.569111453], [114.217217717, 30.569109382], [114.217212346, 30.569107698], [114.217201347, 30.569104699], [114.217194683, 30.569103199], [114.217187878, 30.569102293], [114.217181, 30.56910199], [114.217171001, 30.56910199], [114.217163328, 30.569102368], [114.217155755, 30.569103494], [114.217140755, 30.569106495], [114.217135326, 30.569107789], [114.21713004, 30.56910947], [114.217124937, 30.569111524], [114.217002989, 30.56916608], [114.21653004, 30.568344258], [114.216528875, 30.568342142], [114.216528338, 30.5683413], [114.215861364, 30.567182319], [114.218686125, 30.566495815], [114.218617727, 30.566532432], [114.218572394, 30.566549222], [114.21853262, 30.566558945], [114.218468651, 30.566572723], [114.218464894, 30.566573632], [114.218335434, 30.566608486], [114.218189978, 30.566645349], [114.21818174, 30.566647949], [114.21816074, 30.56665595], [114.21815561, 30.566658133], [114.218150713, 30.566660682], [114.218146086, 30.566663582], [114.218127085, 30.566676581], [114.218120978, 30.566681311], [114.218112978, 30.566688311], [114.21810872, 30.566692407], [114.218104933, 30.566696832], [114.218101649, 30.566701546], [114.218098897, 30.566706506], [114.218096704, 30.566711668], [114.218092704, 30.566722668], [114.218091, 30.566728346], [114.218089971, 30.566734142], [114.218089627, 30.56674], [114.218089627, 30.566752], [114.21808983, 30.5667565], [114.218090438, 30.566760974], [114.218092437, 30.566771973], [114.218094138, 30.56677869], [114.218096749, 30.566785188], [114.218221602, 30.567044882], [114.218382459, 30.567390575], [114.218382986, 30.567391676], [114.218564988, 30.567760675], [114.218567867, 30.567765801], [114.218571317, 30.567770657], [114.218575303, 30.567775198], [114.218579786, 30.567779383], [114.218584724, 30.567783169], [114.21859007, 30.567786518], [114.218595771, 30.567789402], [114.218601774, 30.56779179], [114.218608018, 30.56779366], [114.218614446, 30.567794994], [114.218620994, 30.567795779], [114.218627601, 30.567796009], [114.2186342, 30.567795678], [114.218640732, 30.567794793], [114.218647131, 30.56779336], [114.218653336, 30.567791394], [114.218659288, 30.567788915], [114.218664928, 30.567785944], [114.218670204, 30.567782513], [114.218675063, 30.567778653], [114.21867946, 30.567774401], [114.218683351, 30.567769798], [114.218686699, 30.56776489], [114.218689473, 30.567759722], [114.218691645, 30.567754344], [114.218693194, 30.567748811], [114.218694106, 30.567743172], [114.218694371, 30.567737484], [114.218693988, 30.5677318], [114.21869296, 30.567726176], [114.218691297, 30.567720666], [114.218689014, 30.567715324], [114.218507284, 30.567346871], [114.218346541, 30.567001424], [114.218346251, 30.567000812], [114.218228954, 30.566756833], [114.21823224, 30.566755582], [114.218374023, 30.566719651], [114.218375106, 30.566719367], [114.218503243, 30.566684869], [114.218566349, 30.566671278], [114.2185684, 30.566670806], [114.218613401, 30.566659805], [114.218621622, 30.56665729], [114.218675622, 30.56663729], [114.218680185, 30.566635422], [114.218684574, 30.566633265], [114.218783574, 30.566580265], [114.218788042, 30.566577655], [114.218792252, 30.566574743], [114.218852253, 30.566529744], [114.218856824, 30.566525974], [114.218860965, 30.566521854], [114.21887819, 30.566502989], [114.218916372, 30.566473937], [114.218946342, 30.566456453], [114.21898545, 30.566437716], [114.219069542, 30.566415779], [114.219121027, 30.566403827], [114.219280434, 30.566382311], [114.219285881, 30.566381377], [114.21929122, 30.566380059], [114.219361219, 30.566360059], [114.219367203, 30.566358073], [114.219466125, 30.566320483], [114.219583536, 30.566280031], [114.219712184, 30.566237723], [114.219789048, 30.566218268], [114.219886979, 30.566195535], [114.220013624, 30.566545112], [114.220119353, 30.566843072], [114.219557653, 30.56698318], [114.218539641, 30.567237282], [114.218533389, 30.567239134], [114.218527377, 30.567241505], [114.218521666, 30.567244371], [114.218516306, 30.567247706], [114.218511352, 30.567251476], [114.218506852, 30.567255647], [114.218502848, 30.567260177], [114.218499379, 30.567265023], [114.218496479, 30.567270139], [114.218494175, 30.567275475], [114.218492489, 30.56728098], [114.218491438, 30.5672866], [114.218491032, 30.567292282], [114.218491274, 30.567297971], [114.218492163, 30.567303613], [114.21849369, 30.567309152], [114.218495842, 30.567314535], [114.218498593, 30.567319712], [114.218501923, 30.56732463], [114.218505795, 30.567329244], [114.218510175, 30.56733351], [114.218515019, 30.567337384], [114.21852028, 30.567340832], [114.218525908, 30.567343819], [114.21853185, 30.567346316], [114.218538047, 30.5673483], [114.21854444, 30.567349752], [114.218550968, 30.567350657], [114.218557567, 30.567351006], [114.218564175, 30.567350797], [114.218570725, 30.567350032], [114.218577159, 30.567348717], [114.219535542, 30.567109498], [114.220031925, 30.568231228], [114.218479146, 30.568701476], [114.218473622, 30.568703388], [114.218468317, 30.568705713], [114.217419417, 30.569216814]]]}, "properties": {"id": 11685, "land_type": "居住用地"}}, {"type": "Feature", "geometry": {"type": "Polygon", "coordinates": [[[114.217935118, 30.570785775], [114.217062828, 30.569270056], [114.217168782, 30.569222654], [114.217332955, 30.569385873], [114.217383082, 30.569446604], [114.217387172, 30.569451077], [114.217391752, 30.569455183], [114.217396776, 30.569458883], [114.217402198, 30.569462141], [114.217407965, 30.569464926], [114.217414021, 30.569467211], [114.217420307, 30.569468974], [114.217426765, 30.569470197], [114.21743333, 30.569470869], [114.217439941, 30.569470985], [114.217446532, 30.569470543], [114.217453042, 30.569469545], [114.217459406, 30.569468003], [114.217465566, 30.569465932], [114.217471458, 30.569463351], [114.217477028, 30.569460284], [114.217482224, 30.569456763], [114.217486993, 30.56945282], [114.217491291, 30.569448493], [114.217495074, 30.569443825], [114.217498308, 30.56943886], [114.217500962, 30.569433646], [114.217503009, 30.569428232], [114.21750443, 30.569422673], [114.217505211, 30.569417021], [114.217505345, 30.569411329], [114.217504831, 30.569405653], [114.217503673, 30.569400049], [114.217501882, 30.569394568], [114.217499476, 30.569389266], [114.217496478, 30.569384192], [114.217492918, 30.569379396], [114.217448153, 30.569325162], [114.217454225, 30.569325292], [114.217460819, 30.569324876], [114.217467334, 30.569323905], [114.217473706, 30.569322389], [114.217479876, 30.569320343], [114.217485783, 30.569317786], [114.218529487, 30.568809217], [114.220141854, 30.568320924], [114.220148076, 30.568318734], [114.220154011, 30.568316022], [114.220159604, 30.568312814], [114.220164798, 30.568309142], [114.220169541, 30.568305043], [114.220173787, 30.568300557], [114.220177492, 30.56829573], [114.22018062, 30.568290609], [114.22018314, 30.568285244], [114.220185027, 30.56827969], [114.220186261, 30.568274003], [114.220186832, 30.568268237], [114.220186733, 30.568262451], [114.220185965, 30.568256703], [114.220184535, 30.568251049], [114.220182459, 30.568245546], [114.219665401, 30.567077096], [114.220170857, 30.566951017], [114.220300561, 30.56716031], [114.220304277, 30.567165607], [114.220540033, 30.567464297], [114.220648691, 30.567605853], [114.220760589, 30.5677534], [114.22085026, 30.567886932], [114.220953042, 30.568074706], [114.221220028, 30.568563681], [114.221223131, 30.568568707], [114.221226791, 30.568573448], [114.221230974, 30.568577858], [114.221235639, 30.568581892], [114.22124074, 30.568585514], [114.221246228, 30.568588687], [114.221252052, 30.568591383], [114.221258155, 30.568593573], [114.221264477, 30.568595239], [114.221270959, 30.568596362], [114.221277537, 30.568596933], [114.22128415, 30.568596947], [114.221290731, 30.568596401], [114.221297219, 30.568595304], [114.22130355, 30.568593664], [114.221309665, 30.568591498], [114.221315503, 30.568588826], [114.221321009, 30.568585674], [114.221326129, 30.568582073], [114.221330816, 30.568578057], [114.221335022, 30.568573664], [114.221338707, 30.568568938], [114.221341838, 30.568563924], [114.221344382, 30.568558669], [114.221346316, 30.568553225], [114.221347621, 30.568547645], [114.221348284, 30.568541981], [114.221348299, 30.568536288], [114.221347667, 30.568530621], [114.221346392, 30.568525035], [114.221344488, 30.568519584], [114.221341972, 30.568514319], [114.221074972, 30.568025319], [114.220970944, 30.567835269], [114.220968326, 30.567830963], [114.220876325, 30.567693963], [114.220874413, 30.567691282], [114.220761412, 30.567542283], [114.220761208, 30.567542014], [114.220652207, 30.567400014], [114.220651723, 30.567399393], [114.220417747, 30.567102955], [114.220296173, 30.566906781], [114.220297742, 30.566904942], [114.22030119, 30.566899905], [114.220304031, 30.566894596], [114.220306239, 30.566889067], [114.220307788, 30.566883375], [114.220308664, 30.566877578], [114.220308858, 30.566871733], [114.220308368, 30.566865903], [114.220307198, 30.566860144], [114.220305363, 30.566854516], [114.220033968, 30.566159367], [114.220216045, 30.566112645], [114.220494848, 30.566042695], [114.220498321, 30.566041735], [114.220540716, 30.566028918], [114.220570502, 30.566020457], [114.220753402, 30.565974157], [114.220754267, 30.565973933], [114.221223414, 30.565849271], [114.22123356, 30.565846767], [114.221238101, 30.565845494], [114.221240717, 30.565844673], [114.221442795, 30.565790977], [114.221472203, 30.565785887], [114.221542222, 30.565773909], [114.221601204, 30.565773003], [114.221606422, 30.565772748], [114.221611603, 30.565772146], [114.221704603, 30.565758145], [114.221707616, 30.56575763], [114.221869617, 30.56572663], [114.221871606, 30.565726222], [114.222008468, 30.565696253], [114.22218033, 30.565659283], [114.222181811, 30.565658948], [114.222342811, 30.565620949], [114.222344606, 30.565620502], [114.22255371, 30.565565735], [114.222730806, 30.56552395], [114.222731241, 30.565523846], [114.222954014, 30.565469901], [114.223267464, 30.565396029], [114.223651144, 30.565309103], [114.223657448, 30.565307385], [114.223663527, 30.565305145], [114.22366932, 30.565302402], [114.223674774, 30.565299183], [114.223679834, 30.56529552], [114.223684454, 30.565291446], [114.223688587, 30.565287003], [114.223692195, 30.565282233], [114.223695242, 30.56527718], [114.2236977, 30.565271895], [114.223699545, 30.565266428], [114.223700757, 30.565260832], [114.223701328, 30.56525516], [114.223701249, 30.565249467], [114.223700523, 30.565243808], [114.223699156, 30.565238239], [114.223697162, 30.565232811], [114.22369456, 30.565227576], [114.223691374, 30.565222589], [114.223687636, 30.565217893], [114.223683381, 30.565213534], [114.223678651, 30.565209558], [114.22367349, 30.565205998], [114.22366795, 30.565202892], [114.223663481, 30.565200893], [114.223752165, 30.565177328], [114.223826104, 30.565460201], [114.223913931, 30.565849711], [114.223775619, 30.565871976], [114.223769187, 30.565873295], [114.223762937, 30.565875152], [114.223756928, 30.565877526], [114.223751219, 30.565880397], [114.223745862, 30.565883735], [114.223740913, 30.565887509], [114.223736416, 30.565891683], [114.223732417, 30.565896216], [114.223728952, 30.565901065], [114.223726057, 30.565906183], [114.223723758, 30.565911522], [114.223722077, 30.565917027], [114.223721031, 30.565922649], [114.223720632, 30.565928331], [114.223720879, 30.56593402], [114.223721774, 30.565939661], [114.223723306, 30.565945199], [114.223725462, 30.565950581], [114.223728219, 30.565955755], [114.223731553, 30.565960671], [114.22373543, 30.565965282], [114.223739814, 30.565969545], [114.223744662, 30.565973416], [114.223749926, 30.56597686], [114.223755557, 30.565979843], [114.223761502, 30.565982337], [114.223767701, 30.565984316], [114.223774096, 30.565985763], [114.223780624, 30.565986663], [114.223787224, 30.565987008], [114.22379383, 30.565986794], [114.223800381, 30.565986024], [114.223939985, 30.565963551], [114.224142775, 30.566836421], [114.223962377, 30.566856465], [114.223955869, 30.56685747], [114.223949507, 30.566859019], [114.223943352, 30.566861098], [114.223937462, 30.566863686], [114.223931896, 30.566866758], [114.223926708, 30.566870286], [114.223921945, 30.566874235], [114.223917654, 30.566878566], [114.223913877, 30.566883239], [114.223910651, 30.566888208], [114.223908006, 30.566893426], [114.223905967, 30.566898841], [114.223904554, 30.566904403], [114.223903782, 30.566910056], [114.223903657, 30.566915749], [114.22390418, 30.566921423], [114.223905346, 30.566927027], [114.223907146, 30.566932505], [114.223909561, 30.566937806], [114.223912566, 30.566942876], [114.223916135, 30.566947668], [114.223920232, 30.566952137], [114.223924818, 30.566956238], [114.223929848, 30.566959932], [114.223935275, 30.566963184], [114.223941046, 30.566965962], [114.223947105, 30.56696824], [114.223953395, 30.566969995], [114.223959854, 30.566971211], [114.22396642, 30.566971876], [114.223973031, 30.566971984], [114.223979622, 30.566971534], [114.224169865, 30.566950396], [114.224354227, 30.567706205], [114.22370569, 30.568010484], [114.223703384, 30.568011582], [114.223171183, 30.568269083], [114.223161232, 30.568274227], [114.221217686, 30.569345424], [114.217935118, 30.570785775]]]}, "properties": {"id": 11686, "land_type": "居住用地"}}, {"type": "Feature", "geometry": {"type": "Polygon", "coordinates": [[[114.209957861, 30.5681939], [114.209957924, 30.568193901], [114.209957987, 30.568193908], [114.21143938, 30.568269999], [114.211583495, 30.569374289], [114.210220255, 30.569488865], [114.210213862, 30.569489671], [114.210207586, 30.569491], [114.210201488, 30.569492841], [114.210195622, 30.569495176], [114.210190044, 30.569497984], [114.210184804, 30.569501239], [114.21017995, 30.569504912], [114.210175527, 30.569508968], [114.210171575, 30.56951337], [114.210168133, 30.569518078], [114.210165229, 30.56952305], [114.210162892, 30.569528236], [114.210161142, 30.569533593], [114.210160159, 30.569538292], [114.210112603, 30.569539991], [114.210033619, 30.569539991], [114.209866367, 30.569533063], [114.209419779, 30.569513082], [114.208922793, 30.569487239], [114.208819501, 30.56947457], [114.208818358, 30.569474439], [114.208578065, 30.569448574], [114.207997674, 30.568089987], [114.209957861, 30.5681939]]]}, "properties": {"id": 11687, "land_type": "体育与文化用地"}}, {"type": "Feature", "geometry": {"type": "Polygon", "coordinates": [[[114.213654627, 30.571168828], [114.212398426, 30.571309529], [114.212397274, 30.571309661], [114.21198838, 30.571357521], [114.211911072, 30.570746689], [114.21248684, 30.570688615], [114.212488314, 30.570688452], [114.212721314, 30.570660452], [114.212729568, 30.570659001], [114.212772568, 30.570649003], [114.212773788, 30.570648708], [114.212805788, 30.570640707], [114.212811999, 30.570638867], [114.21303, 30.570563868], [114.213036012, 30.570561499], [114.213041725, 30.570558633], [114.213047085, 30.5705553], [114.213052039, 30.570551531], [114.21305654, 30.570547361], [114.213060545, 30.570542831], [114.213064015, 30.570537985], [114.213066917, 30.570532871], [114.213069222, 30.570527535], [114.213070909, 30.57052203], [114.213071962, 30.57051641], [114.213072368, 30.570510728], [114.213072127, 30.570505039], [114.21307124, 30.570499399], [114.213069714, 30.570493859], [114.213067564, 30.570488476], [114.213064813, 30.570483299], [114.213061485, 30.57047838], [114.213057614, 30.570473765], [114.213053235, 30.5704695], [114.213048392, 30.570465624], [114.213043132, 30.570462176], [114.213037504, 30.570459188], [114.213031563, 30.57045669], [114.213025366, 30.570454704], [114.213018973, 30.570453252], [114.213012446, 30.570452346], [114.213005846, 30.570451995], [114.212999239, 30.570452203], [114.212992688, 30.570452968], [114.212986255, 30.570454282], [114.212980001, 30.570456132], [114.212765055, 30.570530081], [114.212736821, 30.57053714], [114.212698507, 30.57054605], [114.212470423, 30.57057346], [114.211896475, 30.57063135], [114.211742977, 30.569418515], [114.211596249, 30.568259447], [114.211651564, 30.56825115], [114.211657975, 30.568249907], [114.213331975, 30.567850907], [114.213338253, 30.567849121], [114.213344296, 30.567846814], [114.213350049, 30.567844008], [114.213355455, 30.567840729], [114.213360461, 30.567837011], [114.21336502, 30.567832887], [114.213369087, 30.5678284], [114.213372623, 30.567823589], [114.213375596, 30.567818504], [114.213377975, 30.567813192], [114.213379738, 30.567807705], [114.213380868, 30.567802096], [114.213381354, 30.567796418], [114.213381191, 30.567790728], [114.213380382, 30.567785078], [114.213378932, 30.567779523], [114.213378865, 30.567779349], [114.214111584, 30.567599462], [114.214117855, 30.567600474], [114.214124441, 30.567600969], [114.214131053, 30.567600905], [114.214137625, 30.567600284], [114.214144095, 30.567599112], [114.214623061, 30.567490931], [114.214626473, 30.567506661], [114.214620661, 30.56771006], [114.214608786, 30.56795153], [114.214606238, 30.567971064], [114.214603061, 30.56798774], [114.214599328, 30.567999685], [114.214594075, 30.568013944], [114.214591091, 30.568019487], [114.214583877, 30.568028762], [114.214498825, 30.568100583], [114.214492788, 30.568106418], [114.214400788, 30.568208418], [114.214396994, 30.56821308], [114.214393749, 30.56821804], [114.214391084, 30.56822325], [114.214389024, 30.56822866], [114.214387591, 30.568234217], [114.214386797, 30.568239869], [114.214386651, 30.56824556], [114.214387153, 30.568251237], [114.214388298, 30.568256844], [114.214390077, 30.568262327], [114.214392471, 30.568267633], [114.214395458, 30.568272712], [114.214399008, 30.568277515], [114.214403088, 30.568281994], [114.214407658, 30.568286108], [114.214412675, 30.568289816], [114.21441809, 30.568293083], [114.21442385, 30.568295877], [114.214429901, 30.568298172], [114.214436184, 30.568299945], [114.214442638, 30.568301179], [114.214449203, 30.568301863], [114.214455812, 30.568301989], [114.214462405, 30.568301557], [114.214468917, 30.56830057], [114.214475285, 30.568299038], [114.214481448, 30.568296977], [114.214487346, 30.568294407], [114.214492924, 30.568291349], [114.214498127, 30.568287835], [114.214502905, 30.568283901], [114.214507211, 30.568279581], [114.214596422, 30.568180674], [114.214683175, 30.568107416], [114.214687849, 30.568103042], [114.21469198, 30.568098278], [114.214705981, 30.568080278], [114.21470873, 30.568076426], [114.214711123, 30.568072401], [114.214718122, 30.568059401], [114.214721221, 30.568052541], [114.21472822, 30.568033541], [114.214729061, 30.568031071], [114.21473406, 30.568015071], [114.214735486, 30.568009389], [114.214739486, 30.567988389], [114.214739952, 30.567985474], [114.214742954, 30.567962475], [114.214743099, 30.567960462], [114.214743313, 30.567958454], [114.214755313, 30.567714455], [114.214755353, 30.567713427], [114.214761354, 30.567503427], [114.214761159, 30.567497363], [114.214760229, 30.567491351], [114.21476014, 30.56749094], [114.214785935, 30.567491951], [114.214791771, 30.567491962], [114.214797585, 30.567491538], [114.214803336, 30.567490683], [114.214867337, 30.567478682], [114.214869805, 30.567478177], [114.215374499, 30.567366245], [114.215547552, 30.567329354], [114.217590878, 30.57087827], [114.214016725, 30.571204352], [114.213936551, 30.571195164], [114.213914524, 30.571011592], [114.214258713, 30.570969526], [114.214891679, 30.570904733], [114.215020024, 30.570895848], [114.215096648, 30.570891287], [114.215134785, 30.570895863], [114.215221023, 30.57091766], [114.215228149, 30.570919104], [114.215267149, 30.570925105], [114.215273358, 30.570925805], [114.215279617, 30.570926007], [114.215285869, 30.570925707], [114.215319869, 30.570922707], [114.21532647, 30.570921837], [114.215332938, 30.57092041], [114.215339212, 30.570918438], [114.215383212, 30.570902439], [114.215384694, 30.570901825], [114.215386208, 30.570901274], [114.21538767, 30.570900591], [114.215389169, 30.570899968], [114.215390573, 30.570899234], [114.215392019, 30.570898558], [114.215413018, 30.570887557], [114.215420501, 30.57088301], [114.215440501, 30.570869011], [114.215447668, 30.570863195], [114.215478983, 30.570833777], [114.215556168, 30.570771248], [114.215556856, 30.570770683], [114.215700108, 30.570651306], [114.215962259, 30.570445971], [114.216156181, 30.570295031], [114.216383225, 30.570117997], [114.216383378, 30.570117878], [114.216629379, 30.569924878], [114.216634172, 30.569920716], [114.216638453, 30.56991616], [114.216649454, 30.56990316], [114.21665008, 30.569902407], [114.21665908, 30.569891408], [114.216660599, 30.56988947], [114.216663599, 30.569885468], [114.216666661, 30.569880952], [114.216669237, 30.569876215], [114.216671309, 30.569871298], [114.216672856, 30.56986624], [114.21667387, 30.569861082], [114.21667487, 30.569854082], [114.216675357, 30.569848284], [114.216675169, 30.569842473], [114.216674168, 30.569831473], [114.216673454, 30.569826446], [114.216672232, 30.569821492], [114.216669233, 30.569811492], [114.216666931, 30.569805282], [114.216663833, 30.569799334], [114.216659982, 30.569793722], [114.216652981, 30.569784723], [114.216652231, 30.569783853], [114.216651544, 30.569782947], [114.216650261, 30.56978157], [114.216649037, 30.569780154], [114.216648192, 30.569779352], [114.216647405, 30.569778508], [114.21664597, 30.569777247], [114.216644592, 30.569775939], [114.21664366, 30.569775213], [114.21664278, 30.56977444], [114.216641209, 30.569773305], [114.216639689, 30.569772121], [114.216638678, 30.569771477], [114.216637714, 30.569770781], [114.216636022, 30.569769784], [114.216634373, 30.569768735], [114.216633295, 30.569768179], [114.216632256, 30.569767567], [114.216630459, 30.569766719], [114.2166287, 30.569765813], [114.216627562, 30.56976535], [114.216626459, 30.56976483], [114.216540459, 30.56972883], [114.216539528, 30.569728448], [114.216457528, 30.569695447], [114.216448343, 30.569692433], [114.216324344, 30.569660433], [114.216322916, 30.569660079], [114.216162916, 30.569622079], [114.216162034, 30.569621875], [114.215802035, 30.569540875], [114.215796771, 30.569539882], [114.215724772, 30.569528883], [114.215722514, 30.569528572], [114.215608513, 30.569514571], [114.215605283, 30.569514243], [114.215481283, 30.569504244], [114.215476276, 30.569504001], [114.215293592, 30.569501023], [114.215237207, 30.569498203], [114.2151768, 30.569491595], [114.215032101, 30.569470783], [114.215028703, 30.56947037], [114.214917703, 30.569459371], [114.214911168, 30.569458999], [114.214844168, 30.569457999], [114.2148413, 30.569458009], [114.214795299, 30.569459009], [114.214790117, 30.569459294], [114.214643116, 30.569472294], [114.214635664, 30.569473318], [114.214571664, 30.56948532], [114.214571346, 30.569485393], [114.214571022, 30.569485443], [114.214568155, 30.569486134], [114.214565281, 30.569486803], [114.214564972, 30.569486902], [114.214564656, 30.569486979], [114.214561881, 30.569487909], [114.214559097, 30.569488816], [114.214558801, 30.569488942], [114.214558494, 30.569489045], [114.21455584, 30.569490206], [114.214553171, 30.569491343], [114.214552892, 30.569491493], [114.214552599, 30.569491622], [114.214550089, 30.569493], [114.214547563, 30.569494358], [114.214547302, 30.56949453], [114.214547025, 30.569494683], [114.214544684, 30.569496267], [114.214542325, 30.569497831], [114.214542085, 30.569498025], [114.214541826, 30.5694982], [114.214539676, 30.569499974], [114.214537507, 30.56950173], [114.21453729, 30.569501943], [114.214537052, 30.56950214], [114.214535116, 30.569504086], [114.214533156, 30.569506016], [114.214532965, 30.569506247], [114.21453275, 30.569506462], [114.214531044, 30.569508563], [114.214529314, 30.569510649], [114.21452915, 30.569510895], [114.214528961, 30.569511127], [114.214527502, 30.569513362], [114.214526018, 30.569515584], [114.214525882, 30.569515843], [114.21452572, 30.56951609], [114.214524523, 30.569518437], [114.2145233, 30.569520774], [114.214523193, 30.569521042], [114.214523062, 30.569521301], [114.214522138, 30.569523739], [114.214521185, 30.569526168], [114.214521111, 30.569526444], [114.214521008, 30.569526713], [114.214520366, 30.569529216], [114.214519695, 30.569531713], [114.214519652, 30.569531994], [114.214519581, 30.569532271], [114.214519226, 30.569534817], [114.214518843, 30.569537359], [114.214518833, 30.569537643], [114.214518794, 30.569537925], [114.21451873, 30.569540487], [114.214518637, 30.569543049], [114.21451866, 30.569543332], [114.214518653, 30.569543615], [114.214518882, 30.569546171], [114.214519081, 30.569548729], [114.214519136, 30.569549009], [114.214519161, 30.569549292], [114.21451968, 30.569551815], [114.21452017, 30.569554344], [114.214520255, 30.569554618], [114.214520313, 30.569554897], [114.21457784, 30.56977211], [114.214586768, 30.569819432], [114.214587551, 30.569845263], [114.214584267, 30.56987809], [114.21457553, 30.569911452], [114.214567662, 30.569927904], [114.214556136, 30.569947662], [114.214513823, 30.570006532], [114.214428328, 30.570098828], [114.214427236, 30.57010004], [114.214270236, 30.570279041], [114.214265314, 30.570285507], [114.214172315, 30.570427507], [114.21416924, 30.570432818], [114.214166813, 30.570438371], [114.214165058, 30.570444108], [114.214156057, 30.570481108], [114.214154919, 30.570487595], [114.21414992, 30.570533595], [114.214149628, 30.57053875], [114.214149869, 30.570543907], [114.214156837, 30.570614597], [114.214178153, 30.570862191], [114.213881725, 30.570898422], [114.213871925, 30.570899311], [114.21386522, 30.570900218], [114.213858655, 30.5709017], [114.213847654, 30.570904699], [114.213841775, 30.570906567], [114.213836122, 30.570908896], [114.213830744, 30.570911668], [114.213823744, 30.570915668], [114.213819756, 30.570918131], [114.213810756, 30.57092413], [114.213805015, 30.570928424], [114.213799874, 30.570933247], [114.213795396, 30.570938538], [114.213792397, 30.570942538], [114.213789096, 30.570947454], [114.213786369, 30.570952623], [114.213784241, 30.570957997], [114.213781241, 30.570966998], [114.213779793, 30.570972254], [114.213778919, 30.570977604], [114.213778627, 30.570983], [114.213778627, 30.571005], [114.213778635, 30.571005139], [114.213778628, 30.571005277], [114.213778797, 30.571007981], [114.213778951, 30.571010686], [114.213778975, 30.571010823], [114.213778984, 30.571010962], [114.213799199, 30.57117942], [114.213707371, 30.571168895], [114.213689814, 30.571167551], [114.213672188, 30.571167528], [114.213654627, 30.571168828]]]}, "properties": {"id": 11688, "land_type": "教育用地"}}, {"type": "Feature", "geometry": {"type": "Polygon", "coordinates": [[[114.207834686, 30.568081628], [114.207876965, 30.568216153], [114.20787701, 30.568216272], [114.207877042, 30.568216394], [114.207878029, 30.568218979], [114.207879003, 30.568221568], [114.207879061, 30.568221683], [114.207879107, 30.568221802], [114.208459032, 30.569521635], [114.20873079, 30.570142148], [114.208823327, 30.570358757], [114.207811843, 30.570684103], [114.207689944, 30.570433457], [114.206601959, 30.56802346], [114.207834686, 30.568081628]]]}, "properties": {"id": 11689, "land_type": "医疗卫生用地"}}, {"type": "Feature", "geometry": {"type": "Polygon", "coordinates": [[[114.210172228, 30.569958291], [114.208952247, 30.570318988], [114.208857064, 30.570101655], [114.208630422, 30.569571131], [114.20880107, 30.569589499], [114.208906499, 30.56960243], [114.208911938, 30.569602904], [114.209411939, 30.569628904], [114.209412504, 30.569628931], [114.209859504, 30.569648931], [114.209859763, 30.569648942], [114.210028762, 30.569655943], [114.210032, 30.56965601], [114.210114, 30.56965601], [114.210116793, 30.56965596], [114.210160852, 30.569654387], [114.210172228, 30.569958291]]]}, "properties": {"id": 11690, "land_type": "公园与绿地用地"}}, {"type": "Feature", "geometry": {"type": "Polygon", "coordinates": [[[114.210446225, 30.571562605], [114.210439738, 30.571563707], [114.210433408, 30.57156535], [114.210427296, 30.57156752], [114.210421459, 30.571570195], [114.210415956, 30.571573349], [114.210410837, 30.571576954], [114.210406155, 30.571580973], [114.210401952, 30.571585368], [114.21039827, 30.571590096], [114.210395143, 30.571595111], [114.210392603, 30.571600367], [114.210390673, 30.571605812], [114.210389372, 30.571611393], [114.210388714, 30.571617058], [114.210388703, 30.57162275], [114.21038934, 30.571628417], [114.210390619, 30.571634001], [114.210399177, 30.571663624], [114.210377448, 30.57166555], [114.210355458, 30.571669664], [114.210334137, 30.571675856], [114.210265136, 30.571699656], [114.210244766, 30.571707841], [114.210225578, 30.571717923], [114.210207809, 30.571729778], [114.21015161, 30.571771778], [114.210135574, 30.571785169], [114.210121352, 30.571800004], [114.210109119, 30.571816098], [114.210104477, 30.571823011], [114.210048151, 30.571844893], [114.208708046, 30.572203794], [114.208685636, 30.572204686], [114.208647779, 30.572196548], [114.208545321, 30.572139588], [114.208059097, 30.571323633], [114.20793721, 30.570962088], [114.20793175, 30.57094813], [114.207896182, 30.570868506], [114.208965772, 30.57051428], [114.210197355, 30.570122413], [114.210202062, 30.570120738], [114.210206609, 30.570118762], [114.210227608, 30.570108762], [114.210234281, 30.570105129], [114.210240415, 30.57010085], [114.210254414, 30.57008985], [114.210258517, 30.570086337], [114.210262253, 30.570082535], [114.210265598, 30.57007847], [114.210277598, 30.57006247], [114.210279434, 30.570059877], [114.210288713, 30.570045956], [114.21029302, 30.570044021], [114.210298656, 30.570040834], [114.210303895, 30.570037177], [114.210308682, 30.570033088], [114.21031297, 30.570028607], [114.210316718, 30.57002378], [114.210319885, 30.570018654], [114.210322442, 30.570013282], [114.210324363, 30.570007716], [114.210325628, 30.570002012], [114.210326224, 30.56999623], [114.210326146, 30.569990424], [114.210301609, 30.569648449], [114.210436775, 30.569641919], [114.210439173, 30.569641766], [114.210641172, 30.569625765], [114.210642431, 30.569625655], [114.210799431, 30.569610655], [114.210800685, 30.569610525], [114.211068402, 30.569580557], [114.211335886, 30.56955261], [114.21146728, 30.569539671], [114.211601672, 30.569527755], [114.211717868, 30.570705907], [114.211717926, 30.570706276], [114.211717946, 30.570706647], [114.211796051, 30.571394114], [114.211293891, 30.571520014], [114.211288784, 30.571521358], [114.210647746, 30.57169802], [114.210633029, 30.571691866], [114.210611797, 30.571685387], [114.210540397, 30.571667388], [114.210539038, 30.571667114], [114.210521382, 30.571605997], [114.210519474, 30.571600548], [114.210516954, 30.571595285], [114.210513847, 30.571590259], [114.210510182, 30.571585522], [114.210505996, 30.571581115], [114.210501328, 30.571577083], [114.210496224, 30.571573464], [114.210490733, 30.571570294], [114.210484907, 30.571567603], [114.210478803, 30.571565415], [114.210472479, 30.571563754], [114.210465996, 30.571562634], [114.210459418, 30.571562066], [114.210452806, 30.571562057], [114.210446225, 30.571562605]]]}, "properties": {"id": 11692, "land_type": "居住用地"}}, {"type": "Feature", "geometry": {"type": "Polygon", "coordinates": [[[114.210303089, 30.572411628], [114.21034353, 30.57246138], [114.210376767, 30.57252515], [114.210389318, 30.57260306], [114.210372477, 30.57271177], [114.210336095, 30.572781145], [114.210281049, 30.572847083], [114.210174566, 30.572897508], [114.209389983, 30.573122747], [114.209309516, 30.57314345], [114.209094005, 30.572873776], [114.208974991, 30.572702148], [114.208974096, 30.572697679], [114.210172047, 30.572367314], [114.210243889, 30.572351749], [114.210303089, 30.572411628]]]}, "properties": {"id": 11693, "land_type": "公园与绿地用地"}}, {"type": "Feature", "geometry": {"type": "Polygon", "coordinates": [[[114.208218361, 30.572925923], [114.208447849, 30.573229195], [114.208461087, 30.573244733], [114.208549416, 30.57333721], [114.207858889, 30.57350584], [114.207832832, 30.573508334], [114.207855943, 30.573454697], [114.207922183, 30.573309553], [114.208057195, 30.573095703], [114.208059822, 30.573091061], [114.208061958, 30.573086234], [114.208071959, 30.573060234], [114.208073582, 30.573055289], [114.20807469, 30.573050239], [114.20807969, 30.57302024], [114.208080291, 30.573014867], [114.208085292, 30.572927867], [114.208085293, 30.572925565], [114.208085344, 30.572923263], [114.208084893, 30.572910289], [114.208156661, 30.572905282], [114.208218361, 30.572925923]]]}, "properties": {"id": 11694, "land_type": "公园与绿地用地"}}, {"type": "Feature", "geometry": {"type": "Polygon", "coordinates": [[[114.207945864, 30.573006434], [114.207942161, 30.573028658], [114.207935933, 30.573044849], [114.207801806, 30.573257297], [114.207798294, 30.573263786], [114.207730294, 30.573412786], [114.207729832, 30.573413824], [114.20770027, 30.573482436], [114.207633154, 30.573450804], [114.207550148, 30.573359246], [114.207512896, 30.573263006], [114.207504962, 30.57313389], [114.207513108, 30.573124989], [114.207525015, 30.573108471], [114.207534709, 30.573090913], [114.207545237, 30.573068725], [114.207549729, 30.573065223], [114.207562935, 30.57305721], [114.207949272, 30.572947141], [114.207945864, 30.573006434]]]}, "properties": {"id": 11695, "land_type": "公园与绿地用地"}}, {"type": "Feature", "geometry": {"type": "Polygon", "coordinates": [[[114.211177801, 30.57616501], [114.211173625, 30.576163353], [114.211168345, 30.576161701], [114.211135345, 30.576152702], [114.211128751, 30.576151216], [114.211089751, 30.576144215], [114.211082799, 30.57614329], [114.211075771, 30.576142994], [114.211068747, 30.576143332], [114.210953655, 30.576154061], [114.210911399, 30.576154829], [114.210890457, 30.576149869], [114.210827357, 30.576120122], [114.210820891, 30.576117448], [114.210814131, 30.576115383], [114.210807153, 30.576113946], [114.210750153, 30.576104946], [114.21074314, 30.576104163], [114.210736069, 30.576104018], [114.210656484, 30.576105983], [114.210578167, 30.576105083], [114.210533196, 30.576096088], [114.210346323, 30.576043109], [114.210207109, 30.575985104], [114.21008001, 30.575928722], [114.209981302, 30.575864468], [114.209804946, 30.575723965], [114.209748073, 30.575665286], [114.209668226, 30.575550804], [114.209629314, 30.575491465], [114.209583913, 30.575415468], [114.209580109, 30.57540989], [114.209575608, 30.575404711], [114.209570466, 30.575399997], [114.209520466, 30.575358997], [114.209515462, 30.575355278], [114.209510058, 30.575351999], [114.209455057, 30.575322], [114.209448843, 30.575318995], [114.209442295, 30.575316571], [114.209435488, 30.575314757], [114.209428494, 30.575313572], [114.209224495, 30.575288573], [114.209215, 30.575287995], [114.209068001, 30.575287995], [114.209062671, 30.575288176], [114.209057375, 30.575288719], [114.208977374, 30.57529972], [114.208972298, 30.575300591], [114.208846526, 30.575326544], [114.208738829, 30.575348084], [114.208664189, 30.575348951], [114.208595395, 30.57534253], [114.208466598, 30.575323306], [114.208414172, 30.575311075], [114.208385569, 30.575300536], [114.208308928, 30.575258478], [114.208123058, 30.575150714], [114.207963434, 30.575047601], [114.207958379, 30.575044635], [114.207862379, 30.574993635], [114.207857812, 30.574991415], [114.207853059, 30.574989509], [114.207745059, 30.574950509], [114.207739122, 30.574948642], [114.207733008, 30.574947262], [114.207580009, 30.574919261], [114.20757131, 30.574918174], [114.207380309, 30.574905174], [114.207374176, 30.574904998], [114.207279177, 30.574905999], [114.207276874, 30.574906056], [114.207176874, 30.574910055], [114.207175308, 30.574910134], [114.206834261, 30.57493063], [114.206852323, 30.574533268], [114.20685237, 30.57453167], [114.206854369, 30.57438267], [114.206854213, 30.57437799], [114.206853618, 30.574373337], [114.20684423, 30.574319823], [114.206840485, 30.57420654], [114.206859922, 30.574062703], [114.206860001, 30.574062088], [114.206877441, 30.573919815], [114.206974806, 30.573779796], [114.206974996, 30.573779521], [114.207077997, 30.573629521], [114.207103245, 30.573592687], [114.207083726, 30.573684563], [114.207083097, 30.573688159], [114.207079097, 30.573717159], [114.207078674, 30.57372183], [114.207077674, 30.57374483], [114.207077738, 30.573750337], [114.207078409, 30.573755815], [114.20708341, 30.573783815], [114.207084772, 30.573789522], [114.207086793, 30.573795081], [114.207095792, 30.573816081], [114.207098941, 30.573822286], [114.207102907, 30.573828131], [114.207119907, 30.573850131], [114.207123447, 30.573854297], [114.207127405, 30.573858177], [114.207131746, 30.573861738], [114.207159746, 30.573882738], [114.207166919, 30.57388743], [114.207203919, 30.57390843], [114.207208175, 30.573910657], [114.207212613, 30.573912606], [114.207352613, 30.573968605], [114.207354969, 30.573969502], [114.207537969, 30.574035502], [114.207540188, 30.574036195], [114.207542383, 30.57403694], [114.207878383, 30.57413494], [114.207884742, 30.574136499], [114.207891248, 30.574137515], [114.207897838, 30.574137977], [114.207904449, 30.57413788], [114.207911016, 30.574137227], [114.207917478, 30.574136021], [114.207923771, 30.574134277], [114.207929836, 30.574132009], [114.207935614, 30.574129241], [114.207941048, 30.574125998], [114.207946087, 30.574122312], [114.207950683, 30.574118219], [114.20795479, 30.574113759], [114.207958368, 30.574108973], [114.207961386, 30.574103908], [114.207963813, 30.574098611], [114.207965623, 30.574093136], [114.207966804, 30.574087535], [114.207967339, 30.574081862], [114.207967227, 30.57407617], [114.207966467, 30.574070516], [114.207965068, 30.574064953], [114.207963042, 30.574059533], [114.207960408, 30.574054312], [114.207957193, 30.574049338], [114.207953426, 30.574044659], [114.207949146, 30.574040321], [114.207944392, 30.574036364], [114.20793921, 30.574032828], [114.207933651, 30.574029747], [114.207927768, 30.574027149], [114.207921617, 30.57402506], [114.207648199, 30.573945313], [114.207661614, 30.573908899], [114.207735816, 30.573916501], [114.207760298, 30.573917721], [114.207784771, 30.573916377], [114.207947371, 30.573898877], [114.207975317, 30.573894128], [114.208812817, 30.573698129], [114.208817297, 30.573696874], [114.208821846, 30.57369582], [114.208904376, 30.5736729], [114.208929828, 30.57369514], [114.208940338, 30.573703689], [114.209194302, 30.573895943], [114.20982982, 30.574648533], [114.20983636, 30.574655861], [114.210940177, 30.575826849], [114.211185978, 30.57610578], [114.211186542, 30.57610636], [114.211187044, 30.576106979], [114.2112185, 30.576142038], [114.211177801, 30.57616501]]]}, "properties": {"id": 11696, "land_type": "工业用地"}}, {"type": "Feature", "geometry": {"type": "Polygon", "coordinates": [[[114.235422152, 30.561471281], [114.234394084, 30.562033187], [114.234341144, 30.562005712], [114.235389495, 30.56143013], [114.235422152, 30.561471281]]]}, "properties": {"id": 11760, "land_type": "居住用地"}}, {"type": "Feature", "geometry": {"type": "Polygon", "coordinates": [[[114.234266945, 30.562102678], [114.232732351, 30.562941448], [114.23271718, 30.562939436], [114.232632317, 30.562821147], [114.23263402, 30.562812353], [114.234001617, 30.562086644], [114.234198218, 30.562067009], [114.234266945, 30.562102678]]]}, "properties": {"id": 11761, "land_type": "居住用地"}}, {"type": "Feature", "geometry": {"type": "Polygon", "coordinates": [[[114.235505266, 30.563093028], [114.235773366, 30.563492525], [114.235842814, 30.563596002], [114.235236101, 30.563975913], [114.234670336, 30.564258165], [114.234563027, 30.564091474], [114.234037318, 30.563275174], [114.235216324, 30.562662518], [114.235505266, 30.563093028]]]}, "properties": {"id": 11762, "land_type": "医疗卫生用地"}}, {"type": "Feature", "geometry": {"type": "Polygon", "coordinates": [[[114.239208503, 30.562002242], [114.239228472, 30.562036103], [114.239249394, 30.562092498], [114.239266666, 30.562146785], [114.239605651, 30.563767943], [114.239601182, 30.563900254], [114.239556241, 30.564003319], [114.238385535, 30.562680898], [114.238358761, 30.562644959], [114.238349771, 30.562617859], [114.238347358, 30.562596314], [114.238398188, 30.562560948], [114.238398314, 30.56256086], [114.239205619, 30.561997777], [114.239208503, 30.562002242]]]}, "properties": {"id": 11840, "land_type": "行政办公用地"}}, {"type": "Feature", "geometry": {"type": "Polygon", "coordinates": [[[114.240604698, 30.566034111], [114.240442107, 30.566112312], [114.239345967, 30.56650383], [114.238161424, 30.564917646], [114.239548561, 30.564203858], [114.240604698, 30.566034111]]]}, "properties": {"id": 11841, "land_type": "居住用地"}}, {"type": "Feature", "geometry": {"type": "Polygon", "coordinates": [[[114.239308559, 30.566668258], [114.238806502, 30.567013776], [114.238804834, 30.567010065], [114.238804688, 30.567009743], [114.238747809, 30.56688538], [114.238741588, 30.566859458], [114.238747584, 30.566848715], [114.238774603, 30.566833517], [114.239293551, 30.566648161], [114.239308559, 30.566668258]]]}, "properties": {"id": 11843, "land_type": "居住用地"}}, {"type": "Feature", "geometry": {"type": "Polygon", "coordinates": [[[114.2372666, 30.5426365], [114.2367623, 30.5427659], [114.23614, 30.542701201], [114.236301, 30.5421375], [114.2357431, 30.5418788], [114.2351852, 30.5419989], [114.2348955, 30.5421653], [114.2345736, 30.5421006], [114.2344663, 30.5423316], [114.234005, 30.5420359], [114.2345307, 30.5407607], [114.2350135, 30.5404743], [114.2354427, 30.5404466], [114.2361722, 30.5406129], [114.2366641, 30.540747], [114.236816, 30.5410472], [114.2371378, 30.541232], [114.2375241, 30.541278201], [114.2372666, 30.5426365]]]}, "properties": {"id": 19500, "land_type": "河流湖泊"}}, {"type": "Feature", "geometry": {"type": "Polygon", "coordinates": [[[114.2375886, 30.5472093], [114.2375699, 30.547249801], [114.2377064, 30.5476446], [114.2377923, 30.548162], [114.2377601, 30.5491691], [114.2350028, 30.5492246], [114.2347775, 30.5484484], [114.2357109, 30.5477185], [114.2359791, 30.5471456], [114.2361615, 30.5463418], [114.2362044, 30.5455749], [114.2363439, 30.5453069], [114.2367516, 30.5451498], [114.2370091, 30.5448264], [114.2372344, 30.5442628], [114.2374181, 30.5441975], [114.2375093, 30.5442099], [114.2376102, 30.544265801], [114.237663, 30.5443795], [114.237783, 30.5445325], [114.2380855, 30.5447083], [114.2381864, 30.544549], [114.2379679, 30.5443609], [114.2378526, 30.5441872], [114.2377782, 30.5439742], [114.237771, 30.5437736], [114.2378674, 30.5435605], [114.2381571, 30.5431355], [114.2384253, 30.5426827], [114.2385433, 30.5420544], [114.2385846, 30.5417064], [114.2388437, 30.5416848], [114.2390368, 30.541694], [114.2391027, 30.5417093], [114.2396172, 30.5418253], [114.2397235, 30.5418603], [114.2406998, 30.5421006], [114.2406247, 30.5427936], [114.2408715, 30.5440503], [114.2415045, 30.5447063], [114.2416868, 30.545685701], [114.241998, 30.5466929], [114.2417934, 30.5468016], [114.2413542, 30.547034801], [114.2411881, 30.5469685], [114.240614, 30.5467391], [114.2402223, 30.5464306], [114.2400278, 30.546044], [114.2399078, 30.5455064], [114.2395765, 30.5454051], [114.2394756, 30.5454299], [114.2393652, 30.5454423], [114.239269201, 30.5454464], [114.2391851, 30.545396801], [114.2391323, 30.545281], [114.2390291, 30.5450412], [114.2387842, 30.544853], [114.2385681, 30.544702], [114.2384553, 30.544853], [114.2386545, 30.5450143], [114.2387986, 30.5451487], [114.2388874, 30.5453492], [114.238909, 30.5455808], [114.2388759, 30.5458613], [114.2388158, 30.5463131], [114.2388171, 30.5464471], [114.2388412, 30.546609901], [114.2388748, 30.5467208], [114.2389096, 30.5467855], [114.2389472, 30.5468328], [114.2389713, 30.5468571], [114.2392409, 30.5470407], [114.2397229, 30.5473776], [114.239526, 30.5475861], [114.2394292, 30.5475788], [114.2393478, 30.5475905], [114.2392407, 30.5476538], [114.239217, 30.5477294], [114.2392119, 30.5478186], [114.2392238, 30.5478932], [114.2388115, 30.5481897], [114.2386042, 30.547986701], [114.2383343, 30.547655201], [114.2382193, 30.547512], [114.2382019, 30.5474932], [114.2381895, 30.5474738], [114.2381804, 30.5474389], [114.2381781, 30.5474198], [114.2381757, 30.5473982], [114.2381539, 30.5473734], [114.2381378, 30.5473534], [114.2381056, 30.5473338], [114.2380731, 30.547315], [114.2380312, 30.5472977], [114.2379206, 30.5472555], [114.23782, 30.5472174], [114.2376785, 30.5471689], [114.2375886, 30.5472093]]]}, "properties": {"id": 19501, "land_type": "河流湖泊"}}, {"type": "Feature", "geometry": {"type": "Polygon", "coordinates": [[[114.2274283, 30.5527636], [114.2269347, 30.5526897], [114.2264938, 30.5524199], [114.2260335, 30.5525418], [114.2257213, 30.5521796], [114.2254638, 30.5517731], [114.2257642, 30.5512927], [114.2257546, 30.5509527], [114.2257546, 30.5501211], [114.2255711, 30.5498698], [114.225378, 30.548761], [114.2250679, 30.5486612], [114.2243169, 30.5491047], [114.2237805, 30.549511301], [114.2235444, 30.5497146], [114.2232655, 30.549437401], [114.2232869, 30.5490863], [114.2234801, 30.548846], [114.2237472, 30.5483545], [114.2238019, 30.5481438], [114.2242955, 30.5477742], [114.2246602, 30.5472938], [114.2260764, 30.5469981], [114.2271708, 30.5486428], [114.2273639, 30.5487721], [114.2275999, 30.5495852], [114.2277931, 30.5500102], [114.2276429, 30.5508048], [114.2275356, 30.5516918], [114.2275141, 30.5520244], [114.2275999, 30.5521538], [114.2274283, 30.5527636]]]}, "properties": {"id": 19697, "land_type": "河流湖泊"}}, {"type": "Feature", "geometry": {"type": "Polygon", "coordinates": [[[114.2136527, 30.5557939], [114.2134464, 30.555759501], [114.2133691, 30.5556744], [114.2132638, 30.555677901], [114.213184, 30.555716901], [114.212396, 30.5553538], [114.2124732, 30.5548287], [114.2124407, 30.5547275], [114.2122121, 30.5546202], [114.212192, 30.554191], [114.2118029, 30.5531607], [114.2115937, 30.5523183], [114.2113791, 30.5514683], [114.2113126, 30.5509227], [114.2113181, 30.5506355], [114.2109639, 30.550859], [114.2101346, 30.5507291], [114.2096196, 30.5499899], [114.208933, 30.549953], [114.2100058, 30.5494356], [114.2103062, 30.548548601], [114.211422, 30.5467745], [114.2108212, 30.5457766], [114.2101346, 30.5457027], [114.2096196, 30.5452962], [114.2093621, 30.5469593], [114.2091361, 30.5479697], [114.2085186, 30.5482994], [114.2080838, 30.5484476], [114.2076044, 30.5480789], [114.2073066, 30.5474977], [114.2071539, 30.5472593], [114.2075042, 30.5472127], [114.2077688, 30.5472739], [114.208328, 30.5472674], [114.2084609, 30.5466267], [114.2080746, 30.5450005], [114.206744301, 30.5437069], [114.2061005, 30.5436699], [114.2057572, 30.5446309], [114.2035368, 30.5456229], [114.2024957, 30.5458875], [114.201796, 30.5457267], [114.2009936, 30.5457027], [114.2003533, 30.545634901], [114.2000678, 30.5449317], [114.1997367, 30.5449411], [114.1993869, 30.5442054], [114.1991696, 30.543167], [114.1998087, 30.543098], [114.2001335, 30.5438208], [114.2006633, 30.5437911], [114.2011224, 30.5442613], [114.2029677, 30.5440765], [114.2042123, 30.5438547], [114.2048131, 30.5431894], [114.2052852, 30.5419327], [114.2055262, 30.5413478], [114.2064868, 30.5410087], [114.2067872, 30.5414892], [114.207774201, 30.5414153], [114.2082463, 30.5408239], [114.2082463, 30.5401586], [114.2085038, 30.5393824], [114.209405, 30.5390867], [114.2095767, 30.539936801], [114.2103492, 30.5402695], [114.2110733, 30.5403344], [114.2117685, 30.5402563], [114.2122826, 30.5404236], [114.2128375, 30.5404352], [114.2125388, 30.540864601], [114.2125912, 30.5411052], [114.2129916, 30.5410803], [114.2133532, 30.5409718], [114.2141686, 30.5414892], [114.2141088, 30.5417818], [114.2141504, 30.5420745], [114.2143969, 30.5422978], [114.2148124, 30.5423393], [114.216659001, 30.5416903], [114.2169089, 30.5412753], [114.216888901, 30.5409574], [114.2166951, 30.5403306], [114.2168077, 30.5401405], [114.2172184, 30.5400529], [114.2175901, 30.540162], [114.2182456, 30.5404912], [114.2184457, 30.5407701], [114.2188464, 30.540713], [114.2191039, 30.5401956], [114.220048, 30.5401586], [114.2203055, 30.5407869], [114.2206583, 30.5409405], [114.2208849, 30.5407533], [114.2211542, 30.5407893], [114.2211774, 30.5412824], [114.2211138, 30.5414467], [114.2208373, 30.5416782], [114.2208825, 30.541769301], [114.2212062, 30.5416014], [114.2213343, 30.5412956], [114.2218505, 30.5407869], [114.2224942, 30.5403434], [114.2232238, 30.5400847], [114.2239962, 30.5403804], [114.2246556, 30.5403256], [114.2245541, 30.539752], [114.2249382, 30.5393454], [114.2250241, 30.538754], [114.2245971, 30.5384583], [114.2244349, 30.5381215], [114.2243093, 30.5376171], [114.2242226, 30.5366905], [114.2244956, 30.5361916], [114.2247687, 30.53576], [114.2253333, 30.53531], [114.2251772, 30.5351886], [114.2259061, 30.5343059], [114.2262413, 30.534025], [114.2263799, 30.5341148], [114.2266642, 30.5340385], [114.2268427, 30.5340938], [114.227067, 30.5342206], [114.2273306, 30.5341111], [114.2275304, 30.534183301], [114.2287126, 30.5338823], [114.2301739, 30.5342076], [114.2310322, 30.5350208], [114.2351092, 30.5345402], [114.2358387, 30.5342815], [114.2374018, 30.536544], [114.2387999, 30.5382366], [114.2392094, 30.5388907], [114.2388515, 30.5391171], [114.2387358, 30.5395337], [114.2387615, 30.5402158], [114.2388667, 30.5407454], [114.2388177, 30.5414154], [114.2387005, 30.5414398], [114.2387151, 30.5407327], [114.2385788, 30.540541301], [114.2383204, 30.5402172], [114.2379978, 30.5401586], [114.2364825, 30.5404543], [114.2355261, 30.5402297], [114.235139, 30.5402787], [114.2348323, 30.5403489], [114.2344744, 30.5405669], [114.2341931, 30.5409488], [114.2338227, 30.541040601], [114.2333727, 30.5413749], [114.2331094, 30.5418974], [114.2329825, 30.5420761], [114.2326701, 30.5422909], [114.2324055, 30.5423595], [114.2321434, 30.5423419], [114.2320274, 30.542299], [114.2319121, 30.5420959], [114.231791, 30.5420787], [114.2316679, 30.5422164], [114.2315043, 30.5428937], [114.2327576, 30.544261701], [114.2336512, 30.5446054], [114.2340336, 30.5454014], [114.2340098, 30.5455794], [114.2337495, 30.5456884], [114.2333499, 30.5455466], [114.2328619, 30.5455691], [114.2327268, 30.5459096], [114.2325275, 30.5460178], [114.2321802, 30.5460128], [114.2318572, 30.5458899], [114.2316029, 30.5456468], [114.2315901, 30.545481], [114.2312272, 30.5448061], [114.2307643, 30.544693], [114.2299164, 30.545444001], [114.2302597, 30.5460353], [114.2300022, 30.547255], [114.2289294, 30.5477355], [114.228071101, 30.5475876], [114.2266978, 30.5467376], [114.2243396, 30.5471072], [114.22361, 30.5464049], [114.2222796, 30.5467376], [114.2188464, 30.5460353], [114.2169152, 30.5468115], [114.216014, 30.5464049], [114.2150876, 30.5458546], [114.2145931, 30.5456464], [114.2142783, 30.5454153], [114.2138099, 30.545345], [114.2137094, 30.5453828], [114.2130329, 30.5450657], [114.2129801, 30.5450887], [114.2132192, 30.5456212], [114.2131475, 30.5456514], [114.2134884, 30.5463772], [114.2141448, 30.5475874], [114.2141028, 30.5476738], [114.2141659, 30.5478706], [114.2141168, 30.547994], [114.2141888, 30.548228401], [114.2130528, 30.5491769], [114.213406101, 30.5496255], [114.2137824, 30.5526139], [114.2132154, 30.5532468], [114.2132729, 30.553775], [114.2137426, 30.5541205], [114.2137665, 30.5555653], [114.2136527, 30.5557939]], [[114.2258467, 30.5418097], [114.225911, 30.5418905], [114.2260223, 30.5419564], [114.226194, 30.5419748], [114.2264703, 30.5420083], [114.2265722, 30.5419864], [114.226878001, 30.5417692], [114.2269155, 30.5416791], [114.2269021, 30.5416098], [114.2268136, 30.5414146], [114.2266621, 30.5412056], [114.2265226, 30.5410901], [114.2262342, 30.5408879], [114.2261578, 30.5408868], [114.2260679, 30.5408983], [114.2260143, 30.5409214], [114.2259244, 30.5410219], [114.2258105, 30.541045], [114.2257045, 30.5410323], [114.2256509, 30.5410924], [114.2256991, 30.5411421], [114.2257058, 30.5412726], [114.2256978, 30.5414551], [114.225774201, 30.5416457], [114.2258467, 30.5418097]]]}, "properties": {"id": 20622, "land_type": "河流湖泊"}}, {"type": "Feature", "geometry": {"type": "Polygon", "coordinates": [[[114.236467, 30.5655835], [114.2363654, 30.5656327], [114.2362638, 30.5656819], [114.236175, 30.5657147], [114.2360988, 30.5657694], [114.2358957, 30.5660044], [114.2355529, 30.5661301], [114.2353689, 30.5659989], [114.2352927, 30.5659115], [114.23528, 30.5658295], [114.2352229, 30.5657038], [114.2351467, 30.5655835], [114.2350769, 30.565518], [114.2350134, 30.5654524], [114.2351023, 30.5653376], [114.2351721, 30.5653321], [114.23528, 30.5652556], [114.2353752, 30.565119], [114.2356481, 30.5649004], [114.2359465, 30.5646326], [114.2360734, 30.5645014], [114.2362638, 30.5645287], [114.2364162, 30.5645178], [114.236505, 30.5644959], [114.2368414, 30.5650206], [114.2370001, 30.5652228], [114.2370763, 30.5653048], [114.2371271, 30.5653485], [114.2371271, 30.5654141], [114.2370636, 30.5654633], [114.2369811, 30.5654742], [114.2369176, 30.5654742], [114.2368541, 30.5655234], [114.2367399, 30.5655562], [114.2366574, 30.5655562], [114.2365495, 30.5655562], [114.236467, 30.5655835]]]}, "properties": {"id": 21957, "land_type": "河流湖泊"}}, {"type": "Feature", "geometry": {"type": "Polygon", "coordinates": [[[114.2143984, 30.5527394], [114.2150149, 30.553298401], [114.215225, 30.5535236], [114.2153371, 30.553692501], [114.2152904, 30.5538132], [114.2151783, 30.5539057], [114.2151083, 30.5539097], [114.2145712, 30.5537046], [114.2141789, 30.5535477], [114.2139875, 30.5534311], [114.2135578, 30.5531456], [114.2140202, 30.5526348], [114.2143984, 30.5527394]]]}, "properties": {"id": 22146, "land_type": "河流湖泊"}}, {"type": "Feature", "geometry": {"type": "Polygon", "coordinates": [[[114.214622801, 30.548443], [114.2149617, 30.5487295], [114.2152698, 30.5491753], [114.2154608, 30.5497007], [114.2155594, 30.5499182], [114.2154362, 30.5500774], [114.2152452, 30.5500084], [114.2149863, 30.549886401], [114.2145488, 30.5498015], [114.2144502, 30.5496953], [114.2143825, 30.5494778], [114.2142038, 30.549308], [114.2136307, 30.5490267], [114.2142962, 30.5483421], [114.214622801, 30.548443]]]}, "properties": {"id": 22147, "land_type": "河流湖泊"}}, {"type": "Feature", "geometry": {"type": "Polygon", "coordinates": [[[114.224132, 30.5376826], [114.2240515, 30.5378119], [114.2237886, 30.5379043], [114.2235741, 30.5379228], [114.2234346, 30.5378905], [114.2232576, 30.5377981], [114.2231395, 30.5377703], [114.2230323, 30.5376364], [114.2229679, 30.5375347], [114.2228713, 30.5374192], [114.2226675, 30.5373176], [114.2225173, 30.537336], [114.2223242, 30.5373915], [114.2221847, 30.5374007], [114.221836, 30.5372159], [114.2222651, 30.5369525], [114.2234239, 30.536375001], [114.2236653, 30.536476601], [114.223912, 30.5365783], [114.2240032, 30.5367446], [114.2241266, 30.5371789], [114.224132, 30.5376826]]]}, "properties": {"id": 22148, "land_type": "河流湖泊"}}, {"type": "Feature", "geometry": {"type": "Polygon", "coordinates": [[[114.2150684, 30.5401246], [114.2155314, 30.5401657], [114.2155187, 30.540272], [114.21534, 30.5404129], [114.2151605, 30.5404881], [114.2150053, 30.5406677], [114.214918, 30.5408264], [114.2147919, 30.5409601], [114.2141468, 30.5413737], [114.2134677, 30.540981], [114.2137345, 30.5407262], [114.2144443, 30.5403419], [114.2145778, 30.5402649], [114.2146666, 30.5400984], [114.2150684, 30.5401246]]]}, "properties": {"id": 22149, "land_type": "河流湖泊"}}, {"type": "Feature", "geometry": {"type": "Polygon", "coordinates": [[[114.2319497, 30.5462801], [114.2321396, 30.5463346], [114.2323489, 30.5463849], [114.2324755, 30.5464017], [114.2324901, 30.546452], [114.2323441, 30.5465149], [114.2322224, 30.5465903], [114.2321493, 30.5466951], [114.2320325, 30.5467287], [114.2319303, 30.5467161], [114.2318621, 30.54667], [114.2318134, 30.546594501], [114.2317794, 30.5464687], [114.2317842, 30.5463262], [114.2317842, 30.5462172], [114.2318572, 30.546192], [114.2319497, 30.5462801]]]}, "properties": {"id": 22150, "land_type": "河流湖泊"}}, {"type": "Feature", "geometry": {"type": "Polygon", "coordinates": [[[114.2340382, 30.5482045], [114.2340236, 30.548439301], [114.2341214, 30.5485817], [114.2340334, 30.5486782], [114.2338143, 30.5488082], [114.2335563, 30.5489717], [114.2334541, 30.5490011], [114.2333762, 30.5488963], [114.2332496, 30.5487495], [114.2332301, 30.5486196], [114.2333469, 30.5485064], [114.2333567, 30.5483512], [114.2333031, 30.5482045], [114.233196, 30.5480787], [114.2329429, 30.5481081], [114.2328893, 30.5481248], [114.2328747, 30.5480326], [114.232884501, 30.5478439], [114.2329867, 30.5475714], [114.2330743, 30.5472653], [114.2331181, 30.547018], [114.2333129, 30.5468503], [114.2333908, 30.5466784], [114.2336244, 30.5467371], [114.2338922, 30.5467664], [114.2340723, 30.5467161], [114.23416, 30.5468419], [114.2341259, 30.5472234], [114.2342038, 30.5475169], [114.2341015, 30.5475924], [114.234121, 30.5476888], [114.2342476, 30.5477852], [114.2341746, 30.547999], [114.2340382, 30.5482045]]]}, "properties": {"id": 22151, "land_type": "河流湖泊"}}, {"type": "Feature", "geometry": {"type": "Polygon", "coordinates": [[[114.2453802, 30.5685796], [114.2451419, 30.5686619], [114.244879, 30.5687912], [114.2442952, 30.5690892], [114.2440169, 30.5692854], [114.243754701, 30.5694466], [114.2432611, 30.5697837], [114.2429071, 30.5700332], [114.242490801, 30.5703029], [114.2420745, 30.5705985], [114.2416368, 30.5709976], [114.2412656, 30.5712729], [114.2408043, 30.5716166], [114.2405124, 30.5718419], [114.240094, 30.5721264], [114.2396906, 30.5724811], [114.239403, 30.5727453], [114.2392249, 30.5728876], [114.2388344, 30.5729042], [114.2384181, 30.5731998], [114.2383516, 30.5733652], [114.2377227, 30.5737805], [114.2366747, 30.574203], [114.2361801, 30.5741919], [114.235988, 30.5742898], [114.235678, 30.5743], [114.2355321, 30.574421], [114.2349538, 30.574559501], [114.2345793, 30.5745816], [114.2341029, 30.5746195], [114.2333145, 30.5746981], [114.2326288, 30.5747461], [114.2323005, 30.5748071], [114.2319583, 30.5748136], [114.2313747, 30.5748181], [114.2306601, 30.5747997], [114.2304112, 30.5747434], [114.2301161, 30.5747868], [114.2283652, 30.574684201], [114.227981, 30.5746442], [114.2273234, 30.5746445], [114.226833, 30.5745841], [114.2262859, 30.5746538], [114.2255028, 30.5745558], [114.2239997, 30.5745863], [114.2235941, 30.574687], [114.2232862, 30.5746916], [114.2226639, 30.574856], [114.2222347, 30.5749244], [114.2220888, 30.5749623], [114.2217798, 30.5750538], [114.2215213, 30.5751276], [114.2212885, 30.5751922], [114.2208185, 30.5753235], [114.220516, 30.5753917], [114.2201588, 30.5754749], [114.2198905, 30.5755267], [114.2196588, 30.5755922], [114.2189876, 30.5758314], [114.2185612, 30.5759862], [114.2183466, 30.5761834], [114.2181835, 30.5764273], [114.2180462, 30.5765159], [114.217926, 30.576612], [114.2177286, 30.5768411], [114.2173166, 30.5772549], [114.2170677, 30.5774766], [114.2165422, 30.5777511], [114.2150088, 30.5786827], [114.2145786, 30.5789693], [114.2141323, 30.5792648], [114.2136517, 30.5795752], [114.2132654, 30.5797969], [114.2130568, 30.5800275], [114.2116175, 30.5811417], [114.2111197, 30.581533301], [114.2107506, 30.5818659], [114.2104416, 30.582087501], [114.2100296, 30.582309201], [114.209712, 30.5826048], [114.2093172, 30.5828856], [114.2075491, 30.5817402], [114.2078066, 30.5814668], [114.2082272, 30.58109], [114.2086649, 30.5806392], [114.2090597, 30.5802993], [114.2099803, 30.5796352], [114.2102227, 30.5792131], [114.2116026, 30.5783074], [114.2131367, 30.5772771], [114.2135498, 30.5769556], [114.2141838, 30.576486401], [114.2145014, 30.5762204], [114.214819, 30.5760208], [114.2149091, 30.575737201], [114.2151451, 30.5755312], [114.2153275, 30.5754924], [114.2154799, 30.5755036], [114.2158627, 30.5753139], [114.2160093, 30.5751918], [114.2160979, 30.5752496], [114.2161819, 30.5751984], [114.216401401, 30.575256], [114.2167808, 30.5749674], [114.2169733, 30.5749715], [114.2174486, 30.5749484], [114.2177458, 30.574882801], [114.2181063, 30.574735001], [114.2183895, 30.5747276], [114.2184925, 30.5747055], [114.2187232, 30.5746075], [114.2190054, 30.5744708], [114.2190966, 30.5744838], [114.2194281, 30.574336], [114.2195654, 30.5742621], [114.2197113, 30.5741365], [114.2198487, 30.5740626], [114.220089, 30.5739148], [114.2201335, 30.5738956], [114.2204666, 30.5737522], [114.2209923, 30.5736451], [114.221077, 30.573549601], [114.2214623, 30.5735896], [114.2217455, 30.5735453], [114.2220663, 30.5735517], [114.2223227, 30.5734927], [114.2226511, 30.573391], [114.2228034, 30.573416], [114.2232208, 30.573379], [114.2238484, 30.5732062], [114.224596001, 30.5732863], [114.225713, 30.5731841], [114.2262344, 30.5731361], [114.2268696, 30.5732691], [114.2271646, 30.573234], [114.2272344, 30.5731721], [114.227525101, 30.5731804], [114.2276142, 30.5732534], [114.2281419, 30.5733648], [114.2288512, 30.5733707], [114.2293962, 30.573343], [114.2298263, 30.5734341], [114.2300999, 30.5733787], [114.2310213, 30.5734122], [114.2311332, 30.5734266], [114.2315281, 30.5732561], [114.2320591, 30.5731269], [114.2329046, 30.5729587], [114.2337275, 30.5728008], [114.2343927, 30.5726622], [114.2349731, 30.5725227], [114.235326, 30.5724589], [114.235679, 30.5724272], [114.2362638, 30.5722401], [114.2368711, 30.5720405], [114.2371424, 30.5720645], [114.2374836, 30.5719176], [114.237822101, 30.5718082], [114.2380603, 30.571727901], [114.2382347, 30.5715883], [114.2385941, 30.5713972], [114.2388247, 30.5712729], [114.2391242, 30.5711063], [114.2392558, 30.5709718], [114.2395908, 30.5707311], [114.2395387, 30.5704711], [114.2401111, 30.5701948], [114.2404481, 30.5699436], [114.2406454, 30.5697874], [114.2408772, 30.5696406], [114.2411271, 30.5694179], [114.2413095, 30.5692157], [114.2415241, 30.5690725], [114.2417784, 30.5689524], [114.2419715, 30.5687242], [114.2421518, 30.5685671], [114.2424254, 30.5684258], [114.2426164, 30.5682993], [114.2428534, 30.5681256], [114.2431119, 30.5680037], [114.2432836, 30.5679187], [114.243407, 30.567835601], [114.2435238, 30.5678028], [114.2436382, 30.567757101], [114.2438491, 30.5676707], [114.244209, 30.5674615], [114.2447106, 30.5671801], [114.2453802, 30.5685796]]]}, "properties": {"id": 36611, "land_type": "河流湖泊"}}, {"type": "Feature", "geometry": {"type": "Polygon", "coordinates": [[[114.2846473, 30.541428], [114.284707, 30.5415204], [114.2847513, 30.5415643], [114.2848029, 30.541581], [114.2848961, 30.5415822], [114.2850302, 30.5416122], [114.2851898, 30.5416965], [114.2852998, 30.541782], [114.2854205, 30.5419067], [114.285505, 30.5420442], [114.2855157, 30.542192], [114.2854875, 30.5423514], [114.2854822, 30.5424993], [114.2855009, 30.5426217], [114.2856096, 30.5427718], [114.2857115, 30.5429832], [114.2857946, 30.5432177], [114.285851, 30.5435353], [114.2858657, 30.5436104], [114.285937, 30.543811], [114.2859397, 30.5438186], [114.2859958, 30.5439765], [114.2862162, 30.5445062], [114.2862209, 30.5445165], [114.2862681, 30.5446164], [114.2864598, 30.5450541], [114.2864934, 30.5451427], [114.2864977, 30.5451541], [114.2865618, 30.5453233], [114.2866591, 30.5456391], [114.2866749, 30.5456949], [114.2867213, 30.5458719], [114.2840499, 30.546573], [114.2810082, 30.5472937], [114.2774785, 30.5480513], [114.275207505, 30.548534511], [114.2749599, 30.5485872], [114.2748043, 30.5482846], [114.274638, 30.5479012], [114.2744932, 30.5476471], [114.2743483, 30.5473999], [114.274288, 30.5471978], [114.2742383, 30.5469887], [114.2742397, 30.5468894], [114.2742705, 30.5467612], [114.2742705, 30.5467289], [114.2741606, 30.5465475], [114.2740613, 30.5463674], [114.2739017, 30.5461248], [114.2738977, 30.5460313], [114.273893, 30.545951001], [114.2738669, 30.5458927], [114.2738065, 30.545828], [114.2736818, 30.5457333], [114.2735477, 30.5456236], [114.2734592, 30.5454896], [114.273207, 30.5450541], [114.2729348, 30.5445517], [114.272694701, 30.5441094], [114.2724708, 30.5437155], [114.2721181, 30.543034], [114.2719276, 30.5426679], [114.2716648, 30.5422232], [114.2715012, 30.5419287], [114.271345601, 30.5416607], [114.2712021, 30.541402], [114.2710747, 30.541055501], [114.2710116, 30.540927201], [114.2709567, 30.5408279], [114.2709044, 30.5407551], [114.270789, 30.5406027], [114.2706107, 30.54027], [114.2704363, 30.539987], [114.2702405, 30.5396428], [114.2700876, 30.5393702], [114.269852, 30.5391805], [114.2694562, 30.5385471], [114.2695132, 30.5385106], [114.2696717, 30.5384192], [114.2693864, 30.538064301], [114.2692385, 30.5381526], [114.2691549, 30.5379246], [114.2690665, 30.5377154], [114.26899, 30.5375624], [114.2689082, 30.5374191], [114.2688435, 30.537299701], [114.2687859, 30.5371976], [114.2687122, 30.5370746], [114.2686097, 30.5369122], [114.2683965, 30.5366142], [114.2682235, 30.5364259], [114.2680036, 30.5362168], [114.2678681, 30.5361556], [114.2678158, 30.5361117], [114.2677984, 30.5360563], [114.2677917, 30.5359396], [114.2677796, 30.5358876], [114.2675382, 30.5355076], [114.2673478, 30.5352061], [114.2671385, 30.5348734], [114.2669199, 30.5345604], [114.2668422, 30.5343964], [114.2667966, 30.5342589], [114.2667469, 30.5340949], [114.2666571, 30.5339667], [114.2664532, 30.5337899], [114.2663272, 30.5336092], [114.2661072, 30.5332759], [114.2658859, 30.5329686], [114.2656992, 30.5326744], [114.2656936, 30.5326655], [114.2656741, 30.5326348], [114.2655399, 30.53245], [114.2653267, 30.5321098], [114.2652147, 30.5319879], [114.2651562, 30.5319258], [114.2651552, 30.5319225], [114.2652013, 30.5318897], [114.2652023, 30.531886401], [114.2651962, 30.531878], [114.2651485, 30.5318124], [114.2651366, 30.531796], [114.2651329, 30.531795], [114.2651188, 30.5318019], [114.2651148, 30.5318008], [114.2650783, 30.5317748], [114.2650665, 30.5317595], [114.2650685, 30.531745301], [114.2650823, 30.5317133], [114.2650759, 30.5316994], [114.2650628, 30.5316861], [114.2650276, 30.5316746], [114.2650095, 30.5316682], [114.2649978, 30.5316581], [114.2649887, 30.5316157], [114.2649857, 30.531609301], [114.2650001, 30.5315946], [114.2650001, 30.5315897], [114.2648691, 30.5314213], [114.2648634, 30.5314207], [114.2648436, 30.5314306], [114.2648385, 30.5314291], [114.2646092, 30.5311077], [114.2642994, 30.5306745], [114.2639253, 30.5301327], [114.2637885, 30.5299419], [114.263779, 30.5299255], [114.2634948, 30.5295286], [114.2632923, 30.5292444], [114.2630817, 30.5289481], [114.262969, 30.5287823], [114.2629255, 30.5287575], [114.2628644, 30.5287465], [114.2627987, 30.528743], [114.2627518, 30.5287274], [114.2627303, 30.5286991], [114.2627263, 30.5286431], [114.2627169, 30.528621201], [114.2624581, 30.528281], [114.2620477, 30.5276496], [114.2616172, 30.5270703], [114.2612471, 30.5265401], [114.2605604, 30.5255789], [114.2601916, 30.5250625], [114.2599663, 30.5247356], [114.2597048, 30.5243751], [114.2592448, 30.523749], [114.2586225, 30.523079], [114.2578635, 30.5222437], [114.2572928, 30.5216066], [114.2572801, 30.5216002], [114.257262, 30.5216043], [114.2569549, 30.5218301], [114.2569421, 30.5218266], [114.2566538, 30.521487], [114.2565599, 30.5213911], [114.2563923, 30.521249], [114.2561951, 30.5210457], [114.2560449, 30.5208574], [114.2559671, 30.5207638], [114.2559014, 30.5206217], [114.2558826, 30.5205633], [114.2558612, 30.5205142], [114.2558337, 30.5204825], [114.2557995, 30.5204495], [114.2557016, 30.5204074], [114.2555796, 30.5203513], [114.2553422, 30.5201445], [114.2551813, 30.5199793], [114.2550042, 30.5198292], [114.254559, 30.519404], [114.2543471, 30.519209901], [114.2541499, 30.5190181], [114.2538261, 30.5186775], [114.2537935, 30.5186472], [114.253749, 30.5185964], [114.2536132, 30.5184465], [114.2535831, 30.5184133], [114.2531253, 30.5179079], [114.2527498, 30.5175185], [114.252609, 30.517373], [114.252491, 30.5172262], [114.2524333, 30.5171222], [114.2523998, 30.517046], [114.2523676, 30.5169929], [114.2522992, 30.5169293], [114.2521799, 30.5168334], [114.2520062, 30.5166994], [114.2518815, 30.5165584], [114.2518613, 30.5165469], [114.2518453, 30.5165463], [114.251797, 30.5165616], [114.2517876, 30.5165616], [114.2516823, 30.516452201], [114.2516796, 30.5164475], [114.2517319, 30.5164059], [114.2517326, 30.5164007], [114.2517303, 30.5163927], [114.2516153, 30.5163014], [114.2513631, 30.5160801], [114.2510936, 30.5157647], [114.2509125, 30.515575201], [114.2506899, 30.5152725], [114.2504995, 30.5149791], [114.2500918, 30.5144661], [114.2500321, 30.5143922], [114.2499469, 30.5143159], [114.2498182, 30.5141692], [114.2495795, 30.5139427], [114.2494534, 30.5138387], [114.2492884, 30.5137047], [114.2490765, 30.5135083], [114.2487667, 30.513201], [114.2484476, 30.5128313], [114.2481753, 30.5125008], [114.2479554, 30.5122085], [114.2477584, 30.5119583], [114.247718, 30.511907], [114.247483301, 30.5116331], [114.2472433, 30.5113524], [114.2469482, 30.5110023], [114.2466572, 30.5106533], [114.2464024, 30.5103437], [114.2462079, 30.5101103], [114.2460926, 30.5099231], [114.2460389, 30.5098411], [114.245878, 30.5096527], [114.2456393, 30.5094078], [114.2450626, 30.5088116], [114.2447978, 30.5084887], [114.2447294, 30.508417], [114.2446891, 30.5083552], [114.2446931, 30.5083211], [114.2447066, 30.5082674], [114.2447025, 30.5082547], [114.2445275, 30.5081362], [114.2444819, 30.508101], [114.2444772, 30.5080871], [114.2444692, 30.5080097], [114.244445, 30.5079271], [114.2444008, 30.5078664], [114.2443445, 30.507822], [114.2442861, 30.5077925], [114.2442358, 30.5077705], [114.2442291, 30.5077555], [114.2442412, 30.5077197], [114.2442318, 30.5077041], [114.2441739, 30.5076428], [114.2441279, 30.5075847], [114.2440058, 30.507417], [114.2439227, 30.5073015], [114.243802, 30.5071339], [114.2436477, 30.5069559], [114.2435207, 30.5068307], [114.2434621, 30.5067728], [114.2432562, 30.5065666], [114.2431368, 30.5064556], [114.2429155, 30.506139], [114.2427868, 30.5059126], [114.2427278, 30.5058513], [114.2424944, 30.5056364], [114.2421511, 30.5051638], [114.241907, 30.50489], [114.2417608, 30.5047051], [114.2416817, 30.504548], [114.2416334, 30.5044948], [114.2414711, 30.5044047], [114.241439, 30.5043562], [114.2414363, 30.504303], [114.2414577, 30.5041932], [114.2414504, 30.504173], [114.2412908, 30.5040286], [114.2412592, 30.5040176], [114.2411144, 30.5040072], [114.2410004, 30.5039598], [114.2409199, 30.5038905], [114.2407872, 30.5036952], [114.240704, 30.5034607], [114.2406008, 30.5033185], [114.2405183, 30.503229], [114.2403916, 30.5031001], [114.2403366, 30.5030643], [114.2402266, 30.5030065], [114.240166201, 30.502941801], [114.2400576, 30.5027685], [114.2399557, 30.502616], [114.239835, 30.5024635], [114.2397304, 30.5022867], [114.2396137, 30.5021376], [114.2395748, 30.5020868], [114.2394809, 30.5019181], [114.239198, 30.501613], [114.2390169, 30.50142], [114.2389646, 30.5013715], [114.2388949, 30.5013287], [114.2387326, 30.5012282], [114.2386924, 30.5011901], [114.2385784, 30.501056], [114.2384443, 30.5008758], [114.2383786, 30.5007984], [114.2382927, 30.5007209], [114.2380835, 30.500528], [114.2380111, 30.5004159], [114.2379668, 30.5003257], [114.2379011, 30.5002021], [114.2378515, 30.5001351], [114.237761, 30.4999993], [114.2377295, 30.4999641], [114.2376859, 30.4999386], [114.2376141, 30.4998936], [114.2375122, 30.4997942], [114.2374237, 30.4996844], [114.2373204, 30.4995377], [114.2372493, 30.499399], [114.2371581, 30.4992765], [114.2370737, 30.4991841], [114.2369543, 30.4990627], [114.2368953, 30.4989691], [114.2368296, 30.4988339], [114.2367746, 30.498678501], [114.2367531, 30.4986467], [114.2367317, 30.4986265], [114.2366821, 30.4985867], [114.2365828, 30.4985347], [114.2364179, 30.4983671], [114.2363441, 30.4982596], [114.2362864, 30.498069], [114.2362154, 30.4979361], [114.2361228, 30.4977997], [114.2360249, 30.497735], [114.235982, 30.4977246], [114.235931, 30.4977188], [114.2358385, 30.4977125], [114.2357963, 30.4976946], [114.2357513, 30.4976611], [114.2356655, 30.4975259], [114.2353973, 30.4971919], [114.2351934, 30.4968718], [114.2350204, 30.4965367], [114.2348662, 30.4963009], [114.2346825, 30.4960999], [114.2345443, 30.4959312], [114.2344049, 30.4957971], [114.2343257, 30.4957058], [114.2341889, 30.4955221], [114.2340481, 30.495284], [114.2338872, 30.4950471], [114.2336029, 30.4946427], [114.2334674, 30.494411], [114.2334332, 30.4943919], [114.233399, 30.4943804], [114.2333125, 30.4943798], [114.2332716, 30.4943676], [114.2332247, 30.4943156], [114.2331684, 30.494173501], [114.2331214, 30.4940314], [114.2329819, 30.4937933], [114.2329189, 30.4937228], [114.2327259, 30.4934749], [114.2324039, 30.493145], [114.2318527, 30.4926851], [114.2317817, 30.4925926], [114.2316851, 30.4924436], [114.2316435, 30.4923962], [114.2313941, 30.4921593], [114.2310548, 30.4917675], [114.2306525, 30.4912717], [114.2304781, 30.4910106], [114.2304204, 30.490947], [114.2303601, 30.49091], [114.2302783, 30.4908777], [114.2302367, 30.4908338], [114.2302179, 30.4907823], [114.2302032, 30.4906697], [114.2301864, 30.4906142], [114.2301576, 30.490568], [114.2299859, 30.4904258], [114.2297794, 30.4902224], [114.2296721, 30.4900884], [114.2295501, 30.4898757], [114.2294964, 30.4897925], [114.2294361, 30.4897313], [114.229255, 30.489560201], [114.2291009, 30.4893551], [114.2290852, 30.4893322], [114.2290431, 30.4892782], [114.228905, 30.4891245], [114.2287789, 30.4889466], [114.2286462, 30.4887062], [114.2285764, 30.4886334], [114.2285053, 30.4885594], [114.2284571, 30.4885005], [114.228391301, 30.4883907], [114.2283458, 30.4883063], [114.2283028, 30.4882601], [114.2282358, 30.4882266], [114.228044, 30.4881434], [114.2279528, 30.4880787], [114.2278911, 30.4880059], [114.2278428, 30.4878706], [114.2278227, 30.4877921], [114.2277718, 30.48774], [114.2276806, 30.4876973], [114.2275156, 30.4876187], [114.2274016, 30.487532], [114.2272836, 30.4874222], [114.2266721, 30.4866895], [114.2262662, 30.4862145], [114.2262248, 30.486166], [114.2259264, 30.4857673], [114.2252988, 30.4850299], [114.2246658, 30.4843088], [114.2241655, 30.4837852], [114.2241402, 30.4837587], [114.2235902, 30.4831831], [114.2229572, 30.4825289], [114.2223966, 30.4819002], [114.221482, 30.4807514], [114.2204793, 30.4796289], [114.2204448, 30.4795863], [114.2202428, 30.4793367], [114.2198887, 30.4789438], [114.2198619, 30.4789137], [114.2193979, 30.4783682], [114.2187526, 30.477569801], [114.2187369, 30.4775524], [114.2187229, 30.4775309], [114.2176867, 30.4763571], [114.2175753, 30.4762162], [114.2175568, 30.47619], [114.2174587, 30.4760658], [114.2172843, 30.4758254], [114.2172092, 30.4756821], [114.2170483, 30.4753492], [114.2169678, 30.475229], [114.2168659, 30.4751065], [114.2166781, 30.4749424], [114.216426, 30.4747436], [114.2161176, 30.4745609], [114.215962, 30.4744569], [114.2157555, 30.474235], [114.2155999, 30.4740084], [114.2153692, 30.4736432], [114.2146826, 30.4725983], [114.2140228, 30.471692101], [114.2134702, 30.4709708], [114.2130287, 30.4703761], [114.2124456, 30.4697733], [114.2123625, 30.4697109], [114.2122793, 30.4696924], [114.2120942, 30.4696762], [114.2119896, 30.4696601], [114.2117885, 30.469593], [114.2116738, 30.4694885], [114.2116147, 30.4694365], [114.2115793, 30.469375701], [114.211546, 30.469289], [114.2115253, 30.4692311], [114.2115149, 30.4691052], [114.2114532, 30.468950301], [114.2112976, 30.4687423], [114.2110187, 30.4684695], [114.2105305, 30.4680164], [114.2102569, 30.4677944], [114.2102128, 30.4677601], [114.210169, 30.4677217], [114.209876101, 30.4674939], [114.20964, 30.4672673], [114.2093235, 30.4668882], [114.2090154, 30.4665242], [114.2089954, 30.466505101], [114.2089678, 30.466479], [114.2087433, 30.4662645], [114.2086707, 30.4661956], [114.2083794, 30.4659311], [114.207387, 30.4651127], [114.2058366, 30.4637764], [114.2044741, 30.4626158], [114.2041737, 30.46238], [114.2028594, 30.4611454], [114.2023551, 30.4607153], [114.2017865, 30.4602853], [114.2014995, 30.4600888], [114.2010999, 30.459883], [114.1997963, 30.4592588], [114.1987234, 30.4586576], [114.1981387, 30.4583016], [114.1976505, 30.4579779], [114.1973126, 30.4577097], [114.1970175, 30.4573906], [114.1967359, 30.4570438], [114.1966938, 30.457002], [114.1966734, 30.4569893], [114.1966583, 30.45698], [114.1966152, 30.4569559], [114.1964596, 30.4568958], [114.196068, 30.4567872], [114.195765, 30.4566716], [114.1955262, 30.4565721], [114.1950971, 30.4563502], [114.1946304, 30.4561143], [114.1942871, 30.455934], [114.1940056, 30.4557455], [114.193784976, 30.455548105], [114.1936219, 30.4554022], [114.1924471, 30.4543571], [114.1910148, 30.4528635], [114.1890192, 30.4507455], [114.1861439, 30.44761], [114.1835046, 30.4444097], [114.1823244, 30.4428188], [114.1816056, 30.4418291], [114.1806936, 30.4405341], [114.1800284, 30.4394657], [114.179387401, 30.4383765], [114.1792767, 30.4381776], [114.1792451, 30.4381233], [114.1788429, 30.4374076], [114.1781536, 30.4363507], [114.1776305, 30.4354604], [114.1767776, 30.4338785], [114.1764396, 30.433268], [114.1758174, 30.4321394], [114.1751844, 30.4309137], [114.1740364, 30.4286796], [114.1734946, 30.4276643], [114.1734436, 30.4275741], [114.1734114, 30.4274885], [114.1733766, 30.4273636], [114.1733425, 30.4271334], [114.1733162, 30.4270619], [114.173296, 30.4270213], [114.1732666, 30.4269843], [114.1731593, 30.426861701], [114.1730601, 30.4267623], [114.1729769, 30.4266605], [114.1728669, 30.4265194], [114.1725504, 30.4259551], [114.1721347, 30.4252243], [114.1720301, 30.4249953], [114.1719899, 30.4248519], [114.171955, 30.4246114], [114.171937901, 30.4245567], [114.171911, 30.4245002], [114.1718101, 30.4244009], [114.1716036, 30.4242274], [114.1713917, 30.4240678], [114.171212, 30.4238967], [114.1710645, 30.4237209], [114.1708445, 30.4233971], [114.1704476, 30.4226385], [114.170115, 30.4218798], [114.1698951, 30.4212577], [114.1698521, 30.4211212], [114.1698495, 30.4210171], [114.1698414, 30.4208876], [114.1698521, 30.420832101], [114.1698468, 30.4207893], [114.1697985, 30.4207326], [114.1697234, 30.4206493], [114.1696295, 30.420559101], [114.169533, 30.4204527], [114.1694069, 30.4202816], [114.1692728, 30.4200619], [114.1685593, 30.4188915], [114.1682213, 30.4183271], [114.1680014, 30.4179385], [114.1678727, 30.4176748], [114.1673845, 30.4167404], [114.167076, 30.4161436], [114.1670117, 30.416018701], [114.1669393, 30.4158545], [114.1668186, 30.4155677], [114.166762201, 30.4154057], [114.16673, 30.4153109], [114.1666576, 30.4150981], [114.166612, 30.4150171], [114.1665975, 30.4149986], [114.1665852, 30.4149867], [114.1665316, 30.4149339], [114.1664001, 30.4148321], [114.1662875, 30.4147211], [114.1661856, 30.4145939], [114.1657001, 30.4139786], [114.1654426, 30.4136686], [114.1651475, 30.4133633], [114.1648418, 30.4130764], [114.164713, 30.4129284], [114.1646111, 30.412785], [114.1644904, 30.4126393], [114.1642731, 30.4123432], [114.1640961, 30.4121281], [114.1637635, 30.4116515], [114.1632378, 30.4109622], [114.162637, 30.4100925], [114.1620898, 30.4092597], [114.1607246, 30.4071431], [114.1597617, 30.405671901], [114.159527, 30.4053005], [114.1591233, 30.4046783], [114.1587156, 30.4040826], [114.1582771, 30.4034499], [114.1579485, 30.4029537], [114.1575797, 30.4023892], [114.1571841, 30.4018756], [114.1567576, 30.4013123], [114.1563351, 30.4007478], [114.1561836, 30.4005165], [114.1560669, 30.4003511], [114.1558993, 30.400063101], [114.1558463, 30.3999775], [114.1558027, 30.3999271], [114.1557833, 30.3998982], [114.1557544, 30.3998358], [114.1557196, 30.3997704], [114.1556726, 30.3997085], [114.1555667, 30.3995784], [114.1552837, 30.3992337], [114.1550195, 30.3988832], [114.1547218, 30.3985234], [114.1542967, 30.3979856], [114.1538273, 30.3972857], [114.1534933, 30.3968577], [114.1532063, 30.396491], [114.1529851, 30.3962319], [114.1526793, 30.3958259], [114.1523212, 30.395312301], [114.1591955, 30.3930765], [114.1665597, 30.3906804], [114.1666388, 30.3907487], [114.1668306, 30.3908771], [114.1671364, 30.3910796], [114.1673657, 30.3912508], [114.1674864, 30.391363], [114.167612501, 30.3915515], [114.1676608, 30.3916047], [114.1677453, 30.3916545], [114.1679089, 30.3917713], [114.1681261, 30.3919784], [114.1682965, 30.3922225], [114.1684359, 30.3923636], [114.1685714, 30.3924654], [114.1687377, 30.3925614], [114.1687819, 30.392595], [114.1688074, 30.3926424], [114.1688503, 30.3927569], [114.168904, 30.392853], [114.1689885, 30.392949], [114.1692808, 30.3932856], [114.1696858, 30.3937344], [114.1699299, 30.3939519], [114.1700949, 30.3940514], [114.1702048, 30.3941393], [114.1703054, 30.3942515], [114.1704315, 30.394432], [114.1705321, 30.3945569], [114.1706541, 30.3946969], [114.1707587, 30.3948727], [114.1708124, 30.3949467], [114.1708714, 30.3949976], [114.1709518, 30.3950462], [114.1713113, 30.3953239], [114.1714829, 30.3954742], [114.1715848, 30.3955969], [114.171676, 30.3957357], [114.1717817, 30.3959096], [114.1717928, 30.3959276], [114.1717967, 30.3959346], [114.1719308, 30.3961197], [114.1722044, 30.3964876], [114.1724163, 30.3967559], [114.1724471, 30.3967936], [114.1724667, 30.3968172], [114.1725129, 30.3968739], [114.1726094, 30.3969827], [114.1727704, 30.397114501], [114.1729125, 30.3972325], [114.1729903, 30.3973042], [114.1730466, 30.397369], [114.1732049, 30.3976258], [114.1732788, 30.3977368], [114.1733055, 30.397765], [114.173339, 30.3978005], [114.1734838, 30.3979474], [114.1738797, 30.398327], [114.173912, 30.3983574], [114.1739666, 30.3984101], [114.1746265, 30.3991041], [114.1750878, 30.3996501], [114.1753668, 30.3999717], [114.175517, 30.4001822], [114.1756698, 30.4004459], [114.1757664, 30.4006403], [114.1758227, 30.4008415], [114.1758549, 30.4009711], [114.1758688, 30.401010401], [114.175875, 30.4010211], [114.1758978, 30.4010451], [114.175926, 30.4010567], [114.1760091, 30.4010798], [114.1761151, 30.4011087], [114.1761781, 30.4011411], [114.1762237, 30.4011943], [114.1762693, 30.4012568], [114.176335, 30.4013528], [114.1764034, 30.4014777], [114.176504, 30.4017183], [114.1765239, 30.4017563], [114.1765362, 30.4017799], [114.176555, 30.4018166], [114.1765912, 30.401880201], [114.1766435, 30.4019496], [114.1768017, 30.4021255], [114.1769348, 30.402272], [114.1769505, 30.402286], [114.177015, 30.4023406], [114.1771223, 30.4024297], [114.177475, 30.4027177], [114.1777056, 30.4029352], [114.1778988, 30.4031526], [114.1783038, 30.4036847], [114.1789137, 30.4045706], [114.1789297, 30.4045935], [114.1792265, 30.4050472], [114.1793311, 30.4052069], [114.1794008, 30.405363001], [114.1794102, 30.4054012], [114.1794062, 30.4054336], [114.1793954, 30.4054821], [114.1793954, 30.4055006], [114.1794048, 30.405527201], [114.1794303, 30.4055712], [114.1794554, 30.4056008], [114.1794844, 30.4056248], [114.1795497, 30.405666], [114.1795979, 30.4057031], [114.1796556, 30.4057505], [114.1796858, 30.4057769], [114.1797066, 30.4057998], [114.179730701, 30.4058291], [114.1798729, 30.4059992], [114.1800512, 30.406252], [114.1800616, 30.4062696], [114.1805944, 30.407025101], [114.1816217, 30.4085056], [114.1820347, 30.4091255], [114.1834938, 30.4116145], [114.1843843, 30.4133263], [114.1855001, 30.4153803], [114.1866588, 30.4174806], [114.1873991, 30.4188499], [114.1880751, 30.4202515], [114.1890407, 30.4222545], [114.1894162, 30.4229484], [114.1896039, 30.4233416], [114.1897166, 30.4236793], [114.1898078, 30.4240956], [114.189856, 30.4244749], [114.1898829, 30.4253538], [114.1900223, 30.4275001], [114.190027701, 30.4278701], [114.1899955, 30.4282309], [114.1899365, 30.4284946], [114.1897917, 30.4288785], [114.1897327, 30.4290959], [114.1897233, 30.429252], [114.189738, 30.4293364], [114.1897796, 30.4294636], [114.1898453, 30.4296417], [114.1901457, 30.4301875], [114.1904837, 30.4307888], [114.1908216, 30.4314132], [114.1908724, 30.4315001], [114.1909103, 30.4315647], [114.1914117, 30.4324216], [114.1920286, 30.4335501], [114.1923183, 30.4341329], [114.192570401, 30.4346926], [114.1927421, 30.435058], [114.1928923, 30.4352892], [114.1932034, 30.435668501], [114.1940618, 30.436723], [114.1941168, 30.4368047], [114.194134501, 30.4368311], [114.1944158, 30.4372457], [114.1950059, 30.4381846], [114.1953331, 30.4387581], [114.1957247, 30.4394056], [114.1961646, 30.4401918], [114.1967332, 30.4408856], [114.1974306, 30.4415608], [114.1979885, 30.4420511], [114.1986859, 30.4425321], [114.2000484, 30.44342], [114.2009282, 30.4440305], [114.201323, 30.4442665], [114.2013454, 30.444280801], [114.2014579, 30.4443669], [114.201533, 30.4444363], [114.2015706, 30.4444768], [114.2015921, 30.4445207], [114.2016068, 30.4445832], [114.2016143, 30.4446089], [114.2016337, 30.4446278], [114.2016603, 30.4446405], [114.201694, 30.444656], [114.2021164, 30.4448445], [114.2029399, 30.4452329], [114.2039403, 30.4457555], [114.2040369, 30.4458272], [114.2041013, 30.4459012], [114.2041925, 30.4459937], [114.2042134, 30.4460042], [114.2042781, 30.4460396], [114.2044553, 30.4460376], [114.2045546, 30.4460538], [114.2046672, 30.4460954], [114.2047879, 30.4461475], [114.2052189, 30.4464036], [114.2052744, 30.4464356], [114.2059826, 30.4468419], [114.206036, 30.4468717], [114.2060432, 30.4468747], [114.206982, 30.447388], [114.2074287, 30.4476442], [114.2074723, 30.4476703], [114.2078429, 30.4478829], [114.2083179, 30.4481831], [114.2083688, 30.448212601], [114.2084169, 30.448239], [114.2089212, 30.4485118], [114.2110616, 30.4496818], [114.2116535, 30.4500265], [114.2117163, 30.4500562], [114.2125973, 30.4505668], [114.2126233, 30.4505819], [114.212746, 30.450653], [114.2143553, 30.451628701], [114.2157716, 30.4525166], [114.217177, 30.45346], [114.2186791, 30.4544265], [114.2191887, 30.4546762], [114.2199504, 30.4549814], [114.2207873, 30.4553144], [114.221015, 30.4554499], [114.2213452, 30.4556565], [114.221946, 30.4561375], [114.2227131, 30.4567016], [114.2231154, 30.4570207], [114.2236197, 30.4574184], [114.2272568, 30.4603084], [114.229601, 30.4623014], [114.2309529, 30.4633972], [114.2320955, 30.464322], [114.2329591, 30.4650618], [114.2338979, 30.4659588], [114.2342573, 30.4663657], [114.2346114, 30.4668096], [114.2348662, 30.4671749], [114.2351666, 30.4676881], [114.2353141, 30.467979401], [114.2355287, 30.4682892], [114.2358398, 30.4686221], [114.2363012, 30.4690659], [114.2368054, 30.4694913], [114.2373955, 30.4698704], [114.23805, 30.4703513], [114.2384899, 30.4706934], [114.2394957, 30.4715973], [114.2401636, 30.472355601], [114.2405927, 30.4730144], [114.2406222, 30.4731057], [114.2406329, 30.473354201], [114.2406866, 30.4735184], [114.2408073, 30.4737472], [114.240979, 30.4739946], [114.2412711, 30.4742041], [114.241488601, 30.4743714], [114.2416549, 30.4745956], [114.2419204, 30.4749447], [114.2421001, 30.4751065], [114.2424327, 30.4752891], [114.2426258, 30.4753793], [114.2431515, 30.4760011], [114.2436236, 30.4765906], [114.2441896, 30.4773904], [114.2445007, 30.4779498], [114.2445497, 30.4781699], [114.2445593, 30.4782049], [114.2445986, 30.4783485], [114.2446012, 30.4784585], [114.2446072, 30.4784994], [114.2446107, 30.47856], [114.2446321, 30.4786467], [114.2447262, 30.4787666], [114.2447381, 30.4787817], [114.2448145, 30.478879], [114.2448963, 30.4789923], [114.2449515, 30.4790956], [114.2449733, 30.4791358], [114.244990901, 30.4791761], [114.2450331, 30.4792997], [114.2451029, 30.479472], [114.2451645, 30.4795852], [114.2452383, 30.479688101], [114.245351, 30.4797736], [114.2455816, 30.4798823], [114.2457667, 30.480000101], [114.2458659, 30.4801042], [114.2461583, 30.4805434], [114.2465419, 30.4809433], [114.2468074, 30.4813015], [114.2471561, 30.4817061], [114.2474323, 30.4820759], [114.2480922, 30.4830444], [114.2486206, 30.4840961], [114.2491651, 30.4851732], [114.2493126, 30.4856517], [114.2494521, 30.486218], [114.2495567, 30.4864399], [114.2496639, 30.4865971], [114.2499027, 30.4869461], [114.2500716, 30.4872096], [114.2501642, 30.487309001], [114.2505611, 30.4875609], [114.2506215, 30.4876187], [114.2506805, 30.4877296], [114.2507824, 30.4880255], [114.2508817, 30.4881989], [114.2510077, 30.4883006], [114.2512143, 30.4884473], [114.2513081, 30.4885317], [114.2513792, 30.4886634], [114.2514288, 30.4888391], [114.2515147, 30.488982401], [114.251681, 30.4891927], [114.2518634, 30.4894493], [114.2524669, 30.490343801], [114.2529336, 30.4910672], [114.253124, 30.4914832], [114.2535102, 30.4920795], [114.253808, 30.4925418], [114.2540467, 30.492863], [114.2543229, 30.4933715], [114.2544168, 30.4936627], [114.2544758, 30.4938338], [114.2545402, 30.4939158], [114.2546287, 30.4939909], [114.2548272, 30.4941215], [114.2549023, 30.4941793], [114.255031, 30.4943538], [114.2551678, 30.494490101], [114.2552523, 30.4945491], [114.2552818, 30.4945791], [114.2553556, 30.4947606], [114.2553891, 30.494801], [114.2555273, 30.494905], [114.2555661, 30.4949408], [114.255664, 30.4951419], [114.2556976, 30.4951881], [114.2558411, 30.4953256], [114.2560422, 30.4955856], [114.2563131, 30.4958283], [114.2565492, 30.4961241], [114.256627, 30.4961819], [114.2568657, 30.4963807], [114.2576784, 30.49697], [114.2579064, 30.4971064], [114.2581478, 30.4973144], [114.258365, 30.4975501], [114.2585555, 30.4978055], [114.2586735, 30.4979939], [114.2591, 30.4984908], [114.2595372, 30.4990096], [114.2599321, 30.499435401], [114.2599301, 30.4994516], [114.259914, 30.4994718], [114.2598523, 30.4995255], [114.2598503, 30.4995325], [114.259855001, 30.4995434], [114.2601923, 30.4998508], [114.2602124, 30.4998474], [114.2603123, 30.4997838], [114.2603251, 30.4997878], [114.2605678, 30.5000028], [114.2605698, 30.5000195], [114.2605101, 30.5001287], [114.2605101, 30.5001391], [114.2608608, 30.5004505], [114.2608749, 30.5004505], [114.2609309, 30.500404], [114.260942, 30.5004032], [114.2614878, 30.500879], [114.2614881, 30.5008868], [114.2614295, 30.5009393], [114.2614281, 30.500948], [114.2618908, 30.5013542], [114.262238101, 30.5016546], [114.2627236, 30.5021099], [114.2631005, 30.5024484], [114.2636436, 30.502914101], [114.2643034, 30.5036351], [114.2643665, 30.503738], [114.2643692, 30.5038535], [114.2643343, 30.5039413], [114.2643182, 30.5040072], [114.2643249, 30.5040811], [114.2643893, 30.5041759], [114.2644617, 30.5043007], [114.2645301, 30.5043816], [114.26486, 30.5046254], [114.2649485, 30.5046577], [114.2650598, 30.5046889], [114.2651685, 30.5047016], [114.2653066, 30.5047432], [114.2654555, 30.5048218], [114.2658135, 30.5051904], [114.2662226, 30.5055509], [114.2662615, 30.5055786], [114.2664023, 30.5056295], [114.2664298, 30.5056821], [114.2664351, 30.505719001], [114.266409, 30.5057664], [114.2662749, 30.5057947], [114.2662474, 30.5058092], [114.26624, 30.5058363], [114.2662494, 30.5058525], [114.266356701, 30.5059195], [114.2666303, 30.5060524], [114.2667322, 30.5061194], [114.2670232, 30.5063956], [114.2671117, 30.5064684], [114.2675194, 30.5067826], [114.2681256, 30.5072922], [114.2685749, 30.5077232], [114.269173, 30.5082616], [114.2699441, 30.5089179], [114.2705356, 30.5094494], [114.2709889, 30.5099162], [114.2711699, 30.5101808], [114.2712034, 30.5102258], [114.271245, 30.5102616], [114.2714261, 30.5104003], [114.2717895, 30.5107146], [114.2722763, 30.5112333], [114.2727913, 30.511744], [114.273148, 30.5121392], [114.2737274, 30.5127157], [114.2739835, 30.513008], [114.274186, 30.5132391], [114.2742598, 30.51335], [114.2744033, 30.5135106], [114.2746246, 30.5138191], [114.2748392, 30.514086], [114.2751141, 30.5142812], [114.2751664, 30.5143355], [114.2751946, 30.5143737], [114.27522, 30.5144661], [114.2752616, 30.5146036], [114.275389, 30.5148116], [114.2754896, 30.5149363], [114.2756358, 30.5150808], [114.2758329, 30.5152344], [114.2760274, 30.5154389], [114.276056901, 30.5155337], [114.2760931, 30.5156145], [114.2761293, 30.5156538], [114.2762098, 30.5157], [114.2764297, 30.5159161], [114.2766523, 30.5162003], [114.2767409, 30.5163087], [114.2767919, 30.5163687], [114.277044, 30.5166728], [114.2771721, 30.5168322], [114.2772265, 30.5168963], [114.2775308, 30.517269], [114.2775994, 30.5173564], [114.2776195, 30.5173821], [114.2776676, 30.5174434], [114.2778017, 30.5175335], [114.277913, 30.5176329], [114.2780994, 30.5178432], [114.2783354, 30.5181054], [114.2786291, 30.5184532], [114.2788558, 30.5188067], [114.2789188, 30.5188968], [114.2791012, 30.5190817], [114.2792782, 30.5192238], [114.2794284, 30.5193855], [114.2795357, 30.5195299], [114.2796001, 30.519646601], [114.2796604, 30.5197679], [114.2797061, 30.519895], [114.2797318, 30.5199416], [114.279752, 30.5199695], [114.2797851, 30.5200071], [114.2799649, 30.5201711], [114.2802291, 30.5204426], [114.2804436, 30.520754501], [114.2806783, 30.5210838], [114.2807317, 30.5211652], [114.2807662, 30.5212177], [114.2808755, 30.5213842], [114.2811276, 30.521760801], [114.2813583, 30.5221039], [114.2815916, 30.522551], [114.2817224, 30.5229155], [114.2817163, 30.5229253], [114.2816506, 30.5229686], [114.281652, 30.5229784], [114.2816744, 30.5230238], [114.2816832, 30.5230258], [114.2817606, 30.523031], [114.2817794, 30.5230466], [114.2819618, 30.5232488], [114.2819859, 30.5233112], [114.2820624, 30.5235884], [114.2821079, 30.5237386], [114.2822675, 30.5240713], [114.2824379, 30.5244768], [114.2825747, 30.5248037], [114.2828281, 30.5252889], [114.283087, 30.5257048], [114.2832237, 30.526093], [114.2831983, 30.5262097], [114.2832197, 30.5262663], [114.2833297, 30.5264245], [114.2834182, 30.5266302], [114.2834209, 30.5267549], [114.2834289, 30.5268138], [114.2835349, 30.5269363], [114.2837723, 30.5274226], [114.2838138, 30.5275405], [114.2838393, 30.5278408], [114.2839332, 30.5281377], [114.2840257, 30.5285513], [114.2841457, 30.5290234], [114.2842846, 30.5294907], [114.2841871, 30.5295361], [114.2840393, 30.5296244], [114.284314, 30.5299824], [114.2844725, 30.529891], [114.2846788, 30.5307045], [114.2848053, 30.5311176], [114.2848202, 30.531177], [114.2848666, 30.5313179], [114.2849672, 30.5316622], [114.2849793, 30.5316951], [114.2850014, 30.5317101], [114.2850329, 30.5317176], [114.2850731, 30.5317113], [114.2852253, 30.5316437], [114.2855144, 30.5314895], [114.2858644, 30.5313179], [114.286366, 30.5310753], [114.286661, 30.530939], [114.2869949, 30.5307865], [114.2872813, 30.530693], [114.2872873, 30.5306967], [114.2873148, 30.5307415], [114.2873225, 30.5307441], [114.2873463, 30.5307369], [114.2873513, 30.5307392], [114.2873651, 30.5307681], [114.2873728, 30.5307707], [114.2875518, 30.5307392], [114.2875632, 30.5307415], [114.2875823, 30.5307842], [114.2875944, 30.5308114], [114.2875911, 30.5308151], [114.2874328, 30.5308969], [114.2874227, 30.530905], [114.2874409, 30.530939], [114.2874355, 30.5309465], [114.2873651, 30.530991], [114.287066, 30.5311169], [114.2865229, 30.5313687], [114.2860588, 30.5315721], [114.28569, 30.5317684], [114.2854339, 30.5319313], [114.2850235, 30.5321716], [114.2849873, 30.5321889], [114.2849417, 30.532193], [114.2848907, 30.5321987], [114.2848404, 30.5322143], [114.2848136, 30.5322409], [114.2848036, 30.5322802], [114.2847996, 30.5323818], [114.2847989, 30.532401101], [114.2847955, 30.5324869], [114.284817001, 30.5326475], [114.2848451, 30.5326752], [114.2848854, 30.5326995], [114.2849377, 30.5327145], [114.2850517, 30.5326949], [114.2852502, 30.5325955], [114.2856592, 30.5324257], [114.2859388, 30.5323287], [114.2859455, 30.532333], [114.2859992, 30.5324465], [114.2859951, 30.5324529], [114.2857893, 30.5326336], [114.2857071, 30.5326966], [114.2857055, 30.532703], [114.2857336, 30.5327471], [114.285729901, 30.5327523], [114.2855492, 30.5328878], [114.2851751, 30.5332158], [114.284943, 30.5334492], [114.2847835, 30.5336398], [114.2846815, 30.5337611], [114.2845488, 30.5339101], [114.284528601, 30.5339655], [114.2845206, 30.5341111], [114.2844897, 30.5343663], [114.284467, 30.5344183], [114.2842752, 30.5346748], [114.2837857, 30.5352304], [114.2837614, 30.5352607], [114.283752, 30.5352725], [114.2836516, 30.5353979], [114.2835282, 30.5355734], [114.2833605, 30.5359569], [114.2833418, 30.5361395], [114.2834061, 30.5362607], [114.2835014, 30.536355501], [114.2836462, 30.5364652], [114.2837749, 30.536546], [114.2838366, 30.536605], [114.2839479, 30.536799], [114.2839788, 30.5368753], [114.2840043, 30.5369619], [114.2839935, 30.537052], [114.283952, 30.5370947], [114.2839426, 30.5371305], [114.2839962, 30.5372345], [114.2840686, 30.5373974], [114.2840867, 30.5374898], [114.2841028, 30.5375325], [114.2841397, 30.5375816], [114.2841987, 30.5376676], [114.2842269, 30.5377531], [114.2842376, 30.537849], [114.284243, 30.5379535], [114.2842276, 30.5379766], [114.284125, 30.538063801], [114.2841049, 30.5381227], [114.2841042, 30.5381788], [114.2841377, 30.5382429], [114.2841826, 30.538326], [114.2842188, 30.5383942], [114.2842182, 30.5384202], [114.2841679, 30.5384912], [114.2841505, 30.5385547], [114.2841732, 30.5387211], [114.2842403, 30.5390537], [114.2843307, 30.5395604], [114.2843236, 30.5395636], [114.2842913, 30.5395672], [114.2842758, 30.5395764], [114.2842413, 30.539601201], [114.2842437, 30.539633], [114.2842551, 30.5396763], [114.2842665, 30.539679201], [114.2843389, 30.5396668], [114.2843506, 30.5396705], [114.2843717, 30.5397514], [114.284424, 30.539972], [114.2844763, 30.5400806], [114.284534, 30.5402146], [114.2845474, 30.5402677], [114.2845461, 30.5405784], [114.2845352, 30.5407255], [114.2845371, 30.5407516], [114.284528601, 30.5408389], [114.2845206, 30.5408683], [114.2844059, 30.5409197], [114.2843999, 30.5409388], [114.2844854, 30.5411658], [114.28448, 30.5411736], [114.284431101, 30.5411894], [114.2844287, 30.5411929], [114.2844502, 30.5412651], [114.2844562, 30.5412686], [114.2845548, 30.541238], [114.2845602, 30.5412391], [114.2846473, 30.541428]], [[114.2765411, 30.5338464], [114.2769087, 30.5343209], [114.2771478, 30.5341834], [114.2767803, 30.5337089], [114.2765411, 30.5338464]], [[114.2631421, 30.505168401], [114.2635377, 30.505590201], [114.2636771, 30.5054932], [114.2632815, 30.505071401], [114.2631421, 30.505168401]], [[114.2472285, 30.492417], [114.2483604, 30.4933322], [114.2495781, 30.4942706], [114.2502701, 30.4948807], [114.2509085, 30.4953869], [114.251461, 30.4958029], [114.2516059, 30.4958722], [114.2517132, 30.4959023], [114.2517909, 30.4958815], [114.2518446, 30.4958353], [114.2518446, 30.4957682], [114.2517561, 30.495618], [114.2515495, 30.4952459], [114.2509541, 30.4942798], [114.2505866, 30.4936581], [114.2502674, 30.4931704], [114.2500824, 30.4929231], [114.2499858, 30.4927613], [114.2498517, 30.492514], [114.2497739, 30.492343], [114.2496425, 30.4920472], [114.2492321, 30.4912429], [114.2483765, 30.4899578], [114.2476965, 30.4888761], [114.2474927, 30.4885224], [114.2464158, 30.4866988], [114.2458606, 30.4856748], [114.2447555, 30.4841747], [114.2443532, 30.4834674], [114.2437041, 30.4825382], [114.2433339, 30.4821291], [114.2432293, 30.4820019], [114.2431328, 30.4818609], [114.2429383, 30.4815674], [114.2428458, 30.4814668], [114.2427398, 30.4814021], [114.2426446, 30.481337401], [114.242599, 30.481268], [114.2425641, 30.481186001], [114.2425293, 30.4810923], [114.242477, 30.4809421], [114.2424005, 30.4808231], [114.2421538, 30.4804775], [114.241991501, 30.4802902], [114.2418708, 30.4801735], [114.241793, 30.4801255], [114.2417581, 30.480109401], [114.2417293, 30.4800782], [114.2417058, 30.4800238], [114.2416871, 30.4799759], [114.241679, 30.4799077], [114.2416495, 30.479843], [114.2416039, 30.4797886], [114.2412901, 30.4794985], [114.2409602, 30.4792235], [114.2407054, 30.4790663], [114.240472, 30.47902], [114.240295001, 30.4790293], [114.240201101, 30.4790686], [114.2400482, 30.4792327], [114.239947601, 30.4794477], [114.2399302, 30.4796788], [114.2399463, 30.4800452], [114.2399919, 30.4804798], [114.2400885, 30.4810958], [114.2400965, 30.4814495], [114.240118, 30.4819095], [114.2401502, 30.482166], [114.2401763, 30.4822793], [114.2402004, 30.4823619], [114.2402246, 30.4824452], [114.2402413, 30.4825278], [114.240244, 30.4826364], [114.2402695, 30.4827485], [114.2403164, 30.4828757], [114.2404385, 30.4832039], [114.240759, 30.4838141], [114.2410621, 30.4843666], [114.2413062, 30.4848011], [114.2413907, 30.4849618], [114.2415771, 30.4852114], [114.2417313, 30.485402101], [114.2420223, 30.4856818], [114.2422396, 30.4859106], [114.2426607, 30.4862954], [114.2427479, 30.486341701], [114.2428257, 30.4863682], [114.2429276, 30.486411], [114.2429852, 30.4864411], [114.2432106, 30.4866237], [114.2433125, 30.4867242], [114.2433688, 30.4868028], [114.2434131, 30.4869126], [114.2434466, 30.4873182], [114.2434385, 30.4879747], [114.2434399, 30.4880544], [114.2434761, 30.4882093], [114.2435431, 30.4883722], [114.2437416, 30.4886657], [114.2438382, 30.4887582], [114.2439911, 30.48892], [114.2440796, 30.489098], [114.2441051, 30.4892343], [114.244152, 30.4893499], [114.2442459, 30.4895001], [114.2443612, 30.4896411], [114.244616, 30.4899092], [114.2452571, 30.4905703], [114.2457426, 30.4910811], [114.2462039, 30.4914971], [114.2472285, 30.492417]], [[114.2389558, 30.4884792], [114.2386822, 30.4881722], [114.2386106, 30.4882196], [114.2388843, 30.4885266], [114.2389558, 30.4884792]], [[114.2338211, 30.4918349], [114.233547501, 30.4915279], [114.2334759, 30.4915753], [114.2337495, 30.4918823], [114.2338211, 30.4918349]], [[114.1886276, 30.4228131], [114.1885954, 30.4228281], [114.1885096, 30.4229738], [114.1882199, 30.4235046], [114.1881958, 30.423574], [114.188185, 30.4236446], [114.1881394, 30.4239106], [114.1881274, 30.4240736], [114.188147501, 30.4241442], [114.1881904, 30.4242135], [114.1882521, 30.4242633], [114.1883701, 30.4243107], [114.1885485, 30.4243512], [114.1886169, 30.4243685], [114.1886678, 30.4244044], [114.1887362, 30.4244795], [114.1888496, 30.4246588], [114.1888864, 30.424694], [114.1889575, 30.4247108], [114.1890407, 30.4246807], [114.1891077, 30.4246183], [114.1891627, 30.4245397], [114.1891962, 30.4244078], [114.1891909, 30.4241627], [114.1891587, 30.4239291], [114.1891453, 30.4238204], [114.1891721, 30.4237116], [114.1892338, 30.4236076], [114.1893437, 30.4234572], [114.1893598, 30.4234063], [114.1893451, 30.4233416], [114.1892499, 30.4232537], [114.1892217, 30.4232352], [114.1891775, 30.4232352], [114.1890272, 30.4232907], [114.1890034, 30.4232803], [114.1889937, 30.4232606], [114.1889817, 30.4232063], [114.1889508, 30.423148501], [114.1888864, 30.4230536], [114.1888221, 30.4229403], [114.1887456, 30.4228258], [114.1886772, 30.4228062], [114.1886276, 30.4228131]]]}, "properties": {"id": 38223, "land_type": "河流湖泊"}}]}