{"type": "FeatureCollection", "features": [{"type": "Feature", "geometry": {"type": "Polygon", "coordinates": [[[114.2124245, 30.5714821], [114.2119435, 30.5715384], [114.211676, 30.5694248], [114.2115179, 30.5681759], [114.2147211, 30.5673895], [114.2156119, 30.5671799], [114.2178295, 30.5710315], [114.214014, 30.5713796], [114.2136807, 30.5713414], [114.2124245, 30.5714821]]]}, "properties": {"id": 22295, "block_id": 22295, "area_sqm": 202031, "poi_count": 194, "dominant_category": "地名地址信息", "category_entropy": 2.43, "street_block_id": 11688}}, {"type": "Feature", "geometry": {"type": "Polygon", "coordinates": [[[114.2137753, 30.561752], [114.211817, 30.562267], [114.2101222, 30.5590328], [114.210066, 30.5589569], [114.211698521, 30.558569933], [114.2117851, 30.5585603], [114.2121465, 30.5585093], [114.2123402, 30.5585146], [114.2125535, 30.5585863], [114.2127102, 30.5587151], [114.212726869, 30.558741708], [114.2128225, 30.5590668], [114.2130634, 30.5597215], [114.2132841, 30.5603727], [114.2133791, 30.5606294], [114.2137753, 30.561752]]]}, "properties": {"id": 21324, "block_id": 21324, "area_sqm": 87256, "poi_count": 151, "dominant_category": "购物服务", "category_entropy": 2.35, "street_block_id": 9127}}, {"type": "Feature", "geometry": {"type": "Polygon", "coordinates": [[[114.2137782, 30.5579353], [114.2126456, 30.5582009], [114.212164, 30.5570044], [114.2117666, 30.5562321], [114.2124622, 30.5560156], [114.2142073, 30.5562798], [114.2145114, 30.556921], [114.2148131, 30.5576832], [114.2137782, 30.5579353]]]}, "properties": {"id": 20727, "block_id": 20727, "area_sqm": 45874, "poi_count": 72, "dominant_category": "地名地址信息", "category_entropy": 1.434, "street_block_id": 9114}}, {"type": "Feature", "geometry": {"type": "Polygon", "coordinates": [[[114.2283925, 30.5587225], [114.2257163, 30.5591259], [114.2248692, 30.5568667], [114.2267512, 30.5564874], [114.2279034, 30.5562874], [114.2283925, 30.5587225]]]}, "properties": {"id": 20863, "block_id": 20863, "area_sqm": 75094, "poi_count": 48, "dominant_category": "生活服务", "category_entropy": 2.373, "street_block_id": 9202}}, {"type": "Feature", "geometry": {"type": "Polygon", "coordinates": [[[114.2179448, 30.5638299], [114.2148608, 30.5646287], [114.2143423, 30.5632102], [114.2139151, 30.5618028], [114.2160502, 30.5612474], [114.2189079, 30.5605435], [114.2198564, 30.5633348], [114.2179448, 30.5638299]]]}, "properties": {"id": 21631, "block_id": 21631, "area_sqm": 163151, "poi_count": 174, "dominant_category": "购物服务", "category_entropy": 2.454, "street_block_id": 11678}}, {"type": "Feature", "geometry": {"type": "Polygon", "coordinates": [[[114.2219054, 30.5349887], [114.2218656, 30.5350535], [114.2218515, 30.5349889], [114.2217965, 30.5349073], [114.2218983, 30.5348729], [114.2221355, 30.5347723], [114.2226416, 30.5345284], [114.2226841, 30.5344705], [114.2227265, 30.5343912], [114.2227392, 30.5343079], [114.2228895, 30.5345532], [114.2227442, 30.5345619], [114.2225708, 30.5346321], [114.2219621, 30.5349338], [114.2219054, 30.5349887]]]}, "properties": {"id": 17882, "block_id": 17882, "area_sqm": 1056, "poi_count": 0, "dominant_category": null, "category_entropy": null, "street_block_id": null}}, {"type": "Feature", "geometry": {"type": "Polygon", "coordinates": [[[114.2091949, 30.5352274], [114.2088938, 30.5353446], [114.2090818, 30.5352504], [114.2109108, 30.5343342], [114.211792, 30.5339361], [114.211954234, 30.53388091], [114.2091949, 30.5352274]]]}, "properties": {"id": 17937, "block_id": 17937, "area_sqm": 1266, "poi_count": 0, "dominant_category": null, "category_entropy": null, "street_block_id": null}}, {"type": "Feature", "geometry": {"type": "Polygon", "coordinates": [[[114.2074739, 30.535322], [114.2073669, 30.5353743], [114.2073223, 30.5348577], [114.207271, 30.5341779], [114.2071075, 30.5332487], [114.2068787, 30.532581], [114.2068435, 30.5324916], [114.2069173, 30.5324502], [114.2071115, 30.5329651], [114.2072354, 30.5334498], [114.2073274, 30.5339619], [114.2074371, 30.5346417], [114.2074619, 30.535099], [114.2074739, 30.535322]]]}, "properties": {"id": 17941, "block_id": 17941, "area_sqm": 3125, "poi_count": 0, "dominant_category": null, "category_entropy": null, "street_block_id": null}}, {"type": "Feature", "geometry": {"type": "Polygon", "coordinates": [[[114.2092332, 30.5355172], [114.2090136, 30.5356229], [114.2091502, 30.5354935], [114.2097153, 30.5352344], [114.211993823, 30.534151581], [114.2115033, 30.5344119], [114.2109454, 30.5346938], [114.2092332, 30.5355172]]]}, "properties": {"id": 17967, "block_id": 17967, "area_sqm": 1294, "poi_count": 0, "dominant_category": null, "category_entropy": null, "street_block_id": null}}, {"type": "Feature", "geometry": {"type": "Polygon", "coordinates": [[[114.224029966, 30.535882664], [114.223915234, 30.535938823], [114.2238528, 30.5358448], [114.2232406, 30.5350649], [114.2228895, 30.5345532], [114.2227392, 30.5343079], [114.2219527, 30.5330814], [114.221855217, 30.532928208], [114.222103245, 30.532814353], [114.2221149, 30.532832], [114.2227828, 30.5338583], [114.2229803, 30.5341575], [114.2231091, 30.5343527], [114.2232299, 30.5345416], [114.2235382, 30.5350237], [114.2238174, 30.5355258], [114.2239804, 30.5358171], [114.224029966, 30.535882664]]]}, "properties": {"id": 18005, "block_id": 18005, "area_sqm": 9797, "poi_count": 0, "dominant_category": null, "category_entropy": null, "street_block_id": null}}, {"type": "Feature", "geometry": {"type": "Polygon", "coordinates": [[[114.2075219, 30.5360325], [114.2074229, 30.5360745], [114.2074157, 30.5359397], [114.2073669, 30.5353743], [114.2074739, 30.535322], [114.2075219, 30.5360325]]]}, "properties": {"id": 18018, "block_id": 18018, "area_sqm": 786, "poi_count": 0, "dominant_category": null, "category_entropy": null, "street_block_id": null}}, {"type": "Feature", "geometry": {"type": "Polygon", "coordinates": [[[114.207525665, 30.536088208], [114.207426269, 30.53613865], [114.2074229, 30.5360745], [114.2075219, 30.5360325], [114.207525665, 30.536088208]]]}, "properties": {"id": 18027, "block_id": 18027, "area_sqm": 65, "poi_count": 0, "dominant_category": null, "category_entropy": null, "street_block_id": null}}, {"type": "Feature", "geometry": {"type": "Polygon", "coordinates": [[[114.207535548, 30.536234475], [114.207433912, 30.536284211], [114.207426269, 30.53613865], [114.207525665, 30.536088208], [114.207535548, 30.536234475]]]}, "properties": {"id": 18056, "block_id": 18056, "area_sqm": 161, "poi_count": 0, "dominant_category": null, "category_entropy": null, "street_block_id": null}}, {"type": "Feature", "geometry": {"type": "Polygon", "coordinates": [[[114.2136466, 30.5363347], [114.2134125, 30.5363581], [114.2134084, 30.5363102], [114.2140776, 30.5362401], [114.214911, 30.5361596], [114.2152769, 30.5360966], [114.2157363, 30.535981], [114.2161815, 30.5358153], [114.2161988, 30.5358936], [114.2158257, 30.5360055], [114.2153501, 30.5361316], [114.2149151, 30.5362156], [114.2143012, 30.5362717], [114.2136466, 30.5363347]]]}, "properties": {"id": 18069, "block_id": 18069, "area_sqm": 1620, "poi_count": 0, "dominant_category": null, "category_entropy": null, "street_block_id": null}}, {"type": "Feature", "geometry": {"type": "Polygon", "coordinates": [[[114.2134125, 30.5363581], [114.2133034, 30.5363691], [114.2133039, 30.5363212], [114.2134084, 30.5363102], [114.2134125, 30.5363581]]]}, "properties": {"id": 18070, "block_id": 18070, "area_sqm": 55, "poi_count": 0, "dominant_category": null, "category_entropy": null, "street_block_id": null}}, {"type": "Feature", "geometry": {"type": "Polygon", "coordinates": [[[114.2075422, 30.5363329], [114.2074391, 30.536383], [114.207433912, 30.536284211], [114.207535548, 30.536234475], [114.2075422, 30.5363329]]]}, "properties": {"id": 18072, "block_id": 18072, "area_sqm": 111, "poi_count": 0, "dominant_category": null, "category_entropy": null, "street_block_id": null}}, {"type": "Feature", "geometry": {"type": "Polygon", "coordinates": [[[114.2133034, 30.5363691], [114.2131222, 30.5363872], [114.212801, 30.5363662], [114.2124636, 30.5363102], [114.21224, 30.5362261], [114.211992, 30.5360826], [114.2117521, 30.535897], [114.211496, 30.5355958], [114.2112293, 30.535271], [114.2112648, 30.5352533], [114.2117237, 30.5357849], [114.2120123, 30.53603], [114.2122197, 30.5361631], [114.2124514, 30.5362506], [114.2127238, 30.5363137], [114.212984, 30.5363347], [114.213175, 30.5363347], [114.2133039, 30.5363212], [114.2133034, 30.5363691]]]}, "properties": {"id": 18073, "block_id": 18073, "area_sqm": 1295, "poi_count": 0, "dominant_category": null, "category_entropy": null, "street_block_id": 9098}}, {"type": "Feature", "geometry": {"type": "Polygon", "coordinates": [[[114.2195825, 30.5364797], [114.2195389, 30.5365303], [114.2181035, 30.5350755], [114.2179436, 30.5348851], [114.2180067, 30.5348374], [114.2182061, 30.5350724], [114.2190697, 30.5359626], [114.2195825, 30.5364797]]]}, "properties": {"id": 18092, "block_id": 18092, "area_sqm": 1698, "poi_count": 0, "dominant_category": null, "category_entropy": null, "street_block_id": null}}, {"type": "Feature", "geometry": {"type": "Polygon", "coordinates": [[[114.2196482, 30.5365271], [114.2196393, 30.536537], [114.2195825, 30.5364797], [114.2195913, 30.5364694], [114.2198315, 30.5361227], [114.2200757, 30.5358758], [114.2203446, 30.5356746], [114.2206632, 30.5354856], [114.2211126, 30.5352387], [114.221187, 30.5351625], [114.2212263, 30.5350624], [114.2212338, 30.5351502], [114.2212728, 30.5352315], [114.2213392, 30.5352983], [114.2212224, 30.5353057], [114.2210737, 30.5353545], [114.2206773, 30.5355344], [114.2203553, 30.5357417], [114.2200473, 30.5360099], [114.2197996, 30.5362721], [114.2196482, 30.5365271]]]}, "properties": {"id": 18093, "block_id": 18093, "area_sqm": 1703, "poi_count": 0, "dominant_category": null, "category_entropy": null, "street_block_id": null}}, {"type": "Feature", "geometry": {"type": "Polygon", "coordinates": [[[114.2196393, 30.536537], [114.2195945, 30.5365866], [114.2195389, 30.5365303], [114.2195825, 30.5364797], [114.2196393, 30.536537]]]}, "properties": {"id": 18100, "block_id": 18100, "area_sqm": 57, "poi_count": 0, "dominant_category": null, "category_entropy": null, "street_block_id": null}}, {"type": "Feature", "geometry": {"type": "Polygon", "coordinates": [[[114.2236034, 30.5361834], [114.2226432, 30.5366653], [114.2225988, 30.536608], [114.2227736, 30.5365223], [114.223531, 30.5361269], [114.223915234, 30.535938823], [114.223953146, 30.535995916], [114.2236034, 30.5361834]]]}, "properties": {"id": 18112, "block_id": 18112, "area_sqm": 1181, "poi_count": 0, "dominant_category": null, "category_entropy": null, "street_block_id": null}}, {"type": "Feature", "geometry": {"type": "Polygon", "coordinates": [[[114.2226432, 30.5366653], [114.2225537, 30.5367048], [114.2225046, 30.5366542], [114.2225988, 30.536608], [114.2226432, 30.5366653]]]}, "properties": {"id": 18117, "block_id": 18117, "area_sqm": 74, "poi_count": 0, "dominant_category": null, "category_entropy": null, "street_block_id": null}}, {"type": "Feature", "geometry": {"type": "Polygon", "coordinates": [[[114.2181079, 30.5376316], [114.2179698, 30.5376652], [114.217956, 30.5376085], [114.2184052, 30.5374274], [114.2187449, 30.5372628], [114.2190493, 30.5370494], [114.2193466, 30.5367537], [114.2195389, 30.5365303], [114.2195945, 30.5365866], [114.2193112, 30.5369], [114.2190422, 30.5371591], [114.2186883, 30.5373725], [114.2181079, 30.5376316]]]}, "properties": {"id": 18218, "block_id": 18218, "area_sqm": 1535, "poi_count": 0, "dominant_category": null, "category_entropy": null, "street_block_id": null}}, {"type": "Feature", "geometry": {"type": "Polygon", "coordinates": [[[114.2208302, 30.5377256], [114.2207674, 30.5377753], [114.2195945, 30.5365866], [114.2196393, 30.536537], [114.219774, 30.5366728], [114.2208302, 30.5377256]]]}, "properties": {"id": 18229, "block_id": 18229, "area_sqm": 1296, "poi_count": 0, "dominant_category": null, "category_entropy": null, "street_block_id": null}}, {"type": "Feature", "geometry": {"type": "Polygon", "coordinates": [[[114.2216793, 30.5371992], [114.2209133, 30.5378088], [114.2208302, 30.5377256], [114.2216149, 30.5371044], [114.2220763, 30.5368641], [114.2225046, 30.5366542], [114.2225537, 30.5367048], [114.2220606, 30.5369619], [114.2216793, 30.5371992]]]}, "properties": {"id": 18233, "block_id": 18233, "area_sqm": 2116, "poi_count": 0, "dominant_category": null, "category_entropy": null, "street_block_id": null}}, {"type": "Feature", "geometry": {"type": "Polygon", "coordinates": [[[114.2131553, 30.5378501], [114.2130636, 30.5378522], [114.2131048, 30.537731], [114.2131748, 30.5374776], [114.2133034, 30.5363691], [114.2134125, 30.5363581], [114.213399, 30.5365847], [114.2133102, 30.5373489], [114.2131553, 30.5378501]]]}, "properties": {"id": 18238, "block_id": 18238, "area_sqm": 1758, "poi_count": 0, "dominant_category": null, "category_entropy": null, "street_block_id": null}}, {"type": "Feature", "geometry": {"type": "Polygon", "coordinates": [[[114.2209133, 30.5378088], [114.2208519, 30.5378577], [114.2207674, 30.5377753], [114.2208302, 30.5377256], [114.2209133, 30.5378088]]]}, "properties": {"id": 18240, "block_id": 18240, "area_sqm": 99, "poi_count": 0, "dominant_category": null, "category_entropy": null, "street_block_id": null}}, {"type": "Feature", "geometry": {"type": "Polygon", "coordinates": [[[114.2130636, 30.5378522], [114.2127689, 30.5378589], [114.2122879, 30.5378187], [114.2118489, 30.537694], [114.2116505, 30.5376087], [114.2112796, 30.5373774], [114.2109989, 30.5371631], [114.2098607, 30.5359576], [114.2112293, 30.535271], [114.211496, 30.5355958], [114.2117521, 30.535897], [114.211992, 30.5360826], [114.21224, 30.5362261], [114.2124636, 30.5363102], [114.212801, 30.5363662], [114.2131222, 30.5363872], [114.2133034, 30.5363691], [114.2131748, 30.5374776], [114.2131048, 30.537731], [114.2130636, 30.5378522]]]}, "properties": {"id": 18241, "block_id": 18241, "area_sqm": 50293, "poi_count": 14, "dominant_category": "交通设施服务", "category_entropy": 1.933, "street_block_id": 9104}}, {"type": "Feature", "geometry": {"type": "Polygon", "coordinates": [[[114.2134378, 30.5378975], [114.2131363, 30.5379114], [114.2131553, 30.5378501], [114.2132966, 30.5378469], [114.2154214, 30.5376779], [114.2160005, 30.537682], [114.2161183, 30.5376915], [114.2161012, 30.5377586], [114.2158051, 30.5377469], [114.2153896, 30.5377543], [114.214653, 30.537816], [114.2134378, 30.5378975]]]}, "properties": {"id": 18248, "block_id": 18248, "area_sqm": 2214, "poi_count": 0, "dominant_category": null, "category_entropy": null, "street_block_id": null}}, {"type": "Feature", "geometry": {"type": "Polygon", "coordinates": [[[114.2131363, 30.5379114], [114.2130421, 30.5379157], [114.2130636, 30.5378522], [114.2131553, 30.5378501], [114.2131363, 30.5379114]]]}, "properties": {"id": 18249, "block_id": 18249, "area_sqm": 61, "poi_count": 0, "dominant_category": null, "category_entropy": null, "street_block_id": null}}, {"type": "Feature", "geometry": {"type": "Polygon", "coordinates": [[[114.2019127, 30.5387269], [114.2013271, 30.5389268], [114.2009209, 30.538187], [114.2025558, 30.5376494], [114.2047401, 30.5366073], [114.2064932, 30.5358013], [114.2073669, 30.5353743], [114.2074157, 30.5359397], [114.2074229, 30.5360745], [114.2030392, 30.5382279], [114.2019127, 30.5387269]]]}, "properties": {"id": 18373, "block_id": 18373, "area_sqm": 52654, "poi_count": 0, "dominant_category": null, "category_entropy": null, "street_block_id": 5160}}, {"type": "Feature", "geometry": {"type": "Polygon", "coordinates": [[[114.2013271, 30.5389268], [114.2012142, 30.5389525], [114.2010914, 30.5387289], [114.2008172, 30.5382294], [114.1990995, 30.5351174], [114.1992189, 30.5350906], [114.2009209, 30.538187], [114.2013271, 30.5389268]]]}, "properties": {"id": 18377, "block_id": 18377, "area_sqm": 5302, "poi_count": 0, "dominant_category": null, "category_entropy": null, "street_block_id": null}}, {"type": "Feature", "geometry": {"type": "Polygon", "coordinates": [[[114.2015505, 30.538969], [114.201377979, 30.539019509], [114.2013271, 30.5389268], [114.2019127, 30.5387269], [114.2030392, 30.5382279], [114.2074229, 30.5360745], [114.207426269, 30.53613865], [114.2069296, 30.5363907], [114.2037127, 30.5379754], [114.2019943, 30.5387775], [114.2015505, 30.538969]]]}, "properties": {"id": 18388, "block_id": 18388, "area_sqm": 5008, "poi_count": 0, "dominant_category": null, "category_entropy": null, "street_block_id": null}}, {"type": "Feature", "geometry": {"type": "Polygon", "coordinates": [[[114.2083445, 30.5390238], [114.2082885, 30.5390438], [114.2081116, 30.5387553], [114.2079248, 30.5384254], [114.2077426, 30.5380031], [114.2075839, 30.5376371], [114.2074764, 30.5371544], [114.2074578, 30.5367361], [114.2074391, 30.536383], [114.2075422, 30.5363329], [114.2075999, 30.5371871], [114.2076495, 30.537495], [114.207738, 30.5377907], [114.2079185, 30.5382327], [114.2082087, 30.5388027], [114.2083445, 30.5390238]]]}, "properties": {"id": 18391, "block_id": 18391, "area_sqm": 2713, "poi_count": 0, "dominant_category": null, "category_entropy": null, "street_block_id": null}}, {"type": "Feature", "geometry": {"type": "Polygon", "coordinates": [[[114.201377979, 30.539019509], [114.201268583, 30.539051538], [114.2012142, 30.5389525], [114.2013271, 30.5389268], [114.201377979, 30.539019509]]]}, "properties": {"id": 18393, "block_id": 18393, "area_sqm": 130, "poi_count": 0, "dominant_category": null, "category_entropy": null, "street_block_id": null}}, {"type": "Feature", "geometry": {"type": "Polygon", "coordinates": [[[114.2083702, 30.5390663], [114.2083179, 30.5390855], [114.2082885, 30.5390438], [114.2083445, 30.5390238], [114.2083702, 30.5390663]]]}, "properties": {"id": 18400, "block_id": 18400, "area_sqm": 30, "poi_count": 0, "dominant_category": null, "category_entropy": null, "street_block_id": null}}, {"type": "Feature", "geometry": {"type": "Polygon", "coordinates": [[[114.201434111, 30.539121791], [114.201323578, 30.53915169], [114.201268583, 30.539051538], [114.201377979, 30.539019509], [114.201434111, 30.539121791]]]}, "properties": {"id": 18418, "block_id": 18418, "area_sqm": 137, "poi_count": 0, "dominant_category": null, "category_entropy": null, "street_block_id": null}}, {"type": "Feature", "geometry": {"type": "Polygon", "coordinates": [[[114.2019492, 30.5390231], [114.2014733, 30.5391932], [114.201434111, 30.539121791], [114.2015912, 30.5390793], [114.2019402, 30.5389519], [114.2037611, 30.5380815], [114.207433912, 30.536284211], [114.2074391, 30.536383], [114.2025769, 30.5387459], [114.2019492, 30.5390231]]]}, "properties": {"id": 18426, "block_id": 18426, "area_sqm": 5872, "poi_count": 0, "dominant_category": null, "category_entropy": null, "street_block_id": null}}, {"type": "Feature", "geometry": {"type": "Polygon", "coordinates": [[[114.2014733, 30.5391932], [114.2013629, 30.5392233], [114.201323578, 30.53915169], [114.201434111, 30.539121791], [114.2014733, 30.5391932]]]}, "properties": {"id": 18430, "block_id": 18430, "area_sqm": 97, "poi_count": 0, "dominant_category": null, "category_entropy": null, "street_block_id": null}}, {"type": "Feature", "geometry": {"type": "Polygon", "coordinates": [[[114.2013629, 30.5392233], [114.2011667, 30.5392699], [114.200797289, 30.539258707], [114.2008233, 30.5392568], [114.2011886, 30.5391882], [114.201323578, 30.53915169], [114.2013629, 30.5392233]]]}, "properties": {"id": 18439, "block_id": 18439, "area_sqm": 295, "poi_count": 0, "dominant_category": null, "category_entropy": null, "street_block_id": null}}, {"type": "Feature", "geometry": {"type": "Polygon", "coordinates": [[[114.1979622, 30.5393426], [114.197920597, 30.53934485], [114.1979009, 30.5392933], [114.2004216, 30.5391403], [114.2007549, 30.5390843], [114.2011427, 30.5389656], [114.2012142, 30.5389525], [114.201268583, 30.539051538], [114.2011174, 30.5390958], [114.2007444, 30.539161], [114.1991029, 30.5392765], [114.1979622, 30.5393426]]]}, "properties": {"id": 18456, "block_id": 18456, "area_sqm": 2138, "poi_count": 0, "dominant_category": null, "category_entropy": null, "street_block_id": null}}, {"type": "Feature", "geometry": {"type": "Polygon", "coordinates": [[[114.2128199, 30.5387808], [114.2125822, 30.5393585], [114.2124901, 30.5393313], [114.2128152, 30.5385797], [114.21296, 30.5381574], [114.2130421, 30.5379157], [114.2131363, 30.5379114], [114.2130627, 30.5381493], [114.2128199, 30.5387808]]]}, "properties": {"id": 18457, "block_id": 18457, "area_sqm": 1430, "poi_count": 0, "dominant_category": null, "category_entropy": null, "street_block_id": null}}, {"type": "Feature", "geometry": {"type": "Polygon", "coordinates": [[[114.2192921, 30.5390796], [114.2186607, 30.5393907], [114.2186164, 30.5393242], [114.219276, 30.5389803], [114.2201558, 30.5382595], [114.2207674, 30.5377753], [114.2208519, 30.5378577], [114.2201236, 30.5384374], [114.2192921, 30.5390796]]]}, "properties": {"id": 18465, "block_id": 18465, "area_sqm": 2953, "poi_count": 0, "dominant_category": null, "category_entropy": null, "street_block_id": null}}, {"type": "Feature", "geometry": {"type": "Polygon", "coordinates": [[[114.2124901, 30.5393313], [114.2124538, 30.5394247], [114.2112616, 30.5390566], [114.2107027, 30.538893], [114.2102794, 30.5388085], [114.2097595, 30.5387609], [114.2092659, 30.5388173], [114.2085746, 30.5389913], [114.2083702, 30.5390663], [114.2083445, 30.5390238], [114.2088322, 30.5388492], [114.2093444, 30.5387331], [114.2097005, 30.5387031], [114.2100867, 30.5387216], [114.2106849, 30.5388117], [114.2114118, 30.5390126], [114.2124901, 30.5393313]]]}, "properties": {"id": 18474, "block_id": 18474, "area_sqm": 3358, "poi_count": 0, "dominant_category": null, "category_entropy": null, "street_block_id": 5135}}, {"type": "Feature", "geometry": {"type": "Polygon", "coordinates": [[[114.2013629, 30.5392233], [114.2014843, 30.5394444], [114.2013016, 30.5393535], [114.2011598, 30.5393243], [114.2009813, 30.539307], [114.2011033, 30.5392849], [114.2011667, 30.5392699], [114.2013629, 30.5392233]]]}, "properties": {"id": 18477, "block_id": 18477, "area_sqm": 369, "poi_count": 0, "dominant_category": null, "category_entropy": null, "street_block_id": null}}, {"type": "Feature", "geometry": {"type": "Polygon", "coordinates": [[[114.1979766, 30.5394566], [114.197963531, 30.539457275], [114.1979487, 30.5394184], [114.2004703, 30.5392488], [114.200797289, 30.539258707], [114.1990945, 30.5393836], [114.1979766, 30.5394566]]]}, "properties": {"id": 18480, "block_id": 18480, "area_sqm": 1115, "poi_count": 0, "dominant_category": null, "category_entropy": null, "street_block_id": null}}, {"type": "Feature", "geometry": {"type": "Polygon", "coordinates": [[[114.2157339, 30.5395193], [114.2157946, 30.539949], [114.214963, 30.5399321], [114.2143569, 30.5398489], [114.2138097, 30.5397287], [114.213203, 30.539542], [114.2125822, 30.5393585], [114.2128199, 30.5387808], [114.2130627, 30.5381493], [114.2131363, 30.5379114], [114.2134378, 30.5378975], [114.214653, 30.537816], [114.2153896, 30.5377543], [114.2158051, 30.5377469], [114.2161012, 30.5377586], [114.2158367, 30.5387953], [114.2157293, 30.539274], [114.2157339, 30.5395193]]]}, "properties": {"id": 18548, "block_id": 18548, "area_sqm": 62470, "poi_count": 0, "dominant_category": null, "category_entropy": null, "street_block_id": 5134}}, {"type": "Feature", "geometry": {"type": "Polygon", "coordinates": [[[114.2157946, 30.539949], [114.2158106, 30.5400406], [114.2149416, 30.540036], [114.2143944, 30.5399575], [114.2138687, 30.5398281], [114.2131487, 30.5396393], [114.2125499, 30.5394544], [114.2125822, 30.5393585], [114.213203, 30.539542], [114.2138097, 30.5397287], [114.2143569, 30.5398489], [114.214963, 30.5399321], [114.2157946, 30.539949]]]}, "properties": {"id": 18561, "block_id": 18561, "area_sqm": 3460, "poi_count": 0, "dominant_category": null, "category_entropy": null, "street_block_id": null}}, {"type": "Feature", "geometry": {"type": "Polygon", "coordinates": [[[114.2166475, 30.5399621], [114.2158106, 30.5400406], [114.2157946, 30.539949], [114.2158696, 30.5399505], [114.2167279, 30.5398673], [114.2172992, 30.5397472], [114.2177472, 30.5396318], [114.2181056, 30.5395177], [114.2186164, 30.5393242], [114.2186607, 30.5393907], [114.217774, 30.5397311], [114.2166475, 30.5399621]]]}, "properties": {"id": 18562, "block_id": 18562, "area_sqm": 2625, "poi_count": 0, "dominant_category": null, "category_entropy": null, "street_block_id": null}}, {"type": "Feature", "geometry": {"type": "Polygon", "coordinates": [[[114.2038908, 30.5431953], [114.2036966, 30.543402], [114.2036427, 30.5432888], [114.2038274, 30.5431283], [114.2040468, 30.5428335], [114.2051323, 30.5410759], [114.2053491, 30.5407146], [114.2057469, 30.5402539], [114.2061186, 30.5399782], [114.2065764, 30.5397066], [114.2078167, 30.5392127], [114.2082885, 30.5390438], [114.2083179, 30.5390855], [114.2076061, 30.5393465], [114.2066734, 30.5397364], [114.2062473, 30.5399692], [114.2057965, 30.5403359], [114.2056139, 30.5405242], [114.2053767, 30.5408677], [114.2052302, 30.5410974], [114.2045783, 30.5421529], [114.2041356, 30.5428583], [114.2038908, 30.5431953]]]}, "properties": {"id": 19058, "block_id": 19058, "area_sqm": 5545, "poi_count": 0, "dominant_category": null, "category_entropy": null, "street_block_id": 5135}}, {"type": "Feature", "geometry": {"type": "Polygon", "coordinates": [[[114.2058064, 30.547941], [114.205644, 30.5479456], [114.2055095, 30.5479304], [114.2053927, 30.547906], [114.2051874, 30.547761], [114.2052865, 30.5477627], [114.2053962, 30.5477475], [114.2054883, 30.5477018], [114.2055307, 30.54765], [114.2055484, 30.5475707], [114.2055486, 30.5474151], [114.2058064, 30.547941]]]}, "properties": {"id": 19561, "block_id": 19561, "area_sqm": 1258, "poi_count": 0, "dominant_category": null, "category_entropy": null, "street_block_id": null}}, {"type": "Feature", "geometry": {"type": "Polygon", "coordinates": [[[114.2055944, 30.5480706], [114.2055201, 30.5480736], [114.205421, 30.5480614], [114.2051131, 30.5477902], [114.2048017, 30.5476073], [114.2044477, 30.5474488], [114.2042035, 30.5473574], [114.2038885, 30.5472781], [114.2035559, 30.5472263], [114.2031312, 30.5472202], [114.2027631, 30.5472324], [114.2023808, 30.5473086], [114.2019986, 30.5474305], [114.2015456, 30.5476134], [114.2007883, 30.5480215], [114.2007427, 30.547949], [114.2018123, 30.5474307], [114.2021083, 30.5473233], [114.2023901, 30.5472464], [114.2026897, 30.5471835], [114.2030105, 30.5471602], [114.2034896, 30.5471599], [114.2037999, 30.5471893], [114.2040748, 30.5472369], [114.204685, 30.5474672], [114.2049456, 30.5476025], [114.205146, 30.5477318], [114.2051874, 30.547761], [114.2053927, 30.547906], [114.2055095, 30.5479304], [114.205644, 30.5479456], [114.2058064, 30.547941], [114.2057148, 30.5480218], [114.2055944, 30.5480706]]]}, "properties": {"id": 19577, "block_id": 19577, "area_sqm": 4056, "poi_count": 0, "dominant_category": null, "category_entropy": null, "street_block_id": 5166}}, {"type": "Feature", "geometry": {"type": "Polygon", "coordinates": [[[114.232855, 30.5488135], [114.232741056, 30.548871491], [114.232615, 30.5486904], [114.2327316, 30.548638], [114.232855, 30.5488135]]]}, "properties": {"id": 19668, "block_id": 19668, "area_sqm": 292, "poi_count": 0, "dominant_category": null, "category_entropy": null, "street_block_id": null}}, {"type": "Feature", "geometry": {"type": "Polygon", "coordinates": [[[114.232562714, 30.548962257], [114.232452051, 30.549018578], [114.2324186, 30.5489659], [114.2322792, 30.5485345], [114.232562714, 30.548962257]]]}, "properties": {"id": 19692, "block_id": 19692, "area_sqm": 374, "poi_count": 0, "dominant_category": null, "category_entropy": null, "street_block_id": null}}, {"type": "Feature", "geometry": {"type": "Polygon", "coordinates": [[[114.2058064, 30.547941], [114.2064125, 30.5491403], [114.2062917, 30.5490856], [114.2059979, 30.5487015], [114.2056794, 30.5483236], [114.205421, 30.5480614], [114.2055201, 30.5480736], [114.2055944, 30.5480706], [114.2057148, 30.5480218], [114.2058064, 30.547941]]]}, "properties": {"id": 19699, "block_id": 19699, "area_sqm": 2833, "poi_count": 0, "dominant_category": null, "category_entropy": null, "street_block_id": null}}, {"type": "Feature", "geometry": {"type": "Polygon", "coordinates": [[[114.2333083, 30.549525], [114.233186, 30.5495965], [114.2327664, 30.5489079], [114.232741056, 30.548871491], [114.232855, 30.5488135], [114.2333083, 30.549525]]]}, "properties": {"id": 19744, "block_id": 19744, "area_sqm": 1200, "poi_count": 0, "dominant_category": null, "category_entropy": null, "street_block_id": null}}, {"type": "Feature", "geometry": {"type": "Polygon", "coordinates": [[[114.232803, 30.549832], [114.2327772, 30.5498507], [114.2321764, 30.5489267], [114.2322174, 30.5489059], [114.2322408, 30.5489521], [114.2323239, 30.5490838], [114.2327557, 30.5497606], [114.232803, 30.549832]]]}, "properties": {"id": 19763, "block_id": 19763, "area_sqm": 413, "poi_count": 0, "dominant_category": null, "category_entropy": null, "street_block_id": null}}, {"type": "Feature", "geometry": {"type": "Polygon", "coordinates": [[[114.233185, 30.5499775], [114.233095151, 30.550029797], [114.2330462, 30.5499546], [114.2325289, 30.5491396], [114.232452051, 30.549018578], [114.232562714, 30.548962257], [114.2328095, 30.5493346], [114.2328916, 30.5494474], [114.233091, 30.549814], [114.233185, 30.5499775]]]}, "properties": {"id": 19779, "block_id": 19779, "area_sqm": 1598, "poi_count": 0, "dominant_category": null, "category_entropy": null, "street_block_id": null}}, {"type": "Feature", "geometry": {"type": "Polygon", "coordinates": [[[114.2329553, 30.5501112], [114.2329003, 30.5501344], [114.232914, 30.5500909], [114.2329167, 30.5500424], [114.2329086, 30.5499916], [114.232803, 30.549832], [114.2327557, 30.5497606], [114.2323239, 30.5490838], [114.232452051, 30.549018578], [114.2325289, 30.5491396], [114.2330462, 30.5499546], [114.233089129, 30.550033303], [114.2329553, 30.5501112]]]}, "properties": {"id": 19793, "block_id": 19793, "area_sqm": 1843, "poi_count": 0, "dominant_category": null, "category_entropy": null, "street_block_id": null}}, {"type": "Feature", "geometry": {"type": "Polygon", "coordinates": [[[114.2340148, 30.5511961], [114.233950471, 30.551201598], [114.2333565, 30.5502759], [114.233185, 30.5499775], [114.233091, 30.549814], [114.2328916, 30.5494474], [114.2333397, 30.5500636], [114.234066967, 30.551200049], [114.2340148, 30.5511961]]]}, "properties": {"id": 19861, "block_id": 19861, "area_sqm": 1774, "poi_count": 0, "dominant_category": null, "category_entropy": null, "street_block_id": null}}, {"type": "Feature", "geometry": {"type": "Polygon", "coordinates": [[[114.2338675, 30.5504934], [114.234375987, 30.551262611], [114.2343529, 30.5512541], [114.234255883, 30.551228009], [114.2334134, 30.549993], [114.2332336, 30.5496762], [114.233186, 30.5495965], [114.2338675, 30.5504934]]]}, "properties": {"id": 19869, "block_id": 19869, "area_sqm": 1486, "poi_count": 0, "dominant_category": null, "category_entropy": null, "street_block_id": null}}, {"type": "Feature", "geometry": {"type": "Polygon", "coordinates": [[[114.2382572, 30.5512853], [114.237966929, 30.551456132], [114.23813, 30.5513375], [114.23826361, 30.551225582], [114.2382572, 30.5512853]]]}, "properties": {"id": 19888, "block_id": 19888, "area_sqm": 74, "poi_count": 0, "dominant_category": null, "category_entropy": null, "street_block_id": null}}, {"type": "Feature", "geometry": {"type": "Polygon", "coordinates": [[[114.2376663, 30.5516532], [114.237379219, 30.551802017], [114.237966929, 30.551456132], [114.2378779, 30.5515209], [114.2376663, 30.5516532]]]}, "properties": {"id": 19914, "block_id": 19914, "area_sqm": 73, "poi_count": 0, "dominant_category": null, "category_entropy": null, "street_block_id": null}}, {"type": "Feature", "geometry": {"type": "Polygon", "coordinates": [[[114.237375, 30.5518045], [114.237371839, 30.551805934], [114.2373725, 30.5518055], [114.237379219, 30.551802017], [114.237375, 30.5518045]]]}, "properties": {"id": 19915, "block_id": 19915, "area_sqm": 0, "poi_count": 0, "dominant_category": null, "category_entropy": null, "street_block_id": null}}, {"type": "Feature", "geometry": {"type": "Polygon", "coordinates": [[[114.2086549, 30.5519839], [114.2085774, 30.5520349], [114.2085175, 30.5519703], [114.2086022, 30.5519174], [114.2086549, 30.5519839]]]}, "properties": {"id": 19935, "block_id": 19935, "area_sqm": 88, "poi_count": 0, "dominant_category": null, "category_entropy": null, "street_block_id": null}}, {"type": "Feature", "geometry": {"type": "Polygon", "coordinates": [[[114.235089953, 30.552217817], [114.2350211, 30.5522385], [114.234375987, 30.551262611], [114.2344861, 30.5513032], [114.234599, 30.5513671], [114.2346991, 30.5514474], [114.2347832, 30.551543], [114.2348487, 30.5516498], [114.2349255, 30.5518028], [114.2350388, 30.5521089], [114.235089953, 30.552217817]]]}, "properties": {"id": 19963, "block_id": 19963, "area_sqm": 1646, "poi_count": 0, "dominant_category": null, "category_entropy": null, "street_block_id": null}}, {"type": "Feature", "geometry": {"type": "Polygon", "coordinates": [[[114.2350211, 30.5522385], [114.234959626, 30.552259746], [114.2349581, 30.5522574], [114.234255883, 30.551228009], [114.2343529, 30.5512541], [114.234375987, 30.551262611], [114.2350211, 30.5522385]]]}, "properties": {"id": 19966, "block_id": 19966, "area_sqm": 922, "poi_count": 0, "dominant_category": null, "category_entropy": null, "street_block_id": null}}, {"type": "Feature", "geometry": {"type": "Polygon", "coordinates": [[[114.235122373, 30.552286849], [114.23506256, 30.552299073], [114.2350211, 30.5522385], [114.235089953, 30.552217817], [114.235122373, 30.552286849]]]}, "properties": {"id": 19974, "block_id": 19974, "area_sqm": 51, "poi_count": 0, "dominant_category": null, "category_entropy": null, "street_block_id": null}}, {"type": "Feature", "geometry": {"type": "Polygon", "coordinates": [[[114.23506256, 30.552299073], [114.2349943, 30.552313023], [114.234959626, 30.552259746], [114.2350211, 30.5522385], [114.23506256, 30.552299073]]]}, "properties": {"id": 19976, "block_id": 19976, "area_sqm": 46, "poi_count": 0, "dominant_category": null, "category_entropy": null, "street_block_id": null}}, {"type": "Feature", "geometry": {"type": "Polygon", "coordinates": [[[114.234710986, 30.552345674], [114.2346895, 30.5523531], [114.234542447, 30.552123979], [114.234710986, 30.552345674]]]}, "properties": {"id": 19984, "block_id": 19984, "area_sqm": 32, "poi_count": 0, "dominant_category": null, "category_entropy": null, "street_block_id": null}}, {"type": "Feature", "geometry": {"type": "Polygon", "coordinates": [[[114.2330332, 30.5519178], [114.23298437, 30.55235578], [114.2329354, 30.552266], [114.2328925, 30.5521315], [114.232871, 30.5519764], [114.2328855, 30.5518245], [114.2329197, 30.5516777], [114.232961, 30.5515352], [114.2331338, 30.5510017], [114.2331739, 30.5508701], [114.2332121, 30.5507371], [114.2332268, 30.5505967], [114.2332304, 30.5504889], [114.2332197, 30.5503634], [114.233185, 30.5502398], [114.2331392, 30.5501251], [114.233089129, 30.550033303], [114.233095151, 30.550029797], [114.2332286, 30.5502348], [114.2332879, 30.5503614], [114.2333332, 30.5504927], [114.2333491, 30.5506444], [114.2333433, 30.5507864], [114.2333013, 30.5509321], [114.2332391, 30.5510737], [114.2331768, 30.5512093], [114.2331251, 30.5513418], [114.2330789, 30.5514997], [114.2330433, 30.5516657], [114.2330362, 30.5517391], [114.2330332, 30.5519178]]]}, "properties": {"id": 19985, "block_id": 19985, "area_sqm": 2614, "poi_count": 0, "dominant_category": null, "category_entropy": null, "street_block_id": null}}, {"type": "Feature", "geometry": {"type": "Polygon", "coordinates": [[[114.234876, 30.5523372], [114.234807751, 30.552355808], [114.234784058, 30.552320421], [114.234959626, 30.552259746], [114.2349943, 30.552313023], [114.234876, 30.5523372]]]}, "properties": {"id": 19986, "block_id": 19986, "area_sqm": 99, "poi_count": 0, "dominant_category": null, "category_entropy": null, "street_block_id": null}}, {"type": "Feature", "geometry": {"type": "Polygon", "coordinates": [[[114.234807751, 30.552355808], [114.23473398, 30.552375921], [114.234710986, 30.552345674], [114.234784058, 30.552320421], [114.234807751, 30.552355808]]]}, "properties": {"id": 19987, "block_id": 19987, "area_sqm": 31, "poi_count": 0, "dominant_category": null, "category_entropy": null, "street_block_id": null}}, {"type": "Feature", "geometry": {"type": "Polygon", "coordinates": [[[114.23473398, 30.552375921], [114.234710119, 30.552382427], [114.2346895, 30.5523531], [114.234710986, 30.552345674], [114.23473398, 30.552375921]]]}, "properties": {"id": 19988, "block_id": 19988, "area_sqm": 9, "poi_count": 0, "dominant_category": null, "category_entropy": null, "street_block_id": null}}, {"type": "Feature", "geometry": {"type": "Polygon", "coordinates": [[[114.235170405, 30.552389125], [114.235130017, 30.552397628], [114.23506256, 30.552299073], [114.235122373, 30.552286849], [114.235170405, 30.552389125]]]}, "properties": {"id": 19992, "block_id": 19992, "area_sqm": 60, "poi_count": 0, "dominant_category": null, "category_entropy": null, "street_block_id": null}}, {"type": "Feature", "geometry": {"type": "Polygon", "coordinates": [[[114.235263, 30.5523948], [114.235183279, 30.552416536], [114.235170405, 30.552389125], [114.2352489, 30.5523726], [114.2355663, 30.552315], [114.2359995, 30.5522292], [114.2364075, 30.5521394], [114.2367691, 30.5520387], [114.2370662, 30.551941], [114.2373725, 30.5518055], [114.237371839, 30.551805934], [114.2367725, 30.5520779], [114.2360275, 30.5522377], [114.235263, 30.5523948]]]}, "properties": {"id": 19998, "block_id": 19998, "area_sqm": 420, "poi_count": 0, "dominant_category": null, "category_entropy": null, "street_block_id": null}}, {"type": "Feature", "geometry": {"type": "Polygon", "coordinates": [[[114.235183279, 30.552416536], [114.2351493, 30.5524258], [114.235130017, 30.552397628], [114.235170405, 30.552389125], [114.235183279, 30.552416536]]]}, "properties": {"id": 20000, "block_id": 20000, "area_sqm": 13, "poi_count": 0, "dominant_category": null, "category_entropy": null, "street_block_id": null}}, {"type": "Feature", "geometry": {"type": "Polygon", "coordinates": [[[114.2345382, 30.5524293], [114.234468988, 30.552439025], [114.2346153, 30.5523825], [114.2346895, 30.5523531], [114.234710119, 30.552382427], [114.2345382, 30.5524293]]]}, "properties": {"id": 20004, "block_id": 20004, "area_sqm": 52, "poi_count": 0, "dominant_category": null, "category_entropy": null, "street_block_id": null}}, {"type": "Feature", "geometry": {"type": "Polygon", "coordinates": [[[114.2351493, 30.5524258], [114.235081905, 30.552447624], [114.23508, 30.5524447], [114.235059083, 30.552412561], [114.235130017, 30.552397628], [114.2351493, 30.5524258]]]}, "properties": {"id": 20007, "block_id": 20007, "area_sqm": 27, "poi_count": 0, "dominant_category": null, "category_entropy": null, "street_block_id": null}}, {"type": "Feature", "geometry": {"type": "Polygon", "coordinates": [[[114.234821034, 30.552469054], [114.234779216, 30.552480711], [114.234710119, 30.552382427], [114.23473398, 30.552375921], [114.2347608, 30.5524112], [114.234821034, 30.552469054]]]}, "properties": {"id": 20015, "block_id": 20015, "area_sqm": 38, "poi_count": 0, "dominant_category": null, "category_entropy": null, "street_block_id": null}}, {"type": "Feature", "geometry": {"type": "Polygon", "coordinates": [[[114.2345382, 30.5524293], [114.234322719, 30.552501849], [114.2344587, 30.552443], [114.234468988, 30.552439025], [114.2345382, 30.5524293]]]}, "properties": {"id": 20017, "block_id": 20017, "area_sqm": 16, "poi_count": 0, "dominant_category": null, "category_entropy": null, "street_block_id": null}}, {"type": "Feature", "geometry": {"type": "Polygon", "coordinates": [[[114.235081905, 30.552447624], [114.234907119, 30.552504224], [114.2349063, 30.552503], [114.234873736, 30.552454363], [114.2349145, 30.552443], [114.235059083, 30.552412561], [114.23508, 30.5524447], [114.235081905, 30.552447624]]]}, "properties": {"id": 20018, "block_id": 20018, "area_sqm": 98, "poi_count": 0, "dominant_category": null, "category_entropy": null, "street_block_id": null}}, {"type": "Feature", "geometry": {"type": "Polygon", "coordinates": [[[114.234907119, 30.552504224], [114.234870123, 30.552516203], [114.234821034, 30.552469054], [114.234873736, 30.552454363], [114.2349063, 30.552503], [114.234907119, 30.552504224]]]}, "properties": {"id": 20019, "block_id": 20019, "area_sqm": 29, "poi_count": 0, "dominant_category": null, "category_entropy": null, "street_block_id": null}}, {"type": "Feature", "geometry": {"type": "Polygon", "coordinates": [[[114.234870123, 30.552516203], [114.2348164, 30.5525336], [114.234779216, 30.552480711], [114.234821034, 30.552469054], [114.234870123, 30.552516203]]]}, "properties": {"id": 20021, "block_id": 20021, "area_sqm": 32, "poi_count": 0, "dominant_category": null, "category_entropy": null, "street_block_id": null}}, {"type": "Feature", "geometry": {"type": "Polygon", "coordinates": [[[114.2352608, 30.5525816], [114.235275396, 30.552620785], [114.2351493, 30.5524258], [114.235183279, 30.552416536], [114.2352608, 30.5525816]]]}, "properties": {"id": 20029, "block_id": 20029, "area_sqm": 45, "poi_count": 0, "dominant_category": null, "category_entropy": null, "street_block_id": null}}, {"type": "Feature", "geometry": {"type": "Polygon", "coordinates": [[[114.235279731, 30.552627489], [114.235278043, 30.552627893], [114.235275396, 30.552620785], [114.235279731, 30.552627489]]]}, "properties": {"id": 20032, "block_id": 20032, "area_sqm": 0, "poi_count": 0, "dominant_category": null, "category_entropy": null, "street_block_id": null}}, {"type": "Feature", "geometry": {"type": "Polygon", "coordinates": [[[114.235278043, 30.552627893], [114.235209937, 30.55264419], [114.235081905, 30.552447624], [114.2351493, 30.5524258], [114.235275396, 30.552620785], [114.235278043, 30.552627893]]]}, "properties": {"id": 20035, "block_id": 20035, "area_sqm": 172, "poi_count": 0, "dominant_category": null, "category_entropy": null, "street_block_id": null}}, {"type": "Feature", "geometry": {"type": "Polygon", "coordinates": [[[114.235028633, 30.552687571], [114.234938638, 30.552709104], [114.2348164, 30.5525336], [114.234870123, 30.552516203], [114.2349962, 30.5526373], [114.235028633, 30.552687571]]]}, "properties": {"id": 20042, "block_id": 20042, "area_sqm": 174, "poi_count": 0, "dominant_category": null, "category_entropy": null, "street_block_id": null}}, {"type": "Feature", "geometry": {"type": "Polygon", "coordinates": [[[114.2340462, 30.5527319], [114.233722802, 30.55287739], [114.2336811, 30.5528711], [114.233626025, 30.552852741], [114.2339856, 30.5526587], [114.2340862, 30.5526108], [114.2342512, 30.5525328], [114.234322719, 30.552501849], [114.2345382, 30.5524293], [114.234710119, 30.552382427], [114.234779216, 30.552480711], [114.2345676, 30.5525397], [114.234298, 30.5526343], [114.2340462, 30.5527319]]]}, "properties": {"id": 20070, "block_id": 20070, "area_sqm": 1229, "poi_count": 0, "dominant_category": null, "category_entropy": null, "street_block_id": null}}, {"type": "Feature", "geometry": {"type": "Polygon", "coordinates": [[[114.2340345, 30.5528982], [114.233965595, 30.552898613], [114.2345616, 30.5526235], [114.2348164, 30.5525336], [114.234938638, 30.552709104], [114.2343803, 30.5528427], [114.2342163, 30.5528773], [114.2340345, 30.5528982]]]}, "properties": {"id": 20072, "block_id": 20072, "area_sqm": 1283, "poi_count": 0, "dominant_category": null, "category_entropy": null, "street_block_id": null}}, {"type": "Feature", "geometry": {"type": "Polygon", "coordinates": [[[114.2085774, 30.5520349], [114.2062893, 30.5529174], [114.206253, 30.5528492], [114.2085175, 30.5519703], [114.2085774, 30.5520349]]]}, "properties": {"id": 20079, "block_id": 20079, "area_sqm": 2058, "poi_count": 2, "dominant_category": "交通设施服务", "category_entropy": 0.693, "street_block_id": null}}, {"type": "Feature", "geometry": {"type": "Polygon", "coordinates": [[[114.2334643, 30.5530984], [114.2329844, 30.5532719], [114.2333933, 30.5530376], [114.233715, 30.5528809], [114.233722802, 30.55287739], [114.2338674, 30.5528992], [114.233965595, 30.552898613], [114.2338911, 30.552933], [114.233728397, 30.553020571], [114.2337177, 30.5530225], [114.2334643, 30.5530984]]]}, "properties": {"id": 20103, "block_id": 20103, "area_sqm": 757, "poi_count": 0, "dominant_category": null, "category_entropy": null, "street_block_id": null}}, {"type": "Feature", "geometry": {"type": "Polygon", "coordinates": [[[114.2199121, 30.5529287], [114.2179277, 30.5533041], [114.2178259, 30.5529575], [114.2165775, 30.553221], [114.215942, 30.5513218], [114.219195, 30.5505463], [114.2195705, 30.5518676], [114.2199121, 30.5529287]]]}, "properties": {"id": 20107, "block_id": 20107, "area_sqm": 79693, "poi_count": 245, "dominant_category": "地名地址信息", "category_entropy": 1.845, "street_block_id": 5095}}, {"type": "Feature", "geometry": {"type": "Polygon", "coordinates": [[[114.2352662, 30.5531794], [114.235469908, 30.553522284], [114.2354031, 30.553458], [114.2352676, 30.5533429], [114.2350851, 30.5532252], [114.2349261, 30.5531416], [114.2347367, 30.5530605], [114.2345468, 30.5530054], [114.2343395, 30.5529708], [114.2341234, 30.5529674], [114.2339329, 30.5529837], [114.233728397, 30.553020571], [114.2338911, 30.552933], [114.233965595, 30.552898613], [114.2340345, 30.5528982], [114.2342163, 30.5528773], [114.2343803, 30.5528427], [114.234938638, 30.552709104], [114.2352662, 30.5531794]]]}, "properties": {"id": 20129, "block_id": 20129, "area_sqm": 3323, "poi_count": 0, "dominant_category": null, "category_entropy": null, "street_block_id": null}}, {"type": "Feature", "geometry": {"type": "Polygon", "coordinates": [[[114.2323793, 30.5534679], [114.2318826, 30.5536986], [114.2321858, 30.553494], [114.2323932, 30.5533372], [114.2325461, 30.5532174], [114.2326888, 30.5530727], [114.23279, 30.552939], [114.2328817, 30.5527807], [114.2329576, 30.5525959], [114.23298437, 30.55235578], [114.2330122, 30.5524068], [114.2331052, 30.5525354], [114.233231, 30.5526489], [114.2333693, 30.5527458], [114.2335278, 30.55282], [114.23355423, 30.552828811], [114.2333227, 30.5529455], [114.2323793, 30.5534679]]]}, "properties": {"id": 20140, "block_id": 20140, "area_sqm": 4011, "poi_count": 0, "dominant_category": null, "category_entropy": null, "street_block_id": null}}, {"type": "Feature", "geometry": {"type": "Polygon", "coordinates": [[[114.235028633, 30.552687571], [114.2358107, 30.5538998], [114.2355487, 30.5535981], [114.235469908, 30.553522284], [114.2352662, 30.5531794], [114.234938638, 30.552709104], [114.235028633, 30.552687571]]]}, "properties": {"id": 20157, "block_id": 20157, "area_sqm": 968, "poi_count": 0, "dominant_category": null, "category_entropy": null, "street_block_id": null}}, {"type": "Feature", "geometry": {"type": "Polygon", "coordinates": [[[114.2360793, 30.5538851], [114.236127296, 30.554010741], [114.2359124, 30.5536058], [114.235279731, 30.552627489], [114.2357833, 30.552507], [114.2364937, 30.5523357], [114.236525932, 30.55232756], [114.2364852, 30.5523559], [114.2363238, 30.5524993], [114.2362032, 30.5526463], [114.2361025, 30.5528076], [114.2360285, 30.552987], [114.2359897, 30.553153], [114.2359732, 30.5533317], [114.2359858, 30.5535023], [114.2360144, 30.5536802], [114.2360793, 30.5538851]]]}, "properties": {"id": 20174, "block_id": 20174, "area_sqm": 6174, "poi_count": 0, "dominant_category": null, "category_entropy": null, "street_block_id": 9195}}, {"type": "Feature", "geometry": {"type": "Polygon", "coordinates": [[[114.2313159, 30.5540489], [114.2312908, 30.554055051], [114.2312908, 30.553988], [114.2315522, 30.5539279], [114.2316988, 30.5538739], [114.2320712, 30.5537224], [114.2325687, 30.553429], [114.2330703, 30.5531495], [114.2335618, 30.5528874], [114.233626025, 30.552852741], [114.2336811, 30.5528711], [114.233722802, 30.55287739], [114.233715, 30.5528809], [114.2333933, 30.5530376], [114.2329844, 30.5532719], [114.2324299, 30.5535922], [114.2320122, 30.5538002], [114.2316285, 30.5539433], [114.2313159, 30.5540489]]]}, "properties": {"id": 20183, "block_id": 20183, "area_sqm": 1625, "poi_count": 0, "dominant_category": null, "category_entropy": null, "street_block_id": null}}, {"type": "Feature", "geometry": {"type": "Polygon", "coordinates": [[[114.20044, 30.5538895], [114.2006469, 30.5543517], [114.2005033, 30.5541333], [114.2001986, 30.5537697], [114.2000515, 30.5534705], [114.1992809, 30.5521249], [114.19755018, 30.549655955], [114.1975694, 30.549648], [114.197700373, 30.549589018], [114.1977979, 30.5497303], [114.1993772, 30.5520265], [114.199405, 30.5520669], [114.1995002, 30.5522324], [114.2001578, 30.5533752], [114.2001984, 30.55344], [114.20044, 30.5538895]]]}, "properties": {"id": 20221, "block_id": 20221, "area_sqm": 8124, "poi_count": 0, "dominant_category": null, "category_entropy": null, "street_block_id": null}}, {"type": "Feature", "geometry": {"type": "Polygon", "coordinates": [[[114.236127296, 30.554010741], [114.2362967, 30.5544542], [114.2353832, 30.5529102], [114.235278043, 30.552627893], [114.235279731, 30.552627489], [114.2359124, 30.5536058], [114.236127296, 30.554010741]]]}, "properties": {"id": 20233, "block_id": 20233, "area_sqm": 1524, "poi_count": 0, "dominant_category": null, "category_entropy": null, "street_block_id": null}}, {"type": "Feature", "geometry": {"type": "Polygon", "coordinates": [[[114.2304616, 30.5541374], [114.227548477, 30.554521887], [114.2275394, 30.5544904], [114.2290779, 30.554294], [114.230681738, 30.554091453], [114.2304616, 30.5541374]]]}, "properties": {"id": 20237, "block_id": 20237, "area_sqm": 825, "poi_count": 0, "dominant_category": null, "category_entropy": null, "street_block_id": null}}, {"type": "Feature", "geometry": {"type": "Polygon", "coordinates": [[[114.2276774, 30.5545831], [114.227569999, 30.554596539], [114.227548477, 30.554521887], [114.2304616, 30.5541374], [114.230681738, 30.554091453], [114.2308334, 30.5540723], [114.2312908, 30.553988], [114.2312908, 30.554055051], [114.2309046, 30.5541497], [114.2305061, 30.5542306], [114.2276774, 30.5545831]]]}, "properties": {"id": 20243, "block_id": 20243, "area_sqm": 3509, "poi_count": 3, "dominant_category": "地名地址信息", "category_entropy": 0.637, "street_block_id": null}}, {"type": "Feature", "geometry": {"type": "Polygon", "coordinates": [[[114.2283986, 30.55454], [114.2275825, 30.5546399], [114.22757516, 30.554614442], [114.2276774, 30.5545831], [114.2305061, 30.5542306], [114.2309046, 30.5541497], [114.2312908, 30.554055051], [114.2312908, 30.5540759], [114.2312686, 30.5541772], [114.2309004, 30.5542334], [114.2304927, 30.5542865], [114.2287148, 30.554499], [114.2283986, 30.55454]]]}, "properties": {"id": 20249, "block_id": 20249, "area_sqm": 2187, "poi_count": 0, "dominant_category": null, "category_entropy": null, "street_block_id": null}}, {"type": "Feature", "geometry": {"type": "Polygon", "coordinates": [[[114.2275825, 30.5546399], [114.227427902, 30.554659586], [114.22757516, 30.554614442], [114.2275825, 30.5546399]]]}, "properties": {"id": 20250, "block_id": 20250, "area_sqm": 22, "poi_count": 0, "dominant_category": null, "category_entropy": null, "street_block_id": null}}, {"type": "Feature", "geometry": {"type": "Polygon", "coordinates": [[[114.2287245, 30.554619], [114.2286137, 30.5547361], [114.2284455, 30.5546744], [114.2283986, 30.55454], [114.2287148, 30.554499], [114.2287245, 30.554619]]]}, "properties": {"id": 20257, "block_id": 20257, "area_sqm": 558, "poi_count": 0, "dominant_category": null, "category_entropy": null, "street_block_id": null}}, {"type": "Feature", "geometry": {"type": "Polygon", "coordinates": [[[114.2245051, 30.554905], [114.224075631, 30.554961429], [114.2240743, 30.5549574], [114.2239746, 30.5549091], [114.225765, 30.5547143], [114.2273586, 30.5545135], [114.2275394, 30.5544904], [114.227548477, 30.554521887], [114.2254951, 30.5547929], [114.2245051, 30.554905]]]}, "properties": {"id": 20278, "block_id": 20278, "area_sqm": 1686, "poi_count": 0, "dominant_category": null, "category_entropy": null, "street_block_id": null}}, {"type": "Feature", "geometry": {"type": "Polygon", "coordinates": [[[114.203927, 30.5538214], [114.200933, 30.5549905], [114.2009041, 30.554926], [114.203891, 30.5537628], [114.203927, 30.5538214]]]}, "properties": {"id": 20285, "block_id": 20285, "area_sqm": 2360, "poi_count": 0, "dominant_category": null, "category_entropy": null, "street_block_id": null}}, {"type": "Feature", "geometry": {"type": "Polygon", "coordinates": [[[114.2244754, 30.5549687], [114.224093039, 30.555014109], [114.224075631, 30.554961429], [114.2245051, 30.554905], [114.2254951, 30.5547929], [114.227548477, 30.554521887], [114.227569999, 30.554596539], [114.2255795, 30.5548456], [114.2244754, 30.5549687]]]}, "properties": {"id": 20288, "block_id": 20288, "area_sqm": 2446, "poi_count": 0, "dominant_category": null, "category_entropy": null, "street_block_id": null}}, {"type": "Feature", "geometry": {"type": "Polygon", "coordinates": [[[114.2259678, 30.5548455], [114.2241124, 30.5550727], [114.224093039, 30.555014109], [114.2244754, 30.5549687], [114.2255795, 30.5548456], [114.227569999, 30.554596539], [114.22757516, 30.554614442], [114.227427902, 30.554659586], [114.2259678, 30.5548455]]]}, "properties": {"id": 20294, "block_id": 20294, "area_sqm": 1843, "poi_count": 0, "dominant_category": null, "category_entropy": null, "street_block_id": null}}, {"type": "Feature", "geometry": {"type": "Polygon", "coordinates": [[[114.2213049, 30.5553623], [114.22104812, 30.555372299], [114.2214269, 30.5552976], [114.2221242, 30.5551729], [114.2239746, 30.5549091], [114.2240743, 30.5549574], [114.224075631, 30.554961429], [114.2221214, 30.5552182], [114.2214662, 30.5553316], [114.2213049, 30.5553623]]]}, "properties": {"id": 20321, "block_id": 20321, "area_sqm": 1551, "poi_count": 0, "dominant_category": null, "category_entropy": null, "street_block_id": null}}, {"type": "Feature", "geometry": {"type": "Polygon", "coordinates": [[[114.237376, 30.5558208], [114.2371565, 30.5559432], [114.2370674, 30.5556907], [114.2371412, 30.5557241], [114.2372409, 30.5557496], [114.2373554, 30.5557655], [114.2375224, 30.5557673], [114.237376, 30.5558208]]]}, "properties": {"id": 20404, "block_id": 20404, "area_sqm": 449, "poi_count": 0, "dominant_category": null, "category_entropy": null, "street_block_id": null}}, {"type": "Feature", "geometry": {"type": "Polygon", "coordinates": [[[114.2362002, 30.5545088], [114.23689256, 30.555968774], [114.2367333, 30.5558275], [114.2363338, 30.5549764], [114.235469908, 30.553522284], [114.2355487, 30.5535981], [114.2358107, 30.5538998], [114.2362002, 30.5545088]]]}, "properties": {"id": 20409, "block_id": 20409, "area_sqm": 2563, "poi_count": 0, "dominant_category": null, "category_entropy": null, "street_block_id": null}}, {"type": "Feature", "geometry": {"type": "Polygon", "coordinates": [[[114.2371744, 30.5559808], [114.237075196, 30.556012278], [114.23706623, 30.555993584], [114.2371565, 30.5559432], [114.2371744, 30.5559808]]]}, "properties": {"id": 20421, "block_id": 20421, "area_sqm": 34, "poi_count": 0, "dominant_category": null, "category_entropy": null, "street_block_id": null}}, {"type": "Feature", "geometry": {"type": "Polygon", "coordinates": [[[114.237075196, 30.556012278], [114.2369768, 30.5560435], [114.23706623, 30.555993584], [114.237075196, 30.556012278]]]}, "properties": {"id": 20428, "block_id": 20428, "area_sqm": 11, "poi_count": 0, "dominant_category": null, "category_entropy": null, "street_block_id": null}}, {"type": "Feature", "geometry": {"type": "Polygon", "coordinates": [[[114.2369768, 30.5560435], [114.236931601, 30.556051098], [114.23689256, 30.555968774], [114.2369768, 30.5560435]]]}, "properties": {"id": 20431, "block_id": 20431, "area_sqm": 21, "poi_count": 0, "dominant_category": null, "category_entropy": null, "street_block_id": null}}, {"type": "Feature", "geometry": {"type": "Polygon", "coordinates": [[[114.2369768, 30.5560435], [114.236936432, 30.556061286], [114.236931601, 30.556051098], [114.2369768, 30.5560435]]]}, "properties": {"id": 20434, "block_id": 20434, "area_sqm": 3, "poi_count": 0, "dominant_category": null, "category_entropy": null, "street_block_id": null}}, {"type": "Feature", "geometry": {"type": "Polygon", "coordinates": [[[114.237075196, 30.556012278], [114.237114883, 30.55609502], [114.2369768, 30.5560435], [114.237075196, 30.556012278]]]}, "properties": {"id": 20441, "block_id": 20441, "area_sqm": 50, "poi_count": 0, "dominant_category": null, "category_entropy": null, "street_block_id": null}}, {"type": "Feature", "geometry": {"type": "Polygon", "coordinates": [[[114.2371744, 30.5559808], [114.2372668, 30.5561517], [114.237114883, 30.55609502], [114.237075196, 30.556012278], [114.2371744, 30.5559808]]]}, "properties": {"id": 20451, "block_id": 20451, "area_sqm": 161, "poi_count": 0, "dominant_category": null, "category_entropy": null, "street_block_id": null}}, {"type": "Feature", "geometry": {"type": "Polygon", "coordinates": [[[114.237276, 30.5560691], [114.2372668, 30.5561517], [114.2371744, 30.5559808], [114.2374072, 30.555907], [114.2373074, 30.5560023], [114.237276, 30.5560691]]]}, "properties": {"id": 20452, "block_id": 20452, "area_sqm": 179, "poi_count": 0, "dominant_category": null, "category_entropy": null, "street_block_id": null}}, {"type": "Feature", "geometry": {"type": "Polygon", "coordinates": [[[114.2369768, 30.5560435], [114.236984494, 30.556162635], [114.236936432, 30.556061286], [114.2369768, 30.5560435]]]}, "properties": {"id": 20455, "block_id": 20455, "area_sqm": 26, "poi_count": 0, "dominant_category": null, "category_entropy": null, "street_block_id": null}}, {"type": "Feature", "geometry": {"type": "Polygon", "coordinates": [[[114.2117666, 30.5562321], [114.2116814, 30.5562599], [114.2108926, 30.5550111], [114.2085774, 30.5520349], [114.2086549, 30.5519839], [114.2096233, 30.553248], [114.2109498, 30.5549688], [114.2117666, 30.5562321]]]}, "properties": {"id": 20476, "block_id": 20476, "area_sqm": 4475, "poi_count": 0, "dominant_category": null, "category_entropy": null, "street_block_id": null}}, {"type": "Feature", "geometry": {"type": "Polygon", "coordinates": [[[114.236984494, 30.556162635], [114.2369942, 30.5563129], [114.2369345, 30.5562471], [114.2368256, 30.5562201], [114.2367074, 30.5561947], [114.2366477, 30.5561885], [114.236936432, 30.556061286], [114.236984494, 30.556162635]]]}, "properties": {"id": 20483, "block_id": 20483, "area_sqm": 365, "poi_count": 0, "dominant_category": null, "category_entropy": null, "street_block_id": null}}, {"type": "Feature", "geometry": {"type": "Polygon", "coordinates": [[[114.2192972, 30.5560779], [114.217664571, 30.556728973], [114.2176503, 30.5566852], [114.217646257, 30.556663777], [114.2178946, 30.5565666], [114.2192657, 30.5560169], [114.2204625, 30.5555734], [114.22071875, 30.555498754], [114.220740431, 30.55555554], [114.2204807, 30.5556332], [114.2192972, 30.5560779]]]}, "properties": {"id": 20546, "block_id": 20546, "area_sqm": 2305, "poi_count": 0, "dominant_category": null, "category_entropy": null, "street_block_id": null}}, {"type": "Feature", "geometry": {"type": "Polygon", "coordinates": [[[114.2149138, 30.5576843], [114.214820945, 30.557706375], [114.2148131, 30.5576832], [114.2149574, 30.5576489], [114.2154241, 30.5574826], [114.2163011, 30.5571662], [114.2174169, 30.5567019], [114.2176386, 30.5566232], [114.217646257, 30.556663777], [114.2170183, 30.5569095], [114.2162932, 30.5572109], [114.2155461, 30.5574905], [114.2153059, 30.5575545], [114.2151466, 30.5576092], [114.2150291, 30.5576485], [114.2149138, 30.5576843]]]}, "properties": {"id": 20646, "block_id": 20646, "area_sqm": 1245, "poi_count": 0, "dominant_category": null, "category_entropy": null, "street_block_id": null}}, {"type": "Feature", "geometry": {"type": "Polygon", "coordinates": [[[114.215016, 30.5576779], [114.214828196, 30.557727793], [114.214820945, 30.557706375], [114.2149138, 30.5576843], [114.2150291, 30.5576485], [114.2151466, 30.5576092], [114.2153059, 30.5575545], [114.2155461, 30.5574905], [114.2151895, 30.5576219], [114.215016, 30.5576779]]]}, "properties": {"id": 20650, "block_id": 20650, "area_sqm": 158, "poi_count": 0, "dominant_category": null, "category_entropy": null, "street_block_id": null}}, {"type": "Feature", "geometry": {"type": "Polygon", "coordinates": [[[114.2150197, 30.5577397], [114.214846915, 30.557783089], [114.214828196, 30.557727793], [114.215016, 30.5576779], [114.2151895, 30.5576219], [114.2155461, 30.5574905], [114.2162932, 30.5572109], [114.2170183, 30.5569095], [114.217646257, 30.556663777], [114.2176503, 30.5566852], [114.217664571, 30.556728973], [114.2170529, 30.5569729], [114.2163331, 30.5572656], [114.2150197, 30.5577397]]]}, "properties": {"id": 20657, "block_id": 20657, "area_sqm": 2034, "poi_count": 0, "dominant_category": null, "category_entropy": null, "street_block_id": null}}, {"type": "Feature", "geometry": {"type": "Polygon", "coordinates": [[[114.2151102, 30.5577627], [114.2148609, 30.5578244], [114.214846915, 30.557783089], [114.2150197, 30.5577397], [114.2163331, 30.5572656], [114.2170529, 30.5569729], [114.217664571, 30.556728973], [114.217683, 30.5567855], [114.2171085, 30.557019], [114.2162421, 30.5573677], [114.2157003, 30.5575664], [114.2151102, 30.5577627]]]}, "properties": {"id": 20665, "block_id": 20665, "area_sqm": 1954, "poi_count": 0, "dominant_category": null, "category_entropy": null, "street_block_id": null}}, {"type": "Feature", "geometry": {"type": "Polygon", "coordinates": [[[114.212662973, 30.558242118], [114.212573106, 30.558262982], [114.2125545, 30.5582204], [114.2126456, 30.5582009], [114.212662973, 30.558242118]]]}, "properties": {"id": 20739, "block_id": 20739, "area_sqm": 44, "poi_count": 0, "dominant_category": null, "category_entropy": null, "street_block_id": null}}, {"type": "Feature", "geometry": {"type": "Polygon", "coordinates": [[[114.212687788, 30.558300992], [114.212598722, 30.55832161], [114.212573106, 30.558262982], [114.212662973, 30.558242118], [114.212687788, 30.558300992]]]}, "properties": {"id": 20745, "block_id": 20745, "area_sqm": 61, "poi_count": 0, "dominant_category": null, "category_entropy": null, "street_block_id": null}}, {"type": "Feature", "geometry": {"type": "Polygon", "coordinates": [[[114.2138468, 30.5580628], [114.2127009, 30.5583321], [114.212687788, 30.558300992], [114.2139254, 30.5580145], [114.214846915, 30.557783089], [114.2148609, 30.5578244], [114.2138468, 30.5580628]]]}, "properties": {"id": 20747, "block_id": 20747, "area_sqm": 787, "poi_count": 0, "dominant_category": null, "category_entropy": null, "street_block_id": null}}, {"type": "Feature", "geometry": {"type": "Polygon", "coordinates": [[[114.2127009, 30.5583321], [114.2126127, 30.5583536], [114.212598722, 30.55832161], [114.212687788, 30.558300992], [114.2127009, 30.5583321]]]}, "properties": {"id": 20749, "block_id": 20749, "area_sqm": 33, "poi_count": 0, "dominant_category": null, "category_entropy": null, "street_block_id": null}}, {"type": "Feature", "geometry": {"type": "Polygon", "coordinates": [[[114.211698521, 30.558569933], [114.2113663, 30.5586069], [114.212598722, 30.55832161], [114.2126127, 30.5583536], [114.2120716, 30.5584815], [114.211698521, 30.558569933]]]}, "properties": {"id": 20773, "block_id": 20773, "area_sqm": 433, "poi_count": 0, "dominant_category": null, "category_entropy": null, "street_block_id": null}}, {"type": "Feature", "geometry": {"type": "Polygon", "coordinates": [[[114.2302284, 30.5585107], [114.2284089, 30.5588018], [114.2283925, 30.5587225], [114.2302074, 30.558424], [114.2310342, 30.5582024], [114.2313341, 30.5580856], [114.2313798, 30.558165], [114.2310693, 30.5582833], [114.2302284, 30.5585107]]]}, "properties": {"id": 20802, "block_id": 20802, "area_sqm": 2784, "poi_count": 0, "dominant_category": null, "category_entropy": null, "street_block_id": null}}, {"type": "Feature", "geometry": {"type": "Polygon", "coordinates": [[[114.2111617, 30.5585511], [114.2099709, 30.5588284], [114.209896021, 30.558727265], [114.210819, 30.5584982], [114.2120822, 30.5581969], [114.2121403, 30.5581831], [114.2124412, 30.5581376], [114.2125545, 30.5582204], [114.2111617, 30.5585511]]]}, "properties": {"id": 20806, "block_id": 20806, "area_sqm": 3539, "poi_count": 0, "dominant_category": null, "category_entropy": null, "street_block_id": null}}, {"type": "Feature", "geometry": {"type": "Polygon", "coordinates": [[[114.2107804, 30.5586792], [114.209993257, 30.558858609], [114.2099709, 30.5588284], [114.2111617, 30.5585511], [114.2125545, 30.5582204], [114.212573106, 30.558262982], [114.2107804, 30.5586792]]]}, "properties": {"id": 20812, "block_id": 20812, "area_sqm": 1122, "poi_count": 0, "dominant_category": null, "category_entropy": null, "street_block_id": null}}, {"type": "Feature", "geometry": {"type": "Polygon", "coordinates": [[[114.2385593, 30.5586864], [114.2386261, 30.5588721], [114.2385257, 30.5587054], [114.2384106, 30.558534], [114.238366, 30.5584788], [114.2381248, 30.5581733], [114.2379778, 30.5578941], [114.237114883, 30.55609502], [114.2372668, 30.5561517], [114.2380614, 30.5578959], [114.2384705, 30.5585033], [114.2385593, 30.5586864]]]}, "properties": {"id": 20817, "block_id": 20817, "area_sqm": 2801, "poi_count": 0, "dominant_category": null, "category_entropy": null, "street_block_id": null}}, {"type": "Feature", "geometry": {"type": "Polygon", "coordinates": [[[114.211698521, 30.558569933], [114.210066, 30.5589569], [114.210047658, 30.558932116], [114.2113663, 30.5586069], [114.211698521, 30.558569933]]]}, "properties": {"id": 20837, "block_id": 20837, "area_sqm": 568, "poi_count": 0, "dominant_category": null, "category_entropy": null, "street_block_id": null}}, {"type": "Feature", "geometry": {"type": "Polygon", "coordinates": [[[114.2381464, 30.5588618], [114.2381991, 30.5590478], [114.2380752, 30.5588636], [114.2379892, 30.5586835], [114.2378446, 30.5582513], [114.2369942, 30.5563129], [114.236984494, 30.556162635], [114.2378222, 30.5579291], [114.2379466, 30.558204], [114.2379512, 30.5583337], [114.2379965, 30.5584798], [114.2380517, 30.5586415], [114.2381464, 30.5588618]]]}, "properties": {"id": 20852, "block_id": 20852, "area_sqm": 2593, "poi_count": 0, "dominant_category": null, "category_entropy": null, "street_block_id": null}}, {"type": "Feature", "geometry": {"type": "Polygon", "coordinates": [[[114.2082963, 30.5593826], [114.208008725, 30.559437054], [114.2086736, 30.559271], [114.210047658, 30.558932116], [114.210066, 30.5589569], [114.2088838, 30.559246], [114.2082963, 30.5593826]]]}, "properties": {"id": 20928, "block_id": 20928, "area_sqm": 516, "poi_count": 0, "dominant_category": null, "category_entropy": null, "street_block_id": null}}, {"type": "Feature", "geometry": {"type": "Polygon", "coordinates": [[[114.2068942, 30.5594925], [114.206466462, 30.559527446], [114.2064657, 30.5595258], [114.2070284, 30.5594519], [114.207794159, 30.559304282], [114.2075139, 30.5593948], [114.2068942, 30.5594925]]]}, "properties": {"id": 20944, "block_id": 20944, "area_sqm": 285, "poi_count": 0, "dominant_category": null, "category_entropy": null, "street_block_id": null}}, {"type": "Feature", "geometry": {"type": "Polygon", "coordinates": [[[114.206466462, 30.559527446], [114.2064303, 30.5595304], [114.2064657, 30.5595258], [114.206466462, 30.559527446]]]}, "properties": {"id": 20945, "block_id": 20945, "area_sqm": 0, "poi_count": 0, "dominant_category": null, "category_entropy": null, "street_block_id": null}}, {"type": "Feature", "geometry": {"type": "Polygon", "coordinates": [[[114.2144775, 30.5594822], [114.2142539, 30.5595439], [114.2141147, 30.559528], [114.2140159, 30.5595167], [114.2138583, 30.5594698], [114.2137969, 30.5592824], [114.21442, 30.5591238], [114.2145148, 30.5594032], [114.2144775, 30.5594822]]]}, "properties": {"id": 20949, "block_id": 20949, "area_sqm": 2199, "poi_count": 0, "dominant_category": null, "category_entropy": null, "street_block_id": 9124}}, {"type": "Feature", "geometry": {"type": "Polygon", "coordinates": [[[114.2059501, 30.5595627], [114.2058696, 30.5595675], [114.2064303, 30.5595304], [114.2063547, 30.5595355], [114.2059501, 30.5595627]]]}, "properties": {"id": 20954, "block_id": 20954, "area_sqm": 2, "poi_count": 0, "dominant_category": null, "category_entropy": null, "street_block_id": null}}, {"type": "Feature", "geometry": {"type": "Polygon", "coordinates": [[[114.2021995, 30.5579972], [114.2028632, 30.5595827], [114.2027351, 30.5593418], [114.2025192, 30.5588355], [114.202311, 30.5584312], [114.20224, 30.5582832], [114.2020768, 30.5580114], [114.201899135, 30.557604251], [114.2020196, 30.5575708], [114.2021995, 30.5579972]]]}, "properties": {"id": 20958, "block_id": 20958, "area_sqm": 1422, "poi_count": 0, "dominant_category": null, "category_entropy": null, "street_block_id": null}}, {"type": "Feature", "geometry": {"type": "Polygon", "coordinates": [[[114.2074347, 30.5595637], [114.2069511, 30.5596284], [114.2075052, 30.5595324], [114.208008725, 30.559437054], [114.2078652, 30.5594729], [114.2074347, 30.5595637]]]}, "properties": {"id": 20966, "block_id": 20966, "area_sqm": 117, "poi_count": 0, "dominant_category": null, "category_entropy": null, "street_block_id": null}}, {"type": "Feature", "geometry": {"type": "Polygon", "coordinates": [[[114.2066656, 30.5596779], [114.2065415, 30.5596896], [114.206531883, 30.559668819], [114.2066514, 30.5596596], [114.2069511, 30.5596284], [114.2066656, 30.5596779]]]}, "properties": {"id": 20970, "block_id": 20970, "area_sqm": 58, "poi_count": 0, "dominant_category": null, "category_entropy": null, "street_block_id": null}}, {"type": "Feature", "geometry": {"type": "Polygon", "coordinates": [[[114.2065415, 30.5596896], [114.2064557, 30.5596977], [114.206442032, 30.55967575], [114.206531883, 30.559668819], [114.2065415, 30.5596896]]]}, "properties": {"id": 20973, "block_id": 20973, "area_sqm": 21, "poi_count": 0, "dominant_category": null, "category_entropy": null, "street_block_id": null}}, {"type": "Feature", "geometry": {"type": "Polygon", "coordinates": [[[114.2048781, 30.5596706], [114.204606006, 30.559699528], [114.2046466, 30.5596898], [114.2051374, 30.5596112], [114.2058696, 30.5595675], [114.205196, 30.5596288], [114.2048781, 30.5596706]]]}, "properties": {"id": 20974, "block_id": 20974, "area_sqm": 179, "poi_count": 0, "dominant_category": null, "category_entropy": null, "street_block_id": null}}, {"type": "Feature", "geometry": {"type": "Polygon", "coordinates": [[[114.2061265, 30.5597288], [114.205442004, 30.55975666], [114.2057796, 30.5597147], [114.2061458, 30.5596986], [114.206442032, 30.55967575], [114.2064557, 30.5596977], [114.2061265, 30.5597288]]]}, "properties": {"id": 20980, "block_id": 20980, "area_sqm": 246, "poi_count": 0, "dominant_category": null, "category_entropy": null, "street_block_id": null}}, {"type": "Feature", "geometry": {"type": "Polygon", "coordinates": [[[114.2028251, 30.5599819], [114.202890837, 30.56013487], [114.2028584, 30.5601162], [114.2027924, 30.5600614], [114.2027615, 30.5600328], [114.2027299, 30.5599821], [114.2026896, 30.5599099], [114.202174, 30.5586661], [114.2019196, 30.5580523], [114.2018129, 30.5576796], [114.2025147, 30.559343], [114.2028251, 30.5599819]]]}, "properties": {"id": 21030, "block_id": 21030, "area_sqm": 1520, "poi_count": 0, "dominant_category": null, "category_entropy": null, "street_block_id": null}}, {"type": "Feature", "geometry": {"type": "Polygon", "coordinates": [[[114.2041262, 30.5598145], [114.2030945, 30.5601353], [114.2028632, 30.5595827], [114.2029477, 30.5596941], [114.2030171, 30.5597612], [114.2031134, 30.5598191], [114.2032681, 30.5598709], [114.2033926, 30.5598834], [114.2035362, 30.5598831], [114.203784, 30.559848], [114.2041153, 30.559765], [114.2044332, 30.5597179], [114.204606006, 30.559699528], [114.2041262, 30.5598145]]]}, "properties": {"id": 21031, "block_id": 21031, "area_sqm": 1920, "poi_count": 0, "dominant_category": null, "category_entropy": null, "street_block_id": null}}, {"type": "Feature", "geometry": {"type": "Polygon", "coordinates": [[[114.203007521, 30.560181714], [114.203005852, 30.560182605], [114.2029879, 30.5601781], [114.2029272, 30.5601558], [114.202890837, 30.56013487], [114.2028251, 30.5599819], [114.2025147, 30.559343], [114.2018129, 30.5576796], [114.201793489, 30.557633588], [114.201899135, 30.557604251], [114.2020768, 30.5580114], [114.2026044, 30.5593086], [114.2026781, 30.5594791], [114.2029426, 30.5600277], [114.203007521, 30.560181714]]]}, "properties": {"id": 21038, "block_id": 21038, "area_sqm": 2966, "poi_count": 0, "dominant_category": null, "category_entropy": null, "street_block_id": null}}, {"type": "Feature", "geometry": {"type": "Polygon", "coordinates": [[[114.203007521, 30.560181714], [114.203008138, 30.560183178], [114.203005852, 30.560182605], [114.203007521, 30.560181714]]]}, "properties": {"id": 21039, "block_id": 21039, "area_sqm": 0, "poi_count": 0, "dominant_category": null, "category_entropy": null, "street_block_id": null}}, {"type": "Feature", "geometry": {"type": "Polygon", "coordinates": [[[114.203104946, 30.560161851], [114.203025733, 30.560187593], [114.203008138, 30.560183178], [114.203007521, 30.560181714], [114.2030945, 30.5601353], [114.203104946, 30.560161851]]]}, "properties": {"id": 21040, "block_id": 21040, "area_sqm": 20, "poi_count": 0, "dominant_category": null, "category_entropy": null, "street_block_id": null}}, {"type": "Feature", "geometry": {"type": "Polygon", "coordinates": [[[114.203025733, 30.560187593], [114.203011895, 30.560192091], [114.203008138, 30.560183178], [114.203025733, 30.560187593]]]}, "properties": {"id": 21041, "block_id": 21041, "area_sqm": 1, "poi_count": 0, "dominant_category": null, "category_entropy": null, "street_block_id": null}}, {"type": "Feature", "geometry": {"type": "Polygon", "coordinates": [[[114.203104946, 30.560161851], [114.203121675, 30.560204374], [114.2030688, 30.5601984], [114.203025733, 30.560187593], [114.203104946, 30.560161851]]]}, "properties": {"id": 21043, "block_id": 21043, "area_sqm": 22, "poi_count": 0, "dominant_category": null, "category_entropy": null, "street_block_id": null}}, {"type": "Feature", "geometry": {"type": "Polygon", "coordinates": [[[114.203011895, 30.560192091], [114.202950977, 30.560211887], [114.203005852, 30.560182605], [114.203008138, 30.560183178], [114.203011895, 30.560192091]]]}, "properties": {"id": 21045, "block_id": 21045, "area_sqm": 4, "poi_count": 0, "dominant_category": null, "category_entropy": null, "street_block_id": null}}, {"type": "Feature", "geometry": {"type": "Polygon", "coordinates": [[[114.2032994, 30.5602118], [114.203283684, 30.560212031], [114.2034117, 30.5601197], [114.2036196, 30.5599946], [114.2039191, 30.5598963], [114.2042705, 30.559808], [114.2048781, 30.5596706], [114.205196, 30.5596288], [114.2058696, 30.5595675], [114.2059501, 30.5595627], [114.2063547, 30.5595355], [114.206442032, 30.55967575], [114.2061458, 30.5596986], [114.2057796, 30.5597147], [114.205442004, 30.55975666], [114.2052199, 30.5597657], [114.2048015, 30.5598281], [114.2042516, 30.559969], [114.203591528, 30.560201916], [114.2032994, 30.5602118]]]}, "properties": {"id": 21046, "block_id": 21046, "area_sqm": 4941, "poi_count": 0, "dominant_category": null, "category_entropy": null, "street_block_id": null}}, {"type": "Feature", "geometry": {"type": "Polygon", "coordinates": [[[114.203283684, 30.560212031], [114.2032109, 30.5602131], [114.203152, 30.5602078], [114.203121675, 30.560204374], [114.203104946, 30.560161851], [114.2036196, 30.5599946], [114.2034117, 30.5601197], [114.203283684, 30.560212031]]]}, "properties": {"id": 21047, "block_id": 21047, "area_sqm": 319, "poi_count": 0, "dominant_category": null, "category_entropy": null, "street_block_id": null}}, {"type": "Feature", "geometry": {"type": "Polygon", "coordinates": [[[114.202950977, 30.560211887], [114.202927248, 30.560219599], [114.202890837, 30.56013487], [114.2029272, 30.5601558], [114.2029879, 30.5601781], [114.203005852, 30.560182605], [114.202950977, 30.560211887]]]}, "properties": {"id": 21049, "block_id": 21049, "area_sqm": 40, "poi_count": 0, "dominant_category": null, "category_entropy": null, "street_block_id": null}}, {"type": "Feature", "geometry": {"type": "Polygon", "coordinates": [[[114.202950977, 30.560211887], [114.202928979, 30.560223626], [114.202927248, 30.560219599], [114.202950977, 30.560211887]]]}, "properties": {"id": 21052, "block_id": 21052, "area_sqm": 1, "poi_count": 0, "dominant_category": null, "category_entropy": null, "street_block_id": null}}, {"type": "Feature", "geometry": {"type": "Polygon", "coordinates": [[[114.202928979, 30.560223626], [114.2027778, 30.5603043], [114.2027676, 30.5602789], [114.202764954, 30.560272341], [114.202927248, 30.560219599], [114.202928979, 30.560223626]]]}, "properties": {"id": 21057, "block_id": 21057, "area_sqm": 35, "poi_count": 0, "dominant_category": null, "category_entropy": null, "street_block_id": null}}, {"type": "Feature", "geometry": {"type": "Polygon", "coordinates": [[[114.2032291, 30.5602514], [114.203165466, 30.560315686], [114.203121675, 30.560204374], [114.203152, 30.5602078], [114.2032109, 30.5602131], [114.203283684, 30.560212031], [114.2032291, 30.5602514]]]}, "properties": {"id": 21059, "block_id": 21059, "area_sqm": 85, "poi_count": 0, "dominant_category": null, "category_entropy": null, "street_block_id": null}}, {"type": "Feature", "geometry": {"type": "Polygon", "coordinates": [[[114.203591528, 30.560201916], [114.2031781, 30.5603478], [114.203165466, 30.560315686], [114.2032291, 30.5602514], [114.203283684, 30.560212031], [114.2032994, 30.5602118], [114.203591528, 30.560201916]]]}, "properties": {"id": 21064, "block_id": 21064, "area_sqm": 249, "poi_count": 0, "dominant_category": null, "category_entropy": null, "street_block_id": null}}, {"type": "Feature", "geometry": {"type": "Polygon", "coordinates": [[[114.2036511, 30.5601999], [114.203180622, 30.560352134], [114.2031781, 30.5603478], [114.203591528, 30.560201916], [114.2036511, 30.5601999]]]}, "properties": {"id": 21066, "block_id": 21066, "area_sqm": 55, "poi_count": 0, "dominant_category": null, "category_entropy": null, "street_block_id": null}}, {"type": "Feature", "geometry": {"type": "Polygon", "coordinates": [[[114.2031781, 30.5603478], [114.203132953, 30.560355419], [114.2031413, 30.5603401], [114.203165466, 30.560315686], [114.2031781, 30.5603478]]]}, "properties": {"id": 21068, "block_id": 21068, "area_sqm": 9, "poi_count": 0, "dominant_category": null, "category_entropy": null, "street_block_id": null}}, {"type": "Feature", "geometry": {"type": "Polygon", "coordinates": [[[114.203132953, 30.560355419], [114.203084209, 30.560363645], [114.203011895, 30.560192091], [114.203025733, 30.560187593], [114.2030688, 30.5601984], [114.203121675, 30.560204374], [114.203165466, 30.560315686], [114.2031413, 30.5603401], [114.203132953, 30.560355419]]]}, "properties": {"id": 21071, "block_id": 21071, "area_sqm": 165, "poi_count": 0, "dominant_category": null, "category_entropy": null, "street_block_id": null}}, {"type": "Feature", "geometry": {"type": "Polygon", "coordinates": [[[114.203180622, 30.560352134], [114.203124922, 30.560370157], [114.203132953, 30.560355419], [114.2031781, 30.5603478], [114.203180622, 30.560352134]]]}, "properties": {"id": 21072, "block_id": 21072, "area_sqm": 5, "poi_count": 0, "dominant_category": null, "category_entropy": null, "street_block_id": null}}, {"type": "Feature", "geometry": {"type": "Polygon", "coordinates": [[[114.203084209, 30.560363645], [114.202995577, 30.560378603], [114.202928979, 30.560223626], [114.202950977, 30.560211887], [114.203011895, 30.560192091], [114.203084209, 30.560363645]]]}, "properties": {"id": 21073, "block_id": 21073, "area_sqm": 168, "poi_count": 0, "dominant_category": null, "category_entropy": null, "street_block_id": null}}, {"type": "Feature", "geometry": {"type": "Polygon", "coordinates": [[[114.203124922, 30.560370157], [114.203091511, 30.560380968], [114.203084209, 30.560363645], [114.203132953, 30.560355419], [114.203124922, 30.560370157]]]}, "properties": {"id": 21074, "block_id": 21074, "area_sqm": 7, "poi_count": 0, "dominant_category": null, "category_entropy": null, "street_block_id": null}}, {"type": "Feature", "geometry": {"type": "Polygon", "coordinates": [[[114.203091511, 30.560380968], [114.20300818, 30.560407932], [114.202995577, 30.560378603], [114.203084209, 30.560363645], [114.203091511, 30.560380968]]]}, "properties": {"id": 21078, "block_id": 21078, "area_sqm": 24, "poi_count": 0, "dominant_category": null, "category_entropy": null, "street_block_id": null}}, {"type": "Feature", "geometry": {"type": "Polygon", "coordinates": [[[114.203124922, 30.560370157], [114.203103515, 30.560409445], [114.203091511, 30.560380968], [114.203124922, 30.560370157]]]}, "properties": {"id": 21080, "block_id": 21080, "area_sqm": 6, "poi_count": 0, "dominant_category": null, "category_entropy": null, "street_block_id": null}}, {"type": "Feature", "geometry": {"type": "Polygon", "coordinates": [[[114.20300818, 30.560407932], [114.202841166, 30.560461973], [114.2028196, 30.5604083], [114.202995577, 30.560378603], [114.20300818, 30.560407932]]]}, "properties": {"id": 21087, "block_id": 21087, "area_sqm": 83, "poi_count": 0, "dominant_category": null, "category_entropy": null, "street_block_id": null}}, {"type": "Feature", "geometry": {"type": "Polygon", "coordinates": [[[114.2030649, 30.5604941], [114.203057875, 30.560523624], [114.2030575, 30.5605227], [114.20300818, 30.560407932], [114.203091511, 30.560380968], [114.203103515, 30.560409445], [114.2030885, 30.560437], [114.2030649, 30.5604941]]]}, "properties": {"id": 21098, "block_id": 21098, "area_sqm": 69, "poi_count": 0, "dominant_category": null, "category_entropy": null, "street_block_id": null}}, {"type": "Feature", "geometry": {"type": "Polygon", "coordinates": [[[114.2133438, 30.5603164], [114.2133791, 30.5606294], [114.2132841, 30.5603727], [114.2130634, 30.5597215], [114.2128225, 30.5590668], [114.212726869, 30.558741708], [114.2128447, 30.5589298], [114.2129956, 30.5593089], [114.2131027, 30.5595877], [114.2133438, 30.5603164]]]}, "properties": {"id": 21110, "block_id": 21110, "area_sqm": 1396, "poi_count": 0, "dominant_category": null, "category_entropy": null, "street_block_id": null}}, {"type": "Feature", "geometry": {"type": "Polygon", "coordinates": [[[114.2027778, 30.5603043], [114.2014014, 30.5607473], [114.201382318, 30.560695863], [114.201406, 30.5606883], [114.2023469, 30.5604082], [114.202764954, 30.560272341], [114.2027676, 30.5602789], [114.2027778, 30.5603043]]]}, "properties": {"id": 21121, "block_id": 21121, "area_sqm": 631, "poi_count": 0, "dominant_category": null, "category_entropy": null, "street_block_id": null}}, {"type": "Feature", "geometry": {"type": "Polygon", "coordinates": [[[114.1999229, 30.5610979], [114.199830764, 30.561112646], [114.199799515, 30.561061746], [114.19986, 30.5610547], [114.200177, 30.5609973], [114.2005593, 30.5609192], [114.2010863, 30.5607904], [114.200574, 30.5609453], [114.2001216, 30.5610581], [114.1999229, 30.5610979]]]}, "properties": {"id": 21161, "block_id": 21161, "area_sqm": 444, "poi_count": 0, "dominant_category": null, "category_entropy": null, "street_block_id": null}}, {"type": "Feature", "geometry": {"type": "Polygon", "coordinates": [[[114.239948, 30.560993], [114.2397406, 30.5611383], [114.2396695, 30.5610021], [114.2396629, 30.5609898], [114.2396374, 30.5609352], [114.2396834, 30.560967], [114.2397304, 30.5609854], [114.2397746, 30.560997], [114.2398269, 30.5610039], [114.2398792, 30.5610039], [114.239948, 30.560993]]]}, "properties": {"id": 21170, "block_id": 21170, "area_sqm": 226, "poi_count": 0, "dominant_category": null, "category_entropy": null, "street_block_id": null}}, {"type": "Feature", "geometry": {"type": "Polygon", "coordinates": [[[114.2397406, 30.5611383], [114.239621305, 30.561222468], [114.239582, 30.5611503], [114.239572301, 30.561129897], [114.2396421, 30.5610819], [114.2396569, 30.5610657], [114.2396689, 30.5610461], [114.2396716, 30.5610253], [114.2396695, 30.5610021], [114.2397406, 30.5611383]]]}, "properties": {"id": 21184, "block_id": 21184, "area_sqm": 170, "poi_count": 0, "dominant_category": null, "category_entropy": null, "street_block_id": null}}, {"type": "Feature", "geometry": {"type": "Polygon", "coordinates": [[[114.2412941, 30.5601759], [114.239789649, 30.56122578], [114.2397406, 30.5611383], [114.239948, 30.560993], [114.2413907, 30.5599819], [114.2414872, 30.5599219], [114.2415784, 30.559878], [114.2416455, 30.5598549], [114.2417206, 30.5598387], [114.2418164, 30.5598234], [114.2417766, 30.5598481], [114.2416311, 30.5599499], [114.2412941, 30.5601759]]]}, "properties": {"id": 21186, "block_id": 21186, "area_sqm": 2536, "poi_count": 0, "dominant_category": null, "category_entropy": null, "street_block_id": null}}, {"type": "Feature", "geometry": {"type": "Polygon", "coordinates": [[[114.2001898, 30.5611625], [114.1998966, 30.5612318], [114.19989, 30.5612112], [114.1998661, 30.5611702], [114.1998556, 30.5611531], [114.2006351, 30.5609939], [114.2014014, 30.5607473], [114.2014286, 30.5608204], [114.2005466, 30.5610817], [114.2001898, 30.5611625]]]}, "properties": {"id": 21189, "block_id": 21189, "area_sqm": 1209, "poi_count": 0, "dominant_category": null, "category_entropy": null, "street_block_id": null}}, {"type": "Feature", "geometry": {"type": "Polygon", "coordinates": [[[114.2189079, 30.5605435], [114.2160502, 30.5612474], [114.2160267, 30.56118], [114.2188852, 30.5604737], [114.2189079, 30.5605435]]]}, "properties": {"id": 21192, "block_id": 21192, "area_sqm": 2259, "poi_count": 0, "dominant_category": null, "category_entropy": null, "street_block_id": null}}, {"type": "Feature", "geometry": {"type": "Polygon", "coordinates": [[[114.2413665, 30.5602246], [114.239831303, 30.561300069], [114.239789649, 30.56122578], [114.2412941, 30.5601759], [114.2416311, 30.5599499], [114.2417766, 30.5598481], [114.2418164, 30.5598234], [114.2419351, 30.5597498], [114.2420614, 30.5596793], [114.2435265, 30.5588821], [114.2472933, 30.5574925], [114.2473302, 30.5575656], [114.2435555, 30.55893], [114.2420869, 30.559744], [114.2419589, 30.5598262], [114.2418659, 30.5598846], [114.2417987, 30.5599269], [114.2413665, 30.5602246]]]}, "properties": {"id": 21208, "block_id": 21208, "area_sqm": 6390, "poi_count": 0, "dominant_category": null, "category_entropy": null, "street_block_id": null}}, {"type": "Feature", "geometry": {"type": "Polygon", "coordinates": [[[114.239621305, 30.561222468], [114.239502307, 30.561306427], [114.239455086, 30.561210501], [114.239572301, 30.561129897], [114.239582, 30.5611503], [114.239621305, 30.561222468]]]}, "properties": {"id": 21211, "block_id": 21211, "area_sqm": 160, "poi_count": 0, "dominant_category": null, "category_entropy": null, "street_block_id": null}}, {"type": "Feature", "geometry": {"type": "Polygon", "coordinates": [[[114.239789649, 30.56122578], [114.239668973, 30.561309993], [114.239621305, 30.561222468], [114.2397406, 30.5611383], [114.239789649, 30.56122578]]]}, "properties": {"id": 21212, "block_id": 21212, "area_sqm": 155, "poi_count": 0, "dominant_category": null, "category_entropy": null, "street_block_id": null}}, {"type": "Feature", "geometry": {"type": "Polygon", "coordinates": [[[114.239502307, 30.561306427], [114.2394071, 30.5613736], [114.2393184, 30.5611966], [114.2393404, 30.5612216], [114.2393631, 30.5612318], [114.2393886, 30.5612355], [114.2394128, 30.5612332], [114.2394356, 30.5612239], [114.239455086, 30.561210501], [114.239502307, 30.561306427]]]}, "properties": {"id": 21224, "block_id": 21224, "area_sqm": 156, "poi_count": 0, "dominant_category": null, "category_entropy": null, "street_block_id": null}}, {"type": "Feature", "geometry": {"type": "Polygon", "coordinates": [[[114.2414973, 30.5602497], [114.2398764, 30.5613805], [114.239831303, 30.561300069], [114.2413665, 30.5602246], [114.2417987, 30.5599269], [114.2418659, 30.5598846], [114.2417984, 30.559975], [114.2417367, 30.5600466], [114.2416777, 30.5601136], [114.2415811, 30.5601898], [114.2414973, 30.5602497]]]}, "properties": {"id": 21226, "block_id": 21226, "area_sqm": 2325, "poi_count": 0, "dominant_category": null, "category_entropy": null, "street_block_id": null}}, {"type": "Feature", "geometry": {"type": "Polygon", "coordinates": [[[114.239831303, 30.561300069], [114.239709891, 30.561385123], [114.239668973, 30.561309993], [114.239789649, 30.56122578], [114.239831303, 30.561300069]]]}, "properties": {"id": 21228, "block_id": 21228, "area_sqm": 133, "poi_count": 0, "dominant_category": null, "category_entropy": null, "street_block_id": null}}, {"type": "Feature", "geometry": {"type": "Polygon", "coordinates": [[[114.203579096, 30.561214462], [114.203628841, 30.561391757], [114.2035578, 30.5612236], [114.203579096, 30.561214462]]]}, "properties": {"id": 21229, "block_id": 21229, "area_sqm": 22, "poi_count": 0, "dominant_category": null, "category_entropy": null, "street_block_id": null}}, {"type": "Feature", "geometry": {"type": "Polygon", "coordinates": [[[114.239668973, 30.561309993], [114.23954802, 30.5613944], [114.2395146, 30.5613314], [114.239502307, 30.561306427], [114.239621305, 30.561222468], [114.239668973, 30.561309993]]]}, "properties": {"id": 21231, "block_id": 21231, "area_sqm": 154, "poi_count": 0, "dominant_category": null, "category_entropy": null, "street_block_id": null}}, {"type": "Feature", "geometry": {"type": "Polygon", "coordinates": [[[114.23954802, 30.5613944], [114.239451328, 30.561461877], [114.2394071, 30.5613736], [114.239502307, 30.561306427], [114.2395146, 30.5613314], [114.23954802, 30.5613944]]]}, "properties": {"id": 21247, "block_id": 21247, "area_sqm": 122, "poi_count": 0, "dominant_category": null, "category_entropy": null, "street_block_id": null}}, {"type": "Feature", "geometry": {"type": "Polygon", "coordinates": [[[114.2398764, 30.5613805], [114.239754022, 30.561466154], [114.239709891, 30.561385123], [114.239831303, 30.561300069], [114.2398764, 30.5613805]]]}, "properties": {"id": 21248, "block_id": 21248, "area_sqm": 145, "poi_count": 0, "dominant_category": null, "category_entropy": null, "street_block_id": null}}, {"type": "Feature", "geometry": {"type": "Polygon", "coordinates": [[[114.239709891, 30.561385123], [114.239588289, 30.561470311], [114.23954802, 30.5613944], [114.239668973, 30.561309993], [114.239709891, 30.561385123]]]}, "properties": {"id": 21249, "block_id": 21249, "area_sqm": 134, "poi_count": 0, "dominant_category": null, "category_entropy": null, "street_block_id": null}}, {"type": "Feature", "geometry": {"type": "Polygon", "coordinates": [[[114.2365219, 30.5609388], [114.2355171, 30.5614881], [114.2354083, 30.561351], [114.2357777, 30.5611481], [114.2363228, 30.5609463], [114.2365219, 30.5609388]]]}, "properties": {"id": 21252, "block_id": 21252, "area_sqm": 1634, "poi_count": 0, "dominant_category": null, "category_entropy": null, "street_block_id": null}}, {"type": "Feature", "geometry": {"type": "Polygon", "coordinates": [[[114.2217807, 30.5614827], [114.2217195, 30.5615013], [114.221378, 30.5606366], [114.2213739, 30.5604931], [114.2214878, 30.5605036], [114.2218577, 30.5614593], [114.2217807, 30.5614827]]]}, "properties": {"id": 21253, "block_id": 21253, "area_sqm": 1618, "poi_count": 3, "dominant_category": "生活服务", "category_entropy": 0.637, "street_block_id": null}}, {"type": "Feature", "geometry": {"type": "Polygon", "coordinates": [[[114.239588289, 30.561470311], [114.239490037, 30.56153914], [114.239451328, 30.561461877], [114.23954802, 30.5613944], [114.239588289, 30.561470311]]]}, "properties": {"id": 21256, "block_id": 21256, "area_sqm": 108, "poi_count": 0, "dominant_category": null, "category_entropy": null, "street_block_id": null}}, {"type": "Feature", "geometry": {"type": "Polygon", "coordinates": [[[114.239754022, 30.561466154], [114.239631554, 30.561551871], [114.239588289, 30.561470311], [114.239709891, 30.561385123], [114.239754022, 30.561466154]]]}, "properties": {"id": 21257, "block_id": 21257, "area_sqm": 145, "poi_count": 0, "dominant_category": null, "category_entropy": null, "street_block_id": null}}, {"type": "Feature", "geometry": {"type": "Polygon", "coordinates": [[[114.2394071, 30.5613736], [114.2391412, 30.5615583], [114.2391738, 30.5615097], [114.2391975, 30.5614615], [114.239217, 30.5614078], [114.2392315, 30.5613573], [114.2392449, 30.5612938], [114.2392543, 30.5612291], [114.2392574, 30.5611816], [114.2392556, 30.5611309], [114.2392449, 30.5610549], [114.2393062, 30.5611723], [114.2393184, 30.5611966], [114.2394071, 30.5613736]]]}, "properties": {"id": 21260, "block_id": 21260, "area_sqm": 428, "poi_count": 0, "dominant_category": null, "category_entropy": null, "street_block_id": null}}, {"type": "Feature", "geometry": {"type": "Polygon", "coordinates": [[[114.2398404, 30.5615363], [114.239804606, 30.561559033], [114.239754022, 30.561466154], [114.2398764, 30.5613805], [114.2399639, 30.5615396], [114.2399732, 30.5615552], [114.2399436, 30.5615328], [114.2399245, 30.5615271], [114.239898, 30.5615247], [114.2398658, 30.5615282], [114.2398404, 30.5615363]]]}, "properties": {"id": 21261, "block_id": 21261, "area_sqm": 202, "poi_count": 0, "dominant_category": null, "category_entropy": null, "street_block_id": null}}, {"type": "Feature", "geometry": {"type": "Polygon", "coordinates": [[[114.239804606, 30.561559033], [114.239685612, 30.561634608], [114.2396321, 30.5615529], [114.239631554, 30.561551871], [114.239754022, 30.561466154], [114.239804606, 30.561559033]]]}, "properties": {"id": 21268, "block_id": 21268, "area_sqm": 158, "poi_count": 0, "dominant_category": null, "category_entropy": null, "street_block_id": null}}, {"type": "Feature", "geometry": {"type": "Polygon", "coordinates": [[[114.2138805, 30.5617254], [114.2137753, 30.561752], [114.2133791, 30.5606294], [114.2133438, 30.5603164], [114.2131027, 30.5595877], [114.2129956, 30.5593089], [114.2128447, 30.5589298], [114.212726869, 30.558741708], [114.2126127, 30.5583536], [114.2127009, 30.5583321], [114.212802, 30.5585812], [114.2130968, 30.5593439], [114.213233, 30.5596963], [114.2134509, 30.5603982], [114.2134868, 30.5606241], [114.2138805, 30.5617254]]]}, "properties": {"id": 21276, "block_id": 21276, "area_sqm": 3692, "poi_count": 0, "dominant_category": null, "category_entropy": null, "street_block_id": null}}, {"type": "Feature", "geometry": {"type": "Polygon", "coordinates": [[[114.2396085, 30.5617306], [114.2396113, 30.5617586], [114.2395315, 30.5616219], [114.239631554, 30.561551871], [114.2396321, 30.5615529], [114.239685612, 30.561634608], [114.2396513, 30.5616564], [114.2396338, 30.5616726], [114.2396218, 30.5616876], [114.239611, 30.5617118], [114.2396085, 30.5617306]]]}, "properties": {"id": 21277, "block_id": 21277, "area_sqm": 144, "poi_count": 0, "dominant_category": null, "category_entropy": null, "street_block_id": null}}, {"type": "Feature", "geometry": {"type": "Polygon", "coordinates": [[[114.2396204, 30.5617765], [114.2396471, 30.5618215], [114.2396112, 30.561801], [114.23957, 30.5617828], [114.2395279, 30.5617719], [114.2394803, 30.5617649], [114.239434, 30.5617626], [114.2393844, 30.5617649], [114.2393434, 30.5617706], [114.2393025, 30.5617808], [114.2395315, 30.5616219], [114.2396113, 30.5617586], [114.2396204, 30.5617765]]]}, "properties": {"id": 21283, "block_id": 21283, "area_sqm": 250, "poi_count": 0, "dominant_category": null, "category_entropy": null, "street_block_id": null}}, {"type": "Feature", "geometry": {"type": "Polygon", "coordinates": [[[114.2139151, 30.5618028], [114.2138013, 30.5618324], [114.2137753, 30.561752], [114.2138805, 30.5617254], [114.2139151, 30.5618028]]]}, "properties": {"id": 21286, "block_id": 21286, "area_sqm": 101, "poi_count": 0, "dominant_category": null, "category_entropy": null, "street_block_id": null}}, {"type": "Feature", "geometry": {"type": "Polygon", "coordinates": [[[114.2037511, 30.5618275], [114.2038001, 30.562062], [114.203103515, 30.560409445], [114.203124922, 30.560370157], [114.203180622, 30.560352134], [114.2031973, 30.5603808], [114.2035578, 30.5612236], [114.203628841, 30.561391757], [114.2037511, 30.5618275]]]}, "properties": {"id": 21299, "block_id": 21299, "area_sqm": 1617, "poi_count": 0, "dominant_category": null, "category_entropy": null, "street_block_id": null}}, {"type": "Feature", "geometry": {"type": "Polygon", "coordinates": [[[114.203057875, 30.560523624], [114.2036873, 30.5620722], [114.2033754, 30.5615002], [114.2031661, 30.5610599], [114.2030992, 30.5608979], [114.2030521, 30.5607922], [114.2030423, 30.5607596], [114.2030364, 30.5607259], [114.2030346, 30.5606781], [114.2030381, 30.5606302], [114.2030457, 30.5605748], [114.203057875, 30.560523624]]]}, "properties": {"id": 21301, "block_id": 21301, "area_sqm": 1203, "poi_count": 0, "dominant_category": null, "category_entropy": null, "street_block_id": null}}, {"type": "Feature", "geometry": {"type": "Polygon", "coordinates": [[[114.2355171, 30.5614881], [114.234395, 30.5621014], [114.2342133, 30.5620071], [114.2354083, 30.561351], [114.2355171, 30.5614881]]]}, "properties": {"id": 21303, "block_id": 21303, "area_sqm": 2406, "poi_count": 0, "dominant_category": null, "category_entropy": null, "street_block_id": 11760}}, {"type": "Feature", "geometry": {"type": "Polygon", "coordinates": [[[114.2382967, 30.5626691], [114.2383303, 30.5627142], [114.2382699, 30.5626714], [114.2382055, 30.562653], [114.2381573, 30.562646], [114.2381033, 30.562644], [114.2380489, 30.5626548], [114.2383135, 30.5624707], [114.238286, 30.5625329], [114.238278, 30.5625814], [114.2382833, 30.5626287], [114.2382967, 30.5626691]]]}, "properties": {"id": 21374, "block_id": 21374, "area_sqm": 214, "poi_count": 0, "dominant_category": null, "category_entropy": null, "street_block_id": null}}, {"type": "Feature", "geometry": {"type": "Polygon", "coordinates": [[[114.234395, 30.5621014], [114.2327471, 30.5630021], [114.2326762, 30.5629927], [114.2325617, 30.5628331], [114.2325726, 30.5627768], [114.233979, 30.5620305], [114.2342133, 30.5620071], [114.234395, 30.5621014]]]}, "properties": {"id": 21394, "block_id": 21394, "area_sqm": 5251, "poi_count": 0, "dominant_category": null, "category_entropy": null, "street_block_id": 11761}}, {"type": "Feature", "geometry": {"type": "Polygon", "coordinates": [[[114.2405382, 30.5630684], [114.2406447, 30.5632858], [114.2405659, 30.5632004], [114.2404894, 30.563123], [114.2404278, 30.5630699], [114.2403299, 30.5629745], [114.2396471, 30.5618215], [114.2396204, 30.5617765], [114.2396113, 30.5617586], [114.2396085, 30.5617306], [114.239611, 30.5617118], [114.2396218, 30.5616876], [114.2396338, 30.5616726], [114.2396513, 30.5616564], [114.239685612, 30.561634608], [114.2397213, 30.5616891], [114.2405382, 30.5630684]]]}, "properties": {"id": 21423, "block_id": 21423, "area_sqm": 2352, "poi_count": 0, "dominant_category": null, "category_entropy": null, "street_block_id": null}}, {"type": "Feature", "geometry": {"type": "Polygon", "coordinates": [[[114.2370116, 30.5632083], [114.2367746, 30.5634368], [114.2368926, 30.5632615], [114.2369597, 30.5631645], [114.2370321, 30.5630791], [114.237126, 30.562989], [114.2372353, 30.562896], [114.2373271, 30.5628297], [114.2391412, 30.5615583], [114.2394071, 30.5613736], [114.239451328, 30.561461877], [114.2374629, 30.5628495], [114.2373693, 30.5629139], [114.2372786, 30.5629789], [114.2371755, 30.5630629], [114.2370116, 30.5632083]]]}, "properties": {"id": 21446, "block_id": 21446, "area_sqm": 3164, "poi_count": 0, "dominant_category": null, "category_entropy": null, "street_block_id": null}}, {"type": "Feature", "geometry": {"type": "Polygon", "coordinates": [[[114.200236, 30.5634882], [114.2001322, 30.5635095], [114.2000115, 30.5619356], [114.199798733, 30.561267394], [114.199904739, 30.561257372], [114.2001158, 30.5619205], [114.2001793, 30.562749], [114.200236, 30.5634882]]]}, "properties": {"id": 21457, "block_id": 21457, "area_sqm": 2534, "poi_count": 0, "dominant_category": null, "category_entropy": null, "street_block_id": null}}, {"type": "Feature", "geometry": {"type": "Polygon", "coordinates": [[[114.2051553, 30.5643902], [114.204875869, 30.56449045], [114.2048493, 30.5644355], [114.2051955, 30.5642971], [114.2073875, 30.5635967], [114.2068599, 30.5637842], [114.2051553, 30.5643902]]]}, "properties": {"id": 21608, "block_id": 21608, "area_sqm": 1172, "poi_count": 0, "dominant_category": null, "category_entropy": null, "street_block_id": null}}, {"type": "Feature", "geometry": {"type": "Polygon", "coordinates": [[[114.204777522, 30.56446267], [114.204654278, 30.564509319], [114.2045067, 30.5641498], [114.2040793, 30.5630432], [114.2036873, 30.5620722], [114.203057875, 30.560523624], [114.2030649, 30.5604941], [114.2030885, 30.560437], [114.203103515, 30.560409445], [114.2038001, 30.562062], [114.2046325, 30.5641222], [114.204777522, 30.56446267]]]}, "properties": {"id": 21609, "block_id": 21609, "area_sqm": 5004, "poi_count": 0, "dominant_category": null, "category_entropy": null, "street_block_id": null}}, {"type": "Feature", "geometry": {"type": "Polygon", "coordinates": [[[114.204875869, 30.56449045], [114.204800822, 30.564517374], [114.204777522, 30.56446267], [114.2048493, 30.5644355], [114.204875869, 30.56449045]]]}, "properties": {"id": 21610, "block_id": 21610, "area_sqm": 50, "poi_count": 0, "dominant_category": null, "category_entropy": null, "street_block_id": null}}, {"type": "Feature", "geometry": {"type": "Polygon", "coordinates": [[[114.204800822, 30.564517374], [114.204675971, 30.564562166], [114.204654278, 30.564509319], [114.204777522, 30.56446267], [114.204800822, 30.564517374]]]}, "properties": {"id": 21618, "block_id": 21618, "area_sqm": 82, "poi_count": 0, "dominant_category": null, "category_entropy": null, "street_block_id": null}}, {"type": "Feature", "geometry": {"type": "Polygon", "coordinates": [[[114.204675971, 30.564562166], [114.204576431, 30.564597878], [114.2045542, 30.5645472], [114.204654278, 30.564509319], [114.204675971, 30.564562166]]]}, "properties": {"id": 21627, "block_id": 21627, "area_sqm": 64, "poi_count": 0, "dominant_category": null, "category_entropy": null, "street_block_id": null}}, {"type": "Feature", "geometry": {"type": "Polygon", "coordinates": [[[114.2148608, 30.5646287], [114.2147738, 30.5646512], [114.2138013, 30.5618324], [114.2139151, 30.5618028], [114.2143423, 30.5632102], [114.2148608, 30.5646287]]]}, "properties": {"id": 21636, "block_id": 21636, "area_sqm": 2622, "poi_count": 0, "dominant_category": null, "category_entropy": null, "street_block_id": null}}, {"type": "Feature", "geometry": {"type": "Polygon", "coordinates": [[[114.20470749, 30.56463895], [114.204609813, 30.564673978], [114.204576431, 30.564597878], [114.204675971, 30.564562166], [114.20470749, 30.56463895]]]}, "properties": {"id": 21641, "block_id": 21641, "area_sqm": 92, "poi_count": 0, "dominant_category": null, "category_entropy": null, "street_block_id": null}}, {"type": "Feature", "geometry": {"type": "Polygon", "coordinates": [[[114.2049578, 30.5646599], [114.204873442, 30.564687865], [114.204833377, 30.564593804], [114.204912178, 30.564565544], [114.2049578, 30.5646599]]]}, "properties": {"id": 21642, "block_id": 21642, "area_sqm": 95, "poi_count": 0, "dominant_category": null, "category_entropy": null, "street_block_id": null}}, {"type": "Feature", "geometry": {"type": "Polygon", "coordinates": [[[114.204873442, 30.564687865], [114.204745041, 30.564730429], [114.20470749, 30.56463895], [114.204833377, 30.564593804], [114.204873442, 30.564687865]]]}, "properties": {"id": 21648, "block_id": 21648, "area_sqm": 144, "poi_count": 0, "dominant_category": null, "category_entropy": null, "street_block_id": null}}, {"type": "Feature", "geometry": {"type": "Polygon", "coordinates": [[[114.204745041, 30.564730429], [114.2046486, 30.5647624], [114.204609813, 30.564673978], [114.20470749, 30.56463895], [114.204745041, 30.564730429]]]}, "properties": {"id": 21653, "block_id": 21653, "area_sqm": 106, "poi_count": 0, "dominant_category": null, "category_entropy": null, "street_block_id": null}}, {"type": "Feature", "geometry": {"type": "Polygon", "coordinates": [[[114.2018008, 30.5657661], [114.2014185, 30.5658556], [114.2019586, 30.5656225], [114.2046078, 30.5646747], [114.204609813, 30.564673978], [114.2046486, 30.5647624], [114.2042499, 30.5648945], [114.2023883, 30.5655467], [114.2018008, 30.5657661]]]}, "properties": {"id": 21750, "block_id": 21750, "area_sqm": 2729, "poi_count": 0, "dominant_category": null, "category_entropy": null, "street_block_id": null}}, {"type": "Feature", "geometry": {"type": "Polygon", "coordinates": [[[114.206061347, 30.56791561], [114.205967, 30.5679351], [114.2046486, 30.5647624], [114.204745041, 30.564730429], [114.2049341, 30.565191], [114.2052861, 30.5660095], [114.2058077, 30.5672883], [114.206061347, 30.56791561]]]}, "properties": {"id": 21987, "block_id": 21987, "area_sqm": 3773, "poi_count": 0, "dominant_category": null, "category_entropy": null, "street_block_id": null}}, {"type": "Feature", "geometry": {"type": "Polygon", "coordinates": [[[114.2215372, 30.5695875], [114.2215465, 30.569667], [114.2214511, 30.5696166], [114.2212765, 30.5695939], [114.2213716, 30.5695516], [114.2215882, 30.5694355], [114.2215526, 30.5695371], [114.2215372, 30.5695875]]]}, "properties": {"id": 22137, "block_id": 22137, "area_sqm": 273, "poi_count": 0, "dominant_category": null, "category_entropy": null, "street_block_id": null}}, {"type": "Feature", "geometry": {"type": "Polygon", "coordinates": [[[114.2179048, 30.5709944], [114.2178295, 30.5710315], [114.2156119, 30.5671799], [114.215699, 30.5671615], [114.2179048, 30.5709944]]]}, "properties": {"id": 22255, "block_id": 22255, "area_sqm": 3971, "poi_count": 0, "dominant_category": null, "category_entropy": null, "street_block_id": null}}, {"type": "Feature", "geometry": {"type": "Polygon", "coordinates": [[[114.2179518, 30.5710647], [114.2178754, 30.5710974], [114.2178295, 30.5710315], [114.2179048, 30.5709944], [114.2179518, 30.5710647]]]}, "properties": {"id": 22266, "block_id": 22266, "area_sqm": 72, "poi_count": 0, "dominant_category": null, "category_entropy": null, "street_block_id": null}}, {"type": "Feature", "geometry": {"type": "Polygon", "coordinates": [[[114.2118984, 30.5716165], [114.210634984, 30.571911631], [114.2106156, 30.5718896], [114.2113504, 30.5716871], [114.2119435, 30.5715384], [114.2124245, 30.5714821], [114.2136807, 30.5713414], [114.214014, 30.5713796], [114.2123518, 30.5715332], [114.2121376, 30.5715732], [114.2118984, 30.5716165]]]}, "properties": {"id": 22341, "block_id": 22341, "area_sqm": 1879, "poi_count": 0, "dominant_category": null, "category_entropy": null, "street_block_id": null}}, {"type": "Feature", "geometry": {"type": "Polygon", "coordinates": [[[114.2119066, 30.571739], [114.21067631, 30.57199336], [114.2106746, 30.5719797], [114.2106522, 30.5719312], [114.210634984, 30.571911631], [114.2118984, 30.5716165], [114.2121376, 30.5715732], [114.2123518, 30.5715332], [114.214014, 30.5713796], [114.2178295, 30.5710315], [114.2178754, 30.5710974], [114.2154468, 30.5713257], [114.2140069, 30.5714727], [114.2124993, 30.5716267], [114.2120192, 30.5717112], [114.2119066, 30.571739]]]}, "properties": {"id": 22359, "block_id": 22359, "area_sqm": 6942, "poi_count": 0, "dominant_category": null, "category_entropy": null, "street_block_id": null}}, {"type": "Feature", "geometry": {"type": "Polygon", "coordinates": [[[114.2105144, 30.5719398], [114.210233919, 30.572018403], [114.2102334, 30.5720117], [114.2102469, 30.5719586], [114.2102841, 30.5719032], [114.2103403, 30.5718612], [114.2104093, 30.5718374], [114.2104836, 30.5718344], [114.210555, 30.5718524], [114.2106156, 30.5718896], [114.210634984, 30.571911631], [114.2105144, 30.5719398]]]}, "properties": {"id": 22362, "block_id": 22362, "area_sqm": 405, "poi_count": 0, "dominant_category": null, "category_entropy": null, "street_block_id": null}}, {"type": "Feature", "geometry": {"type": "Polygon", "coordinates": [[[114.2110655, 30.5719646], [114.2106711, 30.5720831], [114.2106811, 30.5720316], [114.21067631, 30.57199336], [114.2119066, 30.571739], [114.2120192, 30.5717112], [114.2124993, 30.5716267], [114.2140069, 30.5714727], [114.2135359, 30.5715665], [114.2122377, 30.5717193], [114.2117146, 30.5718158], [114.2110655, 30.5719646]]]}, "properties": {"id": 22368, "block_id": 22368, "area_sqm": 1697, "poi_count": 0, "dominant_category": null, "category_entropy": null, "street_block_id": null}}, {"type": "Feature", "geometry": {"type": "Polygon", "coordinates": [[[114.2104662, 30.5720368], [114.21025076, 30.572097071], [114.2102376, 30.572066], [114.210233919, 30.572018403], [114.2105144, 30.5719398], [114.210634984, 30.571911631], [114.2106522, 30.5719312], [114.2106746, 30.5719797], [114.21067631, 30.57199336], [114.2104662, 30.5720368]]]}, "properties": {"id": 22369, "block_id": 22369, "area_sqm": 383, "poi_count": 0, "dominant_category": null, "category_entropy": null, "street_block_id": null}}, {"type": "Feature", "geometry": {"type": "Polygon", "coordinates": [[[114.2105095, 30.5722137], [114.2104328, 30.5722179], [114.2103589, 30.5721996], [114.2102965, 30.5721609], [114.2102592, 30.572117], [114.21025076, 30.572097071], [114.2104662, 30.5720368], [114.21067631, 30.57199336], [114.2106811, 30.5720316], [114.2106711, 30.5720831], [114.2106361, 30.5721421], [114.2105801, 30.5721874], [114.2105095, 30.5722137]]]}, "properties": {"id": 22384, "block_id": 22384, "area_sqm": 633, "poi_count": 0, "dominant_category": null, "category_entropy": null, "street_block_id": null}}, {"type": "Feature", "geometry": {"type": "Polygon", "coordinates": [[[114.2246855, 30.5722121], [114.2223523, 30.5723486], [114.2223509, 30.5722708], [114.2246758, 30.5721375], [114.2246855, 30.5722121]]]}, "properties": {"id": 22392, "block_id": 22392, "area_sqm": 1895, "poi_count": 0, "dominant_category": null, "category_entropy": null, "street_block_id": 5057}}, {"type": "Feature", "geometry": {"type": "Polygon", "coordinates": [[[114.2087894, 30.5725059], [114.208572011, 30.572565571], [114.208531431, 30.572497481], [114.2086571, 30.5724603], [114.210233919, 30.572018403], [114.2102376, 30.572066], [114.21025076, 30.572097071], [114.2087894, 30.5725059]]]}, "properties": {"id": 22435, "block_id": 22435, "area_sqm": 1487, "poi_count": 0, "dominant_category": null, "category_entropy": null, "street_block_id": null}}, {"type": "Feature", "geometry": {"type": "Polygon", "coordinates": [[[114.208572011, 30.572565571], [114.208490484, 30.57258795], [114.2084538, 30.572547], [114.208437816, 30.572525178], [114.208531431, 30.572497481], [114.208572011, 30.572565571]]]}, "properties": {"id": 22438, "block_id": 22438, "area_sqm": 74, "poi_count": 0, "dominant_category": null, "category_entropy": null, "street_block_id": null}}, {"type": "Feature", "geometry": {"type": "Polygon", "coordinates": [[[114.2255723, 30.5723672], [114.2215705, 30.5725981], [114.2207873, 30.5725242], [114.220624, 30.5724571], [114.2223523, 30.5723486], [114.2246855, 30.5722121], [114.2255723, 30.5723672]]]}, "properties": {"id": 22440, "block_id": 22440, "area_sqm": 8975, "poi_count": 0, "dominant_category": null, "category_entropy": null, "street_block_id": 5057}}, {"type": "Feature", "geometry": {"type": "Polygon", "coordinates": [[[114.208490484, 30.57258795], [114.208362255, 30.572623147], [114.208312435, 30.572562274], [114.208437816, 30.572525178], [114.2084538, 30.572547], [114.208490484, 30.57258795]]]}, "properties": {"id": 22445, "block_id": 22445, "area_sqm": 102, "poi_count": 0, "dominant_category": null, "category_entropy": null, "street_block_id": null}}, {"type": "Feature", "geometry": {"type": "Polygon", "coordinates": [[[114.208362255, 30.572623147], [114.208253111, 30.572653105], [114.208207789, 30.572593235], [114.208312435, 30.572562274], [114.208362255, 30.572623147]]]}, "properties": {"id": 22448, "block_id": 22448, "area_sqm": 84, "poi_count": 0, "dominant_category": null, "category_entropy": null, "street_block_id": null}}, {"type": "Feature", "geometry": {"type": "Polygon", "coordinates": [[[114.2081082, 30.5726227], [114.207340469, 30.572819224], [114.2073164, 30.5727899], [114.2072565, 30.5727529], [114.2072236, 30.5727446], [114.2073816, 30.5727286], [114.2076906, 30.5726551], [114.207841, 30.5726026], [114.207902, 30.5725536], [114.2079914, 30.5724661], [114.2080447, 30.5723643], [114.2081606, 30.5725309], [114.208207789, 30.572593235], [114.2081082, 30.5726227]]]}, "properties": {"id": 22468, "block_id": 22468, "area_sqm": 1044, "poi_count": 0, "dominant_category": null, "category_entropy": null, "street_block_id": null}}, {"type": "Feature", "geometry": {"type": "Polygon", "coordinates": [[[114.2082218, 30.5726617], [114.207372168, 30.572880986], [114.207359, 30.5728418], [114.207340469, 30.572819224], [114.2081082, 30.5726227], [114.208207789, 30.572593235], [114.208253111, 30.572653105], [114.2082218, 30.5726617]]]}, "properties": {"id": 22479, "block_id": 22479, "area_sqm": 642, "poi_count": 0, "dominant_category": null, "category_entropy": null, "street_block_id": null}}, {"type": "Feature", "geometry": {"type": "Polygon", "coordinates": [[[114.207340469, 30.572819224], [114.206938671, 30.572922077], [114.2069377, 30.5729142], [114.2069525, 30.5728553], [114.2069878, 30.5728032], [114.2070435, 30.5727616], [114.207112, 30.5727379], [114.2071857, 30.5727349], [114.2072236, 30.5727446], [114.2072565, 30.5727529], [114.2073164, 30.5727899], [114.207340469, 30.572819224]]]}, "properties": {"id": 22482, "block_id": 22482, "area_sqm": 435, "poi_count": 0, "dominant_category": null, "category_entropy": null, "street_block_id": null}}, {"type": "Feature", "geometry": {"type": "Polygon", "coordinates": [[[114.2071811, 30.5729303], [114.206953091, 30.572989568], [114.2069451, 30.5729742], [114.206938671, 30.572922077], [114.207340469, 30.572819224], [114.207359, 30.5728418], [114.207372168, 30.572880986], [114.2071811, 30.5729303]]]}, "properties": {"id": 22490, "block_id": 22490, "area_sqm": 312, "poi_count": 0, "dominant_category": null, "category_entropy": null, "street_block_id": null}}, {"type": "Feature", "geometry": {"type": "Polygon", "coordinates": [[[114.2072346, 30.573104], [114.207162, 30.5731154], [114.2070891, 30.5731056], [114.2070525, 30.5730888], [114.2070239, 30.5730758], [114.2069737, 30.5730292], [114.206953091, 30.572989568], [114.2071811, 30.5729303], [114.207372168, 30.572880986], [114.2073795, 30.5729028], [114.2073755, 30.5729663], [114.2073476, 30.5730251], [114.2072988, 30.5730727], [114.2072346, 30.573104]]]}, "properties": {"id": 22504, "block_id": 22504, "area_sqm": 642, "poi_count": 0, "dominant_category": null, "category_entropy": null, "street_block_id": null}}, {"type": "Feature", "geometry": {"type": "Polygon", "coordinates": [[[114.2094509, 30.5732887], [114.209229082, 30.573345769], [114.2091892, 30.5732999], [114.2089238, 30.5729678], [114.2087822, 30.5727636], [114.2087645, 30.5726753], [114.2087787, 30.5725991], [114.2088459, 30.5725503], [114.2101165, 30.5721999], [114.2102965, 30.5721609], [114.2103589, 30.5721996], [114.2104632, 30.5723051], [114.2105201, 30.5723751], [114.210573, 30.5724766], [114.2105933, 30.5726026], [114.2105689, 30.5727601], [114.210512, 30.5728686], [114.2104185, 30.5729806], [114.2102559, 30.5730576], [114.2094509, 30.5732887]]]}, "properties": {"id": 22525, "block_id": 22525, "area_sqm": 14820, "poi_count": 0, "dominant_category": null, "category_entropy": null, "street_block_id": 11693}}, {"type": "Feature", "geometry": {"type": "Polygon", "coordinates": [[[114.209229082, 30.573345769], [114.209140944, 30.573368446], [114.2090973, 30.5733186], [114.2087909, 30.5729233], [114.2087341, 30.5728599], [114.2086349, 30.5726711], [114.208572011, 30.572565571], [114.2087894, 30.5725059], [114.21025076, 30.572097071], [114.2102592, 30.572117], [114.2102965, 30.5721609], [114.2101165, 30.5721999], [114.2088459, 30.5725503], [114.2087787, 30.5725991], [114.2087645, 30.5726753], [114.2087822, 30.5727636], [114.2089238, 30.5729678], [114.2091892, 30.5732999], [114.209229082, 30.573345769]]]}, "properties": {"id": 22527, "block_id": 22527, "area_sqm": 2040, "poi_count": 0, "dominant_category": null, "category_entropy": null, "street_block_id": null}}, {"type": "Feature", "geometry": {"type": "Polygon", "coordinates": [[[114.209516, 30.5733202], [114.209266978, 30.573389354], [114.209229082, 30.573345769], [114.2094509, 30.5732887], [114.2102559, 30.5730576], [114.2104185, 30.5729806], [114.210512, 30.5728686], [114.2105689, 30.5727601], [114.2105933, 30.5726026], [114.210573, 30.5724766], [114.2105201, 30.5723751], [114.2104632, 30.5723051], [114.2103589, 30.5721996], [114.2104328, 30.5722179], [114.2105095, 30.5722137], [114.2105801, 30.5721874], [114.2106361, 30.5721421], [114.2106462, 30.5723506], [114.2106665, 30.5725641], [114.2106624, 30.5727111], [114.2106096, 30.5728616], [114.2104429, 30.5730226], [114.2102518, 30.5731241], [114.209516, 30.5733202]]]}, "properties": {"id": 22530, "block_id": 22530, "area_sqm": 1649, "poi_count": 0, "dominant_category": null, "category_entropy": null, "street_block_id": 11693}}, {"type": "Feature", "geometry": {"type": "Polygon", "coordinates": [[[114.209140944, 30.573368446], [114.209022731, 30.57339886], [114.2086768, 30.572997], [114.2083988, 30.5726678], [114.208362255, 30.572623147], [114.208490484, 30.57258795], [114.2087341, 30.5728599], [114.2087909, 30.5729233], [114.2090973, 30.5733186], [114.209140944, 30.573368446]]]}, "properties": {"id": 22533, "block_id": 22533, "area_sqm": 1342, "poi_count": 0, "dominant_category": null, "category_entropy": null, "street_block_id": null}}, {"type": "Feature", "geometry": {"type": "Polygon", "coordinates": [[[114.209266978, 30.573389354], [114.209180323, 30.573413419], [114.209140944, 30.573368446], [114.209229082, 30.573345769], [114.209266978, 30.573389354]]]}, "properties": {"id": 22538, "block_id": 22538, "area_sqm": 51, "poi_count": 0, "dominant_category": null, "category_entropy": null, "street_block_id": null}}, {"type": "Feature", "geometry": {"type": "Polygon", "coordinates": [[[114.209022731, 30.57339886], [114.208917742, 30.573425871], [114.2088431, 30.5733555], [114.2086213, 30.5731041], [114.2083522, 30.572784], [114.208253111, 30.572653105], [114.208362255, 30.572623147], [114.2083988, 30.5726678], [114.2086768, 30.572997], [114.209022731, 30.57339886]]]}, "properties": {"id": 22539, "block_id": 22539, "area_sqm": 1181, "poi_count": 0, "dominant_category": null, "category_entropy": null, "street_block_id": null}}, {"type": "Feature", "geometry": {"type": "Polygon", "coordinates": [[[114.209180323, 30.573413419], [114.209063251, 30.57344593], [114.209022731, 30.57339886], [114.209140944, 30.573368446], [114.209180323, 30.573413419]]]}, "properties": {"id": 22540, "block_id": 22540, "area_sqm": 71, "poi_count": 1, "dominant_category": "地名地址信息", "category_entropy": 0.0, "street_block_id": null}}, {"type": "Feature", "geometry": {"type": "Polygon", "coordinates": [[[114.239592, 30.5736431], [114.2396199, 30.5736489], [114.2393308, 30.5736488], [114.239543, 30.5735812], [114.2395439, 30.5736097], [114.2395581, 30.5736289], [114.239592, 30.5736431]]]}, "properties": {"id": 22560, "block_id": 22560, "area_sqm": 87, "poi_count": 0, "dominant_category": null, "category_entropy": null, "street_block_id": null}}, {"type": "Feature", "geometry": {"type": "Polygon", "coordinates": [[[114.2079223, 30.5737262], [114.2077597, 30.5737437], [114.2075889, 30.5737262], [114.2074426, 30.5736352], [114.207345, 30.5735267], [114.2072149, 30.5732852], [114.2071255, 30.5731696], [114.2070525, 30.5730888], [114.2070891, 30.5731056], [114.207162, 30.5731154], [114.2072346, 30.573104], [114.2072988, 30.5730727], [114.2073125, 30.5732957], [114.2073694, 30.5734427], [114.2074995, 30.5735862], [114.2076703, 30.5736667], [114.2077882, 30.5736877], [114.2078979, 30.5736772], [114.2087435, 30.5734707], [114.208917742, 30.573425871], [114.208967286, 30.573472581], [114.2087598, 30.5735302], [114.2079223, 30.5737262]]]}, "properties": {"id": 22570, "block_id": 22570, "area_sqm": 1605, "poi_count": 0, "dominant_category": null, "category_entropy": null, "street_block_id": null}}, {"type": "Feature", "geometry": {"type": "Polygon", "coordinates": [[[114.2044382, 30.5737087], [114.2041821, 30.5737752], [114.20394, 30.5737728], [114.204077, 30.5737348], [114.2053083, 30.5734171], [114.206953091, 30.572989568], [114.2069737, 30.5730292], [114.2044382, 30.5737087]]]}, "properties": {"id": 22574, "block_id": 22574, "area_sqm": 1763, "poi_count": 0, "dominant_category": null, "category_entropy": null, "street_block_id": null}}, {"type": "Feature", "geometry": {"type": "Polygon", "coordinates": [[[114.2091073, 30.5734971], [114.2093446, 30.573778], [114.2090738, 30.573573], [114.208967286, 30.573472581], [114.209063251, 30.57344593], [114.2091073, 30.5734971]]]}, "properties": {"id": 22575, "block_id": 22575, "area_sqm": 239, "poi_count": 0, "dominant_category": null, "category_entropy": null, "street_block_id": null}}, {"type": "Feature", "geometry": {"type": "Polygon", "coordinates": [[[114.2396646, 30.5736489], [114.2392617, 30.5737992], [114.2393308, 30.5736488], [114.2396199, 30.5736489], [114.2396646, 30.5736489]]]}, "properties": {"id": 22577, "block_id": 22577, "area_sqm": 267, "poi_count": 0, "dominant_category": null, "category_entropy": null, "street_block_id": null}}, {"type": "Feature", "geometry": {"type": "Polygon", "coordinates": [[[114.2101464, 30.5744302], [114.2101835, 30.5745396], [114.20973, 30.5740412], [114.209180323, 30.573413419], [114.209266978, 30.573389354], [114.2096741, 30.5738576], [114.2100811, 30.5743207], [114.2101464, 30.5744302]]]}, "properties": {"id": 22662, "block_id": 22662, "area_sqm": 1150, "poi_count": 0, "dominant_category": null, "category_entropy": null, "street_block_id": null}}, {"type": "Feature", "geometry": {"type": "Polygon", "coordinates": [[[114.2037249, 30.574198], [114.204916, 30.576533], [114.204741, 30.5765305], [114.2036536, 30.5742652], [114.203621, 30.5741637], [114.2036332, 30.5740622], [114.2037249, 30.574198]]]}, "properties": {"id": 22919, "block_id": 22919, "area_sqm": 3513, "poi_count": 0, "dominant_category": null, "category_entropy": null, "street_block_id": null}}, {"type": "Feature", "geometry": {"type": "Polygon", "coordinates": [[[114.2012796, 30.5347534], [114.1992189, 30.5350906], [114.1976678, 30.5323899], [114.1999132, 30.5310497], [114.2001643, 30.5313611], [114.200439, 30.5316179], [114.2008074, 30.5318019], [114.2012643, 30.5319498], [114.2031984, 30.5343687], [114.2023413, 30.5345642], [114.2012796, 30.5347534]]]}, "properties": {"id": 17890, "block_id": 17890, "area_sqm": 133497, "poi_count": 209, "dominant_category": "生活服务", "category_entropy": 2.233, "street_block_id": 8964}}, {"type": "Feature", "geometry": {"type": "Polygon", "coordinates": [[[114.2078261, 30.5351373], [114.2074739, 30.535322], [114.2074619, 30.535099], [114.2074371, 30.5346417], [114.2073274, 30.5339619], [114.2072354, 30.5334498], [114.2071115, 30.5329651], [114.2069173, 30.5324502], [114.2075578, 30.5320857], [114.2081155, 30.5317814], [114.2081502, 30.5317616], [114.2082303, 30.5317158], [114.2084935, 30.53482], [114.2083418, 30.5348933], [114.2078261, 30.5351373]]]}, "properties": {"id": 17931, "block_id": 17931, "area_sqm": 37157, "poi_count": 2, "dominant_category": "政府机构及社会团体", "category_entropy": 0.693, "street_block_id": 9087}}, {"type": "Feature", "geometry": {"type": "Polygon", "coordinates": [[[114.2215571, 30.5353614], [114.221526, 30.5353638], [114.2214265, 30.5353439], [114.2213392, 30.5352983], [114.2212728, 30.5352315], [114.2212338, 30.5351502], [114.2212263, 30.5350624], [114.2212509, 30.5349771], [114.2212857, 30.5349306], [114.2212894, 30.5349256], [114.2213102, 30.5348977], [114.2213969, 30.53484], [114.2214738, 30.5348182], [114.221501, 30.5348105], [114.2215338, 30.5348112], [114.2216105, 30.5348127], [114.2217129, 30.5348462], [114.2217965, 30.5349073], [114.2218515, 30.5349889], [114.2218656, 30.5350535], [114.2218718, 30.5350817], [114.2218549, 30.5351749], [114.2218028, 30.5352579], [114.2217537, 30.5352962], [114.2217216, 30.5353212], [114.2216277, 30.535356], [114.2215571, 30.5353614]]]}, "properties": {"id": 17938, "block_id": 17938, "area_sqm": 2955, "poi_count": 1, "dominant_category": "交通设施服务", "category_entropy": 0.0, "street_block_id": 9097}}, {"type": "Feature", "geometry": {"type": "Polygon", "coordinates": [[[114.2163664, 30.5357464], [114.2161815, 30.5358153], [114.2161636, 30.5357344], [114.2160889, 30.5355172], [114.2159329, 30.5351506], [114.2149261, 30.5334512], [114.2164959, 30.5326818], [114.2173355, 30.5340329], [114.2177425, 30.5346457], [114.2178838, 30.5348139], [114.2172893, 30.5352107], [114.2168014, 30.5355048], [114.2163664, 30.5357464]]]}, "properties": {"id": 17989, "block_id": 17989, "area_sqm": 50308, "poi_count": 60, "dominant_category": "餐饮服务", "category_entropy": 1.92, "street_block_id": 9091}}, {"type": "Feature", "geometry": {"type": "Polygon", "coordinates": [[[114.2242538, 30.5357731], [114.224029966, 30.535882664], [114.2239804, 30.5358171], [114.2238174, 30.5355258], [114.2235382, 30.5350237], [114.2232299, 30.5345416], [114.2232797, 30.5344004], [114.2233284, 30.5343163], [114.2234219, 30.5342533], [114.2244832, 30.5337751], [114.2248909, 30.534455], [114.2251759, 30.5349302], [114.2248222, 30.5353334], [114.2245197, 30.5356037], [114.2242538, 30.5357731]]]}, "properties": {"id": 17993, "block_id": 17993, "area_sqm": 24864, "poi_count": 3, "dominant_category": "交通设施服务", "category_entropy": 0.637, "street_block_id": 5126}}, {"type": "Feature", "geometry": {"type": "Polygon", "coordinates": [[[114.2079444, 30.535825], [114.2075219, 30.5360325], [114.2074739, 30.535322], [114.2078261, 30.5351373], [114.2083418, 30.5348933], [114.2084935, 30.53482], [114.2123306, 30.5329658], [114.2126465, 30.5335431], [114.211954234, 30.53388091], [114.211792, 30.5339361], [114.2109108, 30.5343342], [114.2090818, 30.5352504], [114.2088938, 30.5353446], [114.2086075, 30.535488], [114.2083115, 30.5356439], [114.2079444, 30.535825]]]}, "properties": {"id": 18013, "block_id": 18013, "area_sqm": 37862, "poi_count": 6, "dominant_category": "地名地址信息", "category_entropy": 0.451, "street_block_id": 9092}}, {"type": "Feature", "geometry": {"type": "Polygon", "coordinates": [[[114.204654278, 30.564509319], [114.2045542, 30.5645472], [114.2041368, 30.5636014], [114.2037552, 30.5627366], [114.2037088, 30.5626211], [114.2033457, 30.5617176], [114.202841166, 30.560461973], [114.20300818, 30.560407932], [114.2030575, 30.5605227], [114.203057875, 30.560523624], [114.2030457, 30.5605748], [114.2030381, 30.5606302], [114.2030346, 30.5606781], [114.2030364, 30.5607259], [114.2030423, 30.5607596], [114.2030521, 30.5607922], [114.2030992, 30.5608979], [114.2031661, 30.5610599], [114.2033754, 30.5615002], [114.2036873, 30.5620722], [114.2040793, 30.5630432], [114.2045067, 30.5641498], [114.204654278, 30.564509319]]]}, "properties": {"id": 21615, "block_id": 21615, "area_sqm": 6598, "poi_count": 5, "dominant_category": "地名地址信息", "category_entropy": 0.0, "street_block_id": null}}, {"type": "Feature", "geometry": {"type": "Polygon", "coordinates": [[[114.2140776, 30.5362401], [114.2134084, 30.5363102], [114.2133569, 30.5357199], [114.2132682, 30.5350401], [114.2130611, 30.5343692], [114.2149261, 30.5334512], [114.2159329, 30.5351506], [114.2160889, 30.5355172], [114.2161636, 30.5357344], [114.2161815, 30.5358153], [114.2157363, 30.535981], [114.2152769, 30.5360966], [114.214911, 30.5361596], [114.2140776, 30.5362401]]]}, "properties": {"id": 18061, "block_id": 18061, "area_sqm": 61615, "poi_count": 54, "dominant_category": "购物服务", "category_entropy": 2.204, "street_block_id": 9094}}, {"type": "Feature", "geometry": {"type": "Polygon", "coordinates": [[[114.2133039, 30.5363212], [114.213175, 30.5363347], [114.212984, 30.5363347], [114.2127238, 30.5363137], [114.2124514, 30.5362506], [114.2122197, 30.5361631], [114.2120123, 30.53603], [114.2117237, 30.5357849], [114.2112648, 30.5352533], [114.2129791, 30.5344095], [114.2130441, 30.5345815], [114.2131795, 30.5350723], [114.2132682, 30.5355791], [114.2133056, 30.5361623], [114.2133039, 30.5363212]]]}, "properties": {"id": 18065, "block_id": 18065, "area_sqm": 25671, "poi_count": 27, "dominant_category": "体育休闲服务", "category_entropy": 1.456, "street_block_id": 9098}}, {"type": "Feature", "geometry": {"type": "Polygon", "coordinates": [[[114.2195913, 30.5364694], [114.2195825, 30.5364797], [114.2190697, 30.5359626], [114.2182061, 30.5350724], [114.2180067, 30.5348374], [114.2183377, 30.5346196], [114.2184191, 30.534567], [114.2187209, 30.5344887], [114.2205615, 30.5336358], [114.2212621, 30.5346971], [114.221271, 30.5347334], [114.2212816, 30.5348218], [114.2212894, 30.5349256], [114.2212857, 30.5349306], [114.2212509, 30.5349771], [114.2212263, 30.5350624], [114.221187, 30.5351625], [114.2211126, 30.5352387], [114.2206632, 30.5354856], [114.2203446, 30.5356746], [114.2200757, 30.5358758], [114.2198315, 30.5361227], [114.2195913, 30.5364694]]]}, "properties": {"id": 18081, "block_id": 18081, "area_sqm": 50936, "poi_count": 149, "dominant_category": "购物服务", "category_entropy": 2.254, "street_block_id": 9095}}, {"type": "Feature", "geometry": {"type": "Polygon", "coordinates": [[[114.2064932, 30.5358013], [114.2047401, 30.5366073], [114.2031984, 30.5343687], [114.2038683, 30.5341123], [114.2049601, 30.5335709], [114.205721, 30.5331221], [114.2068435, 30.5324916], [114.2068787, 30.532581], [114.2071075, 30.5332487], [114.207271, 30.5341779], [114.2073223, 30.5348577], [114.2073669, 30.5353743], [114.2064932, 30.5358013]]]}, "properties": {"id": 18104, "block_id": 18104, "area_sqm": 102818, "poi_count": 6, "dominant_category": "公司企业", "category_entropy": 1.792, "street_block_id": 8967}}, {"type": "Feature", "geometry": {"type": "Polygon", "coordinates": [[[114.2227736, 30.5365223], [114.2225988, 30.536608], [114.2218254, 30.5354947], [114.2217766, 30.5353686], [114.2217537, 30.5352962], [114.2218028, 30.5352579], [114.2218549, 30.5351749], [114.2218718, 30.5350817], [114.2218656, 30.5350535], [114.2219054, 30.5349887], [114.2219621, 30.5349338], [114.2225708, 30.5346321], [114.2227442, 30.5345619], [114.2228895, 30.5345532], [114.2232406, 30.5350649], [114.2238528, 30.5358448], [114.223915234, 30.535938823], [114.223531, 30.5361269], [114.2227736, 30.5365223]]]}, "properties": {"id": 18105, "block_id": 18105, "area_sqm": 26484, "poi_count": 2, "dominant_category": "公共设施", "category_entropy": 0.693, "street_block_id": 9100}}, {"type": "Feature", "geometry": {"type": "Polygon", "coordinates": [[[114.2216149, 30.5371044], [114.2208302, 30.5377256], [114.219774, 30.5366728], [114.2196393, 30.536537], [114.2196482, 30.5365271], [114.2197996, 30.5362721], [114.2200473, 30.5360099], [114.2203553, 30.5357417], [114.2206773, 30.5355344], [114.2210737, 30.5353545], [114.2212224, 30.5353057], [114.2213392, 30.5352983], [114.2214265, 30.5353439], [114.221526, 30.5353638], [114.2215571, 30.5353614], [114.2216791, 30.5354317], [114.2217522, 30.5354947], [114.2225046, 30.5366542], [114.2220763, 30.5368641], [114.2216149, 30.5371044]]]}, "properties": {"id": 18224, "block_id": 18224, "area_sqm": 41426, "poi_count": 18, "dominant_category": "生活服务", "category_entropy": 1.923, "street_block_id": 9103}}, {"type": "Feature", "geometry": {"type": "Polygon", "coordinates": [[[114.2132966, 30.5378469], [114.2131553, 30.5378501], [114.2133102, 30.5373489], [114.213399, 30.5365847], [114.2134125, 30.5363581], [114.2136466, 30.5363347], [114.2143012, 30.5362717], [114.2149151, 30.5362156], [114.2153501, 30.5361316], [114.2158257, 30.5360055], [114.2161988, 30.5358936], [114.2162383, 30.5360722], [114.2162663, 30.5366153], [114.2162336, 30.5371382], [114.2161589, 30.5375323], [114.2161183, 30.5376915], [114.2160005, 30.537682], [114.2154214, 30.5376779], [114.2132966, 30.5378469]]]}, "properties": {"id": 18237, "block_id": 18237, "area_sqm": 47916, "poi_count": 33, "dominant_category": "生活服务", "category_entropy": 1.743, "street_block_id": 9105}}, {"type": "Feature", "geometry": {"type": "Polygon", "coordinates": [[[114.2025558, 30.5376494], [114.2009209, 30.538187], [114.1992189, 30.5350906], [114.2012796, 30.5347534], [114.2023413, 30.5345642], [114.2031984, 30.5343687], [114.2047401, 30.5366073], [114.2025558, 30.5376494]]]}, "properties": {"id": 18281, "block_id": 18281, "area_sqm": 132314, "poi_count": 203, "dominant_category": "购物服务", "category_entropy": 2.295, "street_block_id": 8968}}, {"type": "Feature", "geometry": {"type": "Polygon", "coordinates": [[[114.199463, 30.538481], [114.1984806, 30.5385503], [114.1985115, 30.5380904], [114.1992974, 30.5380211], [114.1995469, 30.5379726], [114.1995952, 30.5379171], [114.1996206, 30.5378109], [114.1996703, 30.5377335], [114.1997293, 30.53767], [114.1997574, 30.5376226], [114.1997655, 30.537551], [114.1992465, 30.5366188], [114.1992116, 30.536568], [114.1991419, 30.5365611], [114.1990238, 30.5365911], [114.1988844, 30.536672], [114.1987503, 30.5366881], [114.1986483, 30.536635], [114.1985947, 30.5365403], [114.1985062, 30.5363508], [114.1978115, 30.5364409], [114.1973931, 30.5365149], [114.1971329, 30.536538], [114.1964768, 30.5367087], [114.195866, 30.5356782], [114.1961187, 30.5356011], [114.1967638, 30.5354587], [114.1977764, 30.5353004], [114.1982608, 30.535245], [114.1990995, 30.5351174], [114.2008172, 30.5382294], [114.2003481, 30.5383388], [114.199463, 30.538481]]]}, "properties": {"id": 18318, "block_id": 18318, "area_sqm": 65472, "poi_count": 43, "dominant_category": "购物服务", "category_entropy": 2.162, "street_block_id": 8970}}, {"type": "Feature", "geometry": {"type": "Polygon", "coordinates": [[[114.1981412, 30.5392133], [114.197880963, 30.539241094], [114.1978503, 30.5391608], [114.1975983, 30.5386008], [114.1984806, 30.5385503], [114.199463, 30.538481], [114.2003481, 30.5383388], [114.2008172, 30.5382294], [114.2010914, 30.5387289], [114.2010674, 30.5388015], [114.2010397, 30.5388705], [114.201012, 30.5389209], [114.2009113, 30.5390074], [114.2007248, 30.5390395], [114.2003709, 30.5390822], [114.1981412, 30.5392133]]]}, "properties": {"id": 18433, "block_id": 18433, "area_sqm": 23672, "poi_count": 2, "dominant_category": "交通设施服务", "category_entropy": 0.693, "street_block_id": 8971}}, {"type": "Feature", "geometry": {"type": "Polygon", "coordinates": [[[114.219276, 30.5389803], [114.2186164, 30.5393242], [114.2185071, 30.5391955], [114.2182549, 30.5387853], [114.2181288, 30.5384796], [114.2180541, 30.5381055], [114.2179698, 30.5376652], [114.2181079, 30.5376316], [114.2186883, 30.5373725], [114.2190422, 30.5371591], [114.2193112, 30.5369], [114.2195945, 30.5365866], [114.2207674, 30.5377753], [114.2201558, 30.5382595], [114.219276, 30.5389803]]]}, "properties": {"id": 18450, "block_id": 18450, "area_sqm": 42241, "poi_count": 10, "dominant_category": "通行设施", "category_entropy": 1.696, "street_block_id": 5131}}, {"type": "Feature", "geometry": {"type": "Polygon", "coordinates": [[[114.2128152, 30.5385797], [114.2124901, 30.5393313], [114.2114118, 30.5390126], [114.2106849, 30.5388117], [114.2100867, 30.5387216], [114.2097005, 30.5387031], [114.2093444, 30.5387331], [114.2088322, 30.5388492], [114.2083445, 30.5390238], [114.2082087, 30.5388027], [114.2079185, 30.5382327], [114.207738, 30.5377907], [114.2076495, 30.537495], [114.2075999, 30.5371871], [114.2075422, 30.5363329], [114.207941, 30.5361395], [114.2083086, 30.535962], [114.2090136, 30.5356229], [114.2092332, 30.5355172], [114.2109454, 30.5346938], [114.2115033, 30.5344119], [114.211993823, 30.534151581], [114.212309, 30.5340018], [114.2127453, 30.5337873], [114.2128106, 30.5340264], [114.212918, 30.5342477], [114.2129791, 30.5344095], [114.2112648, 30.5352533], [114.2112293, 30.535271], [114.2098607, 30.5359576], [114.209777, 30.5359968], [114.210886, 30.5371456], [114.2112768, 30.5374531], [114.2116466, 30.5376778], [114.2119561, 30.5377839], [114.2122914, 30.5378753], [114.2126497, 30.5379172], [114.2129019, 30.5379222], [114.2130421, 30.5379157], [114.21296, 30.5381574], [114.2128152, 30.5385797]]]}, "properties": {"id": 18452, "block_id": 18452, "area_sqm": 145722, "poi_count": 10, "dominant_category": "地名地址信息", "category_entropy": 1.609, "street_block_id": 5130}}, {"type": "Feature", "geometry": {"type": "Polygon", "coordinates": [[[114.2167279, 30.5398673], [114.2158696, 30.5399505], [114.2157946, 30.539949], [114.2157339, 30.5395193], [114.2157293, 30.539274], [114.2158367, 30.5387953], [114.2161012, 30.5377586], [114.216536, 30.5377963], [114.2169372, 30.5378111], [114.2172037, 30.5377987], [114.2175562, 30.5377543], [114.2179698, 30.5376652], [114.2180541, 30.5381055], [114.2181288, 30.5384796], [114.2182549, 30.5387853], [114.2185071, 30.5391955], [114.2186164, 30.5393242], [114.2181056, 30.5395177], [114.2177472, 30.5396318], [114.2172992, 30.5397472], [114.2167279, 30.5398673]]]}, "properties": {"id": 18550, "block_id": 18550, "area_sqm": 50410, "poi_count": 3, "dominant_category": "商务住宅", "category_entropy": 1.099, "street_block_id": 5133}}, {"type": "Feature", "geometry": {"type": "Polygon", "coordinates": [[[114.2070284, 30.5594519], [114.2064657, 30.5595258], [114.2063897, 30.5593396], [114.20543, 30.5570911], [114.207916, 30.556046], [114.208903, 30.5575057], [114.2097901, 30.5585842], [114.209896021, 30.558727265], [114.2092254, 30.5588937], [114.2082415, 30.5591598], [114.207794159, 30.559304282], [114.2070284, 30.5594519]]]}, "properties": {"id": 20943, "block_id": 20943, "area_sqm": 95418, "poi_count": 249, "dominant_category": "购物服务", "category_entropy": 1.791, "street_block_id": 9118}}, {"type": "Feature", "geometry": {"type": "Polygon", "coordinates": [[[114.2052129, 30.5644577], [114.204912178, 30.564565544], [114.204875869, 30.56449045], [114.2051553, 30.5643902], [114.2068599, 30.5637842], [114.2073875, 30.5635967], [114.207743, 30.5634701], [114.2079996, 30.5633818], [114.2081401, 30.5633371], [114.2083378, 30.5632714], [114.2095307, 30.5628753], [114.211817, 30.562267], [114.2118543, 30.5623363], [114.2095556, 30.5629631], [114.2092841, 30.5630525], [114.2081479, 30.5634264], [114.2079345, 30.5634969], [114.2069103, 30.5638559], [114.2053055, 30.5644179], [114.2052129, 30.5644577]]]}, "properties": {"id": 21620, "block_id": 21620, "area_sqm": 6566, "poi_count": 5, "dominant_category": "交通设施服务", "category_entropy": 0.95, "street_block_id": null}}, {"type": "Feature", "geometry": {"type": "Polygon", "coordinates": [[[114.202995577, 30.560378603], [114.2028196, 30.5604083], [114.2027778, 30.5603043], [114.202928979, 30.560223626], [114.202995577, 30.560378603]]]}, "properties": {"id": 21079, "block_id": 21079, "area_sqm": 257, "poi_count": 2, "dominant_category": "地名地址信息", "category_entropy": 0.0, "street_block_id": null}}, {"type": "Feature", "geometry": {"type": "Polygon", "coordinates": [[[114.2038274, 30.5431283], [114.2036427, 30.5432888], [114.203134, 30.5423062], [114.2023817, 30.5408666], [114.2018444, 30.5398692], [114.2014733, 30.5391932], [114.2019492, 30.5390231], [114.2025769, 30.5387459], [114.2074391, 30.536383], [114.2074578, 30.5367361], [114.2074764, 30.5371544], [114.2075839, 30.5376371], [114.2077426, 30.5380031], [114.2079248, 30.5384254], [114.2081116, 30.5387553], [114.2082885, 30.5390438], [114.2078167, 30.5392127], [114.2065764, 30.5397066], [114.2061186, 30.5399782], [114.2057469, 30.5402539], [114.2053491, 30.5407146], [114.2051323, 30.5410759], [114.2040468, 30.5428335], [114.2038274, 30.5431283]]]}, "properties": {"id": 19047, "block_id": 19047, "area_sqm": 210447, "poi_count": 68, "dominant_category": "地名地址信息", "category_entropy": 2.104, "street_block_id": 5161}}, {"type": "Feature", "geometry": {"type": "Polygon", "coordinates": [[[114.2018123, 30.5474307], [114.2007427, 30.547949], [114.2002475, 30.5463769], [114.1997209, 30.5451146], [114.199674, 30.545049], [114.1994214, 30.5446952], [114.1991854, 30.5441686], [114.1984396, 30.5412463], [114.1981444, 30.5400893], [114.1980226, 30.5396121], [114.197996357, 30.539543315], [114.1981486, 30.5395396], [114.1986662, 30.5395157], [114.200407, 30.5393963], [114.2006935, 30.5393592], [114.2009813, 30.539307], [114.2011598, 30.5393243], [114.2013016, 30.5393535], [114.2014843, 30.5394444], [114.2017405, 30.5399111], [114.2022773, 30.5409077], [114.2030291, 30.5423464], [114.2035319, 30.5433325], [114.2035893, 30.543445], [114.2037996, 30.5438843], [114.2045859, 30.5455104], [114.2055486, 30.5474151], [114.2055484, 30.5475707], [114.2055307, 30.54765], [114.2054883, 30.5477018], [114.2053962, 30.5477475], [114.2052865, 30.5477627], [114.2051874, 30.547761], [114.205146, 30.5477318], [114.2049456, 30.5476025], [114.204685, 30.5474672], [114.2040748, 30.5472369], [114.2037999, 30.5471893], [114.2034896, 30.5471599], [114.2030105, 30.5471602], [114.2026897, 30.5471835], [114.2023901, 30.5472464], [114.2021083, 30.5473233], [114.2018123, 30.5474307]]]}, "properties": {"id": 19563, "block_id": 19563, "area_sqm": 374739, "poi_count": 192, "dominant_category": "生活服务", "category_entropy": 2.398, "street_block_id": 5163}}, {"type": "Feature", "geometry": {"type": "Polygon", "coordinates": [[[114.2169415, 30.5487785], [114.2168081, 30.5488454], [114.2166624, 30.5486765], [114.2161202, 30.5481086], [114.216835, 30.5475939], [114.2174521, 30.5471602], [114.2178117, 30.546947], [114.2180498, 30.5468545], [114.2184842, 30.546746], [114.2188251, 30.5467258], [114.219236, 30.5467138], [114.2198665, 30.5468183], [114.2219633, 30.5472044], [114.2221828, 30.5472849], [114.2222902, 30.5473693], [114.2223556, 30.5474739], [114.2224957, 30.5479404], [114.2225424, 30.5480973], [114.2212578, 30.5483576], [114.2211134, 30.5483869], [114.2207284, 30.5484392], [114.218568, 30.5485778], [114.2181243, 30.5486005], [114.2175701, 30.5486361], [114.2169415, 30.5487785]]]}, "properties": {"id": 19664, "block_id": 19664, "area_sqm": 93846, "poi_count": 40, "dominant_category": "购物服务", "category_entropy": 2.101, "street_block_id": 5137}}, {"type": "Feature", "geometry": {"type": "Polygon", "coordinates": [[[114.232741056, 30.548871491], [114.232562714, 30.548962257], [114.2322792, 30.5485345], [114.2319998, 30.5481138], [114.223953146, 30.535995916], [114.22406874, 30.535933951], [114.2244436, 30.5364298], [114.2255364, 30.5380906], [114.2272038, 30.5406228], [114.2289171, 30.54317], [114.230172, 30.5450584], [114.2315508, 30.5472056], [114.2323642, 30.5484309], [114.232553, 30.5486014], [114.232615, 30.5486904], [114.232741056, 30.548871491]]]}, "properties": {"id": 19685, "block_id": 19685, "area_sqm": 25752, "poi_count": 3, "dominant_category": "地名地址信息", "category_entropy": 0.0, "street_block_id": 20622}}, {"type": "Feature", "geometry": {"type": "Polygon", "coordinates": [[[114.197794, 30.5493873], [114.1976737, 30.5494147], [114.197568, 30.5494018], [114.196733, 30.5482445], [114.1959422, 30.5471484], [114.1997209, 30.5451146], [114.2002475, 30.5463769], [114.2007427, 30.547949], [114.1999543, 30.548353], [114.1997123, 30.5484028], [114.1993831, 30.5485735], [114.197925, 30.5493172], [114.1978708, 30.5493462], [114.197794, 30.5493873]]]}, "properties": {"id": 19723, "block_id": 19723, "area_sqm": 120772, "poi_count": 399, "dominant_category": "购物服务", "category_entropy": 1.762, "street_block_id": 5164}}, {"type": "Feature", "geometry": {"type": "Polygon", "coordinates": [[[114.2221551, 30.549883], [114.219195, 30.5505463], [114.218568, 30.5485778], [114.2207284, 30.5484392], [114.2211134, 30.5483869], [114.2212578, 30.5483576], [114.2212628, 30.548411], [114.2213702, 30.548604], [114.2221551, 30.549883]]]}, "properties": {"id": 19822, "block_id": 19822, "area_sqm": 55220, "poi_count": 124, "dominant_category": "购物服务", "category_entropy": 2.265, "street_block_id": 5138}}, {"type": "Feature", "geometry": {"type": "Polygon", "coordinates": [[[114.2033368, 30.5506396], [114.2026068, 30.5509142], [114.2007883, 30.5480215], [114.2015456, 30.5476134], [114.2019986, 30.5474305], [114.2023808, 30.5473086], [114.2027631, 30.5472324], [114.2031312, 30.5472202], [114.2035559, 30.5472263], [114.2038885, 30.5472781], [114.2042035, 30.5473574], [114.2044477, 30.5474488], [114.2048017, 30.5476073], [114.2051131, 30.5477902], [114.205421, 30.5480614], [114.2056794, 30.5483236], [114.2059979, 30.5487015], [114.2062917, 30.5490856], [114.2064125, 30.5491403], [114.206366, 30.5492532], [114.2063273, 30.5493491], [114.2062537, 30.5495091], [114.2052506, 30.5498897], [114.2033368, 30.5506396]]]}, "properties": {"id": 19841, "block_id": 19841, "area_sqm": 135294, "poi_count": 197, "dominant_category": "餐饮服务", "category_entropy": 2.404, "street_block_id": 5166}}, {"type": "Feature", "geometry": {"type": "Polygon", "coordinates": [[[114.2384222, 30.5509178], [114.238312767, 30.551019631], [114.2383657, 30.5509451], [114.2386089, 30.5506028], [114.2390142, 30.5499456], [114.2390696, 30.5498417], [114.2393345, 30.549411], [114.2394808, 30.5492424], [114.2397695, 30.5489563], [114.2401036, 30.5487231], [114.2403271, 30.5485839], [114.2403607, 30.548563], [114.240522999, 30.548500598], [114.2404689, 30.5485741], [114.2401255, 30.5490148], [114.2397776, 30.5494191], [114.239427, 30.5498351], [114.2386836, 30.5506577], [114.2384222, 30.5509178]]]}, "properties": {"id": 19851, "block_id": 19851, "area_sqm": 7294, "poi_count": 6, "dominant_category": "交通设施服务", "category_entropy": 0.451, "street_block_id": 9301}}, {"type": "Feature", "geometry": {"type": "Polygon", "coordinates": [[[114.219195, 30.5505463], [114.215942, 30.5513218], [114.2156844, 30.5504808], [114.2156927, 30.5500179], [114.2158829, 30.5495905], [114.2160979, 30.5493127], [114.2164867, 30.5490065], [114.2168081, 30.5488454], [114.2169415, 30.5487785], [114.2175701, 30.5486361], [114.2181243, 30.5486005], [114.218568, 30.5485778], [114.219195, 30.5505463]]]}, "properties": {"id": 19874, "block_id": 19874, "area_sqm": 71621, "poi_count": 166, "dominant_category": "生活服务", "category_entropy": 2.251, "street_block_id": 5140}}, {"type": "Feature", "geometry": {"type": "Polygon", "coordinates": [[[114.233982, 30.5525288], [114.2338028, 30.5525429], [114.2336381, 30.5525234], [114.2334999, 30.5524743], [114.2333991, 30.5524016], [114.2333235, 30.5522997], [114.2332702, 30.5521916], [114.2332526, 30.5520697], [114.2332675, 30.5519548], [114.2333169, 30.5518413], [114.2333788, 30.551752], [114.2334797, 30.5516711], [114.2336084, 30.5516188], [114.2337678, 30.5515896], [114.2339236, 30.5515966], [114.2340605, 30.5516384], [114.2341763, 30.5517017], [114.2342661, 30.5517743], [114.2344225, 30.5519662], [114.234542447, 30.552123979], [114.2346895, 30.5523531], [114.2346153, 30.5523825], [114.234468988, 30.552439025], [114.2342208, 30.5524739], [114.233982, 30.5525288]]]}, "properties": {"id": 20023, "block_id": 20023, "area_sqm": 10338, "poi_count": 1, "dominant_category": "地名地址信息", "category_entropy": 0.0, "street_block_id": 9194}}, {"type": "Feature", "geometry": {"type": "Polygon", "coordinates": [[[114.2351759, 30.552192], [114.235089953, 30.552217817], [114.2350388, 30.5521089], [114.2349255, 30.5518028], [114.2348487, 30.5516498], [114.2347832, 30.551543], [114.2346991, 30.5514474], [114.234599, 30.5513671], [114.2344861, 30.5513032], [114.234375987, 30.551262611], [114.2338675, 30.5504934], [114.233186, 30.5495965], [114.2333083, 30.549525], [114.232855, 30.5488135], [114.2327316, 30.548638], [114.232615, 30.5486904], [114.232553, 30.5486014], [114.2323642, 30.5484309], [114.2315508, 30.5472056], [114.230172, 30.5450584], [114.2289171, 30.54317], [114.2272038, 30.5406228], [114.2255364, 30.5380906], [114.2244436, 30.5364298], [114.22406874, 30.535933951], [114.2242302, 30.5358474], [114.2244972, 30.5357289], [114.224802, 30.5354951], [114.2252136, 30.5349934], [114.2253877, 30.5347812], [114.2257572, 30.5343123], [114.2260977, 30.5339614], [114.2264563, 30.5337398], [114.2269988, 30.5335528], [114.2275193, 30.5334862], [114.2279608, 30.5334369], [114.2288491, 30.5333377], [114.2296348, 30.5331516], [114.230493, 30.5328559], [114.2310921, 30.5325404], [114.2341891, 30.5309522], [114.2347387, 30.5306703], [114.2348434, 30.5309002], [114.2359095, 30.5338301], [114.2360629, 30.534106], [114.2401451, 30.5321071], [114.2414501, 30.5346029], [114.2419337, 30.5355094], [114.2421751, 30.5361014], [114.242265, 30.5365926], [114.2422482, 30.5373895], [114.2420771, 30.5394151], [114.2420436, 30.5398115], [114.2420386, 30.5398707], [114.2418822, 30.5422286], [114.2420035, 30.5434936], [114.2420658, 30.5441745], [114.24208839, 30.544381861], [114.2420355, 30.5444913], [114.2418833, 30.5448273], [114.2417666, 30.5451364], [114.241674, 30.5454102], [114.2416043, 30.5456613], [114.2415397, 30.545945], [114.2413771, 30.5468057], [114.2413017, 30.5471113], [114.2411949, 30.5474288], [114.241019, 30.5477786], [114.240789, 30.5481392], [114.240522999, 30.548500598], [114.2403607, 30.548563], [114.2403271, 30.5485839], [114.2401036, 30.5487231], [114.2397695, 30.5489563], [114.2394808, 30.5492424], [114.2393345, 30.549411], [114.2390696, 30.5498417], [114.2390142, 30.5499456], [114.2386089, 30.5506028], [114.2383657, 30.5509451], [114.2377019, 30.5514787], [114.2372566, 30.5516959], [114.2369056, 30.5518176], [114.2361569, 30.5519951], [114.2355219, 30.5521215], [114.2351759, 30.552192]]]}, "properties": {"id": 19958, "block_id": 19958, "area_sqm": 2541031, "poi_count": 378, "dominant_category": "风景名胜", "category_entropy": 2.576, "street_block_id": 5127}}, {"type": "Feature", "geometry": {"type": "Polygon", "coordinates": [[[114.2232568, 30.5524903], [114.2199121, 30.5529287], [114.2195705, 30.5518676], [114.219195, 30.5505463], [114.2221551, 30.549883], [114.2223229, 30.5501564], [114.2228646, 30.5511297], [114.2229954, 30.5513871], [114.2230981, 30.5516284], [114.2232149, 30.552308], [114.2232568, 30.5524903]]]}, "properties": {"id": 20082, "block_id": 20082, "area_sqm": 92521, "poi_count": 116, "dominant_category": "餐饮服务", "category_entropy": 2.079, "street_block_id": 5121}}, {"type": "Feature", "geometry": {"type": "Polygon", "coordinates": [[[114.206253, 30.5528492], [114.203891, 30.5537628], [114.2026068, 30.5509142], [114.2033368, 30.5506396], [114.2052506, 30.5498897], [114.2062537, 30.5495091], [114.2063935, 30.5494762], [114.2065121, 30.5494738], [114.2066557, 30.5495353], [114.2085175, 30.5519703], [114.206253, 30.5528492]]]}, "properties": {"id": 20144, "block_id": 20144, "area_sqm": 152103, "poi_count": 264, "dominant_category": "生活服务", "category_entropy": 2.299, "street_block_id": 5112}}, {"type": "Feature", "geometry": {"type": "Polygon", "coordinates": [[[114.2255737, 30.5536707], [114.2235871, 30.553924], [114.2232568, 30.5524903], [114.2247398, 30.5522961], [114.2251147, 30.5523008], [114.2253855, 30.5523732], [114.2255957, 30.5524778], [114.2263329, 30.5530741], [114.2255737, 30.5536707]]]}, "properties": {"id": 20162, "block_id": 20162, "area_sqm": 37905, "poi_count": 75, "dominant_category": "购物服务", "category_entropy": 2.329, "street_block_id": 5128}}, {"type": "Feature", "geometry": {"type": "Polygon", "coordinates": [[[114.23157, 30.5538337], [114.231290798, 30.553934213], [114.2312907, 30.5522416], [114.2311973, 30.5516825], [114.2311286, 30.5515383], [114.231277, 30.5514471], [114.2315143, 30.5511514], [114.2317898, 30.5508485], [114.2318167, 30.5508242], [114.2319635, 30.5506916], [114.2323492, 30.5504324], [114.2327561, 30.5501952], [114.2329003, 30.5501344], [114.2329553, 30.5501112], [114.233089129, 30.550033303], [114.2331392, 30.5501251], [114.233185, 30.5502398], [114.2332197, 30.5503634], [114.2332304, 30.5504889], [114.2332268, 30.5505967], [114.2332121, 30.5507371], [114.2331739, 30.5508701], [114.2331338, 30.5510017], [114.232961, 30.5515352], [114.2329197, 30.5516777], [114.2328855, 30.5518245], [114.232871, 30.5519764], [114.2328925, 30.5521315], [114.2329354, 30.552266], [114.23298437, 30.55235578], [114.2329576, 30.5525959], [114.2328817, 30.5527807], [114.23279, 30.552939], [114.2326888, 30.5530727], [114.2325461, 30.5532174], [114.2323932, 30.5533372], [114.2321858, 30.553494], [114.2318826, 30.5536986], [114.23157, 30.5538337]]]}, "properties": {"id": 20164, "block_id": 20164, "area_sqm": 53095, "poi_count": 10, "dominant_category": "地名地址信息", "category_entropy": 1.696, "street_block_id": 9193}}, {"type": "Feature", "geometry": {"type": "Polygon", "coordinates": [[[114.2433924, 30.5539933], [114.2422223, 30.5542314], [114.2416711, 30.5531037], [114.2408823, 30.5526309], [114.2405781, 30.5518287], [114.2385643, 30.5522297], [114.2382342, 30.5514988], [114.238235905, 30.551482982], [114.2383925, 30.5513292], [114.2385549, 30.5511394], [114.2386937, 30.5509598], [114.2387611, 30.5508657], [114.2389753, 30.5505144], [114.2395465, 30.5499034], [114.2398954, 30.5494953], [114.2402369, 30.5490695], [114.2405734, 30.5486316], [114.240722629, 30.548423844], [114.2409498, 30.5483365], [114.2412879, 30.5482616], [114.2430714, 30.5480101], [114.2434372, 30.5490028], [114.2436034, 30.5494721], [114.2439316, 30.5505072], [114.2445644, 30.5525574], [114.2448909, 30.5536314], [114.2449167, 30.553698], [114.2448, 30.553724], [114.2447728, 30.5537301], [114.2447024, 30.5537458], [114.2433924, 30.5539933]]]}, "properties": {"id": 20206, "block_id": 20206, "area_sqm": 247531, "poi_count": 512, "dominant_category": "购物服务", "category_entropy": 2.386, "street_block_id": 9307}}, {"type": "Feature", "geometry": {"type": "Polygon", "coordinates": [[[114.2179277, 30.5533041], [114.2182647, 30.5544227], [114.2169076, 30.5543939], [114.2165775, 30.553221], [114.2178259, 30.5529575], [114.2179277, 30.5533041]]]}, "properties": {"id": 20228, "block_id": 20228, "area_sqm": 18742, "poi_count": 77, "dominant_category": "地名地址信息", "category_entropy": 1.367, "street_block_id": 5098}}, {"type": "Feature", "geometry": {"type": "Polygon", "coordinates": [[[114.2199339, 30.5530057], [114.2203866, 30.5544486], [114.2184794, 30.5544244], [114.2182647, 30.5544227], [114.2179277, 30.5533041], [114.2199121, 30.5529287], [114.2199339, 30.5530057]]]}, "properties": {"id": 20230, "block_id": 20230, "area_sqm": 29537, "poi_count": 193, "dominant_category": "地名地址信息", "category_entropy": 1.886, "street_block_id": 5099}}, {"type": "Feature", "geometry": {"type": "Polygon", "coordinates": [[[114.2273586, 30.5545135], [114.225765, 30.5547143], [114.2255737, 30.5536707], [114.2263329, 30.5530741], [114.2270574, 30.5536602], [114.2273236, 30.5539457], [114.2273703, 30.5540261], [114.227501, 30.5543277], [114.2275394, 30.5544904], [114.2273586, 30.5545135]]]}, "properties": {"id": 20254, "block_id": 20254, "area_sqm": 21860, "poi_count": 47, "dominant_category": "政府机构及社会团体", "category_entropy": 2.204, "street_block_id": 5083}}, {"type": "Feature", "geometry": {"type": "Polygon", "coordinates": [[[114.2422223, 30.5542314], [114.2398821, 30.5549051], [114.2385643, 30.5522297], [114.2405781, 30.5518287], [114.2408823, 30.5526309], [114.2416711, 30.5531037], [114.2422223, 30.5542314]]]}, "properties": {"id": 20270, "block_id": 20270, "area_sqm": 67477, "poi_count": 142, "dominant_category": "购物服务", "category_entropy": 2.324, "street_block_id": 9312}}, {"type": "Feature", "geometry": {"type": "Polygon", "coordinates": [[[114.225765, 30.5547143], [114.2239746, 30.5549091], [114.2235871, 30.553924], [114.2255737, 30.5536707], [114.225765, 30.5547143]]]}, "properties": {"id": 20271, "block_id": 20271, "area_sqm": 21065, "poi_count": 81, "dominant_category": "生活服务", "category_entropy": 2.184, "street_block_id": 5084}}, {"type": "Feature", "geometry": {"type": "Polygon", "coordinates": [[[114.203891, 30.5537628], [114.2009041, 30.554926], [114.2006469, 30.5543517], [114.20044, 30.5538895], [114.2001984, 30.55344], [114.2001578, 30.5533752], [114.1995002, 30.5522324], [114.1995166, 30.5521226], [114.199547, 30.5520712], [114.1999232, 30.5519267], [114.2009305, 30.5515238], [114.2020273, 30.5511321], [114.2026068, 30.5509142], [114.203891, 30.5537628]]]}, "properties": {"id": 20274, "block_id": 20274, "area_sqm": 109003, "poi_count": 324, "dominant_category": "生活服务", "category_entropy": 2.323, "street_block_id": 8991}}, {"type": "Feature", "geometry": {"type": "Polygon", "coordinates": [[[114.2208478, 30.5553801], [114.220687674, 30.555400545], [114.2203866, 30.5544486], [114.2199339, 30.5530057], [114.2199121, 30.5529287], [114.2232568, 30.5524903], [114.2235871, 30.553924], [114.2239746, 30.5549091], [114.2221242, 30.5551729], [114.2214269, 30.5552976], [114.22104812, 30.555372299], [114.2208478, 30.5553801]]]}, "properties": {"id": 20324, "block_id": 20324, "area_sqm": 88718, "poi_count": 109, "dominant_category": "购物服务", "category_entropy": 2.498, "street_block_id": 5080}}, {"type": "Feature", "geometry": {"type": "Polygon", "coordinates": [[[114.2005551, 30.5550962], [114.1994701, 30.5556848], [114.1993467, 30.5553572], [114.1990245, 30.554569], [114.1987443, 30.5540784], [114.1978842, 30.552742], [114.1990429, 30.5522729], [114.1997635, 30.5535114], [114.2002629, 30.5544499], [114.2004185, 30.5548066], [114.2005551, 30.5550962]]]}, "properties": {"id": 20363, "block_id": 20363, "area_sqm": 41481, "poi_count": 771, "dominant_category": "购物服务", "category_entropy": 1.967, "street_block_id": 8992}}, {"type": "Feature", "geometry": {"type": "Polygon", "coordinates": [[[114.2398821, 30.5549051], [114.2375224, 30.5557673], [114.2373554, 30.5557655], [114.2372409, 30.5557496], [114.2371412, 30.5557241], [114.2370674, 30.5556907], [114.2365385, 30.5547856], [114.236127296, 30.554010741], [114.2360793, 30.5538851], [114.2360144, 30.5536802], [114.2359858, 30.5535023], [114.2359732, 30.5533317], [114.2359897, 30.553153], [114.2360285, 30.552987], [114.2361025, 30.5528076], [114.2362032, 30.5526463], [114.2363238, 30.5524993], [114.2364852, 30.5523559], [114.236525932, 30.55232756], [114.2367677, 30.5522665], [114.2370697, 30.5521718], [114.23731, 30.5520727], [114.237544, 30.5519521], [114.2377866, 30.5518118], [114.2380183, 30.5516492], [114.2382144, 30.5515041], [114.238235905, 30.551482982], [114.2382342, 30.5514988], [114.2385643, 30.5522297], [114.2398821, 30.5549051]]]}, "properties": {"id": 20382, "block_id": 20382, "area_sqm": 108374, "poi_count": 34, "dominant_category": "汽车服务", "category_entropy": 2.37, "street_block_id": 9197}}, {"type": "Feature", "geometry": {"type": "Polygon", "coordinates": [[[114.2108926, 30.5550111], [114.207916, 30.556046], [114.2070791, 30.5544014], [114.2062893, 30.5529174], [114.2085774, 30.5520349], [114.2108926, 30.5550111]]]}, "properties": {"id": 20429, "block_id": 20429, "area_sqm": 105261, "poi_count": 184, "dominant_category": "地名地址信息", "category_entropy": 2.286, "street_block_id": 5118}}, {"type": "Feature", "geometry": {"type": "Polygon", "coordinates": [[[114.2299845, 30.5560209], [114.2287238, 30.5561771], [114.2287048, 30.5558345], [114.2286566, 30.5556045], [114.2284689, 30.5554983], [114.2283884, 30.5553228], [114.2284099, 30.5551241], [114.2285225, 30.5549717], [114.2286566, 30.5549116], [114.2286137, 30.5547361], [114.2287245, 30.554619], [114.2287148, 30.554499], [114.2304927, 30.5542865], [114.2309004, 30.5542334], [114.2312686, 30.5541772], [114.2316609, 30.5558634], [114.2299845, 30.5560209]]]}, "properties": {"id": 20460, "block_id": 20460, "area_sqm": 51511, "poi_count": 98, "dominant_category": "地名地址信息", "category_entropy": 1.564, "street_block_id": 5085}}, {"type": "Feature", "geometry": {"type": "Polygon", "coordinates": [[[114.2140142, 30.5558147], [114.2142073, 30.5562798], [114.2124622, 30.5560156], [114.2117666, 30.5562321], [114.2109498, 30.5549688], [114.2096233, 30.553248], [114.2086549, 30.5519839], [114.2086022, 30.5519174], [114.2066999, 30.5494654], [114.206483, 30.5491036], [114.2058706, 30.5478946], [114.2056091, 30.5473789], [114.2046782, 30.5454712], [114.2039034, 30.5438482], [114.2036966, 30.543402], [114.2038908, 30.5431953], [114.2041356, 30.5428583], [114.2045783, 30.5421529], [114.2052302, 30.5410974], [114.2053767, 30.5408677], [114.2056139, 30.5405242], [114.2057965, 30.5403359], [114.2062473, 30.5399692], [114.2066734, 30.5397364], [114.2076061, 30.5393465], [114.2083179, 30.5390855], [114.2083702, 30.5390663], [114.2085746, 30.5389913], [114.2092659, 30.5388173], [114.2097595, 30.5387609], [114.2102794, 30.5388085], [114.2107027, 30.538893], [114.2112616, 30.5390566], [114.2124538, 30.5394247], [114.2125499, 30.5394544], [114.2131487, 30.5396393], [114.2138687, 30.5398281], [114.2143944, 30.5399575], [114.2149416, 30.540036], [114.2158106, 30.5400406], [114.2166475, 30.5399621], [114.217774, 30.5397311], [114.2186607, 30.5393907], [114.2192921, 30.5390796], [114.2201236, 30.5384374], [114.2208519, 30.5378577], [114.2209133, 30.5378088], [114.2216793, 30.5371992], [114.2220606, 30.5369619], [114.2225537, 30.5367048], [114.2226432, 30.5366653], [114.2236034, 30.5361834], [114.223953146, 30.535995916], [114.2319998, 30.5481138], [114.2322792, 30.5485345], [114.2324186, 30.5489659], [114.232452051, 30.549018578], [114.2323239, 30.5490838], [114.2322408, 30.5489521], [114.2322174, 30.5489059], [114.2321764, 30.5489267], [114.2327772, 30.5498507], [114.232803, 30.549832], [114.2329086, 30.5499916], [114.2329167, 30.5500424], [114.232914, 30.5500909], [114.2329003, 30.5501344], [114.2327561, 30.5501952], [114.2323492, 30.5504324], [114.2319635, 30.5506916], [114.2318167, 30.5508242], [114.2317898, 30.5508485], [114.2315143, 30.5511514], [114.231277, 30.5514471], [114.2311286, 30.5515383], [114.2311973, 30.5516825], [114.2312907, 30.5522416], [114.231290798, 30.553934213], [114.23126, 30.5539453], [114.230877, 30.5540507], [114.230681738, 30.554091453], [114.2290779, 30.554294], [114.2275394, 30.5544904], [114.227501, 30.5543277], [114.2273703, 30.5540261], [114.2273236, 30.5539457], [114.2270574, 30.5536602], [114.2263329, 30.5530741], [114.2255957, 30.5524778], [114.2253855, 30.5523732], [114.2251147, 30.5523008], [114.2247398, 30.5522961], [114.2232568, 30.5524903], [114.2232149, 30.552308], [114.2230981, 30.5516284], [114.2229954, 30.5513871], [114.2228646, 30.5511297], [114.2223229, 30.5501564], [114.2221551, 30.549883], [114.2213702, 30.548604], [114.2212628, 30.548411], [114.2212578, 30.5483576], [114.2225424, 30.5480973], [114.2224957, 30.5479404], [114.2223556, 30.5474739], [114.2222902, 30.5473693], [114.2221828, 30.5472849], [114.2219633, 30.5472044], [114.2198665, 30.5468183], [114.219236, 30.5467138], [114.2188251, 30.5467258], [114.2184842, 30.546746], [114.2180498, 30.5468545], [114.2178117, 30.546947], [114.2174521, 30.5471602], [114.216835, 30.5475939], [114.2161202, 30.5481086], [114.2166624, 30.5486765], [114.2168081, 30.5488454], [114.2164867, 30.5490065], [114.2160979, 30.5493127], [114.2158829, 30.5495905], [114.2156927, 30.5500179], [114.2156844, 30.5504808], [114.215942, 30.5513218], [114.2165775, 30.553221], [114.2169076, 30.5543939], [114.2166202, 30.5544218], [114.21513, 30.5547984], [114.2147276, 30.5549], [114.2144594, 30.5550155], [114.2142663, 30.5551911], [114.2140356, 30.5554775], [114.2139713, 30.5556299], [114.2140142, 30.5558147]]]}, "properties": {"id": 20478, "block_id": 20478, "area_sqm": 3441208, "poi_count": 316, "dominant_category": "购物服务", "category_entropy": 2.519, "street_block_id": 20622}}, {"type": "Feature", "geometry": {"type": "Polygon", "coordinates": [[[114.2287238, 30.5561771], [114.2279034, 30.5562874], [114.2275825, 30.5546399], [114.2283986, 30.55454], [114.2284455, 30.5546744], [114.2286137, 30.5547361], [114.2286566, 30.5549116], [114.2285225, 30.5549717], [114.2284099, 30.5551241], [114.2283884, 30.5553228], [114.2284689, 30.5554983], [114.2286566, 30.5556045], [114.2287048, 30.5558345], [114.2287238, 30.5561771]]]}, "properties": {"id": 20480, "block_id": 20480, "area_sqm": 14699, "poi_count": 60, "dominant_category": "生活服务", "category_entropy": 2.137, "street_block_id": 5087}}, {"type": "Feature", "geometry": {"type": "Polygon", "coordinates": [[[114.217751, 30.556459], [114.2176386, 30.5566232], [114.2175969, 30.5564024], [114.2169076, 30.5543939], [114.2182647, 30.5544227], [114.2184794, 30.5544244], [114.2203866, 30.5544486], [114.220687674, 30.555400545], [114.2204656, 30.5554289], [114.2203028, 30.5554655], [114.2196551, 30.5556636], [114.2186075, 30.5560903], [114.217751, 30.556459]]]}, "properties": {"id": 20527, "block_id": 20527, "area_sqm": 53991, "poi_count": 156, "dominant_category": "地名地址信息", "category_entropy": 0.586, "street_block_id": 5100}}, {"type": "Feature", "geometry": {"type": "Polygon", "coordinates": [[[114.2267512, 30.5564874], [114.2248692, 30.5568667], [114.2245796, 30.5564879], [114.2241487, 30.5551827], [114.2247883, 30.5550941], [114.2260057, 30.5549254], [114.2270749, 30.5547678], [114.227427902, 30.554659586], [114.2275825, 30.5546399], [114.2279034, 30.5562874], [114.2267512, 30.5564874]]]}, "properties": {"id": 20563, "block_id": 20563, "area_sqm": 60315, "poi_count": 57, "dominant_category": "生活服务", "category_entropy": 2.322, "street_block_id": 5088}}, {"type": "Feature", "geometry": {"type": "Polygon", "coordinates": [[[114.207916, 30.556046], [114.20543, 30.5570911], [114.2049514, 30.5559697], [114.203927, 30.5538214], [114.2062893, 30.5529174], [114.2070791, 30.5544014], [114.207916, 30.556046]]]}, "properties": {"id": 20588, "block_id": 20588, "area_sqm": 98372, "poi_count": 124, "dominant_category": "地名地址信息", "category_entropy": 1.769, "street_block_id": 5117}}, {"type": "Feature", "geometry": {"type": "Polygon", "coordinates": [[[114.2248692, 30.5568667], [114.2214194, 30.5573658], [114.2207634, 30.5556157], [114.2210138, 30.5555477], [114.2219901, 30.5553675], [114.2231971, 30.5551989], [114.2241124, 30.5550727], [114.2241487, 30.5551827], [114.2245796, 30.5564879], [114.2248692, 30.5568667]]]}, "properties": {"id": 20608, "block_id": 20608, "area_sqm": 67752, "poi_count": 23, "dominant_category": "科教文化服务", "category_entropy": 2.076, "street_block_id": 5081}}, {"type": "Feature", "geometry": {"type": "Polygon", "coordinates": [[[114.2214194, 30.5573658], [114.220455, 30.557636], [114.2197075, 30.5572881], [114.2192392, 30.556179], [114.2204854, 30.5556932], [114.2206249, 30.5556516], [114.2207634, 30.5556157], [114.2214194, 30.5573658]]]}, "properties": {"id": 20639, "block_id": 20639, "area_sqm": 29123, "poi_count": 100, "dominant_category": "购物服务", "category_entropy": 1.605, "street_block_id": 9113}}, {"type": "Feature", "geometry": {"type": "Polygon", "coordinates": [[[114.2149574, 30.5576489], [114.2148131, 30.5576832], [114.2145114, 30.556921], [114.2142073, 30.5562798], [114.2140142, 30.5558147], [114.2139713, 30.5556299], [114.2140356, 30.5554775], [114.2142663, 30.5551911], [114.2144594, 30.5550155], [114.2147276, 30.5549], [114.21513, 30.5547984], [114.2166202, 30.5544218], [114.2169076, 30.5543939], [114.2175969, 30.5564024], [114.2176386, 30.5566232], [114.2174169, 30.5567019], [114.2163011, 30.5571662], [114.2154241, 30.5574826], [114.2149574, 30.5576489]]]}, "properties": {"id": 20643, "block_id": 20643, "area_sqm": 84185, "poi_count": 210, "dominant_category": "地名地址信息", "category_entropy": 1.186, "street_block_id": 5101}}, {"type": "Feature", "geometry": {"type": "Polygon", "coordinates": [[[114.1991231, 30.5584011], [114.1981075, 30.5587201], [114.1969033, 30.5572343], [114.1994938, 30.5557475], [114.1995755, 30.5559645], [114.2004187, 30.5580283], [114.1991231, 30.5584011]]]}, "properties": {"id": 20787, "block_id": 20787, "area_sqm": 61167, "poi_count": 156, "dominant_category": "餐饮服务", "category_entropy": 2.184, "street_block_id": 5148}}, {"type": "Feature", "geometry": {"type": "Polygon", "coordinates": [[[114.2302074, 30.558424], [114.2283925, 30.5587225], [114.2279034, 30.5562874], [114.2287238, 30.5561771], [114.2299845, 30.5560209], [114.2316609, 30.5558634], [114.2313108, 30.5580352], [114.2313341, 30.5580856], [114.2310342, 30.5582024], [114.2302074, 30.558424]]]}, "properties": {"id": 20788, "block_id": 20788, "area_sqm": 85387, "poi_count": 50, "dominant_category": "公司企业", "category_entropy": 2.208, "street_block_id": 9201}}, {"type": "Feature", "geometry": {"type": "Polygon", "coordinates": [[[114.210819, 30.5584982], [114.209896021, 30.558727265], [114.2097901, 30.5585842], [114.208903, 30.5575057], [114.207916, 30.556046], [114.2108926, 30.5550111], [114.2116814, 30.5562599], [114.2120771, 30.5570426], [114.2125545, 30.5582204], [114.2124412, 30.5581376], [114.2121403, 30.5581831], [114.2120822, 30.5581969], [114.210819, 30.5584982]]]}, "properties": {"id": 20789, "block_id": 20789, "area_sqm": 105476, "poi_count": 326, "dominant_category": "购物服务", "category_entropy": 0.968, "street_block_id": 5102}}, {"type": "Feature", "geometry": {"type": "Polygon", "coordinates": [[[114.21442, 30.5591238], [114.2137969, 30.5592824], [114.2137646, 30.5591809], [114.2136534, 30.5588614], [114.2140532, 30.5586799], [114.2142911, 30.5587441], [114.21442, 30.5591238]]]}, "properties": {"id": 20900, "block_id": 20900, "area_sqm": 3245, "poi_count": 1, "dominant_category": "商务住宅", "category_entropy": 0.0, "street_block_id": 9124}}, {"type": "Feature", "geometry": {"type": "Polygon", "coordinates": [[[114.2137646, 30.5591809], [114.2130968, 30.5593439], [114.212802, 30.5585812], [114.2127009, 30.5583321], [114.2138468, 30.5580628], [114.2140532, 30.5586799], [114.2136534, 30.5588614], [114.2137646, 30.5591809]]]}, "properties": {"id": 20921, "block_id": 20921, "area_sqm": 11323, "poi_count": 51, "dominant_category": "生活服务", "category_entropy": 1.483, "street_block_id": 9124}}, {"type": "Feature", "geometry": {"type": "Polygon", "coordinates": [[[114.2226851, 30.5596193], [114.2220711, 30.5597448], [114.2217817, 30.5583322], [114.2214194, 30.5573658], [114.2248692, 30.5568667], [114.2257163, 30.5591259], [114.2226851, 30.5596193]]]}, "properties": {"id": 20978, "block_id": 20978, "area_sqm": 90314, "poi_count": 231, "dominant_category": "购物服务", "category_entropy": 2.152, "street_block_id": 9120}}, {"type": "Feature", "geometry": {"type": "Polygon", "coordinates": [[[114.2035362, 30.5598831], [114.2033926, 30.5598834], [114.2032681, 30.5598709], [114.2031134, 30.5598191], [114.2030171, 30.5597612], [114.2029477, 30.5596941], [114.2028632, 30.5595827], [114.2021995, 30.5579972], [114.2020196, 30.5575708], [114.200933, 30.5549905], [114.203927, 30.5538214], [114.2049514, 30.5559697], [114.20543, 30.5570911], [114.2063897, 30.5593396], [114.2064657, 30.5595258], [114.2064303, 30.5595304], [114.2058696, 30.5595675], [114.2051374, 30.5596112], [114.2046466, 30.5596898], [114.204606006, 30.559699528], [114.2044332, 30.5597179], [114.2041153, 30.559765], [114.203784, 30.559848], [114.2035362, 30.5598831]]]}, "properties": {"id": 20995, "block_id": 20995, "area_sqm": 202526, "poi_count": 61, "dominant_category": "交通设施服务", "category_entropy": 2.15, "street_block_id": 5147}}, {"type": "Feature", "geometry": {"type": "Polygon", "coordinates": [[[114.2220711, 30.5597448], [114.2188852, 30.5604737], [114.217683, 30.5567855], [114.2192392, 30.556179], [114.2197075, 30.5572881], [114.2189571, 30.5574837], [114.2197075, 30.5578454], [114.220455, 30.557636], [114.2214194, 30.5573658], [114.2217817, 30.5583322], [114.2220711, 30.5597448]]]}, "properties": {"id": 21089, "block_id": 21089, "area_sqm": 113298, "poi_count": 355, "dominant_category": "购物服务", "category_entropy": 1.965, "street_block_id": 9121}}, {"type": "Feature", "geometry": {"type": "Polygon", "coordinates": [[[114.201406, 30.5606883], [114.201382318, 30.560695863], [114.2010652, 30.5598411], [114.2004187, 30.5580283], [114.2017099, 30.5576568], [114.202764954, 30.560272341], [114.2023469, 30.5604082], [114.201406, 30.5606883]]]}, "properties": {"id": 21113, "block_id": 21113, "area_sqm": 42003, "poi_count": 228, "dominant_category": "公司企业", "category_entropy": 2.352, "street_block_id": 8997}}, {"type": "Feature", "geometry": {"type": "Polygon", "coordinates": [[[114.2160267, 30.56118], [114.2138805, 30.5617254], [114.2134868, 30.5606241], [114.2134509, 30.5603982], [114.213233, 30.5596963], [114.2130968, 30.5593439], [114.2137646, 30.5591809], [114.2137969, 30.5592824], [114.2138583, 30.5594698], [114.2140159, 30.5595167], [114.2141147, 30.559528], [114.2142539, 30.5595439], [114.2144775, 30.5594822], [114.2145148, 30.5594032], [114.21442, 30.5591238], [114.2142911, 30.5587441], [114.2140532, 30.5586799], [114.2138468, 30.5580628], [114.2148609, 30.5578244], [114.2153651, 30.5592758], [114.2157581, 30.5604252], [114.2160267, 30.56118]]]}, "properties": {"id": 21274, "block_id": 21274, "area_sqm": 66267, "poi_count": 139, "dominant_category": "购物服务", "category_entropy": 2.232, "street_block_id": 9124}}, {"type": "Feature", "geometry": {"type": "Polygon", "coordinates": [[[114.20459, 30.5616095], [114.2039379, 30.5618147], [114.2036769, 30.5611725], [114.2042772, 30.5609152], [114.20459, 30.5616095]]]}, "properties": {"id": 21282, "block_id": 21282, "area_sqm": 5156, "poi_count": 3, "dominant_category": "汽车销售", "category_entropy": 0.637, "street_block_id": 8999}}, {"type": "Feature", "geometry": {"type": "Polygon", "coordinates": [[[114.2070985, 30.5611979], [114.2040811, 30.5621664], [114.2039379, 30.5618147], [114.20459, 30.5616095], [114.2042772, 30.5609152], [114.2036769, 30.5611725], [114.203579096, 30.561214462], [114.2035295, 30.5610377], [114.2034872, 30.5608761], [114.20346, 30.5606827], [114.2034694, 30.5605464], [114.2035772, 30.5604022], [114.2036998, 30.5602947], [114.2038811, 30.5601922], [114.2040348, 30.5601234], [114.204197, 30.5600516], [114.2046207, 30.5599269], [114.2049799, 30.559834], [114.2052333, 30.5597826], [114.205442004, 30.55975666], [114.2061265, 30.5597288], [114.2064557, 30.5596977], [114.2066555, 30.5601715], [114.2070985, 30.5611979]]]}, "properties": {"id": 21308, "block_id": 21308, "area_sqm": 57884, "poi_count": 52, "dominant_category": "餐饮服务", "category_entropy": 2.029, "street_block_id": 8999}}, {"type": "Feature", "geometry": {"type": "Polygon", "coordinates": [[[114.2214734, 30.5628654], [114.2198564, 30.5633348], [114.2189079, 30.5605435], [114.2211989, 30.5600241], [114.2213739, 30.5604931], [114.221378, 30.5606366], [114.2217195, 30.5615013], [114.2217807, 30.5614827], [114.2222124, 30.562425], [114.2219867, 30.5624754], [114.2220837, 30.5627595], [114.2214734, 30.5628654]]]}, "properties": {"id": 21430, "block_id": 21430, "area_sqm": 73070, "poi_count": 165, "dominant_category": "地名地址信息", "category_entropy": 2.502, "street_block_id": 11676}}, {"type": "Feature", "geometry": {"type": "Polygon", "coordinates": [[[114.1983329, 30.5638168], [114.197841, 30.5638658], [114.1959384, 30.5638448], [114.1958286, 30.5638063], [114.1957548, 30.5637259], [114.1957647, 30.56353], [114.1957772, 30.5630778], [114.1958438, 30.561911], [114.195851451, 30.561703781], [114.1958977, 30.5616289], [114.1959749, 30.5615589], [114.1961213, 30.5614854], [114.1963164, 30.5614399], [114.1967027, 30.5614013], [114.196812963, 30.56138115], [114.1987951, 30.5613473], [114.1995193, 30.5613057], [114.199643738, 30.561281311], [114.1996601, 30.5612805], [114.199798733, 30.561267394], [114.2000115, 30.5619356], [114.2001322, 30.5635095], [114.1983329, 30.5638168]]]}, "properties": {"id": 21510, "block_id": 21510, "area_sqm": 107990, "poi_count": 39, "dominant_category": "地名地址信息", "category_entropy": 2.187, "street_block_id": 11445}}, {"type": "Feature", "geometry": {"type": "Polygon", "coordinates": [[[114.210559, 30.5639207], [114.2099204, 30.564053], [114.2097285, 30.5635511], [114.2104053, 30.563375], [114.210559, 30.5639207]]]}, "properties": {"id": 21542, "block_id": 21542, "area_sqm": 3947, "poi_count": 7, "dominant_category": "生活服务", "category_entropy": 1.55, "street_block_id": 11682}}, {"type": "Feature", "geometry": {"type": "Polygon", "coordinates": [[[114.2396682, 30.5639116], [114.2395765, 30.5641219], [114.2383303, 30.5627142], [114.2382967, 30.5626691], [114.2382833, 30.5626287], [114.238278, 30.5625814], [114.238286, 30.5625329], [114.2383135, 30.5624707], [114.2392642, 30.5618076], [114.2396732, 30.5637636], [114.2396682, 30.5639116]]]}, "properties": {"id": 21552, "block_id": 21552, "area_sqm": 16215, "poi_count": 18, "dominant_category": "政府机构及社会团体", "category_entropy": 1.407, "street_block_id": 11840}}, {"type": "Feature", "geometry": {"type": "Polygon", "coordinates": [[[114.2395765, 30.5641219], [114.2380671, 30.5648986], [114.2369895, 30.5633883], [114.2371, 30.5633219], [114.2371157, 30.5633104], [114.2372444, 30.5632166], [114.2373808, 30.5631184], [114.2375739, 30.5629867], [114.2380489, 30.5626548], [114.2381033, 30.562644], [114.2381573, 30.562646], [114.2382055, 30.562653], [114.2382699, 30.5626714], [114.2383303, 30.5627142], [114.2395765, 30.5641219]]]}, "properties": {"id": 21670, "block_id": 21670, "area_sqm": 32548, "poi_count": 2, "dominant_category": "地名地址信息", "category_entropy": 0.0, "street_block_id": 11763}}, {"type": "Feature", "geometry": {"type": "Polygon", "coordinates": [[[114.2417604, 30.5655512], [114.2406936, 30.5660578], [114.2395765, 30.5641219], [114.2396682, 30.5639116], [114.2396732, 30.5637636], [114.2392642, 30.5618076], [114.2393025, 30.5617808], [114.2393434, 30.5617706], [114.2393844, 30.5617649], [114.239434, 30.5617626], [114.2394803, 30.5617649], [114.2395279, 30.5617719], [114.23957, 30.5617828], [114.2396112, 30.561801], [114.2396471, 30.5618215], [114.2403299, 30.5629745], [114.2405962, 30.5634449], [114.2417427, 30.5651682], [114.2418601, 30.5653327], [114.2419417, 30.5654601], [114.2418613, 30.5654999], [114.2417604, 30.5655512]]]}, "properties": {"id": 21780, "block_id": 21780, "area_sqm": 47444, "poi_count": 175, "dominant_category": "地名地址信息", "category_entropy": 1.967, "street_block_id": 5072}}, {"type": "Feature", "geometry": {"type": "Polygon", "coordinates": [[[114.2477558, 30.5650777], [114.2442942, 30.5663136], [114.244273, 30.5662078], [114.2435358, 30.5650998], [114.2434816, 30.5650452], [114.2434051, 30.5650001], [114.2433081, 30.5649818], [114.2430118, 30.5649935], [114.2429212, 30.5650106], [114.2428373, 30.5650376], [114.2424868, 30.5652004], [114.2423903, 30.5652465], [114.2423246, 30.5651834], [114.2422719, 30.5651234], [114.2422217, 30.5650599], [114.2419238, 30.5646575], [114.2414123, 30.5638998], [114.241021, 30.5633652], [114.2407144, 30.5629107], [114.2399732, 30.5615552], [114.2399639, 30.5615396], [114.2398764, 30.5613805], [114.2414973, 30.5602497], [114.2415811, 30.5601898], [114.2416777, 30.5601136], [114.2417367, 30.5600466], [114.2417984, 30.559975], [114.2418659, 30.5598846], [114.2419589, 30.5598262], [114.2420869, 30.559744], [114.2435555, 30.55893], [114.2473302, 30.5575656], [114.2538823, 30.5549213], [114.2542259, 30.5548111], [114.2545222, 30.554754], [114.2546749, 30.554731], [114.2547916, 30.5547134], [114.2550678, 30.5546957], [114.2554611, 30.5546971], [114.2558352, 30.5547249], [114.2561677, 30.5547811], [114.2564157, 30.5548328], [114.2566636, 30.5549122], [114.2568489, 30.5549948], [114.2570151, 30.5550774], [114.2591496, 30.5563714], [114.2593243, 30.556447], [114.2593512, 30.5564513], [114.2594199, 30.5565067], [114.2595048, 30.556581], [114.2595485, 30.5565891], [114.2596352, 30.556606], [114.2598391, 30.5566384], [114.2599946, 30.5566984], [114.2600644, 30.5567423], [114.2601556, 30.5568578], [114.2601624, 30.5570186], [114.2601048, 30.5578892], [114.2600829, 30.5583701], [114.2601307, 30.5587244], [114.2601735, 30.5590183], [114.2602817, 30.5594117], [114.2604149, 30.5597273], [114.2605384, 30.5600478], [114.2606059, 30.5603763], [114.2610379, 30.5621832], [114.2610431, 30.5622688], [114.261022927, 30.562324534], [114.2607876, 30.5623614], [114.2607407, 30.5623655], [114.2597136, 30.5625339], [114.2589303, 30.5626741], [114.25891, 30.5625702], [114.2586678, 30.562607], [114.2584298, 30.5626432], [114.2581177, 30.5626907], [114.2583074, 30.563665], [114.2579214, 30.5637227], [114.2578655, 30.5637387], [114.2578096, 30.5637582], [114.2577455, 30.5638393], [114.2576726, 30.5638218], [114.2573227, 30.5638012], [114.2566667, 30.5638092], [114.256517, 30.5638104], [114.2563252, 30.5638362], [114.2562929, 30.563847], [114.2562476, 30.563886], [114.2560893, 30.5640338], [114.2559868, 30.5641105], [114.2559216, 30.564138], [114.2558378, 30.5641586], [114.2556516, 30.5641793], [114.2555637, 30.5641667], [114.2554706, 30.56413], [114.2552697, 30.564051], [114.2551633, 30.5640269], [114.2550648, 30.5640189], [114.2549397, 30.5640464], [114.2546271, 30.5641266], [114.2542545, 30.5642388], [114.2539059, 30.5643752], [114.2537569, 30.5644267], [114.2537787, 30.564605], [114.2536789, 30.5646129], [114.2510528, 30.5649451], [114.2502529, 30.5650301], [114.2488139, 30.5650309], [114.2477558, 30.5650777]], [[114.2518727, 30.5636006], [114.2520919, 30.5645904], [114.2523388, 30.5645516], [114.2525827, 30.5645178], [114.2529791, 30.5644572], [114.2527785, 30.5634932], [114.2523898, 30.5635473], [114.2521351, 30.5635979], [114.2518727, 30.5636006]], [[114.2578259, 30.5622983], [114.2578996, 30.5623406], [114.2579917, 30.5622988], [114.2579655, 30.5622212], [114.257894, 30.5622112], [114.2578908, 30.5621888], [114.2578863, 30.5621578], [114.2580771, 30.5621318], [114.2582136, 30.5620956], [114.258252, 30.5622249], [114.2583411, 30.5622253], [114.2583659, 30.562142], [114.2582873, 30.5620703], [114.2583565, 30.5620468], [114.2584814, 30.5619913], [114.2585144, 30.5618437], [114.2583867, 30.5615098], [114.258449, 30.5612772], [114.2580885, 30.5610933], [114.2581325, 30.5610408], [114.2579722, 30.5608436], [114.2578723, 30.5608725], [114.2578064, 30.5610865], [114.2578621, 30.5611629], [114.2577234, 30.5613426], [114.2575123, 30.5615584], [114.2573363, 30.5617129], [114.2571468, 30.5618727], [114.2569504, 30.5619917], [114.2570061, 30.5620215], [114.2573291, 30.5621248], [114.2574395, 30.5621463], [114.2576621, 30.5621688], [114.2576855, 30.5621941], [114.2576939, 30.5622109], [114.2578259, 30.5622983]], [[114.258121, 30.5584364], [114.2582476, 30.5585279], [114.2583652, 30.5584808], [114.2584566, 30.5584451], [114.2583105, 30.558376], [114.2582298, 30.5583066], [114.258079, 30.5581778], [114.2581139, 30.5581632], [114.2581431, 30.5581413], [114.2581647, 30.5581134], [114.258177, 30.5580817], [114.2581793, 30.5580482], [114.2581714, 30.5580154], [114.2581538, 30.5579856], [114.2581277, 30.5579608], [114.258095, 30.5579428], [114.2580581, 30.5579329], [114.2580194, 30.5579317], [114.2579817, 30.5579393], [114.2579477, 30.5579552], [114.2579197, 30.5579783], [114.2578997, 30.5580069], [114.257889, 30.558039], [114.2578885, 30.5580725], [114.2578974, 30.5581034], [114.2579149, 30.5581314], [114.25794, 30.5581548], [114.2579711, 30.5581719], [114.2580061, 30.5581818], [114.2580428, 30.5581838], [114.2580532, 30.5583097], [114.258121, 30.5584364]]]}, "properties": {"id": 21811, "block_id": 21811, "area_sqm": 1596410, "poi_count": 312, "dominant_category": "交通设施服务", "category_entropy": 2.592, "street_block_id": 4533}}, {"type": "Feature", "geometry": {"type": "Polygon", "coordinates": [[[114.2199467, 30.5661179], [114.218827, 30.5664013], [114.2184584, 30.5652197], [114.2179448, 30.5638299], [114.2198564, 30.5633348], [114.2207344, 30.5659185], [114.2199467, 30.5661179]]]}, "properties": {"id": 21821, "block_id": 21821, "area_sqm": 56420, "poi_count": 129, "dominant_category": "生活服务", "category_entropy": 2.305, "street_block_id": 11681}}, {"type": "Feature", "geometry": {"type": "Polygon", "coordinates": [[[114.2406936, 30.5660578], [114.2393981, 30.5666809], [114.2380671, 30.5648986], [114.2395765, 30.5641219], [114.2406936, 30.5660578]]]}, "properties": {"id": 21834, "block_id": 21834, "area_sqm": 36841, "poi_count": 67, "dominant_category": "地名地址信息", "category_entropy": 2.396, "street_block_id": 11841}}, {"type": "Feature", "geometry": {"type": "Polygon", "coordinates": [[[114.2328253, 30.5663952], [114.2318518, 30.5667582], [114.2314664, 30.566082], [114.2313082, 30.5659355], [114.2301308, 30.5643069], [114.2300239, 30.5642346], [114.2296481, 30.564026], [114.2295034, 30.5639626], [114.2293997, 30.5639176], [114.2291755, 30.5638434], [114.2288448, 30.5638703], [114.2238019, 30.5651034], [114.2236144, 30.5641816], [114.2234882, 30.5636744], [114.2234202, 30.56331], [114.223162, 30.5625724], [114.2220974, 30.5598203], [114.2227119, 30.5596794], [114.2254674, 30.5592549], [114.2281091, 30.558848], [114.2284089, 30.5588018], [114.2302284, 30.5585107], [114.2310693, 30.5582833], [114.2313798, 30.558165], [114.2320365, 30.5579149], [114.2366477, 30.5561885], [114.2367074, 30.5561947], [114.2368256, 30.5562201], [114.2369345, 30.5562471], [114.2369942, 30.5563129], [114.2378446, 30.5582513], [114.2379892, 30.5586835], [114.2380752, 30.5588636], [114.2381991, 30.5590478], [114.2388878, 30.5603708], [114.2392449, 30.5610549], [114.2392556, 30.5611309], [114.2392574, 30.5611816], [114.2392543, 30.5612291], [114.2392449, 30.5612938], [114.2392315, 30.5613573], [114.239217, 30.5614078], [114.2391975, 30.5614615], [114.2391738, 30.5615097], [114.2391412, 30.5615583], [114.2373271, 30.5628297], [114.2372353, 30.562896], [114.237126, 30.562989], [114.2370321, 30.5630791], [114.2369597, 30.5631645], [114.2368926, 30.5632615], [114.2367746, 30.5634368], [114.2362703, 30.5639229], [114.235438, 30.5647252], [114.233652, 30.5659742], [114.2328253, 30.5663952]], [[114.2326762, 30.5629927], [114.2327471, 30.5630021], [114.234395, 30.5621014], [114.2355171, 30.5614881], [114.2365219, 30.5609388], [114.2363228, 30.5609463], [114.2357777, 30.5611481], [114.2354083, 30.561351], [114.2342133, 30.5620071], [114.233979, 30.5620305], [114.2325726, 30.5627768], [114.2325617, 30.5628331], [114.2326762, 30.5629927]]]}, "properties": {"id": 21839, "block_id": 21839, "area_sqm": 1064411, "poi_count": 797, "dominant_category": "购物服务", "category_entropy": 2.437, "street_block_id": 5063}}, {"type": "Feature", "geometry": {"type": "Polygon", "coordinates": [[[114.1967734, 30.5666507], [114.196112, 30.5667953], [114.1957626, 30.5656111], [114.1957104, 30.5650339], [114.1957246, 30.5643207], [114.1957416, 30.5639849], [114.1958408, 30.5638868], [114.1959384, 30.5638448], [114.197841, 30.5638658], [114.1983329, 30.5638168], [114.2001322, 30.5635095], [114.2001617, 30.5638942], [114.2002966, 30.5657089], [114.2002896, 30.565821], [114.2002869, 30.565841], [114.2002615, 30.5660319], [114.1981507, 30.5664941], [114.1972622, 30.5666791], [114.1970995, 30.5666111], [114.1967734, 30.5666507]]]}, "properties": {"id": 21843, "block_id": 21843, "area_sqm": 126956, "poi_count": 185, "dominant_category": "公司企业", "category_entropy": 2.289, "street_block_id": 11467}}, {"type": "Feature", "geometry": {"type": "Polygon", "coordinates": [[[114.218827, 30.5664013], [114.215699, 30.5671615], [114.2148608, 30.5646287], [114.2179448, 30.5638299], [114.2184584, 30.5652197], [114.218827, 30.5664013]]]}, "properties": {"id": 21893, "block_id": 21893, "area_sqm": 91940, "poi_count": 140, "dominant_category": "购物服务", "category_entropy": 2.452, "street_block_id": 11683}}, {"type": "Feature", "geometry": {"type": "Polygon", "coordinates": [[[114.2359989, 30.5664587], [114.2344369, 30.5671886], [114.2337142, 30.5660602], [114.2354816, 30.5647639], [114.2368359, 30.5634856], [114.2369895, 30.5633883], [114.2380671, 30.5648986], [114.236447, 30.5661944], [114.2359989, 30.5664587]]]}, "properties": {"id": 21898, "block_id": 21898, "area_sqm": 75751, "poi_count": 27, "dominant_category": "体育休闲服务", "category_entropy": 2.189, "street_block_id": 5065}}, {"type": "Feature", "geometry": {"type": "Polygon", "coordinates": [[[114.2156119, 30.5671799], [114.2147211, 30.5673895], [114.2145601, 30.5661528], [114.2143078, 30.5653188], [114.2149327, 30.565147], [114.2156119, 30.5671799]]]}, "properties": {"id": 21933, "block_id": 21933, "area_sqm": 16700, "poi_count": 73, "dominant_category": "购物服务", "category_entropy": 2.12, "street_block_id": 11684}}, {"type": "Feature", "geometry": {"type": "Polygon", "coordinates": [[[114.2295622, 30.5676147], [114.2285815, 30.5677528], [114.2261572, 30.5677201], [114.2263789, 30.56729], [114.2267196, 30.5668362], [114.2270114, 30.566582], [114.2273814, 30.566232], [114.227792, 30.5658049], [114.2288572, 30.5646217], [114.2293997, 30.5639176], [114.2295034, 30.5639626], [114.2296481, 30.564026], [114.2300239, 30.5642346], [114.2301308, 30.5643069], [114.2313082, 30.5659355], [114.2314664, 30.566082], [114.2318518, 30.5667582], [114.2295622, 30.5676147]]]}, "properties": {"id": 21967, "block_id": 21967, "area_sqm": 122902, "poi_count": 124, "dominant_category": "地名地址信息", "category_entropy": 0.977, "street_block_id": 5063}}, {"type": "Feature", "geometry": {"type": "Polygon", "coordinates": [[[114.225442, 30.5677105], [114.2245145, 30.5678292], [114.2241343, 30.5663748], [114.2244509, 30.5663225], [114.224311, 30.5658707], [114.2239901, 30.5658234], [114.2238019, 30.5651034], [114.2288448, 30.5638703], [114.2291755, 30.5638434], [114.2293997, 30.5639176], [114.2288572, 30.5646217], [114.227792, 30.5658049], [114.2273814, 30.566232], [114.2270114, 30.566582], [114.2267196, 30.5668362], [114.2263789, 30.56729], [114.2261572, 30.5677201], [114.225442, 30.5677105]]]}, "properties": {"id": 21974, "block_id": 21974, "area_sqm": 118470, "poi_count": 10, "dominant_category": "汽车服务", "category_entropy": 2.025, "street_block_id": 5063}}, {"type": "Feature", "geometry": {"type": "Polygon", "coordinates": [[[114.2344369, 30.5671886], [114.2326399, 30.5678904], [114.2318957, 30.5668199], [114.2329227, 30.5664443], [114.2337142, 30.5660602], [114.2344369, 30.5671886]]]}, "properties": {"id": 21978, "block_id": 21978, "area_sqm": 26322, "poi_count": 11, "dominant_category": "政府机构及社会团体", "category_entropy": 1.342, "street_block_id": 5067}}, {"type": "Feature", "geometry": {"type": "Polygon", "coordinates": [[[114.2393981, 30.5666809], [114.2375761, 30.5679348], [114.236447, 30.5661944], [114.2380671, 30.5648986], [114.2393981, 30.5666809]]]}, "properties": {"id": 21986, "block_id": 21986, "area_sqm": 48918, "poi_count": 14, "dominant_category": "地名地址信息", "category_entropy": 0.991, "street_block_id": 5066}}, {"type": "Feature", "geometry": {"type": "Polygon", "coordinates": [[[114.2254461, 30.5677644], [114.2245658, 30.567939], [114.2245145, 30.5678292], [114.225442, 30.5677105], [114.2261572, 30.5677201], [114.2285815, 30.5677528], [114.2295622, 30.5676147], [114.2318518, 30.5667582], [114.2318957, 30.5668199], [114.2295805, 30.5676667], [114.2285861, 30.5678067], [114.2254461, 30.5677644]]]}, "properties": {"id": 21989, "block_id": 21989, "area_sqm": 4875, "poi_count": 4, "dominant_category": "交通设施服务", "category_entropy": 0.693, "street_block_id": 5063}}, {"type": "Feature", "geometry": {"type": "Polygon", "coordinates": [[[114.2081241, 30.5637722], [114.2078704, 30.5679601], [114.2066463, 30.5679001], [114.2063277, 30.5678963], [114.2049578, 30.5646599], [114.2072264, 30.5638584], [114.2075485, 30.5637304], [114.2079345, 30.5634969], [114.2081241, 30.5637722]]]}, "properties": {"id": 21990, "block_id": 21990, "area_sqm": 99375, "poi_count": 619, "dominant_category": "生活服务", "category_entropy": 2.22, "street_block_id": 11470}}, {"type": "Feature", "geometry": {"type": "Polygon", "coordinates": [[[114.2147211, 30.5673895], [114.2115179, 30.5681759], [114.2078704, 30.5679601], [114.2081241, 30.5637722], [114.2081479, 30.5634264], [114.2092841, 30.5630525], [114.2095556, 30.5629631], [114.2118543, 30.5623363], [114.2138013, 30.5618324], [114.2147738, 30.5646512], [114.2149013, 30.5650317], [114.2149327, 30.565147], [114.2143078, 30.5653188], [114.2145601, 30.5661528], [114.2147211, 30.5673895]], [[114.2097285, 30.5635511], [114.2099204, 30.564053], [114.210559, 30.5639207], [114.2104053, 30.563375], [114.2097285, 30.5635511]]]}, "properties": {"id": 22003, "block_id": 22003, "area_sqm": 367661, "poi_count": 510, "dominant_category": "购物服务", "category_entropy": 2.413, "street_block_id": 11682}}, {"type": "Feature", "geometry": {"type": "Polygon", "coordinates": [[[114.1981087, 30.5680888], [114.1965704, 30.568411], [114.1961866, 30.5671065], [114.1969489, 30.5669536], [114.1971195, 30.5668846], [114.1972552, 30.5667703], [114.1981769, 30.5665784], [114.2004681, 30.5661082], [114.2005145, 30.5661799], [114.2005363, 30.5662359], [114.2010113, 30.5674563], [114.1981087, 30.5680888]]]}, "properties": {"id": 22030, "block_id": 22030, "area_sqm": 68125, "poi_count": 268, "dominant_category": "地名地址信息", "category_entropy": 2.337, "street_block_id": 11477}}, {"type": "Feature", "geometry": {"type": "Polygon", "coordinates": [[[114.2409641, 30.5683058], [114.2407541, 30.568528], [114.2393981, 30.5666809], [114.2406936, 30.5660578], [114.2414283, 30.5672925], [114.2416098, 30.5674502], [114.2409641, 30.5683058]]]}, "properties": {"id": 22043, "block_id": 22043, "area_sqm": 28422, "poi_count": 19, "dominant_category": "公司企业", "category_entropy": 2.187, "street_block_id": 5073}}, {"type": "Feature", "geometry": {"type": "Polygon", "coordinates": [[[114.2033737, 30.5685933], [114.2016744, 30.5690652], [114.2010113, 30.5674563], [114.2005363, 30.5662359], [114.2005145, 30.5661799], [114.2004681, 30.5661082], [114.200619, 30.5660679], [114.200754553, 30.566031906], [114.2014185, 30.5658556], [114.2018008, 30.5657661], [114.2023883, 30.5655467], [114.2042499, 30.5648945], [114.2046486, 30.5647624], [114.205967, 30.5679351], [114.2058502, 30.5679592], [114.2051496, 30.5681428], [114.203849, 30.5684658], [114.2033737, 30.5685933]]]}, "properties": {"id": 22077, "block_id": 22077, "area_sqm": 152439, "poi_count": 584, "dominant_category": "地名地址信息", "category_entropy": 2.106, "street_block_id": 11475}}, {"type": "Feature", "geometry": {"type": "Polygon", "coordinates": [[[114.2042231, 30.5694432], [114.2037438, 30.5695813], [114.2033737, 30.5685933], [114.203849, 30.5684658], [114.2042231, 30.5694432]]]}, "properties": {"id": 22127, "block_id": 22127, "area_sqm": 5514, "poi_count": 18, "dominant_category": "购物服务", "category_entropy": 1.407, "street_block_id": 11480}}, {"type": "Feature", "geometry": {"type": "Polygon", "coordinates": [[[114.2393831, 30.5696744], [114.2388594, 30.5699229], [114.2375761, 30.5679348], [114.2393981, 30.5666809], [114.2407541, 30.568528], [114.2399417, 30.5692655], [114.2393831, 30.5696744]]]}, "properties": {"id": 22165, "block_id": 22165, "area_sqm": 58292, "poi_count": 132, "dominant_category": "购物服务", "category_entropy": 2.191, "street_block_id": 5068}}, {"type": "Feature", "geometry": {"type": "Polygon", "coordinates": [[[114.2102589, 30.569994], [114.2089097, 30.5703929], [114.2078704, 30.5679601], [114.2115179, 30.5681759], [114.211676, 30.5694248], [114.2102268, 30.5695466], [114.2102589, 30.569994]]]}, "properties": {"id": 22196, "block_id": 22196, "area_sqm": 62788, "poi_count": 119, "dominant_category": "生活服务", "category_entropy": 2.116, "street_block_id": 11687}}, {"type": "Feature", "geometry": {"type": "Polygon", "coordinates": [[[114.2089097, 30.5703929], [114.2076484, 30.5707986], [114.2075025, 30.5704986], [114.2063277, 30.5678963], [114.2066463, 30.5679001], [114.2078704, 30.5679601], [114.2089097, 30.5703929]]]}, "properties": {"id": 22224, "block_id": 22224, "area_sqm": 42141, "poi_count": 117, "dominant_category": "购物服务", "category_entropy": 2.367, "street_block_id": 11689}}, {"type": "Feature", "geometry": {"type": "Polygon", "coordinates": [[[114.2003936, 30.5712195], [114.1976621, 30.5719504], [114.1970704, 30.5703594], [114.1987613, 30.5698799], [114.2016744, 30.5690652], [114.2023033, 30.5707004], [114.2003936, 30.5712195]]]}, "properties": {"id": 22347, "block_id": 22347, "area_sqm": 87778, "poi_count": 364, "dominant_category": "地名地址信息", "category_entropy": 1.711, "street_block_id": 11487}}, {"type": "Feature", "geometry": {"type": "Polygon", "coordinates": [[[114.2087433, 30.5723766], [114.2086654, 30.5723797], [114.2085663, 30.5723584], [114.2083902, 30.5722605], [114.2078704, 30.5713882], [114.2077431, 30.5710106], [114.2076484, 30.5707986], [114.2089097, 30.5703929], [114.2102589, 30.569994], [114.2102268, 30.5695466], [114.211676, 30.5694248], [114.2119435, 30.5715384], [114.2113504, 30.5716871], [114.2106156, 30.5718896], [114.210555, 30.5718524], [114.2104836, 30.5718344], [114.2104093, 30.5718374], [114.2103403, 30.5718612], [114.2102841, 30.5719032], [114.2102469, 30.5719586], [114.21012, 30.5720079], [114.2087433, 30.5723766]]]}, "properties": {"id": 22399, "block_id": 22399, "area_sqm": 83346, "poi_count": 158, "dominant_category": "餐饮服务", "category_entropy": 2.413, "street_block_id": 11692}}, {"type": "Feature", "geometry": {"type": "Polygon", "coordinates": [[[114.2272889, 30.5723302], [114.2269242, 30.5724411], [114.2265486, 30.5724411], [114.2255723, 30.5723672], [114.2246855, 30.5722121], [114.2246758, 30.5721375], [114.2223509, 30.5722708], [114.2223375, 30.5715246], [114.2223498, 30.5711669], [114.2223252, 30.5709761], [114.2222482, 30.5707773], [114.2221774, 30.5706342], [114.2215977, 30.5697455], [114.2215465, 30.569667], [114.2215372, 30.5695875], [114.2215526, 30.5695371], [114.2215882, 30.5694355], [114.2232721, 30.5685325], [114.2238837, 30.5682265], [114.2245113, 30.5679499], [114.2245658, 30.567939], [114.2254461, 30.5677644], [114.2285861, 30.5678067], [114.2295805, 30.5676667], [114.2318957, 30.5668199], [114.2326399, 30.5678904], [114.2344369, 30.5671886], [114.2350447, 30.5682484], [114.2363276, 30.5710326], [114.2320311, 30.5722748], [114.2312372, 30.5723487], [114.2272889, 30.5723302]]]}, "properties": {"id": 22406, "block_id": 22406, "area_sqm": 632631, "poi_count": 314, "dominant_category": "购物服务", "category_entropy": 2.37, "street_block_id": 5047}}, {"type": "Feature", "geometry": {"type": "Polygon", "coordinates": [[[114.2223523, 30.5723486], [114.220624, 30.5724571], [114.2205516, 30.5724273], [114.2204622, 30.5723905], [114.2223509, 30.5722708], [114.2223523, 30.5723486]]]}, "properties": {"id": 22409, "block_id": 22409, "area_sqm": 1488, "poi_count": 1, "dominant_category": "交通设施服务", "category_entropy": 0.0, "street_block_id": 5057}}, {"type": "Feature", "geometry": {"type": "Polygon", "coordinates": [[[114.2027671, 30.5719063], [114.2008347, 30.5724668], [114.2003936, 30.5712195], [114.2023033, 30.5707004], [114.2027671, 30.5719063]]]}, "properties": {"id": 22410, "block_id": 22410, "area_sqm": 27657, "poi_count": 57, "dominant_category": "购物服务", "category_entropy": 2.181, "street_block_id": 11491}}, {"type": "Feature", "geometry": {"type": "Polygon", "coordinates": [[[114.2402627, 30.573508], [114.2396646, 30.5736489], [114.2396199, 30.5736489], [114.239592, 30.5736431], [114.2395581, 30.5736289], [114.2395439, 30.5736097], [114.239543, 30.5735812], [114.2397907, 30.5733648], [114.2405041, 30.5726905], [114.2414831, 30.5719238], [114.2422824, 30.5713418], [114.2422987, 30.5713317], [114.243041, 30.5723589], [114.2430593, 30.572405], [114.2431718, 30.5729778], [114.2431474, 30.5733241], [114.2430823, 30.5735509], [114.2424595, 30.5734226], [114.241695, 30.5733718], [114.2409896, 30.5733925], [114.240472, 30.5734747], [114.2402627, 30.573508]]]}, "properties": {"id": 22561, "block_id": 22561, "area_sqm": 44923, "poi_count": 26, "dominant_category": "交通设施服务", "category_entropy": 1.989, "street_block_id": 5038}}, {"type": "Feature", "geometry": {"type": "Polygon", "coordinates": [[[114.2078979, 30.5736772], [114.2077882, 30.5736877], [114.2076703, 30.5736667], [114.2074995, 30.5735862], [114.2073694, 30.5734427], [114.2073125, 30.5732957], [114.2072988, 30.5730727], [114.2073476, 30.5730251], [114.2073755, 30.5729663], [114.2074232, 30.5729291], [114.207471, 30.5729001], [114.2080361, 30.5727391], [114.2081866, 30.5727286], [114.2083522, 30.572784], [114.2086213, 30.5731041], [114.2088431, 30.5733555], [114.208917742, 30.573425871], [114.2087435, 30.5734707], [114.2078979, 30.5736772]]]}, "properties": {"id": 22564, "block_id": 22564, "area_sqm": 11030, "poi_count": 2, "dominant_category": "汽车服务", "category_entropy": 0.693, "street_block_id": 11694}}, {"type": "Feature", "geometry": {"type": "Polygon", "coordinates": [[[114.2040819, 30.5735999], [114.2034821, 30.5737591], [114.2027671, 30.5719063], [114.2071179, 30.5707017], [114.2074088, 30.5713464], [114.207573, 30.5716646], [114.2077112, 30.5718849], [114.2080447, 30.5723643], [114.2079914, 30.5724661], [114.207902, 30.5725536], [114.207841, 30.5726026], [114.2076906, 30.5726551], [114.2073816, 30.5727286], [114.2072236, 30.5727446], [114.2071857, 30.5727349], [114.207112, 30.5727379], [114.2070435, 30.5727616], [114.2069878, 30.5728032], [114.204291, 30.5735071], [114.2040819, 30.5735999]]]}, "properties": {"id": 22571, "block_id": 22571, "area_sqm": 97101, "poi_count": 288, "dominant_category": "购物服务", "category_entropy": 1.957, "street_block_id": 11494}}, {"type": "Feature", "geometry": {"type": "Polygon", "coordinates": [[[114.2188132, 30.5727551], [114.2168939, 30.5738673], [114.2155028, 30.5715546], [114.2154701, 30.5714742], [114.2154468, 30.5713257], [114.2178754, 30.5710974], [114.2185304, 30.5721538], [114.2186285, 30.5723555], [114.2188132, 30.5727551]]]}, "properties": {"id": 22588, "block_id": 22588, "area_sqm": 58579, "poi_count": 62, "dominant_category": "购物服务", "category_entropy": 2.431, "street_block_id": 5056}}, {"type": "Feature", "geometry": {"type": "Polygon", "coordinates": [[[114.2188132, 30.5728482], [114.2169363, 30.5739378], [114.2168939, 30.5738673], [114.2188132, 30.5727551], [114.2188132, 30.5728482]]]}, "properties": {"id": 22597, "block_id": 22597, "area_sqm": 1899, "poi_count": 1, "dominant_category": "餐饮服务", "category_entropy": 0.0, "street_block_id": 5056}}, {"type": "Feature", "geometry": {"type": "Polygon", "coordinates": [[[114.2034821, 30.5737591], [114.2014893, 30.5742903], [114.2008347, 30.5724668], [114.2027671, 30.5719063], [114.2034821, 30.5737591]]]}, "properties": {"id": 22642, "block_id": 22642, "area_sqm": 42340, "poi_count": 71, "dominant_category": "购物服务", "category_entropy": 2.137, "street_block_id": 11500}}, {"type": "Feature", "geometry": {"type": "Polygon", "coordinates": [[[114.2014893, 30.5742903], [114.1988335, 30.5749695], [114.1978059, 30.5721706], [114.1976621, 30.5719504], [114.2003936, 30.5712195], [114.2008347, 30.5724668], [114.2014893, 30.5742903]]]}, "properties": {"id": 22712, "block_id": 22712, "area_sqm": 94724, "poi_count": 259, "dominant_category": "购物服务", "category_entropy": 2.145, "street_block_id": 11501}}, {"type": "Feature", "geometry": {"type": "Polygon", "coordinates": [[[114.2114675, 30.5754667], [114.211123108, 30.575571496], [114.2101835, 30.5745396], [114.2101464, 30.5744302], [114.2100811, 30.5743207], [114.2096741, 30.5738576], [114.209266978, 30.573389354], [114.209516, 30.5733202], [114.2102518, 30.5731241], [114.2104429, 30.5730226], [114.2106096, 30.5728616], [114.2106624, 30.5727111], [114.2106665, 30.5725641], [114.2106462, 30.5723506], [114.2106361, 30.5721421], [114.2106711, 30.5720831], [114.2110655, 30.5719646], [114.2117146, 30.5718158], [114.2122377, 30.5717193], [114.2135359, 30.5715665], [114.2140069, 30.5714727], [114.2154468, 30.5713257], [114.2154701, 30.5714742], [114.2155028, 30.5715546], [114.2168939, 30.5738673], [114.2167311, 30.5739434], [114.2165632, 30.5740006], [114.2163644, 30.574047], [114.2158004, 30.5741796], [114.2152965, 30.5742794], [114.2138768, 30.5744804], [114.2134798, 30.5745769], [114.2131781, 30.5746998], [114.2121434, 30.5752143], [114.2116858, 30.5753943], [114.2114675, 30.5754667]]]}, "properties": {"id": 22792, "block_id": 22792, "area_sqm": 200398, "poi_count": 38, "dominant_category": "交通设施服务", "category_entropy": 1.963, "street_block_id": 5056}}, {"type": "Feature", "geometry": {"type": "Polygon", "coordinates": [[[114.2115282, 30.5755512], [114.211195814, 30.575651344], [114.211123108, 30.575571496], [114.2114675, 30.5754667], [114.2116858, 30.5753943], [114.2121434, 30.5752143], [114.2131781, 30.5746998], [114.2134798, 30.5745769], [114.2138768, 30.5744804], [114.2152965, 30.5742794], [114.2158004, 30.5741796], [114.2163644, 30.574047], [114.2165632, 30.5740006], [114.2167311, 30.5739434], [114.2168939, 30.5738673], [114.2169363, 30.5739378], [114.2167864, 30.574001], [114.2166105, 30.5740688], [114.2164103, 30.5741207], [114.2158195, 30.5742512], [114.2152918, 30.5743638], [114.2138814, 30.5745568], [114.2135172, 30.5746453], [114.2132154, 30.5747837], [114.2121813, 30.5752929], [114.2117346, 30.5754816], [114.2115282, 30.5755512]]]}, "properties": {"id": 22801, "block_id": 22801, "area_sqm": 5400, "poi_count": 1, "dominant_category": "地名地址信息", "category_entropy": 0.0, "street_block_id": 5056}}, {"type": "Feature", "geometry": {"type": "Polygon", "coordinates": [[[114.239948, 30.560993], [114.2398792, 30.5610039], [114.2398269, 30.5610039], [114.2397746, 30.560997], [114.2397304, 30.5609854], [114.2396834, 30.560967], [114.2396374, 30.5609352], [114.2393277, 30.5602738], [114.2386261, 30.5588721], [114.2385593, 30.5586864], [114.2384705, 30.5585033], [114.2380614, 30.5578959], [114.2372668, 30.5561517], [114.237276, 30.5560691], [114.2373074, 30.5560023], [114.2374072, 30.555907], [114.2399234, 30.5549887], [114.2421004, 30.5543557], [114.2422388, 30.5543262], [114.2433953, 30.5540792], [114.2447289, 30.5538484], [114.2449417, 30.5538168], [114.2462131, 30.5536253], [114.2466704, 30.5560514], [114.2467275, 30.5562802], [114.2468725, 30.5566024], [114.2470275, 30.5569255], [114.2472933, 30.5574925], [114.2435265, 30.5588821], [114.2420614, 30.5596793], [114.2419351, 30.5597498], [114.2418164, 30.5598234], [114.2417206, 30.5598387], [114.2416455, 30.5598549], [114.2415784, 30.559878], [114.2414872, 30.5599219], [114.2413907, 30.5599819], [114.239948, 30.560993]]]}, "properties": {"id": 21147, "block_id": 21147, "area_sqm": 450825, "poi_count": 576, "dominant_category": "购物服务", "category_entropy": 2.447, "street_block_id": 9313}}, {"type": "Feature", "geometry": {"type": "Polygon", "coordinates": [[[114.2388387, 30.5757574], [114.2372358, 30.5762411], [114.2366929, 30.5754618], [114.2365509, 30.575283], [114.2370343, 30.5749369], [114.2372316, 30.5748028], [114.2375287, 30.5746192], [114.2383369, 30.5742885], [114.2389082, 30.5740253], [114.2392617, 30.5737992], [114.2396646, 30.5736489], [114.2402627, 30.573508], [114.240472, 30.5734747], [114.2405821, 30.5737483], [114.2407718, 30.5741715], [114.2404802, 30.5742702], [114.2402227, 30.5744319], [114.239984, 30.5745517], [114.2397238, 30.5747321], [114.2394449, 30.5749399], [114.239174, 30.5752722], [114.2388387, 30.5757574]]]}, "properties": {"id": 22879, "block_id": 22879, "area_sqm": 53809, "poi_count": 196, "dominant_category": "地名地址信息", "category_entropy": 1.773, "street_block_id": 5055}}, {"type": "Feature", "geometry": {"type": "Polygon", "coordinates": [[[114.2150232, 30.5796206], [114.214847511, 30.57973388], [114.21466064, 30.579524756], [114.2114512, 30.5759331], [114.2112566, 30.5757181], [114.211195814, 30.575651344], [114.2115282, 30.5755512], [114.2117346, 30.5754816], [114.2121813, 30.5752929], [114.2132154, 30.5747837], [114.2135172, 30.5746453], [114.2138814, 30.5745568], [114.2152918, 30.5743638], [114.2158195, 30.5742512], [114.2164103, 30.5741207], [114.2166105, 30.5740688], [114.2167864, 30.574001], [114.2169363, 30.5739378], [114.2188132, 30.5728482], [114.2188132, 30.5727551], [114.2186285, 30.5723555], [114.2185304, 30.5721538], [114.2185951, 30.5721516], [114.218781, 30.5721547], [114.2200684, 30.5722286], [114.2204622, 30.5723905], [114.2205516, 30.5724273], [114.220624, 30.5724571], [114.2207873, 30.5725242], [114.2215705, 30.5725981], [114.2255723, 30.5723672], [114.2265486, 30.5724411], [114.2269242, 30.5724411], [114.2272889, 30.5723302], [114.2312372, 30.5723487], [114.2320311, 30.5722748], [114.2363276, 30.5710326], [114.2388594, 30.5699229], [114.2393831, 30.5696744], [114.2399417, 30.5692655], [114.2407541, 30.568528], [114.2409641, 30.5683058], [114.2416098, 30.5674502], [114.2418205, 30.5673714], [114.242973565, 30.566947605], [114.243088294, 30.567122396], [114.2443878, 30.5691022], [114.2444983, 30.5692721], [114.244542204, 30.56944389], [114.244621787, 30.569755276], [114.2445696, 30.5697909], [114.2440958, 30.5700626], [114.2434733, 30.5704296], [114.2428913, 30.5708222], [114.2423146, 30.5711617], [114.2416924, 30.571612], [114.2411184, 30.5720393], [114.2404612, 30.572545], [114.2399731, 30.5730092], [114.2395654, 30.5734018], [114.2393308, 30.5736488], [114.2390102, 30.5738567], [114.2385193, 30.5741015], [114.2381438, 30.5742585], [114.2373983, 30.574598], [114.2366275, 30.5748703], [114.2364431, 30.5749229], [114.2361539, 30.5749965], [114.2356826, 30.5750611], [114.235442, 30.5751089], [114.2346221, 30.5752481], [114.2338845, 30.5753382], [114.2330423, 30.5753659], [114.2321813, 30.5753705], [114.231492, 30.5753774], [114.2310789, 30.575359], [114.2301858, 30.5752897], [114.2294401, 30.5752389], [114.228673, 30.5752089], [114.2280185, 30.5751742], [114.227061, 30.5751049], [114.2265514, 30.5750726], [114.2260525, 30.5750772], [114.2254034, 30.5750842], [114.2245183, 30.5750957], [114.2242686, 30.5751055], [114.2241642, 30.5751096], [114.2236412, 30.5751604], [114.2230296, 30.575255], [114.2224932, 30.5753751], [114.2216565, 30.5755875], [114.2206667, 30.5758415], [114.2201168, 30.5759825], [114.2197332, 30.5761025], [114.2193979, 30.5762434], [114.2189151, 30.576479], [114.2186496, 30.5766637], [114.2183036, 30.5769708], [114.2175633, 30.5776844], [114.2172168, 30.578047], [114.2170161, 30.5782571], [114.2167935, 30.578458], [114.2164904, 30.578712], [114.2163473, 30.5788268], [114.2162034, 30.5786715], [114.2159459, 30.5788701], [114.2150232, 30.5796206]]]}, "properties": {"id": 23441, "block_id": 23441, "area_sqm": 1194211, "poi_count": 32, "dominant_category": "交通设施服务", "category_entropy": 1.879, "street_block_id": 36611}}, {"type": "Feature", "geometry": {"type": "Polygon", "coordinates": [[[114.2393242, 30.5766762], [114.2384187, 30.5770477], [114.2383827, 30.5767827], [114.2385437, 30.5764594], [114.2386349, 30.57615], [114.2388387, 30.5757574], [114.239174, 30.5752722], [114.2394449, 30.5749399], [114.2397238, 30.5747321], [114.239984, 30.5745517], [114.2402227, 30.5744319], [114.2404802, 30.5742702], [114.2407718, 30.5741715], [114.240845, 30.5743349], [114.2412098, 30.5750046], [114.2416389, 30.5758867], [114.241743, 30.5761501], [114.2413922, 30.5761823], [114.2406197, 30.5762931], [114.240153, 30.5763994], [114.2393242, 30.5766762]]]}, "properties": {"id": 23006, "block_id": 23006, "area_sqm": 50830, "poi_count": 154, "dominant_category": "地名地址信息", "category_entropy": 1.897, "street_block_id": 5055}}, {"type": "Feature", "geometry": {"type": "Polygon", "coordinates": [[[114.19986, 30.5610547], [114.199799515, 30.561061746], [114.1995021, 30.5605773], [114.198378, 30.5590924], [114.1981075, 30.5587201], [114.1991231, 30.5584011], [114.2004187, 30.5580283], [114.2010652, 30.5598411], [114.201382318, 30.560695863], [114.2010863, 30.5607904], [114.2005593, 30.5609192], [114.200177, 30.5609973], [114.19986, 30.5610547]]]}, "properties": {"id": 21153, "block_id": 21153, "area_sqm": 59209, "poi_count": 80, "dominant_category": "生活服务", "category_entropy": 2.081, "street_block_id": 8998}}, {"type": "Feature", "geometry": {"type": "Polygon", "coordinates": [[[114.2396421, 30.5610819], [114.239572301, 30.561129897], [114.2394161, 30.5608013], [114.2390313, 30.5599779], [114.2383022, 30.5585559], [114.2381248, 30.5581733], [114.238366, 30.5584788], [114.2384106, 30.558534], [114.2385257, 30.5587054], [114.2386261, 30.5588721], [114.2393277, 30.5602738], [114.2396374, 30.5609352], [114.2396629, 30.5609898], [114.2396695, 30.5610021], [114.2396716, 30.5610253], [114.2396689, 30.5610461], [114.2396569, 30.5610657], [114.2396421, 30.5610819]]]}, "properties": {"id": 21167, "block_id": 21167, "area_sqm": 4411, "poi_count": 4, "dominant_category": "地名地址信息", "category_entropy": 0.0, "street_block_id": null}}, {"type": "Feature", "geometry": {"type": "Polygon", "coordinates": [[[114.2006351, 30.5609939], [114.1998556, 30.5611531], [114.199830764, 30.561112646], [114.1999229, 30.5610979], [114.2001216, 30.5610581], [114.200574, 30.5609453], [114.2010863, 30.5607904], [114.201382318, 30.560695863], [114.2014014, 30.5607473], [114.2006351, 30.5609939]]]}, "properties": {"id": 21174, "block_id": 21174, "area_sqm": 899, "poi_count": 1, "dominant_category": "住宿服务", "category_entropy": 0.0, "street_block_id": null}}, {"type": "Feature", "geometry": {"type": "Polygon", "coordinates": [[[114.2188852, 30.5604737], [114.2160267, 30.56118], [114.2157581, 30.5604252], [114.2153651, 30.5592758], [114.2148609, 30.5578244], [114.2151102, 30.5577627], [114.2157003, 30.5575664], [114.2162421, 30.5573677], [114.2171085, 30.557019], [114.217683, 30.5567855], [114.2188852, 30.5604737]]]}, "properties": {"id": 21178, "block_id": 21178, "area_sqm": 116453, "poi_count": 296, "dominant_category": "地名地址信息", "category_entropy": 2.097, "street_block_id": 9122}}, {"type": "Feature", "geometry": {"type": "Polygon", "coordinates": [[[114.239572301, 30.561129897], [114.239455086, 30.561210501], [114.2388719, 30.5600258], [114.2381431, 30.5586134], [114.2379466, 30.558204], [114.2378222, 30.5579291], [114.236984494, 30.556162635], [114.2369768, 30.5560435], [114.237114883, 30.55609502], [114.2379778, 30.5578941], [114.2381248, 30.5581733], [114.2383022, 30.5585559], [114.2390313, 30.5599779], [114.2394161, 30.5608013], [114.239572301, 30.561129897]]]}, "properties": {"id": 21182, "block_id": 21182, "area_sqm": 9499, "poi_count": 1, "dominant_category": "地名地址信息", "category_entropy": 0.0, "street_block_id": null}}, {"type": "Feature", "geometry": {"type": "Polygon", "coordinates": [[[114.203579096, 30.561214462], [114.2035578, 30.5612236], [114.2031973, 30.5603808], [114.203180622, 30.560352134], [114.2036511, 30.5601999], [114.2038843, 30.5601305], [114.204197, 30.5600516], [114.2040348, 30.5601234], [114.2038811, 30.5601922], [114.2036998, 30.5602947], [114.2035772, 30.5604022], [114.2034694, 30.5605464], [114.20346, 30.5606827], [114.2034872, 30.5608761], [114.2035295, 30.5610377], [114.203579096, 30.561214462]]]}, "properties": {"id": 21185, "block_id": 21185, "area_sqm": 2011, "poi_count": 1, "dominant_category": "交通设施服务", "category_entropy": 0.0, "street_block_id": null}}, {"type": "Feature", "geometry": {"type": "Polygon", "coordinates": [[[114.2394128, 30.5612332], [114.2393886, 30.5612355], [114.2393631, 30.5612318], [114.2393404, 30.5612216], [114.2393184, 30.5611966], [114.2393062, 30.5611723], [114.2392449, 30.5610549], [114.2388878, 30.5603708], [114.2381991, 30.5590478], [114.2381464, 30.5588618], [114.2380517, 30.5586415], [114.2379965, 30.5584798], [114.2379512, 30.5583337], [114.2379466, 30.558204], [114.2381431, 30.5586134], [114.2388719, 30.5600258], [114.239455086, 30.561210501], [114.2394356, 30.5612239], [114.2394128, 30.5612332]]]}, "properties": {"id": 21190, "block_id": 21190, "area_sqm": 4465, "poi_count": 1, "dominant_category": "地名地址信息", "category_entropy": 0.0, "street_block_id": null}}, {"type": "Feature", "geometry": {"type": "Polygon", "coordinates": [[[114.200116, 30.5612374], [114.199904739, 30.561257372], [114.1998966, 30.5612318], [114.2001898, 30.5611625], [114.2005466, 30.5610817], [114.2014286, 30.5608204], [114.2028196, 30.5604083], [114.202841166, 30.560461973], [114.2024217, 30.5605977], [114.2008746, 30.5610678], [114.2005621, 30.5611651], [114.200116, 30.5612374]]]}, "properties": {"id": 21196, "block_id": 21196, "area_sqm": 2285, "poi_count": 2, "dominant_category": "购物服务", "category_entropy": 0.0, "street_block_id": null}}, {"type": "Feature", "geometry": {"type": "Polygon", "coordinates": [[[114.2213183, 30.5694966], [114.2179048, 30.5709944], [114.215699, 30.5671615], [114.218827, 30.5664013], [114.2199467, 30.5661179], [114.2207344, 30.5659185], [114.2238019, 30.5651034], [114.2239901, 30.5658234], [114.2241343, 30.5663748], [114.2245145, 30.5678292], [114.2238024, 30.5681633], [114.2232702, 30.5684208], [114.2213183, 30.5694966]]]}, "properties": {"id": 22251, "block_id": 22251, "area_sqm": 299026, "poi_count": 296, "dominant_category": "地名地址信息", "category_entropy": 2.31, "street_block_id": 11686}}, {"type": "Feature", "geometry": {"type": "Polygon", "coordinates": [[[114.204741, 30.5765305], [114.2026397, 30.5771229], [114.2015584, 30.5744366], [114.2036389, 30.5738562], [114.2036332, 30.5740622], [114.203621, 30.5741637], [114.2036536, 30.5742652], [114.204741, 30.5765305]]]}, "properties": {"id": 23017, "block_id": 23017, "area_sqm": 64165, "poi_count": 60, "dominant_category": "购物服务", "category_entropy": 1.933, "street_block_id": 11511}}, {"type": "Feature", "geometry": {"type": "Polygon", "coordinates": [[[114.2033457, 30.5617176], [114.2001793, 30.562749], [114.2001158, 30.5619205], [114.199904739, 30.561257372], [114.200116, 30.5612374], [114.2005621, 30.5611651], [114.2008746, 30.5610678], [114.2024217, 30.5605977], [114.202841166, 30.560461973], [114.2033457, 30.5617176]]]}, "properties": {"id": 21378, "block_id": 21378, "area_sqm": 46228, "poi_count": 654, "dominant_category": "购物服务", "category_entropy": 1.781, "street_block_id": null}}, {"type": "Feature", "geometry": {"type": "Polygon", "coordinates": [[[114.223162, 30.5625724], [114.2220837, 30.5627595], [114.2219867, 30.5624754], [114.2222124, 30.562425], [114.2217807, 30.5614827], [114.2218577, 30.5614593], [114.2214878, 30.5605036], [114.2213739, 30.5604931], [114.2211989, 30.5600241], [114.2220974, 30.5598203], [114.223162, 30.5625724]]]}, "properties": {"id": 21379, "block_id": 21379, "area_sqm": 27304, "poi_count": 91, "dominant_category": "购物服务", "category_entropy": 2.207, "street_block_id": 9133}}, {"type": "Feature", "geometry": {"type": "Polygon", "coordinates": [[[114.2388594, 30.5699229], [114.2363276, 30.5710326], [114.2350447, 30.5682484], [114.2344369, 30.5671886], [114.2359989, 30.5664587], [114.236447, 30.5661944], [114.2375761, 30.5679348], [114.2388594, 30.5699229]]]}, "properties": {"id": 22258, "block_id": 22258, "area_sqm": 113351, "poi_count": 67, "dominant_category": "地名地址信息", "category_entropy": 1.736, "street_block_id": 5069}}, {"type": "Feature", "geometry": {"type": "Polygon", "coordinates": [[[114.2212765, 30.5695939], [114.2179518, 30.5710647], [114.2179048, 30.5709944], [114.2213183, 30.5694966], [114.2232702, 30.5684208], [114.2238024, 30.5681633], [114.2245145, 30.5678292], [114.2245658, 30.567939], [114.2245113, 30.5679499], [114.2238837, 30.5682265], [114.2232721, 30.5685325], [114.2215882, 30.5694355], [114.2213716, 30.5695516], [114.2212765, 30.5695939]]]}, "properties": {"id": 22262, "block_id": 22262, "area_sqm": 6572, "poi_count": 1, "dominant_category": "地名地址信息", "category_entropy": 0.0, "street_block_id": null}}, {"type": "Feature", "geometry": {"type": "Polygon", "coordinates": [[[114.220455, 30.557636], [114.2197075, 30.5578454], [114.2189571, 30.5574837], [114.2197075, 30.5572881], [114.220455, 30.557636]]]}, "properties": {"id": 20668, "block_id": 20668, "area_sqm": 4440, "poi_count": 17, "dominant_category": "政府机构及社会团体", "category_entropy": 1.758, "street_block_id": 9116}}, {"type": "Feature", "geometry": {"type": "Polygon", "coordinates": [[[114.2139036, 30.5579206], [114.2137782, 30.5579353], [114.2148131, 30.5576832], [114.214820945, 30.557706375], [114.214608, 30.557757], [114.2140032, 30.5579037], [114.2139036, 30.5579206]]]}, "properties": {"id": 20682, "block_id": 20682, "area_sqm": 237, "poi_count": 1, "dominant_category": "地名地址信息", "category_entropy": 0.0, "street_block_id": null}}, {"type": "Feature", "geometry": {"type": "Polygon", "coordinates": [[[114.2017099, 30.5576568], [114.2004187, 30.5580283], [114.1995755, 30.5559645], [114.1994938, 30.5557475], [114.2005906, 30.5551642], [114.2015826, 30.5573412], [114.2017099, 30.5576568]]]}, "properties": {"id": 20693, "block_id": 20693, "area_sqm": 35768, "poi_count": 290, "dominant_category": "购物服务", "category_entropy": 2.198, "street_block_id": 8996}}, {"type": "Feature", "geometry": {"type": "Polygon", "coordinates": [[[114.2320015, 30.5578257], [114.2313341, 30.5580856], [114.2313108, 30.5580352], [114.2316609, 30.5558634], [114.2312686, 30.5541772], [114.2316863, 30.5540625], [114.2319465, 30.553977], [114.232153, 30.5538685], [114.233728397, 30.553020571], [114.2339329, 30.5529837], [114.2341234, 30.5529674], [114.2343395, 30.5529708], [114.2345468, 30.5530054], [114.2347367, 30.5530605], [114.2349261, 30.5531416], [114.2350851, 30.5532252], [114.2352676, 30.5533429], [114.2354031, 30.553458], [114.235469908, 30.553522284], [114.2363338, 30.5549764], [114.2367333, 30.5558275], [114.2367166, 30.5559451], [114.2366723, 30.5560309], [114.2366074, 30.5561056], [114.2356549, 30.5564613], [114.2320015, 30.5578257]]]}, "properties": {"id": 20699, "block_id": 20699, "area_sqm": 187602, "poi_count": 174, "dominant_category": "购物服务", "category_entropy": 2.338, "street_block_id": 9199}}, {"type": "Feature", "geometry": {"type": "Polygon", "coordinates": [[[114.2320365, 30.5579149], [114.2313798, 30.558165], [114.2313341, 30.5580856], [114.2320015, 30.5578257], [114.2356549, 30.5564613], [114.2366074, 30.5561056], [114.236931601, 30.556051098], [114.236936432, 30.556061286], [114.2366477, 30.5561885], [114.2320365, 30.5579149]]]}, "properties": {"id": 20718, "block_id": 20718, "area_sqm": 5786, "poi_count": 2, "dominant_category": "交通设施服务", "category_entropy": 0.693, "street_block_id": null}}, {"type": "Feature", "geometry": {"type": "Polygon", "coordinates": [[[114.2077431, 30.5710106], [114.2078704, 30.5713882], [114.2076722, 30.5710835], [114.2074867, 30.5708629], [114.2071136, 30.5699904], [114.2064817, 30.5684261], [114.206259436, 30.567895464], [114.2063277, 30.5678963], [114.2075025, 30.5704986], [114.2076484, 30.5707986], [114.2077431, 30.5710106]]]}, "properties": {"id": 22282, "block_id": 22282, "area_sqm": 4563, "poi_count": 2, "dominant_category": "地名地址信息", "category_entropy": 0.0, "street_block_id": null}}, {"type": "Feature", "geometry": {"type": "Polygon", "coordinates": [[[114.2238019, 30.5651034], [114.2207344, 30.5659185], [114.2198564, 30.5633348], [114.2214734, 30.5628654], [114.2220837, 30.5627595], [114.223162, 30.5625724], [114.2234202, 30.56331], [114.2234882, 30.5636744], [114.2236144, 30.5641816], [114.2238019, 30.5651034]]]}, "properties": {"id": 21763, "block_id": 21763, "area_sqm": 95721, "poi_count": 193, "dominant_category": "生活服务", "category_entropy": 2.503, "street_block_id": 11680}}, {"type": "Feature", "geometry": {"type": "Polygon", "coordinates": [[[114.200717791, 30.565909958], [114.2005559, 30.5659509], [114.2004607, 30.5658527], [114.2004252, 30.565802], [114.2003606, 30.5657097], [114.2002666, 30.5638867], [114.200236, 30.5634882], [114.2001793, 30.562749], [114.2033457, 30.5617176], [114.2037088, 30.5626211], [114.2037552, 30.5627366], [114.2041368, 30.5636014], [114.2045542, 30.5645472], [114.2040862, 30.5647047], [114.2039064, 30.5647636], [114.2019111, 30.5654755], [114.201603, 30.565639], [114.2014826, 30.5656825], [114.2011672, 30.5657963], [114.200717791, 30.565909958]]]}, "properties": {"id": 21768, "block_id": 21768, "area_sqm": 127771, "poi_count": 685, "dominant_category": "购物服务", "category_entropy": 2.11, "street_block_id": 11458}}, {"type": "Feature", "geometry": {"type": "Polygon", "coordinates": [[[114.2247883, 30.5550941], [114.2241487, 30.5551827], [114.2241124, 30.5550727], [114.2259678, 30.5548455], [114.227427902, 30.554659586], [114.2270749, 30.5547678], [114.2260057, 30.5549254], [114.2247883, 30.5550941]]]}, "properties": {"id": 20299, "block_id": 20299, "area_sqm": 2948, "poi_count": 2, "dominant_category": "地名地址信息", "category_entropy": 0.0, "street_block_id": null}}, {"type": "Feature", "geometry": {"type": "Polygon", "coordinates": [[[114.2209637, 30.5554274], [114.22071875, 30.555498754], [114.2207185, 30.5554981], [114.2207073, 30.5554626], [114.2210111, 30.5553796], [114.22104812, 30.555372299], [114.2213049, 30.5553623], [114.2209637, 30.5554274]]]}, "properties": {"id": 20336, "block_id": 20336, "area_sqm": 186, "poi_count": 1, "dominant_category": "地名地址信息", "category_entropy": 0.0, "street_block_id": null}}, {"type": "Feature", "geometry": {"type": "Polygon", "coordinates": [[[114.1981486, 30.5395396], [114.197996357, 30.539543315], [114.197963531, 30.539457275], [114.1979766, 30.5394566], [114.1990945, 30.5393836], [114.200797289, 30.539258707], [114.2011667, 30.5392699], [114.2011033, 30.5392849], [114.2009813, 30.539307], [114.2006935, 30.5393592], [114.200407, 30.5393963], [114.1986662, 30.5395157], [114.1981486, 30.5395396]]]}, "properties": {"id": 18489, "block_id": 18489, "area_sqm": 3228, "poi_count": 1, "dominant_category": "地名地址信息", "category_entropy": 0.0, "street_block_id": null}}, {"type": "Feature", "geometry": {"type": "Polygon", "coordinates": [[[114.2138013, 30.5618324], [114.2118543, 30.5623363], [114.211817, 30.562267], [114.2137753, 30.561752], [114.2138013, 30.5618324]]]}, "properties": {"id": 21335, "block_id": 21335, "area_sqm": 1726, "poi_count": 1, "dominant_category": "地名地址信息", "category_entropy": 0.0, "street_block_id": null}}, {"type": "Feature", "geometry": {"type": "Polygon", "coordinates": [[[114.233095151, 30.550029797], [114.233089129, 30.550033303], [114.2330462, 30.5499546], [114.233095151, 30.550029797]]]}, "properties": {"id": 19782, "block_id": 19782, "area_sqm": 3, "poi_count": 0, "dominant_category": null, "category_entropy": null, "street_block_id": null}}, {"type": "Feature", "geometry": {"type": "Polygon", "coordinates": [[[114.235130017, 30.552397628], [114.235059083, 30.552412561], [114.2349943, 30.552313023], [114.23506256, 30.552299073], [114.235130017, 30.552397628]]]}, "properties": {"id": 19997, "block_id": 19997, "area_sqm": 83, "poi_count": 0, "dominant_category": null, "category_entropy": null, "street_block_id": null}}, {"type": "Feature", "geometry": {"type": "Polygon", "coordinates": [[[114.2276774, 30.5545831], [114.22757516, 30.554614442], [114.227569999, 30.554596539], [114.2276774, 30.5545831]]]}, "properties": {"id": 20246, "block_id": 20246, "area_sqm": 11, "poi_count": 0, "dominant_category": null, "category_entropy": null, "street_block_id": null}}, {"type": "Feature", "geometry": {"type": "Polygon", "coordinates": [[[114.2081479, 30.5634264], [114.2081241, 30.5637722], [114.2079345, 30.5634969], [114.2081479, 30.5634264]]]}, "properties": {"id": 21499, "block_id": 21499, "area_sqm": 384, "poi_count": 0, "dominant_category": null, "category_entropy": null, "street_block_id": null}}, {"type": "Feature", "geometry": {"type": "Polygon", "coordinates": [[[114.234959626, 30.552259746], [114.234784058, 30.552320421], [114.2347815, 30.5523166], [114.234066967, 30.551200049], [114.2341852, 30.551209], [114.234255883, 30.551228009], [114.2349581, 30.5522574], [114.234959626, 30.552259746]]]}, "properties": {"id": 19977, "block_id": 19977, "area_sqm": 2219, "poi_count": 1, "dominant_category": "地名地址信息", "category_entropy": 0.0, "street_block_id": null}}, {"type": "Feature", "geometry": {"type": "Polygon", "coordinates": [[[114.2040811, 30.5621664], [114.203973, 30.5622064], [114.203628841, 30.561391757], [114.203579096, 30.561214462], [114.2036769, 30.5611725], [114.2039379, 30.5618147], [114.2040811, 30.5621664]]]}, "properties": {"id": 21313, "block_id": 21313, "area_sqm": 1369, "poi_count": 3, "dominant_category": "餐饮服务", "category_entropy": 0.637, "street_block_id": null}}, {"type": "Feature", "geometry": {"type": "Polygon", "coordinates": [[[114.2421004, 30.5543557], [114.2399234, 30.5549887], [114.2398821, 30.5549051], [114.2422223, 30.5542314], [114.2422388, 30.5543262], [114.2421004, 30.5543557]]]}, "properties": {"id": 20283, "block_id": 20283, "area_sqm": 2290, "poi_count": 1, "dominant_category": "地名地址信息", "category_entropy": 0.0, "street_block_id": null}}, {"type": "Feature", "geometry": {"type": "Polygon", "coordinates": [[[114.2126456, 30.5582009], [114.2125545, 30.5582204], [114.2120771, 30.5570426], [114.2116814, 30.5562599], [114.2117666, 30.5562321], [114.212164, 30.5570044], [114.2126456, 30.5582009]]]}, "properties": {"id": 20731, "block_id": 20731, "area_sqm": 2122, "poi_count": 2, "dominant_category": "地名地址信息", "category_entropy": 0.693, "street_block_id": null}}, {"type": "Feature", "geometry": {"type": "Polygon", "coordinates": [[[114.2140241, 30.5579261], [114.212662973, 30.558242118], [114.2126456, 30.5582009], [114.2137782, 30.5579353], [114.2139036, 30.5579206], [114.2140032, 30.5579037], [114.214608, 30.557757], [114.214820945, 30.557706375], [114.214828196, 30.557727793], [114.2147574, 30.5577466], [114.2140241, 30.5579261]]]}, "properties": {"id": 20734, "block_id": 20734, "area_sqm": 874, "poi_count": 1, "dominant_category": "地名地址信息", "category_entropy": 0.0, "street_block_id": null}}, {"type": "Feature", "geometry": {"type": "Polygon", "coordinates": [[[114.204912178, 30.564565544], [114.204833377, 30.564593804], [114.204800822, 30.564517374], [114.204875869, 30.56449045], [114.204912178, 30.564565544]]]}, "properties": {"id": 21626, "block_id": 21626, "area_sqm": 72, "poi_count": 1, "dominant_category": "交通设施服务", "category_entropy": 0.0, "street_block_id": null}}, {"type": "Feature", "geometry": {"type": "Polygon", "coordinates": [[[114.204833377, 30.564593804], [114.20470749, 30.56463895], [114.204675971, 30.564562166], [114.204800822, 30.564517374], [114.204833377, 30.564593804]]]}, "properties": {"id": 21634, "block_id": 21634, "area_sqm": 117, "poi_count": 1, "dominant_category": "地名地址信息", "category_entropy": 0.0, "street_block_id": null}}, {"type": "Feature", "geometry": {"type": "Polygon", "coordinates": [[[114.2072264, 30.5638584], [114.2049578, 30.5646599], [114.204912178, 30.564565544], [114.2052129, 30.5644577], [114.2053055, 30.5644179], [114.2069103, 30.5638559], [114.2079345, 30.5634969], [114.2075485, 30.5637304], [114.2072264, 30.5638584]]]}, "properties": {"id": 21638, "block_id": 21638, "area_sqm": 3381, "poi_count": 1, "dominant_category": "餐饮服务", "category_entropy": 0.0, "street_block_id": null}}, {"type": "Feature", "geometry": {"type": "Polygon", "coordinates": [[[114.1990965, 30.5750572], [114.198887, 30.5751122], [114.1988335, 30.5749695], [114.2014893, 30.5742903], [114.2015584, 30.5744366], [114.1990965, 30.5750572]]]}, "properties": {"id": 22727, "block_id": 22727, "area_sqm": 4506, "poi_count": 1, "dominant_category": "交通设施服务", "category_entropy": 0.0, "street_block_id": null}}, {"type": "Feature", "geometry": {"type": "Polygon", "coordinates": [[[114.2360115, 30.5751037], [114.235702, 30.5751369], [114.2356826, 30.5750611], [114.2361539, 30.5749965], [114.2364431, 30.5749229], [114.2366275, 30.5748703], [114.2373983, 30.574598], [114.2381438, 30.5742585], [114.2385193, 30.5741015], [114.2390102, 30.5738567], [114.2393308, 30.5736488], [114.2392617, 30.5737992], [114.2389082, 30.5740253], [114.2383369, 30.5742885], [114.2375287, 30.5746192], [114.2371534, 30.5747728], [114.2368599, 30.5748735], [114.236489, 30.5750044], [114.2360115, 30.5751037]]]}, "properties": {"id": 22731, "block_id": 22731, "area_sqm": 3592, "poi_count": 3, "dominant_category": "地名地址信息", "category_entropy": 0.637, "street_block_id": null}}, {"type": "Feature", "geometry": {"type": "Polygon", "coordinates": [[[114.2371565, 30.5559432], [114.23706623, 30.555993584], [114.2367667, 30.5553691], [114.2362967, 30.5544542], [114.236127296, 30.554010741], [114.2365385, 30.5547856], [114.2370674, 30.5556907], [114.2371565, 30.5559432]]]}, "properties": {"id": 20414, "block_id": 20414, "area_sqm": 1794, "poi_count": 1, "dominant_category": "地名地址信息", "category_entropy": 0.0, "street_block_id": null}}, {"type": "Feature", "geometry": {"type": "Polygon", "coordinates": [[[114.2164925, 30.5357639], [114.2161988, 30.5358936], [114.2161815, 30.5358153], [114.2163664, 30.5357464], [114.2168014, 30.5355048], [114.2172893, 30.5352107], [114.2178838, 30.5348139], [114.2179436, 30.5348851], [114.217208, 30.5353752], [114.2168258, 30.5355923], [114.2164925, 30.5357639]]]}, "properties": {"id": 17998, "block_id": 17998, "area_sqm": 1867, "poi_count": 3, "dominant_category": "购物服务", "category_entropy": 1.099, "street_block_id": null}}, {"type": "Feature", "geometry": {"type": "Polygon", "coordinates": [[[114.2242302, 30.5358474], [114.22406874, 30.535933951], [114.224029966, 30.535882664], [114.2242538, 30.5357731], [114.2245197, 30.5356037], [114.2248222, 30.5353334], [114.2251759, 30.5349302], [114.2252136, 30.5349934], [114.224802, 30.5354951], [114.2244972, 30.5357289], [114.2242302, 30.5358474]]]}, "properties": {"id": 18004, "block_id": 18004, "area_sqm": 1290, "poi_count": 1, "dominant_category": "地名地址信息", "category_entropy": 0.0, "street_block_id": null}}, {"type": "Feature", "geometry": {"type": "Polygon", "coordinates": [[[114.22406874, 30.535933951], [114.223953146, 30.535995916], [114.223915234, 30.535938823], [114.224029966, 30.535882664], [114.22406874, 30.535933951]]]}, "properties": {"id": 18009, "block_id": 18009, "area_sqm": 90, "poi_count": 2, "dominant_category": "地名地址信息", "category_entropy": 0.0, "street_block_id": null}}, {"type": "Feature", "geometry": {"type": "Polygon", "coordinates": [[[114.2080388, 30.5358278], [114.207525665, 30.536088208], [114.2075219, 30.5360325], [114.2079444, 30.535825], [114.2083115, 30.5356439], [114.2086075, 30.535488], [114.2088938, 30.5353446], [114.2091949, 30.5352274], [114.211954234, 30.53388091], [114.2124919, 30.533698], [114.2080388, 30.5358278]]]}, "properties": {"id": 18021, "block_id": 18021, "area_sqm": 3044, "poi_count": 2, "dominant_category": "地名地址信息", "category_entropy": 0.0, "street_block_id": null}}, {"type": "Feature", "geometry": {"type": "Polygon", "coordinates": [[[114.2079111, 30.5360507], [114.207535548, 30.536234475], [114.207525665, 30.536088208], [114.2080388, 30.5358278], [114.2124919, 30.533698], [114.212681251, 30.533607457], [114.212740314, 30.533716833], [114.2124831, 30.5338407], [114.2083956, 30.5358091], [114.2079111, 30.5360507]]]}, "properties": {"id": 18051, "block_id": 18051, "area_sqm": 8081, "poi_count": 3, "dominant_category": "地名地址信息", "category_entropy": 0.0, "street_block_id": null}}, {"type": "Feature", "geometry": {"type": "Polygon", "coordinates": [[[114.2134084, 30.5363102], [114.2133039, 30.5363212], [114.2133056, 30.5361623], [114.2132682, 30.5355791], [114.2131795, 30.5350723], [114.2130441, 30.5345815], [114.2129791, 30.5344095], [114.2130611, 30.5343692], [114.2132682, 30.5350401], [114.2133569, 30.5357199], [114.2134084, 30.5363102]]]}, "properties": {"id": 18062, "block_id": 18062, "area_sqm": 1765, "poi_count": 2, "dominant_category": "地名地址信息", "category_entropy": 0.693, "street_block_id": null}}, {"type": "Feature", "geometry": {"type": "Polygon", "coordinates": [[[114.207941, 30.5361395], [114.2075422, 30.5363329], [114.207535548, 30.536234475], [114.2079111, 30.5360507], [114.2083956, 30.5358091], [114.2124831, 30.5338407], [114.2120343, 30.5341301], [114.211993823, 30.534151581], [114.2097153, 30.5352344], [114.2091502, 30.5354935], [114.2090136, 30.5356229], [114.2083086, 30.535962], [114.207941, 30.5361395]]]}, "properties": {"id": 18064, "block_id": 18064, "area_sqm": 3987, "poi_count": 2, "dominant_category": "地名地址信息", "category_entropy": 0.0, "street_block_id": null}}, {"type": "Feature", "geometry": {"type": "Polygon", "coordinates": [[[114.2225988, 30.536608], [114.2225046, 30.5366542], [114.2217522, 30.5354947], [114.2216791, 30.5354317], [114.2215571, 30.5353614], [114.2216277, 30.535356], [114.2217216, 30.5353212], [114.2217537, 30.5352962], [114.2217766, 30.5353686], [114.2218254, 30.5354947], [114.2225988, 30.536608]]]}, "properties": {"id": 18111, "block_id": 18111, "area_sqm": 1441, "poi_count": 1, "dominant_category": "交通设施服务", "category_entropy": 0.0, "street_block_id": null}}, {"type": "Feature", "geometry": {"type": "Polygon", "coordinates": [[[114.2004216, 30.5391403], [114.1979009, 30.5392933], [114.197880963, 30.539241094], [114.1981412, 30.5392133], [114.2003709, 30.5390822], [114.2007248, 30.5390395], [114.2009113, 30.5390074], [114.2009726, 30.5389969], [114.2011427, 30.5389656], [114.2007549, 30.5390843], [114.2004216, 30.5391403]]]}, "properties": {"id": 18446, "block_id": 18446, "area_sqm": 1995, "poi_count": 1, "dominant_category": "地名地址信息", "category_entropy": 0.0, "street_block_id": null}}, {"type": "Feature", "geometry": {"type": "Polygon", "coordinates": [[[114.2172037, 30.5377987], [114.2169372, 30.5378111], [114.216536, 30.5377963], [114.2161012, 30.5377586], [114.2161183, 30.5376915], [114.2167944, 30.5377463], [114.2173501, 30.5377141], [114.217956, 30.5376085], [114.2179698, 30.5376652], [114.2175562, 30.5377543], [114.2172037, 30.5377987]]]}, "properties": {"id": 18234, "block_id": 18234, "area_sqm": 1368, "poi_count": 1, "dominant_category": "地名地址信息", "category_entropy": 0.0, "street_block_id": null}}, {"type": "Feature", "geometry": {"type": "Polygon", "coordinates": [[[114.2173501, 30.5377141], [114.2167944, 30.5377463], [114.2161183, 30.5376915], [114.2161589, 30.5375323], [114.2162336, 30.5371382], [114.2162663, 30.5366153], [114.2162383, 30.5360722], [114.2161988, 30.5358936], [114.2164925, 30.5357639], [114.2168258, 30.5355923], [114.217208, 30.5353752], [114.2179436, 30.5348851], [114.2181035, 30.5350755], [114.2195389, 30.5365303], [114.2193466, 30.5367537], [114.2190493, 30.5370494], [114.2187449, 30.5372628], [114.2184052, 30.5374274], [114.217956, 30.5376085], [114.2173501, 30.5377141]]]}, "properties": {"id": 18226, "block_id": 18226, "area_sqm": 66685, "poi_count": 114, "dominant_category": "购物服务", "category_entropy": 1.992, "street_block_id": null}}, {"type": "Feature", "geometry": {"type": "Polygon", "coordinates": [[[114.2130421, 30.5379157], [114.2129019, 30.5379222], [114.2126497, 30.5379172], [114.2122914, 30.5378753], [114.2119561, 30.5377839], [114.2116466, 30.5376778], [114.2112768, 30.5374531], [114.210886, 30.5371456], [114.209777, 30.5359968], [114.2098607, 30.5359576], [114.2109989, 30.5371631], [114.2112796, 30.5373774], [114.2116505, 30.5376087], [114.2118489, 30.537694], [114.2122879, 30.5378187], [114.2127689, 30.5378589], [114.2130636, 30.5378522], [114.2130421, 30.5379157]]]}, "properties": {"id": 18250, "block_id": 18250, "area_sqm": 2833, "poi_count": 1, "dominant_category": "交通设施服务", "category_entropy": 0.0, "street_block_id": null}}, {"type": "Feature", "geometry": {"type": "Polygon", "coordinates": [[[114.2009726, 30.5389969], [114.2009113, 30.5390074], [114.201012, 30.5389209], [114.2010397, 30.5388705], [114.2010674, 30.5388015], [114.2010914, 30.5387289], [114.2012142, 30.5389525], [114.2011427, 30.5389656], [114.2009726, 30.5389969]]]}, "properties": {"id": 18387, "block_id": 18387, "area_sqm": 322, "poi_count": 2, "dominant_category": "地名地址信息", "category_entropy": 0.0, "street_block_id": null}}, {"type": "Feature", "geometry": {"type": "Polygon", "coordinates": [[[114.2015912, 30.5390793], [114.201434111, 30.539121791], [114.201377979, 30.539019509], [114.2015505, 30.538969], [114.2019943, 30.5387775], [114.2037127, 30.5379754], [114.2069296, 30.5363907], [114.207426269, 30.53613865], [114.207433912, 30.536284211], [114.2037611, 30.5380815], [114.2019402, 30.5389519], [114.2015912, 30.5390793]]]}, "properties": {"id": 18408, "block_id": 18408, "area_sqm": 8774, "poi_count": 2, "dominant_category": "地名地址信息", "category_entropy": 0.0, "street_block_id": null}}, {"type": "Feature", "geometry": {"type": "Polygon", "coordinates": [[[114.2004703, 30.5392488], [114.1979487, 30.5394184], [114.197920597, 30.53934485], [114.1979622, 30.5393426], [114.1991029, 30.5392765], [114.2007444, 30.539161], [114.2011174, 30.5390958], [114.201268583, 30.539051538], [114.201323578, 30.53915169], [114.2011886, 30.5391882], [114.2008233, 30.5392568], [114.200797289, 30.539258707], [114.2004703, 30.5392488]]]}, "properties": {"id": 18472, "block_id": 18472, "area_sqm": 2710, "poi_count": 1, "dominant_category": "交通设施服务", "category_entropy": 0.0, "street_block_id": null}}, {"type": "Feature", "geometry": {"type": "Polygon", "coordinates": [[[114.2125822, 30.5393585], [114.2125499, 30.5394544], [114.2124538, 30.5394247], [114.2124901, 30.5393313], [114.2125822, 30.5393585]]]}, "properties": {"id": 18479, "block_id": 18479, "area_sqm": 105, "poi_count": 1, "dominant_category": "地名地址信息", "category_entropy": 0.0, "street_block_id": null}}, {"type": "Feature", "geometry": {"type": "Polygon", "coordinates": [[[114.2036427, 30.5432888], [114.2035319, 30.5433325], [114.2030291, 30.5423464], [114.2022773, 30.5409077], [114.2017405, 30.5399111], [114.2014843, 30.5394444], [114.2013629, 30.5392233], [114.2014733, 30.5391932], [114.2018444, 30.5398692], [114.2023817, 30.5408666], [114.203134, 30.5423062], [114.2036427, 30.5432888]]]}, "properties": {"id": 19052, "block_id": 19052, "area_sqm": 5545, "poi_count": 1, "dominant_category": "交通设施服务", "category_entropy": 0.0, "street_block_id": null}}, {"type": "Feature", "geometry": {"type": "Polygon", "coordinates": [[[114.2036966, 30.543402], [114.2035893, 30.543445], [114.2035319, 30.5433325], [114.2036427, 30.5432888], [114.2036966, 30.543402]]]}, "properties": {"id": 19062, "block_id": 19062, "area_sqm": 157, "poi_count": 1, "dominant_category": "地名地址信息", "category_entropy": 0.0, "street_block_id": null}}, {"type": "Feature", "geometry": {"type": "Polygon", "coordinates": [[[114.1979993, 30.5494544], [114.197856984, 30.549518491], [114.1978456, 30.5495078], [114.1978295, 30.5494662], [114.197824617, 30.549434189], [114.1979446, 30.5493818], [114.1986392, 30.5490268], [114.1999543, 30.548353], [114.2007427, 30.547949], [114.2007883, 30.5480215], [114.2001299, 30.5483693], [114.199985, 30.5484418], [114.198516, 30.549177], [114.1979993, 30.5494544]]]}, "properties": {"id": 19732, "block_id": 19732, "area_sqm": 3031, "poi_count": 2, "dominant_category": "交通设施服务", "category_entropy": 0.693, "street_block_id": null}}, {"type": "Feature", "geometry": {"type": "Polygon", "coordinates": [[[114.2065187, 30.5493084], [114.2066557, 30.5495353], [114.2065121, 30.5494738], [114.2063935, 30.5494762], [114.2062537, 30.5495091], [114.2063273, 30.5493491], [114.206366, 30.5492532], [114.2064125, 30.5491403], [114.2065187, 30.5493084]]]}, "properties": {"id": 19735, "block_id": 19735, "area_sqm": 677, "poi_count": 3, "dominant_category": "地名地址信息", "category_entropy": 0.0, "street_block_id": null}}, {"type": "Feature", "geometry": {"type": "Polygon", "coordinates": [[[114.2383154, 30.5511822], [114.23826361, 30.551225582], [114.2382809, 30.5510645], [114.238312767, 30.551019631], [114.2384222, 30.5509178], [114.2386836, 30.5506577], [114.239427, 30.5498351], [114.2397776, 30.5494191], [114.2401255, 30.5490148], [114.2404689, 30.5485741], [114.240522999, 30.548500598], [114.240722629, 30.548423844], [114.2405734, 30.5486316], [114.2402369, 30.5490695], [114.2398954, 30.5494953], [114.2395465, 30.5499034], [114.2389753, 30.5505144], [114.2387823, 30.5507168], [114.2385081, 30.5510018], [114.2383154, 30.5511822]]]}, "properties": {"id": 19865, "block_id": 19865, "area_sqm": 4736, "poi_count": 3, "dominant_category": "交通设施服务", "category_entropy": 0.637, "street_block_id": null}}, {"type": "Feature", "geometry": {"type": "Polygon", "coordinates": [[[114.2334134, 30.549993], [114.234255883, 30.551228009], [114.2341852, 30.551209], [114.234066967, 30.551200049], [114.2333397, 30.5500636], [114.2328916, 30.5494474], [114.2328095, 30.5493346], [114.232562714, 30.548962257], [114.232741056, 30.548871491], [114.2327664, 30.5489079], [114.233186, 30.5495965], [114.2332336, 30.5496762], [114.2334134, 30.549993]]]}, "properties": {"id": 19866, "block_id": 19866, "area_sqm": 4107, "poi_count": 1, "dominant_category": "地名地址信息", "category_entropy": 0.0, "street_block_id": null}}, {"type": "Feature", "geometry": {"type": "Polygon", "coordinates": [[[114.2383925, 30.5513292], [114.238235905, 30.551482982], [114.2382572, 30.5512853], [114.23826361, 30.551225582], [114.2383154, 30.5511822], [114.2385081, 30.5510018], [114.2387823, 30.5507168], [114.2389753, 30.5505144], [114.2387611, 30.5508657], [114.2386937, 30.5509598], [114.2385549, 30.5511394], [114.2383925, 30.5513292]]]}, "properties": {"id": 19890, "block_id": 19890, "area_sqm": 1180, "poi_count": 1, "dominant_category": "地名地址信息", "category_entropy": 0.0, "street_block_id": null}}, {"type": "Feature", "geometry": {"type": "Polygon", "coordinates": [[[114.2330791, 30.5517667], [114.2330332, 30.5519178], [114.2330362, 30.5517391], [114.2330433, 30.5516657], [114.2330789, 30.5514997], [114.2331251, 30.5513418], [114.2331768, 30.5512093], [114.2332391, 30.5510737], [114.2333013, 30.5509321], [114.2333433, 30.5507864], [114.2333491, 30.5506444], [114.2333332, 30.5504927], [114.2332879, 30.5503614], [114.2332286, 30.5502348], [114.233095151, 30.550029797], [114.233185, 30.5499775], [114.2333565, 30.5502759], [114.233950471, 30.551201598], [114.2338346, 30.5512115], [114.2336577, 30.551252], [114.2334706, 30.5513291], [114.2333175, 30.5514372], [114.2332176, 30.5515372], [114.2331399, 30.5516443], [114.2330791, 30.5517667]]]}, "properties": {"id": 19925, "block_id": 19925, "area_sqm": 5265, "poi_count": 1, "dominant_category": "地名地址信息", "category_entropy": 0.0, "street_block_id": null}}, {"type": "Feature", "geometry": {"type": "Polygon", "coordinates": [[[114.2086022, 30.5519174], [114.2085175, 30.5519703], [114.2066557, 30.5495353], [114.2065187, 30.5493084], [114.2064125, 30.5491403], [114.2058064, 30.547941], [114.2055486, 30.5474151], [114.2045859, 30.5455104], [114.2037996, 30.5438843], [114.2035893, 30.543445], [114.2036966, 30.543402], [114.2039034, 30.5438482], [114.2046782, 30.5454712], [114.2056091, 30.5473789], [114.2058706, 30.5478946], [114.206483, 30.5491036], [114.2066999, 30.5494654], [114.2086022, 30.5519174]]]}, "properties": {"id": 19929, "block_id": 19929, "area_sqm": 9372, "poi_count": 2, "dominant_category": "交通设施服务", "category_entropy": 0.693, "street_block_id": null}}, {"type": "Feature", "geometry": {"type": "Polygon", "coordinates": [[[114.1999232, 30.5519267], [114.199547, 30.5520712], [114.199471, 30.5520556], [114.1993772, 30.5520265], [114.1977979, 30.5497303], [114.1978117, 30.5496647], [114.1978542, 30.5496129], [114.1979568, 30.5495488], [114.1979647, 30.5495448], [114.1998255, 30.5485887], [114.199985, 30.5484418], [114.2001299, 30.5483693], [114.2007883, 30.5480215], [114.2026068, 30.5509142], [114.2020273, 30.5511321], [114.2009305, 30.5515238], [114.1999232, 30.5519267]]]}, "properties": {"id": 19940, "block_id": 19940, "area_sqm": 113830, "poi_count": 266, "dominant_category": "餐饮服务", "category_entropy": 2.323, "street_block_id": null}}, {"type": "Feature", "geometry": {"type": "Polygon", "coordinates": [[[114.2352239, 30.5522661], [114.235122373, 30.552286849], [114.235089953, 30.552217817], [114.2351759, 30.552192], [114.2355219, 30.5521215], [114.2361569, 30.5519951], [114.2369056, 30.5518176], [114.2372566, 30.5516959], [114.2377019, 30.5514787], [114.2383657, 30.5509451], [114.238312767, 30.551019631], [114.2382149, 30.5511107], [114.2380236, 30.5512667], [114.2377998, 30.5514233], [114.2375669, 30.5515641], [114.2372715, 30.5517167], [114.2370054, 30.5518309], [114.2367207, 30.5519292], [114.2363691, 30.5520287], [114.2359706, 30.5521196], [114.2352239, 30.5522661]]]}, "properties": {"id": 19973, "block_id": 19973, "area_sqm": 2024, "poi_count": 1, "dominant_category": "汽车服务", "category_entropy": 0.0, "street_block_id": null}}, {"type": "Feature", "geometry": {"type": "Polygon", "coordinates": [[[114.2367677, 30.5522665], [114.236525932, 30.55232756], [114.2366775, 30.5522221], [114.2368853, 30.5521033], [114.2371575, 30.5519468], [114.237371839, 30.551805934], [114.237375, 30.5518045], [114.237379219, 30.551802017], [114.2376663, 30.5516532], [114.2378779, 30.5515209], [114.237966929, 30.551456132], [114.2382572, 30.5512853], [114.238235905, 30.551482982], [114.2382144, 30.5515041], [114.2380183, 30.5516492], [114.2377866, 30.5518118], [114.237544, 30.5519521], [114.23731, 30.5520727], [114.2370697, 30.5521718], [114.2367677, 30.5522665]]]}, "properties": {"id": 19979, "block_id": 19979, "area_sqm": 3315, "poi_count": 4, "dominant_category": "地名地址信息", "category_entropy": 0.562, "street_block_id": null}}, {"type": "Feature", "geometry": {"type": "Polygon", "coordinates": [[[114.234784058, 30.552320421], [114.234710986, 30.552345674], [114.234542447, 30.552123979], [114.234019, 30.5513084], [114.233950471, 30.551201598], [114.2340148, 30.5511961], [114.234066967, 30.551200049], [114.2347815, 30.5523166], [114.234784058, 30.552320421]]]}, "properties": {"id": 19982, "block_id": 19982, "area_sqm": 1378, "poi_count": 1, "dominant_category": "地名地址信息", "category_entropy": 0.0, "street_block_id": null}}, {"type": "Feature", "geometry": {"type": "Polygon", "coordinates": [[[114.2352489, 30.5523726], [114.235170405, 30.552389125], [114.235122373, 30.552286849], [114.2352239, 30.5522661], [114.2359706, 30.5521196], [114.2363691, 30.5520287], [114.2367207, 30.5519292], [114.2370054, 30.5518309], [114.2372715, 30.5517167], [114.2375669, 30.5515641], [114.2377998, 30.5514233], [114.2380236, 30.5512667], [114.2382149, 30.5511107], [114.238312767, 30.551019631], [114.2382809, 30.5510645], [114.23826361, 30.551225582], [114.23813, 30.5513375], [114.237966929, 30.551456132], [114.237379219, 30.551802017], [114.2373725, 30.5518055], [114.2370662, 30.551941], [114.2367691, 30.5520387], [114.2364075, 30.5521394], [114.2359995, 30.5522292], [114.2355663, 30.552315], [114.2352489, 30.5523726]]]}, "properties": {"id": 19989, "block_id": 19989, "area_sqm": 4226, "poi_count": 2, "dominant_category": "地名地址信息", "category_entropy": 0.0, "street_block_id": null}}, {"type": "Feature", "geometry": {"type": "Polygon", "coordinates": [[[114.2349145, 30.552443], [114.234873736, 30.552454363], [114.234807751, 30.552355808], [114.234876, 30.5523372], [114.2349943, 30.552313023], [114.235059083, 30.552412561], [114.2349145, 30.552443]]]}, "properties": {"id": 20008, "block_id": 20008, "area_sqm": 226, "poi_count": 1, "dominant_category": "地名地址信息", "category_entropy": 0.0, "street_block_id": null}}, {"type": "Feature", "geometry": {"type": "Polygon", "coordinates": [[[114.234873736, 30.552454363], [114.234821034, 30.552469054], [114.2347608, 30.5524112], [114.23473398, 30.552375921], [114.234807751, 30.552355808], [114.234873736, 30.552454363]]]}, "properties": {"id": 20012, "block_id": 20012, "area_sqm": 82, "poi_count": 1, "dominant_category": "地名地址信息", "category_entropy": 0.0, "street_block_id": null}}, {"type": "Feature", "geometry": {"type": "Polygon", "coordinates": [[[114.2357833, 30.552507], [114.235279731, 30.552627489], [114.235275396, 30.552620785], [114.2352608, 30.5525816], [114.235183279, 30.552416536], [114.235263, 30.5523948], [114.2360275, 30.5522377], [114.2367725, 30.5520779], [114.237371839, 30.551805934], [114.2371575, 30.5519468], [114.2368853, 30.5521033], [114.2366775, 30.5522221], [114.236525932, 30.55232756], [114.2364937, 30.5523357], [114.2357833, 30.552507]]]}, "properties": {"id": 20031, "block_id": 20031, "area_sqm": 3667, "poi_count": 2, "dominant_category": "地名地址信息", "category_entropy": 0.0, "street_block_id": null}}, {"type": "Feature", "geometry": {"type": "Polygon", "coordinates": [[[114.234907119, 30.552504224], [114.2349962, 30.5526373], [114.234870123, 30.552516203], [114.234907119, 30.552504224]]]}, "properties": {"id": 20034, "block_id": 20034, "area_sqm": 32, "poi_count": 1, "dominant_category": "地名地址信息", "category_entropy": 0.0, "street_block_id": null}}, {"type": "Feature", "geometry": {"type": "Polygon", "coordinates": [[[114.235209937, 30.55264419], [114.235028633, 30.552687571], [114.2349962, 30.5526373], [114.234907119, 30.552504224], [114.235081905, 30.552447624], [114.235209937, 30.55264419]]]}, "properties": {"id": 20038, "block_id": 20038, "area_sqm": 425, "poi_count": 3, "dominant_category": "地名地址信息", "category_entropy": 0.0, "street_block_id": null}}, {"type": "Feature", "geometry": {"type": "Polygon", "coordinates": [[[114.2336358, 30.5527877], [114.23355423, 30.552828811], [114.2335278, 30.55282], [114.2333693, 30.5527458], [114.233231, 30.5526489], [114.2331052, 30.5525354], [114.2330122, 30.5524068], [114.23298437, 30.55235578], [114.2330332, 30.5519178], [114.2330791, 30.5517667], [114.2331399, 30.5516443], [114.2332176, 30.5515372], [114.2333175, 30.5514372], [114.2334706, 30.5513291], [114.2336577, 30.551252], [114.2338346, 30.5512115], [114.233950471, 30.551201598], [114.234019, 30.5513084], [114.234542447, 30.552123979], [114.2344225, 30.5519662], [114.2342661, 30.5517743], [114.2341763, 30.5517017], [114.2340605, 30.5516384], [114.2339236, 30.5515966], [114.2337678, 30.5515896], [114.2336084, 30.5516188], [114.2334797, 30.5516711], [114.2333788, 30.551752], [114.2333169, 30.5518413], [114.2332675, 30.5519548], [114.2332526, 30.5520697], [114.2332702, 30.5521916], [114.2333235, 30.5522997], [114.2333991, 30.5524016], [114.2334999, 30.5524743], [114.2336381, 30.5525234], [114.2338028, 30.5525429], [114.233982, 30.5525288], [114.2342208, 30.5524739], [114.234468988, 30.552439025], [114.2344587, 30.552443], [114.234322719, 30.552501849], [114.2342299, 30.5525331], [114.233987, 30.552632], [114.2336358, 30.5527877]]]}, "properties": {"id": 20061, "block_id": 20061, "area_sqm": 8311, "poi_count": 1, "dominant_category": "地名地址信息", "category_entropy": 0.0, "street_block_id": null}}, {"type": "Feature", "geometry": {"type": "Polygon", "coordinates": [[[114.2339856, 30.5526587], [114.233626025, 30.552852741], [114.23355423, 30.552828811], [114.2336358, 30.5527877], [114.233987, 30.552632], [114.2342299, 30.5525331], [114.234322719, 30.552501849], [114.2342512, 30.5525328], [114.2340862, 30.5526108], [114.2339856, 30.5526587]]]}, "properties": {"id": 20064, "block_id": 20064, "area_sqm": 240, "poi_count": 1, "dominant_category": "地名地址信息", "category_entropy": 0.0, "street_block_id": null}}, {"type": "Feature", "geometry": {"type": "Polygon", "coordinates": [[[114.233965595, 30.552898613], [114.2338674, 30.5528992], [114.233722802, 30.55287739], [114.2340462, 30.5527319], [114.234298, 30.5526343], [114.2345676, 30.5525397], [114.234779216, 30.552480711], [114.2348164, 30.5525336], [114.2345616, 30.5526235], [114.233965595, 30.552898613]]]}, "properties": {"id": 20073, "block_id": 20073, "area_sqm": 1068, "poi_count": 1, "dominant_category": "地名地址信息", "category_entropy": 0.0, "street_block_id": null}}, {"type": "Feature", "geometry": {"type": "Polygon", "coordinates": [[[114.235278043, 30.552627893], [114.2353832, 30.5529102], [114.235209937, 30.55264419], [114.235278043, 30.552627893]]]}, "properties": {"id": 20076, "block_id": 20076, "area_sqm": 111, "poi_count": 3, "dominant_category": "地名地址信息", "category_entropy": 0.0, "street_block_id": null}}, {"type": "Feature", "geometry": {"type": "Polygon", "coordinates": [[[114.2062893, 30.5529174], [114.203927, 30.5538214], [114.203891, 30.5537628], [114.206253, 30.5528492], [114.2062893, 30.5529174]]]}, "properties": {"id": 20149, "block_id": 20149, "area_sqm": 1942, "poi_count": 6, "dominant_category": "地名地址信息", "category_entropy": 0.868, "street_block_id": null}}, {"type": "Feature", "geometry": {"type": "Polygon", "coordinates": [[[114.2315522, 30.5539279], [114.2312908, 30.553988], [114.231290798, 30.553934213], [114.23157, 30.5538337], [114.2318826, 30.5536986], [114.2323793, 30.5534679], [114.2333227, 30.5529455], [114.23355423, 30.552828811], [114.233626025, 30.552852741], [114.2335618, 30.5528874], [114.2330703, 30.5531495], [114.2325687, 30.553429], [114.2320712, 30.5537224], [114.2316988, 30.5538739], [114.2315522, 30.5539279]]]}, "properties": {"id": 20169, "block_id": 20169, "area_sqm": 1899, "poi_count": 2, "dominant_category": "交通设施服务", "category_entropy": 0.693, "street_block_id": null}}, {"type": "Feature", "geometry": {"type": "Polygon", "coordinates": [[[114.2308334, 30.5540723], [114.230681738, 30.554091453], [114.230877, 30.5540507], [114.23126, 30.5539453], [114.231290798, 30.553934213], [114.2312908, 30.553988], [114.2308334, 30.5540723]]]}, "properties": {"id": 20186, "block_id": 20186, "area_sqm": 159, "poi_count": 1, "dominant_category": "地名地址信息", "category_entropy": 0.0, "street_block_id": null}}, {"type": "Feature", "geometry": {"type": "Polygon", "coordinates": [[[114.2316863, 30.5540625], [114.2312686, 30.5541772], [114.2312908, 30.5540759], [114.2312908, 30.554055051], [114.2313159, 30.5540489], [114.2316285, 30.5539433], [114.2320122, 30.5538002], [114.2324299, 30.5535922], [114.2329844, 30.5532719], [114.2334643, 30.5530984], [114.2337177, 30.5530225], [114.233728397, 30.553020571], [114.232153, 30.5538685], [114.2319465, 30.553977], [114.2316863, 30.5540625]]]}, "properties": {"id": 20197, "block_id": 20197, "area_sqm": 3105, "poi_count": 3, "dominant_category": "地名地址信息", "category_entropy": 0.0, "street_block_id": null}}, {"type": "Feature", "geometry": {"type": "Polygon", "coordinates": [[[114.2001391, 30.5539831], [114.2002629, 30.5544499], [114.1997635, 30.5535114], [114.1990429, 30.5522729], [114.1974049, 30.5499244], [114.197292181, 30.549762728], [114.197434867, 30.549703677], [114.1991331, 30.5521231], [114.199471, 30.5526805], [114.1998776, 30.5534643], [114.2001391, 30.5539831]]]}, "properties": {"id": 20232, "block_id": 20232, "area_sqm": 8343, "poi_count": 7, "dominant_category": "通行设施", "category_entropy": 1.55, "street_block_id": null}}, {"type": "Feature", "geometry": {"type": "Polygon", "coordinates": [[[114.2210111, 30.5553796], [114.2207073, 30.5554626], [114.220687674, 30.555400545], [114.2208478, 30.5553801], [114.22104812, 30.555372299], [114.2210111, 30.5553796]]]}, "properties": {"id": 20330, "block_id": 20330, "area_sqm": 132, "poi_count": 1, "dominant_category": "地名地址信息", "category_entropy": 0.0, "street_block_id": null}}, {"type": "Feature", "geometry": {"type": "Polygon", "coordinates": [[[114.2209332, 30.5554979], [114.220740431, 30.55555554], [114.22071875, 30.555498754], [114.2209637, 30.5554274], [114.2213049, 30.5553623], [114.2214662, 30.5553316], [114.2221214, 30.5552182], [114.224075631, 30.554961429], [114.224093039, 30.555014109], [114.223678, 30.5550634], [114.2229835, 30.555157], [114.222385, 30.5552429], [114.2219249, 30.5553118], [114.2212826, 30.5554277], [114.2209332, 30.5554979]]]}, "properties": {"id": 20344, "block_id": 20344, "area_sqm": 2048, "poi_count": 2, "dominant_category": "地名地址信息", "category_entropy": 0.0, "street_block_id": null}}, {"type": "Feature", "geometry": {"type": "Polygon", "coordinates": [[[114.2210138, 30.5555477], [114.2207634, 30.5556157], [114.220740431, 30.55555554], [114.2209332, 30.5554979], [114.2212826, 30.5554277], [114.2219249, 30.5553118], [114.222385, 30.5552429], [114.2229835, 30.555157], [114.223678, 30.5550634], [114.224093039, 30.555014109], [114.2241124, 30.5550727], [114.2231971, 30.5551989], [114.2219901, 30.5553675], [114.2210138, 30.5555477]]]}, "properties": {"id": 20354, "block_id": 20354, "area_sqm": 2452, "poi_count": 1, "dominant_category": "地名地址信息", "category_entropy": 0.0, "street_block_id": null}}, {"type": "Feature", "geometry": {"type": "Polygon", "coordinates": [[[114.2005906, 30.5551642], [114.1994938, 30.5557475], [114.1994701, 30.5556848], [114.2005551, 30.5550962], [114.2005906, 30.5551642]]]}, "properties": {"id": 20376, "block_id": 20376, "area_sqm": 943, "poi_count": 1, "dominant_category": "地名地址信息", "category_entropy": 0.0, "street_block_id": null}}, {"type": "Feature", "geometry": {"type": "Polygon", "coordinates": [[[114.2374072, 30.555907], [114.2371744, 30.5559808], [114.2371565, 30.5559432], [114.237376, 30.5558208], [114.2375224, 30.5557673], [114.2398821, 30.5549051], [114.2399234, 30.5549887], [114.2374072, 30.555907]]]}, "properties": {"id": 20411, "block_id": 20411, "area_sqm": 2796, "poi_count": 1, "dominant_category": "地名地址信息", "category_entropy": 0.0, "street_block_id": null}}, {"type": "Feature", "geometry": {"type": "Polygon", "coordinates": [[[114.23706623, 30.555993584], [114.2369768, 30.5560435], [114.23689256, 30.555968774], [114.2362002, 30.5545088], [114.2358107, 30.5538998], [114.235028633, 30.552687571], [114.235209937, 30.55264419], [114.2353832, 30.5529102], [114.2362967, 30.5544542], [114.2367667, 30.5553691], [114.23706623, 30.555993584]]]}, "properties": {"id": 20427, "block_id": 20427, "area_sqm": 5811, "poi_count": 3, "dominant_category": "地名地址信息", "category_entropy": 0.0, "street_block_id": null}}, {"type": "Feature", "geometry": {"type": "Polygon", "coordinates": [[[114.236931601, 30.556051098], [114.2366074, 30.5561056], [114.2366723, 30.5560309], [114.2367166, 30.5559451], [114.2367333, 30.5558275], [114.23689256, 30.555968774], [114.236931601, 30.556051098]]]}, "properties": {"id": 20443, "block_id": 20443, "area_sqm": 417, "poi_count": 3, "dominant_category": "地名地址信息", "category_entropy": 0.0, "street_block_id": null}}, {"type": "Feature", "geometry": {"type": "Polygon", "coordinates": [[[114.2191818, 30.5560044], [114.2176386, 30.5566232], [114.217751, 30.556459], [114.2186075, 30.5560903], [114.2196551, 30.5556636], [114.2203028, 30.5554655], [114.2204656, 30.5554289], [114.220687674, 30.555400545], [114.2207073, 30.5554626], [114.2202292, 30.5556141], [114.2196325, 30.5558254], [114.2191818, 30.5560044]]]}, "properties": {"id": 20528, "block_id": 20528, "area_sqm": 4297, "poi_count": 4, "dominant_category": "地名地址信息", "category_entropy": 0.0, "street_block_id": null}}, {"type": "Feature", "geometry": {"type": "Polygon", "coordinates": [[[114.2178946, 30.5565666], [114.217646257, 30.556663777], [114.2176386, 30.5566232], [114.2191818, 30.5560044], [114.2196325, 30.5558254], [114.2202292, 30.5556141], [114.2207073, 30.5554626], [114.2207185, 30.5554981], [114.22071875, 30.555498754], [114.2204625, 30.5555734], [114.2192657, 30.5560169], [114.2178946, 30.5565666]]]}, "properties": {"id": 20534, "block_id": 20534, "area_sqm": 1507, "poi_count": 2, "dominant_category": "地名地址信息", "category_entropy": 0.0, "street_block_id": null}}, {"type": "Feature", "geometry": {"type": "Polygon", "coordinates": [[[114.2192392, 30.556179], [114.217683, 30.5567855], [114.217664571, 30.556728973], [114.2192972, 30.5560779], [114.2204807, 30.5556332], [114.220740431, 30.55555554], [114.2207634, 30.5556157], [114.2206249, 30.5556516], [114.2204854, 30.5556932], [114.2192392, 30.556179]]]}, "properties": {"id": 20554, "block_id": 20554, "area_sqm": 2292, "poi_count": 2, "dominant_category": "交通设施服务", "category_entropy": 0.693, "street_block_id": null}}, {"type": "Feature", "geometry": {"type": "Polygon", "coordinates": [[[114.2020196, 30.5575708], [114.201899135, 30.557604251], [114.2013201, 30.5562773], [114.200792, 30.554977], [114.2001986, 30.5537697], [114.2005033, 30.5541333], [114.2006469, 30.5543517], [114.2009041, 30.554926], [114.200933, 30.5549905], [114.2020196, 30.5575708]]]}, "properties": {"id": 20635, "block_id": 20635, "area_sqm": 5591, "poi_count": 6, "dominant_category": "地名地址信息", "category_entropy": 0.0, "street_block_id": null}}, {"type": "Feature", "geometry": {"type": "Polygon", "coordinates": [[[114.201899135, 30.557604251], [114.201793489, 30.557633588], [114.201679, 30.5573622], [114.2011964, 30.5563182], [114.2004869, 30.5546734], [114.2001391, 30.5539831], [114.1998776, 30.5534643], [114.199471, 30.5526805], [114.1991331, 30.5521231], [114.197434867, 30.549703677], [114.19755018, 30.549655955], [114.1992809, 30.5521249], [114.2000515, 30.5534705], [114.2001986, 30.5537697], [114.200792, 30.554977], [114.2013201, 30.5562773], [114.201899135, 30.557604251]]]}, "properties": {"id": 20638, "block_id": 20638, "area_sqm": 12513, "poi_count": 5, "dominant_category": "地名地址信息", "category_entropy": 0.95, "street_block_id": null}}, {"type": "Feature", "geometry": {"type": "Polygon", "coordinates": [[[114.201793489, 30.557633588], [114.2017099, 30.5576568], [114.2015826, 30.5573412], [114.2005906, 30.5551642], [114.2005551, 30.5550962], [114.2004185, 30.5548066], [114.2002629, 30.5544499], [114.2001391, 30.5539831], [114.2004869, 30.5546734], [114.2011964, 30.5563182], [114.201679, 30.5573622], [114.201793489, 30.557633588]]]}, "properties": {"id": 20640, "block_id": 20640, "area_sqm": 3540, "poi_count": 1, "dominant_category": "地名地址信息", "category_entropy": 0.0, "street_block_id": null}}, {"type": "Feature", "geometry": {"type": "Polygon", "coordinates": [[[114.2139254, 30.5580145], [114.212687788, 30.558300992], [114.212662973, 30.558242118], [114.2140241, 30.5579261], [114.2147574, 30.5577466], [114.214828196, 30.557727793], [114.214846915, 30.557783089], [114.2139254, 30.5580145]]]}, "properties": {"id": 20743, "block_id": 20743, "area_sqm": 1462, "poi_count": 1, "dominant_category": "地名地址信息", "category_entropy": 0.0, "street_block_id": null}}, {"type": "Feature", "geometry": {"type": "Polygon", "coordinates": [[[114.2126127, 30.5583536], [114.212726869, 30.558741708], [114.2127102, 30.5587151], [114.2125535, 30.5585863], [114.2123402, 30.5585146], [114.2121465, 30.5585093], [114.2117851, 30.5585603], [114.211698521, 30.558569933], [114.2120716, 30.5584815], [114.2126127, 30.5583536]]]}, "properties": {"id": 20791, "block_id": 20791, "area_sqm": 939, "poi_count": 5, "dominant_category": "地名地址信息", "category_entropy": 0.0, "street_block_id": null}}, {"type": "Feature", "geometry": {"type": "Polygon", "coordinates": [[[114.2113663, 30.5586069], [114.210047658, 30.558932116], [114.209993257, 30.558858609], [114.2107804, 30.5586792], [114.212573106, 30.558262982], [114.212598722, 30.55832161], [114.2113663, 30.5586069]]]}, "properties": {"id": 20832, "block_id": 20832, "area_sqm": 1897, "poi_count": 4, "dominant_category": "地名地址信息", "category_entropy": 0.0, "street_block_id": null}}, {"type": "Feature", "geometry": {"type": "Polygon", "coordinates": [[[114.2083346, 30.5592001], [114.207794159, 30.559304282], [114.2082415, 30.5591598], [114.2092254, 30.5588937], [114.209896021, 30.558727265], [114.2099709, 30.5588284], [114.2083346, 30.5592001]]]}, "properties": {"id": 20909, "block_id": 20909, "area_sqm": 1842, "poi_count": 2, "dominant_category": "地名地址信息", "category_entropy": 0.0, "street_block_id": null}}, {"type": "Feature", "geometry": {"type": "Polygon", "coordinates": [[[114.2080435, 30.5592968], [114.2075139, 30.5593948], [114.207794159, 30.559304282], [114.2083346, 30.5592001], [114.2099709, 30.5588284], [114.209993257, 30.558858609], [114.2087442, 30.5591433], [114.2080435, 30.5592968]]]}, "properties": {"id": 20926, "block_id": 20926, "area_sqm": 898, "poi_count": 1, "dominant_category": "交通设施服务", "category_entropy": 0.0, "street_block_id": null}}, {"type": "Feature", "geometry": {"type": "Polygon", "coordinates": [[[114.2227119, 30.5596794], [114.2220974, 30.5598203], [114.2220711, 30.5597448], [114.2226851, 30.5596193], [114.2257163, 30.5591259], [114.2283925, 30.5587225], [114.2284089, 30.5588018], [114.2281091, 30.558848], [114.2254674, 30.5592549], [114.2227119, 30.5596794]]]}, "properties": {"id": 20985, "block_id": 20985, "area_sqm": 5430, "poi_count": 2, "dominant_category": "交通设施服务", "category_entropy": 0.693, "street_block_id": null}}, {"type": "Feature", "geometry": {"type": "Polygon", "coordinates": [[[114.2066514, 30.5596596], [114.206531883, 30.559668819], [114.206466462, 30.559527446], [114.2068942, 30.5594925], [114.2075139, 30.5593948], [114.2080435, 30.5592968], [114.2087442, 30.5591433], [114.209993257, 30.558858609], [114.210047658, 30.558932116], [114.2086736, 30.559271], [114.208008725, 30.559437054], [114.2075052, 30.5595324], [114.2069511, 30.5596284], [114.2066514, 30.5596596]]]}, "properties": {"id": 20968, "block_id": 20968, "area_sqm": 4533, "poi_count": 4, "dominant_category": "地名地址信息", "category_entropy": 0.0, "street_block_id": null}}, {"type": "Feature", "geometry": {"type": "Polygon", "coordinates": [[[114.206531883, 30.559668819], [114.206442032, 30.55967575], [114.2063547, 30.5595355], [114.2064303, 30.5595304], [114.206466462, 30.559527446], [114.206531883, 30.559668819]]]}, "properties": {"id": 20969, "block_id": 20969, "area_sqm": 157, "poi_count": 1, "dominant_category": "地名地址信息", "category_entropy": 0.0, "street_block_id": null}}, {"type": "Feature", "geometry": {"type": "Polygon", "coordinates": [[[114.2036196, 30.5599946], [114.203104946, 30.560161851], [114.2030945, 30.5601353], [114.2041262, 30.5598145], [114.204606006, 30.559699528], [114.2048781, 30.5596706], [114.2042705, 30.559808], [114.2039191, 30.5598963], [114.2036196, 30.5599946]]]}, "properties": {"id": 21034, "block_id": 21034, "area_sqm": 460, "poi_count": 1, "dominant_category": "交通设施服务", "category_entropy": 0.0, "street_block_id": null}}, {"type": "Feature", "geometry": {"type": "Polygon", "coordinates": [[[114.2030945, 30.5601353], [114.203007521, 30.560181714], [114.2029426, 30.5600277], [114.2026781, 30.5594791], [114.2026044, 30.5593086], [114.2020768, 30.5580114], [114.20224, 30.5582832], [114.202311, 30.5584312], [114.2025192, 30.5588355], [114.2027351, 30.5593418], [114.2028632, 30.5595827], [114.2030945, 30.5601353]]]}, "properties": {"id": 21037, "block_id": 21037, "area_sqm": 2186, "poi_count": 1, "dominant_category": "地名地址信息", "category_entropy": 0.0, "street_block_id": null}}, {"type": "Feature", "geometry": {"type": "Polygon", "coordinates": [[[114.2036511, 30.5601999], [114.203591528, 30.560201916], [114.2042516, 30.559969], [114.2048015, 30.5598281], [114.2052199, 30.5597657], [114.205442004, 30.55975666], [114.2052333, 30.5597826], [114.2049799, 30.559834], [114.2046207, 30.5599269], [114.204197, 30.5600516], [114.2038843, 30.5601305], [114.2036511, 30.5601999]]]}, "properties": {"id": 21042, "block_id": 21042, "area_sqm": 768, "poi_count": 3, "dominant_category": "地名地址信息", "category_entropy": 0.0, "street_block_id": null}}, {"type": "Feature", "geometry": {"type": "Polygon", "coordinates": [[[114.202927248, 30.560219599], [114.202764954, 30.560272341], [114.2017099, 30.5576568], [114.201793489, 30.557633588], [114.2018129, 30.5576796], [114.2019196, 30.5580523], [114.202174, 30.5586661], [114.2026896, 30.5599099], [114.2027299, 30.5599821], [114.2027615, 30.5600328], [114.2027924, 30.5600614], [114.2028584, 30.5601162], [114.202890837, 30.56013487], [114.202927248, 30.560219599]]]}, "properties": {"id": 21054, "block_id": 21054, "area_sqm": 1980, "poi_count": 3, "dominant_category": "地名地址信息", "category_entropy": 0.0, "street_block_id": null}}, {"type": "Feature", "geometry": {"type": "Polygon", "coordinates": [[[114.2211989, 30.5600241], [114.2189079, 30.5605435], [114.2188852, 30.5604737], [114.2220711, 30.5597448], [114.2220974, 30.5598203], [114.2211989, 30.5600241]]]}, "properties": {"id": 21102, "block_id": 21102, "area_sqm": 2653, "poi_count": 1, "dominant_category": "地名地址信息", "category_entropy": 0.0, "street_block_id": null}}, {"type": "Feature", "geometry": {"type": "Polygon", "coordinates": [[[114.2028196, 30.5604083], [114.2014286, 30.5608204], [114.2014014, 30.5607473], [114.2027778, 30.5603043], [114.2028196, 30.5604083]]]}, "properties": {"id": 21127, "block_id": 21127, "area_sqm": 1460, "poi_count": 1, "dominant_category": "地名地址信息", "category_entropy": 0.0, "street_block_id": null}}, {"type": "Feature", "geometry": {"type": "Polygon", "coordinates": [[[114.239631554, 30.561551871], [114.2395315, 30.5616219], [114.239490037, 30.56153914], [114.239588289, 30.561470311], [114.239631554, 30.561551871]]]}, "properties": {"id": 21266, "block_id": 21266, "area_sqm": 118, "poi_count": 1, "dominant_category": "地名地址信息", "category_entropy": 0.0, "street_block_id": null}}, {"type": "Feature", "geometry": {"type": "Polygon", "coordinates": [[[114.2160502, 30.5612474], [114.2139151, 30.5618028], [114.2138805, 30.5617254], [114.2160267, 30.56118], [114.2160502, 30.5612474]]]}, "properties": {"id": 21280, "block_id": 21280, "area_sqm": 1818, "poi_count": 1, "dominant_category": "交通设施服务", "category_entropy": 0.0, "street_block_id": null}}, {"type": "Feature", "geometry": {"type": "Polygon", "coordinates": [[[114.2095307, 30.5628753], [114.2083378, 30.5632714], [114.2081516, 30.5632136], [114.2080865, 30.5631856], [114.2079849, 30.5630876], [114.207289, 30.5613822], [114.2065415, 30.5596896], [114.2066656, 30.5596779], [114.2069511, 30.5596284], [114.2074347, 30.5595637], [114.2078652, 30.5594729], [114.208008725, 30.559437054], [114.2082963, 30.5593826], [114.2088838, 30.559246], [114.210066, 30.5589569], [114.2101222, 30.5590328], [114.211817, 30.562267], [114.2095307, 30.5628753]]]}, "properties": {"id": 21420, "block_id": 21420, "area_sqm": 147205, "poi_count": 181, "dominant_category": "购物服务", "category_entropy": 1.74, "street_block_id": null}}, {"type": "Feature", "geometry": {"type": "Polygon", "coordinates": [[[114.2408006, 30.5631391], [114.240908, 30.5633955], [114.2406547, 30.5630256], [114.2398511, 30.5616444], [114.239804606, 30.561559033], [114.2398404, 30.5615363], [114.2398658, 30.5615282], [114.239898, 30.5615247], [114.2399245, 30.5615271], [114.2399436, 30.5615328], [114.2399732, 30.5615552], [114.2407144, 30.5629107], [114.2407551, 30.5630095], [114.2407771, 30.563072], [114.2408006, 30.5631391]]]}, "properties": {"id": 21437, "block_id": 21437, "area_sqm": 2542, "poi_count": 2, "dominant_category": "地名地址信息", "category_entropy": 0.0, "street_block_id": null}}, {"type": "Feature", "geometry": {"type": "Polygon", "coordinates": [[[114.2079996, 30.5633818], [114.207743, 30.5634701], [114.2078914, 30.5633151], [114.2079402, 30.5632101], [114.2079361, 30.5631366], [114.2078914, 30.5630351], [114.2070985, 30.5611979], [114.2066555, 30.5601715], [114.2064557, 30.5596977], [114.2065415, 30.5596896], [114.207289, 30.5613822], [114.2079849, 30.5630876], [114.2080865, 30.5631856], [114.2081516, 30.5632136], [114.2083378, 30.5632714], [114.2081401, 30.5633371], [114.2079996, 30.5633818]]]}, "properties": {"id": 21448, "block_id": 21448, "area_sqm": 4262, "poi_count": 3, "dominant_category": "交通设施服务", "category_entropy": 1.099, "street_block_id": null}}, {"type": "Feature", "geometry": {"type": "Polygon", "coordinates": [[[114.2369895, 30.5633883], [114.2368359, 30.5634856], [114.2370011, 30.5633297], [114.2371622, 30.5631767], [114.2372883, 30.5630771], [114.2373929, 30.5630053], [114.2375239, 30.5629165], [114.239490037, 30.56153914], [114.2395315, 30.5616219], [114.2393025, 30.5617808], [114.2392642, 30.5618076], [114.2383135, 30.5624707], [114.2380489, 30.5626548], [114.2375739, 30.5629867], [114.2373808, 30.5631184], [114.2372444, 30.5632166], [114.2371157, 30.5633104], [114.2371, 30.5633219], [114.2369895, 30.5633883]]]}, "properties": {"id": 21452, "block_id": 21452, "area_sqm": 2862, "poi_count": 3, "dominant_category": "地名地址信息", "category_entropy": 0.637, "street_block_id": null}}, {"type": "Feature", "geometry": {"type": "Polygon", "coordinates": [[[114.2051955, 30.5642971], [114.2048493, 30.5644355], [114.203973, 30.5622064], [114.2040811, 30.5621664], [114.2070985, 30.5611979], [114.2078914, 30.5630351], [114.2079361, 30.5631366], [114.2079402, 30.5632101], [114.2078914, 30.5633151], [114.207743, 30.5634701], [114.2073875, 30.5635967], [114.2051955, 30.5642971]]]}, "properties": {"id": 21600, "block_id": 21600, "area_sqm": 83501, "poi_count": 774, "dominant_category": "购物服务", "category_entropy": 1.729, "street_block_id": null}}, {"type": "Feature", "geometry": {"type": "Polygon", "coordinates": [[[114.2048493, 30.5644355], [114.204777522, 30.56446267], [114.2046325, 30.5641222], [114.2038001, 30.562062], [114.2037511, 30.5618275], [114.203628841, 30.561391757], [114.203973, 30.5622064], [114.2048493, 30.5644355]]]}, "properties": {"id": 21603, "block_id": 21603, "area_sqm": 2962, "poi_count": 5, "dominant_category": "购物服务", "category_entropy": 1.332, "street_block_id": null}}, {"type": "Feature", "geometry": {"type": "Polygon", "coordinates": [[[114.242273986, 30.565301883], [114.242083721, 30.565392476], [114.2414148, 30.564414], [114.2408711, 30.5636531], [114.2407443, 30.5634485], [114.2406447, 30.5632858], [114.2405382, 30.5630684], [114.2397213, 30.5616891], [114.239685612, 30.561634608], [114.239804606, 30.561559033], [114.2398511, 30.5616444], [114.2406547, 30.5630256], [114.240908, 30.5633955], [114.2410569, 30.5636112], [114.2415743, 30.5643405], [114.2421024, 30.5650757], [114.242273986, 30.565301883]]]}, "properties": {"id": 21707, "block_id": 21707, "area_sqm": 7522, "poi_count": 1, "dominant_category": "地名地址信息", "category_entropy": 0.0, "street_block_id": null}}, {"type": "Feature", "geometry": {"type": "Polygon", "coordinates": [[[114.2019207, 30.5655416], [114.201603, 30.565639], [114.2019111, 30.5654755], [114.2039064, 30.5647636], [114.2040862, 30.5647047], [114.2045542, 30.5645472], [114.204576431, 30.564597878], [114.2023872, 30.5653833], [114.2019207, 30.5655416]]]}, "properties": {"id": 21730, "block_id": 21730, "area_sqm": 2178, "poi_count": 1, "dominant_category": "地名地址信息", "category_entropy": 0.0, "street_block_id": null}}, {"type": "Feature", "geometry": {"type": "Polygon", "coordinates": [[[114.2005559, 30.5659509], [114.2002615, 30.5660319], [114.2002869, 30.565841], [114.2002896, 30.565821], [114.2002966, 30.5657089], [114.2001617, 30.5638942], [114.2001322, 30.5635095], [114.200236, 30.5634882], [114.2002666, 30.5638867], [114.2003606, 30.5657097], [114.2004252, 30.565802], [114.2004607, 30.5658527], [114.2005559, 30.5659509]]]}, "properties": {"id": 21775, "block_id": 21775, "area_sqm": 2620, "poi_count": 4, "dominant_category": "交通设施服务", "category_entropy": 0.0, "street_block_id": null}}, {"type": "Feature", "geometry": {"type": "Polygon", "coordinates": [[[114.2014185, 30.5658556], [114.200754553, 30.566031906], [114.200717791, 30.565909958], [114.2011672, 30.5657963], [114.2014826, 30.5656825], [114.201603, 30.565639], [114.2019207, 30.5655416], [114.2023872, 30.5653833], [114.204576431, 30.564597878], [114.204609813, 30.564673978], [114.2046078, 30.5646747], [114.2019586, 30.5656225], [114.2014185, 30.5658556]]]}, "properties": {"id": 21776, "block_id": 21776, "area_sqm": 4124, "poi_count": 2, "dominant_category": "交通设施服务", "category_entropy": 0.693, "street_block_id": null}}, {"type": "Feature", "geometry": {"type": "Polygon", "coordinates": [[[114.2244509, 30.5663225], [114.2241343, 30.5663748], [114.2239901, 30.5658234], [114.224311, 30.5658707], [114.2244509, 30.5663225]]]}, "properties": {"id": 21818, "block_id": 21818, "area_sqm": 1704, "poi_count": 1, "dominant_category": "购物服务", "category_entropy": 0.0, "street_block_id": 5063}}, {"type": "Feature", "geometry": {"type": "Polygon", "coordinates": [[[114.2329227, 30.5664443], [114.2318957, 30.5668199], [114.2318518, 30.5667582], [114.2328253, 30.5663952], [114.233652, 30.5659742], [114.235438, 30.5647252], [114.2362703, 30.5639229], [114.2367746, 30.5634368], [114.2370116, 30.5632083], [114.2371755, 30.5630629], [114.2372786, 30.5629789], [114.2373693, 30.5629139], [114.2374629, 30.5628495], [114.239451328, 30.561461877], [114.239490037, 30.56153914], [114.2375239, 30.5629165], [114.2373929, 30.5630053], [114.2372883, 30.5630771], [114.2371622, 30.5631767], [114.2370011, 30.5633297], [114.2368359, 30.5634856], [114.2354816, 30.5647639], [114.2337142, 30.5660602], [114.2329227, 30.5664443]]]}, "properties": {"id": 21849, "block_id": 21849, "area_sqm": 8061, "poi_count": 1, "dominant_category": "交通设施服务", "category_entropy": 0.0, "street_block_id": null}}, {"type": "Feature", "geometry": {"type": "Polygon", "coordinates": [[[114.1967895, 30.5668673], [114.1961539, 30.5669955], [114.1961345, 30.5669128], [114.1967496, 30.5667858], [114.1972622, 30.5666791], [114.1981507, 30.5664941], [114.2002615, 30.5660319], [114.2005559, 30.5659509], [114.200717791, 30.565909958], [114.200754553, 30.566031906], [114.200619, 30.5660679], [114.2004681, 30.5661082], [114.1981769, 30.5665784], [114.1972552, 30.5667703], [114.1967895, 30.5668673]]]}, "properties": {"id": 21876, "block_id": 21876, "area_sqm": 4899, "poi_count": 3, "dominant_category": "地名地址信息", "category_entropy": 0.0, "street_block_id": null}}, {"type": "Feature", "geometry": {"type": "Polygon", "coordinates": [[[114.215699, 30.5671615], [114.2156119, 30.5671799], [114.2149327, 30.565147], [114.2149013, 30.5650317], [114.2147738, 30.5646512], [114.2148608, 30.5646287], [114.215699, 30.5671615]]]}, "properties": {"id": 21896, "block_id": 21896, "area_sqm": 2584, "poi_count": 1, "dominant_category": "地名地址信息", "category_entropy": 0.0, "street_block_id": null}}, {"type": "Feature", "geometry": {"type": "Polygon", "coordinates": [[[114.2049578, 30.5646599], [114.2063277, 30.5678963], [114.206259436, 30.567895464], [114.2060034, 30.5672842], [114.2054156, 30.5659607], [114.204873442, 30.564687865], [114.2049578, 30.5646599]]]}, "properties": {"id": 21980, "block_id": 21980, "area_sqm": 2838, "poi_count": 3, "dominant_category": "地名地址信息", "category_entropy": 0.0, "street_block_id": null}}, {"type": "Feature", "geometry": {"type": "Polygon", "coordinates": [[[114.2061645, 30.5678943], [114.206061347, 30.56791561], [114.2058077, 30.5672883], [114.2052861, 30.5660095], [114.2049341, 30.565191], [114.204745041, 30.564730429], [114.204873442, 30.564687865], [114.2054156, 30.5659607], [114.2060034, 30.5672842], [114.206259436, 30.567895464], [114.2061645, 30.5678943]]]}, "properties": {"id": 21985, "block_id": 21985, "area_sqm": 5777, "poi_count": 2, "dominant_category": "地名地址信息", "category_entropy": 0.0, "street_block_id": null}}, {"type": "Feature", "geometry": {"type": "Polygon", "coordinates": [[[114.2016744, 30.5690652], [114.1987613, 30.5698799], [114.1981087, 30.5680888], [114.2010113, 30.5674563], [114.2016744, 30.5690652]]]}, "properties": {"id": 22159, "block_id": 22159, "area_sqm": 57636, "poi_count": 204, "dominant_category": "地名地址信息", "category_entropy": 1.942, "street_block_id": null}}, {"type": "Feature", "geometry": {"type": "Polygon", "coordinates": [[[114.2074882, 30.5714095], [114.207573, 30.5716646], [114.2074088, 30.5713464], [114.2071179, 30.5707017], [114.2070207, 30.5704708], [114.2068901, 30.5701053], [114.205967, 30.5679351], [114.206061347, 30.56791561], [114.2062137, 30.5682924], [114.2069747, 30.5700424], [114.2074114, 30.5711111], [114.2074882, 30.5714095]]]}, "properties": {"id": 22309, "block_id": 22309, "area_sqm": 3982, "poi_count": 3, "dominant_category": "地名地址信息", "category_entropy": 0.637, "street_block_id": null}}, {"type": "Feature", "geometry": {"type": "Polygon", "coordinates": [[[114.208312435, 30.572562274], [114.208207789, 30.572593235], [114.2081606, 30.5725309], [114.2080447, 30.5723643], [114.2077112, 30.5718849], [114.207573, 30.5716646], [114.2074882, 30.5714095], [114.2074114, 30.5711111], [114.2076337, 30.5714803], [114.2079017, 30.5719306], [114.2082496, 30.5724855], [114.208312435, 30.572562274]]]}, "properties": {"id": 22439, "block_id": 22439, "area_sqm": 1951, "poi_count": 1, "dominant_category": "地名地址信息", "category_entropy": 0.0, "street_block_id": null}}, {"type": "Feature", "geometry": {"type": "Polygon", "coordinates": [[[114.2071179, 30.5707017], [114.2027671, 30.5719063], [114.2023033, 30.5707004], [114.2016744, 30.5690652], [114.2033737, 30.5685933], [114.2037438, 30.5695813], [114.2042231, 30.5694432], [114.203849, 30.5684658], [114.2051496, 30.5681428], [114.2058502, 30.5679592], [114.205967, 30.5679351], [114.2068901, 30.5701053], [114.2070207, 30.5704708], [114.2071179, 30.5707017]]]}, "properties": {"id": 22338, "block_id": 22338, "area_sqm": 138199, "poi_count": 587, "dominant_category": "购物服务", "category_entropy": 1.961, "street_block_id": null}}, {"type": "Feature", "geometry": {"type": "Polygon", "coordinates": [[[114.2185951, 30.5721516], [114.2185304, 30.5721538], [114.2178754, 30.5710974], [114.2179518, 30.5710647], [114.2185951, 30.5721516]]]}, "properties": {"id": 22376, "block_id": 22376, "area_sqm": 925, "poi_count": 1, "dominant_category": "地名地址信息", "category_entropy": 0.0, "street_block_id": null}}, {"type": "Feature", "geometry": {"type": "Polygon", "coordinates": [[[114.2223509, 30.5722708], [114.2204622, 30.5723905], [114.2200684, 30.5722286], [114.218781, 30.5721547], [114.2185951, 30.5721516], [114.2179518, 30.5710647], [114.2212765, 30.5695939], [114.2214511, 30.5696166], [114.2215465, 30.569667], [114.2215977, 30.5697455], [114.2221774, 30.5706342], [114.2222482, 30.5707773], [114.2223252, 30.5709761], [114.2223498, 30.5711669], [114.2223375, 30.5715246], [114.2223509, 30.5722708]]]}, "properties": {"id": 22401, "block_id": 22401, "area_sqm": 88570, "poi_count": 177, "dominant_category": "购物服务", "category_entropy": 2.351, "street_block_id": null}}, {"type": "Feature", "geometry": {"type": "Polygon", "coordinates": [[[114.2086571, 30.5724603], [114.208531431, 30.572497481], [114.2083902, 30.5722605], [114.2085663, 30.5723584], [114.2086654, 30.5723797], [114.2087433, 30.5723766], [114.21012, 30.5720079], [114.2102469, 30.5719586], [114.2102334, 30.5720117], [114.210233919, 30.572018403], [114.2086571, 30.5724603]]]}, "properties": {"id": 22419, "block_id": 22419, "area_sqm": 1147, "poi_count": 2, "dominant_category": "地名地址信息", "category_entropy": 0.0, "street_block_id": null}}, {"type": "Feature", "geometry": {"type": "Polygon", "coordinates": [[[114.208531431, 30.572497481], [114.208437816, 30.572525178], [114.2080573, 30.5720057], [114.2078706, 30.5716169], [114.2076838, 30.5713241], [114.2074867, 30.5708629], [114.2076722, 30.5710835], [114.2078704, 30.5713882], [114.2083902, 30.5722605], [114.208531431, 30.572497481]]]}, "properties": {"id": 22422, "block_id": 22422, "area_sqm": 2295, "poi_count": 1, "dominant_category": "地名地址信息", "category_entropy": 0.0, "street_block_id": null}}, {"type": "Feature", "geometry": {"type": "Polygon", "coordinates": [[[114.208437816, 30.572525178], [114.208312435, 30.572562274], [114.2082496, 30.5724855], [114.2079017, 30.5719306], [114.2076337, 30.5714803], [114.2074114, 30.5711111], [114.2069747, 30.5700424], [114.2062137, 30.5682924], [114.206061347, 30.56791561], [114.2061645, 30.5678943], [114.206259436, 30.567895464], [114.2064817, 30.5684261], [114.2071136, 30.5699904], [114.2074867, 30.5708629], [114.2076838, 30.5713241], [114.2078706, 30.5716169], [114.2080573, 30.5720057], [114.208437816, 30.572525178]]]}, "properties": {"id": 22431, "block_id": 22431, "area_sqm": 8462, "poi_count": 2, "dominant_category": "地名地址信息", "category_entropy": 0.0, "street_block_id": null}}, {"type": "Feature", "geometry": {"type": "Polygon", "coordinates": [[[114.2086349, 30.5726711], [114.2087341, 30.5728599], [114.208490484, 30.57258795], [114.208572011, 30.572565571], [114.2086349, 30.5726711]]]}, "properties": {"id": 22475, "block_id": 22475, "area_sqm": 154, "poi_count": 1, "dominant_category": "地名地址信息", "category_entropy": 0.0, "street_block_id": null}}, {"type": "Feature", "geometry": {"type": "Polygon", "coordinates": [[[114.2074232, 30.5729291], [114.2073755, 30.5729663], [114.2073795, 30.5729028], [114.207372168, 30.572880986], [114.2082218, 30.5726617], [114.208253111, 30.572653105], [114.2083522, 30.572784], [114.2081866, 30.5727286], [114.2080361, 30.5727391], [114.207471, 30.5729001], [114.2074232, 30.5729291]]]}, "properties": {"id": 22488, "block_id": 22488, "area_sqm": 462, "poi_count": 2, "dominant_category": "地名地址信息", "category_entropy": 0.0, "street_block_id": null}}, {"type": "Feature", "geometry": {"type": "Polygon", "coordinates": [[[114.209063251, 30.57344593], [114.208967286, 30.573472581], [114.208917742, 30.573425871], [114.209022731, 30.57339886], [114.209063251, 30.57344593]]]}, "properties": {"id": 22542, "block_id": 22542, "area_sqm": 63, "poi_count": 2, "dominant_category": "地名地址信息", "category_entropy": 0.0, "street_block_id": null}}, {"type": "Feature", "geometry": {"type": "Polygon", "coordinates": [[[114.2049086, 30.5734464], [114.2040819, 30.5735999], [114.204291, 30.5735071], [114.2069878, 30.5728032], [114.2069525, 30.5728553], [114.2069377, 30.5729142], [114.206938671, 30.572922077], [114.2052783, 30.5733471], [114.2049086, 30.5734464]]]}, "properties": {"id": 22552, "block_id": 22552, "area_sqm": 2774, "poi_count": 1, "dominant_category": "地名地址信息", "category_entropy": 0.0, "street_block_id": null}}, {"type": "Feature", "geometry": {"type": "Polygon", "coordinates": [[[114.239543, 30.5735812], [114.2393308, 30.5736488], [114.2395654, 30.5734018], [114.2399731, 30.5730092], [114.2404612, 30.572545], [114.2411184, 30.5720393], [114.2416924, 30.571612], [114.2423146, 30.5711617], [114.2428913, 30.5708222], [114.2434733, 30.5704296], [114.2440958, 30.5700626], [114.2445696, 30.5697909], [114.244621787, 30.569755276], [114.244654688, 30.56988401], [114.244643, 30.5698917], [114.2441728, 30.5701517], [114.2434278, 30.5706329], [114.2431105, 30.5708293], [114.2422987, 30.5713317], [114.2422824, 30.5713418], [114.2414831, 30.5719238], [114.2405041, 30.5726905], [114.2397907, 30.5733648], [114.239543, 30.5735812]]]}, "properties": {"id": 22559, "block_id": 22559, "area_sqm": 8928, "poi_count": 3, "dominant_category": "地名地址信息", "category_entropy": 0.637, "street_block_id": null}}, {"type": "Feature", "geometry": {"type": "Polygon", "coordinates": [[[114.2036389, 30.5738562], [114.2015584, 30.5744366], [114.2014893, 30.5742903], [114.2034821, 30.5737591], [114.2040819, 30.5735999], [114.2049086, 30.5734464], [114.2052783, 30.5733471], [114.206938671, 30.572922077], [114.2069451, 30.5729742], [114.206953091, 30.572989568], [114.2053083, 30.5734171], [114.204077, 30.5737348], [114.20394, 30.5737728], [114.2036389, 30.5738562]]]}, "properties": {"id": 22651, "block_id": 22651, "area_sqm": 6590, "poi_count": 2, "dominant_category": "地名地址信息", "category_entropy": 0.0, "street_block_id": null}}, {"type": "Feature", "geometry": {"type": "Polygon", "coordinates": [[[114.2370343, 30.5749369], [114.2365509, 30.575283], [114.236493, 30.57521], [114.236722, 30.5750432], [114.2369094, 30.5749211], [114.2371534, 30.5747728], [114.2375287, 30.5746192], [114.2372316, 30.5748028], [114.2370343, 30.5749369]]]}, "properties": {"id": 22753, "block_id": 22753, "area_sqm": 869, "poi_count": 1, "dominant_category": "地名地址信息", "category_entropy": 0.0, "street_block_id": null}}, {"type": "Feature", "geometry": {"type": "Polygon", "coordinates": [[[114.211123108, 30.575571496], [114.210996185, 30.575610117], [114.2099933, 30.5745462], [114.2093446, 30.573778], [114.2091073, 30.5734971], [114.209063251, 30.57344593], [114.209180323, 30.573413419], [114.20973, 30.5740412], [114.2101835, 30.5745396], [114.211123108, 30.575571496]]]}, "properties": {"id": 22796, "block_id": 22796, "area_sqm": 3958, "poi_count": 1, "dominant_category": "地名地址信息", "category_entropy": 0.0, "street_block_id": null}}, {"type": "Feature", "geometry": {"type": "Polygon", "coordinates": [[[114.2056375, 30.576487], [114.204916, 30.576533], [114.2037249, 30.574198], [114.2036332, 30.5740622], [114.2036389, 30.5738562], [114.20394, 30.5737728], [114.2041821, 30.5737752], [114.2044382, 30.5737087], [114.2069737, 30.5730292], [114.2070239, 30.5730758], [114.2070525, 30.5730888], [114.2071255, 30.5731696], [114.2072149, 30.5732852], [114.207345, 30.5735267], [114.2074426, 30.5736352], [114.2075889, 30.5737262], [114.2077597, 30.5737437], [114.2079223, 30.5737262], [114.2087598, 30.5735302], [114.208967286, 30.573472581], [114.2090738, 30.573573], [114.2093446, 30.573778], [114.2099933, 30.5745462], [114.210996185, 30.575610117], [114.210384, 30.5757964], [114.2091278, 30.5761422], [114.2082697, 30.5763153], [114.2074356, 30.5764677], [114.2056375, 30.576487]]]}, "properties": {"id": 22920, "block_id": 22920, "area_sqm": 180057, "poi_count": 7, "dominant_category": "地名地址信息", "category_entropy": 1.475, "street_block_id": null}}, {"type": "Feature", "geometry": {"type": "Polygon", "coordinates": [[[114.2013174, 30.5773652], [114.2006522, 30.5773721], [114.2003132, 30.5773305], [114.1998811, 30.5772944], [114.198887, 30.5751122], [114.1990965, 30.5750572], [114.2015584, 30.5744366], [114.2026397, 30.5771229], [114.2020496, 30.5772474], [114.2016124, 30.5773328], [114.2013174, 30.5773652]]]}, "properties": {"id": 23074, "block_id": 23074, "area_sqm": 77779, "poi_count": 75, "dominant_category": "生活服务", "category_entropy": 2.183, "street_block_id": null}}, {"type": "Feature", "geometry": {"type": "Polygon", "coordinates": [[[114.2332478, 30.5780565], [114.2332046, 30.5780571], [114.2332066, 30.5780153], [114.2332136, 30.5779737], [114.2332239, 30.5779403], [114.2332442, 30.5778944], [114.2332707, 30.5778507], [114.2333001, 30.5778154], [114.2333298, 30.5777849], [114.2339588, 30.5772454], [114.2354572, 30.5759152], [114.2355329, 30.5758315], [114.2355773, 30.5757824], [114.2356688, 30.5756489], [114.2357205, 30.5755017], [114.2357444, 30.5753545], [114.2357424, 30.5752483], [114.235702, 30.5751369], [114.2360115, 30.5751037], [114.236489, 30.5750044], [114.2368599, 30.5748735], [114.2371534, 30.5747728], [114.2369094, 30.5749211], [114.236722, 30.5750432], [114.236493, 30.57521], [114.2356657, 30.575862], [114.2353266, 30.5761561], [114.2342274, 30.5771413], [114.2337752, 30.5775416], [114.2334114, 30.5778553], [114.2333796, 30.577893], [114.2333538, 30.577921], [114.2333292, 30.5779577], [114.233316, 30.5779895], [114.233309, 30.5780176], [114.2333061, 30.5780556], [114.2332478, 30.5780565]]]}, "properties": {"id": 23189, "block_id": 23189, "area_sqm": 7954, "poi_count": 1, "dominant_category": "交通设施服务", "category_entropy": 0.0, "street_block_id": null}}]}