{"type": "FeatureCollection", "features": [{"type": "Feature", "geometry": {"type": "LineString", "coordinates": [[114.2156119, 30.5671799], [114.2147211, 30.5673895], [114.2115179, 30.5681759], [114.2078704, 30.5679601], [114.2066463, 30.5679001], [114.2063277, 30.5678963], [114.2061645, 30.5678943], [114.205967, 30.5679351], [114.2058502, 30.5679592], [114.2051496, 30.5681428], [114.203849, 30.5684658], [114.2033737, 30.5685933], [114.2016744, 30.5690652], [114.1987613, 30.5698799], [114.1970704, 30.5703594], [114.1969567, 30.5703926], [114.1959838, 30.570681], [114.1942322, 30.5712568], [114.1939453, 30.571356], [114.1929589, 30.5716972], [114.1925624, 30.5718343], [114.1917567, 30.5721001], [114.1916587, 30.5721324], [114.1896229, 30.5728604], [114.1877012, 30.5735476], [114.1865161, 30.5739474], [114.1833656, 30.5740295], [114.1810229, 30.5740932], [114.1792452, 30.574018]]}, "properties": {"id": 49, "name": "玫瑰街", "road_class": "tertiary", "oneway": "B", "maxspeed": 0}}, {"type": "Feature", "geometry": {"type": "LineString", "coordinates": [[114.2125545, 30.5582204], [114.2120771, 30.5570426], [114.2116814, 30.5562599], [114.2108926, 30.5550111], [114.2085774, 30.5520349], [114.2085175, 30.5519703], [114.2066557, 30.5495353], [114.2065187, 30.5493084], [114.2064125, 30.5491403], [114.2058064, 30.547941], [114.2055486, 30.5474151], [114.2045859, 30.5455104]]}, "properties": {"id": 50, "name": "芳草路", "road_class": "secondary", "oneway": "F", "maxspeed": 0}}, {"type": "Feature", "geometry": {"type": "LineString", "coordinates": [[114.2383022, 30.5585559], [114.2390313, 30.5599779], [114.2394161, 30.5608013], [114.239582, 30.5611503], [114.2398511, 30.5616444]]}, "properties": {"id": 889, "name": "江城大道", "road_class": "trunk", "oneway": "F", "maxspeed": 0}}, {"type": "Feature", "geometry": {"type": "LineString", "coordinates": [[114.2322792, 30.5485345], [114.2319998, 30.5481138], [114.2238528, 30.5358448]]}, "properties": {"id": 890, "name": "江城大道", "road_class": "trunk", "oneway": "F", "maxspeed": 0}}, {"type": "Feature", "geometry": {"type": "LineString", "coordinates": [[114.2034821, 30.5737591], [114.2027671, 30.5719063], [114.2023033, 30.5707004], [114.2016744, 30.5690652], [114.2010113, 30.5674563], [114.2005363, 30.5662359], [114.2005145, 30.5661799], [114.2004681, 30.5661082]]}, "properties": {"id": 978, "name": "金龙路", "road_class": "unclassified", "oneway": "B", "maxspeed": 0}}, {"type": "Feature", "geometry": {"type": "LineString", "coordinates": [[114.2145114, 30.556921], [114.2142073, 30.5562798], [114.2124622, 30.5560156], [114.2117666, 30.5562321], [114.2116814, 30.5562599]]}, "properties": {"id": 979, "name": " ", "road_class": "unclassified", "oneway": "B", "maxspeed": 0}}, {"type": "Feature", "geometry": {"type": "LineString", "coordinates": [[114.2416098, 30.5674502], [114.2414283, 30.5672925], [114.2406936, 30.5660578], [114.2395765, 30.5641219], [114.2383303, 30.5627142]]}, "properties": {"id": 986, "name": "龙灯路", "road_class": "residential", "oneway": "B", "maxspeed": 0}}, {"type": "Feature", "geometry": {"type": "LineString", "coordinates": [[114.2416098, 30.5674502], [114.2409641, 30.5683058], [114.2407541, 30.568528], [114.2399417, 30.5692655], [114.2393831, 30.5696744], [114.2388594, 30.5699229], [114.2363276, 30.5710326], [114.2320311, 30.5722748], [114.2312372, 30.5723487], [114.2272889, 30.5723302], [114.2269242, 30.5724411], [114.2265486, 30.5724411], [114.2255723, 30.5723672], [114.2215705, 30.5725981], [114.2207873, 30.5725242], [114.220624, 30.5724571], [114.2205516, 30.5724273], [114.2204622, 30.5723905], [114.2200684, 30.5722286], [114.218781, 30.5721547], [114.2185951, 30.5721516], [114.2185304, 30.5721538]]}, "properties": {"id": 988, "name": "知音大道", "road_class": "tertiary", "oneway": "B", "maxspeed": 0}}, {"type": "Feature", "geometry": {"type": "LineString", "coordinates": [[114.2481091, 30.5477355], [114.2456594, 30.5475499], [114.2455654, 30.54755], [114.2430714, 30.5480101], [114.2412879, 30.5482616], [114.2409498, 30.5483365], [114.2403607, 30.548563], [114.2403271, 30.5485839], [114.2401036, 30.5487231], [114.2397695, 30.5489563], [114.2394808, 30.5492424], [114.2393345, 30.549411], [114.2390696, 30.5498417], [114.2390142, 30.5499456], [114.2386089, 30.5506028], [114.2383657, 30.5509451], [114.2382809, 30.5510645], [114.2382572, 30.5512853], [114.2382342, 30.5514988], [114.2385643, 30.5522297], [114.2398821, 30.5549051], [114.2399234, 30.5549887]]}, "properties": {"id": 990, "name": "动物园路", "road_class": "tertiary", "oneway": "B", "maxspeed": 0}}, {"type": "Feature", "geometry": {"type": "LineString", "coordinates": [[114.2388878, 30.5603708], [114.2392449, 30.5610549], [114.2393062, 30.5611723], [114.2393184, 30.5611966], [114.2394071, 30.5613736], [114.2395315, 30.5616219], [114.2396113, 30.5617586], [114.2396204, 30.5617765], [114.2396471, 30.5618215], [114.2403299, 30.5629745], [114.2405962, 30.5634449], [114.2417427, 30.5651682], [114.2418601, 30.5653327], [114.2419417, 30.5654601]]}, "properties": {"id": 1115, "name": "江城大道", "road_class": "secondary", "oneway": "T", "maxspeed": 0}}, {"type": "Feature", "geometry": {"type": "LineString", "coordinates": [[114.2062537, 30.5495091], [114.2052506, 30.5498897], [114.2033368, 30.5506396], [114.2026068, 30.5509142], [114.2020273, 30.5511321], [114.2009305, 30.5515238], [114.1999232, 30.5519267], [114.199547, 30.5520712]]}, "properties": {"id": 1119, "name": "龙兴东街", "road_class": "tertiary", "oneway": "B", "maxspeed": 0}}, {"type": "Feature", "geometry": {"type": "LineString", "coordinates": [[114.1975591, 30.571978], [114.1976621, 30.5719504], [114.2003936, 30.5712195], [114.2023033, 30.5707004]]}, "properties": {"id": 1120, "name": "银杏街", "road_class": "residential", "oneway": "B", "maxspeed": 0}}, {"type": "Feature", "geometry": {"type": "LineString", "coordinates": [[114.2002615, 30.5660319], [114.2002869, 30.565841], [114.2002896, 30.565821], [114.2002966, 30.5657089], [114.2001617, 30.5638942], [114.2001322, 30.5635095], [114.2000115, 30.5619356], [114.1997938, 30.5612519], [114.1997915, 30.5612447], [114.1997519, 30.56118], [114.1997358, 30.5611537], [114.1994113, 30.5606233], [114.1982924, 30.5591453], [114.1979923, 30.5587624], [114.1968157, 30.5572846], [114.1968036, 30.5572673], [114.1967685, 30.5572221], [114.1949071, 30.5548217], [114.1942649, 30.554037], [114.1937645, 30.5534376], [114.193371, 30.5529925], [114.1930059, 30.5526986], [114.1925634, 30.5524118], [114.191736, 30.5518276], [114.1916809, 30.5517891], [114.190403, 30.5509755], [114.189707, 30.5505236], [114.189652, 30.5504862], [114.1891892, 30.5501875], [114.186079, 30.5481092], [114.1845144, 30.5471333], [114.1845761, 30.5470599]]}, "properties": {"id": 1121, "name": "龙阳湖东路", "road_class": "secondary", "oneway": "F", "maxspeed": 0}}, {"type": "Feature", "geometry": {"type": "LineString", "coordinates": [[114.2066557, 30.5495353], [114.2065121, 30.5494738], [114.2063935, 30.5494762], [114.2062537, 30.5495091]]}, "properties": {"id": 1122, "name": " ", "road_class": "tertiary", "oneway": "F", "maxspeed": 0}}, {"type": "Feature", "geometry": {"type": "LineString", "coordinates": [[114.2026733, 30.5771894], [114.2026397, 30.5771229], [114.2015584, 30.5744366], [114.2014893, 30.5742903], [114.2008347, 30.5724668], [114.2003936, 30.5712195]]}, "properties": {"id": 1124, "name": "德才路", "road_class": "residential", "oneway": "B", "maxspeed": 0}}, {"type": "Feature", "geometry": {"type": "LineString", "coordinates": [[114.2008347, 30.5724668], [114.2027671, 30.5719063], [114.2071179, 30.5707017]]}, "properties": {"id": 1126, "name": "知音路", "road_class": "residential", "oneway": "B", "maxspeed": 0}}, {"type": "Feature", "geometry": {"type": "LineString", "coordinates": [[114.2062537, 30.5495091], [114.2063273, 30.5493491], [114.206366, 30.5492532], [114.2064125, 30.5491403]]}, "properties": {"id": 1127, "name": " ", "road_class": "tertiary", "oneway": "F", "maxspeed": 0}}, {"type": "Feature", "geometry": {"type": "LineString", "coordinates": [[114.2397213, 30.5616891], [114.2396321, 30.5615529], [114.2395146, 30.5613314], [114.2388719, 30.5600258], [114.2381431, 30.5586134]]}, "properties": {"id": 1846, "name": "江城大道", "road_class": "trunk", "oneway": "F", "maxspeed": 0}}, {"type": "Feature", "geometry": {"type": "LineString", "coordinates": [[114.2231091, 30.5343527], [114.2232299, 30.5345416], [114.2235382, 30.5350237], [114.2238174, 30.5355258], [114.2239804, 30.5358171]]}, "properties": {"id": 1851, "name": "江城大道", "road_class": "trunk", "oneway": "F", "maxspeed": 0}}, {"type": "Feature", "geometry": {"type": "LineString", "coordinates": [[114.2168081, 30.5488454], [114.2164867, 30.5490065], [114.2160979, 30.5493127], [114.2158829, 30.5495905], [114.2156927, 30.5500179], [114.2156844, 30.5504808], [114.215942, 30.5513218], [114.2165775, 30.553221], [114.2169076, 30.5543939], [114.2175969, 30.5564024], [114.2176386, 30.5566232], [114.2176503, 30.5566852]]}, "properties": {"id": 2150, "name": "百灵路", "road_class": "tertiary", "oneway": "B", "maxspeed": 0}}, {"type": "Feature", "geometry": {"type": "LineString", "coordinates": [[114.2203866, 30.5544486], [114.2184794, 30.5544244], [114.2182647, 30.5544227], [114.2169076, 30.5543939], [114.2166202, 30.5544218], [114.2159832, 30.5543073], [114.2153533, 30.5540885]]}, "properties": {"id": 2159, "name": "中兴街", "road_class": "residential", "oneway": "B", "maxspeed": 0}}, {"type": "Feature", "geometry": {"type": "LineString", "coordinates": [[114.2145114, 30.556921], [114.2148131, 30.5576832]]}, "properties": {"id": 2161, "name": "芳墨路", "road_class": "tertiary", "oneway": "B", "maxspeed": 0}}, {"type": "Feature", "geometry": {"type": "LineString", "coordinates": [[114.203891, 30.5537628], [114.2026068, 30.5509142], [114.2007883, 30.5480215], [114.2007427, 30.547949], [114.2002475, 30.5463769], [114.1997209, 30.5451146], [114.199674, 30.545049], [114.1994214, 30.5446952], [114.1991854, 30.5441686], [114.1984396, 30.5412463], [114.1981444, 30.5400893], [114.1980226, 30.5396121], [114.1979487, 30.5394184]]}, "properties": {"id": 2172, "name": "龙珠路", "road_class": "tertiary", "oneway": "B", "maxspeed": 0}}, {"type": "Feature", "geometry": {"type": "LineString", "coordinates": [[114.2008172, 30.5382294], [114.2003481, 30.5383388], [114.199463, 30.538481], [114.1984806, 30.5385503], [114.1975983, 30.5386008], [114.1963845, 30.5386743], [114.1958424, 30.5387217], [114.195275, 30.5388129], [114.1949998, 30.5389114], [114.1947033, 30.5390026], [114.1944493, 30.5390719], [114.1942714, 30.5390573], [114.1940766, 30.5390317], [114.1939411, 30.5389041], [114.1935835, 30.5383186], [114.1932935, 30.5378189], [114.1928181, 30.5370391], [114.1927681, 30.536957], [114.1923018, 30.5361845], [114.1920171, 30.5357458], [114.1915733, 30.5350618], [114.1910949, 30.5342974], [114.1907846, 30.533853]]}, "properties": {"id": 2207, "name": "汉城路", "road_class": "tertiary", "oneway": "B", "maxspeed": 0}}, {"type": "Feature", "geometry": {"type": "LineString", "coordinates": [[114.214014, 30.5713796], [114.2178295, 30.5710315], [114.2179048, 30.5709944], [114.2213183, 30.5694966], [114.2232702, 30.5684208], [114.2238024, 30.5681633], [114.2245145, 30.5678292], [114.225442, 30.5677105], [114.2261572, 30.5677201], [114.2285815, 30.5677528], [114.2295622, 30.5676147], [114.2318518, 30.5667582], [114.2328253, 30.5663952], [114.233652, 30.5659742], [114.235438, 30.5647252], [114.2362703, 30.5639229], [114.2367746, 30.5634368]]}, "properties": {"id": 3463, "name": "琴台大道", "road_class": "trunk", "oneway": "F", "maxspeed": 0}}, {"type": "Feature", "geometry": {"type": "LineString", "coordinates": [[114.2385643, 30.5522297], [114.2405781, 30.5518287], [114.2412428, 30.5516892]]}, "properties": {"id": 4503, "name": " ", "road_class": "unclassified", "oneway": "B", "maxspeed": 0}}, {"type": "Feature", "geometry": {"type": "LineString", "coordinates": [[114.2149327, 30.565147], [114.2143078, 30.5653188], [114.2145601, 30.5661528], [114.2147211, 30.5673895]]}, "properties": {"id": 4505, "name": " ", "road_class": "residential", "oneway": "B", "maxspeed": 0}}, {"type": "Feature", "geometry": {"type": "LineString", "coordinates": [[114.2311286, 30.5515383], [114.2311973, 30.5516825], [114.2312907, 30.5522416], [114.2312908, 30.553988], [114.2312908, 30.5540759], [114.2312686, 30.5541772], [114.2316609, 30.5558634], [114.2313108, 30.5580352], [114.2313341, 30.5580856], [114.2313798, 30.558165]]}, "properties": {"id": 4506, "name": "红光路", "road_class": "residential", "oneway": "B", "maxspeed": 0}}, {"type": "Feature", "geometry": {"type": "LineString", "coordinates": [[114.2176503, 30.5566852], [114.217683, 30.5567855], [114.2188852, 30.5604737], [114.2189079, 30.5605435], [114.2198564, 30.5633348], [114.2207344, 30.5659185]]}, "properties": {"id": 4507, "name": "百灵路", "road_class": "residential", "oneway": "B", "maxspeed": 0}}, {"type": "Feature", "geometry": {"type": "LineString", "coordinates": [[114.2220974, 30.5598203], [114.2220711, 30.5597448], [114.2217817, 30.5583322], [114.2214194, 30.5573658], [114.2207634, 30.5556157], [114.2207185, 30.5554981], [114.2207073, 30.5554626], [114.2203866, 30.5544486], [114.2199339, 30.5530057], [114.2199121, 30.5529287], [114.2195705, 30.5518676], [114.219195, 30.5505463], [114.218568, 30.5485778]]}, "properties": {"id": 4508, "name": "麒麟路", "road_class": "tertiary", "oneway": "B", "maxspeed": 0}}, {"type": "Feature", "geometry": {"type": "LineString", "coordinates": [[114.2238019, 30.5651034], [114.2288448, 30.5638703], [114.2291755, 30.5638434], [114.2293997, 30.5639176], [114.2295034, 30.5639626]]}, "properties": {"id": 4509, "name": "崔子湾街", "road_class": "tertiary", "oneway": "B", "maxspeed": 0}}, {"type": "Feature", "geometry": {"type": "LineString", "coordinates": [[114.2275825, 30.5546399], [114.2279034, 30.5562874], [114.2283925, 30.5587225], [114.2284089, 30.5588018]]}, "properties": {"id": 4510, "name": "五麟路", "road_class": "residential", "oneway": "B", "maxspeed": 0}}, {"type": "Feature", "geometry": {"type": "LineString", "coordinates": [[114.2156119, 30.5671799], [114.215699, 30.5671615], [114.218827, 30.5664013]]}, "properties": {"id": 4511, "name": " ", "road_class": "tertiary", "oneway": "B", "maxspeed": 0}}, {"type": "Feature", "geometry": {"type": "LineString", "coordinates": [[114.2257163, 30.5591259], [114.2248692, 30.5568667], [114.2245796, 30.5564879], [114.2241487, 30.5551827], [114.2241124, 30.5550727], [114.2240743, 30.5549574], [114.2239746, 30.5549091], [114.2235871, 30.553924]]}, "properties": {"id": 4512, "name": "汉桥路", "road_class": "residential", "oneway": "B", "maxspeed": 0}}, {"type": "Feature", "geometry": {"type": "LineString", "coordinates": [[114.215942, 30.5513218], [114.219195, 30.5505463], [114.2221551, 30.549883]]}, "properties": {"id": 4520, "name": "桃花街", "road_class": "unclassified", "oneway": "B", "maxspeed": 0}}, {"type": "Feature", "geometry": {"type": "LineString", "coordinates": [[114.2185304, 30.5721538], [114.2178754, 30.5710974], [114.2178295, 30.5710315]]}, "properties": {"id": 4528, "name": "赫山路", "road_class": "secondary", "oneway": "F", "maxspeed": 0}}, {"type": "Feature", "geometry": {"type": "LineString", "coordinates": [[114.2363276, 30.5710326], [114.2350447, 30.5682484], [114.2344369, 30.5671886], [114.2337142, 30.5660602]]}, "properties": {"id": 4536, "name": "华园路", "road_class": "tertiary", "oneway": "B", "maxspeed": 0}}, {"type": "Feature", "geometry": {"type": "LineString", "coordinates": [[114.2179448, 30.5638299], [114.2184584, 30.5652197], [114.218827, 30.5664013]]}, "properties": {"id": 4537, "name": "百合路", "road_class": "residential", "oneway": "B", "maxspeed": 0}}, {"type": "Feature", "geometry": {"type": "LineString", "coordinates": [[114.2065415, 30.5596896], [114.2064657, 30.5595258], [114.2063897, 30.5593396], [114.20543, 30.5570911], [114.2049514, 30.5559697], [114.203927, 30.5538214], [114.203891, 30.5537628]]}, "properties": {"id": 4538, "name": "星火路", "road_class": "tertiary", "oneway": "B", "maxspeed": 0}}, {"type": "Feature", "geometry": {"type": "LineString", "coordinates": [[114.211676, 30.5694248], [114.2102268, 30.5695466], [114.2102589, 30.569994], [114.2089097, 30.5703929], [114.2076484, 30.5707986]]}, "properties": {"id": 4539, "name": "知音路", "road_class": "residential", "oneway": "B", "maxspeed": 0}}, {"type": "Feature", "geometry": {"type": "LineString", "coordinates": [[114.1961221, 30.5685153], [114.1964447, 30.5684411], [114.1965704, 30.568411], [114.1981087, 30.5680888], [114.2010113, 30.5674563]]}, "properties": {"id": 4541, "name": "玫瑰南街", "road_class": "residential", "oneway": "B", "maxspeed": 0}}, {"type": "Feature", "geometry": {"type": "LineString", "coordinates": [[114.206253, 30.5528492], [114.2062893, 30.5529174], [114.2070791, 30.5544014], [114.207916, 30.556046], [114.208903, 30.5575057], [114.2097901, 30.5585842], [114.2099709, 30.5588284], [114.210066, 30.5589569], [114.2101222, 30.5590328], [114.211817, 30.562267], [114.2118543, 30.5623363]]}, "properties": {"id": 4542, "name": "十升路", "road_class": "residential", "oneway": "B", "maxspeed": 0}}, {"type": "Feature", "geometry": {"type": "LineString", "coordinates": [[114.2182647, 30.5544227], [114.2179277, 30.5533041], [114.2178259, 30.5529575]]}, "properties": {"id": 4543, "name": " ", "road_class": "residential", "oneway": "B", "maxspeed": 0}}, {"type": "Feature", "geometry": {"type": "LineString", "coordinates": [[114.2295632, 30.5557108], [114.2287048, 30.5558345], [114.2280665, 30.5559187]]}, "properties": {"id": 4544, "name": " ", "road_class": "residential", "oneway": "B", "maxspeed": 0}}, {"type": "Feature", "geometry": {"type": "LineString", "coordinates": [[114.2294935, 30.5554706], [114.2286566, 30.5556045]]}, "properties": {"id": 4545, "name": " ", "road_class": "residential", "oneway": "B", "maxspeed": 0}}, {"type": "Feature", "geometry": {"type": "LineString", "coordinates": [[114.2287238, 30.5561771], [114.2287048, 30.5558345], [114.2286566, 30.5556045], [114.2284689, 30.5554983], [114.2283884, 30.5553228], [114.2284099, 30.5551241], [114.2285225, 30.5549717], [114.2286566, 30.5549116]]}, "properties": {"id": 4546, "name": " ", "road_class": "residential", "oneway": "B", "maxspeed": 0}}, {"type": "Feature", "geometry": {"type": "LineString", "coordinates": [[114.2037438, 30.5695813], [114.2042231, 30.5694432], [114.203849, 30.5684658]]}, "properties": {"id": 4547, "name": " ", "road_class": "residential", "oneway": "B", "maxspeed": 0}}, {"type": "Feature", "geometry": {"type": "LineString", "coordinates": [[114.2184794, 30.5544244], [114.2184804, 30.5546253], [114.2188509, 30.5558464]]}, "properties": {"id": 4548, "name": " ", "road_class": "living_street", "oneway": "B", "maxspeed": 0}}, {"type": "Feature", "geometry": {"type": "LineString", "coordinates": [[114.2040719, 30.5714618], [114.2037232, 30.570538], [114.2038841, 30.5699468], [114.2037438, 30.5695813], [114.2033737, 30.5685933]]}, "properties": {"id": 4549, "name": " ", "road_class": "residential", "oneway": "B", "maxspeed": 0}}, {"type": "Feature", "geometry": {"type": "LineString", "coordinates": [[114.233405, 30.5613045], [114.2320365, 30.5579149]]}, "properties": {"id": 4550, "name": "汉钢路", "road_class": "tertiary", "oneway": "B", "maxspeed": 0}}, {"type": "Feature", "geometry": {"type": "LineString", "coordinates": [[114.2199121, 30.5529287], [114.2179277, 30.5533041]]}, "properties": {"id": 4551, "name": " ", "road_class": "unclassified", "oneway": "B", "maxspeed": 0}}, {"type": "Feature", "geometry": {"type": "LineString", "coordinates": [[114.2149013, 30.5650317], [114.2147496, 30.5650802], [114.2146651, 30.5651022], [114.2140447, 30.5653886], [114.2136402, 30.5656152], [114.2133197, 30.5656868], [114.2130783, 30.5657791], [114.2127564, 30.5658669], [114.2123648, 30.5660424], [114.2120269, 30.5662364]]}, "properties": {"id": 4552, "name": " ", "road_class": "living_street", "oneway": "B", "maxspeed": 0}}, {"type": "Feature", "geometry": {"type": "LineString", "coordinates": [[114.2037996, 30.5438843], [114.2035893, 30.543445], [114.2035319, 30.5433325], [114.2030291, 30.5423464], [114.2022773, 30.5409077], [114.2017405, 30.5399111], [114.2014843, 30.5394444], [114.2013629, 30.5392233], [114.2012142, 30.5389525], [114.2010914, 30.5387289], [114.2008172, 30.5382294], [114.1990995, 30.5351174], [114.1975661, 30.5324485], [114.1967167, 30.5309385], [114.1964839, 30.5304944], [114.1956049, 30.5289214], [114.195475, 30.528689], [114.194435, 30.5268715], [114.1936755, 30.5256084], [114.1936214, 30.5255379], [114.1918689, 30.5233102], [114.191551, 30.5229046], [114.1901136, 30.5211434], [114.1893576, 30.5202009], [114.1892087, 30.5200199]]}, "properties": {"id": 4795, "name": "芳草路", "road_class": "secondary", "oneway": "F", "maxspeed": 0}}, {"type": "Feature", "geometry": {"type": "LineString", "coordinates": [[114.2045859, 30.5455104], [114.2037996, 30.5438843]]}, "properties": {"id": 4927, "name": " ", "road_class": "secondary", "oneway": "F", "maxspeed": 0}}, {"type": "Feature", "geometry": {"type": "LineString", "coordinates": [[114.1990995, 30.5351174], [114.1992189, 30.5350906], [114.2012796, 30.5347534], [114.2023413, 30.5345642], [114.2031984, 30.5343687], [114.2038683, 30.5341123], [114.2049601, 30.5335709], [114.205721, 30.5331221], [114.2068435, 30.5324916], [114.2069173, 30.5324502], [114.2075578, 30.5320857]]}, "properties": {"id": 4928, "name": "四新北路", "road_class": "secondary", "oneway": "B", "maxspeed": 0}}, {"type": "Feature", "geometry": {"type": "LineString", "coordinates": [[114.2448371, 30.5701159], [114.2447235, 30.5700718], [114.2446269, 30.5700533], [114.2445035, 30.570058], [114.2443493, 30.5701044], [114.2441728, 30.5701517], [114.2434278, 30.5706329], [114.2431105, 30.5708293], [114.2422987, 30.5713317], [114.2422824, 30.5713418], [114.2414831, 30.5719238], [114.2405041, 30.5726905], [114.2397907, 30.5733648], [114.239543, 30.5735812], [114.2393308, 30.5736488], [114.2392617, 30.5737992], [114.2389082, 30.5740253], [114.2383369, 30.5742885], [114.2375287, 30.5746192], [114.2371534, 30.5747728], [114.2368599, 30.5748735], [114.236489, 30.5750044], [114.2360115, 30.5751037], [114.235702, 30.5751369]]}, "properties": {"id": 6473, "name": "沿河大道", "road_class": "secondary", "oneway": "F", "maxspeed": 0}}, {"type": "Feature", "geometry": {"type": "LineString", "coordinates": [[114.2393308, 30.5736488], [114.2396199, 30.5736489], [114.2396646, 30.5736489], [114.2392617, 30.5737992]]}, "properties": {"id": 6684, "name": " ", "road_class": "secondary_link", "oneway": "F", "maxspeed": 0}}, {"type": "Feature", "geometry": {"type": "LineString", "coordinates": [[114.239543, 30.5735812], [114.2395439, 30.5736097], [114.2395581, 30.5736289], [114.239592, 30.5736431], [114.2396199, 30.5736489]]}, "properties": {"id": 6685, "name": " ", "road_class": "secondary_link", "oneway": "F", "maxspeed": 0}}, {"type": "Feature", "geometry": {"type": "LineString", "coordinates": [[114.2458791, 30.5741828], [114.2444658, 30.5738359], [114.2430823, 30.5735509], [114.2424595, 30.5734226], [114.241695, 30.5733718], [114.2409896, 30.5733925], [114.240472, 30.5734747], [114.2402627, 30.573508], [114.2396646, 30.5736489]]}, "properties": {"id": 6686, "name": "京汉大道", "road_class": "secondary", "oneway": "B", "maxspeed": 0}}, {"type": "Feature", "geometry": {"type": "LineString", "coordinates": [[114.2384187, 30.5770477], [114.2383827, 30.5767827], [114.2385437, 30.5764594], [114.2386349, 30.57615], [114.2388387, 30.5757574], [114.239174, 30.5752722], [114.2394449, 30.5749399], [114.2397238, 30.5747321], [114.239984, 30.5745517], [114.2402227, 30.5744319], [114.2404802, 30.5742702], [114.2407718, 30.5741715]]}, "properties": {"id": 6773, "name": "锅厂台路", "road_class": "living_street", "oneway": "B", "maxspeed": 0}}, {"type": "Feature", "geometry": {"type": "LineString", "coordinates": [[114.2458989, 30.5749823], [114.2455818, 30.5750369], [114.2449783, 30.5752399], [114.2441844, 30.5756232], [114.243377, 30.5759975], [114.2430551, 30.5760992], [114.2428191, 30.5761176], [114.2421968, 30.5761084], [114.241743, 30.5761501], [114.2413922, 30.5761823], [114.2406197, 30.5762931], [114.240153, 30.5763994], [114.2393242, 30.5766762], [114.2384187, 30.5770477], [114.2381413, 30.5771614], [114.2379355, 30.5772455], [114.2370792, 30.5775955], [114.2363711, 30.5778727], [114.2361578, 30.5779959]]}, "properties": {"id": 6757, "name": "仁寿路", "road_class": "tertiary", "oneway": "B", "maxspeed": 0}}, {"type": "Feature", "geometry": {"type": "LineString", "coordinates": [[114.2371534, 30.5747728], [114.2369094, 30.5749211], [114.236722, 30.5750432], [114.236493, 30.57521], [114.2356657, 30.575862], [114.2353266, 30.5761561], [114.2342274, 30.5771413], [114.2337752, 30.5775416], [114.2334114, 30.5778553], [114.2333796, 30.577893], [114.2333538, 30.577921], [114.2333292, 30.5779577], [114.233316, 30.5779895], [114.233309, 30.5780176], [114.2333061, 30.5780556], [114.2332535, 30.5782094]]}, "properties": {"id": 6758, "name": "汉西路", "road_class": "secondary", "oneway": "F", "maxspeed": 0}}, {"type": "Feature", "geometry": {"type": "LineString", "coordinates": [[114.2418822, 30.5422286], [114.2420386, 30.5398707], [114.2420436, 30.5398115], [114.2420771, 30.5394151], [114.2422482, 30.5373895], [114.242265, 30.5365926], [114.2421751, 30.5361014], [114.2419337, 30.5355094], [114.2414501, 30.5346029], [114.2401451, 30.5321071], [114.2387527, 30.529232], [114.2387174, 30.5291424], [114.2374592, 30.5264282], [114.2374187, 30.5263411], [114.2361723, 30.5235561], [114.2361305, 30.5234632], [114.2356556, 30.5224072], [114.23565, 30.5223949], [114.2355647, 30.5222097], [114.235594, 30.5222727], [114.2355856, 30.5222547], [114.2355647, 30.5222097], [114.2353119, 30.5216667], [114.233653, 30.5181019], [114.2334522, 30.5176704], [114.2326935, 30.5160848], [114.2317249, 30.5140606]]}, "properties": {"id": 7191, "name": "江堤中路", "road_class": "tertiary", "oneway": "B", "maxspeed": 0}}, {"type": "Feature", "geometry": {"type": "LineString", "coordinates": [[114.1979446, 30.5493818], [114.1986392, 30.5490268], [114.1999543, 30.548353], [114.2007427, 30.547949], [114.2018123, 30.5474307], [114.2021083, 30.5473233], [114.2023901, 30.5472464], [114.2026897, 30.5471835], [114.2030105, 30.5471602], [114.2034896, 30.5471599], [114.2037999, 30.5471893], [114.2040748, 30.5472369], [114.204685, 30.5474672], [114.2049456, 30.5476025], [114.205146, 30.5477318], [114.2051874, 30.547761], [114.2053927, 30.547906], [114.2055095, 30.5479304], [114.205644, 30.5479456], [114.2058064, 30.547941]]}, "properties": {"id": 7222, "name": "隆祥东街", "road_class": "tertiary", "oneway": "F", "maxspeed": 0}}, {"type": "Feature", "geometry": {"type": "LineString", "coordinates": [[114.2366074, 30.5561056], [114.2366723, 30.5560309], [114.2367166, 30.5559451], [114.2367333, 30.5558275]]}, "properties": {"id": 8227, "name": " ", "road_class": "primary_link", "oneway": "F", "maxspeed": 0}}, {"type": "Feature", "geometry": {"type": "LineString", "coordinates": [[114.2374072, 30.555907], [114.2373074, 30.5560023], [114.237276, 30.5560691], [114.2372668, 30.5561517]]}, "properties": {"id": 8228, "name": " ", "road_class": "primary_link", "oneway": "F", "maxspeed": 0}}, {"type": "Feature", "geometry": {"type": "LineString", "coordinates": [[114.2369942, 30.5563129], [114.2369345, 30.5562471], [114.2368256, 30.5562201], [114.2367074, 30.5561947], [114.2366477, 30.5561885]]}, "properties": {"id": 8229, "name": " ", "road_class": "primary_link", "oneway": "F", "maxspeed": 0}}, {"type": "Feature", "geometry": {"type": "LineString", "coordinates": [[114.2370674, 30.5556907], [114.2371412, 30.5557241], [114.2372409, 30.5557496], [114.2373554, 30.5557655], [114.2375224, 30.5557673]]}, "properties": {"id": 8230, "name": " ", "road_class": "primary_link", "oneway": "F", "maxspeed": 0}}, {"type": "Feature", "geometry": {"type": "LineString", "coordinates": [[114.2369768, 30.5560435], [114.2371565, 30.5559432], [114.237376, 30.5558208], [114.2375224, 30.5557673], [114.2398821, 30.5549051], [114.2422223, 30.5542314], [114.2433924, 30.5539933], [114.2447024, 30.5537458], [114.2447728, 30.5537301], [114.2448, 30.553724], [114.2449167, 30.553698], [114.2461945, 30.5535154], [114.246663, 30.5534443], [114.247719, 30.5532859], [114.2496855, 30.5529908], [114.2497599, 30.5529804], [114.2498381, 30.5529694], [114.2526356, 30.5525765], [114.2540697, 30.5523998], [114.2553522, 30.5522192], [114.2554596, 30.5522041], [114.2556195, 30.5521826], [114.2567483, 30.552031], [114.2569835, 30.5520067], [114.2575737, 30.5520076], [114.2576073, 30.5520024], [114.2577983, 30.5520078], [114.2590132, 30.5520438], [114.2597627, 30.5520589], [114.26008, 30.5520685], [114.2604699, 30.5520856], [114.2606499, 30.5520934], [114.2607599, 30.5520963], [114.2608506, 30.5521022], [114.2611332, 30.5521146]]}, "properties": {"id": 8239, "name": "汉阳大道", "road_class": "primary", "oneway": "F", "maxspeed": 0}}, {"type": "Feature", "geometry": {"type": "LineString", "coordinates": [[114.260461, 30.5522116], [114.2600813, 30.5522023], [114.2597332, 30.5521869], [114.2590133, 30.5521491], [114.2578026, 30.5521064], [114.2576805, 30.5520966], [114.2576047, 30.5520966], [114.2575736, 30.5520966], [114.2569865, 30.5520953], [114.25668, 30.5521214], [114.2556296, 30.5522674], [114.2554706, 30.5522863], [114.2553728, 30.5522995], [114.2541012, 30.552471], [114.2526545, 30.5526562], [114.2524584, 30.5526848], [114.2501278, 30.5530254], [114.2499424, 30.5530505], [114.2497636, 30.5530746], [114.249715, 30.5530812], [114.2496645, 30.553088], [114.2483415, 30.5532947], [114.2462131, 30.5536253], [114.2449417, 30.5538168], [114.2447289, 30.5538484], [114.2433953, 30.5540792], [114.2422388, 30.5543262], [114.2421004, 30.5543557], [114.2399234, 30.5549887], [114.2374072, 30.555907], [114.2371744, 30.5559808], [114.2369768, 30.5560435]]}, "properties": {"id": 8240, "name": "汉阳大道", "road_class": "primary", "oneway": "F", "maxspeed": 0}}, {"type": "Feature", "geometry": {"type": "LineString", "coordinates": [[114.2369768, 30.5560435], [114.2366477, 30.5561885], [114.2320365, 30.5579149], [114.2313798, 30.558165], [114.2310693, 30.5582833], [114.2302284, 30.5585107], [114.2284089, 30.5588018], [114.2281091, 30.558848], [114.2254674, 30.5592549], [114.2227119, 30.5596794], [114.2220974, 30.5598203], [114.2211989, 30.5600241], [114.2189079, 30.5605435], [114.2160502, 30.5612474], [114.2139151, 30.5618028], [114.2138013, 30.5618324], [114.2118543, 30.5623363], [114.2095556, 30.5629631], [114.2092841, 30.5630525], [114.2081479, 30.5634264], [114.2079345, 30.5634969], [114.2069103, 30.5638559]]}, "properties": {"id": 8241, "name": "汉阳大道", "road_class": "primary", "oneway": "F", "maxspeed": 0}}, {"type": "Feature", "geometry": {"type": "LineString", "coordinates": [[114.2045542, 30.5645472], [114.2048493, 30.5644355], [114.2051955, 30.5642971], [114.2073875, 30.5635967]]}, "properties": {"id": 8242, "name": "汉阳大道", "road_class": "primary", "oneway": "F", "maxspeed": 0}}, {"type": "Feature", "geometry": {"type": "LineString", "coordinates": [[114.2369768, 30.5560435], [114.2372668, 30.5561517], [114.2380614, 30.5578959], [114.2384705, 30.5585033]]}, "properties": {"id": 8243, "name": "江城大道", "road_class": "secondary", "oneway": "F", "maxspeed": 0}}, {"type": "Feature", "geometry": {"type": "LineString", "coordinates": [[114.2390741, 30.5467458], [114.2389472, 30.5468328]]}, "properties": {"id": 9536, "name": " ", "road_class": "service", "oneway": "B", "maxspeed": 0}}, {"type": "Feature", "geometry": {"type": "LineString", "coordinates": [[114.2385249, 30.5448075], [114.238765, 30.5449833], [114.2388802, 30.545097], [114.2389546, 30.5452355], [114.2390075, 30.545403], [114.2389931, 30.5455953], [114.238957, 30.5459447], [114.2389546, 30.5462921], [114.2389883, 30.5464534], [114.2390435, 30.546687], [114.2390741, 30.5467458], [114.239122, 30.5468376], [114.2392544, 30.5469443], [114.2398112, 30.547358], [114.2402543, 30.5476987], [114.2401558, 30.5477981], [114.2401185, 30.5479429], [114.2400693, 30.548035], [114.2398622, 30.5481841], [114.2402255, 30.5485307], [114.2403271, 30.5485839]]}, "properties": {"id": 9537, "name": " ", "road_class": "service", "oneway": "B", "maxspeed": 0}}, {"type": "Feature", "geometry": {"type": "LineString", "coordinates": [[114.2374854, 30.5431356], [114.2372012, 30.5432049], [114.2369827, 30.5432339], [114.2366514, 30.5432897], [114.2363441, 30.5433249]]}, "properties": {"id": 9538, "name": " ", "road_class": "service", "oneway": "B", "maxspeed": 0}}, {"type": "Feature", "geometry": {"type": "LineString", "coordinates": [[114.2380927, 30.5446317], [114.2382464, 30.5446772], [114.2383832, 30.5447207], [114.2384529, 30.5447579], [114.2385249, 30.5448075]]}, "properties": {"id": 9539, "name": " ", "road_class": "service", "oneway": "B", "maxspeed": 0}}, {"type": "Feature", "geometry": {"type": "LineString", "coordinates": [[114.2359977, 30.5466558], [114.2366377, 30.5466894], [114.2366225, 30.5468108], [114.2369688, 30.54684], [114.2369603, 30.5469424], [114.2374051, 30.5469775], [114.2376546, 30.547207]]}, "properties": {"id": 9540, "name": " ", "road_class": "service", "oneway": "B", "maxspeed": 0}}, {"type": "Feature", "geometry": {"type": "LineString", "coordinates": [[114.2343234, 30.5427483], [114.2342216, 30.5427439], [114.2339121, 30.5427145], [114.2337692, 30.5427021], [114.2337212, 30.5426783], [114.2336972, 30.5426421], [114.2337068, 30.5425584], [114.233738, 30.5424312], [114.2337728, 30.5423165], [114.233822, 30.5421593], [114.2338941, 30.5419711], [114.2339961, 30.5416879], [114.2341017, 30.5414418], [114.2342158, 30.5411771], [114.2343094, 30.5409786], [114.2344258, 30.540776], [114.2344919, 30.5406778], [114.2346239, 30.5405795], [114.2347356, 30.5405165], [114.2348748, 30.5404596], [114.2349973, 30.5404358], [114.2351593, 30.5404213], [114.235289, 30.5403748], [114.2353754, 30.5403386], [114.2355411, 30.5403221], [114.2357367, 30.5403376], [114.2359348, 30.540381], [114.2361077, 30.5404524], [114.2362505, 30.540534], [114.2363549, 30.5405857], [114.2364306, 30.5406147], [114.2366166, 30.5406447], [114.2367223, 30.5406509], [114.2367667, 30.5406767], [114.2368303, 30.5407739], [114.2368915, 30.5408804], [114.2369684, 30.5409766], [114.2370332, 30.5410251], [114.2371412, 30.5410665], [114.2372973, 30.541082], [114.2373945, 30.5410779], [114.2374557, 30.5410934], [114.2375446, 30.5411564], [114.2376238, 30.5412226], [114.2377018, 30.5413084], [114.2377186, 30.5413984], [114.2377006, 30.5414956], [114.237661, 30.54157], [114.2376742, 30.5417116], [114.2376634, 30.5418254], [114.237649, 30.5418833], [114.2376298, 30.5419505], [114.2376058, 30.5419985], [114.2375769, 30.5421242], [114.2375532, 30.5422441], [114.2375328, 30.5424327], [114.2375379, 30.5425994], [114.237526, 30.5427939], [114.237509, 30.5429664], [114.2374854, 30.5431356], [114.2375262, 30.5432189], [114.237533, 30.5432905], [114.2375499, 30.5434777], [114.2375703, 30.5436736], [114.2375873, 30.5438505], [114.2376043, 30.5439792], [114.2376467, 30.5441181], [114.2377027, 30.5442365], [114.237774, 30.5443798], [114.2378623, 30.5444763], [114.2379964, 30.5445757], [114.2380927, 30.5446317]]}, "properties": {"id": 9541, "name": " ", "road_class": "service", "oneway": "B", "maxspeed": 0}}, {"type": "Feature", "geometry": {"type": "LineString", "coordinates": [[114.2376546, 30.547207], [114.2380553, 30.5473678], [114.2380943, 30.5474117], [114.2384441, 30.5478518], [114.2387208, 30.5482348], [114.2387836, 30.5482962], [114.2388074, 30.5483298], [114.2387717, 30.5485068], [114.2390382, 30.5487538]]}, "properties": {"id": 9542, "name": " ", "road_class": "service", "oneway": "B", "maxspeed": 0}}, {"type": "Feature", "geometry": {"type": "LineString", "coordinates": [[114.1904313, 30.568484], [114.1910431, 30.5683071], [114.1912196, 30.5682329], [114.1916083, 30.5680914], [114.1922691, 30.5678475], [114.1931124, 30.5675807], [114.1933308, 30.5675116], [114.1941235, 30.5673327], [114.1960146, 30.566937], [114.1961345, 30.5669128], [114.1967496, 30.5667858], [114.1972622, 30.5666791], [114.1981507, 30.5664941], [114.2002615, 30.5660319], [114.2005559, 30.5659509], [114.2011672, 30.5657963], [114.2014826, 30.5656825], [114.201603, 30.565639]]}, "properties": {"id": 9859, "name": "汉阳大道", "road_class": "primary", "oneway": "F", "maxspeed": 0}}, {"type": "Feature", "geometry": {"type": "LineString", "coordinates": [[114.2178259, 30.5529575], [114.2165775, 30.553221]]}, "properties": {"id": 10191, "name": " ", "road_class": "residential", "oneway": "B", "maxspeed": 0}}, {"type": "Feature", "geometry": {"type": "LineString", "coordinates": [[114.2349962, 30.5526373], [114.2347608, 30.5524112], [114.2344225, 30.5519662], [114.2342661, 30.5517743], [114.2341763, 30.5517017], [114.2340605, 30.5516384], [114.2339236, 30.5515966], [114.2337678, 30.5515896], [114.2336084, 30.5516188], [114.2334797, 30.5516711], [114.2333788, 30.551752], [114.2333169, 30.5518413], [114.2332675, 30.5519548]]}, "properties": {"id": 10748, "name": " ", "road_class": "trunk_link", "oneway": "F", "maxspeed": 0}}, {"type": "Feature", "geometry": {"type": "LineString", "coordinates": [[114.233987, 30.552632], [114.2342299, 30.5525331], [114.2345382, 30.5524293], [114.234876, 30.5523372], [114.2352239, 30.5522661], [114.2359706, 30.5521196], [114.2363691, 30.5520287], [114.2367207, 30.5519292], [114.2370054, 30.5518309], [114.2372715, 30.5517167]]}, "properties": {"id": 10749, "name": "二环线", "road_class": "trunk", "oneway": "F", "maxspeed": 0}}, {"type": "Feature", "geometry": {"type": "LineString", "coordinates": [[114.2373725, 30.5518055], [114.2371575, 30.5519468], [114.2368853, 30.5521033], [114.2366775, 30.5522221], [114.2364852, 30.5523559], [114.2363238, 30.5524993], [114.2362032, 30.5526463], [114.2361025, 30.5528076]]}, "properties": {"id": 10750, "name": " ", "road_class": "trunk_link", "oneway": "F", "maxspeed": 0}}, {"type": "Feature", "geometry": {"type": "LineString", "coordinates": [[114.2332675, 30.5519548], [114.2332526, 30.5520697], [114.2332702, 30.5521916], [114.2333235, 30.5522997], [114.2333991, 30.5524016], [114.2334999, 30.5524743], [114.2336381, 30.5525234], [114.2338028, 30.5525429], [114.233982, 30.5525288], [114.2342208, 30.5524739], [114.2345382, 30.5524293]]}, "properties": {"id": 10751, "name": " ", "road_class": "trunk_link", "oneway": "F", "maxspeed": 0}}, {"type": "Feature", "geometry": {"type": "LineString", "coordinates": [[114.2361025, 30.5528076], [114.2360285, 30.552987], [114.2359897, 30.553153], [114.2359732, 30.5533317], [114.2359858, 30.5535023], [114.2360144, 30.5536802], [114.2360793, 30.5538851], [114.2362967, 30.5544542]]}, "properties": {"id": 10752, "name": " ", "road_class": "trunk_link", "oneway": "F", "maxspeed": 0}}, {"type": "Feature", "geometry": {"type": "LineString", "coordinates": [[114.1771279, 30.5783854], [114.1781937, 30.578319], [114.1807065, 30.5781817], [114.1807901, 30.5781771], [114.1809579, 30.578168], [114.1816423, 30.578132], [114.1844777, 30.577983], [114.1862396, 30.5778904], [114.1880328, 30.5776737], [114.1885259, 30.5776084], [114.190228, 30.5772288], [114.190955, 30.5770377], [114.1935756, 30.5763489], [114.1936968, 30.576317], [114.1959146, 30.575734], [114.1985598, 30.5750387], [114.1986579, 30.5750115], [114.1987779, 30.5749823], [114.1988335, 30.5749695], [114.2014893, 30.5742903], [114.2034821, 30.5737591], [114.2040819, 30.5735999], [114.2049086, 30.5734464], [114.2052783, 30.5733471]]}, "properties": {"id": 10826, "name": "琴台大道", "road_class": "primary", "oneway": "F", "maxspeed": 0}}, {"type": "Feature", "geometry": {"type": "LineString", "coordinates": [[114.2038001, 30.562062], [114.2046325, 30.5641222], [114.2054156, 30.5659607], [114.2060034, 30.5672842], [114.2064817, 30.5684261], [114.2071136, 30.5699904]]}, "properties": {"id": 10879, "name": "二环线", "road_class": "trunk", "oneway": "F", "maxspeed": 0}}, {"type": "Feature", "geometry": {"type": "LineString", "coordinates": [[114.2086768, 30.572997], [114.2083988, 30.5726678], [114.2082496, 30.5724855], [114.2079017, 30.5719306], [114.2076337, 30.5714803], [114.2074114, 30.5711111], [114.2069747, 30.5700424]]}, "properties": {"id": 10880, "name": "二环线", "road_class": "trunk", "oneway": "F", "maxspeed": 0}}, {"type": "Feature", "geometry": {"type": "LineString", "coordinates": [[114.204197, 30.5600516], [114.2040348, 30.5601234], [114.2038811, 30.5601922], [114.2036998, 30.5602947], [114.2035772, 30.5604022]]}, "properties": {"id": 10881, "name": " ", "road_class": "trunk_link", "oneway": "F", "maxspeed": 0}}, {"type": "Feature", "geometry": {"type": "LineString", "coordinates": [[114.2040793, 30.5630432], [114.2036873, 30.5620722]]}, "properties": {"id": 10882, "name": "二环线", "road_class": "trunk", "oneway": "F", "maxspeed": 0}}, {"type": "Feature", "geometry": {"type": "LineString", "coordinates": [[114.2087909, 30.5729233], [114.2090973, 30.5733186], [114.20973, 30.5740412], [114.2101835, 30.5745396]]}, "properties": {"id": 10932, "name": "二环线", "road_class": "trunk", "oneway": "F", "maxspeed": 0}}, {"type": "Feature", "geometry": {"type": "LineString", "coordinates": [[114.195089, 30.5461727], [114.1953473, 30.5465354], [114.1959388, 30.5473659], [114.1966819, 30.5484173], [114.1970422, 30.5489313], [114.1992809, 30.5521249], [114.2000515, 30.5534705], [114.2001986, 30.5537697], [114.200792, 30.554977], [114.2013201, 30.5562773]]}, "properties": {"id": 10935, "name": "龙阳大道高架", "road_class": "trunk", "oneway": "F", "maxspeed": 0}}, {"type": "Feature", "geometry": {"type": "LineString", "coordinates": [[114.211347, 30.5760006], [114.2110992, 30.5757194], [114.2099933, 30.5745462], [114.2093446, 30.573778], [114.2091073, 30.5734971], [114.2086768, 30.572997]]}, "properties": {"id": 10937, "name": "二环线", "road_class": "trunk", "oneway": "F", "maxspeed": 0}}, {"type": "Feature", "geometry": {"type": "LineString", "coordinates": [[114.1934464, 30.5401517], [114.1938847, 30.5400594], [114.194424, 30.5398915], [114.19489, 30.5396947], [114.1953803, 30.5395363], [114.195788, 30.5394605], [114.1961632, 30.5394197], [114.19669, 30.5394114], [114.196962, 30.5393967], [114.1979622, 30.5393426], [114.1991029, 30.5392765], [114.2007444, 30.539161], [114.2011174, 30.5390958], [114.2015505, 30.538969], [114.2019943, 30.5387775], [114.2037127, 30.5379754], [114.2069296, 30.5363907], [114.2080388, 30.5358278], [114.2124919, 30.533698], [114.212815, 30.5335435], [114.2147241, 30.5325907], [114.2160874, 30.5319095], [114.2171654, 30.5313823], [114.2195853, 30.5301616], [114.219934, 30.5299897], [114.2201799, 30.5298686], [114.2206258, 30.5296444], [114.2220593, 30.5289238], [114.2232328, 30.5283664], [114.2249238, 30.5275053], [114.2286816, 30.5256269], [114.2309099, 30.5245873], [114.2313818, 30.5243622], [114.2337082, 30.5231772], [114.2344889, 30.5228072]]}, "properties": {"id": 11179, "name": "杨泗港快速通道", "road_class": "trunk", "oneway": "F", "maxspeed": 0}}, {"type": "Feature", "geometry": {"type": "LineString", "coordinates": [[114.2089097, 30.5703929], [114.2078704, 30.5679601], [114.2081241, 30.5637722], [114.2081479, 30.5634264]]}, "properties": {"id": 11355, "name": "永丰路", "road_class": "residential", "oneway": "B", "maxspeed": 0}}, {"type": "Feature", "geometry": {"type": "LineString", "coordinates": [[114.2340462, 30.5527319], [114.233715, 30.5528809], [114.2333933, 30.5530376], [114.2329844, 30.5532719], [114.2324299, 30.5535922], [114.2320122, 30.5538002], [114.2316285, 30.5539433], [114.2313159, 30.5540489], [114.2309046, 30.5541497], [114.2305061, 30.5542306], [114.2276774, 30.5545831], [114.2255795, 30.5548456], [114.2244754, 30.5549687], [114.223678, 30.5550634], [114.2229835, 30.555157], [114.222385, 30.5552429], [114.2219249, 30.5553118], [114.2212826, 30.5554277], [114.2209332, 30.5554979], [114.2204807, 30.5556332], [114.2192972, 30.5560779], [114.2170529, 30.5569729], [114.2163331, 30.5572656], [114.2150197, 30.5577397], [114.2139254, 30.5580145], [114.2113663, 30.5586069], [114.2086736, 30.559271], [114.2078652, 30.5594729], [114.2074347, 30.5595637], [114.2069511, 30.5596284], [114.2066514, 30.5596596], [114.2061458, 30.5596986], [114.2057796, 30.5597147], [114.2052333, 30.5597826], [114.2049799, 30.559834], [114.2046207, 30.5599269], [114.204197, 30.5600516]]}, "properties": {"id": 11587, "name": "二环线", "road_class": "trunk", "oneway": "F", "maxspeed": 0}}, {"type": "Feature", "geometry": {"type": "LineString", "coordinates": [[114.2036873, 30.5620722], [114.2030575, 30.5605227]]}, "properties": {"id": 11770, "name": "二环线", "road_class": "trunk", "oneway": "F", "maxspeed": 0}}, {"type": "Feature", "geometry": {"type": "LineString", "coordinates": [[114.2035772, 30.5604022], [114.2034694, 30.5605464], [114.20346, 30.5606827], [114.2034872, 30.5608761], [114.2035295, 30.5610377], [114.2037511, 30.5618275], [114.2038001, 30.562062]]}, "properties": {"id": 11771, "name": " ", "road_class": "trunk_link", "oneway": "F", "maxspeed": 0}}, {"type": "Feature", "geometry": {"type": "LineString", "coordinates": [[114.2119066, 30.571739], [114.2104662, 30.5720368], [114.2087894, 30.5725059], [114.2082218, 30.5726617], [114.2071811, 30.5729303], [114.2053083, 30.5734171]]}, "properties": {"id": 12978, "name": "琴台大道", "road_class": "primary", "oneway": "F", "maxspeed": 0}}, {"type": "Feature", "geometry": {"type": "LineString", "coordinates": [[114.2071136, 30.5699904], [114.2074867, 30.5708629], [114.2076838, 30.5713241], [114.2078706, 30.5716169], [114.2080573, 30.5720057], [114.2084538, 30.572547], [114.2087341, 30.5728599], [114.2087909, 30.5729233]]}, "properties": {"id": 12979, "name": "二环线", "road_class": "trunk", "oneway": "F", "maxspeed": 0}}, {"type": "Feature", "geometry": {"type": "LineString", "coordinates": [[114.2053083, 30.5734171], [114.204077, 30.5737348], [114.20394, 30.5737728], [114.2036389, 30.5738562], [114.2015584, 30.5744366], [114.1990965, 30.5750572], [114.198887, 30.5751122], [114.1988306, 30.5751256], [114.1987105, 30.5751547], [114.1986223, 30.5751751], [114.1968231, 30.5756409], [114.1944317, 30.5762693], [114.1937482, 30.5764357], [114.1936325, 30.5764641], [114.1933378, 30.5765366], [114.1912089, 30.5771139], [114.1909992, 30.5771656], [114.1902367, 30.5773534], [114.1894187, 30.5775266], [114.1880676, 30.5777979], [114.18733, 30.5779018], [114.1864584, 30.5780058], [114.1845407, 30.5781039], [114.1817748, 30.5782569], [114.1808001, 30.5783055], [114.1807155, 30.5783097], [114.1790701, 30.5783919], [114.1786967, 30.5784106], [114.1776713, 30.5784618], [114.1770488, 30.5785044], [114.176671, 30.5785302]]}, "properties": {"id": 12984, "name": "琴台大道", "road_class": "primary", "oneway": "F", "maxspeed": 0}}, {"type": "Feature", "geometry": {"type": "LineString", "coordinates": [[114.2052783, 30.5733471], [114.2081082, 30.5726227], [114.2086571, 30.5724603], [114.2105144, 30.5719398], [114.2118984, 30.5716165]]}, "properties": {"id": 13004, "name": "琴台大道", "road_class": "primary", "oneway": "F", "maxspeed": 0}}, {"type": "Feature", "geometry": {"type": "LineString", "coordinates": [[114.2245658, 30.567939], [114.2245145, 30.5678292], [114.2241343, 30.5663748], [114.2239901, 30.5658234], [114.2238019, 30.5651034], [114.2236144, 30.5641816], [114.2234882, 30.5636744], [114.2234202, 30.56331], [114.223162, 30.5625724], [114.2220974, 30.5598203]]}, "properties": {"id": 13015, "name": "罗七路", "road_class": "tertiary", "oneway": "B", "maxspeed": 0}}, {"type": "Feature", "geometry": {"type": "LineString", "coordinates": [[114.2069747, 30.5700424], [114.2062137, 30.5682924], [114.2058077, 30.5672883], [114.2052861, 30.5660095], [114.2049341, 30.565191], [114.2045067, 30.5641498], [114.2040793, 30.5630432]]}, "properties": {"id": 13018, "name": "二环线", "road_class": "trunk", "oneway": "F", "maxspeed": 0}}, {"type": "Feature", "geometry": {"type": "LineString", "coordinates": [[114.2414148, 30.564414], [114.2408711, 30.5636531], [114.2407443, 30.5634485], [114.2406447, 30.5632858], [114.2405382, 30.5630684], [114.2397213, 30.5616891]]}, "properties": {"id": 13025, "name": "江城大道", "road_class": "trunk", "oneway": "F", "maxspeed": 0}}, {"type": "Feature", "geometry": {"type": "LineString", "coordinates": [[114.201603, 30.565639], [114.2019207, 30.5655416]]}, "properties": {"id": 13149, "name": "汉阳大道", "road_class": "primary", "oneway": "F", "maxspeed": 0}}, {"type": "Feature", "geometry": {"type": "LineString", "coordinates": [[114.2073875, 30.5635967], [114.207743, 30.5634701], [114.2079996, 30.5633818], [114.2081401, 30.5633371], [114.2083378, 30.5632714], [114.2095307, 30.5628753], [114.211817, 30.562267], [114.2137753, 30.561752], [114.2138805, 30.5617254], [114.2160267, 30.56118], [114.2188852, 30.5604737], [114.2220711, 30.5597448], [114.2226851, 30.5596193], [114.2257163, 30.5591259], [114.2283925, 30.5587225], [114.2302074, 30.558424], [114.2310342, 30.5582024], [114.2313341, 30.5580856], [114.2320015, 30.5578257], [114.2356549, 30.5564613], [114.2366074, 30.5561056], [114.2369768, 30.5560435]]}, "properties": {"id": 13150, "name": "汉阳大道", "road_class": "primary", "oneway": "F", "maxspeed": 0}}, {"type": "Feature", "geometry": {"type": "LineString", "coordinates": [[114.2379466, 30.558204], [114.2378222, 30.5579291]]}, "properties": {"id": 13151, "name": "江城大道", "road_class": "trunk", "oneway": "F", "maxspeed": 0}}, {"type": "Feature", "geometry": {"type": "LineString", "coordinates": [[114.2334134, 30.549993], [114.2349581, 30.5522574], [114.23508, 30.5524447], [114.2353832, 30.5529102]]}, "properties": {"id": 13153, "name": "江城大道", "road_class": "trunk", "oneway": "F", "maxspeed": 0}}, {"type": "Feature", "geometry": {"type": "LineString", "coordinates": [[114.201603, 30.565639], [114.2019111, 30.5654755], [114.2039064, 30.5647636], [114.2040862, 30.5647047], [114.2045542, 30.5645472]]}, "properties": {"id": 13154, "name": "汉阳大道", "road_class": "primary", "oneway": "F", "maxspeed": 0}}, {"type": "Feature", "geometry": {"type": "LineString", "coordinates": [[114.2069103, 30.5638559], [114.2053055, 30.5644179], [114.2052129, 30.5644577], [114.2046078, 30.5646747], [114.2019586, 30.5656225]]}, "properties": {"id": 13156, "name": "汉阳大道", "road_class": "primary", "oneway": "F", "maxspeed": 0}}, {"type": "Feature", "geometry": {"type": "LineString", "coordinates": [[114.2350851, 30.5532252], [114.2349261, 30.5531416], [114.2347367, 30.5530605], [114.2345468, 30.5530054], [114.2343395, 30.5529708], [114.2341234, 30.5529674], [114.2339329, 30.5529837], [114.2337177, 30.5530225], [114.2334643, 30.5530984], [114.2329844, 30.5532719]]}, "properties": {"id": 13157, "name": " ", "road_class": "trunk_link", "oneway": "F", "maxspeed": 0}}, {"type": "Feature", "geometry": {"type": "LineString", "coordinates": [[114.2358107, 30.5538998], [114.2349962, 30.5526373]]}, "properties": {"id": 13160, "name": "江城大道", "road_class": "trunk", "oneway": "F", "maxspeed": 0}}, {"type": "Feature", "geometry": {"type": "LineString", "coordinates": [[114.2019586, 30.5656225], [114.2014185, 30.5658556], [114.200619, 30.5660679], [114.2004681, 30.5661082], [114.1981769, 30.5665784], [114.1972552, 30.5667703], [114.1967895, 30.5668673], [114.1961539, 30.5669955], [114.1960319, 30.5670224], [114.1941483, 30.5674173], [114.1933631, 30.5675945], [114.1930845, 30.5677005], [114.1915481, 30.5682598], [114.1913297, 30.5683406], [114.1911777, 30.5683968]]}, "properties": {"id": 13161, "name": "汉阳大道", "road_class": "primary", "oneway": "F", "maxspeed": 0}}, {"type": "Feature", "geometry": {"type": "LineString", "coordinates": [[114.2362967, 30.5544542], [114.2367667, 30.5553691], [114.2379778, 30.5578941]]}, "properties": {"id": 13162, "name": "江城大道", "road_class": "trunk", "oneway": "F", "maxspeed": 0}}, {"type": "Feature", "geometry": {"type": "LineString", "coordinates": [[114.2318826, 30.5536986], [114.2321858, 30.553494], [114.2323932, 30.5533372], [114.2325461, 30.5532174], [114.2326888, 30.5530727], [114.23279, 30.552939], [114.2328817, 30.5527807], [114.2329576, 30.5525959], [114.2330332, 30.5519178], [114.2330791, 30.5517667], [114.2331399, 30.5516443], [114.2332176, 30.5515372]]}, "properties": {"id": 13163, "name": " ", "road_class": "trunk_link", "oneway": "F", "maxspeed": 0}}, {"type": "Feature", "geometry": {"type": "LineString", "coordinates": [[114.2373725, 30.5518055], [114.2370662, 30.551941], [114.2367691, 30.5520387], [114.2364075, 30.5521394], [114.2359995, 30.5522292], [114.2355663, 30.552315], [114.2352489, 30.5523726], [114.2349145, 30.552443], [114.2345676, 30.5525397], [114.234298, 30.5526343], [114.2340462, 30.5527319]]}, "properties": {"id": 13164, "name": "二环线", "road_class": "trunk", "oneway": "F", "maxspeed": 0}}, {"type": "Feature", "geometry": {"type": "LineString", "coordinates": [[114.2358107, 30.5538998], [114.2355487, 30.5535981], [114.2354031, 30.553458], [114.2352676, 30.5533429], [114.2350851, 30.5532252]]}, "properties": {"id": 13165, "name": " ", "road_class": "trunk_link", "oneway": "F", "maxspeed": 0}}, {"type": "Feature", "geometry": {"type": "LineString", "coordinates": [[114.2372715, 30.5517167], [114.2375669, 30.5515641], [114.2377998, 30.5514233], [114.2380236, 30.5512667], [114.2382149, 30.5511107], [114.2384222, 30.5509178], [114.2386836, 30.5506577], [114.239427, 30.5498351], [114.2397776, 30.5494191], [114.2401255, 30.5490148], [114.2404689, 30.5485741], [114.240789, 30.5481392], [114.241019, 30.5477786], [114.2411949, 30.5474288], [114.2413017, 30.5471113], [114.2413771, 30.5468057], [114.2415397, 30.545945], [114.2416043, 30.5456613], [114.241674, 30.5454102], [114.2417666, 30.5451364], [114.2418833, 30.5448273], [114.2420355, 30.5444913], [114.2421771, 30.5441983], [114.2423347, 30.54391], [114.2425832, 30.5435432], [114.2427578, 30.5433018], [114.243012, 30.5429906], [114.2432666, 30.5426898], [114.243523, 30.5424352], [114.2438787, 30.5421144], [114.2441916, 30.5418616], [114.244544, 30.5416203], [114.2448931, 30.5414058], [114.2453535, 30.5411459], [114.2457302, 30.5409717], [114.2461381, 30.5407993], [114.2465478, 30.54066], [114.2470058, 30.5405269], [114.247486, 30.5404197], [114.2480056, 30.5403361], [114.2484859, 30.5402833], [114.2489927, 30.5402534], [114.2504878, 30.5402214]]}, "properties": {"id": 13167, "name": "二环线", "road_class": "trunk", "oneway": "F", "maxspeed": 0}}, {"type": "Feature", "geometry": {"type": "LineString", "coordinates": [[114.2009041, 30.554926], [114.203891, 30.5537628], [114.206253, 30.5528492], [114.2085175, 30.5519703], [114.2086022, 30.5519174]]}, "properties": {"id": 13648, "name": "十升二路", "road_class": "tertiary", "oneway": "F", "maxspeed": 0}}, {"type": "Feature", "geometry": {"type": "LineString", "coordinates": [[114.2323642, 30.5484309], [114.232553, 30.5486014], [114.232615, 30.5486904], [114.2327664, 30.5489079], [114.233186, 30.5495965], [114.2332336, 30.5496762], [114.2334134, 30.549993]]}, "properties": {"id": 13657, "name": "江城大道", "road_class": "trunk", "oneway": "F", "maxspeed": 0}}, {"type": "Feature", "geometry": {"type": "LineString", "coordinates": [[114.2333397, 30.5500636], [114.2328916, 30.5494474], [114.2328095, 30.5493346], [114.2322792, 30.5485345]]}, "properties": {"id": 13658, "name": "江城大道", "road_class": "trunk", "oneway": "F", "maxspeed": 0}}, {"type": "Feature", "geometry": {"type": "LineString", "coordinates": [[114.1845761, 30.5470599], [114.186165, 30.5480542], [114.1892531, 30.5501155], [114.1897579, 30.550442], [114.1898163, 30.5504811], [114.1904665, 30.5509032], [114.1917877, 30.5517538], [114.1918416, 30.551791], [114.1925168, 30.5522568], [114.1930743, 30.5526296], [114.1934494, 30.5529315], [114.1938491, 30.5533837], [114.1943507, 30.5539844], [114.1943834, 30.5540245], [114.1949939, 30.5547704], [114.1968563, 30.5571721], [114.1968925, 30.5572188], [114.1969033, 30.5572343], [114.1981075, 30.5587201], [114.198378, 30.5590924], [114.1995021, 30.5605773], [114.1998556, 30.5611531], [114.1998661, 30.5611702], [114.19989, 30.5612112], [114.1998966, 30.5612318], [114.2001158, 30.5619205], [114.2001793, 30.562749], [114.200236, 30.5634882], [114.2002666, 30.5638867], [114.2003606, 30.5657097], [114.2004252, 30.565802], [114.2004607, 30.5658527], [114.2005559, 30.5659509]]}, "properties": {"id": 13687, "name": "龙阳湖东路", "road_class": "secondary", "oneway": "F", "maxspeed": 0}}, {"type": "Feature", "geometry": {"type": "LineString", "coordinates": [[114.2083522, 30.572784], [114.2081606, 30.5725309], [114.2080447, 30.5723643], [114.2077112, 30.5718849], [114.207573, 30.5716646], [114.2074088, 30.5713464], [114.2071179, 30.5707017], [114.2070207, 30.5704708], [114.2068901, 30.5701053], [114.205967, 30.5679351], [114.2046486, 30.5647624], [114.2045542, 30.5645472], [114.2041368, 30.5636014], [114.2037552, 30.5627366], [114.2037088, 30.5626211], [114.2033457, 30.5617176], [114.2028196, 30.5604083], [114.2027778, 30.5603043], [114.2027676, 30.5602789], [114.2017099, 30.5576568], [114.2015826, 30.5573412], [114.2005906, 30.5551642], [114.2005551, 30.5550962], [114.2004185, 30.5548066], [114.2002629, 30.5544499], [114.1997635, 30.5535114], [114.1990429, 30.5522729], [114.1974049, 30.5499244], [114.197185, 30.549609], [114.1971537, 30.5495632], [114.1965232, 30.5486401], [114.1963904, 30.5484232], [114.1956616, 30.5473875], [114.1956263, 30.5473091], [114.1954637, 30.5470915], [114.1947945, 30.5461963], [114.1942457, 30.5454213], [114.1937318, 30.5446763], [114.1934412, 30.5442384], [114.1916557, 30.5415481], [114.1915912, 30.5414581], [114.1894933, 30.5385286], [114.189446, 30.5384625], [114.1888153, 30.5375818], [114.1877926, 30.5360978], [114.1876377, 30.535896], [114.185543, 30.5329803], [114.1842396, 30.5313491], [114.1841727, 30.5312861], [114.1819322, 30.5285671]]}, "properties": {"id": 13691, "name": " ", "road_class": "primary", "oneway": "F", "maxspeed": 0}}, {"type": "Feature", "geometry": {"type": "LineString", "coordinates": [[114.1876826, 30.535374], [114.1879412, 30.535754], [114.1880939, 30.5359304], [114.1882804, 30.5362024], [114.1897516, 30.538324], [114.1897986, 30.5383918], [114.1899414, 30.5385978], [114.1916753, 30.541138], [114.191821, 30.5413408], [114.1918932, 30.5414413], [114.1922761, 30.5419745], [114.1938846, 30.5440826], [114.1949752, 30.545683], [114.1958972, 30.5471004], [114.1959422, 30.5471484], [114.196733, 30.5482445], [114.197568, 30.5494018], [114.1976704, 30.5495456], [114.1977979, 30.5497303], [114.1993772, 30.5520265], [114.199405, 30.5520669], [114.1995002, 30.5522324], [114.2001578, 30.5533752], [114.2001984, 30.55344], [114.20044, 30.5538895], [114.2006469, 30.5543517], [114.2009041, 30.554926], [114.200933, 30.5549905], [114.2020196, 30.5575708], [114.2021995, 30.5579972], [114.2028632, 30.5595827], [114.2030945, 30.5601353], [114.2031781, 30.5603478], [114.2031973, 30.5603808], [114.2035578, 30.5612236], [114.203973, 30.5622064], [114.2048493, 30.5644355], [114.2049578, 30.5646599], [114.2063277, 30.5678963], [114.2075025, 30.5704986], [114.2076484, 30.5707986], [114.2077431, 30.5710106], [114.2078704, 30.5713882], [114.2083902, 30.5722605], [114.2086349, 30.5726711], [114.2087341, 30.5728599]]}, "properties": {"id": 13698, "name": " ", "road_class": "primary", "oneway": "F", "maxspeed": 0}}, {"type": "Feature", "geometry": {"type": "LineString", "coordinates": [[114.2238528, 30.5358448], [114.2232406, 30.5350649], [114.2228895, 30.5345532]]}, "properties": {"id": 14986, "name": "江城大道", "road_class": "trunk", "oneway": "F", "maxspeed": 0}}, {"type": "Feature", "geometry": {"type": "LineString", "coordinates": [[114.2035319, 30.5433325], [114.2036427, 30.5432888], [114.2038274, 30.5431283], [114.2040468, 30.5428335], [114.2051323, 30.5410759], [114.2053491, 30.5407146], [114.2057469, 30.5402539], [114.2061186, 30.5399782], [114.2065764, 30.5397066], [114.2078167, 30.5392127], [114.2082885, 30.5390438], [114.2083445, 30.5390238], [114.2088322, 30.5388492], [114.2093444, 30.5387331], [114.2097005, 30.5387031], [114.2100867, 30.5387216], [114.2106849, 30.5388117], [114.2114118, 30.5390126], [114.2124901, 30.5393313], [114.2125822, 30.5393585], [114.213203, 30.539542], [114.2138097, 30.5397287], [114.2143569, 30.5398489], [114.214963, 30.5399321], [114.2157946, 30.539949], [114.2158696, 30.5399505], [114.2167279, 30.5398673], [114.2172992, 30.5397472], [114.2177472, 30.5396318], [114.2181056, 30.5395177], [114.2186164, 30.5393242], [114.219276, 30.5389803], [114.2201558, 30.5382595], [114.2207674, 30.5377753], [114.2208302, 30.5377256], [114.2216149, 30.5371044], [114.2220763, 30.5368641], [114.2225046, 30.5366542], [114.2225988, 30.536608], [114.2227736, 30.5365223], [114.223531, 30.5361269], [114.2242538, 30.5357731], [114.2245197, 30.5356037], [114.2248222, 30.5353334], [114.2251759, 30.5349302], [114.2255148, 30.5344643], [114.2257796, 30.5341533], [114.22602, 30.5339333], [114.2262859, 30.5337502], [114.2266393, 30.5335821], [114.2271384, 30.5334625], [114.2279671, 30.5333596], [114.228889, 30.5332602], [114.2296669, 30.53308], [114.2305037, 30.5327797], [114.2310382, 30.5324758], [114.2346963, 30.5305969], [114.2348007, 30.5305433], [114.2350796, 30.5304], [114.2363885, 30.5298132], [114.2368499, 30.5296192], [114.2372897, 30.5294898], [114.2387174, 30.5291424]]}, "properties": {"id": 14981, "name": "墨水湖南路", "road_class": "tertiary", "oneway": "F", "maxspeed": 0}}, {"type": "Feature", "geometry": {"type": "LineString", "coordinates": [[114.2239804, 30.5358171], [114.2244436, 30.5364298], [114.2255364, 30.5380906], [114.2272038, 30.5406228], [114.2289171, 30.54317], [114.230172, 30.5450584], [114.2315508, 30.5472056], [114.2323642, 30.5484309]]}, "properties": {"id": 14985, "name": "江城大道", "road_class": "trunk", "oneway": "F", "maxspeed": 0}}, {"type": "Feature", "geometry": {"type": "LineString", "coordinates": [[114.2326399, 30.5678904], [114.2344369, 30.5671886], [114.2359989, 30.5664587], [114.236447, 30.5661944], [114.2380671, 30.5648986], [114.2395765, 30.5641219]]}, "properties": {"id": 14998, "name": "琴声二街", "road_class": "residential", "oneway": "B", "maxspeed": 0}}, {"type": "Feature", "geometry": {"type": "LineString", "coordinates": [[114.2407541, 30.568528], [114.2393981, 30.5666809], [114.2380671, 30.5648986], [114.2369895, 30.5633883]]}, "properties": {"id": 14999, "name": "月琴路", "road_class": "residential", "oneway": "B", "maxspeed": 0}}, {"type": "Feature", "geometry": {"type": "LineString", "coordinates": [[114.2388594, 30.5699229], [114.2375761, 30.5679348], [114.236447, 30.5661944]]}, "properties": {"id": 15000, "name": "钢药厂路", "road_class": "residential", "oneway": "B", "maxspeed": 0}}, {"type": "Feature", "geometry": {"type": "LineString", "coordinates": [[114.2009209, 30.538187], [114.2025558, 30.5376494], [114.2047401, 30.5366073], [114.2064932, 30.5358013], [114.2073669, 30.5353743], [114.2074739, 30.535322], [114.2078261, 30.5351373]]}, "properties": {"id": 15046, "name": "芳草一街", "road_class": "residential", "oneway": "B", "maxspeed": 0}}, {"type": "Feature", "geometry": {"type": "LineString", "coordinates": [[114.2012643, 30.5319498], [114.2031984, 30.5343687], [114.2047401, 30.5366073]]}, "properties": {"id": 15047, "name": " ", "road_class": "residential", "oneway": "B", "maxspeed": 0}}, {"type": "Feature", "geometry": {"type": "LineString", "coordinates": [[114.204197, 30.5600516], [114.2038843, 30.5601305]]}, "properties": {"id": 15154, "name": "墨北西延线", "road_class": "trunk", "oneway": "F", "maxspeed": 0}}, {"type": "Feature", "geometry": {"type": "LineString", "coordinates": [[114.2030521, 30.5607922], [114.2030423, 30.5607596], [114.2030364, 30.5607259], [114.2030346, 30.5606781], [114.2030381, 30.5606302], [114.2030457, 30.5605748], [114.2030649, 30.5604941], [114.2030885, 30.560437], [114.2031413, 30.5603401], [114.2032291, 30.5602514], [114.2034117, 30.5601197], [114.2036196, 30.5599946]]}, "properties": {"id": 15155, "name": "二环线", "road_class": "trunk", "oneway": "F", "maxspeed": 0}}, {"type": "Feature", "geometry": {"type": "LineString", "coordinates": [[114.2011964, 30.5563182], [114.2004869, 30.5546734], [114.2001391, 30.5539831], [114.1998776, 30.5534643], [114.199471, 30.5526805], [114.1991331, 30.5521231], [114.1969467, 30.5490082], [114.1965129, 30.5483901], [114.1958428, 30.5474382], [114.1954226, 30.5468378], [114.195175, 30.546484], [114.1949944, 30.5462258]]}, "properties": {"id": 15156, "name": "龙阳大道高架", "road_class": "trunk", "oneway": "F", "maxspeed": 0}}, {"type": "Feature", "geometry": {"type": "LineString", "coordinates": [[114.2036873, 30.5620722], [114.2033754, 30.5615002], [114.2031661, 30.5610599], [114.2030992, 30.5608979], [114.2030521, 30.5607922]]}, "properties": {"id": 15157, "name": "二环线", "road_class": "trunk", "oneway": "F", "maxspeed": 0}}, {"type": "Feature", "geometry": {"type": "LineString", "coordinates": [[114.2027351, 30.5593418], [114.2028632, 30.5595827], [114.2029477, 30.5596941], [114.2030171, 30.5597612], [114.2031134, 30.5598191], [114.2032681, 30.5598709], [114.2033926, 30.5598834], [114.2035362, 30.5598831], [114.203784, 30.559848], [114.2041153, 30.559765], [114.2044332, 30.5597179], [114.2048781, 30.5596706]]}, "properties": {"id": 15158, "name": " ", "road_class": "trunk_link", "oneway": "F", "maxspeed": 0}}, {"type": "Feature", "geometry": {"type": "LineString", "coordinates": [[114.2020768, 30.5580114], [114.20224, 30.5582832], [114.202311, 30.5584312], [114.2025192, 30.5588355], [114.2027351, 30.5593418]]}, "properties": {"id": 15159, "name": " ", "road_class": "trunk_link", "oneway": "F", "maxspeed": 0}}, {"type": "Feature", "geometry": {"type": "LineString", "coordinates": [[114.2048781, 30.5596706], [114.205196, 30.5596288], [114.2058696, 30.5595675], [114.2064303, 30.5595304], [114.2068942, 30.5594925], [114.2075139, 30.5593948], [114.2080435, 30.5592968], [114.2087442, 30.5591433], [114.2107804, 30.5586792], [114.2140241, 30.5579261], [114.2147574, 30.5577466], [114.215016, 30.5576779], [114.2151895, 30.5576219], [114.2155461, 30.5574905], [114.2162932, 30.5572109], [114.2170183, 30.5569095], [114.2178946, 30.5565666], [114.2192657, 30.5560169], [114.2204625, 30.5555734], [114.2209637, 30.5554274], [114.2213049, 30.5553623], [114.2214662, 30.5553316], [114.2221214, 30.5552182], [114.2245051, 30.554905], [114.2254951, 30.5547929], [114.2304616, 30.5541374], [114.230877, 30.5540507], [114.23126, 30.5539453], [114.23157, 30.5538337], [114.2318826, 30.5536986], [114.2323793, 30.5534679], [114.2333227, 30.5529455], [114.2336358, 30.5527877], [114.233987, 30.552632]]}, "properties": {"id": 15160, "name": "二环线", "road_class": "trunk", "oneway": "F", "maxspeed": 0}}, {"type": "Feature", "geometry": {"type": "LineString", "coordinates": [[114.202174, 30.5586661], [114.2019196, 30.5580523], [114.2018129, 30.5576796]]}, "properties": {"id": 15161, "name": "二环线", "road_class": "trunk_link", "oneway": "F", "maxspeed": 0}}, {"type": "Feature", "geometry": {"type": "LineString", "coordinates": [[114.2131027, 30.5595877], [114.2129956, 30.5593089], [114.2128447, 30.5589298], [114.2127102, 30.5587151], [114.2125535, 30.5585863], [114.2123402, 30.5585146], [114.2121465, 30.5585093], [114.2117851, 30.5585603], [114.2113663, 30.5586069]]}, "properties": {"id": 15162, "name": " ", "road_class": "trunk_link", "oneway": "F", "maxspeed": 0}}, {"type": "Feature", "geometry": {"type": "LineString", "coordinates": [[114.2382572, 30.5512853], [114.237375, 30.5518045], [114.2367725, 30.5520779], [114.2360275, 30.5522377], [114.235263, 30.5523948], [114.2351493, 30.5524258]]}, "properties": {"id": 15163, "name": "墨水湖北路", "road_class": "secondary", "oneway": "F", "maxspeed": 0}}, {"type": "Feature", "geometry": {"type": "LineString", "coordinates": [[114.2030945, 30.5601353], [114.2041262, 30.5598145], [114.2046466, 30.5596898], [114.2051374, 30.5596112], [114.2058696, 30.5595675], [114.2059501, 30.5595627], [114.2063547, 30.5595355], [114.2064303, 30.5595304], [114.2064657, 30.5595258], [114.2070284, 30.5594519], [114.2083346, 30.5592001], [114.2099709, 30.5588284], [114.2111617, 30.5585511], [114.2125545, 30.5582204]]}, "properties": {"id": 15164, "name": "墨水湖北路", "road_class": "secondary", "oneway": "F", "maxspeed": 0}}, {"type": "Feature", "geometry": {"type": "LineString", "coordinates": [[114.2283986, 30.55454], [114.2284455, 30.5546744], [114.2286137, 30.5547361]]}, "properties": {"id": 15165, "name": " ", "road_class": "residential", "oneway": "B", "maxspeed": 0}}, {"type": "Feature", "geometry": {"type": "LineString", "coordinates": [[114.2348164, 30.5525336], [114.2345616, 30.5526235], [114.2338911, 30.552933], [114.232153, 30.5538685], [114.2319465, 30.553977], [114.2316863, 30.5540625], [114.2312686, 30.5541772], [114.2309004, 30.5542334], [114.2304927, 30.5542865], [114.2287148, 30.554499], [114.2283986, 30.55454], [114.2275825, 30.5546399], [114.2259678, 30.5548455], [114.2241124, 30.5550727], [114.2231971, 30.5551989], [114.2219901, 30.5553675], [114.2210138, 30.5555477], [114.2207634, 30.5556157], [114.2206249, 30.5556516], [114.2204854, 30.5556932], [114.2192392, 30.556179], [114.217683, 30.5567855], [114.2171085, 30.557019], [114.2162421, 30.5573677], [114.2157003, 30.5575664], [114.2151102, 30.5577627], [114.2148609, 30.5578244], [114.2138468, 30.5580628], [114.2127009, 30.5583321], [114.2126127, 30.5583536], [114.2120716, 30.5584815], [114.210066, 30.5589569], [114.2088838, 30.559246], [114.2082963, 30.5593826], [114.2075052, 30.5595324], [114.2069511, 30.5596284], [114.2066656, 30.5596779], [114.2065415, 30.5596896], [114.2064557, 30.5596977], [114.2061265, 30.5597288], [114.2052199, 30.5597657], [114.2048015, 30.5598281], [114.2042516, 30.559969], [114.2031781, 30.5603478]]}, "properties": {"id": 15166, "name": "墨水湖北路", "road_class": "secondary", "oneway": "F", "maxspeed": 0}}, {"type": "Feature", "geometry": {"type": "LineString", "coordinates": [[114.2287148, 30.554499], [114.2287245, 30.554619], [114.2286137, 30.5547361], [114.2286566, 30.5549116], [114.2294237, 30.5547777], [114.2295257, 30.5553366]]}, "properties": {"id": 15167, "name": " ", "road_class": "residential", "oneway": "B", "maxspeed": 0}}, {"type": "Feature", "geometry": {"type": "LineString", "coordinates": [[114.2140032, 30.5579037], [114.214608, 30.557757], [114.2149138, 30.5576843], [114.2150291, 30.5576485], [114.2151466, 30.5576092], [114.2153059, 30.5575545], [114.2155461, 30.5574905]]}, "properties": {"id": 15168, "name": " ", "road_class": "trunk_link", "oneway": "F", "maxspeed": 0}}, {"type": "Feature", "geometry": {"type": "LineString", "coordinates": [[114.2137782, 30.5579353], [114.2139036, 30.5579206], [114.2140032, 30.5579037]]}, "properties": {"id": 15169, "name": " ", "road_class": "trunk_link", "oneway": "F", "maxspeed": 0}}, {"type": "Feature", "geometry": {"type": "LineString", "coordinates": [[114.2500989, 30.5403489], [114.2490073, 30.5403711], [114.2484987, 30.5404001], [114.2480305, 30.540453], [114.2475289, 30.5405378], [114.2470444, 30.5406435], [114.2465992, 30.5407699], [114.2461988, 30.5409148], [114.2457878, 30.5410834], [114.2454623, 30.5412337], [114.2449587, 30.5414921], [114.2446035, 30.5417158], [114.2442649, 30.5419583], [114.2439602, 30.542207], [114.243619, 30.5425052], [114.2433732, 30.5427569], [114.2431143, 30.5430525], [114.2428682, 30.543352], [114.2426812, 30.5436007], [114.2424573, 30.5439457], [114.2422794, 30.5442653], [114.2421489, 30.5445293], [114.2419958, 30.5448652], [114.2418841, 30.5451597], [114.2417888, 30.5454352], [114.241716, 30.5456957], [114.2416602, 30.5459508], [114.2415092, 30.5467948], [114.2414296, 30.5471297], [114.2413079, 30.5474723], [114.2411289, 30.5478148], [114.240899, 30.5481783], [114.2405734, 30.5486316], [114.2402369, 30.5490695], [114.2398954, 30.5494953], [114.2395465, 30.5499034], [114.2389753, 30.5505144], [114.2387823, 30.5507168], [114.2385081, 30.5510018], [114.2383154, 30.5511822], [114.23813, 30.5513375], [114.2378779, 30.5515209], [114.2376663, 30.5516532], [114.2373725, 30.5518055]]}, "properties": {"id": 15170, "name": "二环线", "road_class": "trunk", "oneway": "F", "maxspeed": 0}}, {"type": "Feature", "geometry": {"type": "LineString", "coordinates": [[114.2125545, 30.5582204], [114.2126456, 30.5582009], [114.2137782, 30.5579353], [114.2148131, 30.5576832]]}, "properties": {"id": 15308, "name": " ", "road_class": "secondary", "oneway": "F", "maxspeed": 0}}, {"type": "Feature", "geometry": {"type": "LineString", "coordinates": [[114.2178295, 30.5710315], [114.2156119, 30.5671799], [114.2149327, 30.565147], [114.2149013, 30.5650317], [114.2147738, 30.5646512], [114.2138013, 30.5618324], [114.2137753, 30.561752], [114.2133791, 30.5606294], [114.2132841, 30.5603727], [114.2130634, 30.5597215], [114.2128225, 30.5590668], [114.2126127, 30.5583536], [114.2125545, 30.5582204]]}, "properties": {"id": 15309, "name": "赫山路", "road_class": "secondary", "oneway": "F", "maxspeed": 0}}, {"type": "Feature", "geometry": {"type": "LineString", "coordinates": [[114.2148131, 30.5576832], [114.2148609, 30.5578244], [114.2153651, 30.5592758], [114.2157581, 30.5604252], [114.2160267, 30.56118], [114.2160502, 30.5612474]]}, "properties": {"id": 15310, "name": "紫荆路", "road_class": "tertiary", "oneway": "B", "maxspeed": 0}}, {"type": "Feature", "geometry": {"type": "LineString", "coordinates": [[114.2148131, 30.5576832], [114.2149574, 30.5576489], [114.2154241, 30.5574826], [114.2163011, 30.5571662], [114.2174169, 30.5567019], [114.2176386, 30.5566232], [114.2191818, 30.5560044], [114.2196325, 30.5558254], [114.2202292, 30.5556141], [114.2207073, 30.5554626], [114.2210111, 30.5553796], [114.2214269, 30.5552976], [114.2221242, 30.5551729], [114.2239746, 30.5549091], [114.225765, 30.5547143], [114.2273586, 30.5545135], [114.2275394, 30.5544904], [114.2290779, 30.554294], [114.2308334, 30.5540723], [114.2312908, 30.553988], [114.2315522, 30.5539279], [114.2316988, 30.5538739], [114.2320712, 30.5537224], [114.2325687, 30.553429], [114.2330703, 30.5531495], [114.2335618, 30.5528874], [114.2339856, 30.5526587], [114.2340862, 30.5526108], [114.2342512, 30.5525328], [114.2344587, 30.552443], [114.2346153, 30.5523825], [114.2346895, 30.5523531]]}, "properties": {"id": 15311, "name": "墨水湖北路", "road_class": "secondary", "oneway": "F", "maxspeed": 0}}, {"type": "Feature", "geometry": {"type": "LineString", "coordinates": [[114.223162, 30.5625724], [114.2220837, 30.5627595], [114.2214734, 30.5628654], [114.2198564, 30.5633348], [114.2179448, 30.5638299], [114.2148608, 30.5646287], [114.2147738, 30.5646512]]}, "properties": {"id": 15312, "name": "百合街", "road_class": "residential", "oneway": "B", "maxspeed": 0}}, {"type": "Feature", "geometry": {"type": "LineString", "coordinates": [[114.2199467, 30.5661179], [114.2202415, 30.566873], [114.2195764, 30.5670389], [114.2185584, 30.567293]]}, "properties": {"id": 15313, "name": " ", "road_class": "residential", "oneway": "B", "maxspeed": 0}}, {"type": "Feature", "geometry": {"type": "LineString", "coordinates": [[114.2195764, 30.5670389], [114.2201195, 30.5682662], [114.2185015, 30.5687562], [114.2174526, 30.5692673]]}, "properties": {"id": 15314, "name": " ", "road_class": "residential", "oneway": "B", "maxspeed": 0}}, {"type": "Feature", "geometry": {"type": "LineString", "coordinates": [[114.2239901, 30.5658234], [114.224311, 30.5658707], [114.2244509, 30.5663225], [114.2241343, 30.5663748]]}, "properties": {"id": 15315, "name": " ", "road_class": "unclassified", "oneway": "B", "maxspeed": 0}}, {"type": "Feature", "geometry": {"type": "LineString", "coordinates": [[114.2236144, 30.5641816], [114.2252204, 30.5641691], [114.2257393, 30.5642394]]}, "properties": {"id": 15316, "name": " ", "road_class": "unclassified", "oneway": "B", "maxspeed": 0}}, {"type": "Feature", "geometry": {"type": "LineString", "coordinates": [[114.2234882, 30.5636744], [114.2245805, 30.5636745], [114.2245846, 30.5637573], [114.2257926, 30.5637789]]}, "properties": {"id": 15317, "name": " ", "road_class": "unclassified", "oneway": "B", "maxspeed": 0}}, {"type": "Feature", "geometry": {"type": "LineString", "coordinates": [[114.2234202, 30.56331], [114.2222365, 30.5635805], [114.2217408, 30.5638177], [114.2215343, 30.5643927], [114.2209973, 30.5643808], [114.2210937, 30.5638829], [114.2209835, 30.5634501]]}, "properties": {"id": 15318, "name": " ", "road_class": "unclassified", "oneway": "B", "maxspeed": 0}}, {"type": "Feature", "geometry": {"type": "LineString", "coordinates": [[114.2192392, 30.556179], [114.2197075, 30.5572881], [114.2189571, 30.5574837], [114.2197075, 30.5578454], [114.220455, 30.557636], [114.2214194, 30.5573658]]}, "properties": {"id": 15319, "name": " ", "road_class": "residential", "oneway": "B", "maxspeed": 0}}, {"type": "Feature", "geometry": {"type": "LineString", "coordinates": [[114.2197075, 30.5572881], [114.220455, 30.557636]]}, "properties": {"id": 15320, "name": " ", "road_class": "residential", "oneway": "B", "maxspeed": 0}}, {"type": "Feature", "geometry": {"type": "LineString", "coordinates": [[114.2070985, 30.5611979], [114.2040811, 30.5621664], [114.203973, 30.5622064]]}, "properties": {"id": 15614, "name": "冯家畈路", "road_class": "residential", "oneway": "B", "maxspeed": 0}}, {"type": "Feature", "geometry": {"type": "LineString", "coordinates": [[114.2035578, 30.5612236], [114.2036769, 30.5611725], [114.2042772, 30.5609152], [114.20459, 30.5616095], [114.2039379, 30.5618147]]}, "properties": {"id": 15615, "name": " ", "road_class": "service", "oneway": "B", "maxspeed": 0}}, {"type": "Feature", "geometry": {"type": "LineString", "coordinates": [[114.2036769, 30.5611725], [114.2039379, 30.5618147], [114.2040811, 30.5621664]]}, "properties": {"id": 15616, "name": " ", "road_class": "service", "oneway": "B", "maxspeed": 0}}, {"type": "Feature", "geometry": {"type": "LineString", "coordinates": [[114.2081241, 30.5637722], [114.2079345, 30.5634969]]}, "properties": {"id": 15617, "name": " ", "road_class": "residential", "oneway": "B", "maxspeed": 0}}, {"type": "Feature", "geometry": {"type": "LineString", "coordinates": [[114.2092841, 30.5630525], [114.2095315, 30.5636023], [114.2097285, 30.5635511], [114.2104053, 30.563375], [114.210559, 30.5639207], [114.2099204, 30.564053], [114.2097285, 30.5635511]]}, "properties": {"id": 15618, "name": " ", "road_class": "service", "oneway": "B", "maxspeed": 0}}, {"type": "Feature", "geometry": {"type": "LineString", "coordinates": [[114.2153651, 30.5592758], [114.2146305, 30.5594598]]}, "properties": {"id": 15619, "name": " ", "road_class": "residential", "oneway": "B", "maxspeed": 0}}, {"type": "Feature", "geometry": {"type": "LineString", "coordinates": [[114.2157581, 30.5604252], [114.2155591, 30.5604796], [114.2154716, 30.560447], [114.2152093, 30.5605122]]}, "properties": {"id": 15620, "name": " ", "road_class": "residential", "oneway": "B", "maxspeed": 0}}, {"type": "Feature", "geometry": {"type": "LineString", "coordinates": [[114.2217195, 30.5615013], [114.2217807, 30.5614827], [114.2218577, 30.5614593], [114.2214878, 30.5605036], [114.2213739, 30.5604931], [114.2211989, 30.5600241]]}, "properties": {"id": 15621, "name": " ", "road_class": "residential", "oneway": "B", "maxspeed": 0}}, {"type": "Feature", "geometry": {"type": "LineString", "coordinates": [[114.2213739, 30.5604931], [114.221378, 30.5606366], [114.2217195, 30.5615013]]}, "properties": {"id": 15622, "name": " ", "road_class": "residential", "oneway": "B", "maxspeed": 0}}, {"type": "Feature", "geometry": {"type": "LineString", "coordinates": [[114.2220837, 30.5627595], [114.2219867, 30.5624754], [114.2222124, 30.562425], [114.2217807, 30.5614827]]}, "properties": {"id": 15623, "name": " ", "road_class": "residential", "oneway": "B", "maxspeed": 0}}, {"type": "Feature", "geometry": {"type": "LineString", "coordinates": [[114.20543, 30.5570911], [114.207916, 30.556046], [114.2108926, 30.5550111]]}, "properties": {"id": 16834, "name": "十升一路", "road_class": "residential", "oneway": "B", "maxspeed": 0}}, {"type": "Feature", "geometry": {"type": "LineString", "coordinates": [[114.2347832, 30.551543], [114.2348487, 30.5516498], [114.2349255, 30.5518028], [114.2350388, 30.5521089], [114.2352608, 30.5525816], [114.2353832, 30.5529102]]}, "properties": {"id": 17236, "name": " ", "road_class": "trunk_link", "oneway": "F", "maxspeed": 0}}, {"type": "Feature", "geometry": {"type": "LineString", "coordinates": [[114.2332176, 30.5515372], [114.2333175, 30.5514372], [114.2334706, 30.5513291], [114.2336577, 30.551252], [114.2338346, 30.5512115], [114.2340148, 30.5511961], [114.2341852, 30.551209], [114.2343529, 30.5512541], [114.2344861, 30.5513032], [114.234599, 30.5513671], [114.2346991, 30.5514474], [114.2347832, 30.551543]]}, "properties": {"id": 17237, "name": " ", "road_class": "trunk_link", "oneway": "F", "maxspeed": 0}}, {"type": "Feature", "geometry": {"type": "LineString", "coordinates": [[114.233186, 30.5495965], [114.2338675, 30.5504934], [114.2350211, 30.5522385]]}, "properties": {"id": 17238, "name": " ", "road_class": "primary", "oneway": "F", "maxspeed": 0}}, {"type": "Feature", "geometry": {"type": "LineString", "coordinates": [[114.2369768, 30.5560435], [114.2367333, 30.5558275], [114.2363338, 30.5549764], [114.2352662, 30.5531794], [114.2348164, 30.5525336]]}, "properties": {"id": 17239, "name": " ", "road_class": "primary", "oneway": "F", "maxspeed": 0}}, {"type": "Feature", "geometry": {"type": "LineString", "coordinates": [[114.2379778, 30.5578941], [114.2381248, 30.5581733]]}, "properties": {"id": 17240, "name": "江城大道", "road_class": "trunk", "oneway": "F", "maxspeed": 0}}, {"type": "Feature", "geometry": {"type": "LineString", "coordinates": [[114.2378222, 30.5579291], [114.2362002, 30.5545088], [114.2358107, 30.5538998]]}, "properties": {"id": 17241, "name": "江城大道", "road_class": "trunk", "oneway": "F", "maxspeed": 0}}, {"type": "Feature", "geometry": {"type": "LineString", "coordinates": [[114.2276774, 30.5545831], [114.2270749, 30.5547678], [114.2260057, 30.5549254], [114.2247883, 30.5550941]]}, "properties": {"id": 17242, "name": " ", "road_class": "trunk_link", "oneway": "F", "maxspeed": 0}}, {"type": "Feature", "geometry": {"type": "LineString", "coordinates": [[114.2247883, 30.5550941], [114.2241487, 30.5551827]]}, "properties": {"id": 17243, "name": " ", "road_class": "trunk_link", "oneway": "F", "maxspeed": 0}}, {"type": "Feature", "geometry": {"type": "LineString", "coordinates": [[114.2176386, 30.5566232], [114.217751, 30.556459], [114.2186075, 30.5560903]]}, "properties": {"id": 17244, "name": " ", "road_class": "trunk_link", "oneway": "F", "maxspeed": 0}}, {"type": "Feature", "geometry": {"type": "LineString", "coordinates": [[114.2186075, 30.5560903], [114.2196551, 30.5556636], [114.2203028, 30.5554655], [114.2204656, 30.5554289], [114.2208478, 30.5553801], [114.2213049, 30.5553623]]}, "properties": {"id": 17245, "name": " ", "road_class": "trunk_link", "oneway": "F", "maxspeed": 0}}, {"type": "Feature", "geometry": {"type": "LineString", "coordinates": [[114.2075139, 30.5593948], [114.2082415, 30.5591598], [114.2092254, 30.5588937], [114.210819, 30.5584982], [114.2120822, 30.5581969]]}, "properties": {"id": 17246, "name": " ", "road_class": "trunk_link", "oneway": "F", "maxspeed": 0}}, {"type": "Feature", "geometry": {"type": "LineString", "coordinates": [[114.2120822, 30.5581969], [114.2121403, 30.5581831], [114.2124412, 30.5581376], [114.2125545, 30.5582204]]}, "properties": {"id": 17247, "name": " ", "road_class": "trunk_link", "oneway": "F", "maxspeed": 0}}, {"type": "Feature", "geometry": {"type": "LineString", "coordinates": [[114.2142073, 30.5562798], [114.2140142, 30.5558147], [114.2139713, 30.5556299], [114.2140356, 30.5554775], [114.2142663, 30.5551911], [114.2144594, 30.5550155], [114.2147276, 30.5549], [114.21513, 30.5547984], [114.2166202, 30.5544218]]}, "properties": {"id": 17248, "name": "徐家湾路", "road_class": "residential", "oneway": "B", "maxspeed": 0}}, {"type": "Feature", "geometry": {"type": "LineString", "coordinates": [[114.2023469, 30.5604082], [114.2036196, 30.5599946]]}, "properties": {"id": 17422, "name": "墨北西延线", "road_class": "trunk", "oneway": "F", "maxspeed": 0}}, {"type": "Feature", "geometry": {"type": "LineString", "coordinates": [[114.2038843, 30.5601305], [114.2036511, 30.5601999], [114.2024217, 30.5605977]]}, "properties": {"id": 17423, "name": "墨北西延线", "road_class": "trunk", "oneway": "F", "maxspeed": 0}}, {"type": "Feature", "geometry": {"type": "LineString", "coordinates": [[114.2024217, 30.5605977], [114.2008746, 30.5610678], [114.2005621, 30.5611651], [114.200116, 30.5612374], [114.1996601, 30.5612805], [114.1989966, 30.5613134], [114.1970157, 30.5613441], [114.1951088, 30.5613737], [114.1922894, 30.5614191], [114.1899026, 30.561422], [114.1872258, 30.5613626], [114.186647, 30.5613066], [114.1861713, 30.5612351], [114.1857056, 30.5611411], [114.1853569, 30.5610425], [114.184891, 30.5608794], [114.1845058, 30.5607282], [114.1839086, 30.5604124], [114.1828529, 30.559888], [114.182486, 30.5597261], [114.1821227, 30.5596175], [114.1817076, 30.5595195], [114.1813022, 30.5594527], [114.1810029, 30.5594294], [114.1805019, 30.5594162], [114.1799123, 30.5594371], [114.1794951, 30.5594825], [114.1790907, 30.5595674], [114.1786477, 30.5596926], [114.1782834, 30.5598371], [114.1779971, 30.5599699], [114.1776655, 30.5601394], [114.1772903, 30.560384], [114.1769135, 30.5606576], [114.1765958, 30.5609242], [114.1763076, 30.5612139], [114.1759017, 30.561654], [114.1755292, 30.5621093], [114.1752123, 30.5625298], [114.1749942, 30.5628385], [114.1747302, 30.5632605], [114.1744159, 30.5638098], [114.1741529, 30.5643597], [114.1739183, 30.5648659], [114.1737547, 30.5651742], [114.1735991, 30.5654087], [114.1734073, 30.5656739], [114.173156, 30.5659423], [114.1728521, 30.5662118], [114.1725331, 30.5664341], [114.172232, 30.5665979], [114.1718532, 30.5667632], [114.1716492, 30.5668374], [114.1711431, 30.5669892], [114.1707461, 30.5670696], [114.1703211, 30.5671219], [114.1697047, 30.5671541], [114.1685045, 30.5671742]]}, "properties": {"id": 17425, "name": "墨北西延线", "road_class": "trunk", "oneway": "F", "maxspeed": 0}}, {"type": "Feature", "geometry": {"type": "LineString", "coordinates": [[114.196962, 30.5393967], [114.1972564, 30.5393078], [114.1981412, 30.5392133], [114.2003709, 30.5390822]]}, "properties": {"id": 18647, "name": " ", "road_class": "trunk_link", "oneway": "F", "maxspeed": 0}}, {"type": "Feature", "geometry": {"type": "LineString", "coordinates": [[114.2003709, 30.5390822], [114.2007248, 30.5390395], [114.2009113, 30.5390074], [114.2009726, 30.5389969], [114.2011427, 30.5389656], [114.2012142, 30.5389525], [114.2013271, 30.5389268], [114.2019127, 30.5387269], [114.2030392, 30.5382279], [114.2074229, 30.5360745], [114.2075219, 30.5360325], [114.2079444, 30.535825]]}, "properties": {"id": 18648, "name": " ", "road_class": "trunk_link", "oneway": "F", "maxspeed": 0}}, {"type": "Feature", "geometry": {"type": "LineString", "coordinates": [[114.2124831, 30.5338407], [114.2120343, 30.5341301], [114.2115033, 30.5344119], [114.2109454, 30.5346938], [114.2092332, 30.5355172]]}, "properties": {"id": 18649, "name": " ", "road_class": "trunk_link", "oneway": "F", "maxspeed": 0}}, {"type": "Feature", "geometry": {"type": "LineString", "coordinates": [[114.200407, 30.5393963], [114.1986662, 30.5395157], [114.1981486, 30.5395396], [114.1977142, 30.5395502], [114.197051, 30.5395044]]}, "properties": {"id": 18650, "name": " ", "road_class": "trunk_link", "oneway": "F", "maxspeed": 0}}, {"type": "Feature", "geometry": {"type": "LineString", "coordinates": [[114.2009113, 30.5390074], [114.201012, 30.5389209], [114.2010397, 30.5388705], [114.2010674, 30.5388015], [114.2010914, 30.5387289]]}, "properties": {"id": 18651, "name": " ", "road_class": "trunk_link", "oneway": "F", "maxspeed": 0}}, {"type": "Feature", "geometry": {"type": "LineString", "coordinates": [[114.2014843, 30.5394444], [114.2013016, 30.5393535], [114.2011598, 30.5393243], [114.2009813, 30.539307]]}, "properties": {"id": 18652, "name": " ", "road_class": "trunk_link", "oneway": "F", "maxspeed": 0}}, {"type": "Feature", "geometry": {"type": "LineString", "coordinates": [[114.2212509, 30.5349771], [114.2212857, 30.5349306], [114.2212894, 30.5349256], [114.2213102, 30.5348977], [114.2213969, 30.53484], [114.2214738, 30.5348182], [114.221501, 30.5348105], [114.2215338, 30.5348112], [114.2216105, 30.5348127], [114.2217129, 30.5348462], [114.2217965, 30.5349073], [114.2218515, 30.5349889], [114.2218656, 30.5350535], [114.2218718, 30.5350817], [114.2218549, 30.5351749], [114.2218028, 30.5352579], [114.2217537, 30.5352962], [114.2217216, 30.5353212], [114.2216277, 30.535356], [114.2215571, 30.5353614], [114.221526, 30.5353638], [114.2214265, 30.5353439], [114.2213392, 30.5352983], [114.2212728, 30.5352315], [114.2212338, 30.5351502], [114.2212263, 30.5350624], [114.2212509, 30.5349771]]}, "properties": {"id": 18656, "name": " ", "road_class": "residential", "oneway": "F", "maxspeed": 0}}, {"type": "Feature", "geometry": {"type": "LineString", "coordinates": [[114.2228895, 30.5345532], [114.2227442, 30.5345619], [114.2225708, 30.5346321], [114.2219621, 30.5349338], [114.2219054, 30.5349887], [114.2218656, 30.5350535]]}, "properties": {"id": 18658, "name": " ", "road_class": "residential", "oneway": "F", "maxspeed": 0}}, {"type": "Feature", "geometry": {"type": "LineString", "coordinates": [[114.2213392, 30.5352983], [114.2212224, 30.5353057], [114.2210737, 30.5353545], [114.2206773, 30.5355344], [114.2203553, 30.5357417], [114.2200473, 30.5360099], [114.2197996, 30.5362721], [114.2196482, 30.5365271], [114.2196393, 30.536537], [114.2195945, 30.5365866], [114.2193112, 30.5369], [114.2190422, 30.5371591], [114.2186883, 30.5373725], [114.2181079, 30.5376316], [114.2179698, 30.5376652]]}, "properties": {"id": 18659, "name": "文选路", "road_class": "residential", "oneway": "F", "maxspeed": 0}}, {"type": "Feature", "geometry": {"type": "LineString", "coordinates": [[114.2179698, 30.5376652], [114.2180541, 30.5381055], [114.2181288, 30.5384796], [114.2182549, 30.5387853], [114.2185071, 30.5391955], [114.2186164, 30.5393242], [114.2186607, 30.5393907]]}, "properties": {"id": 18660, "name": "凤栖路", "road_class": "residential", "oneway": "B", "maxspeed": 0}}, {"type": "Feature", "geometry": {"type": "LineString", "coordinates": [[114.2036511, 30.5601999], [114.2032994, 30.5602118], [114.2032109, 30.5602131], [114.203152, 30.5602078], [114.2030688, 30.5601984], [114.2029879, 30.5601781], [114.2029272, 30.5601558], [114.2028584, 30.5601162], [114.2027924, 30.5600614], [114.2027615, 30.5600328], [114.2027299, 30.5599821], [114.2026896, 30.5599099], [114.202174, 30.5586661]]}, "properties": {"id": 19250, "name": "二环线", "road_class": "trunk_link", "oneway": "F", "maxspeed": 0}}, {"type": "Feature", "geometry": {"type": "LineString", "coordinates": [[114.235348, 30.5639507], [114.2346447, 30.564338], [114.2341523, 30.5645836], [114.2337496, 30.5648062], [114.2331177, 30.5651554], [114.2330675, 30.5651835], [114.2314664, 30.566082]]}, "properties": {"id": 19704, "name": " ", "road_class": "residential", "oneway": "B", "maxspeed": 0}}, {"type": "Feature", "geometry": {"type": "LineString", "coordinates": [[114.2318518, 30.5667582], [114.2314664, 30.566082], [114.2313082, 30.5659355], [114.2301308, 30.5643069], [114.2300239, 30.5642346]]}, "properties": {"id": 19705, "name": " ", "road_class": "residential", "oneway": "B", "maxspeed": 0}}, {"type": "Feature", "geometry": {"type": "LineString", "coordinates": [[114.2337496, 30.5648062], [114.233331, 30.5642094], [114.2330046, 30.563744], [114.232333, 30.5627862]]}, "properties": {"id": 19706, "name": " ", "road_class": "residential", "oneway": "B", "maxspeed": 0}}, {"type": "Feature", "geometry": {"type": "LineString", "coordinates": [[114.2330046, 30.563744], [114.2339469, 30.5632544], [114.2352403, 30.5625823], [114.2379581, 30.561073], [114.2375711, 30.5605145], [114.2375384, 30.5604769], [114.2371241, 30.5606835], [114.237075, 30.5606365], [114.2365219, 30.5609388], [114.2355171, 30.5614881], [114.234395, 30.5621014], [114.2327471, 30.5630021], [114.2326762, 30.5629927], [114.2325617, 30.5628331], [114.2325726, 30.5627768], [114.233979, 30.5620305], [114.2342133, 30.5620071], [114.234395, 30.5621014]]}, "properties": {"id": 19707, "name": " ", "road_class": "residential", "oneway": "B", "maxspeed": 0}}, {"type": "Feature", "geometry": {"type": "LineString", "coordinates": [[114.2342133, 30.5620071], [114.2354083, 30.561351], [114.2357777, 30.5611481], [114.2363228, 30.5609463], [114.2365219, 30.5609388]]}, "properties": {"id": 19708, "name": " ", "road_class": "residential", "oneway": "B", "maxspeed": 0}}, {"type": "Feature", "geometry": {"type": "LineString", "coordinates": [[114.2355171, 30.5614881], [114.2354083, 30.561351]]}, "properties": {"id": 19709, "name": " ", "road_class": "residential", "oneway": "B", "maxspeed": 0}}, {"type": "Feature", "geometry": {"type": "LineString", "coordinates": [[114.2330675, 30.5651835], [114.2320962, 30.5638061]]}, "properties": {"id": 19710, "name": " ", "road_class": "residential", "oneway": "B", "maxspeed": 0}}, {"type": "Feature", "geometry": {"type": "LineString", "coordinates": [[114.233331, 30.5642094], [114.2339776, 30.563903]]}, "properties": {"id": 19711, "name": " ", "road_class": "path", "oneway": "B", "maxspeed": 0}}, {"type": "Feature", "geometry": {"type": "LineString", "coordinates": [[114.2083956, 30.5358091], [114.2079111, 30.5360507]]}, "properties": {"id": 19877, "name": "杨泗港快速通道", "road_class": "trunk", "oneway": "F", "maxspeed": 0}}, {"type": "Feature", "geometry": {"type": "LineString", "coordinates": [[114.2079111, 30.5360507], [114.2037611, 30.5380815], [114.2019402, 30.5389519], [114.2015912, 30.5390793], [114.2011886, 30.5391882], [114.2008233, 30.5392568], [114.1990945, 30.5393836], [114.1979766, 30.5394566], [114.197051, 30.5395044], [114.1967142, 30.5395218], [114.1961616, 30.5395704], [114.195726, 30.5396321], [114.1952579, 30.5397429], [114.1947978, 30.539906], [114.1943296, 30.5401322], [114.1937122, 30.5404375]]}, "properties": {"id": 19878, "name": "杨泗港快速通道", "road_class": "trunk", "oneway": "F", "maxspeed": 0}}, {"type": "Feature", "geometry": {"type": "LineString", "coordinates": [[114.1968137, 30.5308832], [114.1968206, 30.5308964], [114.1976678, 30.5323899], [114.1992189, 30.5350906], [114.2009209, 30.538187], [114.2013271, 30.5389268], [114.2014733, 30.5391932], [114.2018444, 30.5398692], [114.2023817, 30.5408666], [114.203134, 30.5423062], [114.2036427, 30.5432888], [114.2036966, 30.543402], [114.2039034, 30.5438482]]}, "properties": {"id": 19887, "name": "芳草路", "road_class": "secondary", "oneway": "F", "maxspeed": 0}}, {"type": "Feature", "geometry": {"type": "LineString", "coordinates": [[114.2398511, 30.5616444], [114.2406547, 30.5630256], [114.240908, 30.5633955], [114.2410569, 30.5636112], [114.2415743, 30.5643405]]}, "properties": {"id": 20076, "name": "江城大道", "road_class": "trunk", "oneway": "F", "maxspeed": 0}}, {"type": "Feature", "geometry": {"type": "LineString", "coordinates": [[114.2384705, 30.5585033], [114.2385593, 30.5586864], [114.2386261, 30.5588721], [114.2393277, 30.5602738]]}, "properties": {"id": 20077, "name": "江城大道", "road_class": "secondary", "oneway": "F", "maxspeed": 0}}, {"type": "Feature", "geometry": {"type": "LineString", "coordinates": [[114.2393277, 30.5602738], [114.2396374, 30.5609352], [114.2396629, 30.5609898], [114.2396695, 30.5610021], [114.2397406, 30.5611383], [114.2398764, 30.5613805], [114.2399639, 30.5615396], [114.2399732, 30.5615552], [114.2407144, 30.5629107], [114.241021, 30.5633652], [114.2414123, 30.5638998], [114.2419238, 30.5646575], [114.2422217, 30.5650599], [114.2422719, 30.5651234], [114.2423246, 30.5651834], [114.2423903, 30.5652465]]}, "properties": {"id": 20078, "name": "江城大道", "road_class": "secondary", "oneway": "F", "maxspeed": 0}}, {"type": "Feature", "geometry": {"type": "LineString", "coordinates": [[114.2369768, 30.5560435], [114.2369942, 30.5563129], [114.2378446, 30.5582513], [114.2379892, 30.5586835]]}, "properties": {"id": 20079, "name": "江城大道", "road_class": "secondary", "oneway": "T", "maxspeed": 0}}, {"type": "Feature", "geometry": {"type": "LineString", "coordinates": [[114.2379892, 30.5586835], [114.2380752, 30.5588636], [114.2381991, 30.5590478], [114.2388878, 30.5603708]]}, "properties": {"id": 20080, "name": "江城大道", "road_class": "secondary", "oneway": "T", "maxspeed": 0}}, {"type": "Feature", "geometry": {"type": "LineString", "coordinates": [[114.2381248, 30.5581733], [114.238366, 30.5584788], [114.2384106, 30.558534]]}, "properties": {"id": 20081, "name": " ", "road_class": "trunk_link", "oneway": "F", "maxspeed": 0}}, {"type": "Feature", "geometry": {"type": "LineString", "coordinates": [[114.2380517, 30.5586415], [114.2379965, 30.5584798], [114.2379512, 30.5583337], [114.2379466, 30.558204]]}, "properties": {"id": 20082, "name": " ", "road_class": "trunk_link", "oneway": "F", "maxspeed": 0}}, {"type": "Feature", "geometry": {"type": "LineString", "coordinates": [[114.2375239, 30.5629165], [114.2373929, 30.5630053], [114.2372883, 30.5630771], [114.2371622, 30.5631767], [114.2370011, 30.5633297], [114.2368359, 30.5634856]]}, "properties": {"id": 20083, "name": "琴台大道", "road_class": "trunk", "oneway": "F", "maxspeed": 0}}, {"type": "Feature", "geometry": {"type": "LineString", "coordinates": [[114.2374629, 30.5628495], [114.2412941, 30.5601759]]}, "properties": {"id": 20084, "name": "琴台大道", "road_class": "trunk", "oneway": "F", "maxspeed": 0}}, {"type": "Feature", "geometry": {"type": "LineString", "coordinates": [[114.2413665, 30.5602246], [114.2375239, 30.5629165]]}, "properties": {"id": 20085, "name": "琴台大道", "road_class": "trunk", "oneway": "F", "maxspeed": 0}}, {"type": "Feature", "geometry": {"type": "LineString", "coordinates": [[114.2418659, 30.5598846], [114.2417984, 30.559975], [114.2417367, 30.5600466], [114.2416777, 30.5601136], [114.2415811, 30.5601898], [114.2414973, 30.5602497], [114.2398764, 30.5613805], [114.2395315, 30.5616219], [114.2393025, 30.5617808], [114.2392642, 30.5618076], [114.2383135, 30.5624707], [114.2380489, 30.5626548], [114.2375739, 30.5629867], [114.2373808, 30.5631184], [114.2372444, 30.5632166], [114.2371157, 30.5633104], [114.2371, 30.5633219], [114.2369895, 30.5633883], [114.2368359, 30.5634856]]}, "properties": {"id": 20087, "name": "琴台大道", "road_class": "secondary", "oneway": "F", "maxspeed": 0}}, {"type": "Feature", "geometry": {"type": "LineString", "coordinates": [[114.2367746, 30.5634368], [114.2368926, 30.5632615], [114.2369597, 30.5631645], [114.2370321, 30.5630791], [114.237126, 30.562989], [114.2372353, 30.562896], [114.2373271, 30.5628297], [114.2391412, 30.5615583], [114.2394071, 30.5613736], [114.2397406, 30.5611383], [114.239948, 30.560993], [114.2413907, 30.5599819], [114.2414872, 30.5599219], [114.2415784, 30.559878], [114.2416455, 30.5598549], [114.2417206, 30.5598387], [114.2418164, 30.5598234]]}, "properties": {"id": 20088, "name": "琴台大道", "road_class": "secondary", "oneway": "F", "maxspeed": 0}}, {"type": "Feature", "geometry": {"type": "LineString", "coordinates": [[114.2368359, 30.5634856], [114.2354816, 30.5647639], [114.2337142, 30.5660602], [114.2329227, 30.5664443], [114.2318957, 30.5668199], [114.2295805, 30.5676667], [114.2285861, 30.5678067], [114.2254461, 30.5677644], [114.2245658, 30.567939], [114.2245113, 30.5679499], [114.2238837, 30.5682265], [114.2232721, 30.5685325], [114.2215882, 30.5694355], [114.2213716, 30.5695516], [114.2212765, 30.5695939], [114.2179518, 30.5710647], [114.2178754, 30.5710974], [114.2154468, 30.5713257], [114.2140069, 30.5714727]]}, "properties": {"id": 20089, "name": "琴台大道", "road_class": "trunk", "oneway": "F", "maxspeed": 0}}, {"type": "Feature", "geometry": {"type": "LineString", "coordinates": [[114.2367746, 30.5634368], [114.2370116, 30.5632083], [114.2371755, 30.5630629], [114.2372786, 30.5629789], [114.2373693, 30.5629139], [114.2374629, 30.5628495]]}, "properties": {"id": 20090, "name": "琴台大道", "road_class": "trunk", "oneway": "F", "maxspeed": 0}}, {"type": "Feature", "geometry": {"type": "LineString", "coordinates": [[114.2395765, 30.5641219], [114.2396682, 30.5639116], [114.2396732, 30.5637636], [114.2392642, 30.5618076]]}, "properties": {"id": 20095, "name": "龙灯侧路", "road_class": "residential", "oneway": "B", "maxspeed": 0}}, {"type": "Feature", "geometry": {"type": "LineString", "coordinates": [[114.2396471, 30.5618215], [114.2396112, 30.561801], [114.23957, 30.5617828], [114.2395279, 30.5617719], [114.2394803, 30.5617649], [114.239434, 30.5617626], [114.2393844, 30.5617649], [114.2393434, 30.5617706], [114.2393025, 30.5617808]]}, "properties": {"id": 20096, "name": " ", "road_class": "secondary_link", "oneway": "F", "maxspeed": 0}}, {"type": "Feature", "geometry": {"type": "LineString", "coordinates": [[114.2396113, 30.5617586], [114.2396085, 30.5617306], [114.239611, 30.5617118], [114.2396218, 30.5616876], [114.2396338, 30.5616726], [114.2396513, 30.5616564], [114.2398404, 30.5615363], [114.2398658, 30.5615282], [114.239898, 30.5615247], [114.2399245, 30.5615271], [114.2399436, 30.5615328], [114.2399732, 30.5615552]]}, "properties": {"id": 20097, "name": " ", "road_class": "secondary_link", "oneway": "F", "maxspeed": 0}}, {"type": "Feature", "geometry": {"type": "LineString", "coordinates": [[114.2396695, 30.5610021], [114.2396716, 30.5610253], [114.2396689, 30.5610461], [114.2396569, 30.5610657], [114.2396421, 30.5610819], [114.2394356, 30.5612239], [114.2394128, 30.5612332], [114.2393886, 30.5612355], [114.2393631, 30.5612318], [114.2393404, 30.5612216], [114.2393184, 30.5611966]]}, "properties": {"id": 20098, "name": " ", "road_class": "secondary_link", "oneway": "F", "maxspeed": 0}}, {"type": "Feature", "geometry": {"type": "LineString", "coordinates": [[114.2391412, 30.5615583], [114.2391738, 30.5615097], [114.2391975, 30.5614615], [114.239217, 30.5614078], [114.2392315, 30.5613573], [114.2392449, 30.5612938], [114.2392543, 30.5612291], [114.2392574, 30.5611816], [114.2392556, 30.5611309], [114.2392449, 30.5610549]]}, "properties": {"id": 20099, "name": " ", "road_class": "secondary_link", "oneway": "F", "maxspeed": 0}}, {"type": "Feature", "geometry": {"type": "LineString", "coordinates": [[114.2396374, 30.5609352], [114.2396834, 30.560967], [114.2397304, 30.5609854], [114.2397746, 30.560997], [114.2398269, 30.5610039], [114.2398792, 30.5610039], [114.239948, 30.560993]]}, "properties": {"id": 20100, "name": " ", "road_class": "secondary_link", "oneway": "F", "maxspeed": 0}}, {"type": "Feature", "geometry": {"type": "LineString", "coordinates": [[114.2383135, 30.5624707], [114.238286, 30.5625329], [114.238278, 30.5625814], [114.2382833, 30.5626287], [114.2382967, 30.5626691], [114.2383303, 30.5627142]]}, "properties": {"id": 20101, "name": " ", "road_class": "residential", "oneway": "F", "maxspeed": 0}}, {"type": "Feature", "geometry": {"type": "LineString", "coordinates": [[114.2383303, 30.5627142], [114.2382699, 30.5626714], [114.2382055, 30.562653], [114.2381573, 30.562646], [114.2381033, 30.562644], [114.2380489, 30.5626548]]}, "properties": {"id": 20102, "name": " ", "road_class": "residential", "oneway": "F", "maxspeed": 0}}, {"type": "Feature", "geometry": {"type": "LineString", "coordinates": [[114.2375761, 30.5679348], [114.2393981, 30.5666809], [114.2406936, 30.5660578]]}, "properties": {"id": 20103, "name": "琴声一街", "road_class": "residential", "oneway": "B", "maxspeed": 0}}, {"type": "Feature", "geometry": {"type": "LineString", "coordinates": [[114.2345268, 30.5228812], [114.233789, 30.5232468], [114.2325927, 30.5238416], [114.230969, 30.5246493], [114.22327, 30.5284451], [114.2207671, 30.5297509], [114.2202663, 30.5299977], [114.2200214, 30.5301184], [114.2196717, 30.5302908], [114.2165636, 30.5317833], [114.2148109, 30.5327197], [114.2124831, 30.5338407], [114.2083956, 30.5358091]]}, "properties": {"id": 20114, "name": "杨泗港快速通道", "road_class": "trunk", "oneway": "F", "maxspeed": 0}}, {"type": "Feature", "geometry": {"type": "LineString", "coordinates": [[114.2375287, 30.5746192], [114.2372316, 30.5748028], [114.2370343, 30.5749369], [114.2365509, 30.575283]]}, "properties": {"id": 21397, "name": " ", "road_class": "residential", "oneway": "B", "maxspeed": 0}}, {"type": "Feature", "geometry": {"type": "LineString", "coordinates": [[114.2356826, 30.5750611], [114.2361539, 30.5749965], [114.2364431, 30.5749229], [114.2366275, 30.5748703], [114.2373983, 30.574598], [114.2381438, 30.5742585], [114.2385193, 30.5741015], [114.2390102, 30.5738567], [114.2393308, 30.5736488], [114.2395654, 30.5734018], [114.2399731, 30.5730092], [114.2404612, 30.572545], [114.2411184, 30.5720393], [114.2416924, 30.571612], [114.2423146, 30.5711617], [114.2428913, 30.5708222], [114.2434733, 30.5704296], [114.2440958, 30.5700626], [114.2445696, 30.5697909], [114.2447284, 30.5696825], [114.2450361, 30.569475], [114.2450833, 30.5694403], [114.2455925, 30.5691342], [114.2467029, 30.5686538], [114.247411, 30.5683721], [114.2481835, 30.5680857], [114.2489077, 30.567864], [114.2494441, 30.5677578], [114.2498733, 30.5676977], [114.2502864, 30.5676885], [114.2508389, 30.5676792], [114.2515067, 30.5676666], [114.2515685, 30.5676654], [114.2523087, 30.5676146], [114.2530973, 30.5675083], [114.2542453, 30.5673559], [114.2551573, 30.5672312], [114.2558761, 30.5671342], [114.2562051, 30.567088], [114.2563139, 30.5670728], [114.256541, 30.5670187], [114.2573886, 30.5668894], [114.25844, 30.5667231], [114.2596309, 30.5664922], [114.2604803, 30.5662935], [114.261065, 30.5661149], [114.26158, 30.5659333], [114.2617948, 30.5658845], [114.2624559, 30.5657622], [114.2626124, 30.5657367], [114.2630248, 30.5656838], [114.2639725, 30.5655368], [114.2649363, 30.5653859], [114.2662238, 30.5651573], [114.2669104, 30.565051], [114.2674147, 30.5649771], [114.268273, 30.5648663], [114.2685654, 30.5648263], [114.2687684, 30.5647986], [114.269311, 30.5647276], [114.2700486, 30.5646352], [114.2709954, 30.564522], [114.271423, 30.5644789], [114.2716827, 30.5644546], [114.272417, 30.5644112], [114.2726601, 30.5644006], [114.2727871, 30.564395], [114.2735006, 30.5643835], [114.2744448, 30.564395], [114.2749946, 30.5645082], [114.2752682, 30.5645798], [114.2754747, 30.5646606], [114.2756947, 30.5647761], [114.2759763, 30.5649793], [114.2764859, 30.5654412], [114.2768239, 30.5658085], [114.2770063, 30.5661641], [114.2770895, 30.5665267], [114.2771091, 30.5667512]]}, "properties": {"id": 21401, "name": "沿河大道", "road_class": "secondary", "oneway": "F", "maxspeed": 0}}, {"type": "Feature", "geometry": {"type": "LineString", "coordinates": [[114.1685045, 30.5670616], [114.1697607, 30.5670334], [114.1699756, 30.5670254], [114.1704505, 30.5669904], [114.1707484, 30.5669482], [114.171141, 30.5668691], [114.1714347, 30.5667827], [114.1719096, 30.5666061], [114.1722805, 30.5664261], [114.1726257, 30.5662062], [114.172912, 30.5659733], [114.1732273, 30.5656532], [114.1734699, 30.5653428], [114.173632, 30.5651086], [114.1738801, 30.5646421], [114.174042, 30.5642608], [114.1742663, 30.5638077], [114.1745531, 30.5632798], [114.1748516, 30.5627975], [114.1751041, 30.5624171], [114.1757598, 30.5616146], [114.1761196, 30.5612199], [114.1765056, 30.5608339], [114.1767376, 30.5606361], [114.1770843, 30.5603638], [114.1773693, 30.5601707], [114.1777818, 30.5599311], [114.1781551, 30.5597486], [114.1784324, 30.55964], [114.1785484, 30.5595945], [114.1789193, 30.5594885], [114.179392, 30.5593802], [114.1797748, 30.5593256], [114.1802032, 30.5592896], [114.1805528, 30.559276], [114.1809198, 30.5592862], [114.1812475, 30.5593111], [114.1816385, 30.5593781], [114.1821686, 30.5595209], [114.18257, 30.5596406], [114.1831457, 30.5598842], [114.1844335, 30.5605471], [114.1849142, 30.5607667], [114.1855255, 30.560969], [114.1861637, 30.5611072], [114.1869633, 30.5612192], [114.187521, 30.5612885], [114.187919, 30.5612863], [114.1889491, 30.5612947], [114.190126, 30.5613218], [114.1924611, 30.5613128], [114.1961679, 30.5612782], [114.1986033, 30.5612389], [114.1990914, 30.5612121], [114.1993874, 30.5611836], [114.1999229, 30.5610979], [114.2001216, 30.5610581], [114.200574, 30.5609453], [114.2010863, 30.5607904], [114.201406, 30.5606883], [114.2023469, 30.5604082]]}, "properties": {"id": 22082, "name": "墨北西延线", "road_class": "trunk", "oneway": "F", "maxspeed": 0}}, {"type": "Feature", "geometry": {"type": "LineString", "coordinates": [[114.2353832, 30.5529102], [114.2362967, 30.5544542]]}, "properties": {"id": 22905, "name": "江城大道", "road_class": "trunk", "oneway": "F", "maxspeed": 0}}, {"type": "Feature", "geometry": {"type": "LineString", "coordinates": [[114.2349962, 30.5526373], [114.2349063, 30.552503], [114.2347815, 30.5523166], [114.2333397, 30.5500636]]}, "properties": {"id": 22906, "name": "江城大道", "road_class": "trunk", "oneway": "F", "maxspeed": 0}}, {"type": "Feature", "geometry": {"type": "LineString", "coordinates": [[114.2389753, 30.5505144], [114.2387611, 30.5508657], [114.2386937, 30.5509598], [114.2385549, 30.5511394], [114.2383925, 30.5513292], [114.2382144, 30.5515041], [114.2380183, 30.5516492], [114.2377866, 30.5518118], [114.237544, 30.5519521]]}, "properties": {"id": 22907, "name": " ", "road_class": "trunk_link", "oneway": "F", "maxspeed": 0}}, {"type": "Feature", "geometry": {"type": "LineString", "coordinates": [[114.2325289, 30.5491396], [114.2324186, 30.5489659], [114.2322792, 30.5485345]]}, "properties": {"id": 22908, "name": " ", "road_class": "trunk_link", "oneway": "F", "maxspeed": 0}}, {"type": "Feature", "geometry": {"type": "LineString", "coordinates": [[114.232961, 30.5515352], [114.2331338, 30.5510017], [114.2331739, 30.5508701], [114.2332121, 30.5507371], [114.2332268, 30.5505967], [114.2332304, 30.5504889], [114.2332197, 30.5503634], [114.233185, 30.5502398], [114.2331392, 30.5501251], [114.2330462, 30.5499546], [114.2325289, 30.5491396]]}, "properties": {"id": 22909, "name": " ", "road_class": "trunk_link", "oneway": "F", "maxspeed": 0}}, {"type": "Feature", "geometry": {"type": "LineString", "coordinates": [[114.2357833, 30.552507], [114.2343803, 30.5528427], [114.2342163, 30.5528773], [114.2340345, 30.5528982], [114.2338674, 30.5528992], [114.2336811, 30.5528711], [114.2335278, 30.55282], [114.2333693, 30.5527458], [114.233231, 30.5526489], [114.2331052, 30.5525354], [114.2330122, 30.5524068], [114.2329354, 30.552266], [114.2328925, 30.5521315], [114.232871, 30.5519764], [114.2328855, 30.5518245], [114.2329197, 30.5516777], [114.232961, 30.5515352]]}, "properties": {"id": 22910, "name": " ", "road_class": "trunk_link", "oneway": "F", "maxspeed": 0}}, {"type": "Feature", "geometry": {"type": "LineString", "coordinates": [[114.237544, 30.5519521], [114.23731, 30.5520727], [114.2370697, 30.5521718], [114.2367677, 30.5522665], [114.2364937, 30.5523357], [114.2357833, 30.552507]]}, "properties": {"id": 22911, "name": " ", "road_class": "trunk_link", "oneway": "F", "maxspeed": 0}}, {"type": "Feature", "geometry": {"type": "LineString", "coordinates": [[114.2330332, 30.5519178], [114.2330362, 30.5517391], [114.2330433, 30.5516657], [114.2330789, 30.5514997], [114.2331251, 30.5513418], [114.2331768, 30.5512093], [114.2332391, 30.5510737], [114.2333013, 30.5509321], [114.2333433, 30.5507864], [114.2333491, 30.5506444], [114.2333332, 30.5504927], [114.2332879, 30.5503614], [114.2332286, 30.5502348], [114.2330462, 30.5499546]]}, "properties": {"id": 22912, "name": " ", "road_class": "trunk_link", "oneway": "F", "maxspeed": 0}}, {"type": "Feature", "geometry": {"type": "LineString", "coordinates": [[114.2351493, 30.5524258], [114.2359124, 30.5536058], [114.2365385, 30.5547856], [114.2370674, 30.5556907], [114.2371565, 30.5559432], [114.2371744, 30.5559808], [114.2372668, 30.5561517]]}, "properties": {"id": 22913, "name": " ", "road_class": "primary", "oneway": "F", "maxspeed": 0}}, {"type": "Feature", "geometry": {"type": "LineString", "coordinates": [[114.2350211, 30.5522385], [114.2351759, 30.552192], [114.2355219, 30.5521215], [114.2361569, 30.5519951], [114.2369056, 30.5518176], [114.2372566, 30.5516959], [114.2377019, 30.5514787], [114.2383657, 30.5509451]]}, "properties": {"id": 22914, "name": "墨水湖北路", "road_class": "secondary", "oneway": "F", "maxspeed": 0}}, {"type": "Feature", "geometry": {"type": "LineString", "coordinates": [[114.2350211, 30.5522385], [114.2351493, 30.5524258]]}, "properties": {"id": 22915, "name": " ", "road_class": "primary", "oneway": "F", "maxspeed": 0}}, {"type": "Feature", "geometry": {"type": "LineString", "coordinates": [[114.2346895, 30.5523531], [114.234019, 30.5513084], [114.2333565, 30.5502759], [114.233185, 30.5499775], [114.233091, 30.549814], [114.2328916, 30.5494474]]}, "properties": {"id": 22916, "name": " ", "road_class": "primary", "oneway": "F", "maxspeed": 0}}, {"type": "Feature", "geometry": {"type": "LineString", "coordinates": [[114.2348164, 30.5525336], [114.2346895, 30.5523531]]}, "properties": {"id": 22917, "name": " ", "road_class": "primary", "oneway": "F", "maxspeed": 0}}, {"type": "Feature", "geometry": {"type": "LineString", "coordinates": [[114.2346895, 30.5523531], [114.2350211, 30.5522385]]}, "properties": {"id": 22918, "name": "墨水湖北路", "road_class": "secondary", "oneway": "F", "maxspeed": 0}}, {"type": "Feature", "geometry": {"type": "LineString", "coordinates": [[114.2351493, 30.5524258], [114.2348164, 30.5525336]]}, "properties": {"id": 22919, "name": "墨水湖北路", "road_class": "secondary", "oneway": "F", "maxspeed": 0}}, {"type": "Feature", "geometry": {"type": "LineString", "coordinates": [[114.1959384, 30.5638448], [114.197841, 30.5638658], [114.1983329, 30.5638168], [114.2001322, 30.5635095], [114.200236, 30.5634882]]}, "properties": {"id": 23366, "name": "杨家湾路", "road_class": "residential", "oneway": "B", "maxspeed": 0}}, {"type": "Feature", "geometry": {"type": "LineString", "coordinates": [[114.1865437, 30.5611002], [114.1873022, 30.5612225], [114.1886845, 30.5612426], [114.189271, 30.5612578], [114.192201, 30.5612426], [114.1956729, 30.5612117], [114.1958697, 30.5612104], [114.1964694, 30.5612064], [114.1993161, 30.5611601], [114.1997358, 30.5611537], [114.1998556, 30.5611531], [114.2006351, 30.5609939], [114.2014014, 30.5607473], [114.2027778, 30.5603043], [114.2030945, 30.5601353]]}, "properties": {"id": 23375, "name": "龙阳湖北路", "road_class": "secondary", "oneway": "F", "maxspeed": 0}}, {"type": "Feature", "geometry": {"type": "LineString", "coordinates": [[114.2031781, 30.5603478], [114.2028196, 30.5604083], [114.2014286, 30.5608204], [114.2005466, 30.5610817], [114.2001898, 30.5611625], [114.1998966, 30.5612318], [114.1997938, 30.5612519], [114.1995193, 30.5613057], [114.1987951, 30.5613473], [114.196365, 30.5613888], [114.1958629, 30.5613937], [114.1956674, 30.5613983], [114.1899036, 30.5614604], [114.1892595, 30.5614562], [114.1872133, 30.5614212], [114.1867332, 30.5613796], [114.1865202, 30.5613653]]}, "properties": {"id": 23376, "name": "龙阳湖北路", "road_class": "secondary", "oneway": "F", "maxspeed": 0}}, {"type": "Feature", "geometry": {"type": "LineString", "coordinates": [[114.1975783, 30.5611168], [114.1986673, 30.5611066], [114.1991608, 30.5611135], [114.1994746, 30.5610996], [114.19986, 30.5610547], [114.200177, 30.5609973], [114.2005593, 30.5609192], [114.2010863, 30.5607904]]}, "properties": {"id": 23378, "name": " ", "road_class": "trunk_link", "oneway": "F", "maxspeed": 0}}, {"type": "Feature", "geometry": {"type": "LineString", "coordinates": [[114.2065415, 30.5596896], [114.207289, 30.5613822], [114.2079849, 30.5630876], [114.2080865, 30.5631856], [114.2081516, 30.5632136], [114.2083378, 30.5632714]]}, "properties": {"id": 23379, "name": "星火北路", "road_class": "tertiary", "oneway": "F", "maxspeed": 0}}, {"type": "Feature", "geometry": {"type": "LineString", "coordinates": [[114.207743, 30.5634701], [114.2078914, 30.5633151], [114.2079402, 30.5632101], [114.2079361, 30.5631366], [114.2078914, 30.5630351], [114.2070985, 30.5611979], [114.2066555, 30.5601715], [114.2064557, 30.5596977], [114.2063547, 30.5595355]]}, "properties": {"id": 23380, "name": "星火北路", "road_class": "tertiary", "oneway": "F", "maxspeed": 0}}, {"type": "Feature", "geometry": {"type": "LineString", "coordinates": [[114.2079345, 30.5634969], [114.2075485, 30.5637304], [114.2072264, 30.5638584], [114.2049578, 30.5646599], [114.2046486, 30.5647624], [114.2042499, 30.5648945], [114.2023883, 30.5655467], [114.2018008, 30.5657661], [114.2014185, 30.5658556]]}, "properties": {"id": 23381, "name": " ", "road_class": "primary", "oneway": "F", "maxspeed": 0}}, {"type": "Feature", "geometry": {"type": "LineString", "coordinates": [[114.2019207, 30.5655416], [114.2023872, 30.5653833], [114.2051553, 30.5643902], [114.2068599, 30.5637842]]}, "properties": {"id": 23382, "name": "汉阳大道", "road_class": "primary", "oneway": "F", "maxspeed": 0}}, {"type": "Feature", "geometry": {"type": "LineString", "coordinates": [[114.2068599, 30.5637842], [114.2073875, 30.5635967]]}, "properties": {"id": 23383, "name": "汉阳大道", "road_class": "primary", "oneway": "F", "maxspeed": 0}}, {"type": "Feature", "geometry": {"type": "LineString", "coordinates": [[114.207573, 30.5716646], [114.2074882, 30.5714095], [114.2074114, 30.5711111]]}, "properties": {"id": 23384, "name": " ", "road_class": "trunk_link", "oneway": "F", "maxspeed": 0}}, {"type": "Feature", "geometry": {"type": "LineString", "coordinates": [[114.2074867, 30.5708629], [114.2076722, 30.5710835], [114.2078704, 30.5713882]]}, "properties": {"id": 23385, "name": " ", "road_class": "trunk_link", "oneway": "F", "maxspeed": 0}}, {"type": "Feature", "geometry": {"type": "LineString", "coordinates": [[114.2140069, 30.5714727], [114.2135359, 30.5715665], [114.2122377, 30.5717193], [114.2117146, 30.5718158], [114.2110655, 30.5719646], [114.2106711, 30.5720831]]}, "properties": {"id": 23386, "name": " ", "road_class": "trunk", "oneway": "F", "maxspeed": 0}}, {"type": "Feature", "geometry": {"type": "LineString", "coordinates": [[114.2106156, 30.5718896], [114.2113504, 30.5716871], [114.2119435, 30.5715384], [114.2124245, 30.5714821], [114.2136807, 30.5713414], [114.214014, 30.5713796]]}, "properties": {"id": 23387, "name": " ", "road_class": "trunk", "oneway": "F", "maxspeed": 0}}, {"type": "Feature", "geometry": {"type": "LineString", "coordinates": [[114.2102965, 30.5721609], [114.2101165, 30.5721999], [114.2088459, 30.5725503], [114.2087787, 30.5725991], [114.2087645, 30.5726753], [114.2087822, 30.5727636], [114.2089238, 30.5729678], [114.2091892, 30.5732999], [114.2096741, 30.5738576], [114.2100811, 30.5743207], [114.2101464, 30.5744302], [114.2101835, 30.5745396]]}, "properties": {"id": 23388, "name": " ", "road_class": "trunk_link", "oneway": "F", "maxspeed": 0}}, {"type": "Feature", "geometry": {"type": "LineString", "coordinates": [[114.2083902, 30.5722605], [114.2085663, 30.5723584], [114.2086654, 30.5723797], [114.2087433, 30.5723766], [114.21012, 30.5720079], [114.2102469, 30.5719586]]}, "properties": {"id": 23389, "name": " ", "road_class": "trunk_link", "oneway": "F", "maxspeed": 0}}, {"type": "Feature", "geometry": {"type": "LineString", "coordinates": [[114.2105801, 30.5721874], [114.2105095, 30.5722137], [114.2104328, 30.5722179], [114.2103589, 30.5721996], [114.2102965, 30.5721609], [114.2102592, 30.572117], [114.2102376, 30.572066], [114.2102334, 30.5720117], [114.2102469, 30.5719586], [114.2102841, 30.5719032], [114.2103403, 30.5718612], [114.2104093, 30.5718374], [114.2104836, 30.5718344], [114.210555, 30.5718524], [114.2106156, 30.5718896], [114.2106522, 30.5719312], [114.2106746, 30.5719797], [114.2106811, 30.5720316], [114.2106711, 30.5720831], [114.2106361, 30.5721421], [114.2105801, 30.5721874]]}, "properties": {"id": 23390, "name": " ", "road_class": "trunk", "oneway": "F", "maxspeed": 0}}, {"type": "Feature", "geometry": {"type": "LineString", "coordinates": [[114.2040819, 30.5735999], [114.204291, 30.5735071], [114.2069878, 30.5728032]]}, "properties": {"id": 23391, "name": " ", "road_class": "primary", "oneway": "F", "maxspeed": 0}}, {"type": "Feature", "geometry": {"type": "LineString", "coordinates": [[114.2036389, 30.5738562], [114.2036332, 30.5740622]]}, "properties": {"id": 23392, "name": "金龙路", "road_class": "residential", "oneway": "B", "maxspeed": 0}}, {"type": "Feature", "geometry": {"type": "LineString", "coordinates": [[114.2047611, 30.5766005], [114.204741, 30.5765305], [114.2036536, 30.5742652], [114.203621, 30.5741637], [114.2036332, 30.5740622], [114.2037249, 30.574198]]}, "properties": {"id": 23393, "name": "金龙路", "road_class": "residential", "oneway": "F", "maxspeed": 0}}, {"type": "Feature", "geometry": {"type": "LineString", "coordinates": [[114.2069737, 30.5730292], [114.2044382, 30.5737087], [114.2041821, 30.5737752], [114.20394, 30.5737728]]}, "properties": {"id": 23394, "name": " ", "road_class": "primary", "oneway": "F", "maxspeed": 0}}, {"type": "Feature", "geometry": {"type": "LineString", "coordinates": [[114.2072988, 30.5730727], [114.2072346, 30.573104], [114.207162, 30.5731154], [114.2070891, 30.5731056], [114.2070525, 30.5730888], [114.2070239, 30.5730758], [114.2069737, 30.5730292], [114.2069451, 30.5729742], [114.2069377, 30.5729142], [114.2069525, 30.5728553], [114.2069878, 30.5728032], [114.2070435, 30.5727616], [114.207112, 30.5727379], [114.2071857, 30.5727349], [114.2072236, 30.5727446], [114.2072565, 30.5727529], [114.2073164, 30.5727899], [114.207359, 30.5728418], [114.2073795, 30.5729028], [114.2073755, 30.5729663]]}, "properties": {"id": 23395, "name": " ", "road_class": "primary", "oneway": "F", "maxspeed": 0}}, {"type": "Feature", "geometry": {"type": "LineString", "coordinates": [[114.2072236, 30.5727446], [114.2073816, 30.5727286], [114.2076906, 30.5726551], [114.207841, 30.5726026], [114.207902, 30.5725536], [114.2079914, 30.5724661], [114.2080447, 30.5723643]]}, "properties": {"id": 23396, "name": " ", "road_class": "primary_link", "oneway": "F", "maxspeed": 0}}, {"type": "Feature", "geometry": {"type": "LineString", "coordinates": [[114.2083522, 30.572784], [114.2081866, 30.5727286], [114.2080361, 30.5727391], [114.207471, 30.5729001], [114.2074232, 30.5729291], [114.2073755, 30.5729663]]}, "properties": {"id": 23397, "name": " ", "road_class": "trunk", "oneway": "F", "maxspeed": 0}}, {"type": "Feature", "geometry": {"type": "LineString", "coordinates": [[114.2072988, 30.5730727], [114.2073125, 30.5732957], [114.2073694, 30.5734427], [114.2074995, 30.5735862], [114.2076703, 30.5736667], [114.2077882, 30.5736877], [114.2078979, 30.5736772], [114.2087435, 30.5734707]]}, "properties": {"id": 23398, "name": " ", "road_class": "trunk_link", "oneway": "F", "maxspeed": 0}}, {"type": "Feature", "geometry": {"type": "LineString", "coordinates": [[114.2094509, 30.5732887], [114.2102559, 30.5730576], [114.2104185, 30.5729806], [114.210512, 30.5728686], [114.2105689, 30.5727601], [114.2105933, 30.5726026], [114.210573, 30.5724766], [114.2105201, 30.5723751], [114.2104632, 30.5723051], [114.2103589, 30.5721996]]}, "properties": {"id": 23399, "name": " ", "road_class": "trunk_link", "oneway": "F", "maxspeed": 0}}, {"type": "Feature", "geometry": {"type": "LineString", "coordinates": [[114.2087435, 30.5734707], [114.2094509, 30.5732887]]}, "properties": {"id": 23400, "name": " ", "road_class": "trunk_link", "oneway": "F", "maxspeed": 0}}, {"type": "Feature", "geometry": {"type": "LineString", "coordinates": [[114.2106361, 30.5721421], [114.2106462, 30.5723506], [114.2106665, 30.5725641], [114.2106624, 30.5727111], [114.2106096, 30.5728616], [114.2104429, 30.5730226], [114.2102518, 30.5731241], [114.209516, 30.5733202]]}, "properties": {"id": 23401, "name": " ", "road_class": "trunk_link", "oneway": "F", "maxspeed": 0}}, {"type": "Feature", "geometry": {"type": "LineString", "coordinates": [[114.209516, 30.5733202], [114.2087598, 30.5735302]]}, "properties": {"id": 23402, "name": " ", "road_class": "trunk_link", "oneway": "F", "maxspeed": 0}}, {"type": "Feature", "geometry": {"type": "LineString", "coordinates": [[114.2087598, 30.5735302], [114.2079223, 30.5737262], [114.2077597, 30.5737437], [114.2075889, 30.5737262], [114.2074426, 30.5736352], [114.207345, 30.5735267], [114.2072149, 30.5732852], [114.2071255, 30.5731696], [114.2070525, 30.5730888]]}, "properties": {"id": 23403, "name": " ", "road_class": "trunk_link", "oneway": "F", "maxspeed": 0}}, {"type": "Feature", "geometry": {"type": "LineString", "coordinates": [[114.2083179, 30.5390855], [114.2082885, 30.5390438], [114.2081116, 30.5387553], [114.2079248, 30.5384254], [114.2077426, 30.5380031], [114.2075839, 30.5376371], [114.2074764, 30.5371544], [114.2074578, 30.5367361], [114.2074391, 30.536383], [114.2074229, 30.5360745], [114.2074157, 30.5359397], [114.2073669, 30.5353743], [114.2073223, 30.5348577], [114.207271, 30.5341779], [114.2071075, 30.5332487], [114.2068787, 30.532581], [114.2068435, 30.5324916], [114.2064584, 30.531511], [114.2063492, 30.5312711], [114.2062516, 30.5310531], [114.2061128, 30.5307297]]}, "properties": {"id": 24042, "name": "四新中路", "road_class": "tertiary", "oneway": "F", "maxspeed": 0}}, {"type": "Feature", "geometry": {"type": "LineString", "coordinates": [[114.2061772, 30.5307092], [114.2063104, 30.5310205], [114.2064067, 30.531245], [114.2065417, 30.5315598], [114.2069173, 30.5324502], [114.2071115, 30.5329651], [114.2072354, 30.5334498], [114.2073274, 30.5339619], [114.2074371, 30.5346417], [114.2074619, 30.535099], [114.2074739, 30.535322], [114.2075219, 30.5360325], [114.2075422, 30.5363329], [114.2075999, 30.5371871], [114.2076495, 30.537495], [114.207738, 30.5377907], [114.2079185, 30.5382327], [114.2082087, 30.5388027], [114.2083445, 30.5390238], [114.2083702, 30.5390663]]}, "properties": {"id": 24045, "name": "四新中路", "road_class": "tertiary", "oneway": "F", "maxspeed": 0}}, {"type": "Feature", "geometry": {"type": "LineString", "coordinates": [[114.2083115, 30.5356439], [114.2086075, 30.535488], [114.2088938, 30.5353446], [114.2090818, 30.5352504]]}, "properties": {"id": 24048, "name": " ", "road_class": "trunk_link", "oneway": "F", "maxspeed": 0}}, {"type": "Feature", "geometry": {"type": "LineString", "coordinates": [[114.2079444, 30.535825], [114.2083115, 30.5356439]]}, "properties": {"id": 24049, "name": " ", "road_class": "trunk_link", "oneway": "F", "maxspeed": 0}}, {"type": "Feature", "geometry": {"type": "LineString", "coordinates": [[114.207941, 30.5361395], [114.2075422, 30.5363329], [114.2074391, 30.536383], [114.2025769, 30.5387459], [114.2019492, 30.5390231], [114.2014733, 30.5391932], [114.2013629, 30.5392233], [114.2011667, 30.5392699], [114.2011033, 30.5392849], [114.2009813, 30.539307], [114.2006935, 30.5393592], [114.200407, 30.5393963]]}, "properties": {"id": 24050, "name": " ", "road_class": "trunk_link", "oneway": "F", "maxspeed": 0}}, {"type": "Feature", "geometry": {"type": "LineString", "coordinates": [[114.2083086, 30.535962], [114.207941, 30.5361395]]}, "properties": {"id": 24051, "name": " ", "road_class": "trunk_link", "oneway": "F", "maxspeed": 0}}, {"type": "Feature", "geometry": {"type": "LineString", "coordinates": [[114.2090818, 30.5352504], [114.2109108, 30.5343342], [114.211792, 30.5339361], [114.2124919, 30.533698]]}, "properties": {"id": 24052, "name": " ", "road_class": "trunk_link", "oneway": "F", "maxspeed": 0}}, {"type": "Feature", "geometry": {"type": "LineString", "coordinates": [[114.2092332, 30.5355172], [114.2090136, 30.5356229], [114.2083086, 30.535962]]}, "properties": {"id": 24053, "name": " ", "road_class": "trunk_link", "oneway": "F", "maxspeed": 0}}, {"type": "Feature", "geometry": {"type": "LineString", "coordinates": [[114.2088938, 30.5353446], [114.2091949, 30.5352274], [114.2126465, 30.5335431], [114.2160482, 30.5318405]]}, "properties": {"id": 24054, "name": " ", "road_class": "residential", "oneway": "F", "maxspeed": 0}}, {"type": "Feature", "geometry": {"type": "LineString", "coordinates": [[114.2161983, 30.5320642], [114.2157199, 30.5323245], [114.2127714, 30.5337744], [114.2127453, 30.5337873], [114.212309, 30.5340018], [114.2097153, 30.5352344], [114.2091502, 30.5354935], [114.2090136, 30.5356229]]}, "properties": {"id": 24055, "name": " ", "road_class": "residential", "oneway": "F", "maxspeed": 0}}, {"type": "Feature", "geometry": {"type": "LineString", "coordinates": [[114.2217537, 30.5352962], [114.2217766, 30.5353686], [114.2218254, 30.5354947], [114.2225988, 30.536608], [114.2226432, 30.5366653]]}, "properties": {"id": 24056, "name": " ", "road_class": "residential", "oneway": "F", "maxspeed": 0}}, {"type": "Feature", "geometry": {"type": "LineString", "coordinates": [[114.2225537, 30.5367048], [114.2225046, 30.5366542], [114.2217522, 30.5354947], [114.2216791, 30.5354317], [114.2215571, 30.5353614]]}, "properties": {"id": 24057, "name": " ", "road_class": "residential", "oneway": "F", "maxspeed": 0}}, {"type": "Feature", "geometry": {"type": "LineString", "coordinates": [[114.2127714, 30.5337744], [114.2128573, 30.5339018], [114.2130534, 30.5343442], [114.2130611, 30.5343692], [114.2132682, 30.5350401], [114.2133569, 30.5357199], [114.2134084, 30.5363102], [114.2134125, 30.5363581], [114.213399, 30.5365847], [114.2133102, 30.5373489], [114.2131553, 30.5378501], [114.2131363, 30.5379114], [114.2130627, 30.5381493], [114.2128199, 30.5387808], [114.2125822, 30.5393585], [114.2125499, 30.5394544]]}, "properties": {"id": 24061, "name": "凤仪路", "road_class": "residential", "oneway": "F", "maxspeed": 0}}, {"type": "Feature", "geometry": {"type": "LineString", "coordinates": [[114.2124538, 30.5394247], [114.2124901, 30.5393313], [114.2128152, 30.5385797], [114.21296, 30.5381574], [114.2130421, 30.5379157], [114.2130636, 30.5378522], [114.2131048, 30.537731], [114.2131748, 30.5374776], [114.2133034, 30.5363691], [114.2133039, 30.5363212], [114.2133056, 30.5361623], [114.2132682, 30.5355791], [114.2131795, 30.5350723], [114.2130441, 30.5345815], [114.2129791, 30.5344095], [114.212918, 30.5342477], [114.2128106, 30.5340264], [114.2127453, 30.5337873]]}, "properties": {"id": 24062, "name": "凤仪路", "road_class": "residential", "oneway": "F", "maxspeed": 0}}, {"type": "Feature", "geometry": {"type": "LineString", "coordinates": [[114.2087617, 30.5365042], [114.209777, 30.5359968], [114.2098607, 30.5359576], [114.2112293, 30.535271], [114.2112648, 30.5352533], [114.2129791, 30.5344095], [114.2130611, 30.5343692], [114.2149261, 30.5334512], [114.2164959, 30.5326818], [114.2165797, 30.5326407], [114.2169202, 30.5324738], [114.2171723, 30.5324014], [114.2173311, 30.5323692], [114.2176907, 30.5323692], [114.2198482, 30.5329042], [114.2200631, 30.5330048], [114.2202405, 30.5331496], [114.2204347, 30.5334436], [114.2205615, 30.5336358], [114.2212621, 30.5346971]]}, "properties": {"id": 24063, "name": "书台路", "road_class": "residential", "oneway": "B", "maxspeed": 0}}, {"type": "Feature", "geometry": {"type": "LineString", "coordinates": [[114.2161983, 30.5320642], [114.2164047, 30.5323746], [114.2165797, 30.5326407], [114.2170063, 30.5333257], [114.2178026, 30.5345969], [114.2179495, 30.53477], [114.2180067, 30.5348374], [114.2182061, 30.5350724], [114.2190697, 30.5359626], [114.2195825, 30.5364797], [114.2196393, 30.536537], [114.219774, 30.5366728], [114.2208302, 30.5377256], [114.2209133, 30.5378088]]}, "properties": {"id": 24065, "name": "凤举路", "road_class": "residential", "oneway": "F", "maxspeed": 0}}, {"type": "Feature", "geometry": {"type": "LineString", "coordinates": [[114.2208519, 30.5378577], [114.2207674, 30.5377753], [114.2195945, 30.5365866], [114.2195389, 30.5365303], [114.2181035, 30.5350755], [114.2179436, 30.5348851], [114.2178838, 30.5348139], [114.2177425, 30.5346457], [114.2173355, 30.5340329], [114.2164959, 30.5326818], [114.2162596, 30.5323014], [114.2161983, 30.5320642]]}, "properties": {"id": 24066, "name": "凤举路", "road_class": "residential", "oneway": "F", "maxspeed": 0}}, {"type": "Feature", "geometry": {"type": "LineString", "coordinates": [[114.2149261, 30.5334512], [114.2159329, 30.5351506], [114.2160889, 30.5355172], [114.2161636, 30.5357344], [114.2161815, 30.5358153], [114.2161988, 30.5358936], [114.2162383, 30.5360722], [114.2162663, 30.5366153], [114.2162336, 30.5371382], [114.2161589, 30.5375323], [114.2161183, 30.5376915], [114.2161012, 30.5377586], [114.2158367, 30.5387953], [114.2157293, 30.539274], [114.2157339, 30.5395193], [114.2157946, 30.539949], [114.2158106, 30.5400406]]}, "properties": {"id": 24067, "name": "凤起路", "road_class": "residential", "oneway": "B", "maxspeed": 0}}, {"type": "Feature", "geometry": {"type": "LineString", "coordinates": [[114.2098607, 30.5359576], [114.2109989, 30.5371631], [114.2112796, 30.5373774], [114.2116505, 30.5376087], [114.2118489, 30.537694], [114.2122879, 30.5378187], [114.2127689, 30.5378589], [114.2130636, 30.5378522], [114.2131553, 30.5378501], [114.2132966, 30.5378469], [114.2154214, 30.5376779], [114.2160005, 30.537682], [114.2161183, 30.5376915], [114.2167944, 30.5377463], [114.2173501, 30.5377141], [114.217956, 30.5376085]]}, "properties": {"id": 24068, "name": "文选路", "road_class": "residential", "oneway": "F", "maxspeed": 0}}, {"type": "Feature", "geometry": {"type": "LineString", "coordinates": [[114.2179698, 30.5376652], [114.217956, 30.5376085]]}, "properties": {"id": 24069, "name": " ", "road_class": "residential", "oneway": "B", "maxspeed": 0}}, {"type": "Feature", "geometry": {"type": "LineString", "coordinates": [[114.217956, 30.5376085], [114.2184052, 30.5374274], [114.2187449, 30.5372628], [114.2190493, 30.5370494], [114.2193466, 30.5367537], [114.2195389, 30.5365303], [114.2195825, 30.5364797], [114.2195913, 30.5364694], [114.2198315, 30.5361227], [114.2200757, 30.5358758], [114.2203446, 30.5356746], [114.2206632, 30.5354856], [114.2211126, 30.5352387], [114.221187, 30.5351625], [114.2212263, 30.5350624]]}, "properties": {"id": 24070, "name": "文选路", "road_class": "residential", "oneway": "F", "maxspeed": 0}}, {"type": "Feature", "geometry": {"type": "LineString", "coordinates": [[114.2179698, 30.5376652], [114.2175562, 30.5377543], [114.2172037, 30.5377987], [114.2169372, 30.5378111], [114.216536, 30.5377963], [114.2161012, 30.5377586], [114.2158051, 30.5377469], [114.2153896, 30.5377543], [114.214653, 30.537816], [114.2134378, 30.5378975], [114.2131363, 30.5379114], [114.2130421, 30.5379157], [114.2129019, 30.5379222], [114.2126497, 30.5379172], [114.2122914, 30.5378753], [114.2119561, 30.5377839], [114.2116466, 30.5376778], [114.2112768, 30.5374531], [114.210886, 30.5371456], [114.209777, 30.5359968]]}, "properties": {"id": 24071, "name": "文选路", "road_class": "residential", "oneway": "F", "maxspeed": 0}}, {"type": "Feature", "geometry": {"type": "LineString", "coordinates": [[114.2112648, 30.5352533], [114.2117237, 30.5357849], [114.2120123, 30.53603], [114.2122197, 30.5361631], [114.2124514, 30.5362506], [114.2127238, 30.5363137], [114.212984, 30.5363347], [114.213175, 30.5363347], [114.2133039, 30.5363212], [114.2134084, 30.5363102], [114.2140776, 30.5362401], [114.214911, 30.5361596], [114.2152769, 30.5360966], [114.2157363, 30.535981], [114.2161815, 30.5358153], [114.2163664, 30.5357464], [114.2168014, 30.5355048], [114.2172893, 30.5352107], [114.2178838, 30.5348139], [114.2179495, 30.53477], [114.2184054, 30.5344981], [114.2185288, 30.5344245], [114.2190706, 30.5341242], [114.2202347, 30.5336021]]}, "properties": {"id": 24072, "name": "三青路", "road_class": "residential", "oneway": "F", "maxspeed": 0}}, {"type": "Feature", "geometry": {"type": "LineString", "coordinates": [[114.2202606, 30.5336602], [114.2189353, 30.5342835], [114.2185979, 30.5344515], [114.2184191, 30.534567], [114.2183377, 30.5346196], [114.2180067, 30.5348374], [114.2179436, 30.5348851], [114.217208, 30.5353752], [114.2168258, 30.5355923], [114.2164925, 30.5357639], [114.2161988, 30.5358936], [114.2158257, 30.5360055], [114.2153501, 30.5361316], [114.2149151, 30.5362156], [114.2143012, 30.5362717], [114.2136466, 30.5363347], [114.2134125, 30.5363581], [114.2133034, 30.5363691], [114.2131222, 30.5363872], [114.212801, 30.5363662], [114.2124636, 30.5363102], [114.21224, 30.5362261], [114.211992, 30.5360826], [114.2117521, 30.535897], [114.211496, 30.5355958], [114.2112293, 30.535271]]}, "properties": {"id": 24077, "name": "三青路", "road_class": "residential", "oneway": "F", "maxspeed": 0}}, {"type": "Feature", "geometry": {"type": "LineString", "coordinates": [[114.2078261, 30.5351373], [114.2083418, 30.5348933]]}, "properties": {"id": 24087, "name": "芳草一街", "road_class": "residential", "oneway": "B", "maxspeed": 0}}, {"type": "Feature", "geometry": {"type": "LineString", "coordinates": [[114.2387527, 30.529232], [114.2379753, 30.5294005], [114.2372576, 30.529566], [114.236866, 30.5296954], [114.2364314, 30.5298895], [114.235144, 30.5304624], [114.2348296, 30.5306237], [114.2347387, 30.5306703], [114.2341891, 30.5309522], [114.2310921, 30.5325404], [114.230493, 30.5328559], [114.2296348, 30.5331516], [114.2288491, 30.5333377], [114.2279608, 30.5334369], [114.2275193, 30.5334862], [114.2269988, 30.5335528], [114.2264563, 30.5337398], [114.2260977, 30.5339614], [114.2257572, 30.5343123], [114.2253877, 30.5347812], [114.2252136, 30.5349934], [114.224802, 30.5354951], [114.2244972, 30.5357289], [114.2242302, 30.5358474], [114.2236034, 30.5361834], [114.2226432, 30.5366653], [114.2225537, 30.5367048], [114.2220606, 30.5369619], [114.2216793, 30.5371992], [114.2209133, 30.5378088], [114.2208519, 30.5378577], [114.2201236, 30.5384374], [114.2192921, 30.5390796], [114.2186607, 30.5393907], [114.217774, 30.5397311], [114.2166475, 30.5399621], [114.2158106, 30.5400406], [114.2149416, 30.540036], [114.2143944, 30.5399575], [114.2138687, 30.5398281], [114.2131487, 30.5396393], [114.2125499, 30.5394544], [114.2124538, 30.5394247], [114.2112616, 30.5390566], [114.2107027, 30.538893], [114.2102794, 30.5388085], [114.2097595, 30.5387609], [114.2092659, 30.5388173], [114.2085746, 30.5389913], [114.2083702, 30.5390663], [114.2083179, 30.5390855], [114.2076061, 30.5393465], [114.2066734, 30.5397364], [114.2062473, 30.5399692], [114.2057965, 30.5403359], [114.2056139, 30.5405242], [114.2053767, 30.5408677], [114.2052302, 30.5410974], [114.2045783, 30.5421529], [114.2041356, 30.5428583], [114.2038908, 30.5431953], [114.2036966, 30.543402], [114.2035893, 30.543445]]}, "properties": {"id": 24165, "name": "墨水湖南路", "road_class": "tertiary", "oneway": "F", "maxspeed": 0}}, {"type": "Feature", "geometry": {"type": "LineString", "coordinates": [[114.2381539, 30.5473734], [114.2380943, 30.5474117]]}, "properties": {"id": 24469, "name": " ", "road_class": "service", "oneway": "B", "maxspeed": 0}}, {"type": "Feature", "geometry": {"type": "LineString", "coordinates": [[114.2389472, 30.5468328], [114.2381539, 30.5473734]]}, "properties": {"id": 24470, "name": " ", "road_class": "service", "oneway": "B", "maxspeed": 0}}, {"type": "Feature", "geometry": {"type": "LineString", "coordinates": [[114.2169363, 30.5739378], [114.2168939, 30.5738673], [114.2155028, 30.5715546], [114.2154701, 30.5714742], [114.2154468, 30.5713257]]}, "properties": {"id": 25993, "name": " ", "road_class": "residential", "oneway": "B", "maxspeed": 0}}, {"type": "Feature", "geometry": {"type": "LineString", "coordinates": [[114.2168081, 30.5488454], [114.2166624, 30.5486765], [114.2161202, 30.5481086], [114.216835, 30.5475939], [114.2174521, 30.5471602], [114.2178117, 30.546947], [114.2180498, 30.5468545], [114.2184842, 30.546746], [114.2188251, 30.5467258], [114.219236, 30.5467138], [114.2198665, 30.5468183], [114.2219633, 30.5472044], [114.2221828, 30.5472849], [114.2222902, 30.5473693], [114.2223556, 30.5474739], [114.2224957, 30.5479404], [114.2225424, 30.5480973]]}, "properties": {"id": 25994, "name": "桃花岛路", "road_class": "residential", "oneway": "B", "maxspeed": 0}}, {"type": "Feature", "geometry": {"type": "LineString", "coordinates": [[114.2230934, 30.5479927], [114.2225424, 30.5480973], [114.2212578, 30.5483576], [114.2211134, 30.5483869], [114.2207284, 30.5484392], [114.218568, 30.5485778], [114.2181243, 30.5486005], [114.2175701, 30.5486361], [114.2169415, 30.5487785], [114.2168081, 30.5488454]]}, "properties": {"id": 25995, "name": "何家嘴路", "road_class": "tertiary", "oneway": "B", "maxspeed": 0}}, {"type": "Feature", "geometry": {"type": "LineString", "coordinates": [[114.2212578, 30.5483576], [114.2212628, 30.548411], [114.2213702, 30.548604], [114.2221551, 30.549883], [114.2223229, 30.5501564], [114.2228646, 30.5511297], [114.2229954, 30.5513871], [114.2230981, 30.5516284], [114.2232149, 30.552308], [114.2232568, 30.5524903], [114.2235871, 30.553924]]}, "properties": {"id": 25996, "name": "汉桥路", "road_class": "residential", "oneway": "B", "maxspeed": 0}}, {"type": "Feature", "geometry": {"type": "LineString", "coordinates": [[114.2235871, 30.553924], [114.2255737, 30.5536707]]}, "properties": {"id": 25997, "name": " ", "road_class": "residential", "oneway": "B", "maxspeed": 0}}, {"type": "Feature", "geometry": {"type": "LineString", "coordinates": [[114.2199121, 30.5529287], [114.2232568, 30.5524903], [114.2247398, 30.5522961], [114.2251147, 30.5523008], [114.2253855, 30.5523732], [114.2255957, 30.5524778], [114.2263329, 30.5530741], [114.2270574, 30.5536602], [114.2273236, 30.5539457], [114.2273703, 30.5540261], [114.227501, 30.5543277], [114.2275394, 30.5544904], [114.2275825, 30.5546399]]}, "properties": {"id": 25998, "name": "院子湾路", "road_class": "residential", "oneway": "B", "maxspeed": 0}}, {"type": "Feature", "geometry": {"type": "LineString", "coordinates": [[114.2318167, 30.5508242], [114.2317643, 30.5507718], [114.2316923, 30.5506879], [114.2305056, 30.5493119]]}, "properties": {"id": 25999, "name": " ", "road_class": "residential", "oneway": "B", "maxspeed": 0}}, {"type": "Feature", "geometry": {"type": "LineString", "coordinates": [[114.2381248, 30.5581733], [114.2383022, 30.5585559]]}, "properties": {"id": 26005, "name": "江城大道", "road_class": "trunk", "oneway": "F", "maxspeed": 0}}, {"type": "Feature", "geometry": {"type": "LineString", "coordinates": [[114.2381991, 30.5590478], [114.2381464, 30.5588618], [114.2380517, 30.5586415]]}, "properties": {"id": 26006, "name": " ", "road_class": "trunk_link", "oneway": "F", "maxspeed": 0}}, {"type": "Feature", "geometry": {"type": "LineString", "coordinates": [[114.2384106, 30.558534], [114.2385257, 30.5587054], [114.2386261, 30.5588721]]}, "properties": {"id": 26007, "name": " ", "road_class": "trunk_link", "oneway": "F", "maxspeed": 0}}, {"type": "Feature", "geometry": {"type": "LineString", "coordinates": [[114.2381431, 30.5586134], [114.2379466, 30.558204]]}, "properties": {"id": 26008, "name": "江城大道", "road_class": "trunk", "oneway": "F", "maxspeed": 0}}, {"type": "Feature", "geometry": {"type": "LineString", "coordinates": [[114.1915912, 30.5414581], [114.191821, 30.5413408], [114.1920508, 30.5411747], [114.1923597, 30.5409961], [114.1945998, 30.5398616], [114.1952706, 30.539634], [114.1956812, 30.5395325], [114.1961081, 30.5394624], [114.1968358, 30.5393644], [114.1979009, 30.5392933], [114.2004216, 30.5391403], [114.2007549, 30.5390843], [114.2011427, 30.5389656]]}, "properties": {"id": 26012, "name": "汉新大道", "road_class": "tertiary", "oneway": "F", "maxspeed": 0}}, {"type": "Feature", "geometry": {"type": "LineString", "coordinates": [[114.2011667, 30.5392699], [114.2004703, 30.5392488], [114.1979487, 30.5394184], [114.1963886, 30.539508], [114.1958804, 30.539571], [114.1954048, 30.5396585], [114.194921, 30.5398196], [114.1945713, 30.5399737], [114.1928882, 30.5409506], [114.1924329, 30.5412097], [114.1920321, 30.5413789], [114.1918932, 30.5414413], [114.1916557, 30.5415481]]}, "properties": {"id": 26013, "name": "汉新大道", "road_class": "tertiary", "oneway": "F", "maxspeed": 0}}, {"type": "Feature", "geometry": {"type": "LineString", "coordinates": [[114.2064125, 30.5491403], [114.2062917, 30.5490856], [114.2059979, 30.5487015], [114.2056794, 30.5483236], [114.205421, 30.5480614], [114.2051131, 30.5477902], [114.2048017, 30.5476073], [114.2044477, 30.5474488], [114.2042035, 30.5473574], [114.2038885, 30.5472781], [114.2035559, 30.5472263], [114.2031312, 30.5472202], [114.2027631, 30.5472324], [114.2023808, 30.5473086], [114.2019986, 30.5474305], [114.2015456, 30.5476134], [114.2007883, 30.5480215], [114.2001299, 30.5483693], [114.199985, 30.5484418], [114.198516, 30.549177], [114.1979993, 30.5494544]]}, "properties": {"id": 26017, "name": "隆祥东街", "road_class": "tertiary", "oneway": "F", "maxspeed": 0}}, {"type": "Feature", "geometry": {"type": "LineString", "coordinates": [[114.2058064, 30.547941], [114.2057148, 30.5480218], [114.2055944, 30.5480706], [114.2055201, 30.5480736], [114.205421, 30.5480614]]}, "properties": {"id": 26021, "name": " ", "road_class": "tertiary", "oneway": "F", "maxspeed": 0}}, {"type": "Feature", "geometry": {"type": "LineString", "coordinates": [[114.2051874, 30.547761], [114.2052865, 30.5477627], [114.2053962, 30.5477475], [114.2054883, 30.5477018], [114.2055307, 30.54765], [114.2055484, 30.5475707], [114.2055486, 30.5474151]]}, "properties": {"id": 26022, "name": " ", "road_class": "tertiary", "oneway": "F", "maxspeed": 0}}, {"type": "Feature", "geometry": {"type": "LineString", "coordinates": [[114.2013201, 30.5562773], [114.2020768, 30.5580114], [114.2026044, 30.5593086], [114.2026781, 30.5594791], [114.2029426, 30.5600277]]}, "properties": {"id": 26027, "name": "龙阳大道高架", "road_class": "trunk", "oneway": "F", "maxspeed": 0}}, {"type": "Feature", "geometry": {"type": "LineString", "coordinates": [[114.2030575, 30.5605227], [114.2028251, 30.5599819], [114.2025147, 30.559343], [114.2018129, 30.5576796], [114.201679, 30.5573622], [114.2011964, 30.5563182]]}, "properties": {"id": 26028, "name": "龙阳大道高架", "road_class": "trunk", "oneway": "F", "maxspeed": 0}}, {"type": "Feature", "geometry": {"type": "LineString", "coordinates": [[114.2001986, 30.5537697], [114.2005033, 30.5541333], [114.2006469, 30.5543517]]}, "properties": {"id": 26038, "name": " ", "road_class": "trunk_link", "oneway": "F", "maxspeed": 0}}, {"type": "Feature", "geometry": {"type": "LineString", "coordinates": [[114.2002629, 30.5544499], [114.2001391, 30.5539831]]}, "properties": {"id": 26039, "name": " ", "road_class": "trunk_link", "oneway": "F", "maxspeed": 0}}, {"type": "Feature", "geometry": {"type": "LineString", "coordinates": [[114.2005906, 30.5551642], [114.1994938, 30.5557475], [114.1969033, 30.5572343], [114.1968157, 30.5572846]]}, "properties": {"id": 26040, "name": "蟠龙路", "road_class": "tertiary", "oneway": "F", "maxspeed": 0}}, {"type": "Feature", "geometry": {"type": "LineString", "coordinates": [[114.1967685, 30.5572221], [114.1968563, 30.5571721], [114.1994701, 30.5556848], [114.2005551, 30.5550962]]}, "properties": {"id": 26041, "name": "蟠龙路", "road_class": "tertiary", "oneway": "F", "maxspeed": 0}}, {"type": "Feature", "geometry": {"type": "LineString", "coordinates": [[114.1978842, 30.552742], [114.1987443, 30.5540784], [114.1990245, 30.554569], [114.1993467, 30.5553572], [114.1994701, 30.5556848], [114.1994938, 30.5557475], [114.1995755, 30.5559645], [114.2004187, 30.5580283], [114.2010652, 30.5598411], [114.2014014, 30.5607473], [114.2014286, 30.5608204]]}, "properties": {"id": 26042, "name": "芳华路", "road_class": "residential", "oneway": "B", "maxspeed": 0}}, {"type": "Feature", "geometry": {"type": "LineString", "coordinates": [[114.1979923, 30.5587624], [114.1981075, 30.5587201], [114.1991231, 30.5584011], [114.2004187, 30.5580283], [114.2017099, 30.5576568], [114.2020196, 30.5575708]]}, "properties": {"id": 26043, "name": "龙清路", "road_class": "residential", "oneway": "B", "maxspeed": 0}}, {"type": "Feature", "geometry": {"type": "LineString", "coordinates": [[114.2185304, 30.5721538], [114.2186285, 30.5723555], [114.2188132, 30.5727551], [114.2188132, 30.5728482], [114.2188132, 30.5729491], [114.2187273, 30.5731524], [114.2185664, 30.5732909], [114.2169785, 30.5742054], [114.2158203, 30.5747134], [114.2139428, 30.574852], [114.2119624, 30.5757748]]}, "properties": {"id": 26092, "name": "赫山路", "road_class": "residential", "oneway": "B", "maxspeed": 0}}, {"type": "Feature", "geometry": {"type": "LineString", "coordinates": [[114.2223523, 30.5723486], [114.2223509, 30.5722708], [114.2223375, 30.5715246], [114.2223498, 30.5711669], [114.2223252, 30.5709761], [114.2222482, 30.5707773], [114.2221774, 30.5706342], [114.2215977, 30.5697455], [114.2215465, 30.569667]]}, "properties": {"id": 26093, "name": "梅家湖路", "road_class": "residential", "oneway": "B", "maxspeed": 0}}, {"type": "Feature", "geometry": {"type": "LineString", "coordinates": [[114.2215882, 30.5694355], [114.2215526, 30.5695371], [114.2215372, 30.5695875], [114.2215465, 30.569667], [114.2214511, 30.5696166], [114.2212765, 30.5695939]]}, "properties": {"id": 26094, "name": " ", "road_class": "residential", "oneway": "F", "maxspeed": 0}}, {"type": "Feature", "geometry": {"type": "LineString", "coordinates": [[114.1976621, 30.5719504], [114.1978059, 30.5721706], [114.1988335, 30.5749695], [114.198887, 30.5751122], [114.1998811, 30.5772944], [114.1999256, 30.5773924], [114.2000904, 30.5778294]]}, "properties": {"id": 39631, "name": "玉龙路", "road_class": "residential", "oneway": "F", "maxspeed": 0}}, {"type": "Feature", "geometry": {"type": "LineString", "coordinates": [[114.2086549, 30.5519839], [114.2085774, 30.5520349], [114.2062893, 30.5529174], [114.203927, 30.5538214], [114.200933, 30.5549905]]}, "properties": {"id": 39881, "name": "十升二路", "road_class": "tertiary", "oneway": "F", "maxspeed": 0}}, {"type": "Feature", "geometry": {"type": "LineString", "coordinates": [[114.2039034, 30.5438482], [114.2046782, 30.5454712]]}, "properties": {"id": 39882, "name": " ", "road_class": "secondary", "oneway": "F", "maxspeed": 0}}, {"type": "Feature", "geometry": {"type": "LineString", "coordinates": [[114.2046782, 30.5454712], [114.2056091, 30.5473789], [114.2058706, 30.5478946], [114.206483, 30.5491036], [114.2066999, 30.5494654], [114.2086022, 30.5519174], [114.2086549, 30.5519839], [114.2096233, 30.553248], [114.2109498, 30.5549688], [114.2117666, 30.5562321], [114.212164, 30.5570044], [114.2126456, 30.5582009]]}, "properties": {"id": 39883, "name": "芳草路", "road_class": "secondary", "oneway": "F", "maxspeed": 0}}, {"type": "Feature", "geometry": {"type": "LineString", "coordinates": [[114.2126456, 30.5582009], [114.2127009, 30.5583321], [114.212802, 30.5585812], [114.2130968, 30.5593439], [114.213233, 30.5596963], [114.2134509, 30.5603982], [114.2134868, 30.5606241], [114.2138805, 30.5617254], [114.2139151, 30.5618028], [114.2143423, 30.5632102], [114.2148608, 30.5646287], [114.215699, 30.5671615], [114.2179048, 30.5709944], [114.2179518, 30.5710647], [114.2185951, 30.5721516]]}, "properties": {"id": 39884, "name": "赫山路", "road_class": "secondary", "oneway": "F", "maxspeed": 0}}, {"type": "Feature", "geometry": {"type": "LineString", "coordinates": [[114.2263329, 30.5530741], [114.2255737, 30.5536707], [114.225765, 30.5547143]]}, "properties": {"id": 39912, "name": " ", "road_class": "residential", "oneway": "B", "maxspeed": 0}}, {"type": "Feature", "geometry": {"type": "LineString", "coordinates": [[114.2279034, 30.5562874], [114.2267512, 30.5564874], [114.2248692, 30.5568667], [114.2214194, 30.5573658]]}, "properties": {"id": 39913, "name": "汉桥横路", "road_class": "residential", "oneway": "B", "maxspeed": 0}}, {"type": "Feature", "geometry": {"type": "LineString", "coordinates": [[114.2281091, 30.558848], [114.2282546, 30.5595564], [114.2283375, 30.5598131], [114.2289535, 30.5604729], [114.2290446, 30.5614006], [114.2292008, 30.5616161], [114.229219, 30.5618056], [114.2291932, 30.561995], [114.2292326, 30.5620456], [114.2293784, 30.5622328]]}, "properties": {"id": 39914, "name": "庙上湾路", "road_class": "residential", "oneway": "B", "maxspeed": 0}}, {"type": "Feature", "geometry": {"type": "LineString", "coordinates": [[114.2254674, 30.5592549], [114.2257994, 30.5592898], [114.225901, 30.5593421], [114.2259723, 30.5594766], [114.2259966, 30.5597353], [114.2260042, 30.5600006], [114.2262788, 30.5603651], [114.2263501, 30.5611137], [114.2263532, 30.5615958], [114.2263911, 30.5617435], [114.2263516, 30.562057], [114.2246546, 30.5623439]]}, "properties": {"id": 39915, "name": "七里庙路", "road_class": "residential", "oneway": "B", "maxspeed": 0}}, {"type": "Feature", "geometry": {"type": "LineString", "coordinates": [[114.2119435, 30.5715384], [114.211676, 30.5694248], [114.2115179, 30.5681759]]}, "properties": {"id": 39916, "name": "知音东路", "road_class": "residential", "oneway": "B", "maxspeed": 0}}, {"type": "Feature", "geometry": {"type": "LineString", "coordinates": [[114.2037249, 30.574198], [114.204916, 30.576533], [114.2049587, 30.5765959]]}, "properties": {"id": 39921, "name": "金龙路", "road_class": "residential", "oneway": "F", "maxspeed": 0}}, {"type": "Feature", "geometry": {"type": "LineString", "coordinates": [[114.2323239, 30.5490838], [114.2322408, 30.5489521]]}, "properties": {"id": 40557, "name": " ", "road_class": "steps", "oneway": "B", "maxspeed": 0}}, {"type": "Feature", "geometry": {"type": "LineString", "coordinates": [[114.2333083, 30.549525], [114.232855, 30.5488135], [114.2323239, 30.5490838], [114.2327557, 30.5497606]]}, "properties": {"id": 40556, "name": "墨水湖人行天橋", "road_class": "footway", "oneway": "B", "maxspeed": 0}}, {"type": "Feature", "geometry": {"type": "LineString", "coordinates": [[114.2327557, 30.5497606], [114.232803, 30.549832], [114.2329086, 30.5499916], [114.2329167, 30.5500424], [114.232914, 30.5500909], [114.2329003, 30.5501344]]}, "properties": {"id": 40558, "name": " ", "road_class": "footway", "oneway": "B", "maxspeed": 0}}, {"type": "Feature", "geometry": {"type": "LineString", "coordinates": [[114.2333083, 30.549525], [114.233186, 30.5495965]]}, "properties": {"id": 40559, "name": " ", "road_class": "footway", "oneway": "B", "maxspeed": 0}}, {"type": "Feature", "geometry": {"type": "LineString", "coordinates": [[114.232855, 30.5488135], [114.2327316, 30.548638]]}, "properties": {"id": 40560, "name": " ", "road_class": "steps", "oneway": "B", "maxspeed": 0}}, {"type": "Feature", "geometry": {"type": "LineString", "coordinates": [[114.2322408, 30.5489521], [114.2322174, 30.5489059], [114.2321871, 30.5488459], [114.2321388, 30.5486934], [114.232045, 30.5485155], [114.2318357, 30.5481899]]}, "properties": {"id": 40561, "name": " ", "road_class": "footway", "oneway": "B", "maxspeed": 0}}, {"type": "Feature", "geometry": {"type": "LineString", "coordinates": [[114.232803, 30.549832], [114.2327772, 30.5498507], [114.2321764, 30.5489267], [114.2322174, 30.5489059]]}, "properties": {"id": 40562, "name": " ", "road_class": "footway", "oneway": "B", "maxspeed": 0}}, {"type": "Feature", "geometry": {"type": "LineString", "coordinates": [[114.2327316, 30.548638], [114.232615, 30.5486904]]}, "properties": {"id": 40563, "name": " ", "road_class": "footway", "oneway": "B", "maxspeed": 0}}, {"type": "Feature", "geometry": {"type": "LineString", "coordinates": [[114.2133791, 30.5606294], [114.2133438, 30.5603164], [114.2131027, 30.5595877]]}, "properties": {"id": 40959, "name": " ", "road_class": "trunk_link", "oneway": "F", "maxspeed": 0}}, {"type": "Feature", "geometry": {"type": "LineString", "coordinates": [[114.2302284, 30.5585107], [114.2306472, 30.5603588], [114.2307231, 30.5606005], [114.2310356, 30.5613713]]}, "properties": {"id": 41453, "name": "武拖路", "road_class": "residential", "oneway": "B", "maxspeed": 0}}, {"type": "Feature", "geometry": {"type": "LineString", "coordinates": [[114.233185, 30.5499775], [114.2329553, 30.5501112], [114.2329003, 30.5501344], [114.2327561, 30.5501952], [114.2323492, 30.5504324], [114.2319635, 30.5506916], [114.2318167, 30.5508242], [114.2317898, 30.5508485], [114.2315143, 30.5511514], [114.231277, 30.5514471], [114.2311286, 30.5515383]]}, "properties": {"id": 41571, "name": "檀李湾路", "road_class": "residential", "oneway": "B", "maxspeed": 0}}, {"type": "Feature", "geometry": {"type": "LineString", "coordinates": [[114.2356549, 30.5564613], [114.2355046, 30.5560259], [114.2353461, 30.5557264], [114.2348507, 30.5550382], [114.2346482, 30.5544865], [114.2345381, 30.5543879], [114.23434, 30.5535538]]}, "properties": {"id": 41573, "name": "五檀路", "road_class": "residential", "oneway": "B", "maxspeed": 0}}, {"type": "Feature", "geometry": {"type": "LineString", "coordinates": [[114.2316609, 30.5558634], [114.2299845, 30.5560209], [114.2287238, 30.5561771], [114.2279034, 30.5562874]]}, "properties": {"id": 41574, "name": "曾家岭路", "road_class": "residential", "oneway": "B", "maxspeed": 0}}, {"type": "Feature", "geometry": {"type": "LineString", "coordinates": [[114.2041368, 30.5636014], [114.2020416, 30.5642403]]}, "properties": {"id": 41578, "name": "龙阳一路", "road_class": "residential", "oneway": "B", "maxspeed": 0}}, {"type": "Feature", "geometry": {"type": "LineString", "coordinates": [[114.2037088, 30.5626211], [114.2013451, 30.5634107]]}, "properties": {"id": 41579, "name": "龙阳二路", "road_class": "residential", "oneway": "B", "maxspeed": 0}}, {"type": "Feature", "geometry": {"type": "LineString", "coordinates": [[114.2033457, 30.5617176], [114.2001793, 30.562749]]}, "properties": {"id": 41580, "name": "龙阳三路", "road_class": "residential", "oneway": "B", "maxspeed": 0}}, {"type": "Feature", "geometry": {"type": "LineString", "coordinates": [[114.2101835, 30.5745396], [114.2112566, 30.5757181], [114.2114512, 30.5759331]]}, "properties": {"id": 42703, "name": "二环线", "road_class": "trunk", "oneway": "F", "maxspeed": 0}}, {"type": "Feature", "geometry": {"type": "LineString", "coordinates": [[114.2093446, 30.573778], [114.2090738, 30.573573], [114.2088431, 30.5733555], [114.2086213, 30.5731041], [114.2083522, 30.572784]]}, "properties": {"id": 42704, "name": " ", "road_class": "trunk", "oneway": "F", "maxspeed": 0}}, {"type": "Feature", "geometry": {"type": "LineString", "coordinates": [[114.2073755, 30.5729663], [114.2073476, 30.5730251], [114.2072988, 30.5730727]]}, "properties": {"id": 42705, "name": " ", "road_class": "primary", "oneway": "F", "maxspeed": 0}}, {"type": "Feature", "geometry": {"type": "LineString", "coordinates": [[114.2140069, 30.5714727], [114.2124993, 30.5716267], [114.2120192, 30.5717112], [114.2119066, 30.571739]]}, "properties": {"id": 42706, "name": "琴台大道", "road_class": "primary", "oneway": "F", "maxspeed": 0}}, {"type": "Feature", "geometry": {"type": "LineString", "coordinates": [[114.2118984, 30.5716165], [114.2121376, 30.5715732], [114.2123518, 30.5715332], [114.214014, 30.5713796]]}, "properties": {"id": 42707, "name": "琴台大道", "road_class": "primary", "oneway": "F", "maxspeed": 0}}, {"type": "Feature", "geometry": {"type": "LineString", "coordinates": [[114.219591, 30.5760228], [114.2202455, 30.5757803], [114.2221096, 30.5753139], [114.2233407, 30.5750344], [114.2237055, 30.5749929], [114.2241025, 30.5749675], [114.2252344, 30.5749513], [114.2265245, 30.5749398], [114.227533, 30.5749836], [114.2288473, 30.5750506], [114.2304459, 30.5751453], [114.2313954, 30.57521], [114.2328921, 30.5751915], [114.2338845, 30.5750622], [114.2347482, 30.5749675], [114.2361456, 30.5747135], [114.236387, 30.5746326], [114.2364219, 30.5747065], [114.2378381, 30.5741569], [114.2385167, 30.5738844], [114.2391148, 30.5734687], [114.2397076, 30.5730184], [114.2399839, 30.5727367], [114.2405793, 30.5722656], [114.2413196, 30.5716998], [114.2423898, 30.5708869], [114.2430577, 30.570425], [114.2443505, 30.5695521], [114.2451525, 30.5690994], [114.2464265, 30.5685197], [114.2464614, 30.5685913], [114.247832, 30.5680463], [114.2491651, 30.567693], [114.2495379, 30.5676167], [114.2501843, 30.5675521], [114.2509434, 30.5674412], [114.2512813, 30.5674204], [114.2515039, 30.567492]]}, "properties": {"id": 43513, "name": " ", "road_class": "service", "oneway": "B", "maxspeed": 0}}, {"type": "Feature", "geometry": {"type": "LineString", "coordinates": [[114.2499281, 30.5653615], [114.2490658, 30.5653488], [114.2482531, 30.5654481], [114.2474887, 30.5655336], [114.2473412, 30.5655682], [114.2436209, 30.5669285], [114.2419714, 30.567529], [114.2417836, 30.5676191], [114.2416039, 30.567783], [114.2409065, 30.5686491], [114.2406705, 30.56888], [114.2397451, 30.5696652], [114.2395359, 30.5697876], [114.2383423, 30.5703557], [114.2382002, 30.5704643], [114.237932, 30.5705913], [114.2378274, 30.5705982], [114.2369395, 30.5709885], [114.2365935, 30.5711317], [114.2354804, 30.5714619], [114.2351371, 30.5715774], [114.2349574, 30.5717067], [114.2324442, 30.5724157], [114.2322886, 30.5724457], [114.2315188, 30.5724988], [114.2287025, 30.5725519], [114.2284503, 30.5725012], [114.2280197, 30.5724356], [114.2274967, 30.5723916], [114.2271816, 30.5723933], [114.2268381, 30.5724878], [114.226214, 30.5724631], [114.2257044, 30.5724265], [114.2252868, 30.5724143], [114.2236587, 30.5725057], [114.2218891, 30.5726154], [114.2215253, 30.5726552], [114.2211217, 30.5727162]]}, "properties": {"id": 43582, "name": " ", "road_class": "service", "oneway": "B", "maxspeed": 0}}, {"type": "Feature", "geometry": {"type": "LineString", "coordinates": [[114.2013175, 30.5805336], [114.2011508, 30.5802098], [114.2006538, 30.5793777], [114.2005123, 30.5791194], [114.2003737, 30.5788468], [114.2001389, 30.5783849], [114.1997765, 30.577524], [114.1989235, 30.5755896], [114.1987534, 30.5751986], [114.1986927, 30.5750576], [114.1986029, 30.5748225], [114.1978158, 30.5727028]]}, "properties": {"id": 46024, "name": "玉龙路", "road_class": "secondary", "oneway": "F", "maxspeed": 0}}, {"type": "Feature", "geometry": {"type": "LineString", "coordinates": [[114.197918, 30.5726766], [114.1979684, 30.5728196], [114.1986417, 30.5746727], [114.1987108, 30.5748784], [114.1988494, 30.5751926], [114.1990166, 30.5755885], [114.1996473, 30.5770181], [114.2003626, 30.5786229], [114.2005833, 30.57906], [114.2007236, 30.5793073], [114.2008809, 30.5795813], [114.201523, 30.5806205]]}, "properties": {"id": 46025, "name": "玉龙路", "road_class": "secondary", "oneway": "F", "maxspeed": 0}}, {"type": "Feature", "geometry": {"type": "LineString", "coordinates": [[114.2130968, 30.5593439], [114.2137646, 30.5591809], [114.2136534, 30.5588614], [114.2140532, 30.5586799], [114.2138468, 30.5580628]]}, "properties": {"id": 49402, "name": " ", "road_class": "residential", "oneway": "B", "maxspeed": 0}}, {"type": "Feature", "geometry": {"type": "LineString", "coordinates": [[114.2137646, 30.5591809], [114.2137969, 30.5592824], [114.2138583, 30.5594698], [114.2133164, 30.5595957]]}, "properties": {"id": 49403, "name": " ", "road_class": "residential", "oneway": "B", "maxspeed": 0}}, {"type": "Feature", "geometry": {"type": "LineString", "coordinates": [[114.2138583, 30.5594698], [114.2140159, 30.5595167], [114.2141147, 30.559528], [114.2142539, 30.5595439], [114.2144775, 30.5594822], [114.2145148, 30.5594032], [114.21442, 30.5591238], [114.2142911, 30.5587441], [114.2140532, 30.5586799]]}, "properties": {"id": 49404, "name": " ", "road_class": "residential", "oneway": "B", "maxspeed": 0}}, {"type": "Feature", "geometry": {"type": "LineString", "coordinates": [[114.2141147, 30.559528], [114.2141808, 30.5597406], [114.2134271, 30.559915]]}, "properties": {"id": 49405, "name": " ", "road_class": "residential", "oneway": "B", "maxspeed": 0}}, {"type": "Feature", "geometry": {"type": "LineString", "coordinates": [[114.2137969, 30.5592824], [114.21442, 30.5591238]]}, "properties": {"id": 49406, "name": " ", "road_class": "residential", "oneway": "B", "maxspeed": 0}}, {"type": "Feature", "geometry": {"type": "LineString", "coordinates": [[114.2136534, 30.5588614], [114.2131124, 30.5589965]]}, "properties": {"id": 49407, "name": " ", "road_class": "residential", "oneway": "B", "maxspeed": 0}}, {"type": "Feature", "geometry": {"type": "LineString", "coordinates": [[114.2029426, 30.5600277], [114.2038001, 30.562062]]}, "properties": {"id": 52190, "name": "二环线", "road_class": "trunk", "oneway": "F", "maxspeed": 0}}, {"type": "Feature", "geometry": {"type": "LineString", "coordinates": [[114.2036196, 30.5599946], [114.2039191, 30.5598963], [114.2042705, 30.559808], [114.2048781, 30.5596706]]}, "properties": {"id": 52191, "name": "二环线", "road_class": "trunk", "oneway": "F", "maxspeed": 0}}, {"type": "Feature", "geometry": {"type": "LineString", "coordinates": [[114.2188132, 30.5728482], [114.2169363, 30.5739378], [114.2167864, 30.574001], [114.2166105, 30.5740688], [114.2164103, 30.5741207], [114.2158195, 30.5742512], [114.2152918, 30.5743638], [114.2138814, 30.5745568], [114.2135172, 30.5746453], [114.2132154, 30.5747837], [114.2121813, 30.5752929], [114.2117346, 30.5754816]]}, "properties": {"id": 53622, "name": "知音大道", "road_class": "secondary", "oneway": "F", "maxspeed": 0}}, {"type": "Feature", "geometry": {"type": "LineString", "coordinates": [[114.2116858, 30.5753943], [114.2121434, 30.5752143], [114.2131781, 30.5746998], [114.2134798, 30.5745769], [114.2138768, 30.5744804], [114.2152965, 30.5742794], [114.2158004, 30.5741796], [114.2163644, 30.574047], [114.2165632, 30.5740006], [114.2167311, 30.5739434], [114.2168939, 30.5738673], [114.2188132, 30.5727551]]}, "properties": {"id": 53624, "name": "知音大道", "road_class": "secondary", "oneway": "F", "maxspeed": 0}}, {"type": "Feature", "geometry": {"type": "LineString", "coordinates": [[114.2246855, 30.5722121], [114.2223523, 30.5723486], [114.220624, 30.5724571]]}, "properties": {"id": 53626, "name": "知音大道", "road_class": "secondary", "oneway": "F", "maxspeed": 0}}, {"type": "Feature", "geometry": {"type": "LineString", "coordinates": [[114.2204622, 30.5723905], [114.2223509, 30.5722708], [114.2246758, 30.5721375]]}, "properties": {"id": 53627, "name": "知音大道", "road_class": "secondary", "oneway": "F", "maxspeed": 0}}, {"type": "Feature", "geometry": {"type": "LineString", "coordinates": [[114.2246758, 30.5721375], [114.2246855, 30.5722121], [114.2255723, 30.5723672]]}, "properties": {"id": 53628, "name": " ", "road_class": "residential", "oneway": "B", "maxspeed": 0}}, {"type": "Feature", "geometry": {"type": "LineString", "coordinates": [[114.218827, 30.5664013], [114.2199467, 30.5661179], [114.2207344, 30.5659185], [114.2238019, 30.5651034]]}, "properties": {"id": 53775, "name": "玫瑰街", "road_class": "tertiary_link", "oneway": "B", "maxspeed": 0}}, {"type": "Feature", "geometry": {"type": "LineString", "coordinates": [[114.2261572, 30.5677201], [114.2263789, 30.56729], [114.2267196, 30.5668362], [114.2270114, 30.566582], [114.2273814, 30.566232], [114.227792, 30.5658049], [114.2288572, 30.5646217], [114.2293997, 30.5639176]]}, "properties": {"id": 53776, "name": "京广侧路", "road_class": "residential", "oneway": "B", "maxspeed": 0}}, {"type": "Feature", "geometry": {"type": "LineString", "coordinates": [[114.2296481, 30.564026], [114.2295034, 30.5639626]]}, "properties": {"id": 53777, "name": " ", "road_class": "residential", "oneway": "B", "maxspeed": 0}}, {"type": "Feature", "geometry": {"type": "LineString", "coordinates": [[114.2300239, 30.5642346], [114.2296481, 30.564026]]}, "properties": {"id": 53778, "name": " ", "road_class": "residential", "oneway": "B", "maxspeed": 0}}, {"type": "Feature", "geometry": {"type": "LineString", "coordinates": [[114.2318518, 30.5667582], [114.2318957, 30.5668199], [114.2326399, 30.5678904], [114.2332369, 30.5691843]]}, "properties": {"id": 53779, "name": "华园侧路", "road_class": "residential", "oneway": "B", "maxspeed": 0}}, {"type": "Feature", "geometry": {"type": "LineString", "coordinates": [[114.2007957, 30.5661684], [114.2006841, 30.5657982]]}, "properties": {"id": 54246, "name": " ", "road_class": "footway", "oneway": "B", "maxspeed": 0}}, {"type": "Feature", "geometry": {"type": "LineString", "coordinates": [[114.2010913, 30.5660599], [114.2007957, 30.5661684]]}, "properties": {"id": 54247, "name": " ", "road_class": "footway", "oneway": "B", "maxspeed": 0}}, {"type": "Feature", "geometry": {"type": "LineString", "coordinates": [[114.2006841, 30.5657982], [114.20099, 30.5657093]]}, "properties": {"id": 54248, "name": " ", "road_class": "footway", "oneway": "B", "maxspeed": 0}}]}