{"type": "FeatureCollection", "features": [{"type": "Feature", "geometry": {"type": "Polygon", "coordinates": [[[114.4164847, 30.5126627], [114.415470999, 30.5127539], [114.415437599, 30.5127566], [114.415255399, 30.5110691], [114.415288799, 30.5110664], [114.4162247, 30.5109838], [114.4164847, 30.5126627]]]}, "properties": {"id": 21, "name": "沁苑", "type": "居住区", "area_sqm": 18283}}, {"type": "Feature", "geometry": {"type": "Polygon", "coordinates": [[[114.3990714, 30.5132639], [114.399006324, 30.51383473], [114.398993226, 30.513949618], [114.398989899, 30.5139788], [114.398838499, 30.5144292], [114.3972722, 30.514655], [114.396393899, 30.5147572], [114.3962788, 30.5147086], [114.3960535, 30.5142557], [114.395335199, 30.5139695], [114.3953708, 30.5139266], [114.3956527, 30.5137037], [114.395705299, 30.5134201], [114.395689299, 30.513203], [114.395786199, 30.5128993], [114.3990714, 30.5132639]]]}, "properties": {"id": 22, "name": "紫菘学生公寓", "type": "居住区", "area_sqm": 52373}}, {"type": "Feature", "geometry": {"type": "Polygon", "coordinates": [[[114.4165303, 30.5140957], [114.415496599, 30.5141846], [114.4153352, 30.5129203], [114.4163979, 30.5128022], [114.4165303, 30.5140957]]]}, "properties": {"id": 39, "name": " ", "type": "居住区", "area_sqm": 14437}}, {"type": "Feature", "geometry": {"type": "Polygon", "coordinates": [[[114.421867899, 30.5101901], [114.418701, 30.5105325], [114.418589499, 30.5100479], [114.418536599, 30.5096473], [114.418927699, 30.5096119], [114.4188638, 30.5090408], [114.4216947, 30.5087638], [114.421867899, 30.5101901]]]}, "properties": {"id": 54, "name": " ", "type": "居住区", "area_sqm": 47584}}, {"type": "Feature", "geometry": {"type": "Polygon", "coordinates": [[[114.406773999, 30.5135365], [114.4050961, 30.5136865], [114.4049981, 30.5129292], [114.4063647, 30.5128287], [114.4066849, 30.5127784], [114.406773999, 30.5135365]]]}, "properties": {"id": 55, "name": " ", "type": "公园", "area_sqm": 13529}}, {"type": "Feature", "geometry": {"type": "Polygon", "coordinates": [[[114.406773999, 30.5135365], [114.4050961, 30.5136865], [114.4049981, 30.5129292], [114.4063647, 30.5128287], [114.4066849, 30.5127784], [114.406773999, 30.5135365]]]}, "properties": {"id": 56, "name": " ", "type": "森林", "area_sqm": 13529}}, {"type": "Feature", "geometry": {"type": "Polygon", "coordinates": [[[114.4239277, 30.5058913], [114.424025399, 30.5065509], [114.4240886, 30.5069381], [114.4241396, 30.5074766], [114.424177099, 30.5077469], [114.424204, 30.5078839], [114.4242227, 30.5079786], [114.4203965, 30.5082853], [114.419968799, 30.5053494], [114.420362, 30.5053009], [114.4223613, 30.5051321], [114.423368899, 30.5059462], [114.4239277, 30.5058913]]]}, "properties": {"id": 81, "name": "巴黎豪庭", "type": "居住区", "area_sqm": 112594}}, {"type": "Feature", "geometry": {"type": "Polygon", "coordinates": [[[114.4111814, 30.5024749], [114.4099154, 30.502572], [114.409979699, 30.5029787], [114.4072745, 30.5030993], [114.4070751, 30.4999569], [114.4070561, 30.4996046], [114.4113695, 30.499187], [114.4113869, 30.4993164], [114.4115944, 30.5008572], [114.411454999, 30.5014118], [114.4110955, 30.5018232], [114.4111814, 30.5024749]]]}, "properties": {"id": 96, "name": "保利花园", "type": "居住区", "area_sqm": 156493}}, {"type": "Feature", "geometry": {"type": "Polygon", "coordinates": [[[114.419297099, 30.5084575], [114.4191074, 30.5084619], [114.419086, 30.5083666], [114.4190283, 30.5083406], [114.4189888, 30.5083209], [114.418922999, 30.5082724], [114.418883499, 30.5082683], [114.418848599, 30.5082735], [114.418828499, 30.5082915], [114.418784899, 30.5083047], [114.418701799, 30.5083024], [114.418626799, 30.5082804], [114.4185795, 30.5082483], [114.4185219, 30.5082494], [114.4184818, 30.5080251], [114.418538, 30.5079721], [114.4186748, 30.5079143], [114.4188062, 30.5078889], [114.418972699, 30.5079304], [114.4191792, 30.5080806], [114.4192568, 30.5082425], [114.419297099, 30.5084575]]]}, "properties": {"id": 167, "name": " ", "type": "公园", "area_sqm": 2932}}, {"type": "Feature", "geometry": {"type": "Polygon", "coordinates": [[[114.4106112, 30.5142342], [114.4100842, 30.5142795], [114.409980699, 30.5133865], [114.410507699, 30.5133412], [114.4106112, 30.5142342]]]}, "properties": {"id": 239, "name": " ", "type": "公园", "area_sqm": 5061}}, {"type": "Feature", "geometry": {"type": "Polygon", "coordinates": [[[114.4119192, 30.5130498], [114.4116189, 30.5130826], [114.4116088, 30.5129972], [114.4117012, 30.5129866], [114.4116966, 30.5129478], [114.411904499, 30.5129259], [114.4119192, 30.5130498]]]}, "properties": {"id": 240, "name": " ", "type": "公园", "area_sqm": 364}}, {"type": "Feature", "geometry": {"type": "Polygon", "coordinates": [[[114.416198, 30.5093238], [114.4181012, 30.5091263], [114.418272899, 30.5107619], [114.4184445, 30.5120652], [114.418637599, 30.5127677], [114.4195174, 30.5147826], [114.4168346, 30.5150135], [114.4165951, 30.512918], [114.416223699, 30.5106879], [114.4162101, 30.5103031], [114.416198, 30.5093238]]]}, "properties": {"id": 267, "name": " ", "type": "居住区", "area_sqm": 130111}}, {"type": "Feature", "geometry": {"type": "Polygon", "coordinates": [[[114.4243693, 30.5086357], [114.42436, 30.5085585], [114.4257589, 30.5084442], [114.425775, 30.5085991], [114.4255872, 30.5086175], [114.425579199, 30.5085875], [114.425520199, 30.5085921], [114.4255095, 30.5085413], [114.4243693, 30.5086357]]]}, "properties": {"id": 269, "name": " ", "type": "商业区", "area_sqm": 1350}}, {"type": "Feature", "geometry": {"type": "Polygon", "coordinates": [[[114.4112648, 30.5124137], [114.409833499, 30.5125447], [114.409732799, 30.5117209], [114.411178499, 30.5115915], [114.4112648, 30.5124137]]]}, "properties": {"id": 270, "name": " ", "type": "居住区", "area_sqm": 12737}}, {"type": "Feature", "geometry": {"type": "Polygon", "coordinates": [[[114.420166899, 30.5123428], [114.420119699, 30.5125951], [114.4192337, 30.5126143], [114.4191607, 30.5123679], [114.4200995, 30.5122871], [114.420166899, 30.5123428]]]}, "properties": {"id": 282, "name": " ", "type": "公园", "area_sqm": 2823}}, {"type": "Feature", "geometry": {"type": "Polygon", "coordinates": [[[114.4004074, 30.5046178], [114.400742899, 30.5052573], [114.4006774, 30.5053794], [114.399883799, 30.5056937], [114.3992216, 30.5059833], [114.3978371, 30.5064916], [114.3973429, 30.5060677], [114.400297899, 30.5045987], [114.4004074, 30.5046178]]]}, "properties": {"id": 285, "name": "西班牙风情街", "type": "零售区", "area_sqm": 25845}}, {"type": "Feature", "geometry": {"type": "Polygon", "coordinates": [[[114.4261347, 30.5106637], [114.424573299, 30.5104433], [114.424361899, 30.5087408], [114.4258043, 30.5086053], [114.4258664, 30.5085993], [114.4261347, 30.5106637]], [[114.4258759, 30.5105834], [114.4260781, 30.5105647], [114.426068, 30.5104828], [114.425871699, 30.510501], [114.4258677, 30.5104686], [114.4256398, 30.5104897], [114.4256354, 30.5104537], [114.4254343, 30.5104723], [114.425443599, 30.510548], [114.425659, 30.5105281], [114.425664, 30.5105686], [114.425871699, 30.5105494], [114.4258759, 30.5105834]], [[114.4252796, 30.510444], [114.425272, 30.5103779], [114.4250822, 30.5103944], [114.425078299, 30.5103602], [114.4248508, 30.5103799], [114.4248475, 30.5103513], [114.424656499, 30.5103678], [114.424664699, 30.5104386], [114.424857699, 30.5104218], [114.4248621, 30.5104596], [114.4250643, 30.510442], [114.4250667, 30.5104625], [114.4252796, 30.510444]], [[114.4250304, 30.5101882], [114.4252485, 30.5101693], [114.425235299, 30.5100555], [114.4250171, 30.5100744], [114.4250135, 30.5100439], [114.424804699, 30.5100619], [114.4248009, 30.5100287], [114.424575, 30.5100483], [114.424587699, 30.5101581], [114.424802, 30.5101396], [114.424805899, 30.5101735], [114.425026499, 30.5101544], [114.4250304, 30.5101882]], [[114.4254363, 30.5100759], [114.425445199, 30.5101514], [114.425995299, 30.5101026], [114.4259864, 30.5100271], [114.4254363, 30.5100759]], [[114.424585099, 30.5098203], [114.4246019, 30.5099484], [114.4252027, 30.5098892], [114.425189199, 30.5097862], [114.425165099, 30.5096025], [114.4247374, 30.5096442], [114.424761599, 30.5098283], [114.4247082, 30.5098336], [114.4247049, 30.5098085], [114.424585099, 30.5098203]], [[114.4254008, 30.5098108], [114.425409699, 30.509896], [114.425967699, 30.5098521], [114.4259587, 30.5097669], [114.4254008, 30.5098108]], [[114.4253691, 30.5095053], [114.4253799, 30.5095933], [114.4259202, 30.5095436], [114.4259094, 30.5094557], [114.4253691, 30.5095053]], [[114.424488, 30.5093726], [114.424497499, 30.5094549], [114.425153199, 30.5093983], [114.4251438, 30.509316], [114.424488, 30.5093726]], [[114.424428699, 30.5091077], [114.4244407, 30.5092094], [114.425127499, 30.5091483], [114.4251155, 30.5090466], [114.424428699, 30.5091077]], [[114.425314799, 30.5090976], [114.4253243, 30.5091742], [114.4258796, 30.5091222], [114.425870099, 30.5090457], [114.425314799, 30.5090976]], [[114.424387599, 30.5088176], [114.424400999, 30.5089412], [114.4251062, 30.5088837], [114.425092699, 30.5087601], [114.424387599, 30.5088176]], [[114.425318899, 30.5088217], [114.425328, 30.508897], [114.425859899, 30.5088486], [114.425850699, 30.5087733], [114.425318899, 30.5088217]]]}, "properties": {"id": 290, "name": " ", "type": "居住区", "area_sqm": 22673}}, {"type": "Feature", "geometry": {"type": "Polygon", "coordinates": [[[114.425591499, 30.5122048], [114.4254897, 30.5123942], [114.425314899, 30.5126778], [114.4250852, 30.513653], [114.424687799, 30.5142747], [114.4245597, 30.5145033], [114.4243781, 30.5150963], [114.4243545, 30.5155412], [114.4241714, 30.515361], [114.422896899, 30.5146159], [114.423070399, 30.5143476], [114.4232916, 30.5136084], [114.4231937, 30.5132833], [114.4232455, 30.5130511], [114.423250899, 30.5130267], [114.423396, 30.5124854], [114.4229023, 30.5119184], [114.422616518, 30.511883887], [114.4223003, 30.5118457], [114.422190299, 30.5117547], [114.4221289, 30.5112399], [114.4225221, 30.511198], [114.4231758, 30.5108354], [114.4231079, 30.5106104], [114.424502099, 30.5105025], [114.4260814, 30.5106994], [114.4261176, 30.5107828], [114.42424, 30.5108973], [114.424345999, 30.5118908], [114.4258272, 30.5117662], [114.425591499, 30.5122048]]]}, "properties": {"id": 292, "name": " ", "type": "草甸", "area_sqm": 94210}}, {"type": "Feature", "geometry": {"type": "Polygon", "coordinates": [[[114.413457399, 30.509726], [114.4134865, 30.5099787], [114.4133658, 30.5099901], [114.4133456, 30.5097995], [114.4132139, 30.5097164], [114.4128602, 30.5097406], [114.412843, 30.5096231], [114.413442899, 30.5095815], [114.4138231, 30.5095568], [114.4138338, 30.5097059], [114.413457399, 30.509726]]]}, "properties": {"id": 293, "name": " ", "type": "草甸", "area_sqm": 1771}}, {"type": "Feature", "geometry": {"type": "Polygon", "coordinates": [[[114.4123873, 30.50978], [114.412273399, 30.5097881], [114.4122793, 30.5098498], [114.411656, 30.5098945], [114.411630499, 30.5096308], [114.412298699, 30.5095829], [114.4123055, 30.5096274], [114.412371499, 30.5096268], [114.4123873, 30.50978]]]}, "properties": {"id": 294, "name": " ", "type": "草甸", "area_sqm": 1975}}, {"type": "Feature", "geometry": {"type": "Polygon", "coordinates": [[[114.4066639, 30.5126353], [114.4049818, 30.5127819], [114.404869199, 30.5119064], [114.406564699, 30.511762], [114.4066639, 30.5126353]]]}, "properties": {"id": 301, "name": " ", "type": "草甸", "area_sqm": 15889}}, {"type": "Feature", "geometry": {"type": "Polygon", "coordinates": [[[114.4066639, 30.5126353], [114.4049818, 30.5127819], [114.404869199, 30.5119064], [114.406564699, 30.511762], [114.4066639, 30.5126353]]]}, "properties": {"id": 302, "name": " ", "type": "森林", "area_sqm": 15889}}, {"type": "Feature", "geometry": {"type": "Polygon", "coordinates": [[[114.4044408, 30.5102653], [114.404494499, 30.5103252], [114.404583, 30.5111643], [114.4043146, 30.5111324], [114.403078, 30.5109947], [114.4032124, 30.510085], [114.4044408, 30.5102653]]]}, "properties": {"id": 303, "name": " ", "type": "公园", "area_sqm": 13353}}, {"type": "Feature", "geometry": {"type": "Polygon", "coordinates": [[[114.402885199, 30.5109862], [114.402842199, 30.5112195], [114.402523099, 30.5111802], [114.402544499, 30.5110208], [114.4019142, 30.51094], [114.4019229, 30.5108618], [114.402885199, 30.5109862]]]}, "properties": {"id": 306, "name": " ", "type": "公园", "area_sqm": 1360}}, {"type": "Feature", "geometry": {"type": "Polygon", "coordinates": [[[114.4183265, 30.4990593], [114.418616199, 30.4995123], [114.4191151, 30.4995493], [114.419147299, 30.4998682], [114.419962699, 30.4999005], [114.420187999, 30.5019158], [114.419798499, 30.5019485], [114.4177686, 30.5021192], [114.4176292, 30.5021007], [114.4175648, 30.5020544], [114.417205399, 30.4990547], [114.4183265, 30.4990593]]]}, "properties": {"id": 422, "name": "长飞光纤光缆有限公司", "type": "工业区", "area_sqm": 73545}}, {"type": "Feature", "geometry": {"type": "Polygon", "coordinates": [[[114.4003889, 30.5112509], [114.400288199, 30.5117431], [114.3995572, 30.5116293], [114.3996517, 30.5111339], [114.4003889, 30.5112509]]]}, "properties": {"id": 408, "name": "电机厂", "type": "工业区", "area_sqm": 3980}}, {"type": "Feature", "geometry": {"type": "Polygon", "coordinates": [[[114.402664699, 30.5121734], [114.4018999, 30.5120671], [114.401986799, 30.5116029], [114.402444499, 30.5116665], [114.4024616, 30.511575], [114.402768799, 30.5116177], [114.402664699, 30.5121734]]]}, "properties": {"id": 409, "name": " ", "type": "公园", "area_sqm": 4186}}, {"type": "Feature", "geometry": {"type": "Polygon", "coordinates": [[[114.402664699, 30.5121734], [114.4018999, 30.5120671], [114.401986799, 30.5116029], [114.402444499, 30.5116665], [114.4024616, 30.511575], [114.402768799, 30.5116177], [114.402664699, 30.5121734]]]}, "properties": {"id": 410, "name": " ", "type": "森林", "area_sqm": 4186}}, {"type": "Feature", "geometry": {"type": "Polygon", "coordinates": [[[114.4025814, 30.5126843], [114.402535899, 30.5129024], [114.4023117, 30.5128676], [114.402357199, 30.5126496], [114.4025814, 30.5126843]]]}, "properties": {"id": 411, "name": " ", "type": "公园", "area_sqm": 537}}, {"type": "Feature", "geometry": {"type": "Polygon", "coordinates": [[[114.419088299, 30.4948946], [114.419791, 30.4951026], [114.4198983, 30.4960595], [114.418637699, 30.4965725], [114.4178759, 30.4969701], [114.417242899, 30.4973445], [114.417135599, 30.4973814], [114.4170122, 30.4973306], [114.416958599, 30.4972289], [114.416754799, 30.4949917], [114.4180422, 30.4948623], [114.419088299, 30.4948946]]]}, "properties": {"id": 420, "name": "光谷陆景苑", "type": "居住区", "area_sqm": 57795}}, {"type": "Feature", "geometry": {"type": "Polygon", "coordinates": [[[114.4269203, 30.4996556], [114.4252895, 30.4997711], [114.4252305, 30.4997157], [114.4251554, 30.4989253], [114.4250857, 30.4985694], [114.4249945, 30.4982273], [114.4267648, 30.4980979], [114.4269203, 30.4996556]]]}, "properties": {"id": 421, "name": "中铁建电气化局集团", "type": "工业区", "area_sqm": 28334}}, {"type": "Feature", "geometry": {"type": "Polygon", "coordinates": [[[114.407367799, 30.5092709], [114.4073362, 30.5093594], [114.4072624, 30.5094483], [114.4071591, 30.5095384], [114.406940299, 30.5096073], [114.4069124, 30.509609], [114.406872099, 30.5092815], [114.4070934, 30.5092369], [114.4071658, 30.5090982], [114.407348299, 30.5090797], [114.407367799, 30.5092709]]]}, "properties": {"id": 430, "name": " ", "type": "公园", "area_sqm": 1723}}, {"type": "Feature", "geometry": {"type": "Polygon", "coordinates": [[[114.424999699, 30.5018833], [114.4251231, 30.5020405], [114.425214299, 30.5031035], [114.421984899, 30.5034178], [114.421834699, 30.5034918], [114.4218722, 30.5037783], [114.420366775, 30.503890708], [114.420139807, 30.503907656], [114.4179723, 30.5040695], [114.4177677, 30.5026316], [114.4178221, 30.5025211], [114.417966999, 30.5024379], [114.424828, 30.5018509], [114.424999699, 30.5018833]]]}, "properties": {"id": 433, "name": "长飞光纤光缆有限公司", "type": "工业区", "area_sqm": 115990}}, {"type": "Feature", "geometry": {"type": "Polygon", "coordinates": [[[114.3977056, 30.5065608], [114.397870199, 30.5067382], [114.398046299, 30.5070068], [114.3982072, 30.5073996], [114.398268899, 30.507744], [114.3982876, 30.5079337], [114.3982769, 30.5080629], [114.398250399, 30.5083645], [114.398210499, 30.5086615], [114.398183, 30.5087262], [114.398100599, 30.5087652], [114.3979925, 30.5087757], [114.396873599, 30.5086163], [114.3966303, 30.5085483], [114.3961909, 30.5084852], [114.3960621, 30.5084819], [114.3959024, 30.5084778], [114.395511199, 30.5084544], [114.395019199, 30.5083934], [114.394892399, 30.5083708], [114.3947905, 30.5083108], [114.394726099, 30.50823], [114.394695299, 30.5081407], [114.3946638, 30.5080039], [114.394602999, 30.5079109], [114.3946623, 30.5077284], [114.3962303, 30.5067848], [114.3965877, 30.506533], [114.3972336, 30.5060779], [114.3977056, 30.5065608]]]}, "properties": {"id": 435, "name": " ", "type": "商业区", "area_sqm": 64911}}, {"type": "Feature", "geometry": {"type": "Polygon", "coordinates": [[[114.3979155, 30.5093168], [114.3978926, 30.5094383], [114.3983668, 30.5094978], [114.3983092, 30.5097384], [114.3971264, 30.5095754], [114.3972027, 30.5092149], [114.3979155, 30.5093168]]]}, "properties": {"id": 438, "name": " ", "type": "森林", "area_sqm": 4043}}, {"type": "Feature", "geometry": {"type": "Polygon", "coordinates": [[[114.4000294, 30.5078592], [114.4000026, 30.5079822], [114.3993873, 30.5078836], [114.3985318, 30.5077627], [114.3984801, 30.5075277], [114.3982923, 30.5070285], [114.3980804, 30.5065848], [114.3989065, 30.5062474], [114.398960199, 30.5063468], [114.3991508, 30.5062773], [114.399351099, 30.5066045], [114.399392, 30.5067188], [114.3993197, 30.5071693], [114.3993802, 30.5072238], [114.399383999, 30.5072273], [114.4001377, 30.5073613], [114.4000294, 30.5078592]]]}, "properties": {"id": 439, "name": "加州阳光", "type": "居住区", "area_sqm": 20788}}, {"type": "Feature", "geometry": {"type": "Polygon", "coordinates": [[[114.4121279, 30.4914003], [114.4060472, 30.4916081], [114.4058648, 30.4899763], [114.411970199, 30.4893967], [114.4121279, 30.4914003]]]}, "properties": {"id": 447, "name": "关山春晓", "type": "居住区", "area_sqm": 118679}}, {"type": "Feature", "geometry": {"type": "Polygon", "coordinates": [[[114.418908099, 30.50958], [114.418518099, 30.509617], [114.4184768, 30.5092853], [114.4185224, 30.5091675], [114.418648399, 30.5090589], [114.4188505, 30.5090387], [114.418908099, 30.50958]]]}, "properties": {"id": 449, "name": " ", "type": "公园", "area_sqm": 2127}}, {"type": "Feature", "geometry": {"type": "Polygon", "coordinates": [[[114.420165, 30.5131377], [114.4201076, 30.5131467], [114.419977599, 30.5127273], [114.4201666, 30.5127262], [114.420165, 30.5131377]]]}, "properties": {"id": 1035, "name": " ", "type": "草甸", "area_sqm": 548}}, {"type": "Feature", "geometry": {"type": "Polygon", "coordinates": [[[114.4212631, 30.5109986], [114.421435, 30.5111578], [114.4219519, 30.5111784], [114.422021399, 30.5117891], [114.4219636, 30.5118388], [114.4190403, 30.511996], [114.4189113, 30.5119058], [114.4187222, 30.5106199], [114.419980699, 30.5104918], [114.421254199, 30.5104692], [114.4212631, 30.5109986]]]}, "properties": {"id": 1036, "name": "华公馆", "type": "居住区", "area_sqm": 42492}}, {"type": "Feature", "geometry": {"type": "Polygon", "coordinates": [[[114.4053524, 30.5060663], [114.4044516, 30.5061287], [114.4044328, 30.5057912], [114.405191399, 30.505745], [114.405323299, 30.5058352], [114.4053524, 30.5060663]]]}, "properties": {"id": 1198, "name": "常青藤瀚景苑(二期)", "type": "居住区", "area_sqm": 3111}}, {"type": "Feature", "geometry": {"type": "Polygon", "coordinates": [[[114.395436299, 30.4968778], [114.394819999, 30.4968382], [114.3948137, 30.4970021], [114.394586999, 30.496998], [114.3945642, 30.4972921], [114.392108499, 30.4971951], [114.392032099, 30.4969867], [114.3919102, 30.4965543], [114.391658499, 30.4956043], [114.3918379, 30.4955673], [114.395137199, 30.4948869], [114.3953287, 30.4952043], [114.3954724, 30.496041], [114.395477, 30.4960674], [114.395436299, 30.4968778]]]}, "properties": {"id": 1200, "name": "关山荷兰风情园", "type": "公园", "area_sqm": 73692}}, {"type": "Feature", "geometry": {"type": "Polygon", "coordinates": [[[114.395137199, 30.4948869], [114.3918379, 30.4955673], [114.391822199, 30.495501], [114.3915977, 30.4946077], [114.3945636, 30.4940828], [114.394881099, 30.4943935], [114.394970399, 30.4946098], [114.395137199, 30.4948869]]]}, "properties": {"id": 1206, "name": "当代曙光嘉园", "type": "居住区", "area_sqm": 32381}}, {"type": "Feature", "geometry": {"type": "Polygon", "coordinates": [[[114.3978447, 30.4997561], [114.394233499, 30.4999987], [114.3941866, 30.4982874], [114.3937628, 30.4982781], [114.392952699, 30.4980886], [114.3926157, 30.4981077], [114.392298299, 30.4981256], [114.3921422, 30.49747], [114.397691, 30.4977335], [114.3978447, 30.4997561]]]}, "properties": {"id": 1207, "name": "紫菘·枫林上城", "type": "居住区", "area_sqm": 98363}}, {"type": "Feature", "geometry": {"type": "Polygon", "coordinates": [[[114.3991853, 30.4958303], [114.3994515, 30.4996727], [114.3978447, 30.4997561], [114.397691, 30.4977335], [114.397678199, 30.4975643], [114.395397399, 30.4974713], [114.395436299, 30.4968778], [114.395477, 30.4960674], [114.395946999, 30.4960193], [114.3968995, 30.4959627], [114.3991853, 30.4958303]]]}, "properties": {"id": 1209, "name": "阳光在线", "type": "居住区", "area_sqm": 101892}}, {"type": "Feature", "geometry": {"type": "Polygon", "coordinates": [[[114.425689399, 30.5063624], [114.424031399, 30.5065469], [114.4239277, 30.5058913], [114.423368899, 30.5059462], [114.4223613, 30.5051321], [114.420362, 30.5053009], [114.420139807, 30.503907656], [114.4201394, 30.5039051], [114.420366775, 30.503890708], [114.422038399, 30.5037849], [114.422017, 30.5035445], [114.4254266, 30.5032423], [114.425689399, 30.5063624]]]}, "properties": {"id": 1402, "name": "Xuefu Garden", "type": "居住区", "area_sqm": 123896}}, {"type": "Feature", "geometry": {"type": "Polygon", "coordinates": [[[114.411929099, 30.5028641], [114.411905499, 30.5021853], [114.4126766, 30.5021505], [114.412979599, 30.502342], [114.413093999, 30.5032064], [114.412380299, 30.5033457], [114.407403199, 30.503557], [114.4073172, 30.5034997], [114.4072745, 30.5030993], [114.409979699, 30.5029787], [114.4099154, 30.502572], [114.4111814, 30.5024749], [114.411262499, 30.5024638], [114.4112827, 30.5028989], [114.411929099, 30.5028641]]]}, "properties": {"id": 1406, "name": "SBI Street", "type": "居住区", "area_sqm": 42555}}, {"type": "Feature", "geometry": {"type": "Polygon", "coordinates": [[[114.412394699, 30.4938539], [114.406287099, 30.4944267], [114.4059676, 30.4918577], [114.4077267, 30.4917852], [114.408220099, 30.4917649], [114.408363, 30.491759], [114.408859499, 30.4917385], [114.4089327, 30.4917355], [114.4095181, 30.4917114], [114.4096155, 30.4917074], [114.4101006, 30.4916874], [114.4101684, 30.4916846], [114.4103155, 30.4929129], [114.4103182, 30.4929354], [114.4111254, 30.4928634], [114.4115988, 30.4928212], [114.4116812, 30.4928138], [114.4121608, 30.4927711], [114.412235999, 30.4927644], [114.412394699, 30.4938539]]]}, "properties": {"id": 1442, "name": "金地太阳城", "type": "居住区", "area_sqm": 133291}}, {"type": "Feature", "geometry": {"type": "Polygon", "coordinates": [[[114.412241699, 30.4964068], [114.4084625, 30.4966861], [114.4081803, 30.4944202], [114.412241699, 30.4940861], [114.412241699, 30.4964068]]]}, "properties": {"id": 1443, "name": "光谷新世界汇贤邸", "type": "居住区", "area_sqm": 96215}}, {"type": "Feature", "geometry": {"type": "Polygon", "coordinates": [[[114.403968559, 30.493317481], [114.403971199, 30.4933469], [114.403975462, 30.493382643], [114.404090183, 30.494344605], [114.4040971, 30.4944026], [114.403197, 30.4944706], [114.4021471, 30.494567], [114.401226199, 30.4946588], [114.400364699, 30.4947448], [114.4001658, 30.4931222], [114.4001006, 30.4925902], [114.4008987, 30.4925132], [114.4009956, 30.4925039], [114.402039, 30.4924573], [114.4030524, 30.4923389], [114.403072924, 30.492335416], [114.4038683, 30.4922004], [114.403968559, 30.493317481]]]}, "properties": {"id": 1455, "name": "保利时代北区", "type": "居住区", "area_sqm": 86079}}, {"type": "Feature", "geometry": {"type": "Polygon", "coordinates": [[[114.4010055, 30.5083508], [114.400856199, 30.5091136], [114.4007903, 30.5091721], [114.4006697, 30.5091717], [114.3985354, 30.5088359], [114.398421, 30.5087402], [114.3984458, 30.5085926], [114.398553699, 30.5079507], [114.4010055, 30.5083508]]]}, "properties": {"id": 1457, "name": " ", "type": "商业区", "area_sqm": 22823}}, {"type": "Feature", "geometry": {"type": "Polygon", "coordinates": [[[114.4126971, 30.49643], [114.412465399, 30.4964834], [114.4124776, 30.4961695], [114.4125129, 30.4949326], [114.412553599, 30.4939178], [114.4154132, 30.4937514], [114.4154329, 30.4940726], [114.4158085, 30.4943407], [114.4161685, 30.4943844], [114.4162991, 30.4954309], [114.4163066, 30.4957458], [114.416242299, 30.4960834], [114.416191399, 30.4962146], [114.4142099, 30.49643], [114.4135983, 30.4964208], [114.4126971, 30.49643]]]}, "properties": {"id": 1458, "name": "丽岛漫城", "type": "居住区", "area_sqm": 97008}}, {"type": "Feature", "geometry": {"type": "Polygon", "coordinates": [[[114.395356, 30.4893893], [114.398546099, 30.4904324], [114.3985689, 30.4904938], [114.3986868, 30.4911088], [114.3982522, 30.4912067], [114.395368499, 30.4914045], [114.395386999, 30.4910169], [114.395356, 30.4893893]]]}, "properties": {"id": 1496, "name": "曙光星城A区", "type": "居住区", "area_sqm": 47200}}, {"type": "Feature", "geometry": {"type": "Polygon", "coordinates": [[[114.395386999, 30.4910169], [114.3927251, 30.49121], [114.392687799, 30.4894233], [114.395356, 30.4893893], [114.395386999, 30.4910169]]]}, "properties": {"id": 1497, "name": "中南民族大学(东家属区)", "type": "居住区", "area_sqm": 48502}}, {"type": "Feature", "geometry": {"type": "Polygon", "coordinates": [[[114.402918699, 30.4875679], [114.4010968, 30.4877434], [114.4011168, 30.4903085], [114.399019, 30.4905607], [114.398417299, 30.4865809], [114.4028218, 30.4863225], [114.402918699, 30.4875679]]]}, "properties": {"id": 1498, "name": "金地格林东郡", "type": "居住区", "area_sqm": 124886}}, {"type": "Feature", "geometry": {"type": "Polygon", "coordinates": [[[114.4102883, 30.4976941], [114.407939799, 30.4978895], [114.407927999, 30.4977773], [114.4078529, 30.4968528], [114.4100523, 30.496668], [114.4102883, 30.4976941]]]}, "properties": {"id": 1505, "name": "紫菘逸景华庭", "type": "居住区", "area_sqm": 25319}}, {"type": "Feature", "geometry": {"type": "Polygon", "coordinates": [[[114.413701, 30.4971271], [114.4136522, 30.4985654], [114.4097105, 30.4990049], [114.4095704, 30.4978076], [114.410355399, 30.4977141], [114.410214699, 30.497005], [114.4109201, 30.4969056], [114.4109474, 30.4965707], [114.4137451, 30.4964999], [114.413701, 30.4971271]]]}, "properties": {"id": 1506, "name": "长航蓝晶国际", "type": "居住区", "area_sqm": 85829}}, {"type": "Feature", "geometry": {"type": "Polygon", "coordinates": [[[114.4022498, 30.5035394], [114.4042936, 30.5024362], [114.4043351, 30.5024341], [114.4043772, 30.5024414], [114.4044106, 30.5024564], [114.4044292, 30.5024727], [114.4044354, 30.5024932], [114.4044241, 30.5025318], [114.404296399, 30.5033707], [114.4042305, 30.5038767], [114.404221599, 30.50394], [114.404211199, 30.503971], [114.404193799, 30.504003], [114.4041716, 30.5040308], [114.404148699, 30.5040531], [114.404120399, 30.5040721], [114.404098899, 30.5040858], [114.4040771, 30.5040971], [114.402749399, 30.5046069], [114.402728799, 30.5045629], [114.402675899, 30.5044499], [114.4025357, 30.5041502], [114.402450699, 30.5039687], [114.402306399, 30.5036604], [114.402265999, 30.503574], [114.4022498, 30.5035394]]]}, "properties": {"id": 1562, "name": "德国风情街", "type": "零售区", "area_sqm": 27933}}, {"type": "Feature", "geometry": {"type": "Polygon", "coordinates": [[[114.4065325, 30.5029294], [114.4065407, 30.5032921], [114.4063551, 30.5033117], [114.405859499, 30.5033602], [114.405813299, 30.5033465], [114.4057691, 30.5033183], [114.4056647, 30.5032376], [114.4052933, 30.5032734], [114.4052918, 30.503257], [114.4049763, 30.5032832], [114.4044414, 30.5032216], [114.404460099, 30.5030824], [114.4045117, 30.5030378], [114.4046092, 30.5024073], [114.4045687, 30.5023836], [114.404626399, 30.5020448], [114.404638699, 30.5020062], [114.404662899, 30.5019719], [114.404683999, 30.5019467], [114.404714799, 30.5019261], [114.404742899, 30.5019133], [114.404794699, 30.5019033], [114.406386099, 30.501821], [114.406412, 30.5018514], [114.4064182, 30.5020779], [114.4062001, 30.5020975], [114.406226399, 30.5023684], [114.406243899, 30.5025409], [114.406293699, 30.5030507], [114.40633, 30.5030845], [114.406397899, 30.5030783], [114.4065325, 30.5029294]]]}, "properties": {"id": 1563, "name": "法国风情街", "type": "零售区", "area_sqm": 26593}}, {"type": "Feature", "geometry": {"type": "Polygon", "coordinates": [[[114.3991853, 30.4958303], [114.3968995, 30.4959627], [114.395946999, 30.4960193], [114.395477, 30.4960674], [114.3954724, 30.496041], [114.3953287, 30.4952043], [114.395137199, 30.4948869], [114.394970399, 30.4946098], [114.394881099, 30.4943935], [114.3945636, 30.4940828], [114.3940686, 30.4934218], [114.397402, 30.4929647], [114.397747599, 30.4943087], [114.398911899, 30.4941802], [114.3991853, 30.4958303]]]}, "properties": {"id": 2511, "name": "光谷青年城", "type": "居住区", "area_sqm": 106644}}, {"type": "Feature", "geometry": {"type": "Polygon", "coordinates": [[[114.3963674, 30.5088509], [114.396392299, 30.508906], [114.3954509, 30.508817], [114.3948875, 30.5087916], [114.394741399, 30.5087904], [114.3945925, 30.5087986], [114.3944799, 30.5088147], [114.394536199, 30.50872], [114.394571099, 30.5086599], [114.394591199, 30.508579], [114.3946033, 30.5085386], [114.3946113, 30.5084543], [114.394605999, 30.5083202], [114.3946806, 30.5083917], [114.394757399, 30.5084324], [114.3948259, 30.5084462], [114.394896899, 30.5084566], [114.396427199, 30.5086865], [114.3964022, 30.5087111], [114.3963674, 30.5087839], [114.3963674, 30.5088509]]]}, "properties": {"id": 2559, "name": " ", "type": "草地", "area_sqm": 5613}}, {"type": "Feature", "geometry": {"type": "Polygon", "coordinates": [[[114.4235247, 30.4865832], [114.4205797, 30.4869715], [114.4203892, 30.4852149], [114.421330699, 30.4851039], [114.4222131, 30.4850785], [114.4235596, 30.4849352], [114.4235247, 30.4865832]]]}, "properties": {"id": 2606, "name": "湖北能源东湖燃机热电有限公司", "type": "工业区", "area_sqm": 55700}}, {"type": "Feature", "geometry": {"type": "Polygon", "coordinates": [[[114.4004618, 30.4976888], [114.399903399, 30.4984881], [114.399687299, 30.4985035], [114.399632999, 30.4982089], [114.3996095, 30.4979234], [114.3995984, 30.4977887], [114.399643, 30.4977781], [114.4000364, 30.4977414], [114.4004618, 30.4976888]]]}, "properties": {"id": 2616, "name": "阳光·尚东", "type": "居住区", "area_sqm": 4273}}, {"type": "Feature", "geometry": {"type": "Polygon", "coordinates": [[[114.4004618, 30.4976888], [114.401405399, 30.497577], [114.401443, 30.4975786], [114.401474, 30.4975865], [114.401503299, 30.4975973], [114.4015243, 30.4976126], [114.4015438, 30.4976324], [114.4015601, 30.4976594], [114.4016371, 30.4988337], [114.401627599, 30.4988587], [114.401608099, 30.4988745], [114.4015801, 30.4988845], [114.401067699, 30.4989277], [114.401048, 30.4989132], [114.4010207, 30.4989007], [114.400992, 30.4988964], [114.400935799, 30.4989024], [114.400927699, 30.4987997], [114.400884399, 30.4988117], [114.4008878, 30.4989217], [114.400649499, 30.4989947], [114.4005978, 30.499003], [114.400536999, 30.499003], [114.400467399, 30.4989995], [114.4003933, 30.4989917], [114.4003347, 30.4989657], [114.400300599, 30.4990046], [114.4003357, 30.4990333], [114.400345699, 30.4990531], [114.400346699, 30.4990805], [114.400343, 30.4991099], [114.4003325, 30.4991294], [114.4003125, 30.4991511], [114.400289699, 30.4991697], [114.400258999, 30.4991826], [114.400223599, 30.4991881], [114.4001883, 30.4991839], [114.400157899, 30.4991719], [114.400056799, 30.4991136], [114.3999626, 30.4992112], [114.3998096, 30.4992068], [114.399724299, 30.4991451], [114.399687299, 30.4985035], [114.399903399, 30.4984881], [114.4004618, 30.4976888]]]}, "properties": {"id": 2617, "name": "万科锦程", "type": "居住区", "area_sqm": 23375}}, {"type": "Feature", "geometry": {"type": "Polygon", "coordinates": [[[114.411929099, 30.5028641], [114.4112827, 30.5028989], [114.411262499, 30.5024638], [114.411190299, 30.5018126], [114.411454999, 30.5014118], [114.4115944, 30.5008572], [114.4113869, 30.4993164], [114.4123872, 30.4991912], [114.4124481, 30.4998324], [114.4133056, 30.4997536], [114.413454299, 30.5010737], [114.4126539, 30.5011427], [114.412733899, 30.5020195], [114.4118992, 30.5020983], [114.411929099, 30.5028641]]]}, "properties": {"id": 2618, "name": "保利·茉莉公馆", "type": "居住区", "area_sqm": 51134}}, {"type": "Feature", "geometry": {"type": "Polygon", "coordinates": [[[114.402701499, 30.4994846], [114.4017329, 30.4995301], [114.4017386, 30.4991069], [114.4026781, 30.4990677], [114.402701499, 30.4994846]]]}, "properties": {"id": 2619, "name": "关山中学教师小区", "type": "居住区", "area_sqm": 4272}}, {"type": "Feature", "geometry": {"type": "Polygon", "coordinates": [[[114.417727899, 30.4881861], [114.416628, 30.4884622], [114.4165201, 30.4884675], [114.4164462, 30.488449], [114.4163815, 30.4884091], [114.4163384, 30.4883242], [114.4163199, 30.4878861], [114.416963799, 30.4877932], [114.417006899, 30.4880613], [114.417712499, 30.4879843], [114.417727899, 30.4881861]]]}, "properties": {"id": 5513, "name": " ", "type": "公园", "area_sqm": 6125}}, {"type": "Feature", "geometry": {"type": "Polygon", "coordinates": [[[114.4206078, 30.4909158], [114.4206146, 30.491007], [114.420577, 30.4910834], [114.420522399, 30.4911452], [114.420351699, 30.4912129], [114.4200667, 30.4912717], [114.419706599, 30.4913247], [114.4195939, 30.4906952], [114.419785099, 30.4905922], [114.4200172, 30.4905187], [114.4202971, 30.490454], [114.420423399, 30.4903363], [114.4206078, 30.4909158]]]}, "properties": {"id": 5695, "name": " ", "type": "公园", "area_sqm": 7208}}, {"type": "Feature", "geometry": {"type": "Polygon", "coordinates": [[[114.4143797, 30.504407], [114.4145819, 30.5055151], [114.4146388, 30.5059455], [114.4133497, 30.5061159], [114.4133201, 30.5059307], [114.412938499, 30.5035402], [114.414290799, 30.5033154], [114.4143797, 30.504407]]]}, "properties": {"id": 5720, "name": "琨御府", "type": "居住区", "area_sqm": 36759}}, {"type": "Feature", "geometry": {"type": "Polygon", "coordinates": [[[114.4146677, 30.5088271], [114.414635499, 30.5084944], [114.414225099, 30.5081639], [114.4134339, 30.5082124], [114.413293699, 30.5069848], [114.4138554, 30.5068936], [114.4146439, 30.5067942], [114.416003, 30.5066273], [114.4161138, 30.506815], [114.416382, 30.5069976], [114.416628199, 30.5070595], [114.4166583, 30.5073118], [114.4166073, 30.5075452], [114.416532199, 30.5077532], [114.416559, 30.5078849], [114.4166288, 30.5080074], [114.416709199, 30.5081206], [114.4167951, 30.5082223], [114.4168618, 30.5086815], [114.416754799, 30.5086914], [114.4167468, 30.5086244], [114.4146677, 30.5088271]]]}, "properties": {"id": 5741, "name": "剑桥春天二期", "type": "居住区", "area_sqm": 60680}}, {"type": "Feature", "geometry": {"type": "Polygon", "coordinates": [[[114.413224399, 30.5083844], [114.412635799, 30.508438], [114.4126879, 30.509008], [114.411227699, 30.5091241], [114.4112078, 30.5089011], [114.4115409, 30.508877], [114.411416599, 30.5080066], [114.4115594, 30.5075891], [114.411543299, 30.5074135], [114.411617599, 30.5073302], [114.413053999, 30.5072185], [114.413152599, 30.5079635], [114.412594699, 30.508019], [114.4126216, 30.5082547], [114.4132063, 30.5082038], [114.413224399, 30.5083844]]]}, "properties": {"id": 5742, "name": "剑桥春天一区", "type": "居住区", "area_sqm": 27072}}, {"type": "Feature", "geometry": {"type": "Polygon", "coordinates": [[[114.4152013, 30.5105867], [114.4136776, 30.5107166], [114.413591799, 30.5099698], [114.4134865, 30.5099787], [114.413457399, 30.509726], [114.413442899, 30.5095815], [114.4138231, 30.5095568], [114.4139385, 30.5095499], [114.413930499, 30.5094297], [114.4150837, 30.5093258], [114.4152013, 30.5105867]]]}, "properties": {"id": 5761, "name": "华城花园", "type": "居住区", "area_sqm": 20705}}, {"type": "Feature", "geometry": {"type": "Polygon", "coordinates": [[[114.4162101, 30.5103031], [114.4152926, 30.5103568], [114.415216899, 30.5093971], [114.416198, 30.5093238], [114.4162101, 30.5103031]]]}, "properties": {"id": 5762, "name": "东湖广场", "type": "居住区", "area_sqm": 9831}}, {"type": "Feature", "geometry": {"type": "Polygon", "coordinates": [[[114.407703, 30.5114958], [114.4057398, 30.5116653], [114.405838999, 30.5115016], [114.405824099, 30.5113522], [114.405753899, 30.5113594], [114.405728199, 30.5111294], [114.4057258, 30.5109725], [114.4054442, 30.5108037], [114.4047925, 30.5108476], [114.4047227, 30.510256], [114.4048555, 30.5102826], [114.4072693, 30.5100972], [114.4075738, 30.5102814], [114.407703, 30.5114958]], [[114.4062058, 30.5113745], [114.4063077, 30.5113766], [114.4063908, 30.5113443], [114.4064042, 30.511268], [114.4062986, 30.5102826], [114.405572199, 30.5103479], [114.4055084, 30.510383], [114.4054574, 30.5104454], [114.405436, 30.5105332], [114.4054682, 30.5107737], [114.405714899, 30.5109191], [114.4059564, 30.5110232], [114.4060153, 30.5110855], [114.406028799, 30.5111642], [114.406026, 30.5112496], [114.406087899, 30.5113352], [114.4062058, 30.5113745]], [[114.406526199, 30.5112564], [114.4066952, 30.5111363], [114.406869499, 30.5109953], [114.407102899, 30.5107411], [114.407229, 30.51048], [114.4071726, 30.5102974], [114.407043899, 30.5102258], [114.406420999, 30.5102741], [114.406526199, 30.5112564]]]}, "properties": {"id": 5803, "name": " ", "type": "森林", "area_sqm": 21693}}, {"type": "Feature", "geometry": {"type": "Polygon", "coordinates": [[[114.412203199, 30.5129306], [114.412119999, 30.5130161], [114.412095899, 30.5130554], [114.411951, 30.513067], [114.411938899, 30.5129187], [114.4115112, 30.5129543], [114.4114065, 30.5120387], [114.412026099, 30.5119832], [114.4121361, 30.5119838], [114.4122018, 30.5120005], [114.4123446, 30.5120444], [114.412408399, 30.5120993], [114.412423799, 30.5121484], [114.412463299, 30.512175], [114.412517, 30.5128359], [114.412310399, 30.5128659], [114.412203199, 30.5129306]], [[114.411665399, 30.5129225], [114.4117016, 30.512889], [114.411883999, 30.5128486], [114.4120301, 30.5128243], [114.4122343, 30.5126637], [114.4123835, 30.5124286], [114.4123707, 30.5122992], [114.412345299, 30.51219], [114.412237999, 30.5121392], [114.412024099, 30.5121651], [114.4115446, 30.5125517], [114.411547299, 30.512785], [114.4115568, 30.5128879], [114.4116159, 30.5129399], [114.411665399, 30.5129225]]]}, "properties": {"id": 5805, "name": " ", "type": "公园", "area_sqm": 5589}}, {"type": "Feature", "geometry": {"type": "Polygon", "coordinates": [[[114.4112648, 30.5124137], [114.4112855, 30.5125643], [114.4110365, 30.5125875], [114.4108943, 30.5126453], [114.4106502, 30.5127308], [114.410294799, 30.5129353], [114.410191599, 30.5130243], [114.4101781, 30.5130612], [114.4102103, 30.5131132], [114.4102411, 30.5131397], [114.4103136, 30.5131548], [114.410416799, 30.5131445], [114.4113522, 30.5130517], [114.4113619, 30.5131229], [114.4099374, 30.5132502], [114.409833499, 30.5125447], [114.4112648, 30.5124137]]]}, "properties": {"id": 5806, "name": " ", "type": "森林", "area_sqm": 6267}}, {"type": "Feature", "geometry": {"type": "Polygon", "coordinates": [[[114.409792899, 30.5132568], [114.407032699, 30.5135035], [114.406943399, 30.5127339], [114.4095387, 30.512502], [114.409405499, 30.5114708], [114.4095612, 30.5114509], [114.409792899, 30.5132568]]]}, "properties": {"id": 5807, "name": " ", "type": "森林", "area_sqm": 24554}}, {"type": "Feature", "geometry": {"type": "Polygon", "coordinates": [[[114.409380799, 30.5111987], [114.409343899, 30.5112033], [114.409298299, 30.5112276], [114.409260299, 30.5112617], [114.409254099, 30.5112981], [114.4092559, 30.5113577], [114.4082476, 30.5114456], [114.4081058, 30.5102414], [114.4083028, 30.5100196], [114.409213599, 30.5099376], [114.409380799, 30.5111987]]]}, "properties": {"id": 5808, "name": " ", "type": "森林", "area_sqm": 16871}}, {"type": "Feature", "geometry": {"type": "Polygon", "coordinates": [[[114.4200916, 30.5069513], [114.420181199, 30.5077893], [114.41928, 30.5078608], [114.419266699, 30.5077365], [114.4189068, 30.5077651], [114.418900499, 30.5077064], [114.418469399, 30.5077406], [114.4183994, 30.5070856], [114.4200916, 30.5069513]]]}, "properties": {"id": 5809, "name": "光谷一号", "type": "商业区", "area_sqm": 13902}}, {"type": "Feature", "geometry": {"type": "Polygon", "coordinates": [[[114.4200916, 30.5069513], [114.4183994, 30.5070856], [114.418346099, 30.5066068], [114.4182293, 30.5055576], [114.419919099, 30.5054127], [114.4200916, 30.5069513]]]}, "properties": {"id": 5810, "name": "未来之光", "type": "商业区", "area_sqm": 27867}}, {"type": "Feature", "geometry": {"type": "Polygon", "coordinates": [[[114.4107703, 30.5071691], [114.4107816, 30.5072656], [114.4103819, 30.5073003], [114.410339, 30.5072702], [114.410312199, 30.5071143], [114.410339, 30.5070669], [114.4103806, 30.5070461], [114.4127792, 30.5068368], [114.4128301, 30.5068294], [114.412872299, 30.5067994], [114.412915399, 30.5067437], [114.4129321, 30.5068863], [114.412746099, 30.5069025], [114.4127704, 30.5071104], [114.4113997, 30.5072292], [114.4113864, 30.5071156], [114.4107703, 30.5071691]]]}, "properties": {"id": 5954, "name": " ", "type": "草地", "area_sqm": 6346}}, {"type": "Feature", "geometry": {"type": "Polygon", "coordinates": [[[114.4102505, 30.507848], [114.410253199, 30.5079843], [114.410228999, 30.5080259], [114.410172699, 30.5080583], [114.4095504, 30.5081091], [114.409472599, 30.5080097], [114.4094324, 30.507878], [114.4102102, 30.5078225], [114.4102505, 30.507848]]]}, "properties": {"id": 5951, "name": " ", "type": "草地", "area_sqm": 1920}}, {"type": "Feature", "geometry": {"type": "Polygon", "coordinates": [[[114.4107708, 30.5079912], [114.410574999, 30.5080536], [114.4104986, 30.5080398], [114.4104409, 30.5080143], [114.410363099, 30.5079496], [114.410347, 30.5079173], [114.410325599, 30.507722], [114.410349699, 30.5076989], [114.410808399, 30.5076019], [114.410870099, 30.5076169], [114.411332799, 30.5078087], [114.411348799, 30.5078272], [114.4113234, 30.5079346], [114.4112737, 30.5079889], [114.4111839, 30.5079774], [114.4109425, 30.5079589], [114.4107708, 30.5079912]]]}, "properties": {"id": 5952, "name": " ", "type": "草地", "area_sqm": 3323}}, {"type": "Feature", "geometry": {"type": "Polygon", "coordinates": [[[114.411203599, 30.5065445], [114.411210699, 30.506607], [114.4103095, 30.5066833], [114.4102518, 30.5066498], [114.410224999, 30.5066139], [114.410218299, 30.5065585], [114.410312199, 30.5063413], [114.4103309, 30.5063274], [114.4120073, 30.5061887], [114.4120422, 30.5062026], [114.4120556, 30.5062326], [114.4120422, 30.5064198], [114.4120342, 30.5064753], [114.41201, 30.5065146], [114.4119514, 30.5065443], [114.4119443, 30.5064819], [114.411203599, 30.5065445]]]}, "properties": {"id": 5953, "name": " ", "type": "草地", "area_sqm": 6182}}, {"type": "Feature", "geometry": {"type": "Polygon", "coordinates": [[[114.4102612, 30.5070946], [114.4102827, 30.5071247], [114.410298799, 30.5073049], [114.4102585, 30.5073488], [114.409322399, 30.5074436], [114.4092312, 30.5073581], [114.409215099, 30.5072032], [114.4099313, 30.5071455], [114.409923299, 30.5070877], [114.4102102, 30.5070715], [114.4102612, 30.5070946]]]}, "properties": {"id": 5955, "name": " ", "type": "草地", "area_sqm": 2857}}, {"type": "Feature", "geometry": {"type": "Polygon", "coordinates": [[[114.4092554, 30.5067734], [114.4091588, 30.5067803], [114.4091213, 30.5067734], [114.409094499, 30.5063852], [114.4097033, 30.5063366], [114.4098213, 30.5063667], [114.4101539, 30.5063413], [114.4102129, 30.506369], [114.4102237, 30.5064268], [114.4101512, 30.5066186], [114.4101083, 30.5066509], [114.4100332, 30.5066625], [114.4099501, 30.5066394], [114.4092554, 30.5067734]]]}, "properties": {"id": 5956, "name": " ", "type": "草地", "area_sqm": 3991}}, {"type": "Feature", "geometry": {"type": "Polygon", "coordinates": [[[114.4086733, 30.5092068], [114.4086733, 30.5092761], [114.408094, 30.5093142], [114.408042999, 30.5092657], [114.4080028, 30.5092079], [114.4079867, 30.5091513], [114.407977299, 30.5090357], [114.4080752, 30.5090323], [114.4080886, 30.5091767], [114.408185199, 30.5091732], [114.4081557, 30.5088439], [114.4084185, 30.5088347], [114.4084266, 30.5089572], [114.408445399, 30.5090311], [114.408490999, 30.5090981], [114.408587499, 30.5091698], [114.4086733, 30.5092068]]]}, "properties": {"id": 5957, "name": " ", "type": "草地", "area_sqm": 2011}}, {"type": "Feature", "geometry": {"type": "Polygon", "coordinates": [[[114.4090274, 30.5070091], [114.409046199, 30.5070969], [114.409097099, 30.5071917], [114.409510199, 30.5083471], [114.4095129, 30.5084211], [114.4095068, 30.5084855], [114.409487099, 30.5085227], [114.408871799, 30.5085736], [114.4089362, 30.5091513], [114.4088155, 30.5091813], [114.4086868, 30.5091097], [114.4086197, 30.5089918], [114.408608999, 30.5089202], [114.4086412, 30.5088601], [114.408726999, 30.5087816], [114.408788699, 30.5087076], [114.4087991, 30.5086634], [114.4086842, 30.5073622], [114.4087833, 30.5073557], [114.408726999, 30.5067179], [114.4087592, 30.5066555], [114.4088182, 30.5066226], [114.4090167, 30.5066186], [114.4090274, 30.5070091]]]}, "properties": {"id": 5958, "name": " ", "type": "草地", "area_sqm": 11572}}, {"type": "Feature", "geometry": {"type": "Polygon", "coordinates": [[[114.4130132, 30.5071154], [114.4114307, 30.507261], [114.4114682, 30.5075244], [114.411328699, 30.508012], [114.411368899, 30.5084366], [114.409968899, 30.5085551], [114.4100383, 30.5091339], [114.408959999, 30.5092379], [114.408965699, 30.5092899], [114.4080833, 30.50935], [114.4080216, 30.5092807], [114.4079652, 30.5091952], [114.4079458, 30.5090941], [114.4075911, 30.5061402], [114.407605799, 30.5060836], [114.4076836, 30.5060466], [114.4126739, 30.5056318], [114.4127691, 30.5056549], [114.4128147, 30.5057196], [114.4129434, 30.5068913], [114.412997099, 30.5068889], [114.4130132, 30.5071154]]]}, "properties": {"id": 5959, "name": "泛悦城", "type": "居住区", "area_sqm": 142605}}, {"type": "Feature", "geometry": {"type": "Polygon", "coordinates": [[[114.4084625, 30.4966861], [114.406504499, 30.4968568], [114.4062621, 30.494607], [114.4081803, 30.4944202], [114.4084625, 30.4966861]]]}, "properties": {"id": 6423, "name": " ", "type": "零售区", "area_sqm": 47106}}, {"type": "Feature", "geometry": {"type": "Polygon", "coordinates": [[[114.407914299, 30.5100872], [114.4079277, 30.5100964], [114.407939799, 30.5101068], [114.407942399, 30.5101299], [114.4079208, 30.5102553], [114.4077268, 30.5102699], [114.407675599, 30.5101554], [114.407667499, 30.5101346], [114.4076742, 30.5101184], [114.4076876, 30.5101068], [114.4076996, 30.5100999], [114.4078997, 30.5100849], [114.407914299, 30.5100872]]]}, "properties": {"id": 6424, "name": " ", "type": "草地", "area_sqm": 437}}, {"type": "Feature", "geometry": {"type": "Polygon", "coordinates": [[[114.3965846, 30.5087246], [114.398004, 30.5089345], [114.398034499, 30.5089435], [114.3980603, 30.50896], [114.3980789, 30.5089827], [114.398088399, 30.5090092], [114.398088, 30.5090369], [114.3980777, 30.5090632], [114.3980584, 30.5090854], [114.3980321, 30.5091015], [114.3980014, 30.5091097], [114.397969199, 30.5091093], [114.396549799, 30.5088994], [114.3965193, 30.5088905], [114.396493499, 30.5088739], [114.396474899, 30.5088512], [114.3964653, 30.5088248], [114.396465699, 30.508797], [114.3964761, 30.5087707], [114.3964953, 30.5087485], [114.396521599, 30.5087325], [114.396552399, 30.5087243], [114.3965846, 30.5087246]]]}, "properties": {"id": 6425, "name": " ", "type": "草地", "area_sqm": 3020}}, {"type": "Feature", "geometry": {"type": "Polygon", "coordinates": [[[114.3990385, 30.5090605], [114.3989933, 30.5092876], [114.398653299, 30.5092374], [114.3986986, 30.5090102], [114.3990385, 30.5090605]]]}, "properties": {"id": 6426, "name": " ", "type": "草地", "area_sqm": 847}}, {"type": "Feature", "geometry": {"type": "Polygon", "coordinates": [[[114.405747099, 30.5062488], [114.4057028, 30.5066532], [114.405677299, 30.5067826], [114.4056304, 30.5068878], [114.405559299, 30.5069675], [114.4052348, 30.5073546], [114.405308499, 30.5077116], [114.4052978, 30.5078214], [114.405274999, 30.507908], [114.4052106, 30.5079878], [114.4048539, 30.5082304], [114.404772099, 30.5082755], [114.404645999, 30.5082974], [114.4045401, 30.5082986], [114.4041552, 30.5082605], [114.404293, 30.5072353], [114.4043892, 30.5064476], [114.4043932, 30.5064129], [114.404392499, 30.5063886], [114.4044127, 30.5063626], [114.4044388, 30.5063441], [114.405747099, 30.5062488]]]}, "properties": {"id": 6429, "name": "常青藤名苑", "type": "居住区", "area_sqm": 23555}}, {"type": "Feature", "geometry": {"type": "Polygon", "coordinates": [[[114.405747099, 30.5062488], [114.4062728, 30.5062049], [114.406366599, 30.5070184], [114.407058699, 30.5069606], [114.4071848, 30.5080154], [114.407289299, 30.5088902], [114.406683099, 30.5089526], [114.4067019, 30.509075], [114.406696599, 30.5091559], [114.4066429, 30.5092206], [114.406575899, 30.5092715], [114.406473899, 30.5093431], [114.4065115, 30.5096435], [114.405631699, 30.5097036], [114.405500299, 30.5097036], [114.404711699, 30.5097071], [114.404507899, 30.5096955], [114.4039329, 30.5096169], [114.4041552, 30.5082605], [114.4045401, 30.5082986], [114.404645999, 30.5082974], [114.404772099, 30.5082755], [114.4048539, 30.5082304], [114.4052106, 30.5079878], [114.405274999, 30.507908], [114.4052978, 30.5078214], [114.405308499, 30.5077116], [114.4052348, 30.5073546], [114.405559299, 30.5069675], [114.4056304, 30.5068878], [114.405677299, 30.5067826], [114.4057028, 30.5066532], [114.405747099, 30.5062488]]]}, "properties": {"id": 6430, "name": "洪山区关山街汽发社区", "type": "居住区", "area_sqm": 73741}}, {"type": "Feature", "geometry": {"type": "Polygon", "coordinates": [[[114.4031802, 30.5055001], [114.403290099, 30.5057473], [114.403349199, 30.5061795], [114.401530599, 30.5062881], [114.401405899, 30.505874], [114.4014019, 30.5058606], [114.4011953, 30.5054492], [114.4011953, 30.505373], [114.4012409, 30.5053268], [114.402791299, 30.5047536], [114.4031802, 30.5055001]]]}, "properties": {"id": 6431, "name": "米兰映象", "type": "居住区", "area_sqm": 24114}}, {"type": "Feature", "geometry": {"type": "Polygon", "coordinates": [[[114.4040284, 30.5042857], [114.4040539, 30.5042943], [114.404074, 30.5043042], [114.4040854, 30.5043122], [114.4041029, 30.504329], [114.4041136, 30.5043481], [114.404120999, 30.5043752], [114.404130799, 30.504749], [114.404153799, 30.505626], [114.403663, 30.5057751], [114.403369299, 30.505797], [114.4028369, 30.5047109], [114.403968099, 30.5042834], [114.4040036, 30.5042828], [114.4040284, 30.5042857]]]}, "properties": {"id": 6432, "name": "广厦华庭", "type": "居住区", "area_sqm": 14757}}, {"type": "Feature", "geometry": {"type": "Polygon", "coordinates": [[[114.4050604, 30.5056595], [114.404483699, 30.5056919], [114.40448, 30.5055926], [114.404456999, 30.5046382], [114.4044462, 30.5041921], [114.404459599, 30.5041551], [114.4044891, 30.504132], [114.4046903, 30.5041135], [114.4049397, 30.504437], [114.4050336, 30.504645], [114.4050604, 30.5056595]]]}, "properties": {"id": 6433, "name": "蓝巢逸品", "type": "居住区", "area_sqm": 8744}}, {"type": "Feature", "geometry": {"type": "Polygon", "coordinates": [[[114.4046903, 30.5041135], [114.4054466, 30.5040164], [114.4055647, 30.5049709], [114.4067851, 30.5048692], [114.406908399, 30.5059576], [114.4053524, 30.5060663], [114.405323299, 30.5058352], [114.405191399, 30.505745], [114.4050604, 30.5056595], [114.4050336, 30.504645], [114.4049397, 30.504437], [114.4046903, 30.5041135]]]}, "properties": {"id": 6434, "name": "洪山区关山街汽发社区", "type": "居住区", "area_sqm": 25477}}, {"type": "Feature", "geometry": {"type": "Polygon", "coordinates": [[[114.402155599, 30.50599], [114.402002699, 30.506027], [114.4018096, 30.5060223], [114.4016138, 30.5055371], [114.401729099, 30.5054585], [114.4019598, 30.5053799], [114.4020805, 30.5053036], [114.402201199, 30.5052528], [114.4024587, 30.5051904], [114.402627599, 30.5050864], [114.4027054, 30.5050772], [114.4027671, 30.5050633], [114.402861, 30.5050518], [114.402901199, 30.5051165], [114.4028825, 30.5051742], [114.402949499, 30.5052574], [114.4030568, 30.5055648], [114.4031426, 30.505648], [114.4031641, 30.5057751], [114.403206999, 30.505819], [114.4032043, 30.5058952], [114.403016599, 30.5059392], [114.40281, 30.5059576], [114.4026679, 30.5059669], [114.4025311, 30.5059877], [114.4023433, 30.5059831], [114.402155599, 30.50599]]]}, "properties": {"id": 6435, "name": " ", "type": "草地", "area_sqm": 10965}}, {"type": "Feature", "geometry": {"type": "Polygon", "coordinates": [[[114.402651799, 30.5079935], [114.4013831, 30.5078133], [114.4015226, 30.5070091], [114.4015281, 30.5069724], [114.401534599, 30.5069282], [114.401477, 30.5069051], [114.4014743, 30.5067618], [114.401503799, 30.5066763], [114.401589599, 30.5066001], [114.4016755, 30.5065585], [114.402949499, 30.5064846], [114.402651799, 30.5079935]]]}, "properties": {"id": 6436, "name": "湖北中医小区", "type": "居住区", "area_sqm": 19596}}, {"type": "Feature", "geometry": {"type": "Polygon", "coordinates": [[[114.421775199, 30.4906242], [114.421764299, 30.4905955], [114.4217282, 30.4906076], [114.4216178, 30.4903965], [114.4221345, 30.4896389], [114.4221741, 30.4896332], [114.422271, 30.489668], [114.4222017, 30.489774], [114.422172799, 30.4898225], [114.4222106, 30.4898413], [114.422177499, 30.489976], [114.4222599, 30.4904493], [114.4220585, 30.490524], [114.421997, 30.4901475], [114.421915699, 30.4901595], [114.4219914, 30.4905497], [114.421775199, 30.4906242]]]}, "properties": {"id": 7057, "name": " ", "type": "灌木丛", "area_sqm": 3352}}, {"type": "Feature", "geometry": {"type": "Polygon", "coordinates": [[[114.4209907, 30.4883101], [114.4216041, 30.4886843], [114.421610799, 30.4886989], [114.421609, 30.4887167], [114.4213863, 30.4888639], [114.421364999, 30.488871], [114.4213499, 30.4888689], [114.4208677, 30.4886984], [114.4208444, 30.4886859], [114.4208322, 30.4886641], [114.42083, 30.4886444], [114.420905399, 30.4883475], [114.4209224, 30.4883201], [114.4209431, 30.4883045], [114.4209652, 30.4883032], [114.4209907, 30.4883101]]]}, "properties": {"id": 7048, "name": " ", "type": "灌木丛", "area_sqm": 2544}}, {"type": "Feature", "geometry": {"type": "Polygon", "coordinates": [[[114.4212397, 30.4882394], [114.421245099, 30.4883527], [114.421257899, 30.4883711], [114.4212464, 30.4883813], [114.421017699, 30.4882354], [114.4210062, 30.4882196], [114.4210063, 30.488204], [114.4210138, 30.4881917], [114.421165499, 30.4881561], [114.4212397, 30.4882394]]]}, "properties": {"id": 7049, "name": " ", "type": "灌木丛", "area_sqm": 305}}, {"type": "Feature", "geometry": {"type": "Polygon", "coordinates": [[[114.422225599, 30.4889133], [114.4216804, 30.4889822], [114.4214976, 30.4889178], [114.421490799, 30.4888909], [114.421496399, 30.4888748], [114.4217703, 30.4887373], [114.4217912, 30.4887317], [114.4218118, 30.488733], [114.4218303, 30.4887413], [114.422060399, 30.4888911], [114.422171199, 30.4888789], [114.4221972, 30.4888808], [114.4222183, 30.4888903], [114.422225599, 30.4889133]]]}, "properties": {"id": 7050, "name": " ", "type": "灌木丛", "area_sqm": 988}}, {"type": "Feature", "geometry": {"type": "Polygon", "coordinates": [[[114.422208699, 30.4890099], [114.422241999, 30.4890277], [114.422250799, 30.4890756], [114.422236399, 30.4890974], [114.4222106, 30.4891191], [114.4218384, 30.4891673], [114.4218168, 30.4891619], [114.421803399, 30.4891477], [114.4217902, 30.4891311], [114.4217923, 30.4890868], [114.421804, 30.489067], [114.4218184, 30.4890542], [114.421841799, 30.4890455], [114.4221755, 30.489006], [114.422208699, 30.4890099]]]}, "properties": {"id": 7051, "name": " ", "type": "灌木丛", "area_sqm": 551}}, {"type": "Feature", "geometry": {"type": "Polygon", "coordinates": [[[114.4222753, 30.4892037], [114.4222838, 30.489219], [114.422284, 30.4892335], [114.422040499, 30.4895], [114.421592999, 30.4894165], [114.4215772, 30.489401], [114.421578099, 30.4893801], [114.421719599, 30.4892869], [114.421746, 30.4892663], [114.421773499, 30.4892595], [114.4222491, 30.4891984], [114.4222753, 30.4892037]]]}, "properties": {"id": 7052, "name": " ", "type": "灌木丛", "area_sqm": 1308}}, {"type": "Feature", "geometry": {"type": "Polygon", "coordinates": [[[114.421373899, 30.4902404], [114.4212161, 30.4902439], [114.421173099, 30.4901597], [114.421151, 30.4901665], [114.4211103, 30.4900691], [114.421089599, 30.4900751], [114.420987499, 30.4898314], [114.420986399, 30.489807], [114.420997699, 30.4897902], [114.421474, 30.489458], [114.421496399, 30.4894597], [114.4219411, 30.4895732], [114.4219559, 30.489586], [114.4219524, 30.4896006], [114.421373899, 30.4902404]]]}, "properties": {"id": 7053, "name": " ", "type": "灌木丛", "area_sqm": 4464}}, {"type": "Feature", "geometry": {"type": "Polygon", "coordinates": [[[114.4213955, 30.4903274], [114.421379499, 30.4903552], [114.4213526, 30.4903813], [114.4213299, 30.4904031], [114.421266999, 30.4904204], [114.4212436, 30.4904059], [114.4212069, 30.4903726], [114.4212001, 30.490357], [114.4212104, 30.4903396], [114.4213126, 30.490295], [114.4213955, 30.4903274]]]}, "properties": {"id": 7054, "name": " ", "type": "灌木丛", "area_sqm": 158}}, {"type": "Feature", "geometry": {"type": "Polygon", "coordinates": [[[114.4213278, 30.4904655], [114.421349799, 30.4904955], [114.4213504, 30.49051], [114.4212911, 30.4905791], [114.421213299, 30.4905758], [114.4212114, 30.4905156], [114.4212217, 30.4905055], [114.4213103, 30.4904636], [114.4213278, 30.4904655]]]}, "properties": {"id": 7055, "name": " ", "type": "灌木丛", "area_sqm": 118}}, {"type": "Feature", "geometry": {"type": "Polygon", "coordinates": [[[114.4216138, 30.4906023], [114.421591499, 30.4906375], [114.421466699, 30.4906435], [114.421457499, 30.4905777], [114.4215152, 30.4905233], [114.421534899, 30.490522], [114.4216138, 30.4906023]]]}, "properties": {"id": 7056, "name": " ", "type": "灌木丛", "area_sqm": 138}}, {"type": "Feature", "geometry": {"type": "Polygon", "coordinates": [[[114.4233159, 30.4893353], [114.4229376, 30.4893742], [114.422995299, 30.4892725], [114.4230702, 30.4892623], [114.4230516, 30.489155], [114.423161699, 30.4891468], [114.4236638, 30.4891547], [114.423691799, 30.4891619], [114.423728, 30.4891839], [114.4237319, 30.4892158], [114.4237283, 30.4892365], [114.4236172, 30.4893358], [114.423576199, 30.4893183], [114.423528099, 30.4893089], [114.4234837, 30.4893075], [114.4233159, 30.4893353]]]}, "properties": {"id": 7058, "name": " ", "type": "灌木丛", "area_sqm": 1324}}, {"type": "Feature", "geometry": {"type": "Polygon", "coordinates": [[[114.4235826, 30.4883754], [114.4231128, 30.4882354], [114.423162599, 30.4881793], [114.4233312, 30.4881586], [114.423316699, 30.488055], [114.4235212, 30.4880287], [114.4235826, 30.4883754]]]}, "properties": {"id": 7059, "name": " ", "type": "灌木丛", "area_sqm": 908}}, {"type": "Feature", "geometry": {"type": "Polygon", "coordinates": [[[114.4224358, 30.4888488], [114.4224049, 30.4888492], [114.422379099, 30.4888392], [114.4222999, 30.4887932], [114.4222784, 30.4887883], [114.422204, 30.488795], [114.4221768, 30.4885967], [114.4221596, 30.4885871], [114.4219078, 30.4886114], [114.421904999, 30.4885949], [114.421640699, 30.4886119], [114.4213406, 30.4884242], [114.421325099, 30.4882143], [114.4212145, 30.4880877], [114.421274699, 30.4880814], [114.422026499, 30.4885572], [114.422053, 30.4885718], [114.422089699, 30.488579], [114.4221278, 30.4885767], [114.4224958, 30.4885281], [114.422499599, 30.4885428], [114.4228626, 30.488499], [114.422893199, 30.4884888], [114.4229192, 30.4884707], [114.423082599, 30.4882797], [114.4235945, 30.4884279], [114.423611099, 30.4884976], [114.423605999, 30.4885098], [114.423593699, 30.4885215], [114.422966099, 30.4887065], [114.4229516, 30.4887242], [114.4229346, 30.4887696], [114.422924099, 30.4887849], [114.4224358, 30.4888488]]]}, "properties": {"id": 7060, "name": " ", "type": "灌木丛", "area_sqm": 5921}}, {"type": "Feature", "geometry": {"type": "Polygon", "coordinates": [[[114.421896299, 30.4883449], [114.421857799, 30.4883459], [114.4218314, 30.4883369], [114.421392299, 30.4880551], [114.4213773, 30.488037], [114.421374399, 30.4880198], [114.4213751, 30.4880019], [114.4213809, 30.4879932], [114.4213911, 30.4879881], [114.421672399, 30.48795], [114.4216988, 30.4879516], [114.4217252, 30.4879631], [114.421757099, 30.4879845], [114.421788899, 30.4880173], [114.4218145, 30.4880508], [114.4218298, 30.4880893], [114.4218656, 30.4883218], [114.422056, 30.4882978], [114.4220208, 30.4880666], [114.422000399, 30.4880222], [114.4219677, 30.4879899], [114.421871999, 30.4879264], [114.4218678, 30.4879082], [114.4218826, 30.4878855], [114.4226779, 30.4877851], [114.422697, 30.4877879], [114.422698699, 30.4878027], [114.4226826, 30.487817], [114.4226543, 30.4878297], [114.4226159, 30.487836], [114.4222675, 30.4878773], [114.4222829, 30.4879614], [114.422606399, 30.4879213], [114.4227005, 30.4878972], [114.4227181, 30.4878859], [114.422730699, 30.4878733], [114.422808699, 30.4877798], [114.4228263, 30.4877717], [114.422848699, 30.4877639], [114.423296, 30.4877098], [114.4233219, 30.4877104], [114.4233504, 30.4877237], [114.423366999, 30.4877436], [114.423365899, 30.4877761], [114.423348999, 30.4878082], [114.4230341, 30.4881734], [114.423009199, 30.4881935], [114.422978399, 30.4882055], [114.422943599, 30.4882138], [114.421896299, 30.4883449]]]}, "properties": {"id": 7061, "name": " ", "type": "灌木丛", "area_sqm": 6658}}, {"type": "Feature", "geometry": {"type": "Polygon", "coordinates": [[[114.4236467, 30.4876624], [114.4237283, 30.4877326], [114.4235052, 30.4879942], [114.4233014, 30.4880208], [114.423295599, 30.4879996], [114.423609099, 30.4876395], [114.4236467, 30.4876624]]]}, "properties": {"id": 7062, "name": " ", "type": "灌木丛", "area_sqm": 698}}, {"type": "Feature", "geometry": {"type": "Polygon", "coordinates": [[[114.4237853, 30.4877894], [114.423826799, 30.4879191], [114.423833799, 30.4879545], [114.423602499, 30.4879796], [114.4235961, 30.4879494], [114.4237514, 30.4877607], [114.4237853, 30.4877894]]]}, "properties": {"id": 7063, "name": " ", "type": "灌木丛", "area_sqm": 307}}, {"type": "Feature", "geometry": {"type": "Polygon", "coordinates": [[[114.4239013, 30.488334], [114.423826, 30.4883434], [114.4238074, 30.4882238], [114.423716799, 30.4882343], [114.423704499, 30.4881571], [114.4236007, 30.4881699], [114.4235764, 30.4880247], [114.4238439, 30.4879915], [114.4239013, 30.488334]]]}, "properties": {"id": 7064, "name": " ", "type": "灌木丛", "area_sqm": 658}}, {"type": "Feature", "geometry": {"type": "Polygon", "coordinates": [[[114.4234631, 30.4894576], [114.423504999, 30.4894748], [114.4235462, 30.4894989], [114.4235764, 30.4895269], [114.423615799, 30.4896129], [114.4236207, 30.4896504], [114.4236157, 30.4896784], [114.4235941, 30.4897282], [114.4235606, 30.4897652], [114.423507999, 30.4897938], [114.422472399, 30.4901783], [114.42243, 30.4901803], [114.422384699, 30.4901737], [114.4223454, 30.490153], [114.4223234, 30.4901258], [114.422312299, 30.490093], [114.4222884, 30.4899494], [114.422289799, 30.4899188], [114.4222936, 30.4899005], [114.4223033, 30.4898797], [114.4224708, 30.4896317], [114.422501699, 30.4896021], [114.422526899, 30.4895831], [114.4225573, 30.4895689], [114.4225877, 30.4895624], [114.4234199, 30.4894561], [114.4234631, 30.4894576]]]}, "properties": {"id": 7065, "name": " ", "type": "灌木丛", "area_sqm": 6217}}, {"type": "Feature", "geometry": {"type": "Polygon", "coordinates": [[[114.404146599, 30.4938971], [114.4040875, 30.4939015], [114.4041305, 30.4943458], [114.404090183, 30.494344605], [114.4039787, 30.4943413], [114.4039838, 30.4942765], [114.403928599, 30.4939243], [114.403986099, 30.493914], [114.403980399, 30.4938716], [114.4039857, 30.4938465], [114.4039919, 30.4938176], [114.403985999, 30.4937701], [114.40398, 30.4937214], [114.403946499, 30.4937028], [114.403933599, 30.4935668], [114.4038872, 30.4935712], [114.4038642, 30.49339], [114.403975462, 30.493382643], [114.4040366, 30.4933786], [114.4040549, 30.4935459], [114.4041074, 30.4935442], [114.404146599, 30.4938971]]]}, "properties": {"id": 7129, "name": "保利时代后巷商业街", "type": "居住区", "area_sqm": 1624}}, {"type": "Feature", "geometry": {"type": "Polygon", "coordinates": [[[114.403962, 30.4924209], [114.403919399, 30.4924278], [114.404023399, 30.4933133], [114.403968559, 30.493317481], [114.4038673, 30.4933252], [114.4037609, 30.4923942], [114.4031633, 30.4924497], [114.403085399, 30.4924569], [114.403072924, 30.492335416], [114.403063299, 30.4922417], [114.403877299, 30.4921433], [114.403945999, 30.4921865], [114.403962, 30.4924209]]]}, "properties": {"id": 7130, "name": "保利时代后巷商业街", "type": "居住区", "area_sqm": 3699}}, {"type": "Feature", "geometry": {"type": "Polygon", "coordinates": [[[114.411719299, 30.4889018], [114.410397, 30.4890451], [114.4091256, 30.4892138], [114.409163199, 30.4887931], [114.4087593, 30.4887228], [114.4079628, 30.4889529], [114.4080279, 30.4880823], [114.408517699, 30.4880193], [114.4090747, 30.487944], [114.4091174, 30.4874815], [114.409253599, 30.4874692], [114.409361299, 30.4875796], [114.409674399, 30.4875481], [114.4099163, 30.4876602], [114.410137799, 30.4876427], [114.410143899, 30.4874622], [114.411515999, 30.4873221], [114.4119571, 30.4874027], [114.4123779, 30.4873641], [114.4135459, 30.487159], [114.414143999, 30.486988], [114.4146, 30.4863477], [114.4147127, 30.486068], [114.4155066, 30.4858646], [114.4155066, 30.4861097], [114.414994299, 30.4862483], [114.414897699, 30.4865072], [114.4148709, 30.486736], [114.414742199, 30.4871798], [114.4150721, 30.4873809], [114.4145517, 30.4877554], [114.4143264, 30.4879564], [114.4141253, 30.4883586], [114.414136, 30.4885297], [114.413964299, 30.4887585], [114.4135674, 30.4888163], [114.4127573, 30.488814], [114.411719299, 30.4889018]]]}, "properties": {"id": 7248, "name": " ", "type": "森林", "area_sqm": 106447}}, {"type": "Feature", "geometry": {"type": "Polygon", "coordinates": [[[114.423396, 30.5124854], [114.4232455, 30.5130511], [114.4227184, 30.5131125], [114.4215009, 30.5134515], [114.4211498, 30.5127588], [114.420812899, 30.5120002], [114.422616518, 30.511883887], [114.4228939, 30.511866], [114.423396, 30.5124854]]]}, "properties": {"id": 8165, "name": "联投喻园", "type": "居住区", "area_sqm": 29961}}, {"type": "Feature", "geometry": {"type": "Polygon", "coordinates": [[[114.4048967, 30.5033101], [114.4048216, 30.5039132], [114.404427899, 30.5038768], [114.404503199, 30.5032737], [114.4048967, 30.5033101]]]}, "properties": {"id": 8790, "name": "龙虾殿", "type": "商业区", "area_sqm": 2557}}, {"type": "Feature", "geometry": {"type": "Polygon", "coordinates": [[[114.4087068, 30.4962653], [114.4086805, 30.4962774], [114.408583, 30.4963238], [114.4085426, 30.4963357], [114.408493499, 30.4960702], [114.4084636, 30.4960729], [114.4084497, 30.4960042], [114.408473499, 30.495952], [114.408457199, 30.495882], [114.4084399, 30.4955745], [114.408419, 30.4955665], [114.408408999, 30.4953708], [114.4085913, 30.4952396], [114.4084045, 30.4950593], [114.408352499, 30.494543], [114.408518799, 30.4945302], [114.4085313, 30.4946561], [114.408541299, 30.4947016], [114.408542299, 30.4947404], [114.4085554, 30.4948294], [114.4085702, 30.4949107], [114.4085712, 30.4949682], [114.4085827, 30.4950212], [114.4086145, 30.4950596], [114.4086538, 30.4950886], [114.4086939, 30.4951094], [114.408753199, 30.49513], [114.4088228, 30.4957716], [114.4087135, 30.4960411], [114.408694199, 30.4960511], [114.4087068, 30.4962653]]]}, "properties": {"id": 8810, "name": "K11 艺术村", "type": "商业区", "area_sqm": 4802}}, {"type": "Feature", "geometry": {"type": "Polygon", "coordinates": [[[114.3991508, 30.5062773], [114.3992261, 30.5061977], [114.400672999, 30.5056299], [114.401183, 30.5064504], [114.401191899, 30.5070424], [114.400911699, 30.5074955], [114.400609499, 30.5080305], [114.4000294, 30.5078592], [114.4001377, 30.5073613], [114.3993802, 30.5072238], [114.3993197, 30.5071693], [114.399392, 30.5067188], [114.399351099, 30.5066045], [114.3991508, 30.5062773]]]}, "properties": {"id": 8834, "name": "瑜越东方", "type": "居住区", "area_sqm": 32167}}, {"type": "Feature", "geometry": {"type": "Polygon", "coordinates": [[[114.422869, 30.4893812], [114.4225421, 30.4894261], [114.4224876, 30.4894402], [114.4224434, 30.4894607], [114.422407799, 30.4894876], [114.422346199, 30.4895572], [114.422231799, 30.4895341], [114.4222073, 30.4895166], [114.422386699, 30.4892442], [114.4223969, 30.4892337], [114.4224102, 30.4892275], [114.422546799, 30.4892187], [114.4226477, 30.4892504], [114.4226548, 30.4893084], [114.422677299, 30.4893171], [114.422900499, 30.4892952], [114.422869, 30.4893812]]]}, "properties": {"id": 8872, "name": " ", "type": "灌木丛", "area_sqm": 1121}}, {"type": "Feature", "geometry": {"type": "Polygon", "coordinates": [[[114.4241188, 30.4896017], [114.424087399, 30.4897511], [114.423960699, 30.4899023], [114.4238988, 30.4894794], [114.4238167, 30.4894917], [114.423876499, 30.4898009], [114.423875499, 30.4898184], [114.4238633, 30.489828], [114.4238501, 30.4898289], [114.423839099, 30.4898191], [114.4237514, 30.4896219], [114.423801499, 30.4896045], [114.423724499, 30.4894303], [114.4237052, 30.4894061], [114.423685099, 30.4893807], [114.4237417, 30.4893152], [114.423753799, 30.4893056], [114.4238887, 30.4893073], [114.4238907, 30.489344], [114.4240691, 30.4893187], [114.4241188, 30.4896017]]]}, "properties": {"id": 8873, "name": " ", "type": "灌木丛", "area_sqm": 1509}}, {"type": "Feature", "geometry": {"type": "Polygon", "coordinates": [[[114.3957167, 30.5128557], [114.395633, 30.5132402], [114.3956265, 30.5136155], [114.395594399, 30.5136543], [114.3955278, 30.5136506], [114.394787599, 30.51356], [114.394811199, 30.5128076], [114.3948476, 30.5127707], [114.3957167, 30.5128557]]]}, "properties": {"id": 8926, "name": "紫菘教师公寓", "type": "居住区", "area_sqm": 7288}}, {"type": "Feature", "geometry": {"type": "Polygon", "coordinates": [[[114.3970875, 30.5091616], [114.39693, 30.5099845], [114.395941799, 30.5098441], [114.395961299, 30.5097419], [114.3954813, 30.5096678], [114.395623, 30.5089665], [114.3970875, 30.5091616]]]}, "properties": {"id": 8933, "name": "五公司小区东区", "type": "居住区", "area_sqm": 12544}}, {"type": "Feature", "geometry": {"type": "Polygon", "coordinates": [[[114.396862299, 30.5100292], [114.3965877, 30.5112205], [114.3950348, 30.511029], [114.395159699, 30.5104473], [114.395919799, 30.5098728], [114.396862299, 30.5100292]]]}, "properties": {"id": 8935, "name": " ", "type": "居住区", "area_sqm": 18642}}, {"type": "Feature", "geometry": {"type": "Polygon", "coordinates": [[[114.4014252, 30.5124941], [114.4014091, 30.5125781], [114.4012836, 30.5125603], [114.401288299, 30.5125358], [114.401231899, 30.5125278], [114.4012433, 30.5124682], [114.4014252, 30.5124941]]]}, "properties": {"id": 8936, "name": " ", "type": "草地", "area_sqm": 152}}, {"type": "Feature", "geometry": {"type": "Polygon", "coordinates": [[[114.401712799, 30.5126188], [114.4015873, 30.5126009], [114.401603399, 30.5125169], [114.4017853, 30.5125428], [114.401773799, 30.5126024], [114.4017175, 30.5125944], [114.401712799, 30.5126188]]]}, "properties": {"id": 8937, "name": " ", "type": "草地", "area_sqm": 152}}, {"type": "Feature", "geometry": {"type": "Polygon", "coordinates": [[[114.4026982, 30.5122951], [114.4024812, 30.5133511], [114.4017459, 30.513239], [114.401963099, 30.512183], [114.4026982, 30.5122951]]]}, "properties": {"id": 8938, "name": " ", "type": "森林", "area_sqm": 8527}}, {"type": "Feature", "geometry": {"type": "Polygon", "coordinates": [[[114.402749399, 30.5046069], [114.4010211, 30.5052692], [114.400954299, 30.5052671], [114.4009207, 30.5052577], [114.400896399, 30.5052476], [114.400519, 30.5045134], [114.400503, 30.5044823], [114.400549, 30.5044575], [114.4022498, 30.5035394], [114.402265999, 30.503574], [114.402306399, 30.5036604], [114.402450699, 30.5039687], [114.4025357, 30.5041502], [114.402675899, 30.5044499], [114.402728799, 30.5045629], [114.402749399, 30.5046069]]]}, "properties": {"id": 10114, "name": "意大利风情街", "type": "零售区", "area_sqm": 21976}}, {"type": "Feature", "geometry": {"type": "Polygon", "coordinates": [[[114.4065325, 30.5029294], [114.406397899, 30.5030783], [114.40633, 30.5030845], [114.406293699, 30.5030507], [114.406243899, 30.5025409], [114.406276299, 30.5024934], [114.4064007, 30.5024788], [114.406404099, 30.5025119], [114.4064719, 30.5025051], [114.4065104, 30.5028539], [114.4065325, 30.5029294]]]}, "properties": {"id": 10115, "name": " ", "type": "草地", "area_sqm": 1360}}, {"type": "Feature", "geometry": {"type": "Polygon", "coordinates": [[[114.4064182, 30.5020779], [114.4064493, 30.5023609], [114.406397299, 30.5023658], [114.4063995, 30.5023901], [114.406271699, 30.5024028], [114.406226399, 30.5023684], [114.4062001, 30.5020975], [114.4064182, 30.5020779]]]}, "properties": {"id": 10116, "name": " ", "type": "草地", "area_sqm": 707}}, {"type": "Feature", "geometry": {"type": "Polygon", "coordinates": [[[114.4005975, 30.4969659], [114.400005999, 30.4970036], [114.399846299, 30.4968036], [114.399610399, 30.4967791], [114.3995844, 30.4963483], [114.399563, 30.4960367], [114.399553399, 30.4959122], [114.4004644, 30.49584], [114.4005975, 30.4969659]]]}, "properties": {"id": 10142, "name": "光谷汇景", "type": "居住区", "area_sqm": 10557}}, {"type": "Feature", "geometry": {"type": "Polygon", "coordinates": [[[114.401018999, 30.4995649], [114.4005978, 30.499572], [114.400590999, 30.49942], [114.4011543, 30.4994], [114.401018999, 30.4995649]]]}, "properties": {"id": 10155, "name": " ", "type": "草地", "area_sqm": 821}}, {"type": "Feature", "geometry": {"type": "Polygon", "coordinates": [[[114.3958512, 30.487862299], [114.3959769, 30.4879697], [114.3960385, 30.4880775], [114.3960427, 30.4890095], [114.395999699, 30.489087199], [114.3959097, 30.4891643], [114.3958072, 30.489214499], [114.3956326, 30.4892502], [114.3954848, 30.489231399], [114.395334199, 30.489155499], [114.3952488, 30.4890835], [114.395184399, 30.4888986], [114.3951904, 30.4880644], [114.395297199, 30.487938199], [114.3954654, 30.4878368], [114.3956382, 30.4878098], [114.3958512, 30.487862299]]]}, "properties": {"id": 10541, "name": " ", "type": "跑道", "area_sqm": 11655}}, {"type": "Feature", "geometry": {"type": "Polygon", "coordinates": [[[114.414461433, 30.51067109], [114.414466904, 30.51071955], [114.414701799, 30.5127999], [114.414010999, 30.5128578], [114.4126443, 30.5129723], [114.4124527, 30.5112752], [114.4132903, 30.511205], [114.4132658, 30.5109879], [114.4135706, 30.5109623], [114.4136453, 30.5109434], [114.413683699, 30.510908699], [114.413713899, 30.5108596], [114.4136998, 30.5107346], [114.4144614, 30.5106708], [114.414461433, 30.51067109]]]}, "properties": {"id": 10542, "name": "中心操场", "type": "体育中心", "area_sqm": 42185}}, {"type": "Feature", "geometry": {"type": "Polygon", "coordinates": [[[114.4223389, 30.5107391], [114.4223456, 30.511055499], [114.422218499, 30.511173999], [114.4220863, 30.5111758], [114.421952699, 30.5110718], [114.421952699, 30.5107483], [114.4220493, 30.5106374], [114.422229199, 30.5106293], [114.4223389, 30.5107391]]]}, "properties": {"id": 10548, "name": " ", "type": "跑道", "area_sqm": 1972}}, {"type": "Feature", "geometry": {"type": "Polygon", "coordinates": [[[114.406773999, 30.5135365], [114.4050961, 30.5136865], [114.4049981, 30.5129292], [114.4063647, 30.5128287], [114.4066849, 30.5127784], [114.406773999, 30.5135365]]]}, "properties": {"id": 10559, "name": " ", "type": "公园", "area_sqm": 13529}}, {"type": "Feature", "geometry": {"type": "Polygon", "coordinates": [[[114.419297099, 30.5084575], [114.4191074, 30.508461899], [114.419086, 30.5083666], [114.4190283, 30.5083406], [114.4189888, 30.5083209], [114.418922999, 30.5082724], [114.418883499, 30.5082683], [114.418848599, 30.5082735], [114.418828499, 30.5082915], [114.418784899, 30.5083047], [114.418701799, 30.508302399], [114.418626799, 30.5082804], [114.4185795, 30.5082483], [114.4185219, 30.5082494], [114.4184818, 30.5080251], [114.418538, 30.5079721], [114.4186748, 30.5079143], [114.4188062, 30.5078889], [114.418972699, 30.5079304], [114.4191792, 30.5080806], [114.4192568, 30.5082425], [114.419297099, 30.5084575]]]}, "properties": {"id": 10618, "name": " ", "type": "公园", "area_sqm": 2932}}, {"type": "Feature", "geometry": {"type": "Polygon", "coordinates": [[[114.402396199, 30.5135464], [114.4023677, 30.5137073], [114.401808199, 30.513632999], [114.4018367, 30.513472], [114.402396199, 30.5135464]]]}, "properties": {"id": 10657, "name": "化学楼", "type": "公共建筑", "area_sqm": 982}}, {"type": "Feature", "geometry": {"type": "Polygon", "coordinates": [[[114.4106112, 30.5142342], [114.4100842, 30.5142795], [114.409980699, 30.5133865], [114.410507699, 30.5133412], [114.4106112, 30.5142342]]]}, "properties": {"id": 10658, "name": " ", "type": "公园", "area_sqm": 5061}}, {"type": "Feature", "geometry": {"type": "Polygon", "coordinates": [[[114.411956899, 30.5125127], [114.4119755, 30.5125238], [114.411988599, 30.5125398], [114.411993299, 30.5125514], [114.411994399, 30.5125709], [114.411987599, 30.5125896], [114.4119739, 30.5126051], [114.411954799, 30.5126156], [114.4119351, 30.5126198], [114.4119126, 30.512617999], [114.4118921, 30.5126097], [114.4118761, 30.512595899], [114.411866599, 30.5125782], [114.411865999, 30.5125516], [114.411874699, 30.5125335], [114.41189, 30.5125192], [114.4119124, 30.5125096], [114.411935, 30.5125078], [114.411956899, 30.5125127]]]}, "properties": {"id": 10659, "name": "醉晚亭", "type": "避难所", "area_sqm": 120}}, {"type": "Feature", "geometry": {"type": "Polygon", "coordinates": [[[114.410539999, 30.5130139], [114.410465699, 30.5130154], [114.410464099, 30.512956199], [114.4105384, 30.5129547], [114.410539999, 30.5130139]]]}, "properties": {"id": 10660, "name": " ", "type": "避难所", "area_sqm": 47}}, {"type": "Feature", "geometry": {"type": "Polygon", "coordinates": [[[114.4015, 30.5136919], [114.401408399, 30.513679], [114.4014385, 30.5135189], [114.4012722, 30.513495499], [114.401267799, 30.5135189], [114.4011938, 30.5135085], [114.4011982, 30.513485], [114.4010316, 30.513461599], [114.4010043, 30.513607], [114.400705, 30.5135649], [114.4007345, 30.513408], [114.4009518, 30.513438599], [114.4009663, 30.5133614], [114.401553699, 30.5134441], [114.401535599, 30.5135403], [114.4017598, 30.5135719], [114.4017413, 30.5136703], [114.4015102, 30.513637699], [114.4015, 30.5136919]]]}, "properties": {"id": 10661, "name": "西一楼", "type": "公共建筑", "area_sqm": 1501}}, {"type": "Feature", "geometry": {"type": "Polygon", "coordinates": [[[114.414397499, 30.5132361], [114.4140734, 30.513264599], [114.414055, 30.513108], [114.4143791, 30.5130795], [114.414397499, 30.5132361]]]}, "properties": {"id": 10663, "name": "东区学生服务中心", "type": "超市", "area_sqm": 546}}, {"type": "Feature", "geometry": {"type": "Polygon", "coordinates": [[[114.4119192, 30.5130498], [114.4116189, 30.5130826], [114.4116088, 30.512997199], [114.4117012, 30.5129866], [114.4116966, 30.5129478], [114.411904499, 30.512925899], [114.4119192, 30.5130498]]]}, "properties": {"id": 10665, "name": " ", "type": "公园", "area_sqm": 364}}, {"type": "Feature", "geometry": {"type": "Polygon", "coordinates": [[[114.414998, 30.5133699], [114.4145046, 30.513410799], [114.4144666, 30.5130677], [114.41496, 30.5130268], [114.414998, 30.5133699]]]}, "properties": {"id": 10693, "name": "东三食堂", "type": "餐厅", "area_sqm": 1819}}, {"type": "Feature", "geometry": {"type": "Polygon", "coordinates": [[[114.4054446, 30.5120863], [114.4054339, 30.511996599], [114.4055858, 30.5119831], [114.405577299, 30.511911399], [114.4057981, 30.5118935], [114.4061517, 30.5118603], [114.406160799, 30.5119374], [114.406309099, 30.5119243], [114.4063251, 30.5120591], [114.4061704, 30.5120728], [114.406164399, 30.5120223], [114.4054446, 30.5120863]]]}, "properties": {"id": 10697, "name": "南二楼", "type": "公共建筑", "area_sqm": 1358}}, {"type": "Feature", "geometry": {"type": "Polygon", "coordinates": [[[114.420166899, 30.5123428], [114.420119699, 30.5125951], [114.4192337, 30.5126143], [114.4191607, 30.5123679], [114.4200995, 30.5122871], [114.420166899, 30.5123428]]]}, "properties": {"id": 10703, "name": " ", "type": "公园", "area_sqm": 2823}}, {"type": "Feature", "geometry": {"type": "Polygon", "coordinates": [[[114.425056199, 30.5071825], [114.4241553, 30.5072416], [114.4240826, 30.5066256], [114.4250052, 30.506547], [114.425056199, 30.5071825]]]}, "properties": {"id": 10709, "name": " ", "type": "公共建筑", "area_sqm": 6121}}, {"type": "Feature", "geometry": {"type": "Polygon", "coordinates": [[[114.4250401, 30.5071594], [114.4245868, 30.5071964], [114.4245609, 30.5068892], [114.4250052, 30.5068475], [114.4250401, 30.5071594]]]}, "properties": {"id": 10710, "name": "武商量贩", "type": "超市", "area_sqm": 1492}}, {"type": "Feature", "geometry": {"type": "Polygon", "coordinates": [[[114.4252027, 30.5098892], [114.4246019, 30.5099484], [114.424585099, 30.509820299], [114.4247049, 30.509808499], [114.4247082, 30.509833599], [114.424761599, 30.5098283], [114.4247374, 30.5096442], [114.4251651, 30.5096025], [114.425189199, 30.5097862], [114.4252027, 30.5098892]]]}, "properties": {"id": 10711, "name": "东区幼儿园", "type": "幼儿园", "area_sqm": 1548}}, {"type": "Feature", "geometry": {"type": "Polygon", "coordinates": [[[114.4144686, 30.5107194], [114.414466904, 30.51071955], [114.4143057, 30.5107338], [114.414302999, 30.5106873], [114.414461433, 30.51067109], [114.4144633, 30.5106709], [114.4144686, 30.5107194]]]}, "properties": {"id": 10716, "name": " ", "type": "公厕", "area_sqm": 82}}, {"type": "Feature", "geometry": {"type": "Polygon", "coordinates": [[[114.4036697, 30.5131634], [114.4036193, 30.5134279], [114.402704199, 30.5132971], [114.4027546, 30.513032599], [114.4036697, 30.5131634]]]}, "properties": {"id": 10724, "name": "水电学院", "type": "公共建筑", "area_sqm": 2648}}, {"type": "Feature", "geometry": {"type": "Polygon", "coordinates": [[[114.403912, 30.5133301], [114.4039067, 30.5133592], [114.404193899, 30.513398499], [114.404174299, 30.5135059], [114.4037609, 30.513449299], [114.403785799, 30.513312799], [114.403912, 30.5133301]]]}, "properties": {"id": 10726, "name": "水利机械楼", "type": "公共建筑", "area_sqm": 525}}, {"type": "Feature", "geometry": {"type": "Polygon", "coordinates": [[[114.404494499, 30.510325199], [114.404583, 30.5111643], [114.4043146, 30.511132399], [114.403078, 30.5109947], [114.4032124, 30.510085], [114.4044408, 30.5102653], [114.404494499, 30.510325199]]]}, "properties": {"id": 10727, "name": " ", "type": "公园", "area_sqm": 13353}}, {"type": "Feature", "geometry": {"type": "Polygon", "coordinates": [[[114.402885199, 30.510986199], [114.402842199, 30.5112195], [114.4025231, 30.5111802], [114.402544499, 30.5110208], [114.4019142, 30.510939999], [114.4019229, 30.5108618], [114.402885199, 30.510986199]]]}, "properties": {"id": 10729, "name": " ", "type": "公园", "area_sqm": 1360}}, {"type": "Feature", "geometry": {"type": "Polygon", "coordinates": [[[114.4047233, 30.512211599], [114.4046939, 30.5123729], [114.4039071, 30.5122654], [114.4039365, 30.512104], [114.4047233, 30.512211599]]]}, "properties": {"id": 10741, "name": "西六楼", "type": "公共建筑", "area_sqm": 1386}}, {"type": "Feature", "geometry": {"type": "Polygon", "coordinates": [[[114.404600699, 30.5118722], [114.4045627, 30.512059], [114.4040649, 30.511983], [114.4041029, 30.5117962], [114.404600699, 30.5118722]]]}, "properties": {"id": 10743, "name": "结构楼", "type": "公共建筑", "area_sqm": 1021}}, {"type": "Feature", "geometry": {"type": "Polygon", "coordinates": [[[114.400301099, 30.513544299], [114.4001895, 30.5135298], [114.400237399, 30.513255299], [114.4007035, 30.5133163], [114.400676, 30.5134744], [114.4003214, 30.5134281], [114.400301099, 30.513544299]]]}, "properties": {"id": 10744, "name": "西七楼", "type": "公共建筑", "area_sqm": 944}}, {"type": "Feature", "geometry": {"type": "Polygon", "coordinates": [[[114.4025238, 30.5118547], [114.4025044, 30.5119656], [114.401959999, 30.5118944], [114.4019793, 30.5117835], [114.4025238, 30.5118547]]]}, "properties": {"id": 10782, "name": "大电机实验室", "type": "公共建筑", "area_sqm": 658}}, {"type": "Feature", "geometry": {"type": "Polygon", "coordinates": [[[114.402664699, 30.5121734], [114.4018999, 30.5120671], [114.401986799, 30.5116029], [114.402444499, 30.5116665], [114.4024616, 30.511575], [114.402768799, 30.5116177], [114.402664699, 30.5121734]]]}, "properties": {"id": 10783, "name": " ", "type": "公园", "area_sqm": 4186}}, {"type": "Feature", "geometry": {"type": "Polygon", "coordinates": [[[114.4024669, 30.5120042], [114.4024567, 30.5120704], [114.402232599, 30.512044799], [114.402242799, 30.511978599], [114.4024669, 30.5120042]]]}, "properties": {"id": 10784, "name": "电机楼", "type": "公共建筑", "area_sqm": 161}}, {"type": "Feature", "geometry": {"type": "Polygon", "coordinates": [[[114.401693199, 30.5124188], [114.4016246, 30.512409699], [114.401635799, 30.512346499], [114.4014398, 30.512320399], [114.401428499, 30.5123839], [114.4013574, 30.5123744], [114.4013647, 30.5123328], [114.4011793, 30.5123082], [114.4012059, 30.512158199], [114.4013964, 30.5121835], [114.4013924, 30.5122064], [114.4017274, 30.512251], [114.4017315, 30.5122281], [114.401921099, 30.5122533], [114.4018947, 30.512401999], [114.4017008, 30.5123762], [114.401693199, 30.5124188]]]}, "properties": {"id": 10785, "name": "西九楼", "type": "公共建筑", "area_sqm": 1099}}, {"type": "Feature", "geometry": {"type": "Polygon", "coordinates": [[[114.4025814, 30.5126843], [114.4025359, 30.5129024], [114.4023117, 30.5128676], [114.402357199, 30.5126496], [114.4025814, 30.5126843]]]}, "properties": {"id": 10786, "name": " ", "type": "公园", "area_sqm": 537}}, {"type": "Feature", "geometry": {"type": "Polygon", "coordinates": [[[114.4010714, 30.5120743], [114.4010455, 30.512207999], [114.4007436, 30.5121646], [114.400769599, 30.5120308], [114.4010714, 30.5120743]]]}, "properties": {"id": 10787, "name": "水果保鲜", "type": "公共建筑", "area_sqm": 442}}, {"type": "Feature", "geometry": {"type": "Polygon", "coordinates": [[[114.4000817, 30.5125345], [114.4000119, 30.5128794], [114.3996038, 30.5128182], [114.3996736, 30.512473299], [114.4000817, 30.5125345]]]}, "properties": {"id": 10788, "name": "勤工助学服务中心", "type": "公共建筑", "area_sqm": 1544}}, {"type": "Feature", "geometry": {"type": "Polygon", "coordinates": [[[114.4073678, 30.5092709], [114.4073362, 30.5093594], [114.4072624, 30.5094483], [114.4071591, 30.5095384], [114.406940299, 30.509607299], [114.4069124, 30.509609], [114.4068721, 30.509281499], [114.4070934, 30.5092369], [114.4071658, 30.5090982], [114.4073483, 30.5090797], [114.4073678, 30.5092709]]]}, "properties": {"id": 10802, "name": " ", "type": "公园", "area_sqm": 1723}}, {"type": "Feature", "geometry": {"type": "Polygon", "coordinates": [[[114.4248676, 30.5075974], [114.4248121, 30.507600899], [114.424761599, 30.5076711], [114.424843199, 30.5077213], [114.4248657, 30.507928799], [114.4243478, 30.5079778], [114.424302399, 30.5075546], [114.424868399, 30.5075098], [114.4248676, 30.5075974]]]}, "properties": {"id": 10803, "name": "武汉高科", "type": "公共建筑", "area_sqm": 2318}}, {"type": "Feature", "geometry": {"type": "Polygon", "coordinates": [[[114.418908099, 30.50958], [114.418518099, 30.509617], [114.4184768, 30.5092853], [114.4185224, 30.509167499], [114.418648399, 30.5090589], [114.4188505, 30.509038699], [114.418908099, 30.50958]]]}, "properties": {"id": 10814, "name": " ", "type": "公园", "area_sqm": 2127}}, {"type": "Feature", "geometry": {"type": "Polygon", "coordinates": [[[114.3945642, 30.497292099], [114.392108499, 30.497195099], [114.3920321, 30.496986699], [114.3919102, 30.4965543], [114.391658499, 30.495604299], [114.3918379, 30.495567299], [114.395137199, 30.494886899], [114.3953287, 30.4952043], [114.3954724, 30.496040999], [114.395477, 30.4960674], [114.395436299, 30.4968778], [114.394819999, 30.4968382], [114.3948137, 30.497002099], [114.394586999, 30.496997999], [114.3945642, 30.497292099]]]}, "properties": {"id": 11065, "name": "关山荷兰风情园", "type": "公园", "area_sqm": 73692}}, {"type": "Feature", "geometry": {"type": "Polygon", "coordinates": [[[114.404949199, 30.49], [114.4011168, 30.490308499], [114.4010968, 30.4877434], [114.402918699, 30.4875679], [114.4046395, 30.4874073], [114.404949199, 30.49]]]}, "properties": {"id": 11216, "name": "武汉职业技术学院西区", "type": "大学", "area_sqm": 101910}}, {"type": "Feature", "geometry": {"type": "Polygon", "coordinates": [[[114.398911899, 30.4941802], [114.397747599, 30.4943087], [114.397402, 30.4929647], [114.3987322, 30.492821399], [114.398911899, 30.4941802]]]}, "properties": {"id": 11217, "name": "关山农副产品批发市场", "type": "集市", "area_sqm": 18333}}, {"type": "Feature", "geometry": {"type": "Polygon", "coordinates": [[[114.4121928, 30.492756799], [114.4103155, 30.4929129], [114.4101684, 30.4916846], [114.410201899, 30.491683299], [114.411018299, 30.4916512], [114.4120905, 30.491609], [114.4121928, 30.492756799]]]}, "properties": {"id": 11225, "name": "武汉市光谷第一小学", "type": "学校", "area_sqm": 24192}}, {"type": "Feature", "geometry": {"type": "Polygon", "coordinates": [[[114.396291, 30.4871732], [114.396653499, 30.4876736], [114.3966444, 30.4893266], [114.3963434, 30.4893301], [114.3926578, 30.4893726], [114.392446099, 30.489375], [114.392317, 30.4894648], [114.391917499, 30.4894673], [114.3911959, 30.4894718], [114.3904316, 30.4894766], [114.3904132, 30.488560199], [114.3904108, 30.4884295], [114.3903985, 30.4877695], [114.3903744, 30.4864771], [114.3920717, 30.4864745], [114.3921481, 30.4864744], [114.3930601, 30.486473], [114.3936596, 30.4864721], [114.394851799, 30.4864703], [114.396129499, 30.4864684], [114.396291, 30.4871732]]]}, "properties": {"id": 11233, "name": "武汉纺织大学", "type": "大学", "area_sqm": 189825}}, {"type": "Feature", "geometry": {"type": "Polygon", "coordinates": [[[114.4016297, 30.5043745], [114.401654199, 30.5043826], [114.4016704, 30.504397], [114.4016955, 30.5044329], [114.4017088, 30.5044551], [114.401716, 30.5044753], [114.4017259, 30.5045058], [114.4017268, 30.5045311], [114.40172, 30.5045483], [114.401703499, 30.5045724], [114.4016806, 30.504592199], [114.401648099, 30.5046099], [114.401188699, 30.5047844], [114.4011304, 30.5046705], [114.4010758, 30.5045637], [114.4015267, 30.5043925], [114.401566899, 30.504379], [114.401599, 30.5043734], [114.4016297, 30.5043745]]]}, "properties": {"id": 11660, "name": "华为", "type": "手机店", "area_sqm": 1565}}, {"type": "Feature", "geometry": {"type": "Polygon", "coordinates": [[[114.400359999, 30.5082304], [114.4003479, 30.5082904], [114.400641699, 30.5083278], [114.400878899, 30.508361], [114.4007797, 30.5088601], [114.4007555, 30.508943299], [114.400608899, 30.5089789], [114.4004378, 30.508989499], [114.3989223, 30.5087584], [114.3989169, 30.5086868], [114.3989598, 30.5086337], [114.3989974, 30.5085874], [114.3990323, 30.5085481], [114.3989142, 30.5083956], [114.3985232, 30.5083431], [114.3985777, 30.508021099], [114.3985817, 30.507979599], [114.400359999, 30.5082304]]]}, "properties": {"id": 11661, "name": "世界城广场", "type": "购物中心", "area_sqm": 15794}}, {"type": "Feature", "geometry": {"type": "Polygon", "coordinates": [[[114.4100405, 30.490337799], [114.4099599, 30.4905121], [114.409391099, 30.4904603], [114.4093692, 30.490187], [114.409888799, 30.4901386], [114.4100405, 30.490337799]]]}, "properties": {"id": 11700, "name": "关山春晓国际幼教中心", "type": "幼儿园", "area_sqm": 2100}}, {"type": "Feature", "geometry": {"type": "Polygon", "coordinates": [[[114.4078062, 30.4908043], [114.4078124, 30.490979199], [114.4075738, 30.4909883], [114.4075008, 30.490971999], [114.4074382, 30.4909358], [114.407392799, 30.4908839], [114.40737, 30.490822], [114.4073721, 30.490756999], [114.4075163, 30.4907522], [114.4078062, 30.4908043]]]}, "properties": {"id": 11701, "name": "雅思春晓幼儿园", "type": "幼儿园", "area_sqm": 907}}, {"type": "Feature", "geometry": {"type": "Polygon", "coordinates": [[[114.404351799, 30.4994198], [114.402701499, 30.4994846], [114.4026781, 30.4990677], [114.4017386, 30.4991069], [114.4017854, 30.498983], [114.4017448, 30.4981212], [114.403892099, 30.4980019], [114.4043013, 30.4983729], [114.404351799, 30.4994198]]]}, "properties": {"id": 11760, "name": "关山中学", "type": "学校", "area_sqm": 33734}}, {"type": "Feature", "geometry": {"type": "Polygon", "coordinates": [[[114.3959733, 30.489038], [114.3952658, 30.489036], [114.3952682, 30.4880903], [114.395970999, 30.4880803], [114.3959733, 30.489038]]]}, "properties": {"id": 11814, "name": " ", "type": "运动场", "area_sqm": 7148}}, {"type": "Feature", "geometry": {"type": "Polygon", "coordinates": [[[114.406716499, 30.4851187], [114.406788799, 30.4851408], [114.4069056, 30.4852032], [114.4069897, 30.4852736], [114.407068999, 30.4853883], [114.407094699, 30.485486899], [114.4070574, 30.486354099], [114.4070317, 30.4864366], [114.406954599, 30.4865131], [114.406856599, 30.4865795], [114.4067538, 30.4866198], [114.4066651, 30.486635899], [114.4066114, 30.4866439], [114.4065367, 30.4866419], [114.406436299, 30.4866258], [114.4063615, 30.486609699], [114.4063078, 30.4865755], [114.4062354, 30.4865252], [114.4062004, 30.486480899], [114.4061537, 30.4864105], [114.406097699, 30.4863179], [114.4061257, 30.4854748], [114.4061491, 30.485408399], [114.406191099, 30.4853239], [114.406258799, 30.485257499], [114.4063242, 30.4852092], [114.406424599, 30.485156899], [114.406534299, 30.4851247], [114.406606699, 30.4851146], [114.406716499, 30.4851187]]]}, "properties": {"id": 11833, "name": " ", "type": "跑道", "area_sqm": 13915}}, {"type": "Feature", "geometry": {"type": "Polygon", "coordinates": [[[114.4089464, 30.4866922], [114.4089044, 30.487042299], [114.4084093, 30.4870001], [114.4084537, 30.486659999], [114.4089464, 30.4866922]]]}, "properties": {"id": 11834, "name": " ", "type": "运动场", "area_sqm": 1833}}, {"type": "Feature", "geometry": {"type": "Polygon", "coordinates": [[[114.405789299, 30.504109899], [114.4058233, 30.504118099], [114.4058699, 30.5041497], [114.4059004, 30.5041748], [114.4059141, 30.5042214], [114.405988, 30.5046782], [114.4059825, 30.504723], [114.405960699, 30.5047615], [114.4059363, 30.5047861], [114.4059018, 30.504808799], [114.405867199, 30.5048193], [114.4058326, 30.5048228], [114.4057879, 30.504821099], [114.4057493, 30.5048071], [114.405710699, 30.5047791], [114.4056822, 30.504749299], [114.405665999, 30.5047213], [114.4055934, 30.5042614], [114.4055908, 30.504227399], [114.405600899, 30.5041906], [114.4056239, 30.504158], [114.4056523, 30.504130399], [114.405692299, 30.5041106], [114.4057357, 30.5041024], [114.405789299, 30.504109899]]]}, "properties": {"id": 11855, "name": " ", "type": "运动场", "area_sqm": 2294}}, {"type": "Feature", "geometry": {"type": "Polygon", "coordinates": [[[114.4085699, 30.4938659], [114.408392999, 30.4938799], [114.4083605, 30.4935962], [114.4085414, 30.4935787], [114.4085699, 30.4938659]]]}, "properties": {"id": 11856, "name": " ", "type": "运动场", "area_sqm": 549}}, {"type": "Feature", "geometry": {"type": "Polygon", "coordinates": [[[114.408862599, 30.4935489], [114.4086979, 30.4935664], [114.4086451, 30.4932441], [114.408819899, 30.4932283], [114.408862599, 30.4935489]]]}, "properties": {"id": 11857, "name": " ", "type": "运动场", "area_sqm": 590}}, {"type": "Feature", "geometry": {"type": "Polygon", "coordinates": [[[114.4117422, 30.4916764], [114.4117915, 30.491687], [114.411820799, 30.4917056], [114.411870099, 30.4917348], [114.411914799, 30.4917733], [114.411945599, 30.4918211], [114.411959399, 30.4918529], [114.412010299, 30.492529999], [114.412002599, 30.492561799], [114.411984099, 30.492599], [114.411968699, 30.4926308], [114.411947099, 30.4926614], [114.411917899, 30.4926879], [114.411882399, 30.4927078], [114.4118377, 30.492719799], [114.4117392, 30.4927304], [114.4116791, 30.4927264], [114.4116282, 30.4927185], [114.4115759, 30.4926985], [114.4115343, 30.4926707], [114.4114911, 30.4926322], [114.4114742, 30.4925937], [114.4114095, 30.4918835], [114.411428, 30.4918237], [114.4114495, 30.4917906], [114.411485, 30.4917494], [114.4115389, 30.491720199], [114.4115836, 30.4916963], [114.411639, 30.491679], [114.4116929, 30.4916737], [114.4117422, 30.4916764]]]}, "properties": {"id": 11858, "name": " ", "type": "跑道", "area_sqm": 5618}}, {"type": "Feature", "geometry": {"type": "Polygon", "coordinates": [[[114.411977899, 30.492526], [114.4115035, 30.4925512], [114.4114388, 30.4918888], [114.411927099, 30.491845], [114.411977899, 30.492526]]]}, "properties": {"id": 11859, "name": " ", "type": "运动场", "area_sqm": 3465}}, {"type": "Feature", "geometry": {"type": "Polygon", "coordinates": [[[114.411893199, 30.492667999], [114.4116036, 30.49268], [114.4115928, 30.4925552], [114.411882399, 30.4925406], [114.411893199, 30.492667999]]]}, "properties": {"id": 11860, "name": " ", "type": "运动场", "area_sqm": 390}}, {"type": "Feature", "geometry": {"type": "Polygon", "coordinates": [[[114.4155919, 30.4887079], [114.4116393, 30.4890822], [114.405751299, 30.4896272], [114.405338, 30.4868527], [114.4058624, 30.4868212], [114.4058412, 30.4847441], [114.409257599, 30.484411], [114.409366399, 30.485324199], [114.411456099, 30.485142], [114.4112772, 30.4838387], [114.415236999, 30.4834393], [114.4155919, 30.4887079]]]}, "properties": {"id": 11861, "name": "武汉职业技术学院东区", "type": "大学", "area_sqm": 503996}}, {"type": "Feature", "geometry": {"type": "Polygon", "coordinates": [[[114.404425799, 30.4892419], [114.4044912, 30.489255999], [114.4045589, 30.4892942], [114.4046056, 30.4893264], [114.4046406, 30.4893767], [114.404654699, 30.489430999], [114.404657, 30.4895014], [114.404636, 30.4895658], [114.404601, 30.4896222], [114.4045472, 30.4896805], [114.4045029, 30.4897006], [114.4036553, 30.4898375], [114.403559499, 30.4898254], [114.4034825, 30.4897952], [114.403424099, 30.489753], [114.4033868, 30.4897047], [114.4033751, 30.489638299], [114.403372699, 30.4895779], [114.4033844, 30.4895135], [114.4034311, 30.4894451], [114.4034895, 30.4893948], [114.403533899, 30.4893727], [114.4043511, 30.4892419], [114.404425799, 30.4892419]]]}, "properties": {"id": 11865, "name": " ", "type": "跑道", "area_sqm": 6021}}, {"type": "Feature", "geometry": {"type": "Polygon", "coordinates": [[[114.400934699, 30.492976899], [114.400507299, 30.4930126], [114.4005141, 30.4930928], [114.400277899, 30.4931127], [114.4002493, 30.4928721], [114.4009202, 30.4928089], [114.400934699, 30.492976899]]]}, "properties": {"id": 12054, "name": " ", "type": "幼儿园", "area_sqm": 1385}}, {"type": "Feature", "geometry": {"type": "Polygon", "coordinates": [[[114.410539999, 30.5130139], [114.4105014, 30.5130146], [114.410465699, 30.5130154], [114.410464099, 30.512956199], [114.4105384, 30.5129547], [114.410539999, 30.5130139]]]}, "properties": {"id": 12133, "name": " ", "type": "避难所", "area_sqm": 47}}, {"type": "Feature", "geometry": {"type": "Polygon", "coordinates": [[[114.3982136, 30.5083767], [114.3981999, 30.5084796], [114.3981957, 30.508511199], [114.3981907, 30.5085191], [114.398168399, 30.5085521], [114.3981618, 30.508595399], [114.398140699, 30.5086295], [114.3980808, 30.5086527], [114.3980315, 30.508652], [114.398002599, 30.508634899], [114.3979814, 30.5086213], [114.397967699, 30.508598999], [114.397956999, 30.508580499], [114.3967902, 30.5084164], [114.396822399, 30.5082478], [114.3967352, 30.5082343], [114.3966748, 30.508226899], [114.3966533, 30.5083384], [114.3966262, 30.5083564], [114.3965836, 30.5083647], [114.3965481, 30.5083832], [114.395829, 30.508274699], [114.3958219, 30.5083032], [114.395628799, 30.5082708], [114.3954572, 30.5082496], [114.3953692, 30.5082323], [114.3951798, 30.5082268], [114.395160799, 30.508035999], [114.3953487, 30.5080049], [114.3954444, 30.5079758], [114.395526099, 30.5079568], [114.3956011, 30.507922099], [114.3956737, 30.5078926], [114.396459999, 30.5077017], [114.396426699, 30.5076339], [114.396375399, 30.5075765], [114.3954622, 30.507825099], [114.3954133, 30.507825099], [114.3953807, 30.507811], [114.3953626, 30.507780999], [114.395371, 30.5077493], [114.395402399, 30.5077296], [114.3954238, 30.5077201], [114.3954818, 30.5077036], [114.3960564, 30.5075512], [114.3961385, 30.5071968], [114.3960225, 30.507051299], [114.395979699, 30.507083099], [114.395897, 30.5069655], [114.3958859, 30.5069498], [114.397219499, 30.5062447], [114.3972547, 30.506272], [114.3972874, 30.5063114], [114.397317999, 30.5063415], [114.397525299, 30.5065451], [114.3975588, 30.5065948], [114.3975655, 30.5066353], [114.397549399, 30.5066861], [114.397564299, 30.506686899], [114.397667499, 30.5066924], [114.3977177, 30.5067453], [114.397767999, 30.506745399], [114.3978196, 30.5067594], [114.3979033, 30.506822], [114.3980106, 30.5069583], [114.3980884, 30.5071223], [114.398120599, 30.5072148], [114.3981528, 30.507207799], [114.3982574, 30.5075406], [114.3982922, 30.5076977], [114.3981394, 30.5076792], [114.3981325, 30.5077272], [114.3981295, 30.5077486], [114.398123199, 30.5077925], [114.3982574, 30.507813299], [114.3982559, 30.5079972], [114.3982548, 30.508139], [114.3982547, 30.5081461], [114.398243777, 30.508207388], [114.3982136, 30.5083767]], [[114.3966337, 30.5075925], [114.396669999, 30.5076733], [114.3967319, 30.507745], [114.396834, 30.507808699], [114.3969171, 30.507836399], [114.397027099, 30.5078434], [114.3971254, 30.5078208], [114.3972122, 30.5077717], [114.3972937, 30.507695299], [114.397325199, 30.507628], [114.3973434, 30.5075622], [114.397350299, 30.5075057], [114.3973255, 30.507441], [114.3972763, 30.5073595], [114.397228799, 30.507307399], [114.3971714, 30.5072544], [114.3969329, 30.507405], [114.396958, 30.507432599], [114.3968894, 30.5074761], [114.396872599, 30.5074548], [114.3966337, 30.5075925]]]}, "properties": {"id": 12186, "name": "世界城．光谷步行街", "type": "购物中心", "area_sqm": 42835}}, {"type": "Feature", "geometry": {"type": "Polygon", "coordinates": [[[114.417727899, 30.488186099], [114.416628, 30.488462199], [114.4165201, 30.4884675], [114.4164462, 30.488449], [114.4163815, 30.4884091], [114.4163384, 30.4883242], [114.4163199, 30.4878861], [114.416963799, 30.4877932], [114.417006899, 30.4880613], [114.417712499, 30.4879843], [114.417727899, 30.488186099]]]}, "properties": {"id": 12996, "name": " ", "type": "公园", "area_sqm": 6125}}, {"type": "Feature", "geometry": {"type": "Polygon", "coordinates": [[[114.412719999, 30.511432], [114.412633699, 30.5114391], [114.4126165, 30.5112851], [114.4127028, 30.5112779], [114.412719999, 30.511432]]]}, "properties": {"id": 13192, "name": " ", "type": "运动场", "area_sqm": 143}}, {"type": "Feature", "geometry": {"type": "Polygon", "coordinates": [[[114.4128187, 30.5128562], [114.412666499, 30.5128692], [114.4126375, 30.5126161], [114.412789699, 30.5126032], [114.4128187, 30.5128562]]]}, "properties": {"id": 13058, "name": " ", "type": "运动场", "area_sqm": 414}}, {"type": "Feature", "geometry": {"type": "Polygon", "coordinates": [[[114.412597799, 30.5114421], [114.4125115, 30.5114493], [114.4124943, 30.5112952], [114.4125806, 30.5112881], [114.412597799, 30.5114421]]]}, "properties": {"id": 13059, "name": " ", "type": "运动场", "area_sqm": 143}}, {"type": "Feature", "geometry": {"type": "Polygon", "coordinates": [[[114.4140776, 30.5138885], [114.4135735, 30.5139365], [114.413476799, 30.513175299], [114.4139809, 30.5131273], [114.4140776, 30.5138885]]]}, "properties": {"id": 13060, "name": "东一食堂", "type": "餐厅", "area_sqm": 4136}}, {"type": "Feature", "geometry": {"type": "Polygon", "coordinates": [[[114.4206078, 30.4909158], [114.4206146, 30.491007], [114.420577, 30.491083399], [114.420522399, 30.4911452], [114.4203517, 30.4912129], [114.4200667, 30.491271699], [114.419706599, 30.4913247], [114.4195939, 30.4906952], [114.419785099, 30.4905922], [114.4200172, 30.4905187], [114.4202971, 30.490454], [114.420423399, 30.4903363], [114.4206078, 30.4909158]]]}, "properties": {"id": 13066, "name": " ", "type": "公园", "area_sqm": 7208}}, {"type": "Feature", "geometry": {"type": "Polygon", "coordinates": [[[114.4103064, 30.510805499], [114.4096331, 30.5108715], [114.409547599, 30.510224699], [114.410221, 30.5101587], [114.4103064, 30.510805499]]]}, "properties": {"id": 13131, "name": " ", "type": "体育中心", "area_sqm": 4698}}, {"type": "Feature", "geometry": {"type": "Polygon", "coordinates": [[[114.4142869, 30.508347499], [114.4145192, 30.508511199], [114.4145364, 30.508745], [114.413789299, 30.5088086], [114.413708799, 30.508805799], [114.4136521, 30.5087737], [114.4136309, 30.5087372], [114.4136273, 30.508692399], [114.4136274, 30.508672899], [114.413591799, 30.508672899], [114.413559999, 30.5083476], [114.413625, 30.508343], [114.414217299, 30.508301], [114.4142765, 30.5082986], [114.4142869, 30.508347499]]]}, "properties": {"id": 13138, "name": "中百仓储", "type": "超市", "area_sqm": 4302}}, {"type": "Feature", "geometry": {"type": "Polygon", "coordinates": [[[114.412203199, 30.5129306], [114.412119999, 30.5130161], [114.412095899, 30.5130554], [114.411951, 30.513066999], [114.411938899, 30.512918699], [114.4115112, 30.5129543], [114.4114065, 30.512038699], [114.412026099, 30.511983199], [114.4121361, 30.511983799], [114.4122018, 30.5120005], [114.4123446, 30.5120444], [114.412408399, 30.5120993], [114.412423799, 30.5121484], [114.412463299, 30.512175], [114.412517, 30.5128359], [114.412310399, 30.512865899], [114.412203199, 30.5129306]], [[114.4122343, 30.512663699], [114.4123835, 30.5124286], [114.4123707, 30.5122992], [114.412345299, 30.512189999], [114.412237999, 30.512139199], [114.412024099, 30.5121651], [114.4115446, 30.5125517], [114.411547299, 30.512785], [114.4115568, 30.512887899], [114.4116159, 30.5129399], [114.411665399, 30.5129225], [114.4117016, 30.512888999], [114.411883999, 30.5128486], [114.4120301, 30.512824299], [114.4122343, 30.512663699]]]}, "properties": {"id": 13152, "name": " ", "type": "公园", "area_sqm": 5589}}, {"type": "Feature", "geometry": {"type": "Polygon", "coordinates": [[[114.4131886, 30.5113932], [114.413102199, 30.511400299], [114.413085, 30.511246299], [114.4131714, 30.5112391], [114.4131886, 30.5113932]]]}, "properties": {"id": 13188, "name": " ", "type": "运动场", "area_sqm": 143}}, {"type": "Feature", "geometry": {"type": "Polygon", "coordinates": [[[114.4130625, 30.5114036], [114.4129761, 30.5114108], [114.4129589, 30.5112567], [114.413045299, 30.5112496], [114.4130625, 30.5114036]]]}, "properties": {"id": 13189, "name": " ", "type": "运动场", "area_sqm": 143}}, {"type": "Feature", "geometry": {"type": "Polygon", "coordinates": [[[114.412946, 30.5114133], [114.4128596, 30.5114204], [114.412842499, 30.511266399], [114.412928799, 30.511259199], [114.412946, 30.5114133]]]}, "properties": {"id": 13190, "name": " ", "type": "运动场", "area_sqm": 143}}, {"type": "Feature", "geometry": {"type": "Polygon", "coordinates": [[[114.4128314, 30.5114228], [114.412745099, 30.5114299], [114.412728, 30.5112759], [114.412814299, 30.5112687], [114.4128314, 30.5114228]]]}, "properties": {"id": 13191, "name": " ", "type": "运动场", "area_sqm": 143}}, {"type": "Feature", "geometry": {"type": "Polygon", "coordinates": [[[114.4132456, 30.5116791], [114.413093499, 30.5116921], [114.4130645, 30.511439], [114.413216599, 30.5114261], [114.4132456, 30.5116791]]]}, "properties": {"id": 13193, "name": " ", "type": "运动场", "area_sqm": 414}}, {"type": "Feature", "geometry": {"type": "Polygon", "coordinates": [[[114.4130553, 30.511695299], [114.412903099, 30.5117083], [114.4128741, 30.511455199], [114.413026299, 30.5114423], [114.4130553, 30.511695299]]]}, "properties": {"id": 13194, "name": " ", "type": "运动场", "area_sqm": 414}}, {"type": "Feature", "geometry": {"type": "Polygon", "coordinates": [[[114.4128681, 30.5117112], [114.4127172, 30.511724099], [114.4126882, 30.511471], [114.4128391, 30.5114582], [114.4128681, 30.5117112]]]}, "properties": {"id": 13195, "name": " ", "type": "运动场", "area_sqm": 411}}, {"type": "Feature", "geometry": {"type": "Polygon", "coordinates": [[[114.412689199, 30.5117264], [114.412537, 30.5117394], [114.412507999, 30.5114864], [114.4126602, 30.5114734], [114.412689199, 30.5117264]]]}, "properties": {"id": 13196, "name": " ", "type": "运动场", "area_sqm": 414}}, {"type": "Feature", "geometry": {"type": "Polygon", "coordinates": [[[114.413087299, 30.5119751], [114.4129352, 30.511988], [114.4129059, 30.5117331], [114.413058099, 30.5117202], [114.413087299, 30.5119751]]]}, "properties": {"id": 13197, "name": " ", "type": "运动场", "area_sqm": 417}}, {"type": "Feature", "geometry": {"type": "Polygon", "coordinates": [[[114.412900099, 30.511991], [114.4127493, 30.512003799], [114.4127201, 30.5117489], [114.4128709, 30.5117361], [114.412900099, 30.511991]]]}, "properties": {"id": 13198, "name": " ", "type": "运动场", "area_sqm": 413}}, {"type": "Feature", "geometry": {"type": "Polygon", "coordinates": [[[114.4127213, 30.5120062], [114.412569099, 30.512019199], [114.4125399, 30.5117642], [114.412692, 30.511751299], [114.4127213, 30.5120062]]]}, "properties": {"id": 13199, "name": " ", "type": "运动场", "area_sqm": 417}}, {"type": "Feature", "geometry": {"type": "Polygon", "coordinates": [[[114.4133098, 30.5122391], [114.413157599, 30.512252], [114.4131286, 30.511999], [114.413280799, 30.511986], [114.4133098, 30.5122391]]]}, "properties": {"id": 13200, "name": " ", "type": "运动场", "area_sqm": 414}}, {"type": "Feature", "geometry": {"type": "Polygon", "coordinates": [[[114.4131195, 30.5122553], [114.412967299, 30.5122682], [114.4129383, 30.5120152], [114.413090499, 30.512002199], [114.4131195, 30.5122553]]]}, "properties": {"id": 13201, "name": " ", "type": "运动场", "area_sqm": 414}}, {"type": "Feature", "geometry": {"type": "Polygon", "coordinates": [[[114.4129322, 30.5122712], [114.4127814, 30.512284], [114.4127524, 30.512030999], [114.412903199, 30.5120182], [114.4129322, 30.5122712]]]}, "properties": {"id": 13202, "name": " ", "type": "运动场", "area_sqm": 410}}, {"type": "Feature", "geometry": {"type": "Polygon", "coordinates": [[[114.4127534, 30.5122864], [114.4126012, 30.512299299], [114.412572199, 30.512046299], [114.4127244, 30.5120334], [114.4127534, 30.5122864]]]}, "properties": {"id": 13203, "name": " ", "type": "运动场", "area_sqm": 414}}, {"type": "Feature", "geometry": {"type": "Polygon", "coordinates": [[[114.4133422, 30.5125211], [114.413189999, 30.5125341], [114.413161, 30.512281], [114.413313199, 30.5122681], [114.4133422, 30.5125211]]]}, "properties": {"id": 13204, "name": " ", "type": "运动场", "area_sqm": 414}}, {"type": "Feature", "geometry": {"type": "Polygon", "coordinates": [[[114.4131518, 30.5125373], [114.412999599, 30.512550299], [114.4129706, 30.5122972], [114.413122799, 30.5122843], [114.4131518, 30.5125373]]]}, "properties": {"id": 13205, "name": " ", "type": "运动场", "area_sqm": 414}}, {"type": "Feature", "geometry": {"type": "Polygon", "coordinates": [[[114.4129646, 30.512553299], [114.412813799, 30.5125661], [114.4127847, 30.512313], [114.4129356, 30.5123002], [114.4129646, 30.512553299]]]}, "properties": {"id": 13206, "name": " ", "type": "运动场", "area_sqm": 411}}, {"type": "Feature", "geometry": {"type": "Polygon", "coordinates": [[[114.4127857, 30.5125685], [114.4126335, 30.5125814], [114.412604499, 30.5123284], [114.4127567, 30.5123154], [114.4127857, 30.5125685]]]}, "properties": {"id": 13207, "name": " ", "type": "运动场", "area_sqm": 414}}, {"type": "Feature", "geometry": {"type": "Polygon", "coordinates": [[[114.4133751, 30.512808899], [114.413223, 30.5128218], [114.413194, 30.512568799], [114.4133461, 30.5125558], [114.4133751, 30.512808899]]]}, "properties": {"id": 13208, "name": " ", "type": "运动场", "area_sqm": 414}}, {"type": "Feature", "geometry": {"type": "Polygon", "coordinates": [[[114.413184799, 30.5128251], [114.4130326, 30.512838], [114.4130036, 30.512585], [114.4131558, 30.512572], [114.413184799, 30.5128251]]]}, "properties": {"id": 13209, "name": " ", "type": "运动场", "area_sqm": 414}}, {"type": "Feature", "geometry": {"type": "Polygon", "coordinates": [[[114.412997599, 30.512841], [114.412846699, 30.5128538], [114.4128177, 30.5126008], [114.4129686, 30.512588], [114.412997599, 30.512841]]]}, "properties": {"id": 13210, "name": " ", "type": "运动场", "area_sqm": 411}}, {"type": "Feature", "geometry": {"type": "Polygon", "coordinates": [[[114.4024382, 30.5115492], [114.401812699, 30.511471], [114.401804599, 30.5115192], [114.401242599, 30.511448999], [114.4012506, 30.511400799], [114.4006395, 30.5113244], [114.4006696, 30.5111439], [114.4008375, 30.5111649], [114.4008297, 30.5112112], [114.4009175, 30.511222199], [114.4009511, 30.5110209], [114.4008627, 30.511009799], [114.4008565, 30.5110465], [114.4006893, 30.5110256], [114.400719699, 30.5108433], [114.4013398, 30.5109208], [114.4013472, 30.5108761], [114.4019044, 30.5109458], [114.401896999, 30.5109904], [114.402518299, 30.5110681], [114.402484499, 30.5112709], [114.4023176, 30.5112501], [114.402324899, 30.511206299], [114.4022334, 30.5111949], [114.4022003, 30.511393599], [114.4022902, 30.511404899], [114.4022965, 30.511366899], [114.402464999, 30.5113879], [114.4024382, 30.5115492]], [[114.4017688, 30.5113653], [114.4017741, 30.511334], [114.4019728, 30.5113588], [114.4020074, 30.511153499], [114.401808599, 30.5111287], [114.401814899, 30.5110913], [114.401378099, 30.5110367], [114.4013718, 30.5110741], [114.4011774, 30.511049799], [114.4011428, 30.511255099], [114.4013373, 30.5112794], [114.401331999, 30.5113107], [114.4017688, 30.5113653]]]}, "properties": {"id": 13227, "name": "西十二楼", "type": "公共建筑", "area_sqm": 6975}}, {"type": "Feature", "geometry": {"type": "Polygon", "coordinates": [[[114.412925699, 30.510028599], [114.4129624, 30.510047099], [114.4130177, 30.5100857], [114.4130656, 30.510131199], [114.4131049, 30.5101823], [114.4131347, 30.5102381], [114.4131544, 30.510296999], [114.4131634, 30.5103569], [114.4131619, 30.5104173], [114.413149899, 30.5104768], [114.4131277, 30.510534099], [114.4130959, 30.5105879], [114.4130551, 30.510637], [114.413006199, 30.510680299], [114.413000599, 30.510684], [114.413009399, 30.5107605], [114.412464899, 30.5108067], [114.4124553, 30.5107225], [114.4124222, 30.510704999], [114.4123686, 30.510665999], [114.4123224, 30.5106206], [114.4122846, 30.5105697], [114.412255999, 30.510514599], [114.4122374, 30.5104564], [114.412229, 30.5103964], [114.412231, 30.5103377], [114.4122428, 30.5102798], [114.412264199, 30.510224099], [114.4122949, 30.5101716], [114.412333999, 30.510123599], [114.4123809, 30.5100809], [114.412381799, 30.5100803], [114.412372499, 30.509998899], [114.412916999, 30.509952699], [114.412925699, 30.510028599]]]}, "properties": {"id": 13228, "name": "光谷体育馆", "type": "体育中心", "area_sqm": 6609}}, {"type": "Feature", "geometry": {"type": "Polygon", "coordinates": [[[114.416212399, 30.510951], [114.4160362, 30.5109678], [114.4159961, 30.5106276], [114.4161723, 30.5106108], [114.416212399, 30.510951]]]}, "properties": {"id": 13232, "name": " ", "type": "运动场", "area_sqm": 646}}, {"type": "Feature", "geometry": {"type": "Polygon", "coordinates": [[[114.4160316, 30.510968199], [114.4158554, 30.510985], [114.415815299, 30.510644899], [114.4159915, 30.5106281], [114.4160316, 30.510968199]]]}, "properties": {"id": 13233, "name": " ", "type": "运动场", "area_sqm": 645}}, {"type": "Feature", "geometry": {"type": "Polygon", "coordinates": [[[114.415496899, 30.511019294], [114.415496801, 30.511019304], [114.4153207, 30.5110361], [114.415280599, 30.5106959], [114.4154568, 30.5106791], [114.415496899, 30.511019294]]]}, "properties": {"id": 13234, "name": " ", "type": "运动场", "area_sqm": 646}}, {"type": "Feature", "geometry": {"type": "Polygon", "coordinates": [[[114.415673, 30.5110025], [114.415496899, 30.511019294], [114.415496801, 30.511019304], [114.4154568, 30.5106791], [114.4156329, 30.5106623], [114.415673, 30.5110025]]]}, "properties": {"id": 13235, "name": " ", "type": "运动场", "area_sqm": 645}}, {"type": "Feature", "geometry": {"type": "Polygon", "coordinates": [[[114.4158509, 30.5109855], [114.4156748, 30.5110023], [114.415634699, 30.5106621], [114.4158108, 30.5106453], [114.4158509, 30.5109855]]]}, "properties": {"id": 13236, "name": " ", "type": "运动场", "area_sqm": 645}}, {"type": "Feature", "geometry": {"type": "Polygon", "coordinates": [[[114.4146224, 30.512724699], [114.414203899, 30.512759], [114.414183899, 30.512577499], [114.4146024, 30.5125432], [114.4146224, 30.512724699]]]}, "properties": {"id": 13237, "name": " ", "type": "运动场", "area_sqm": 816}}, {"type": "Feature", "geometry": {"type": "Polygon", "coordinates": [[[114.4140389, 30.512772499], [114.4136204, 30.512806799], [114.4136004, 30.512625199], [114.4140189, 30.512591], [114.4140389, 30.512772499]]]}, "properties": {"id": 13238, "name": " ", "type": "运动场", "area_sqm": 816}}, {"type": "Feature", "geometry": {"type": "Polygon", "coordinates": [[[114.4141651, 30.5123663], [114.4141416, 30.512339], [114.4141225, 30.5123092], [114.4141092, 30.512280299], [114.4141, 30.5122503], [114.4143171, 30.512222399], [114.4141651, 30.5123663]]]}, "properties": {"id": 13239, "name": " ", "type": "运动场", "area_sqm": 152}}, {"type": "Feature", "geometry": {"type": "Polygon", "coordinates": [[[114.4140437, 30.5122851], [114.4140373, 30.5123157], [114.4140255, 30.5123482], [114.4140088, 30.5123791], [114.4138266, 30.5122645], [114.4140457, 30.512254], [114.4140437, 30.5122851]]]}, "properties": {"id": 13240, "name": " ", "type": "运动场", "area_sqm": 152}}, {"type": "Feature", "geometry": {"type": "Polygon", "coordinates": [[[114.4143373, 30.5124459], [114.4142623, 30.5124852], [114.414171099, 30.512513], [114.4141067, 30.5125222], [114.414045, 30.5125245], [114.413945799, 30.5125153], [114.4138466, 30.5124875], [114.4137768, 30.5124552], [114.4137128, 30.512414], [114.4136035, 30.5124253], [114.413461999, 30.5111148], [114.413554799, 30.5111069], [114.413605099, 30.5110664], [114.4136856, 30.5110086], [114.4137875, 30.5109647], [114.413900199, 30.5109346], [114.4140343, 30.5109416], [114.4141657, 30.510967], [114.414254299, 30.5110156], [114.4143047, 30.511043599], [114.4144286, 30.5110332], [114.414568, 30.5123243], [114.414464199, 30.5123354], [114.414407199, 30.512388099], [114.4143373, 30.5124459]], [[114.4142369, 30.5123882], [114.414283999, 30.512360899], [114.4143258, 30.5123275], [114.4143611, 30.512289099], [114.414389199, 30.5122463], [114.414412299, 30.5121912], [114.4144234, 30.5121333], [114.414324499, 30.511247899], [114.414298899, 30.5111936], [114.4142622, 30.5111443], [114.414215699, 30.511101599], [114.414161, 30.5110671], [114.414099799, 30.5110417], [114.4140344, 30.5110265], [114.413966899, 30.5110219], [114.4138995, 30.5110281], [114.4138346, 30.5110449], [114.4137743, 30.5110717], [114.4137207, 30.5111076], [114.4136756, 30.5111513], [114.413640499, 30.5112015], [114.4136166, 30.5112564], [114.4136047, 30.5113142], [114.413702, 30.5121997], [114.413726799, 30.5122543], [114.413758599, 30.5122991], [114.4137984, 30.5123387], [114.413845199, 30.512372199], [114.413897699, 30.5123986], [114.4139544, 30.5124171], [114.414014, 30.5124274], [114.414074599, 30.512429], [114.4141309, 30.5124227], [114.414185499, 30.512409], [114.4142369, 30.5123882]]]}, "properties": {"id": 13241, "name": " ", "type": "跑道", "area_sqm": 5199}}, {"type": "Feature", "geometry": {"type": "Polygon", "coordinates": [[[114.414414, 30.512167999], [114.4137254, 30.5122263], [114.413618499, 30.511288399], [114.414307099, 30.5112301], [114.414414, 30.512167999]]]}, "properties": {"id": 13242, "name": "中心操场足球场", "type": "运动场", "area_sqm": 6944}}, {"type": "Feature", "geometry": {"type": "Polygon", "coordinates": [[[114.4135503, 30.5123997], [114.4134899, 30.5124046], [114.4133538, 30.5111445], [114.413414299, 30.511139599], [114.4135503, 30.5123997]]]}, "properties": {"id": 13243, "name": " ", "type": "运动场", "area_sqm": 818}}, {"type": "Feature", "geometry": {"type": "Polygon", "coordinates": [[[114.4292567, 30.5226221], [114.4282294, 30.5226311], [114.427750799, 30.5226813], [114.4277341, 30.5228857], [114.427902, 30.523225499], [114.427912136, 30.523234595], [114.428052432, 30.523360496], [114.4284156, 30.5236864], [114.428874486, 30.524237914], [114.4290304, 30.5244253], [114.429026387, 30.524430248], [114.428645299, 30.5249002], [114.428549299, 30.5250413], [114.428291937, 30.525979876], [114.4282307, 30.5262032], [114.4285527, 30.526496899], [114.428557649, 30.526514808], [114.428585199, 30.5266145], [114.4285038, 30.526852999], [114.4283231, 30.5268716], [114.4282693, 30.526892499], [114.4281207, 30.527238399], [114.4280436, 30.527327699], [114.4279552, 30.5275872], [114.4278879, 30.527639099], [114.427876499, 30.5278092], [114.4279039, 30.5280423], [114.4278332, 30.5282528], [114.427743715, 30.528424585], [114.427729799, 30.5284513], [114.427693919, 30.528476647], [114.427535741, 30.528588392], [114.427521999, 30.5285981], [114.427517861, 30.52860012], [114.4269069, 30.528898399], [114.426829699, 30.5289863], [114.426779399, 30.529250499], [114.426827854, 30.529292714], [114.426988299, 30.5294325], [114.427258092, 30.529463167], [114.427552199, 30.5294966], [114.428156699, 30.5295328], [114.4282022, 30.5295478], [114.4281863, 30.529652], [114.4280343, 30.5297952], [114.4278264, 30.5298622], [114.4277331, 30.5299732], [114.427694799, 30.530393299], [114.427066699, 30.531222499], [114.4264451, 30.5318264], [114.4262469, 30.5320427], [114.4259422, 30.5322034], [114.4253599, 30.5323303], [114.4251689, 30.5323403], [114.4249308, 30.5321894], [114.4245098, 30.5318786], [114.4243571, 30.5316552], [114.4243099, 30.531399599], [114.4244073, 30.5311637], [114.424893099, 30.5307341], [114.425049999, 30.5304591], [114.425103899, 30.5299849], [114.4250027, 30.5294282], [114.4248995, 30.5292275], [114.4246136, 30.5289888], [114.4242302, 30.528718], [114.4241368, 30.5284542], [114.4237388, 30.5281387], [114.4233673, 30.5277965], [114.4232691, 30.527598099], [114.423181599, 30.5273853], [114.423047799, 30.526937], [114.422846999, 30.525455699], [114.422590999, 30.523437399], [114.4226296, 30.5233529], [114.4227243, 30.5232011], [114.4226963, 30.5228951], [114.4225758, 30.5227473], [114.422398499, 30.520940899], [114.422261999, 30.5209482], [114.4222209, 30.520771599], [114.4216995, 30.5191055], [114.4216318, 30.519003199], [114.4212113, 30.5181713], [114.4212057, 30.5181261], [114.4211143, 30.5179062], [114.4210543, 30.517761899], [114.4208469, 30.517235899], [114.420804199, 30.5171331], [114.4205484, 30.517207699], [114.420091499, 30.5173569], [114.420155499, 30.517827599], [114.420422613, 30.517814061], [114.420447499, 30.5178128], [114.420483461, 30.518290037], [114.420486999, 30.518337], [114.4209906, 30.51842], [114.4215738, 30.5197497], [114.421757199, 30.5205823], [114.4219464, 30.5213944], [114.4201262, 30.5216621], [114.4189434, 30.5220522], [114.416557299, 30.5225631], [114.4129917, 30.5227074], [114.412398689, 30.522792512], [114.412099511, 30.522835451], [114.409482899, 30.523211], [114.4089596, 30.523439999], [114.408248799, 30.5234062], [114.4066574, 30.5236933], [114.4043116, 30.5244022], [114.4034971, 30.5250825], [114.4031415, 30.525248899], [114.4028943, 30.525059499], [114.403067499, 30.524535599], [114.4033662, 30.5232944], [114.4033725, 30.5230078], [114.403386699, 30.5226388], [114.4033734, 30.5224642], [114.4031977, 30.5221414], [114.403070499, 30.5219916], [114.403027499, 30.5219409], [114.4019189, 30.5219671], [114.4019461, 30.5207862], [114.402009899, 30.5202652], [114.402073899, 30.5197423], [114.4021739, 30.5189198], [114.4021806, 30.5188712], [114.401405, 30.5187546], [114.4007873, 30.5186778], [114.400802299, 30.518594], [114.399082299, 30.5183271], [114.399125399, 30.517906099], [114.399016599, 30.517889], [114.3991185, 30.517479099], [114.3990317, 30.5173808], [114.3991671, 30.5166929], [114.3992425, 30.5166958], [114.3989758, 30.515787799], [114.398930299, 30.515634299], [114.398747, 30.5150569], [114.398838499, 30.5144292], [114.3972722, 30.514655], [114.396393899, 30.5147572], [114.3962788, 30.514708599], [114.3960535, 30.5142557], [114.395335199, 30.5139695], [114.394715299, 30.513585799], [114.3946884, 30.5127377], [114.394734, 30.51268], [114.395672799, 30.5127701], [114.3957377, 30.5126382], [114.395801199, 30.5124407], [114.39592, 30.5124542], [114.3962463, 30.5124867], [114.3973491, 30.5126383], [114.3989101, 30.512881], [114.3991381, 30.5129157], [114.3993074, 30.512938699], [114.3995572, 30.5116293], [114.3996517, 30.5111339], [114.3997975, 30.5104026], [114.399906, 30.509845899], [114.3999205, 30.5098024], [114.399943, 30.509606799], [114.3999785, 30.5096116], [114.402465999, 30.509945999], [114.402997, 30.5100462], [114.4030031, 30.5100523], [114.4031286, 30.5100667], [114.4032124, 30.510085], [114.4044408, 30.5102653], [114.404494499, 30.510325199], [114.404613599, 30.5103137], [114.4047227, 30.510255999], [114.4048555, 30.510282599], [114.4072693, 30.5100972], [114.4075972, 30.5100726], [114.4080224, 30.5100407], [114.4083028, 30.5100196], [114.409213599, 30.5099376], [114.4105737, 30.5098099], [114.4105656, 30.5097313], [114.411228, 30.5096764], [114.4112342, 30.509768499], [114.411396499, 30.5097656], [114.4114934, 30.5097585], [114.4114952, 30.509729399], [114.4116345, 30.5097209], [114.411630499, 30.5096308], [114.412298699, 30.5095829], [114.4123055, 30.5096274], [114.412371499, 30.509626799], [114.4126146, 30.5096113], [114.4128365, 30.5095972], [114.412843, 30.5096231], [114.413442899, 30.5095815], [114.413457399, 30.509726], [114.4134865, 30.5099787], [114.413591799, 30.5099698], [114.4136776, 30.5107166], [114.4152013, 30.5105867], [114.416195599, 30.5104996], [114.416531699, 30.5129053], [114.4167706, 30.5150266], [114.4170054, 30.517111], [114.4173715, 30.5170761], [114.4173823, 30.5170752], [114.4173464, 30.516798], [114.4199274, 30.516547299], [114.420112399, 30.5169127], [114.420402899, 30.516900299], [114.4207481, 30.5169484], [114.4199933, 30.515024199], [114.4191018, 30.5126874], [114.418940899, 30.512254699], [114.4190144, 30.512143899], [114.4206736, 30.5120306], [114.4209686, 30.512056], [114.422189, 30.5119705], [114.4220991, 30.511216599], [114.422408399, 30.511187299], [114.4224907, 30.5111795], [114.423127699, 30.5108083], [114.4230553, 30.5105934], [114.4244608, 30.5104709], [114.424262299, 30.5087655], [114.424266999, 30.5086409], [114.42436, 30.5085585], [114.4244407, 30.5084996], [114.425900299, 30.5083674], [114.4272476, 30.508245399], [114.4273134, 30.508268499], [114.4273201, 30.5083194], [114.427530599, 30.5082994], [114.4280851, 30.508243899], [114.4297098, 30.508128], [114.428595899, 30.5110952], [114.428668899, 30.5114517], [114.4293558, 30.5121951], [114.429508899, 30.5124481], [114.4298646, 30.513640699], [114.430837499, 30.514166199], [114.431447099, 30.5142436], [114.43153788, 30.514360038], [114.431692299, 30.5145581], [114.431784511, 30.514719285], [114.432125999, 30.515316199], [114.4323875, 30.5160942], [114.4321708, 30.5164316], [114.431652899, 30.5164674], [114.4317095, 30.5167509], [114.4303378, 30.5168276], [114.4302722, 30.5169171], [114.430119599, 30.516975699], [114.4299773, 30.5169495], [114.4298684, 30.5168416], [114.429280999, 30.517159], [114.4291443, 30.5175516], [114.429216899, 30.5180787], [114.428973199, 30.518611], [114.428242899, 30.5187144], [114.4267596, 30.518905699], [114.4268742, 30.5190156], [114.426940447, 30.519064129], [114.427435, 30.5194264], [114.4275812, 30.519714], [114.4276674, 30.520169099], [114.427364466, 30.520264359], [114.4273036, 30.520283499], [114.4279512, 30.520417499], [114.4280942, 30.5206242], [114.428314, 30.5210595], [114.428452773, 30.521118384], [114.4286364, 30.5211963], [114.4299602, 30.5215563], [114.430316099, 30.5214465], [114.4304365, 30.5214603], [114.431064299, 30.5214024], [114.4312276, 30.5213286], [114.431949899, 30.5213842], [114.431995884, 30.521471727], [114.4320545, 30.5215833], [114.4318815, 30.521760899], [114.431412099, 30.5219158], [114.431110999, 30.5219071], [114.431112337, 30.521997211], [114.4311169, 30.522304399], [114.431038721, 30.522320674], [114.4303296, 30.5224683], [114.4297986, 30.5224446], [114.4292567, 30.5226221]], [[114.422183499, 30.518919599], [114.4220267, 30.5190198], [114.4219759, 30.5190933], [114.421938799, 30.5191696], [114.4219123, 30.5192631], [114.4223351, 30.520797199], [114.4233355, 30.5207937], [114.4253971, 30.5203721], [114.4248425, 30.5183601], [114.422183499, 30.518919599]], [[114.409324899, 30.5172541], [114.4082413, 30.5173513], [114.407448699, 30.5174211], [114.407552899, 30.518312999], [114.4083481, 30.518243], [114.409431599, 30.5181458], [114.409324899, 30.5172541]]]}, "properties": {"id": 13258, "name": "华中科技大学", "type": "大学", "area_sqm": 4210378}}, {"type": "Feature", "geometry": {"type": "Polygon", "coordinates": [[[114.4002288, 30.505008899], [114.400266, 30.5050175], [114.4002988, 30.5050349], [114.400324699, 30.5050596], [114.400341499, 30.505089499], [114.4003479, 30.5051224], [114.4003433, 30.5051555], [114.4003281, 30.5051861], [114.400303599, 30.5052118], [114.400271699, 30.5052304], [114.3993192, 30.5056176], [114.399237699, 30.505477899], [114.400141999, 30.5050278], [114.400171699, 30.505017599], [114.4002007, 30.5050086], [114.4002288, 30.505008899]]]}, "properties": {"id": 13260, "name": " ", "type": "购物中心", "area_sqm": 2441}}, {"type": "Feature", "geometry": {"type": "Polygon", "coordinates": [[[114.399867899, 30.505577499], [114.3998044, 30.5054598], [114.400404699, 30.5052082], [114.4004371, 30.5052215], [114.4004664, 30.5052335], [114.4005275, 30.505333799], [114.3999549, 30.5055753], [114.3999396, 30.5055484], [114.399867899, 30.505577499]]]}, "properties": {"id": 13261, "name": " ", "type": "购物中心", "area_sqm": 1179}}, {"type": "Feature", "geometry": {"type": "Polygon", "coordinates": [[[114.400338499, 30.504826], [114.4002334, 30.5048692], [114.400231, 30.5049158], [114.4002285, 30.5049357], [114.4001318, 30.5049398], [114.3992647, 30.505348599], [114.399172599, 30.5052134], [114.4002008, 30.5047187], [114.4002293, 30.504753399], [114.4002812, 30.5047274], [114.400338499, 30.504826]]]}, "properties": {"id": 13262, "name": " ", "type": "购物中心", "area_sqm": 2099}}, {"type": "Feature", "geometry": {"type": "Polygon", "coordinates": [[[114.398003599, 30.5063583], [114.3979878, 30.5064067], [114.3979386, 30.506425199], [114.397883499, 30.5064071], [114.3978621, 30.5063674], [114.3978819, 30.506319999], [114.397909199, 30.5063064], [114.397891799, 30.5062771], [114.3978767, 30.5062459], [114.3979551, 30.5062139], [114.3979257, 30.5061658], [114.3981559, 30.506068], [114.3981502, 30.5060564], [114.398187799, 30.5060422], [114.3981813, 30.506028599], [114.398200599, 30.5060208], [114.3981597, 30.5059419], [114.3980997, 30.5059688], [114.3981136, 30.5059944], [114.3979813, 30.506052], [114.3979726, 30.506040899], [114.397891699, 30.506078299], [114.3978715, 30.506046999], [114.3977366, 30.506115299], [114.3977324, 30.5061334], [114.3977171, 30.506153299], [114.3977011, 30.5061715], [114.3976825, 30.5061827], [114.397656199, 30.506191799], [114.397626399, 30.5061929], [114.397598199, 30.5061884], [114.397573099, 30.5061766], [114.3975528, 30.5061575], [114.397540199, 30.5061369], [114.397534099, 30.5061155], [114.3975352, 30.5060955], [114.3975422, 30.5060725], [114.397556199, 30.5060541], [114.397577, 30.506040399], [114.397557099, 30.506014699], [114.3982141, 30.505688299], [114.3982767, 30.5057875], [114.3983082, 30.5057959], [114.398350999, 30.5057784], [114.3982755, 30.5056578], [114.398372599, 30.5056096], [114.398426399, 30.5056916], [114.3985247, 30.5055514], [114.3985887, 30.5055726], [114.398625999, 30.5055822], [114.398673799, 30.505587799], [114.398713899, 30.5055844], [114.3987499, 30.5055709], [114.398786199, 30.5055531], [114.398815399, 30.5055317], [114.3988393, 30.5055084], [114.3988541, 30.505483], [114.398866, 30.505453], [114.3988735, 30.5054207], [114.3988753, 30.5053973], [114.3988758, 30.5053751], [114.3990713, 30.5053723], [114.3990165, 30.5052933], [114.3991154, 30.5052417], [114.399231, 30.5054137], [114.399140699, 30.5054561], [114.399136699, 30.5054989], [114.3990763, 30.505612], [114.399053999, 30.505644699], [114.399027399, 30.5056767], [114.3989936, 30.5057061], [114.3989634, 30.505727799], [114.3989296, 30.505747299], [114.3988865, 30.5057683], [114.398843599, 30.505783799], [114.3987992, 30.505796099], [114.398753899, 30.505805899], [114.3987088, 30.505810499], [114.3986644, 30.5058127], [114.398518899, 30.505797], [114.3984785, 30.5057844], [114.398339799, 30.5058521], [114.3983163, 30.505914599], [114.3982543, 30.5059435], [114.3982023, 30.5059293], [114.3982568, 30.506027499], [114.398532599, 30.5059166], [114.3986638, 30.505904399], [114.3987521, 30.5058976], [114.3987731, 30.505934], [114.3990934, 30.5058055], [114.399089899, 30.505797099], [114.3991204, 30.5057183], [114.3991955, 30.5057082], [114.399318799, 30.5056723], [114.3997754, 30.5054861], [114.399854599, 30.5056352], [114.399190999, 30.5059025], [114.3991658, 30.505856699], [114.3991291, 30.505871499], [114.3991155, 30.5058494], [114.3988028, 30.5059786], [114.3988372, 30.5060392], [114.398043699, 30.5063725], [114.3980302, 30.5063475], [114.398003599, 30.5063583]]]}, "properties": {"id": 13263, "name": " ", "type": "购物中心", "area_sqm": 8015}}, {"type": "Feature", "geometry": {"type": "Polygon", "coordinates": [[[114.4128365, 30.5095972], [114.4128514, 30.5097706], [114.4129696, 30.5097631], [114.4129983, 30.5098965], [114.413001, 30.509922], [114.4132354, 30.5099036], [114.413267899, 30.5101999], [114.4134519, 30.510185], [114.4135131, 30.5107431], [114.4130912, 30.5107841], [114.413115099, 30.510989799], [114.4129295, 30.5110043], [114.412936499, 30.5110709], [114.4126104, 30.5110987], [114.412603999, 30.5110362], [114.412428999, 30.5110496], [114.4124034, 30.5108549], [114.412081499, 30.5108807], [114.41205, 30.5105958], [114.411855299, 30.5104985], [114.411912799, 30.5104151], [114.4119207, 30.5104013], [114.4119955, 30.510290299], [114.4120668, 30.5101844], [114.4120745, 30.510170799], [114.4121244, 30.510098899], [114.4119268, 30.5100001], [114.4121035, 30.5099944], [114.412290999, 30.5099867], [114.412289899, 30.5099743], [114.4122793, 30.5098498], [114.412273399, 30.5097881], [114.4123873, 30.50978], [114.412371499, 30.509626799], [114.4126146, 30.5096113], [114.4128365, 30.5095972]], [[114.4127103, 30.5099189], [114.4126962, 30.5097811], [114.4125446, 30.509792599], [114.412558799, 30.5099305], [114.4127103, 30.5099189]], [[114.412925699, 30.510028599], [114.412916999, 30.509952699], [114.412372499, 30.509998899], [114.412381799, 30.5100803], [114.4123809, 30.5100809], [114.412333999, 30.510123599], [114.4122949, 30.5101716], [114.412264199, 30.510224099], [114.4122428, 30.5102798], [114.412231, 30.5103377], [114.412229, 30.5103964], [114.4122374, 30.5104564], [114.412255999, 30.510514599], [114.4122846, 30.5105697], [114.4123224, 30.5106206], [114.4123686, 30.510665999], [114.4124222, 30.510704999], [114.4124553, 30.5107225], [114.412464899, 30.5108067], [114.413009399, 30.5107605], [114.413000599, 30.510684], [114.413006199, 30.510680299], [114.4130551, 30.510637], [114.4130959, 30.5105879], [114.4131277, 30.510534099], [114.413149899, 30.5104768], [114.4131619, 30.5104173], [114.4131634, 30.5103569], [114.4131544, 30.510296999], [114.4131347, 30.5102381], [114.4131049, 30.5101823], [114.4130656, 30.510131199], [114.4130177, 30.5100857], [114.4129624, 30.510047099], [114.412925699, 30.510028599]]]}, "properties": {"id": 13289, "name": " ", "type": "体育中心", "area_sqm": 9967}}, {"type": "Feature", "geometry": {"type": "Polygon", "coordinates": [[[114.4084842, 30.5069747], [114.4084896, 30.5070403], [114.408498, 30.5070883], [114.4085101, 30.5071358], [114.4085258, 30.5071824], [114.4085617, 30.507261199], [114.4085838, 30.507297], [114.408598199, 30.5074586], [114.4083742, 30.5074733], [114.4083582, 30.5073425], [114.408340099, 30.5073205], [114.4083036, 30.507274999], [114.408278499, 30.507240099], [114.4082538, 30.5071994], [114.408236399, 30.507155999], [114.408226799, 30.507110799], [114.408225199, 30.5070619], [114.4082327, 30.5070134], [114.408249, 30.5069665], [114.408274499, 30.506922999], [114.4084856, 30.506909], [114.4084842, 30.5069747]]]}, "properties": {"id": 13340, "name": "泛悦城商店街", "type": "购物中心", "area_sqm": 1481}}, {"type": "Feature", "geometry": {"type": "Polygon", "coordinates": [[[114.4084583, 30.5081132], [114.4084595, 30.5081247], [114.4083323, 30.5083505], [114.408289799, 30.508354], [114.4081986, 30.507538299], [114.4082388, 30.507535], [114.4083428, 30.5076556], [114.408347299, 30.507696], [114.408410999, 30.507690699], [114.4084169, 30.5077434], [114.4084989, 30.5077366], [114.4084829, 30.5075938], [114.4086467, 30.5075802], [114.408705499, 30.508106799], [114.408541799, 30.5081204], [114.408540199, 30.5081064], [114.4084583, 30.5081132]], [[114.4084405, 30.507954], [114.4084488, 30.508029], [114.4085308, 30.508022199], [114.4085224, 30.5079472], [114.4084405, 30.507954]], [[114.408424799, 30.507813799], [114.4084329, 30.5078861], [114.4085148, 30.5078793], [114.4085067, 30.507807], [114.408424799, 30.507813799]]]}, "properties": {"id": 13341, "name": "泛悦城商店街", "type": "购物中心", "area_sqm": 2470}}, {"type": "Feature", "geometry": {"type": "Polygon", "coordinates": [[[114.3952035, 30.5118871], [114.3952273, 30.5118983], [114.3952422, 30.5119178], [114.395244899, 30.511941199], [114.395234599, 30.5119629], [114.3952138, 30.5119778], [114.3951873, 30.5119826], [114.3951641, 30.5119774], [114.3951456, 30.511964299], [114.395134999, 30.5119457], [114.3951344, 30.511925], [114.3951431, 30.511906799], [114.3951595, 30.5118931], [114.395180799, 30.511886199], [114.3952035, 30.5118871]]]}, "properties": {"id": 13397, "name": " ", "type": "塔", "area_sqm": 88}}, {"type": "Feature", "geometry": {"type": "Polygon", "coordinates": [[[114.4039969, 30.5082466], [114.4037488, 30.5094979], [114.4025547, 30.509331799], [114.402334099, 30.5093011], [114.401589599, 30.5091975], [114.401517199, 30.5091328], [114.401160499, 30.509075], [114.4013189, 30.508293599], [114.401305299, 30.508203799], [114.4013831, 30.507813299], [114.402651799, 30.5079935], [114.402949499, 30.5064846], [114.404095, 30.506386], [114.4041999, 30.5064723], [114.404234299, 30.5065169], [114.4039969, 30.5082466]]]}, "properties": {"id": 13456, "name": "湖北省中医院光谷院区", "type": "医院", "area_sqm": 60809}}, {"type": "Feature", "geometry": {"type": "Polygon", "coordinates": [[[114.405792899, 30.508352699], [114.4054791, 30.5083758], [114.4054445, 30.508027], [114.4057583, 30.5080039], [114.405792899, 30.508352699]]]}, "properties": {"id": 13457, "name": "武汉长动医院", "type": "医院", "area_sqm": 1174}}, {"type": "Feature", "geometry": {"type": "Polygon", "coordinates": [[[114.4059758, 30.5048531], [114.4059327, 30.5048769], [114.4058848, 30.5048925], [114.4058342, 30.504899099], [114.405783099, 30.504896499], [114.4057337, 30.5048849], [114.4056883, 30.5048646], [114.405648699, 30.5048367], [114.4056167, 30.5048022], [114.405593699, 30.5047628], [114.4055808, 30.5047201], [114.405514, 30.5042324], [114.4054882, 30.5040338], [114.4055636, 30.5040265], [114.4055744, 30.5041064], [114.405605499, 30.5040799], [114.405648599, 30.5040561], [114.4056965, 30.5040405], [114.405747099, 30.504033899], [114.4057982, 30.504036499], [114.4058475, 30.5040481], [114.405893, 30.5040684], [114.4059326, 30.5040964], [114.4059646, 30.5041308], [114.4059876, 30.5041702], [114.4060649, 30.5046566], [114.406067299, 30.5047006], [114.406059, 30.5047442], [114.4060403, 30.504785199], [114.4060122, 30.504822099], [114.4059758, 30.5048531]], [[114.405789299, 30.504109899], [114.4057357, 30.5041024], [114.405692299, 30.5041106], [114.4056523, 30.504130399], [114.4056239, 30.504158], [114.405600899, 30.5041906], [114.4055908, 30.504227399], [114.4055934, 30.5042614], [114.405665999, 30.5047213], [114.4056822, 30.504749299], [114.405710699, 30.5047791], [114.4057493, 30.5048071], [114.4057879, 30.504821099], [114.4058326, 30.5048228], [114.405867199, 30.5048193], [114.4059018, 30.504808799], [114.4059363, 30.5047861], [114.405960699, 30.5047615], [114.4059825, 30.504723], [114.405988, 30.5046782], [114.4059141, 30.5042214], [114.4059004, 30.5041748], [114.4058699, 30.5041497], [114.4058233, 30.504118099], [114.405789299, 30.504109899]]]}, "properties": {"id": 13458, "name": " ", "type": "跑道", "area_sqm": 1829}}, {"type": "Feature", "geometry": {"type": "Polygon", "coordinates": [[[114.406711299, 30.5043169], [114.4067851, 30.5048692], [114.4055647, 30.504970899], [114.4054466, 30.5040164], [114.4066563, 30.5039055], [114.406711299, 30.5043169]]]}, "properties": {"id": 13459, "name": "武汉市旭光学校", "type": "学校", "area_sqm": 12551}}, {"type": "Feature", "geometry": {"type": "Polygon", "coordinates": [[[114.4026491, 30.507450499], [114.4026186, 30.5076252], [114.402279299, 30.5075813], [114.4023098, 30.5074066], [114.4026491, 30.507450499]]]}, "properties": {"id": 13460, "name": " ", "type": "运动场", "area_sqm": 646}}, {"type": "Feature", "geometry": {"type": "Polygon", "coordinates": [[[114.4065875, 30.5036204], [114.4064017, 30.50364], [114.4063551, 30.5033117], [114.4065407, 30.5032921], [114.4065875, 30.5036204]]]}, "properties": {"id": 13461, "name": "比亚迪", "type": "汽车经销商", "area_sqm": 659}}, {"type": "Feature", "geometry": {"type": "Polygon", "coordinates": [[[114.4160697, 30.507011], [114.415724899, 30.5070368], [114.415708999, 30.506879399], [114.4160538, 30.5068536], [114.4160697, 30.507011]]]}, "properties": {"id": 13533, "name": " ", "type": "游乐场", "area_sqm": 582}}, {"type": "Feature", "geometry": {"type": "Polygon", "coordinates": [[[114.4143013, 30.4905701], [114.4125266, 30.490683], [114.412471099, 30.4901188], [114.4142058, 30.4900033], [114.4143013, 30.4905701]]]}, "properties": {"id": 14039, "name": " ", "type": "运动场", "area_sqm": 10661}}, {"type": "Feature", "geometry": {"type": "Polygon", "coordinates": [[[114.4124732, 30.5048106], [114.4124191, 30.5048348], [114.412360699, 30.5048501], [114.412300099, 30.5048558], [114.4122392, 30.504851899], [114.4121803, 30.5048384], [114.412125199, 30.5048158], [114.4121081, 30.5048051], [114.412112799, 30.5048419], [114.4119939, 30.504853], [114.4118432, 30.5036559], [114.4119621, 30.5036448], [114.411964499, 30.503664399], [114.4119829, 30.5036464], [114.412031, 30.503614], [114.412085099, 30.5035898], [114.4121435, 30.5035745], [114.4122041, 30.5035688], [114.4122649, 30.5035727], [114.4123239, 30.5035862], [114.4123789, 30.5036088], [114.4124283, 30.5036397], [114.412470099, 30.503678], [114.4125031, 30.5037222], [114.4125221, 30.503783499], [114.412623999, 30.5045924], [114.4126138, 30.5046442], [114.412592699, 30.5046936], [114.4125615, 30.5047387], [114.4125212, 30.5047782], [114.4124732, 30.5048106]], [[114.4122446, 30.5036806], [114.4121951, 30.5036802], [114.412146699, 30.5036893], [114.4121019, 30.5037075], [114.4120629, 30.5037338], [114.4120317, 30.5037669], [114.4120098, 30.5038052], [114.411998399, 30.5038467], [114.4120997, 30.5046382], [114.4121208, 30.5046768], [114.412151299, 30.5047104], [114.412189799, 30.5047373], [114.4122342, 30.5047561], [114.4122824, 30.504766], [114.412331899, 30.5047664], [114.412380199, 30.5047572], [114.412425, 30.5047391], [114.412464, 30.504712799], [114.412495199, 30.5046796], [114.4125171, 30.5046414], [114.4125286, 30.504599899], [114.4124272, 30.5038084], [114.4124062, 30.5037698], [114.412375599, 30.5037362], [114.4123372, 30.5037093], [114.4122928, 30.5036904], [114.4122446, 30.5036806]]]}, "properties": {"id": 14047, "name": " ", "type": "跑道", "area_sqm": 3786}}, {"type": "Feature", "geometry": {"type": "Polygon", "coordinates": [[[114.4122446, 30.5036806], [114.4122928, 30.5036904], [114.4123372, 30.5037093], [114.412375599, 30.5037362], [114.4124062, 30.5037698], [114.4124272, 30.5038084], [114.4125286, 30.504599899], [114.4125171, 30.5046414], [114.412495199, 30.5046796], [114.412464, 30.504712799], [114.412425, 30.5047391], [114.412380199, 30.5047572], [114.412331899, 30.5047664], [114.4122824, 30.504766], [114.4122342, 30.5047561], [114.412189799, 30.5047373], [114.412151299, 30.5047104], [114.4121208, 30.5046768], [114.4120997, 30.5046382], [114.411998399, 30.5038467], [114.4120098, 30.5038052], [114.4120317, 30.5037669], [114.4120629, 30.5037338], [114.4121019, 30.5037075], [114.412146699, 30.5036893], [114.4121951, 30.5036802], [114.4122446, 30.5036806]]]}, "properties": {"id": 14048, "name": " ", "type": "运动场", "area_sqm": 4660}}, {"type": "Feature", "geometry": {"type": "Polygon", "coordinates": [[[114.4126987, 30.504869899], [114.412756299, 30.5053764], [114.4127577, 30.5054065], [114.4127577, 30.5054371], [114.4127483, 30.5054608], [114.4127294, 30.5054811], [114.4127134, 30.5054937], [114.4126926, 30.5055035], [114.4126651, 30.505512799], [114.412633199, 30.5055165], [114.411204599, 30.5056372], [114.411172299, 30.5056371], [114.4111416, 30.5056281], [114.411116, 30.5056112], [114.411098, 30.505588], [114.4110895, 30.505561099], [114.4109561, 30.5043892], [114.4109539, 30.504357699], [114.4109606, 30.5043267], [114.410975699, 30.504298], [114.410998299, 30.5042732], [114.411027099, 30.5042537], [114.4110605, 30.5042408], [114.4110965, 30.504235099], [114.4117207, 30.5041824], [114.4116508, 30.503568499], [114.411736, 30.503561299], [114.412541899, 30.503493099], [114.4126987, 30.504869899]]]}, "properties": {"id": 14049, "name": "光谷喻家山学校", "type": "学校", "area_sqm": 30911}}, {"type": "Feature", "geometry": {"type": "Polygon", "coordinates": [[[114.4089591, 30.492882499], [114.408612, 30.492914799], [114.4085903, 30.4927602], [114.4085055, 30.492724499], [114.4085134, 30.4926599], [114.4085883, 30.492631], [114.408846699, 30.4927398], [114.408850699, 30.4927874], [114.4089473, 30.4927772], [114.4089591, 30.492882499]]]}, "properties": {"id": 14232, "name": " ", "type": "游泳池", "area_sqm": 785}}, {"type": "Feature", "geometry": {"type": "Polygon", "coordinates": [[[114.399985, 30.4994322], [114.399857699, 30.4994441], [114.399859699, 30.499478], [114.3998563, 30.4994973], [114.399848, 30.4995119], [114.3998365, 30.4995275], [114.399818699, 30.4995388], [114.3998, 30.4995457], [114.3997782, 30.4995471], [114.399756999, 30.4995431], [114.399735999, 30.4995344], [114.399719099, 30.4995229], [114.3997064, 30.4995077], [114.3996999, 30.4994918], [114.3996849, 30.4993464], [114.3999749, 30.4993248], [114.399985, 30.4994322]]]}, "properties": {"id": 14395, "name": "金泰酒店", "type": "酒店", "area_sqm": 479}}, {"type": "Feature", "geometry": {"type": "Polygon", "coordinates": [[[114.3982559, 30.5079972], [114.3982548, 30.508139], [114.398243777, 30.508207388], [114.3981999, 30.5084796], [114.397953799, 30.508445499], [114.3980307, 30.5079759], [114.3982559, 30.5079972]]]}, "properties": {"id": 14558, "name": "关谷学生街 关谷小吃街", "type": "美食广场", "area_sqm": 1254}}, {"type": "Feature", "geometry": {"type": "Polygon", "coordinates": [[[114.4048967, 30.5033101], [114.4048216, 30.5039132], [114.404427899, 30.5038768], [114.404503199, 30.5032737], [114.4048967, 30.5033101]]]}, "properties": {"id": 14559, "name": "龙虾殿", "type": "餐厅", "area_sqm": 2557}}, {"type": "Feature", "geometry": {"type": "Polygon", "coordinates": [[[114.4064001, 30.493075999], [114.406414299, 30.4930835], [114.4064248, 30.4930948], [114.406430099, 30.4931084], [114.406429599, 30.4931228], [114.406423499, 30.4931362], [114.4064171, 30.4931434], [114.406403499, 30.4931518], [114.406387499, 30.4931558], [114.4063708, 30.4931548], [114.4063556, 30.4931489], [114.406343499, 30.4931389], [114.406335799, 30.493124699], [114.4063346, 30.4931103], [114.4063392, 30.493096499], [114.406349, 30.4930848], [114.4063628, 30.4930767], [114.406379, 30.4930732], [114.4064001, 30.493075999]]]}, "properties": {"id": 14560, "name": " ", "type": "喷泉", "area_sqm": 65}}, {"type": "Feature", "geometry": {"type": "Polygon", "coordinates": [[[114.402218699, 30.4932883], [114.4022514, 30.4932995], [114.4022871, 30.4933294], [114.4023043, 30.4933583], [114.4023076, 30.493391099], [114.4023081, 30.493441], [114.4023108, 30.4934882], [114.4023185, 30.4935274], [114.4023401, 30.493553], [114.4023611, 30.4935648], [114.4023892, 30.493572699], [114.402439299, 30.4935862], [114.4024607, 30.493595], [114.402475199, 30.4936082], [114.4024812, 30.493624999], [114.402481, 30.4936437], [114.4024683, 30.4936688], [114.4024461, 30.493691], [114.402422999, 30.4937008], [114.402396199, 30.4937027], [114.402358199, 30.4937002], [114.4023281, 30.4936898], [114.4023004, 30.4936751], [114.4022763, 30.493658], [114.402240799, 30.4936067], [114.402216699, 30.493555299], [114.4022082, 30.493542899], [114.4021959, 30.4935316], [114.402182699, 30.493524999], [114.402167, 30.4935192], [114.4021493, 30.4935151], [114.402130499, 30.4935099], [114.4021009, 30.493502], [114.4020844, 30.4934928], [114.4020773, 30.493479799], [114.4020742, 30.4934637], [114.402083, 30.4934502], [114.402126899, 30.4934243], [114.402131399, 30.493413], [114.402133999, 30.4934014], [114.4021306, 30.4933835], [114.402123199, 30.4933694], [114.402103299, 30.493348499], [114.4020987, 30.4933389], [114.4020978, 30.493325399], [114.4021035, 30.4933126], [114.4021142, 30.4933019], [114.402141, 30.4932878], [114.4021798, 30.493285899], [114.402218699, 30.4932883]]]}, "properties": {"id": 14564, "name": " ", "type": "游泳池", "area_sqm": 805}}, {"type": "Feature", "geometry": {"type": "Polygon", "coordinates": [[[114.397760299, 30.506218], [114.3977767, 30.506224099], [114.3977939, 30.5062404], [114.397799399, 30.5062551], [114.3977991, 30.506269199], [114.3977929, 30.5062837], [114.397778899, 30.5062971], [114.397762899, 30.506304], [114.397739799, 30.506305199], [114.397722899, 30.5063001], [114.397712, 30.506293], [114.3977016, 30.5062804], [114.397696799, 30.5062655], [114.397696799, 30.5062573], [114.3977015, 30.5062424], [114.3977118, 30.506229699], [114.3977227, 30.5062226], [114.3977396, 30.506217399], [114.397760299, 30.506218]]]}, "properties": {"id": 14566, "name": " ", "type": "艺术品", "area_sqm": 75}}, {"type": "Feature", "geometry": {"type": "Polygon", "coordinates": [[[114.400781399, 30.5060776], [114.400792699, 30.5060836], [114.400799, 30.506091199], [114.400802, 30.5061002], [114.400801299, 30.5061095], [114.4007938, 30.506121399], [114.4007851, 30.506127], [114.400774699, 30.506129699], [114.400759, 30.5061279], [114.4007499, 30.5061228], [114.400743299, 30.5061154], [114.400739799, 30.506104999], [114.4007409, 30.5060957], [114.400743299, 30.5060905], [114.400749999, 30.5060831], [114.4007591, 30.5060781], [114.4007707, 30.5060761], [114.400781399, 30.5060776]]]}, "properties": {"id": 14567, "name": " ", "type": "艺术品", "area_sqm": 27}}, {"type": "Feature", "geometry": {"type": "Polygon", "coordinates": [[[114.402208, 30.495096299], [114.4022523, 30.4951736], [114.4022265, 30.4952455], [114.4021466, 30.4952937], [114.4017059, 30.4953249], [114.4016423, 30.4952919], [114.401608499, 30.4952145], [114.401639299, 30.4951467], [114.401678899, 30.4951115], [114.4021209, 30.495072199], [114.402208, 30.495096299]]]}, "properties": {"id": 14568, "name": " ", "type": "跑道", "area_sqm": 1351}}, {"type": "Feature", "geometry": {"type": "Polygon", "coordinates": [[[114.4062143, 30.501918], [114.4062289, 30.5019252], [114.4062402, 30.5019363], [114.4062467, 30.5019499], [114.4062477, 30.5019646], [114.406243, 30.5019788], [114.4062332, 30.5019909], [114.406219299, 30.5019995], [114.406202899, 30.5020038], [114.4061858, 30.5020032], [114.4061699, 30.5019978], [114.4061569, 30.5019882], [114.406148399, 30.501975699], [114.406144899, 30.5019615], [114.406147, 30.5019471], [114.4061543, 30.501934099], [114.4061661, 30.501923799], [114.4061812, 30.5019173], [114.4061978, 30.5019153], [114.4062143, 30.501918]]]}, "properties": {"id": 14575, "name": " ", "type": "喷泉", "area_sqm": 75}}, {"type": "Feature", "geometry": {"type": "Polygon", "coordinates": [[[114.400754, 30.5047997], [114.4007594, 30.5048027], [114.400763399, 30.504807], [114.400765499, 30.5048122], [114.400765499, 30.5048174], [114.4007636, 30.5048225], [114.4007599, 30.504826699], [114.4007549, 30.5048297], [114.400748999, 30.5048312], [114.400742899, 30.504831], [114.4007371, 30.5048291], [114.4007324, 30.504825699], [114.400728999, 30.504821099], [114.4007277, 30.5048157], [114.400728399, 30.5048102], [114.4007312, 30.5048053], [114.400735699, 30.5048015], [114.4007415, 30.5047991], [114.4007478, 30.504798499], [114.400754, 30.5047997]]]}, "properties": {"id": 15028, "name": " ", "type": "喷泉", "area_sqm": 10}}, {"type": "Feature", "geometry": {"type": "Polygon", "coordinates": [[[114.4042989, 30.502566299], [114.4043056, 30.5025691], [114.404310899, 30.5025738], [114.404314, 30.5025797], [114.4043148, 30.5025861], [114.404313, 30.5025924], [114.4043089, 30.5025978], [114.404303, 30.5026018], [114.404295899, 30.502603799], [114.4042884, 30.502603799], [114.404281499, 30.5026016], [114.4042758, 30.5025978], [114.404271899, 30.502592499], [114.4042701, 30.5025864], [114.4042706, 30.502580199], [114.4042735, 30.5025744], [114.4042783, 30.5025698], [114.404284599, 30.5025667], [114.4042917, 30.5025654], [114.4042989, 30.502566299]]]}, "properties": {"id": 15029, "name": " ", "type": "喷泉", "area_sqm": 14}}, {"type": "Feature", "geometry": {"type": "Polygon", "coordinates": [[[114.406366499, 30.5016704], [114.406022699, 30.5016889], [114.4059723, 30.5016916], [114.404822899, 30.5017532], [114.404545799, 30.5017805], [114.4045153, 30.501796099], [114.404491499, 30.501863299], [114.4044712, 30.5019627], [114.404113799, 30.5020154], [114.404007499, 30.5017552], [114.4039725, 30.5016285], [114.404356999, 30.501490199], [114.404378499, 30.5015438], [114.4046159, 30.5014872], [114.404635199, 30.5011862], [114.404684899, 30.5011842], [114.404674699, 30.5008841], [114.4053374, 30.5007594], [114.4057355, 30.5007643], [114.4062353, 30.5007253], [114.406245999, 30.5008024], [114.4062535, 30.5008563], [114.406366499, 30.5016704]]]}, "properties": {"id": 15030, "name": "武汉市第三医院光谷院区", "type": "医院", "area_sqm": 19128}}, {"type": "Feature", "geometry": {"type": "Polygon", "coordinates": [[[114.4025847, 30.5044114], [114.4026129, 30.504473], [114.4026197, 30.5044879], [114.4026268, 30.504502999], [114.402587099, 30.5045167], [114.4025618, 30.5045252], [114.4025135, 30.50442], [114.402578399, 30.5043979], [114.4025847, 30.5044114]]]}, "properties": {"id": 15032, "name": "Casa Cocina 墨西哥餐厅", "type": "餐厅", "area_sqm": 84}}, {"type": "Feature", "geometry": {"type": "Polygon", "coordinates": [[[114.402803, 30.5037444], [114.4027358, 30.5037687], [114.4026732, 30.5037914], [114.4026197, 30.5036816], [114.402711299, 30.5036483], [114.4027494, 30.5036346], [114.402803, 30.5037444]]]}, "properties": {"id": 15033, "name": "麦当劳", "type": "快餐店", "area_sqm": 179}}, {"type": "Feature", "geometry": {"type": "Polygon", "coordinates": [[[114.403285599, 30.498840799], [114.4022093, 30.498888499], [114.402174099, 30.4983008], [114.4032505, 30.498253], [114.403285599, 30.498840799]]]}, "properties": {"id": 15057, "name": " ", "type": "运动场", "area_sqm": 6756}}, {"type": "Feature", "geometry": {"type": "Polygon", "coordinates": [[[114.4034814, 30.4989546], [114.4020085, 30.499018799], [114.402005, 30.498925499], [114.4019438, 30.498884899], [114.401886599, 30.4988328], [114.4018493, 30.4987793], [114.4018183, 30.4987117], [114.401802999, 30.498646], [114.4017978, 30.498582], [114.401804099, 30.4985049], [114.401828, 30.4984331], [114.4018659, 30.498373299], [114.4019151, 30.4983183], [114.401981, 30.4982629], [114.4020464, 30.4982237], [114.4021107, 30.4982021], [114.402196099, 30.4981876], [114.4031817, 30.4981421], [114.4032672, 30.4981505], [114.4033468, 30.4981656], [114.4034207, 30.4981961], [114.403477399, 30.4982357], [114.4035279, 30.498279899], [114.4035759, 30.498328], [114.403612, 30.4983883], [114.4036348, 30.4984727], [114.403643699, 30.498552899], [114.403636599, 30.4986243], [114.4036214, 30.4986877], [114.4035993, 30.4987377], [114.4035659, 30.4987836], [114.403524099, 30.4988253], [114.4034792, 30.498859], [114.4034814, 30.4989546]], [[114.402302, 30.4989096], [114.403198, 30.4988717], [114.4032714, 30.4988619], [114.4033588, 30.4988304], [114.4034228, 30.498785399], [114.4034773, 30.4987272], [114.4035107, 30.4986736], [114.403529299, 30.4986008], [114.4035327, 30.4985265], [114.4035141, 30.4984347], [114.403471799, 30.498369199], [114.4034127, 30.4983124], [114.4033483, 30.49827], [114.4032638, 30.4982396], [114.403184499, 30.498233699], [114.4022492, 30.4982749], [114.402163799, 30.498288], [114.4020908, 30.498313299], [114.402026299, 30.4983525], [114.401978599, 30.498398999], [114.401942599, 30.4984546], [114.401919999, 30.498522099], [114.4019099, 30.498602199], [114.4019183, 30.4986809], [114.4019572, 30.4987595], [114.402017999, 30.498827999], [114.4021093, 30.4988819], [114.4022057, 30.4989066], [114.402302, 30.4989096]]]}, "properties": {"id": 15058, "name": " ", "type": "跑道", "area_sqm": 4619}}, {"type": "Feature", "geometry": {"type": "Polygon", "coordinates": [[[114.4061307, 30.503086599], [114.406132099, 30.5031273], [114.4059846, 30.503223099], [114.4056093, 30.5031755], [114.405153899, 30.5031177], [114.4051233, 30.5030762], [114.405155499, 30.5029032], [114.4052045, 30.5026404], [114.4052116, 30.5026155], [114.405228899, 30.5025856], [114.4052481, 30.5025646], [114.4052753, 30.5025467], [114.405310499, 30.5025384], [114.405695299, 30.502509899], [114.405795899, 30.5025741], [114.405876399, 30.5025667], [114.406072999, 30.502550899], [114.4061307, 30.503086599]]]}, "properties": {"id": 15060, "name": " ", "type": "购物中心", "area_sqm": 6269}}, {"type": "Feature", "geometry": {"type": "Polygon", "coordinates": [[[114.405155499, 30.5029032], [114.4056423, 30.502953], [114.4056093, 30.5031755], [114.405153899, 30.5031177], [114.4051233, 30.5030762], [114.405155499, 30.5029032]]]}, "properties": {"id": 15061, "name": "无印良品", "type": "百货商店", "area_sqm": 1141}}, {"type": "Feature", "geometry": {"type": "Polygon", "coordinates": [[[114.4257563, 30.5077365], [114.425617099, 30.5079], [114.4249245, 30.5079522], [114.4248816, 30.5076379], [114.4252523, 30.5075857], [114.425203499, 30.507268201], [114.4257077, 30.507222001], [114.4257563, 30.5077365]]]}, "properties": {"id": 15272, "name": " ", "type": "停车场", "area_sqm": 4649}}, {"type": "Feature", "geometry": {"type": "Polygon", "coordinates": [[[114.4028422, 30.511219501], [114.402768799, 30.511617701], [114.4024616, 30.511575], [114.4025231, 30.5111802], [114.4028422, 30.511219501]]]}, "properties": {"id": 15279, "name": " ", "type": "停车场", "area_sqm": 1352}}, {"type": "Feature", "geometry": {"type": "Polygon", "coordinates": [[[114.4043146, 30.5111324], [114.4042238, 30.5117274], [114.402979199, 30.511576], [114.403078, 30.5109947], [114.4043146, 30.5111324]]]}, "properties": {"id": 15289, "name": " ", "type": "停车场", "area_sqm": 7916}}, {"type": "Feature", "geometry": {"type": "Polygon", "coordinates": [[[114.402348499, 30.5126431], [114.402298699, 30.5128684], [114.402222199, 30.5128558], [114.402271999, 30.5126306], [114.402348499, 30.5126431]]]}, "properties": {"id": 15302, "name": " ", "type": "停车场", "area_sqm": 190}}, {"type": "Feature", "geometry": {"type": "Polygon", "coordinates": [[[114.4249054, 30.5074766], [114.424317799, 30.507521], [114.4242997, 30.5073437], [114.4248873, 30.5072992], [114.4249054, 30.5074766]]]}, "properties": {"id": 15307, "name": " ", "type": "停车场", "area_sqm": 1118}}, {"type": "Feature", "geometry": {"type": "Polygon", "coordinates": [[[114.4116993, 30.5104134], [114.4115616, 30.5103479], [114.4115973, 30.5102923], [114.4114866, 30.5102397], [114.4116132, 30.510042], [114.4116625, 30.509990501], [114.4118331, 30.5099726], [114.411961399, 30.5100323], [114.4119365, 30.510071], [114.4119749, 30.5100896], [114.411961, 30.510115], [114.4118832, 30.5102326], [114.411799299, 30.5103593], [114.4117494, 30.5103352], [114.4116993, 30.5104134]]]}, "properties": {"id": 15864, "name": " ", "type": "停车场", "area_sqm": 1370}}, {"type": "Feature", "geometry": {"type": "Polygon", "coordinates": [[[114.411895799, 30.5115414], [114.4119031, 30.5116024], [114.4113588, 30.511651101], [114.4113486, 30.5115658], [114.411324599, 30.511366301], [114.4115625, 30.5113455], [114.411579099, 30.5114861], [114.4118861, 30.5114592], [114.411895799, 30.5115414]]]}, "properties": {"id": 15868, "name": " ", "type": "自行车停车场", "area_sqm": 1202}}, {"type": "Feature", "geometry": {"type": "Polygon", "coordinates": [[[114.4079934, 30.507573001], [114.4080068, 30.5075845], [114.408130199, 30.5087365], [114.40809, 30.5087388], [114.4080417, 30.5087873], [114.408047, 30.5088451], [114.4079331, 30.5088509], [114.407800299, 30.5075175], [114.407924999, 30.507514001], [114.4079934, 30.507573001]]]}, "properties": {"id": 15877, "name": " ", "type": "停车场", "area_sqm": 2776}}, {"type": "Feature", "geometry": {"type": "Polygon", "coordinates": [[[114.402965299, 30.5089793], [114.40292, 30.5092183], [114.4025418, 30.5091652], [114.402587099, 30.508926201], [114.402965299, 30.5089793]]]}, "properties": {"id": 15910, "name": " ", "type": "停车场", "area_sqm": 988}}, {"type": "Feature", "geometry": {"type": "Polygon", "coordinates": [[[114.403664199, 30.5078474], [114.4035906, 30.5082524], [114.402734899, 30.5081368], [114.4028086, 30.5077318], [114.403664199, 30.5078474]]]}, "properties": {"id": 15911, "name": " ", "type": "停车场", "area_sqm": 3781}}, {"type": "Feature", "geometry": {"type": "Polygon", "coordinates": [[[114.4116732, 30.5039639], [114.411367199, 30.5039853], [114.4113825, 30.504147], [114.411068599, 30.504169], [114.4110256, 30.5037137], [114.4116455, 30.5036703], [114.4116732, 30.5039639]]]}, "properties": {"id": 16023, "name": " ", "type": "停车场", "area_sqm": 2495}}, {"type": "Feature", "geometry": {"type": "Polygon", "coordinates": [[[114.4004133, 30.4995573], [114.4004163, 30.4996102], [114.4000063, 30.4996311], [114.399997, 30.4994312], [114.400023399, 30.499429], [114.4000227, 30.499412], [114.4000446, 30.4994102], [114.4000438, 30.4993886], [114.4001314, 30.4993766], [114.4003789, 30.4993435], [114.4003987, 30.4993428], [114.4004133, 30.4995573]]]}, "properties": {"id": 16143, "name": "TotalEnergies", "type": "加油站", "area_sqm": 1085}}, {"type": "Feature", "geometry": {"type": "Polygon", "coordinates": [[[114.4054826, 30.4999851], [114.404843, 30.5000246], [114.4048367, 30.4998906], [114.405481299, 30.4998588], [114.4054826, 30.4999851]]]}, "properties": {"id": 16150, "name": " ", "type": "停车场", "area_sqm": 891}}, {"type": "Feature", "geometry": {"type": "Polygon", "coordinates": [[[114.4235281, 30.4893089], [114.4235762, 30.4893183], [114.4236172, 30.4893358], [114.4236567, 30.4893619], [114.4236851, 30.4893807], [114.4237052, 30.4894061], [114.4237245, 30.4894303], [114.4238015, 30.4896045], [114.4237514, 30.4896219], [114.4238391, 30.4898191], [114.4236509, 30.4899354], [114.4223706, 30.4904046], [114.4222599, 30.4904493], [114.4221775, 30.489976], [114.4222106, 30.4898413], [114.4221728, 30.4898225], [114.4222017, 30.489774], [114.422271, 30.489668], [114.4223021, 30.4896222], [114.4223462, 30.4895572], [114.4224078, 30.4894876], [114.4224434, 30.4894607], [114.4224876, 30.4894402], [114.4225421, 30.4894261], [114.422869, 30.4893812], [114.422908, 30.4893772], [114.4229376, 30.4893742], [114.4233159, 30.4893353], [114.4234837, 30.4893075], [114.4235281, 30.4893089]]]}, "properties": {"id": 16263, "name": "武汉东站西广场", "type": "公交站", "area_sqm": 12886}}, {"type": "Feature", "geometry": {"type": "Polygon", "coordinates": [[[114.4008974, 30.5036308], [114.4009756, 30.503721801], [114.401048, 30.5038375], [114.4011036, 30.5039616], [114.4011094, 30.5040139], [114.4005506, 30.5043052], [114.4005151, 30.504298601], [114.4004939, 30.5042767], [114.4004281, 30.5041564], [114.4003058, 30.5039187], [114.4003037, 30.5039094], [114.4002825, 30.5038639], [114.4002523, 30.503799801], [114.4001408, 30.5034904], [114.4005956, 30.5033285], [114.4008974, 30.5036308]]]}, "properties": {"id": 16264, "name": "珞雄路公交场站", "type": "公交站", "area_sqm": 5859}}, {"type": "Feature", "geometry": {"type": "Polygon", "coordinates": [[[114.4064042, 30.511268], [114.4063908, 30.5113443], [114.4063077, 30.5113766], [114.4062058, 30.511374501], [114.4060879, 30.5113352], [114.406026, 30.5112496], [114.4060288, 30.5111642], [114.4060153, 30.5110855], [114.4059564, 30.5110232], [114.4057149, 30.5109191], [114.4054682, 30.5107737], [114.405436, 30.5105332], [114.4054574, 30.5104454], [114.4055084, 30.510383], [114.4055722, 30.5103479], [114.4062986, 30.5102826], [114.4064042, 30.511268]]]}, "properties": {"id": 16395, "name": "荷塘", "type": "水域", "area_sqm": 7273}}, {"type": "Feature", "geometry": {"type": "Polygon", "coordinates": [[[114.4122045, 30.5109653], [114.4122353, 30.5110196], [114.4122172, 30.5110653], [114.412178401, 30.5110826], [114.4121237, 30.5110852], [114.412049601, 30.5110931], [114.412004, 30.511086101], [114.4119557, 30.5110653], [114.4118015, 30.5109775], [114.4116741, 30.5109243], [114.4115399, 30.5108643], [114.4114327, 30.5108215], [114.4112947, 30.510762], [114.4109143, 30.5106902], [114.4108392, 30.5106556], [114.4108057, 30.5106164], [114.4107722, 30.5105597], [114.4107757, 30.5104805], [114.4107829, 30.5104234], [114.4108084, 30.5103853], [114.4109092, 30.5103386], [114.4112737, 30.5103344], [114.4114065, 30.5103622], [114.4114588, 30.5104107], [114.4115661, 30.5104627], [114.4116667, 30.5105182], [114.4118907, 30.5106187], [114.4119792, 30.5106626], [114.4120114, 30.5106788], [114.4120194, 30.5107169], [114.412014, 30.5109098], [114.4120181, 30.5109387], [114.4120355, 30.510948], [114.4121656, 30.5109433], [114.4122045, 30.5109653]]]}, "properties": {"id": 16396, "name": " ", "type": "水域", "area_sqm": 5466}}, {"type": "Feature", "geometry": {"type": "Polygon", "coordinates": [[[114.4123453, 30.51219], [114.4123707, 30.5122992], [114.4123835, 30.5124286], [114.4122343, 30.5126637], [114.412030101, 30.5128243], [114.411884, 30.5128486], [114.4117016, 30.512889], [114.4116654, 30.5129225], [114.4116159, 30.5129399], [114.4115568, 30.5128879], [114.4115473, 30.512785], [114.4115446, 30.512551701], [114.4120241, 30.5121651], [114.412238, 30.5121392], [114.4123453, 30.51219]]]}, "properties": {"id": 16439, "name": "镜湖东塘", "type": "水域", "area_sqm": 4513}}, {"type": "Feature", "geometry": {"type": "Polygon", "coordinates": [[[114.3996103, 30.5135417], [114.3995674, 30.5136157], [114.3993421, 30.5135926], [114.3993072, 30.5135163], [114.3993421, 30.5134331], [114.3994762, 30.5134793], [114.3995486, 30.5134724], [114.3996103, 30.5135417]]]}, "properties": {"id": 16466, "name": " ", "type": "水域", "area_sqm": 392}}, {"type": "Feature", "geometry": {"type": "Polygon", "coordinates": [[[114.402298601, 30.4893123], [114.402357, 30.4893244], [114.4023897, 30.4893485], [114.4024177, 30.4893827], [114.4024061, 30.489423], [114.4023757, 30.489485301], [114.4023477, 30.4895417], [114.4023197, 30.4896181], [114.402308, 30.4896523], [114.402287, 30.4896906], [114.4022683, 30.4897087], [114.4022146, 30.4897147], [114.4021679, 30.4897107], [114.402111801, 30.4896785], [114.4020698, 30.4896503], [114.4020184, 30.4896061], [114.401967101, 30.4895819], [114.401897, 30.4895417], [114.4018316, 30.4895175], [114.4017733, 30.4895014], [114.4017382, 30.4894914], [114.4017219, 30.4894672], [114.4017196, 30.489423], [114.4017569, 30.4894008], [114.4017966, 30.4893827], [114.4018994, 30.4893626], [114.4020254, 30.4893445], [114.4021492, 30.4893203], [114.4022122, 30.489310301], [114.402298601, 30.4893123]]]}, "properties": {"id": 18935, "name": " ", "type": "水域", "area_sqm": 1846}}, {"type": "Feature", "geometry": {"type": "Polygon", "coordinates": [[[114.4271856, 30.5202766], [114.427353, 30.5200736], [114.4273756, 30.5199727], [114.427365, 30.5198831], [114.4273151, 30.5197194], [114.4272575, 30.5196086], [114.4271327, 30.519455], [114.426976301, 30.5193369], [114.4266382, 30.5191276], [114.4265849, 30.5190638], [114.4265245, 30.5190073], [114.4264233, 30.5188727], [114.4262704, 30.5185437], [114.4261658, 30.5184148], [114.4261624, 30.5183028], [114.4259995, 30.5179126], [114.4259363, 30.5178004], [114.4258606, 30.5175811], [114.4257677, 30.5174147], [114.4257364, 30.5173078], [114.4256785, 30.5172006], [114.4256157, 30.5170113], [114.4255347, 30.5168533], [114.4254788, 30.5166799], [114.4252708, 30.516237], [114.4250485, 30.5160788], [114.4247976, 30.5159164], [114.4246501, 30.515785], [114.4245614, 30.5156561], [114.4245131, 30.5155156], [114.4244886, 30.5152974], [114.4246996, 30.5145557], [114.4247551, 30.5144281], [114.4252982, 30.5137011], [114.4253533, 30.5134753], [114.4254362, 30.5129218], [114.425569, 30.5125906], [114.4257774, 30.5123087], [114.4258593, 30.5121404], [114.4259339, 30.5119769], [114.4260505, 30.5118277], [114.4261989, 30.5116535], [114.4264204, 30.5116349], [114.4265195, 30.5115634], [114.4267817, 30.5112695], [114.4269193, 30.5111042], [114.4270054, 30.5108996], [114.4270257, 30.5108121], [114.4270171, 30.5106373], [114.427061, 30.510487], [114.4272029, 30.5102088], [114.4272661, 30.5101023], [114.427295, 30.5100314], [114.4272543, 30.5095551], [114.4272979, 30.5093958], [114.4273803, 30.509302], [114.42745, 30.5092515], [114.4276365, 30.5091879], [114.4277551, 30.5091432], [114.427853, 30.509101], [114.4278943, 30.5090363], [114.4279179, 30.5089643], [114.4280048, 30.5086627], [114.4280536, 30.5083426], [114.4281418, 30.5083413], [114.4279954, 30.5089982], [114.4278798, 30.5092369], [114.4277867, 30.5093316], [114.4276619, 30.509432201], [114.4274526, 30.5094466], [114.4273919, 30.5094957], [114.4273474, 30.5095781], [114.4273657, 30.5100703], [114.4273431, 30.5101501], [114.4271118, 30.5105804], [114.4271165, 30.5108157], [114.427069, 30.5109766], [114.4269375, 30.5112295], [114.4265417, 30.511669], [114.4264399, 30.5117443], [114.4261849, 30.5119319], [114.4261152, 30.5120641], [114.4259757, 30.5123738], [114.4257881, 30.5126135], [114.4257115, 30.512765], [114.4256201, 30.5130207], [114.4255741, 30.5135483], [114.4254896, 30.5136644], [114.4249398, 30.51447], [114.4248646, 30.5146438], [114.4246992, 30.5152093], [114.4246853, 30.5153259], [114.4247047, 30.5154784], [114.4247654, 30.5156358], [114.424846701, 30.5157569], [114.4249231, 30.5158217], [114.4252996, 30.5160578], [114.4254537, 30.5161896], [114.425719, 30.5166924], [114.4263766, 30.5181915], [114.426475, 30.5183295], [114.4264893, 30.5184514], [114.4265302, 30.5185458], [114.4266226, 30.5187752], [114.4267985, 30.5189941], [114.4270364, 30.519165], [114.4270885, 30.5191675], [114.4271915, 30.5192557], [114.4273312, 30.5193513], [114.4274743, 30.5195217], [114.427534101, 30.5196569], [114.427588501, 30.5197882], [114.4276147, 30.5200695], [114.4276723, 30.5203576], [114.4273588, 30.5202995], [114.4271856, 30.5202766]]]}, "properties": {"id": 19613, "name": "湖溪河", "type": "河岸", "area_sqm": 26579}}, {"type": "Feature", "geometry": {"type": "Polygon", "coordinates": [[[114.4071726, 30.510297401], [114.407229001, 30.51048], [114.4071029, 30.5107411], [114.4068695, 30.5109953], [114.4066952, 30.5111363], [114.4065262, 30.5112564], [114.406421, 30.5102741], [114.4070439, 30.5102258], [114.4071726, 30.510297401]]]}, "properties": {"id": 33182, "name": " ", "type": "水域", "area_sqm": 5716}}, {"type": "Feature", "geometry": {"type": "Polygon", "coordinates": [[[114.4243466, 30.5156883], [114.4245965, 30.5160024], [114.4250082, 30.5162477], [114.4247846, 30.5163546], [114.4247204, 30.5163805], [114.4241636, 30.5164429], [114.4240958, 30.5161899], [114.4239961, 30.5160915], [114.4238835, 30.5158689], [114.4235617, 30.5157025], [114.4232011, 30.5156566], [114.4230204, 30.5155406], [114.4229071, 30.5155222], [114.4228084, 30.5155569], [114.4226819, 30.5156471], [114.4226528, 30.5158041], [114.4226711, 30.5159548], [114.4225013, 30.5159324], [114.4222985, 30.5158227], [114.4221443, 30.5156775], [114.4220677, 30.5154939], [114.4220527, 30.51531], [114.4221153, 30.5151249], [114.4221173, 30.5149174], [114.4220429, 30.5147338], [114.4219738, 30.5146304], [114.4219419, 30.5145124], [114.4216624, 30.5143951], [114.4215115, 30.5142932], [114.4214803, 30.5141128], [114.4215248, 30.5138559], [114.4214969, 30.5135957], [114.4228603, 30.5131791], [114.4231454, 30.5132726], [114.4232212, 30.513572], [114.4230252, 30.5142791], [114.4228245, 30.5145895], [114.4241714, 30.515361], [114.4243466, 30.5156883]], [[114.4232428, 30.515259], [114.4231776, 30.5152891], [114.4231278, 30.5153449], [114.4231286, 30.5154044], [114.4231979, 30.5154362], [114.4232938, 30.5154278], [114.4233786, 30.5154041], [114.4234401, 30.5153689], [114.4233988, 30.5152562], [114.4233462, 30.5152608], [114.4232855, 30.5152228], [114.4232428, 30.515259]]]}, "properties": {"id": 33253, "name": "东九湖", "type": "水域", "area_sqm": 44474}}, {"type": "Feature", "geometry": {"type": "Polygon", "coordinates": [[[114.4113522, 30.5130517], [114.4104168, 30.5131445], [114.4103136, 30.5131548], [114.4102411, 30.5131397], [114.4102103, 30.5131132], [114.4101781, 30.5130612], [114.4101916, 30.513024301], [114.4102948, 30.5129353], [114.4106502, 30.5127308], [114.4108943, 30.5126453], [114.4110365, 30.5125875], [114.4112855, 30.5125643], [114.4113522, 30.5130517]]]}, "properties": {"id": 33254, "name": "镜湖西塘", "type": "水域", "area_sqm": 4627}}]}