{"type": "FeatureCollection", "features": [{"type": "Feature", "geometry": {"type": "Polygon", "coordinates": [[[114.4057758, 30.5131695], [114.4056565, 30.5133315], [114.4055621, 30.5132931], [114.4054174, 30.5131447], [114.4053968, 30.5131019], [114.4053543, 30.5130765], [114.4054561, 30.5130013], [114.4055199, 30.5129856], [114.4057227, 30.5130226], [114.4058538, 30.5130212], [114.4057758, 30.5131695]]]}, "properties": {"id": 14656, "block_id": 14656, "area_sqm": 1038, "poi_count": 0, "dominant_category": null, "category_entropy": null, "street_block_id": 16304}}, {"type": "Feature", "geometry": {"type": "Polygon", "coordinates": [[[114.4021545, 30.4996342], [114.4016625, 30.4996574], [114.4016709, 30.4993102], [114.4016779, 30.4990246], [114.4017151, 30.4988508], [114.4016338, 30.497506], [114.4016054, 30.4971459], [114.4015712, 30.4971234], [114.4008071, 30.4971991], [114.4007384, 30.4972132], [114.4006857, 30.4972352], [114.4006418, 30.4972584], [114.4005997, 30.4972801], [114.4005765, 30.4973141], [114.4005647, 30.4973571], [114.4005667, 30.4973955], [114.4005781, 30.4974378], [114.4006348, 30.4975971], [114.3998026, 30.49769], [114.3995708, 30.4977089], [114.399411, 30.4977042], [114.3992768, 30.4957897], [114.3992065, 30.4953047], [114.3989812, 30.4941573], [114.398817, 30.4927635], [114.3988543, 30.4926141], [114.3990818, 30.4925875], [114.400083, 30.4924351], [114.4053163, 30.4918628], [114.4054143, 30.4925234], [114.4055109, 30.4932768], [114.4055806, 30.4939586], [114.4056601, 30.494558], [114.4056316, 30.4948009], [114.4058461, 30.4964307], [114.405826, 30.4965136], [114.4057957, 30.4966415], [114.4057952, 30.4967572], [114.405835, 30.4970352], [114.4059234, 30.497755], [114.4060353, 30.4988967], [114.4060775, 30.498967], [114.406160217, 30.498973349], [114.4061396, 30.4990293], [114.4060973, 30.4991027], [114.4060398, 30.4991707], [114.4059682, 30.4992414], [114.4058623, 30.4993059], [114.4057584, 30.4993485], [114.4056148, 30.4993879], [114.4054925, 30.499416], [114.4049381, 30.4994813], [114.404733781, 30.499507604], [114.4040678, 30.4995381], [114.40394, 30.4995439], [114.402905928, 30.499596198], [114.4021545, 30.4996342]]]}, "properties": {"id": 12518, "block_id": 12518, "area_sqm": 459783, "poi_count": 970, "dominant_category": "购物服务", "category_entropy": 2.295, "street_block_id": 16241}}, {"type": "Feature", "geometry": {"type": "Polygon", "coordinates": [[[114.4162525, 30.4886967], [114.416192406, 30.488704071], [114.4161986, 30.4885677], [114.416179107, 30.48811815], [114.4162538, 30.4880833], [114.416389, 30.48805], [114.4165097, 30.4880385], [114.4166545, 30.4880662], [114.4167752, 30.4881286], [114.416845, 30.4882049], [114.4168654, 30.48824], [114.4168879, 30.4882789], [114.4169094, 30.4883367], [114.4169442, 30.4884268], [114.4169786, 30.4885214], [114.4165898, 30.4886165], [114.4164702, 30.4886563], [114.416422544, 30.48867212], [114.4162525, 30.4886967]]]}, "properties": {"id": 10914, "block_id": 10914, "area_sqm": 4159, "poi_count": 1, "dominant_category": "地名地址信息", "category_entropy": 0.0, "street_block_id": 16380}}, {"type": "Feature", "geometry": {"type": "Polygon", "coordinates": [[[114.4064619, 30.5031648], [114.4062051, 30.5031787], [114.4061253, 30.5024678], [114.4064958, 30.5024341], [114.406534, 30.5028281], [114.4065829, 30.5029407], [114.4066121, 30.5030812], [114.4064619, 30.5031648]]]}, "properties": {"id": 13014, "block_id": 13014, "area_sqm": 2887, "poi_count": 1, "dominant_category": "购物服务", "category_entropy": 0.0, "street_block_id": 16263}}, {"type": "Feature", "geometry": {"type": "Polygon", "coordinates": [[[114.424877617, 30.492061665], [114.424795396, 30.492085885], [114.424757133, 30.492008124], [114.424838823, 30.491984257], [114.424877617, 30.492061665]]]}, "properties": {"id": 11639, "block_id": 11639, "area_sqm": 78, "poi_count": 0, "dominant_category": null, "category_entropy": null, "street_block_id": null}}, {"type": "Feature", "geometry": {"type": "Polygon", "coordinates": [[[114.423712217, 30.487427305], [114.423190296, 30.487494976], [114.4231452, 30.4874367], [114.4230546, 30.4874081], [114.4231552, 30.487392], [114.4233067, 30.4873573], [114.4234087, 30.4873157], [114.4235267, 30.4872579], [114.4236179, 30.4871978], [114.4236983, 30.4871192], [114.4237466, 30.4870522], [114.4237842, 30.4869852], [114.4238044, 30.4869295], [114.4238137, 30.4868557], [114.4238217, 30.4866939], [114.4238968, 30.4866916], [114.4238834, 30.4869875], [114.42387, 30.4871077], [114.4238432, 30.4872047], [114.423811, 30.4872787], [114.4237627, 30.4873596], [114.423712217, 30.487427305]]]}, "properties": {"id": 10716, "block_id": 10716, "area_sqm": 1798, "poi_count": 0, "dominant_category": null, "category_entropy": null, "street_block_id": null}}, {"type": "Feature", "geometry": {"type": "Polygon", "coordinates": [[[114.42366546, 30.487517192], [114.423605219, 30.487525145], [114.4236285, 30.4875098], [114.4236903, 30.4874567], [114.42366546, 30.487517192]]]}, "properties": {"id": 10728, "block_id": 10728, "area_sqm": 17, "poi_count": 0, "dominant_category": null, "category_entropy": null, "street_block_id": null}}, {"type": "Feature", "geometry": {"type": "Polygon", "coordinates": [[[114.4204893, 30.4873861], [114.420512002, 30.48757079], [114.4205041, 30.4875637], [114.4204334, 30.4874173], [114.4203584, 30.4868044], [114.4204176, 30.4868019], [114.4204893, 30.4873861]]]}, "properties": {"id": 10744, "block_id": 10744, "area_sqm": 442, "poi_count": 0, "dominant_category": null, "category_entropy": null, "street_block_id": null}}, {"type": "Feature", "geometry": {"type": "Polygon", "coordinates": [[[114.423605219, 30.487525145], [114.423199253, 30.487578746], [114.4232174, 30.48753], [114.423190296, 30.487494976], [114.423712217, 30.487427305], [114.4236903, 30.4874567], [114.4236285, 30.4875098], [114.423605219, 30.487525145]]]}, "properties": {"id": 10748, "block_id": 10748, "area_sqm": 413, "poi_count": 0, "dominant_category": null, "category_entropy": null, "street_block_id": null}}, {"type": "Feature", "geometry": {"type": "Polygon", "coordinates": [[[114.4203937, 30.4876399], [114.420355207, 30.487644133], [114.4203463, 30.4874746], [114.4201329, 30.4859733], [114.4200723, 30.4855821], [114.4202706, 30.4860876], [114.4203584, 30.4868044], [114.4204334, 30.4874173], [114.4204502, 30.4875256], [114.4204476, 30.4875796], [114.4204276, 30.4876163], [114.4203937, 30.4876399]]]}, "properties": {"id": 10760, "block_id": 10760, "area_sqm": 2074, "poi_count": 0, "dominant_category": null, "category_entropy": null, "street_block_id": null}}, {"type": "Feature", "geometry": {"type": "Polygon", "coordinates": [[[114.4201761, 30.4875154], [114.420192275, 30.487655137], [114.4201639, 30.4876539], [114.4201288, 30.4876298], [114.4200876, 30.487581], [114.4200724, 30.4874234], [114.4199921, 30.4867676], [114.4199166, 30.4861516], [114.4199273, 30.4859656], [114.4199463, 30.4855983], [114.4200683, 30.4866036], [114.4201761, 30.4875154]]]}, "properties": {"id": 10761, "block_id": 10761, "area_sqm": 1784, "poi_count": 0, "dominant_category": null, "category_entropy": null, "street_block_id": null}}, {"type": "Feature", "geometry": {"type": "Polygon", "coordinates": [[[114.420355207, 30.487644133], [114.4202373, 30.4876571], [114.420192275, 30.487655137], [114.4201761, 30.4875154], [114.4200683, 30.4866036], [114.4199463, 30.4855983], [114.4199418, 30.4855616], [114.4199144, 30.4853181], [114.4199336, 30.485147], [114.4200434, 30.4853509], [114.4200723, 30.4855821], [114.4201329, 30.4859733], [114.4203463, 30.4874746], [114.420355207, 30.487644133]]]}, "properties": {"id": 10764, "block_id": 10764, "area_sqm": 3851, "poi_count": 0, "dominant_category": null, "category_entropy": null, "street_block_id": null}}, {"type": "Feature", "geometry": {"type": "Polygon", "coordinates": [[[114.4205614, 30.4876151], [114.420523093, 30.487661013], [114.420512002, 30.48757079], [114.4205614, 30.4876151]]]}, "properties": {"id": 10767, "block_id": 10767, "area_sqm": 21, "poi_count": 0, "dominant_category": null, "category_entropy": null, "street_block_id": null}}, {"type": "Feature", "geometry": {"type": "Polygon", "coordinates": [[[114.4205065, 30.4876809], [114.420357994, 30.487697193], [114.420355207, 30.487644133], [114.4203937, 30.4876399], [114.4204276, 30.4876163], [114.4204476, 30.4875796], [114.4204502, 30.4875256], [114.4204334, 30.4874173], [114.4205041, 30.4875637], [114.420512002, 30.48757079], [114.420523093, 30.487661013], [114.4205065, 30.4876809]]]}, "properties": {"id": 10776, "block_id": 10776, "area_sqm": 190, "poi_count": 0, "dominant_category": null, "category_entropy": null, "street_block_id": null}}, {"type": "Feature", "geometry": {"type": "Polygon", "coordinates": [[[114.420357994, 30.487697193], [114.42019916, 30.487714619], [114.420192275, 30.487655137], [114.4202373, 30.4876571], [114.420355207, 30.487644133], [114.420357994, 30.487697193]]]}, "properties": {"id": 10778, "block_id": 10778, "area_sqm": 93, "poi_count": 0, "dominant_category": null, "category_entropy": null, "street_block_id": null}}, {"type": "Feature", "geometry": {"type": "Polygon", "coordinates": [[[114.42019916, 30.487714619], [114.4200854, 30.4877271], [114.4200476, 30.4877071], [114.4200876, 30.487581], [114.4201288, 30.4876298], [114.4201639, 30.4876539], [114.420192275, 30.487655137], [114.42019916, 30.487714619]]]}, "properties": {"id": 10782, "block_id": 10782, "area_sqm": 134, "poi_count": 0, "dominant_category": null, "category_entropy": null, "street_block_id": null}}, {"type": "Feature", "geometry": {"type": "Polygon", "coordinates": [[[114.4237598, 30.4875851], [114.4238153, 30.4877698], [114.4237612, 30.4877248], [114.423644, 30.4876273], [114.4237215, 30.48756], [114.423785, 30.487559], [114.4237598, 30.4875851]]]}, "properties": {"id": 10789, "block_id": 10789, "area_sqm": 159, "poi_count": 0, "dominant_category": null, "category_entropy": null, "street_block_id": 16390}}, {"type": "Feature", "geometry": {"type": "Polygon", "coordinates": [[[114.4200137, 30.4877661], [114.420008666, 30.487772045], [114.4198866, 30.4867788], [114.4199921, 30.4867676], [114.4200724, 30.4874234], [114.4200876, 30.487581], [114.4200476, 30.4877071], [114.4200137, 30.4877661]]]}, "properties": {"id": 10790, "block_id": 10790, "area_sqm": 1031, "poi_count": 0, "dominant_category": null, "category_entropy": null, "street_block_id": null}}, {"type": "Feature", "geometry": {"type": "Polygon", "coordinates": [[[114.4223633, 30.4876022], [114.4210552, 30.4877734], [114.4208859, 30.4877595], [114.420777, 30.4877352], [114.4206584, 30.4876833], [114.4208552, 30.4876901], [114.421059, 30.4876763], [114.4230546, 30.4874081], [114.4231452, 30.4874367], [114.423190296, 30.487494976], [114.4223633, 30.4876022]]]}, "properties": {"id": 10792, "block_id": 10792, "area_sqm": 2480, "poi_count": 0, "dominant_category": null, "category_entropy": null, "street_block_id": null}}, {"type": "Feature", "geometry": {"type": "Polygon", "coordinates": [[[114.4205674, 30.4878183], [114.420542819, 30.487821481], [114.420523093, 30.487661013], [114.4205614, 30.4876151], [114.4205891, 30.48764], [114.4206584, 30.4876833], [114.420777, 30.4877352], [114.4208859, 30.4877595], [114.4210552, 30.4877734], [114.4205674, 30.4878183]]]}, "properties": {"id": 10800, "block_id": 10800, "area_sqm": 426, "poi_count": 0, "dominant_category": null, "category_entropy": null, "street_block_id": null}}, {"type": "Feature", "geometry": {"type": "Polygon", "coordinates": [[[114.420365729, 30.487844398], [114.420216419, 30.487863719], [114.42019916, 30.487714619], [114.420357994, 30.487697193], [114.420365729, 30.487844398]]]}, "properties": {"id": 10811, "block_id": 10811, "area_sqm": 245, "poi_count": 0, "dominant_category": null, "category_entropy": null, "street_block_id": null}}, {"type": "Feature", "geometry": {"type": "Polygon", "coordinates": [[[114.420216419, 30.487863719], [114.420023009, 30.487888748], [114.420008666, 30.487772045], [114.4200137, 30.4877661], [114.4200476, 30.4877071], [114.4200854, 30.4877271], [114.42019916, 30.487714619], [114.420216419, 30.487863719]]]}, "properties": {"id": 10814, "block_id": 10814, "area_sqm": 317, "poi_count": 0, "dominant_category": null, "category_entropy": null, "street_block_id": null}}, {"type": "Feature", "geometry": {"type": "Polygon", "coordinates": [[[114.4199716, 30.4878954], [114.419671, 30.4879462], [114.4198454, 30.4878887], [114.419964, 30.4878248], [114.420008666, 30.487772045], [114.420023009, 30.487888748], [114.4199716, 30.4878954]]]}, "properties": {"id": 10818, "block_id": 10818, "area_sqm": 143, "poi_count": 0, "dominant_category": null, "category_entropy": null, "street_block_id": null}}, {"type": "Feature", "geometry": {"type": "Polygon", "coordinates": [[[114.4207858, 30.4878952], [114.420560015, 30.487961378], [114.420542819, 30.487821481], [114.4205674, 30.4878183], [114.4210552, 30.4877734], [114.4223633, 30.4876022], [114.423190296, 30.487494976], [114.4232174, 30.48753], [114.423199253, 30.487578746], [114.4223695, 30.4876883], [114.421048, 30.4878531], [114.4207858, 30.4878952]]]}, "properties": {"id": 10822, "block_id": 10822, "area_sqm": 2477, "poi_count": 0, "dominant_category": null, "category_entropy": null, "street_block_id": null}}, {"type": "Feature", "geometry": {"type": "Polygon", "coordinates": [[[114.4210994, 30.4879541], [114.420561489, 30.48797337], [114.420560015, 30.487961378], [114.4207858, 30.4878952], [114.421048, 30.4878531], [114.4223695, 30.4876883], [114.423199253, 30.487578746], [114.4231833, 30.4876216], [114.4231134, 30.4876748], [114.4228026, 30.4877208], [114.4218749, 30.4878385], [114.4216712, 30.4878806], [114.4213697, 30.4879216], [114.4210994, 30.4879541]]]}, "properties": {"id": 10826, "block_id": 10826, "area_sqm": 2471, "poi_count": 0, "dominant_category": null, "category_entropy": null, "street_block_id": null}}, {"type": "Feature", "geometry": {"type": "Polygon", "coordinates": [[[114.420561489, 30.48797337], [114.4205132, 30.4879751], [114.420560015, 30.487961378], [114.420561489, 30.48797337]]]}, "properties": {"id": 10827, "block_id": 10827, "area_sqm": 3, "poi_count": 0, "dominant_category": null, "category_entropy": null, "street_block_id": null}}, {"type": "Feature", "geometry": {"type": "Polygon", "coordinates": [[[114.4205132, 30.4879751], [114.420373619, 30.487994586], [114.420365729, 30.487844398], [114.420542819, 30.487821481], [114.420560015, 30.487961378], [114.4205132, 30.4879751]]]}, "properties": {"id": 10830, "block_id": 10830, "area_sqm": 290, "poi_count": 0, "dominant_category": null, "category_entropy": null, "street_block_id": null}}, {"type": "Feature", "geometry": {"type": "Polygon", "coordinates": [[[114.4238388, 30.4879729], [114.4235504, 30.4880071], [114.4235571, 30.4879618], [114.4237612, 30.4877248], [114.4238153, 30.4877698], [114.4238585, 30.4879136], [114.4238268, 30.4879191], [114.4238338, 30.4879545], [114.4238388, 30.4879729]]]}, "properties": {"id": 10833, "block_id": 10833, "area_sqm": 508, "poi_count": 0, "dominant_category": null, "category_entropy": null, "street_block_id": 16390}}, {"type": "Feature", "geometry": {"type": "Polygon", "coordinates": [[[114.420373619, 30.487994586], [114.420231204, 30.488014467], [114.4202246, 30.4879344], [114.420216419, 30.487863719], [114.420365729, 30.487844398], [114.420373619, 30.487994586]]]}, "properties": {"id": 10836, "block_id": 10836, "area_sqm": 235, "poi_count": 0, "dominant_category": null, "category_entropy": null, "street_block_id": null}}, {"type": "Feature", "geometry": {"type": "Polygon", "coordinates": [[[114.420231204, 30.488014467], [114.42004171, 30.488040921], [114.420023009, 30.487888748], [114.420216419, 30.487863719], [114.4202246, 30.4879344], [114.420231204, 30.488014467]]]}, "properties": {"id": 10839, "block_id": 10839, "area_sqm": 314, "poi_count": 0, "dominant_category": null, "category_entropy": null, "street_block_id": null}}, {"type": "Feature", "geometry": {"type": "Polygon", "coordinates": [[[114.4205494, 30.4880992], [114.420380211, 30.488120045], [114.420373619, 30.487994586], [114.4205132, 30.4879751], [114.420561489, 30.48797337], [114.420578382, 30.488110793], [114.4205494, 30.4880992]]]}, "properties": {"id": 10852, "block_id": 10852, "area_sqm": 262, "poi_count": 0, "dominant_category": null, "category_entropy": null, "street_block_id": null}}, {"type": "Feature", "geometry": {"type": "Polygon", "coordinates": [[[114.4206717, 30.4880968], [114.4206314, 30.488132], [114.420578382, 30.488110793], [114.420561489, 30.48797337], [114.4210994, 30.4879541], [114.420789, 30.4880408], [114.4207268, 30.4880647], [114.4206717, 30.4880968]]]}, "properties": {"id": 10854, "block_id": 10854, "area_sqm": 407, "poi_count": 0, "dominant_category": null, "category_entropy": null, "street_block_id": null}}, {"type": "Feature", "geometry": {"type": "Polygon", "coordinates": [[[114.420380211, 30.488120045], [114.420241324, 30.488137157], [114.420231204, 30.488014467], [114.420373619, 30.487994586], [114.420380211, 30.488120045]]]}, "properties": {"id": 10855, "block_id": 10855, "area_sqm": 187, "poi_count": 0, "dominant_category": null, "category_entropy": null, "street_block_id": null}}, {"type": "Feature", "geometry": {"type": "Polygon", "coordinates": [[[114.416179107, 30.48811815], [114.4161072, 30.4881517], [114.4160237, 30.48621], [114.4161062, 30.4865153], [114.4161339, 30.4870756], [114.416179107, 30.48811815]]]}, "properties": {"id": 10856, "block_id": 10856, "area_sqm": 1362, "poi_count": 0, "dominant_category": null, "category_entropy": null, "street_block_id": null}}, {"type": "Feature", "geometry": {"type": "Polygon", "coordinates": [[[114.4206027, 30.4881655], [114.420587675, 30.488186389], [114.420578382, 30.488110793], [114.4206314, 30.488132], [114.4206027, 30.4881655]]]}, "properties": {"id": 10862, "block_id": 10862, "area_sqm": 20, "poi_count": 0, "dominant_category": null, "category_entropy": null, "street_block_id": null}}, {"type": "Feature", "geometry": {"type": "Polygon", "coordinates": [[[114.4201176, 30.4881524], [114.42006218, 30.488207478], [114.42004171, 30.488040921], [114.420231204, 30.488014467], [114.420241324, 30.488137157], [114.4201176, 30.4881524]]]}, "properties": {"id": 10865, "block_id": 10865, "area_sqm": 260, "poi_count": 0, "dominant_category": null, "category_entropy": null, "street_block_id": null}}, {"type": "Feature", "geometry": {"type": "Polygon", "coordinates": [[[114.42006218, 30.488207478], [114.4200529, 30.4882167], [114.4200058, 30.4881812], [114.4199241, 30.4881412], [114.4198418, 30.4881171], [114.4196529, 30.4880952], [114.42004171, 30.488040921], [114.42006218, 30.488207478]]]}, "properties": {"id": 10868, "block_id": 10868, "area_sqm": 279, "poi_count": 0, "dominant_category": null, "category_entropy": null, "street_block_id": null}}, {"type": "Feature", "geometry": {"type": "Polygon", "coordinates": [[[114.4202907, 30.4882135], [114.420248485, 30.488223969], [114.420241324, 30.488137157], [114.420380211, 30.488120045], [114.420384794, 30.488207275], [114.4203516, 30.4882076], [114.4202907, 30.4882135]]]}, "properties": {"id": 10869, "block_id": 10869, "area_sqm": 124, "poi_count": 0, "dominant_category": null, "category_entropy": null, "street_block_id": null}}, {"type": "Feature", "geometry": {"type": "Polygon", "coordinates": [[[114.42006218, 30.488207478], [114.420064704, 30.488228022], [114.4200529, 30.4882167], [114.42006218, 30.488207478]]]}, "properties": {"id": 10871, "block_id": 10871, "area_sqm": 1, "poi_count": 0, "dominant_category": null, "category_entropy": null, "street_block_id": null}}, {"type": "Feature", "geometry": {"type": "Polygon", "coordinates": [[[114.4205576, 30.4882282], [114.4205299, 30.488316], [114.4205116, 30.4882534], [114.4204774, 30.4882269], [114.4204231, 30.4882069], [114.420384794, 30.488207275], [114.420380211, 30.488120045], [114.4205494, 30.4880992], [114.420578382, 30.488110793], [114.420587675, 30.488186389], [114.4205576, 30.4882282]]]}, "properties": {"id": 10875, "block_id": 10875, "area_sqm": 263, "poi_count": 0, "dominant_category": null, "category_entropy": null, "street_block_id": null}}, {"type": "Feature", "geometry": {"type": "Polygon", "coordinates": [[[114.4158387, 30.4873588], [114.415901883, 30.488316342], [114.4158909, 30.4882766], [114.4158491, 30.4881481], [114.415789664, 30.488037036], [114.4157978, 30.4879398], [114.4158186, 30.4876629], [114.4158387, 30.4873588]]]}, "properties": {"id": 10876, "block_id": 10876, "area_sqm": 447, "poi_count": 0, "dominant_category": null, "category_entropy": null, "street_block_id": null}}, {"type": "Feature", "geometry": {"type": "Polygon", "coordinates": [[[114.4201725, 30.4883086], [114.420166, 30.4883671], [114.420133, 30.4883076], [114.4200995, 30.4882614], [114.420064704, 30.488228022], [114.42006218, 30.488207478], [114.4201176, 30.4881524], [114.420241324, 30.488137157], [114.420248485, 30.488223969], [114.4202282, 30.488229], [114.4201882, 30.48826], [114.4201725, 30.4883086]]]}, "properties": {"id": 10883, "block_id": 10883, "area_sqm": 230, "poi_count": 0, "dominant_category": null, "category_entropy": null, "street_block_id": null}}, {"type": "Feature", "geometry": {"type": "Polygon", "coordinates": [[[114.4235504, 30.4880071], [114.4236194, 30.4884087], [114.4230896, 30.4882522], [114.4232688, 30.4880406], [114.4235504, 30.4880071]]]}, "properties": {"id": 10888, "block_id": 10888, "area_sqm": 1360, "poi_count": 0, "dominant_category": null, "category_entropy": null, "street_block_id": 16390}}, {"type": "Feature", "geometry": {"type": "Polygon", "coordinates": [[[114.4212914, 30.488378], [114.421283, 30.4884537], [114.4208461, 30.4881838], [114.4208743, 30.488158], [114.4209183, 30.4881428], [114.4211718, 30.4881064], [114.4212791, 30.4882202], [114.4212914, 30.488378]]]}, "properties": {"id": 10891, "block_id": 10891, "area_sqm": 836, "poi_count": 0, "dominant_category": null, "category_entropy": null, "street_block_id": 16390}}, {"type": "Feature", "geometry": {"type": "Polygon", "coordinates": [[[114.4170553, 30.4885026], [114.4169786, 30.4885214], [114.4169442, 30.4884268], [114.4169094, 30.4883367], [114.4168879, 30.4882789], [114.4168654, 30.48824], [114.4169228, 30.4882511], [114.417014, 30.4882419], [114.4171105, 30.4882165], [114.4172661, 30.4881772], [114.417427, 30.4881494], [114.4175021, 30.4881471], [114.4175558, 30.4881725], [114.4175826, 30.4881887], [114.4176685, 30.4883335], [114.4174639, 30.4883835], [114.4170553, 30.4885026]]]}, "properties": {"id": 10898, "block_id": 10898, "area_sqm": 1843, "poi_count": 0, "dominant_category": null, "category_entropy": null, "street_block_id": 16380}}, {"type": "Feature", "geometry": {"type": "Polygon", "coordinates": [[[114.4238526, 30.4885146], [114.4237635, 30.4885249], [114.423639, 30.4885224], [114.4236194, 30.4884087], [114.4235504, 30.4880071], [114.4238388, 30.4879729], [114.4238439, 30.4879915], [114.4239013, 30.488334], [114.423826, 30.4883434], [114.4238526, 30.4885146]]]}, "properties": {"id": 10900, "block_id": 10900, "area_sqm": 1519, "poi_count": 0, "dominant_category": null, "category_entropy": null, "street_block_id": 16390}}, {"type": "Feature", "geometry": {"type": "Polygon", "coordinates": [[[114.4221413, 30.4885479], [114.4220758, 30.4885482], [114.4220332, 30.4885279], [114.421847, 30.4883987], [114.4229991, 30.4882545], [114.422899, 30.4883782], [114.4228279, 30.4884561], [114.4221413, 30.4885479]]]}, "properties": {"id": 10902, "block_id": 10902, "area_sqm": 1861, "poi_count": 0, "dominant_category": null, "category_entropy": null, "street_block_id": 16390}}, {"type": "Feature", "geometry": {"type": "Polygon", "coordinates": [[[114.4157998, 30.4861287], [114.4159832, 30.4886389], [114.4159391, 30.488451], [114.415901883, 30.488316342], [114.4158387, 30.4873588], [114.4158141, 30.4869428], [114.4157818, 30.4864173], [114.41576039, 30.486208096], [114.4157553, 30.4856204], [114.4157998, 30.4861287]]]}, "properties": {"id": 10907, "block_id": 10907, "area_sqm": 1334, "poi_count": 0, "dominant_category": null, "category_entropy": null, "street_block_id": null}}, {"type": "Feature", "geometry": {"type": "Polygon", "coordinates": [[[114.4164563, 30.48866724], [114.416422544, 30.48867212], [114.4164702, 30.4886563], [114.4164563, 30.48866724]]]}, "properties": {"id": 10912, "block_id": 10912, "area_sqm": 2, "poi_count": 0, "dominant_category": null, "category_entropy": null, "street_block_id": null}}, {"type": "Feature", "geometry": {"type": "Polygon", "coordinates": [[[114.416133356, 30.488711313], [114.416074004, 30.488718593], [114.4160707, 30.4886384], [114.4159629, 30.4861301], [114.4159481, 30.4857876], [114.415920609, 30.485546342], [114.4159759, 30.4855407], [114.4160052, 30.4857797], [114.4160202, 30.4861283], [114.4160237, 30.48621], [114.4161072, 30.4881517], [114.4161283, 30.4886433], [114.416133356, 30.488711313]]]}, "properties": {"id": 10918, "block_id": 10918, "area_sqm": 1937, "poi_count": 0, "dominant_category": null, "category_entropy": null, "street_block_id": null}}, {"type": "Feature", "geometry": {"type": "Polygon", "coordinates": [[[114.416074004, 30.488718593], [114.415985593, 30.488729437], [114.4159832, 30.4886389], [114.4157998, 30.4861287], [114.4157553, 30.4856204], [114.415751607, 30.485563584], [114.415920609, 30.485546342], [114.4159481, 30.4857876], [114.4159629, 30.4861301], [114.4160707, 30.4886384], [114.416074004, 30.488718593]]]}, "properties": {"id": 10919, "block_id": 10919, "area_sqm": 4480, "poi_count": 0, "dominant_category": null, "category_entropy": null, "street_block_id": null}}, {"type": "Feature", "geometry": {"type": "Polygon", "coordinates": [[[114.4162524, 30.4887286], [114.416190984, 30.488735383], [114.416192406, 30.488704071], [114.4162525, 30.4886967], [114.416422544, 30.48867212], [114.4162524, 30.4887286]]]}, "properties": {"id": 10921, "block_id": 10921, "area_sqm": 49, "poi_count": 0, "dominant_category": null, "category_entropy": null, "street_block_id": null}}, {"type": "Feature", "geometry": {"type": "Polygon", "coordinates": [[[114.415985593, 30.488729437], [114.415920973, 30.488737363], [114.4159233, 30.4886409], [114.415901883, 30.488316342], [114.4159391, 30.488451], [114.4159832, 30.4886389], [114.415985593, 30.488729437]]]}, "properties": {"id": 10922, "block_id": 10922, "area_sqm": 171, "poi_count": 0, "dominant_category": null, "category_entropy": null, "street_block_id": null}}, {"type": "Feature", "geometry": {"type": "Polygon", "coordinates": [[[114.416190984, 30.488735383], [114.4161356, 30.4887415], [114.416133356, 30.488711313], [114.416192406, 30.488704071], [114.416190984, 30.488735383]]]}, "properties": {"id": 10923, "block_id": 10923, "area_sqm": 19, "poi_count": 0, "dominant_category": null, "category_entropy": null, "street_block_id": null}}, {"type": "Feature", "geometry": {"type": "Polygon", "coordinates": [[[114.4161356, 30.4887415], [114.416075222, 30.488748175], [114.416074004, 30.488718593], [114.416133356, 30.488711313], [114.4161356, 30.4887415]]]}, "properties": {"id": 10925, "block_id": 10925, "area_sqm": 19, "poi_count": 0, "dominant_category": null, "category_entropy": null, "street_block_id": null}}, {"type": "Feature", "geometry": {"type": "Polygon", "coordinates": [[[114.4167619, 30.4886969], [114.416415742, 30.48875488], [114.4164102, 30.4887342], [114.4164129, 30.4887014], [114.4164563, 30.48866724], [114.4166233, 30.4886431], [114.4172739, 30.4885052], [114.4174732, 30.4884584], [114.4184425, 30.4882306], [114.4188348, 30.4881442], [114.4192484, 30.4880243], [114.419671, 30.4879462], [114.4199716, 30.4878954], [114.420023009, 30.487888748], [114.42004171, 30.488040921], [114.4196529, 30.4880952], [114.4195668, 30.4881072], [114.4194976, 30.4881193], [114.4192916, 30.4881554], [114.4175311, 30.4885251], [114.4171907, 30.488609], [114.4167619, 30.4886969]]]}, "properties": {"id": 10926, "block_id": 10926, "area_sqm": 4067, "poi_count": 0, "dominant_category": null, "category_entropy": null, "street_block_id": null}}, {"type": "Feature", "geometry": {"type": "Polygon", "coordinates": [[[114.416075222, 30.488748175], [114.415986348, 30.488757999], [114.415985593, 30.488729437], [114.416074004, 30.488718593], [114.416075222, 30.488748175]]]}, "properties": {"id": 10928, "block_id": 10928, "area_sqm": 28, "poi_count": 0, "dominant_category": null, "category_entropy": null, "street_block_id": null}}, {"type": "Feature", "geometry": {"type": "Polygon", "coordinates": [[[114.415986348, 30.488757999], [114.4159203, 30.4887653], [114.415920973, 30.488737363], [114.415985593, 30.488729437], [114.415986348, 30.488757999]]]}, "properties": {"id": 10931, "block_id": 10931, "area_sqm": 20, "poi_count": 0, "dominant_category": null, "category_entropy": null, "street_block_id": null}}, {"type": "Feature", "geometry": {"type": "Polygon", "coordinates": [[[114.4163207, 30.4887708], [114.4161887, 30.488785683], [114.416190984, 30.488735383], [114.4162524, 30.4887286], [114.416422544, 30.48867212], [114.4164563, 30.48866724], [114.4164129, 30.4887014], [114.4164102, 30.4887342], [114.416415742, 30.48875488], [114.4163207, 30.4887708]]]}, "properties": {"id": 10934, "block_id": 10934, "area_sqm": 152, "poi_count": 0, "dominant_category": null, "category_entropy": null, "street_block_id": null}}, {"type": "Feature", "geometry": {"type": "Polygon", "coordinates": [[[114.4161887, 30.488785683], [114.416139314, 30.488791251], [114.4161356, 30.4887415], [114.416190984, 30.488735383], [114.4161887, 30.488785683]]]}, "properties": {"id": 10936, "block_id": 10936, "area_sqm": 28, "poi_count": 0, "dominant_category": null, "category_entropy": null, "street_block_id": null}}, {"type": "Feature", "geometry": {"type": "Polygon", "coordinates": [[[114.416139314, 30.488791251], [114.416077285, 30.488798244], [114.416075222, 30.488748175], [114.4161356, 30.4887415], [114.416139314, 30.488791251]]]}, "properties": {"id": 10939, "block_id": 10939, "area_sqm": 33, "poi_count": 0, "dominant_category": null, "category_entropy": null, "street_block_id": null}}, {"type": "Feature", "geometry": {"type": "Polygon", "coordinates": [[[114.416077285, 30.488798244], [114.415987679, 30.488808347], [114.415986348, 30.488757999], [114.416075222, 30.488748175], [114.416077285, 30.488798244]]]}, "properties": {"id": 10941, "block_id": 10941, "area_sqm": 48, "poi_count": 0, "dominant_category": null, "category_entropy": null, "street_block_id": null}}, {"type": "Feature", "geometry": {"type": "Polygon", "coordinates": [[[114.415987679, 30.488808347], [114.415919015, 30.488816088], [114.4159192, 30.4888133], [114.4159203, 30.4887653], [114.415986348, 30.488757999], [114.415987679, 30.488808347]]]}, "properties": {"id": 10943, "block_id": 10943, "area_sqm": 36, "poi_count": 0, "dominant_category": null, "category_entropy": null, "street_block_id": null}}, {"type": "Feature", "geometry": {"type": "Polygon", "coordinates": [[[114.4165987, 30.488797], [114.416501011, 30.488842194], [114.41645, 30.488828], [114.4164288, 30.4888036], [114.416415742, 30.48875488], [114.4167619, 30.4886969], [114.4171907, 30.488609], [114.4167824, 30.4887217], [114.4165987, 30.488797]]]}, "properties": {"id": 10946, "block_id": 10946, "area_sqm": 320, "poi_count": 0, "dominant_category": null, "category_entropy": null, "street_block_id": null}}, {"type": "Feature", "geometry": {"type": "Polygon", "coordinates": [[[114.4157137, 30.4887881], [114.415153997, 30.488842711], [114.415099, 30.488836], [114.4148705, 30.4887776], [114.4147401, 30.4887249], [114.4146288, 30.4886544], [114.4145363, 30.4885655], [114.4144752, 30.4884411], [114.4144558, 30.4883066], [114.4144527, 30.4882004], [114.4144612, 30.4880754], [114.4144992, 30.4879657], [114.4145711, 30.4878489], [114.4146972, 30.4877519], [114.414825, 30.4876902], [114.4149869, 30.4876432], [114.4151719, 30.4875692], [114.4153383, 30.487493], [114.4154831, 30.4873936], [114.4155797, 30.4872942], [114.4156936, 30.4871151], [114.4157459, 30.4869336], [114.4157639, 30.4866134], [114.41576039, 30.486208096], [114.4157818, 30.4864173], [114.4158141, 30.4869428], [114.4158387, 30.4873588], [114.4158186, 30.4876629], [114.4157978, 30.4879398], [114.415789664, 30.488037036], [114.4157844, 30.4880272], [114.4157238, 30.4879332], [114.4156362, 30.4878501], [114.4155462, 30.4877944], [114.4154152, 30.4877475], [114.4152539, 30.4877199], [114.4150831, 30.4877248], [114.4149291, 30.4877602], [114.4147777, 30.487841], [114.4146534, 30.4879376], [114.4145849, 30.488052], [114.414558, 30.4881452], [114.4145505, 30.4882546], [114.4145605, 30.4883481], [114.4145822, 30.4884292], [114.4146445, 30.4885125], [114.41474, 30.4886154], [114.4149178, 30.488721], [114.4151163, 30.4887753], [114.4152377, 30.4887914], [114.4153755, 30.4887934], [114.4155305, 30.488781], [114.4156296, 30.4887731], [114.415920973, 30.488737363], [114.4159203, 30.4887653], [114.4157137, 30.4887881]]]}, "properties": {"id": 10948, "block_id": 10948, "area_sqm": 6001, "poi_count": 0, "dominant_category": null, "category_entropy": null, "street_block_id": null}}, {"type": "Feature", "geometry": {"type": "Polygon", "coordinates": [[[114.4156413, 30.4888474], [114.4152121, 30.4888498], [114.415153997, 30.488842711], [114.4157137, 30.4887881], [114.4159203, 30.4887653], [114.4159192, 30.4888133], [114.415919015, 30.488816088], [114.4156413, 30.4888474]]]}, "properties": {"id": 10950, "block_id": 10950, "area_sqm": 304, "poi_count": 0, "dominant_category": null, "category_entropy": null, "street_block_id": null}}, {"type": "Feature", "geometry": {"type": "Polygon", "coordinates": [[[114.4165456, 30.4888546], [114.416465398, 30.488868027], [114.4164997, 30.4888428], [114.416501011, 30.488842194], [114.4165456, 30.4888546]]]}, "properties": {"id": 10954, "block_id": 10954, "area_sqm": 9, "poi_count": 0, "dominant_category": null, "category_entropy": null, "street_block_id": null}}, {"type": "Feature", "geometry": {"type": "Polygon", "coordinates": [[[114.416465398, 30.488868027], [114.416174142, 30.48891679], [114.4161863, 30.4888385], [114.4161887, 30.488785683], [114.4163207, 30.4887708], [114.416415742, 30.48875488], [114.4164288, 30.4888036], [114.41645, 30.488828], [114.416501011, 30.488842194], [114.4164997, 30.4888428], [114.416465398, 30.488868027]]]}, "properties": {"id": 10960, "block_id": 10960, "area_sqm": 345, "poi_count": 0, "dominant_category": null, "category_entropy": null, "street_block_id": null}}, {"type": "Feature", "geometry": {"type": "Polygon", "coordinates": [[[114.416174142, 30.48891679], [114.416149, 30.488921], [114.416139314, 30.488791251], [114.4161887, 30.488785683], [114.4161863, 30.4888385], [114.416174142, 30.48891679]]]}, "properties": {"id": 10962, "block_id": 10962, "area_sqm": 54, "poi_count": 0, "dominant_category": null, "category_entropy": null, "street_block_id": null}}, {"type": "Feature", "geometry": {"type": "Polygon", "coordinates": [[[114.4207986, 30.4888406], [114.4207106, 30.4889225], [114.4206686, 30.4888444], [114.4206115, 30.4883802], [114.420587675, 30.488186389], [114.4206027, 30.4881655], [114.4206314, 30.488132], [114.4206717, 30.4880968], [114.4207268, 30.4880647], [114.420789, 30.4880408], [114.4210994, 30.4879541], [114.4212552, 30.4880147], [114.4217871, 30.4883572], [114.421847, 30.4883987], [114.4220332, 30.4885279], [114.4220758, 30.4885482], [114.4221413, 30.4885479], [114.4228279, 30.4884561], [114.422899, 30.4883782], [114.4229991, 30.4882545], [114.4233936, 30.4878168], [114.4236409, 30.487577], [114.42366546, 30.487517192], [114.425944097, 30.487216338], [114.4259787, 30.4872611], [114.4260287, 30.4874252], [114.4259968, 30.4874467], [114.4259632, 30.4874028], [114.4259285, 30.4872982], [114.4258192, 30.4873109], [114.4241678, 30.4875167], [114.4239851, 30.4875422], [114.423785, 30.487559], [114.4237215, 30.48756], [114.423644, 30.4876273], [114.4237612, 30.4877248], [114.4235571, 30.4879618], [114.4235504, 30.4880071], [114.4232688, 30.4880406], [114.4230896, 30.4882522], [114.4236194, 30.4884087], [114.423639, 30.4885224], [114.4235937, 30.4885215], [114.4229661, 30.4887065], [114.4229516, 30.4887242], [114.4229346, 30.4887696], [114.4229241, 30.4887849], [114.4224358, 30.4888488], [114.4223178, 30.488885], [114.4222332, 30.488833], [114.4220642, 30.4888497], [114.4217914, 30.4886571], [114.4217055, 30.4886675], [114.4216417, 30.4886753], [114.421283, 30.4884537], [114.4212914, 30.488378], [114.4212791, 30.4882202], [114.4211718, 30.4881064], [114.4209183, 30.4881428], [114.4208743, 30.488158], [114.4208461, 30.4881838], [114.4207986, 30.4882263], [114.4207669, 30.4882778], [114.4207493, 30.4883355], [114.4207986, 30.4888406]]]}, "properties": {"id": 10963, "block_id": 10963, "area_sqm": 13582, "poi_count": 0, "dominant_category": null, "category_entropy": null, "street_block_id": 16390}}, {"type": "Feature", "geometry": {"type": "Polygon", "coordinates": [[[114.416149, 30.488921], [114.41608254, 30.488925801], [114.416077285, 30.488798244], [114.416139314, 30.488791251], [114.416149, 30.488921]]]}, "properties": {"id": 10964, "block_id": 10964, "area_sqm": 88, "poi_count": 0, "dominant_category": null, "category_entropy": null, "street_block_id": null}}, {"type": "Feature", "geometry": {"type": "Polygon", "coordinates": [[[114.41608254, 30.488925801], [114.415990959, 30.488932416], [114.415987679, 30.488808347], [114.416077285, 30.488798244], [114.41608254, 30.488925801]]]}, "properties": {"id": 10965, "block_id": 10965, "area_sqm": 122, "poi_count": 0, "dominant_category": null, "category_entropy": null, "street_block_id": null}}, {"type": "Feature", "geometry": {"type": "Polygon", "coordinates": [[[114.415990959, 30.488932416], [114.4159109, 30.4889382], [114.415919015, 30.488816088], [114.415987679, 30.488808347], [114.415990959, 30.488932416]]]}, "properties": {"id": 10966, "block_id": 10966, "area_sqm": 97, "poi_count": 0, "dominant_category": null, "category_entropy": null, "street_block_id": null}}, {"type": "Feature", "geometry": {"type": "Polygon", "coordinates": [[[114.4214293, 30.4888823], [114.4213839, 30.4889652], [114.4207986, 30.4888406], [114.4207493, 30.4883355], [114.4207669, 30.4882778], [114.4207986, 30.4882263], [114.4208461, 30.4881838], [114.421283, 30.4884537], [114.4216417, 30.4886753], [114.4217055, 30.4886675], [114.4217144, 30.4887157], [114.4214293, 30.4888823]]]}, "properties": {"id": 10971, "block_id": 10971, "area_sqm": 4399, "poi_count": 0, "dominant_category": null, "category_entropy": null, "street_block_id": 16390}}, {"type": "Feature", "geometry": {"type": "Polygon", "coordinates": [[[114.4222326, 30.4889619], [114.4216726, 30.4890266], [114.4213839, 30.4889652], [114.4214293, 30.4888823], [114.4217144, 30.4887157], [114.4217055, 30.4886675], [114.4217914, 30.4886571], [114.4220642, 30.4888497], [114.4222332, 30.488833], [114.4223178, 30.488885], [114.4222256, 30.4889133], [114.4222326, 30.4889619]]]}, "properties": {"id": 10978, "block_id": 10978, "area_sqm": 1914, "poi_count": 0, "dominant_category": null, "category_entropy": null, "street_block_id": 16390}}, {"type": "Feature", "geometry": {"type": "Polygon", "coordinates": [[[114.416174142, 30.48891679], [114.416149669, 30.489074379], [114.416149, 30.488921], [114.416174142, 30.48891679]]]}, "properties": {"id": 10983, "block_id": 10983, "area_sqm": 21, "poi_count": 0, "dominant_category": null, "category_entropy": null, "street_block_id": null}}, {"type": "Feature", "geometry": {"type": "Polygon", "coordinates": [[[114.4222647, 30.4891484], [114.4217064, 30.4892112], [114.4216726, 30.4890266], [114.4222326, 30.4889619], [114.422242, 30.4890277], [114.4222508, 30.4890756], [114.4222647, 30.4891484]]]}, "properties": {"id": 11005, "block_id": 11005, "area_sqm": 1125, "poi_count": 0, "dominant_category": null, "category_entropy": null, "street_block_id": null}}, {"type": "Feature", "geometry": {"type": "Polygon", "coordinates": [[[114.416149669, 30.489074379], [114.4161014, 30.4893852], [114.416093, 30.4891797], [114.41608254, 30.488925801], [114.416149, 30.488921], [114.416149669, 30.489074379]]]}, "properties": {"id": 11033, "block_id": 11033, "area_sqm": 203, "poi_count": 0, "dominant_category": null, "category_entropy": null, "street_block_id": null}}, {"type": "Feature", "geometry": {"type": "Polygon", "coordinates": [[[114.4244057, 30.4895791], [114.4241188, 30.4896017], [114.4240691, 30.4893187], [114.4238907, 30.489344], [114.4238887, 30.4893073], [114.4237538, 30.4893056], [114.4237409, 30.4892706], [114.4237283, 30.4892365], [114.4237319, 30.4892158], [114.423728, 30.4891839], [114.4236918, 30.4891619], [114.4236638, 30.4891547], [114.4231617, 30.4891468], [114.4230516, 30.489155], [114.4229549, 30.489156], [114.4226412, 30.4891594], [114.4225468, 30.4892187], [114.4224102, 30.4892275], [114.4223409, 30.4892229], [114.4222838, 30.489219], [114.4222753, 30.4892037], [114.4222647, 30.4891484], [114.4222508, 30.4890756], [114.422242, 30.4890277], [114.4222326, 30.4889619], [114.4222256, 30.4889133], [114.4223178, 30.488885], [114.4224358, 30.4888488], [114.4229241, 30.4887849], [114.4229346, 30.4887696], [114.4229516, 30.4887242], [114.4229661, 30.4887065], [114.4235937, 30.4885215], [114.423639, 30.4885224], [114.4237635, 30.4885249], [114.4238526, 30.4885146], [114.423826, 30.4883434], [114.4239013, 30.488334], [114.4238439, 30.4879915], [114.4238388, 30.4879729], [114.4238338, 30.4879545], [114.4238268, 30.4879191], [114.4238585, 30.4879136], [114.4238873, 30.4879085], [114.4241096, 30.4878702], [114.4241315, 30.488018], [114.4241095, 30.488021], [114.424074, 30.4880386], [114.4240526, 30.4880653], [114.4240424, 30.4880946], [114.4240693, 30.4883936], [114.4240996, 30.488621], [114.4241214, 30.4887542], [114.4241431, 30.4888869], [114.4241948, 30.4891114], [114.4242759, 30.489415], [114.4242912, 30.489439], [114.4243213, 30.4894558], [114.4243588, 30.4894615], [114.4243844, 30.4894582], [114.4244057, 30.4895791]]]}, "properties": {"id": 11068, "block_id": 11068, "area_sqm": 13029, "poi_count": 0, "dominant_category": null, "category_entropy": null, "street_block_id": 16390}}, {"type": "Feature", "geometry": {"type": "Polygon", "coordinates": [[[114.4214222, 30.4894062], [114.4208584, 30.4897932], [114.4207616, 30.489329], [114.4207299, 30.489106], [114.4207106, 30.4889225], [114.4207986, 30.4888406], [114.4213839, 30.4889652], [114.4216726, 30.4890266], [114.4217064, 30.4892112], [114.4214222, 30.4894062]]]}, "properties": {"id": 11086, "block_id": 11086, "area_sqm": 5873, "poi_count": 0, "dominant_category": null, "category_entropy": null, "street_block_id": null}}, {"type": "Feature", "geometry": {"type": "Polygon", "coordinates": [[[114.4055348, 30.4899348], [114.4055109, 30.4899384], [114.4054877, 30.4897582], [114.4055127, 30.4897574], [114.4055409, 30.4897547], [114.4091697, 30.4894297], [114.4116684, 30.4891828], [114.415153997, 30.488842711], [114.4152121, 30.4888498], [114.4156413, 30.4888474], [114.41282, 30.4891648], [114.4114958, 30.489322], [114.4055618, 30.4899322], [114.4055348, 30.4899348]]]}, "properties": {"id": 11108, "block_id": 11108, "area_sqm": 12805, "poi_count": 0, "dominant_category": null, "category_entropy": null, "street_block_id": null}}, {"type": "Feature", "geometry": {"type": "Polygon", "coordinates": [[[114.4055109, 30.4899384], [114.4053698, 30.4899522], [114.4053478, 30.4897707], [114.4054877, 30.4897582], [114.4055109, 30.4899384]]]}, "properties": {"id": 11113, "block_id": 11113, "area_sqm": 274, "poi_count": 0, "dominant_category": null, "category_entropy": null, "street_block_id": null}}, {"type": "Feature", "geometry": {"type": "Polygon", "coordinates": [[[114.4053698, 30.4899522], [114.4052365, 30.4899636], [114.4052181, 30.4897822], [114.4053478, 30.4897707], [114.4053698, 30.4899522]]]}, "properties": {"id": 11116, "block_id": 11116, "area_sqm": 256, "poi_count": 0, "dominant_category": null, "category_entropy": null, "street_block_id": null}}, {"type": "Feature", "geometry": {"type": "Polygon", "coordinates": [[[114.4160176, 30.4897538], [114.415955412, 30.489982737], [114.4159109, 30.4889382], [114.415990959, 30.488932416], [114.4159976, 30.4891837], [114.4160176, 30.4897538]]]}, "properties": {"id": 11117, "block_id": 11117, "area_sqm": 744, "poi_count": 0, "dominant_category": null, "category_entropy": null, "street_block_id": null}}, {"type": "Feature", "geometry": {"type": "Polygon", "coordinates": [[[114.4233594, 30.4899196], [114.4224232, 30.490266], [114.4223621, 30.4902584], [114.4223126, 30.4902364], [114.4222537, 30.4901705], [114.4222156, 30.4899837], [114.4222153, 30.4899413], [114.4222214, 30.4898977], [114.422235, 30.4898558], [114.4224445, 30.4895491], [114.4224902, 30.4895181], [114.4225428, 30.4895006], [114.4234498, 30.4893856], [114.4235152, 30.4893917], [114.4235709, 30.4894144], [114.423617, 30.489453], [114.4236557, 30.4895135], [114.4237242, 30.4896593], [114.4236963, 30.4897297], [114.4236585, 30.4897857], [114.4236044, 30.4898264], [114.4233594, 30.4899196]]]}, "properties": {"id": 11179, "block_id": 11179, "area_sqm": 8889, "poi_count": 0, "dominant_category": null, "category_entropy": null, "street_block_id": 16390}}, {"type": "Feature", "geometry": {"type": "Polygon", "coordinates": [[[114.4220715, 30.4895621], [114.421476, 30.490312], [114.4213214, 30.4902662], [114.4210103, 30.4903118], [114.42095, 30.490133], [114.4208584, 30.4897932], [114.4214222, 30.4894062], [114.4220715, 30.4895621]]]}, "properties": {"id": 11191, "block_id": 11191, "area_sqm": 7108, "poi_count": 0, "dominant_category": null, "category_entropy": null, "street_block_id": 16390}}, {"type": "Feature", "geometry": {"type": "Polygon", "coordinates": [[[114.4224067, 30.4904552], [114.422313, 30.4905057], [114.4223117, 30.490455], [114.4223103, 30.4904019], [114.4223028, 30.4903448], [114.4222537, 30.4901705], [114.4223126, 30.4902364], [114.4223621, 30.4902584], [114.4224232, 30.490266], [114.4233594, 30.4899196], [114.4236044, 30.4898264], [114.4236585, 30.4897857], [114.4236963, 30.4897297], [114.4237242, 30.4896593], [114.4237803, 30.4898328], [114.4237984, 30.4899585], [114.4235857, 30.4900163], [114.4224067, 30.4904552]]]}, "properties": {"id": 11233, "block_id": 11233, "area_sqm": 3036, "poi_count": 0, "dominant_category": null, "category_entropy": null, "street_block_id": 16390}}, {"type": "Feature", "geometry": {"type": "Polygon", "coordinates": [[[114.4212956, 30.4904397], [114.4210855, 30.4905349], [114.4210103, 30.4903118], [114.4213214, 30.4902662], [114.421476, 30.490312], [114.4214648, 30.4904313], [114.4212956, 30.4904397]]]}, "properties": {"id": 11237, "block_id": 11237, "area_sqm": 824, "poi_count": 0, "dominant_category": null, "category_entropy": null, "street_block_id": 16390}}, {"type": "Feature", "geometry": {"type": "Polygon", "coordinates": [[[114.4206471, 30.4903622], [114.4206847, 30.490586], [114.4205588, 30.4903825], [114.4204463, 30.4900233], [114.4203609, 30.4896867], [114.4203301, 30.4895282], [114.420301, 30.4893591], [114.4202738, 30.4891984], [114.420166, 30.4883671], [114.4201725, 30.4883086], [114.4201882, 30.48826], [114.4202282, 30.488229], [114.420248485, 30.488223969], [114.4202578, 30.4883369], [114.4203529, 30.4890075], [114.4203947, 30.4892747], [114.4204733, 30.4896449], [114.4205496, 30.489979], [114.4206471, 30.4903622]]]}, "properties": {"id": 11244, "block_id": 11244, "area_sqm": 2520, "poi_count": 0, "dominant_category": null, "category_entropy": null, "street_block_id": null}}, {"type": "Feature", "geometry": {"type": "Polygon", "coordinates": [[[114.422313, 30.4905057], [114.4220414, 30.4906405], [114.422027, 30.4905568], [114.422072, 30.4905424], [114.4222621, 30.4904741], [114.4223117, 30.490455], [114.422313, 30.4905057]]]}, "properties": {"id": 11251, "block_id": 11251, "area_sqm": 205, "poi_count": 0, "dominant_category": null, "category_entropy": null, "street_block_id": 16390}}, {"type": "Feature", "geometry": {"type": "Polygon", "coordinates": [[[114.4214648, 30.4904313], [114.4212657, 30.4907689], [114.4212133, 30.4907422], [114.4211749, 30.4907149], [114.4211308, 30.4906679], [114.4211026, 30.4906148], [114.4210855, 30.4905349], [114.4212956, 30.4904397], [114.4214648, 30.4904313]]]}, "properties": {"id": 11273, "block_id": 11273, "area_sqm": 739, "poi_count": 0, "dominant_category": null, "category_entropy": null, "street_block_id": 16390}}, {"type": "Feature", "geometry": {"type": "Polygon", "coordinates": [[[114.421394, 30.4907815], [114.4213368, 30.4907833], [114.4212657, 30.4907689], [114.4214648, 30.4904313], [114.421476, 30.490312], [114.421563, 30.4904411], [114.42169, 30.4906779], [114.4214692, 30.4907583], [114.421394, 30.4907815]]]}, "properties": {"id": 11277, "block_id": 11277, "area_sqm": 947, "poi_count": 0, "dominant_category": null, "category_entropy": null, "street_block_id": 16390}}, {"type": "Feature", "geometry": {"type": "Polygon", "coordinates": [[[114.421029, 30.4907141], [114.4210384, 30.4910284], [114.4209223, 30.4907436], [114.420763, 30.4902874], [114.4206033, 30.4896168], [114.4205281, 30.4892566], [114.4204844, 30.4889868], [114.420391, 30.4883254], [114.420384794, 30.488207275], [114.4204231, 30.4882069], [114.4204774, 30.4882269], [114.4205116, 30.4882534], [114.4205299, 30.488316], [114.4206011, 30.4889671], [114.4206427, 30.4892314], [114.4207163, 30.4896016], [114.4207838, 30.4898912], [114.4208679, 30.4902581], [114.421029, 30.4907141]]]}, "properties": {"id": 11316, "block_id": 11316, "area_sqm": 3394, "poi_count": 0, "dominant_category": null, "category_entropy": null, "street_block_id": null}}, {"type": "Feature", "geometry": {"type": "Polygon", "coordinates": [[[114.4213865, 30.4908795], [114.4210384, 30.4910284], [114.421029, 30.4907141], [114.4208679, 30.4902581], [114.4207838, 30.4898912], [114.4207163, 30.4896016], [114.4206427, 30.4892314], [114.4206011, 30.4889671], [114.4205299, 30.488316], [114.4205576, 30.4882282], [114.420587675, 30.488186389], [114.4206115, 30.4883802], [114.4206686, 30.4888444], [114.4207106, 30.4889225], [114.4207299, 30.489106], [114.4207616, 30.489329], [114.4208584, 30.4897932], [114.42095, 30.490133], [114.4210103, 30.4903118], [114.4210855, 30.4905349], [114.4211026, 30.4906148], [114.4211308, 30.4906679], [114.4211749, 30.4907149], [114.4212133, 30.4907422], [114.4212657, 30.4907689], [114.4213368, 30.4907833], [114.421394, 30.4907815], [114.4214692, 30.4907583], [114.42169, 30.4906779], [114.4219904, 30.4905686], [114.422027, 30.4905568], [114.4220414, 30.4906405], [114.4219691, 30.4906711], [114.4213865, 30.4908795]]]}, "properties": {"id": 11317, "block_id": 11317, "area_sqm": 4089, "poi_count": 0, "dominant_category": null, "category_entropy": null, "street_block_id": 16390}}, {"type": "Feature", "geometry": {"type": "Polygon", "coordinates": [[[114.4210384, 30.4910284], [114.4208997, 30.4910879], [114.4207579, 30.4907896], [114.4206847, 30.490586], [114.4206471, 30.4903622], [114.4205496, 30.489979], [114.4204733, 30.4896449], [114.4203947, 30.4892747], [114.4203529, 30.4890075], [114.4202578, 30.4883369], [114.420248485, 30.488223969], [114.4202907, 30.4882135], [114.4203516, 30.4882076], [114.420384794, 30.488207275], [114.420391, 30.4883254], [114.4204844, 30.4889868], [114.4205281, 30.4892566], [114.4206033, 30.4896168], [114.420763, 30.4902874], [114.4209223, 30.4907436], [114.4210384, 30.4910284]]]}, "properties": {"id": 11323, "block_id": 11323, "area_sqm": 4396, "poi_count": 0, "dominant_category": null, "category_entropy": null, "street_block_id": null}}, {"type": "Feature", "geometry": {"type": "Polygon", "coordinates": [[[114.4214394, 30.4909514], [114.4210629, 30.4910884], [114.4210384, 30.4910284], [114.4213865, 30.4908795], [114.4219691, 30.4906711], [114.4220414, 30.4906405], [114.422313, 30.4905057], [114.4224067, 30.4904552], [114.4235857, 30.4900163], [114.4237984, 30.4899585], [114.4237408, 30.4900309], [114.423678, 30.4900357], [114.4236026, 30.4900586], [114.4224309, 30.490499], [114.4222298, 30.4906602], [114.4214394, 30.4909514]]]}, "properties": {"id": 11324, "block_id": 11324, "area_sqm": 2004, "poi_count": 0, "dominant_category": null, "category_entropy": null, "street_block_id": 16390}}, {"type": "Feature", "geometry": {"type": "Polygon", "coordinates": [[[114.4210629, 30.4910884], [114.4209239, 30.4911387], [114.4208997, 30.4910879], [114.4210384, 30.4910284], [114.4210629, 30.4910884]]]}, "properties": {"id": 11336, "block_id": 11336, "area_sqm": 96, "poi_count": 0, "dominant_category": null, "category_entropy": null, "street_block_id": null}}, {"type": "Feature", "geometry": {"type": "Polygon", "coordinates": [[[114.414466645, 30.497739094], [114.4143995, 30.4978032], [114.414472666, 30.497712927], [114.414466645, 30.497739094]]]}, "properties": {"id": 12296, "block_id": 12296, "area_sqm": 7, "poi_count": 0, "dominant_category": null, "category_entropy": null, "street_block_id": null}}, {"type": "Feature", "geometry": {"type": "Polygon", "coordinates": [[[114.4198773, 30.4914043], [114.4196639, 30.4914091], [114.4198738, 30.49136], [114.4200553, 30.49133], [114.4202861, 30.4912753], [114.4206792, 30.4911795], [114.4208997, 30.4910879], [114.4209239, 30.4911387], [114.4207001, 30.4912196], [114.4202852, 30.4913277], [114.4200586, 30.4913758], [114.4198773, 30.4914043]]]}, "properties": {"id": 11394, "block_id": 11394, "area_sqm": 596, "poi_count": 0, "dominant_category": null, "category_entropy": null, "street_block_id": 16406}}, {"type": "Feature", "geometry": {"type": "Polygon", "coordinates": [[[114.416311748, 30.491484992], [114.4162615, 30.4914853], [114.4161501, 30.489173], [114.416149669, 30.489074379], [114.416174142, 30.48891679], [114.416465398, 30.488868027], [114.4163897, 30.4889237], [114.4163226, 30.4890138], [114.4163023, 30.4890713], [114.4162851, 30.4891201], [114.4162636, 30.4892588], [114.4162717, 30.4894391], [114.416311748, 30.491484992]]]}, "properties": {"id": 11418, "block_id": 11418, "area_sqm": 2551, "poi_count": 0, "dominant_category": null, "category_entropy": null, "street_block_id": null}}, {"type": "Feature", "geometry": {"type": "Polygon", "coordinates": [[[114.4162615, 30.4914853], [114.416207841, 30.491487801], [114.4161014, 30.4893852], [114.416149669, 30.489074379], [114.4161501, 30.489173], [114.4162615, 30.4914853]]]}, "properties": {"id": 11421, "block_id": 11421, "area_sqm": 1353, "poi_count": 0, "dominant_category": null, "category_entropy": null, "street_block_id": null}}, {"type": "Feature", "geometry": {"type": "Polygon", "coordinates": [[[114.416207841, 30.491487801], [114.416078672, 30.491493821], [114.4160176, 30.4897538], [114.4159976, 30.4891837], [114.415990959, 30.488932416], [114.41608254, 30.488925801], [114.416093, 30.4891797], [114.4161014, 30.4893852], [114.416207841, 30.491487801]]]}, "properties": {"id": 11422, "block_id": 11422, "area_sqm": 2994, "poi_count": 0, "dominant_category": null, "category_entropy": null, "street_block_id": null}}, {"type": "Feature", "geometry": {"type": "Polygon", "coordinates": [[[114.416078672, 30.491493821], [114.4160405, 30.4914956], [114.4159615, 30.4901256], [114.415955412, 30.489982737], [114.4160176, 30.4897538], [114.416078672, 30.491493821]]]}, "properties": {"id": 11423, "block_id": 11423, "area_sqm": 974, "poi_count": 0, "dominant_category": null, "category_entropy": null, "street_block_id": null}}, {"type": "Feature", "geometry": {"type": "Polygon", "coordinates": [[[114.4054794, 30.4918304], [114.4053163, 30.4918628], [114.4052346, 30.4911505], [114.4050925, 30.4900156], [114.4050847, 30.4899756], [114.4050093, 30.4893846], [114.4049074, 30.4884693], [114.4048055, 30.487561], [114.4046821, 30.4865925], [114.4046473, 30.4863027], [114.4047813, 30.4863013], [114.40491, 30.4873044], [114.4050513, 30.4883847], [114.4050762, 30.4885757], [114.4052157, 30.4897591], [114.4052181, 30.4897822], [114.4052365, 30.4899636], [114.4052747, 30.4902999], [114.4053445, 30.4908223], [114.4054794, 30.4918304]]]}, "properties": {"id": 11565, "block_id": 11565, "area_sqm": 8859, "poi_count": 0, "dominant_category": null, "category_entropy": null, "street_block_id": null}}, {"type": "Feature", "geometry": {"type": "Polygon", "coordinates": [[[114.416317, 30.4917533], [114.416308554, 30.491877548], [114.4162615, 30.4914853], [114.416311748, 30.491484992], [114.416317, 30.4917533]]]}, "properties": {"id": 11573, "block_id": 11573, "area_sqm": 120, "poi_count": 0, "dominant_category": null, "category_entropy": null, "street_block_id": null}}, {"type": "Feature", "geometry": {"type": "Polygon", "coordinates": [[[114.424838823, 30.491984257], [114.424757133, 30.492008124], [114.4246499, 30.4917902], [114.4244712, 30.4914183], [114.4243944, 30.4911861], [114.4239224, 30.4901873], [114.4238693, 30.4900862], [114.4238204, 30.4900561], [114.4237408, 30.4900309], [114.4237984, 30.4899585], [114.4238778, 30.4899886], [114.4239922, 30.4901587], [114.4244583, 30.4911481], [114.4245529, 30.4913833], [114.4247327, 30.4917725], [114.424838823, 30.491984257]]]}, "properties": {"id": 11611, "block_id": 11611, "area_sqm": 1899, "poi_count": 0, "dominant_category": null, "category_entropy": null, "street_block_id": 16390}}, {"type": "Feature", "geometry": {"type": "Polygon", "coordinates": [[[114.416308554, 30.491877548], [114.4162869, 30.4921961], [114.416222, 30.4917675], [114.416207841, 30.491487801], [114.4162615, 30.4914853], [114.416308554, 30.491877548]]]}, "properties": {"id": 11667, "block_id": 11667, "area_sqm": 393, "poi_count": 0, "dominant_category": null, "category_entropy": null, "street_block_id": null}}, {"type": "Feature", "geometry": {"type": "Polygon", "coordinates": [[[114.4218009, 30.4928738], [114.4216951, 30.4929085], [114.4216645, 30.4927765], [114.4212034, 30.491779], [114.421119, 30.491557], [114.4209979, 30.4912943], [114.4209239, 30.4911387], [114.4210629, 30.4910884], [114.4211294, 30.4912513], [114.4212413, 30.4914996], [114.4213277, 30.4917355], [114.421786, 30.4927214], [114.4218009, 30.4928738]]]}, "properties": {"id": 11768, "block_id": 11768, "area_sqm": 2739, "poi_count": 0, "dominant_category": null, "category_entropy": null, "street_block_id": null}}, {"type": "Feature", "geometry": {"type": "Polygon", "coordinates": [[[114.4219176, 30.4929541], [114.421746, 30.4930043], [114.4216951, 30.4929085], [114.4218009, 30.4928738], [114.4218378, 30.4929047], [114.4219176, 30.4929541]]]}, "properties": {"id": 11779, "block_id": 11779, "area_sqm": 164, "poi_count": 0, "dominant_category": null, "category_entropy": null, "street_block_id": null}}, {"type": "Feature", "geometry": {"type": "Polygon", "coordinates": [[[114.4161808, 30.4927739], [114.416204, 30.4932498], [114.416102, 30.4926741], [114.4160585, 30.4923024], [114.4160065, 30.491859], [114.415974705, 30.491499695], [114.4160405, 30.4914956], [114.4161, 30.4920984], [114.4161808, 30.4927739]]]}, "properties": {"id": 11800, "block_id": 11800, "area_sqm": 1062, "poi_count": 0, "dominant_category": null, "category_entropy": null, "street_block_id": null}}, {"type": "Feature", "geometry": {"type": "Polygon", "coordinates": [[[114.4152181, 30.4935313], [114.4148972, 30.4935511], [114.4148665, 30.4929035], [114.4151422, 30.4929269], [114.4152181, 30.4935313]]]}, "properties": {"id": 11838, "block_id": 11838, "area_sqm": 1986, "poi_count": 0, "dominant_category": null, "category_entropy": null, "street_block_id": 16408}}, {"type": "Feature", "geometry": {"type": "Polygon", "coordinates": [[[114.4257565, 30.4938646], [114.4255865, 30.4939262], [114.4256118, 30.4938708], [114.425616, 30.4938143], [114.4255183, 30.4935892], [114.4254275, 30.4933714], [114.4251887, 30.4928709], [114.4250714, 30.4926567], [114.424901, 30.4923005], [114.424795396, 30.492085885], [114.424877617, 30.492061665], [114.4249712, 30.4922484], [114.425475, 30.4933131], [114.4255772, 30.4935734], [114.4257102, 30.4938265], [114.4257565, 30.4938646]]]}, "properties": {"id": 11877, "block_id": 11877, "area_sqm": 1633, "poi_count": 0, "dominant_category": null, "category_entropy": null, "street_block_id": 16409}}, {"type": "Feature", "geometry": {"type": "Polygon", "coordinates": [[[114.4163014, 30.4937044], [114.416306968, 30.494033867], [114.4163021, 30.4939993], [114.4162255, 30.493689], [114.416204, 30.4932498], [114.4161808, 30.4927739], [114.4161, 30.4920984], [114.4160405, 30.4914956], [114.416078672, 30.491493821], [114.4160809, 30.4915573], [114.4163014, 30.4937044]]]}, "properties": {"id": 11887, "block_id": 11887, "area_sqm": 1066, "poi_count": 0, "dominant_category": null, "category_entropy": null, "street_block_id": null}}, {"type": "Feature", "geometry": {"type": "Polygon", "coordinates": [[[114.4163014, 30.4937044], [114.416356508, 30.494385071], [114.4163495, 30.4943359], [114.416306968, 30.494033867], [114.4163014, 30.4937044]]]}, "properties": {"id": 11923, "block_id": 11923, "area_sqm": 77, "poi_count": 0, "dominant_category": null, "category_entropy": null, "street_block_id": null}}, {"type": "Feature", "geometry": {"type": "Polygon", "coordinates": [[[114.4165804, 30.494144], [114.416608569, 30.494406863], [114.4165221, 30.4941158], [114.4162869, 30.4921961], [114.416308554, 30.491877548], [114.416559, 30.4939653], [114.4165804, 30.494144]]]}, "properties": {"id": 11924, "block_id": 11924, "area_sqm": 1360, "poi_count": 0, "dominant_category": null, "category_entropy": null, "street_block_id": null}}, {"type": "Feature", "geometry": {"type": "Polygon", "coordinates": [[[114.4060398, 30.4945213], [114.4059655, 30.49453], [114.4059132, 30.4941736], [114.4058354, 30.493568], [114.4057496, 30.492974], [114.4057316, 30.492832], [114.4056638, 30.4922992], [114.4056019, 30.4918126], [114.4057404, 30.4917858], [114.4057519, 30.4918577], [114.4058408, 30.4925534], [114.4059427, 30.493367], [114.4059965, 30.4942364], [114.4060398, 30.4945213]]]}, "properties": {"id": 11937, "block_id": 11937, "area_sqm": 3588, "poi_count": 0, "dominant_category": null, "category_entropy": null, "street_block_id": null}}, {"type": "Feature", "geometry": {"type": "Polygon", "coordinates": [[[114.4058103, 30.4945441], [114.4056601, 30.494558], [114.4055806, 30.4939586], [114.4055109, 30.4932768], [114.4054143, 30.4925234], [114.4053163, 30.4918628], [114.4054794, 30.4918304], [114.4055537, 30.4924725], [114.4056717, 30.4933508], [114.4057736, 30.4941412], [114.4058103, 30.4945441]]]}, "properties": {"id": 11940, "block_id": 11940, "area_sqm": 4509, "poi_count": 0, "dominant_category": null, "category_entropy": null, "street_block_id": null}}, {"type": "Feature", "geometry": {"type": "Polygon", "coordinates": [[[114.4231674, 30.4948971], [114.422995751, 30.494964782], [114.4229818, 30.4949315], [114.4231391, 30.49487], [114.4243044, 30.494417], [114.424257143, 30.494473102], [114.4231674, 30.4948971]]]}, "properties": {"id": 11975, "block_id": 11975, "area_sqm": 522, "poi_count": 0, "dominant_category": null, "category_entropy": null, "street_block_id": null}}, {"type": "Feature", "geometry": {"type": "Polygon", "coordinates": [[[114.4229818, 30.4949315], [114.4228314, 30.4949902], [114.4227061, 30.4948016], [114.421746, 30.4930043], [114.4219176, 30.4929541], [114.4220255, 30.4930209], [114.4220613, 30.4930565], [114.4221119, 30.4931154], [114.4225323, 30.4939688], [114.4228974, 30.49473], [114.4229818, 30.4949315]]]}, "properties": {"id": 11978, "block_id": 11978, "area_sqm": 5572, "poi_count": 0, "dominant_category": null, "category_entropy": null, "street_block_id": null}}, {"type": "Feature", "geometry": {"type": "Polygon", "coordinates": [[[114.422995751, 30.494964782], [114.422852323, 30.495021335], [114.4228314, 30.4949902], [114.4229818, 30.4949315], [114.422995751, 30.494964782]]]}, "properties": {"id": 11982, "block_id": 11982, "area_sqm": 61, "poi_count": 0, "dominant_category": null, "category_entropy": null, "street_block_id": null}}, {"type": "Feature", "geometry": {"type": "Polygon", "coordinates": [[[114.4231931, 30.4950138], [114.423041292, 30.495073422], [114.422995751, 30.494964782], [114.4231674, 30.4948971], [114.424257143, 30.494473102], [114.4242296, 30.4945058], [114.4242249, 30.4945503], [114.4242656, 30.4945786], [114.424303697, 30.494580714], [114.4231931, 30.4950138]]]}, "properties": {"id": 11987, "block_id": 11987, "area_sqm": 1648, "poi_count": 0, "dominant_category": null, "category_entropy": null, "street_block_id": null}}, {"type": "Feature", "geometry": {"type": "Polygon", "coordinates": [[[114.4232377, 30.4950343], [114.4230552, 30.4951066], [114.423041292, 30.495073422], [114.4231931, 30.4950138], [114.424303697, 30.494580714], [114.4243791, 30.4945849], [114.424053, 30.4947431], [114.4235884, 30.4949215], [114.4232377, 30.4950343]]]}, "properties": {"id": 11990, "block_id": 11990, "area_sqm": 733, "poi_count": 0, "dominant_category": null, "category_entropy": null, "street_block_id": null}}, {"type": "Feature", "geometry": {"type": "Polygon", "coordinates": [[[114.423041292, 30.495073422], [114.422919479, 30.495121264], [114.422852323, 30.495021335], [114.422995751, 30.494964782], [114.423041292, 30.495073422]]]}, "properties": {"id": 11994, "block_id": 11994, "area_sqm": 178, "poi_count": 1, "dominant_category": "地名地址信息", "category_entropy": 0.0, "street_block_id": null}}, {"type": "Feature", "geometry": {"type": "Polygon", "coordinates": [[[114.4230552, 30.4951066], [114.4229398, 30.4951515], [114.422919479, 30.495121264], [114.423041292, 30.495073422], [114.4230552, 30.4951066]]]}, "properties": {"id": 11998, "block_id": 11998, "area_sqm": 48, "poi_count": 0, "dominant_category": null, "category_entropy": null, "street_block_id": null}}, {"type": "Feature", "geometry": {"type": "Polygon", "coordinates": [[[114.4232655, 30.4953952], [114.4232821, 30.4955569], [114.4231209, 30.4952643], [114.4230552, 30.4951066], [114.4232377, 30.4950343], [114.4235884, 30.4949215], [114.4234021, 30.4950583], [114.4233495, 30.4951037], [114.4233169, 30.4951447], [114.4232743, 30.4952365], [114.4232643, 30.4952926], [114.4232655, 30.4953952]]]}, "properties": {"id": 12040, "block_id": 12040, "area_sqm": 874, "poi_count": 0, "dominant_category": null, "category_entropy": null, "street_block_id": null}}, {"type": "Feature", "geometry": {"type": "Polygon", "coordinates": [[[114.4230369, 30.4952982], [114.4232214, 30.4955823], [114.4230299, 30.4954578], [114.4229109, 30.4953757], [114.4227956, 30.4953423], [114.4226841, 30.4953423], [114.4225813, 30.4953693], [114.4224048, 30.4953598], [114.4227287, 30.4952337], [114.4229398, 30.4951515], [114.4230369, 30.4952982]]]}, "properties": {"id": 12043, "block_id": 12043, "area_sqm": 956, "poi_count": 0, "dominant_category": null, "category_entropy": null, "street_block_id": null}}, {"type": "Feature", "geometry": {"type": "Polygon", "coordinates": [[[114.4166226, 30.4945378], [114.416736163, 30.495689996], [114.4166478, 30.4952782], [114.4165578, 30.4945746], [114.4165221, 30.4941158], [114.416608569, 30.494406863], [114.4166226, 30.4945378]]]}, "properties": {"id": 12058, "block_id": 12058, "area_sqm": 757, "poi_count": 0, "dominant_category": null, "category_entropy": null, "street_block_id": null}}, {"type": "Feature", "geometry": {"type": "Polygon", "coordinates": [[[114.421292, 30.4958573], [114.4209369, 30.4959312], [114.4224048, 30.4953598], [114.4223621, 30.4954524], [114.4221628, 30.4955409], [114.4217245, 30.495713], [114.4215163, 30.4957947], [114.421292, 30.4958573]]]}, "properties": {"id": 12077, "block_id": 12077, "area_sqm": 1100, "poi_count": 0, "dominant_category": null, "category_entropy": null, "street_block_id": null}}, {"type": "Feature", "geometry": {"type": "Polygon", "coordinates": [[[114.4199395, 30.4961595], [114.419813759, 30.496208229], [114.4199277, 30.496128], [114.420260259, 30.495998951], [114.4206248, 30.4958923], [114.4199395, 30.4961595]]]}, "properties": {"id": 12102, "block_id": 12102, "area_sqm": 217, "poi_count": 0, "dominant_category": null, "category_entropy": null, "street_block_id": null}}, {"type": "Feature", "geometry": {"type": "Polygon", "coordinates": [[[114.4209369, 30.4959312], [114.420226648, 30.496224741], [114.4208594, 30.4959247], [114.4216903, 30.4956136], [114.4222622, 30.4953808], [114.4227078, 30.4952044], [114.422919479, 30.495121264], [114.4229398, 30.4951515], [114.4227287, 30.4952337], [114.4224048, 30.4953598], [114.4209369, 30.4959312]]]}, "properties": {"id": 12103, "block_id": 12103, "area_sqm": 839, "poi_count": 0, "dominant_category": null, "category_entropy": null, "street_block_id": null}}, {"type": "Feature", "geometry": {"type": "Polygon", "coordinates": [[[114.39515, 30.4961228], [114.3944384, 30.4962714], [114.3944299, 30.4961951], [114.3944131, 30.4961097], [114.3943857, 30.4960413], [114.3943323, 30.495969], [114.3942804, 30.4959112], [114.3942157, 30.4958683], [114.3942456, 30.4957984], [114.3942614, 30.4957319], [114.3942757, 30.4956681], [114.3942811, 30.4956052], [114.3942848, 30.4955445], [114.3942842, 30.4954875], [114.3942808, 30.4954267], [114.3942755, 30.4953812], [114.3943796, 30.4953972], [114.3944864, 30.4954037], [114.3946298, 30.4954169], [114.3947534, 30.4954379], [114.3948983, 30.4954695], [114.3949853, 30.4955102], [114.3950448, 30.4955694], [114.395118, 30.4956838], [114.3951577, 30.4957745], [114.395176, 30.4958678], [114.3951897, 30.4959901], [114.3951946, 30.496105], [114.39515, 30.4961228]]]}, "properties": {"id": 12110, "block_id": 12110, "area_sqm": 6696, "poi_count": 0, "dominant_category": null, "category_entropy": null, "street_block_id": 16022}}, {"type": "Feature", "geometry": {"type": "Polygon", "coordinates": [[[114.416407031, 30.496284139], [114.41622057, 30.496309028], [114.416257, 30.4962309], [114.4163023, 30.4961446], [114.4163433, 30.4960327], [114.4163696, 30.495883], [114.416388, 30.4957178], [114.416395, 30.4953716], [114.4163177, 30.494669], [114.416306968, 30.494033867], [114.4163495, 30.4943359], [114.416356508, 30.494385071], [114.4164143, 30.4950989], [114.4164386, 30.4953806], [114.4164617, 30.4957221], [114.4164666, 30.495874], [114.4164588, 30.496015], [114.4164292, 30.496207], [114.416407031, 30.496284139]]]}, "properties": {"id": 12115, "block_id": 12115, "area_sqm": 1569, "poi_count": 0, "dominant_category": null, "category_entropy": null, "street_block_id": null}}, {"type": "Feature", "geometry": {"type": "Polygon", "coordinates": [[[114.4200235, 30.4963087], [114.419850519, 30.496341791], [114.4198819, 30.4963296], [114.4208594, 30.4959247], [114.420226648, 30.496224741], [114.4200235, 30.4963087]]]}, "properties": {"id": 12121, "block_id": 12121, "area_sqm": 244, "poi_count": 0, "dominant_category": null, "category_entropy": null, "street_block_id": null}}, {"type": "Feature", "geometry": {"type": "Polygon", "coordinates": [[[114.4167515, 30.4958456], [114.416928462, 30.49700568], [114.416859072, 30.496985311], [114.4167876, 30.4964393], [114.4166478, 30.4952782], [114.416736163, 30.495689996], [114.4167515, 30.4958456]]]}, "properties": {"id": 12173, "block_id": 12173, "area_sqm": 788, "poi_count": 0, "dominant_category": null, "category_entropy": null, "street_block_id": null}}, {"type": "Feature", "geometry": {"type": "Polygon", "coordinates": [[[114.4169807, 30.4968321], [114.417063707, 30.497072076], [114.4170089, 30.4970401], [114.4169534, 30.497013], [114.416928462, 30.49700568], [114.4167515, 30.4958456], [114.416736163, 30.495689996], [114.416898, 30.4964442], [114.4169807, 30.4968321]]]}, "properties": {"id": 12184, "block_id": 12184, "area_sqm": 736, "poi_count": 0, "dominant_category": null, "category_entropy": null, "street_block_id": null}}, {"type": "Feature", "geometry": {"type": "Polygon", "coordinates": [[[114.4178413, 30.4971519], [114.417387578, 30.497414409], [114.417373343, 30.497391956], [114.4178413, 30.4971519]]]}, "properties": {"id": 12211, "block_id": 12211, "area_sqm": 74, "poi_count": 0, "dominant_category": null, "category_entropy": null, "street_block_id": null}}, {"type": "Feature", "geometry": {"type": "Polygon", "coordinates": [[[114.4175435, 30.4973933], [114.417419972, 30.497465505], [114.417387578, 30.497414409], [114.4178413, 30.4971519], [114.4180421, 30.4970302], [114.4184097, 30.4968261], [114.418618, 30.4967142], [114.4188769, 30.4965834], [114.4191873, 30.496451], [114.419813759, 30.496208229], [114.4196198, 30.4963448], [114.4192094, 30.4965052], [114.4189027, 30.4966395], [114.4186375, 30.4967704], [114.418432, 30.4968756], [114.4182995, 30.4969528], [114.4180712, 30.4970887], [114.4175435, 30.4973933]]]}, "properties": {"id": 12219, "block_id": 12219, "area_sqm": 1639, "poi_count": 0, "dominant_category": null, "category_entropy": null, "street_block_id": null}}, {"type": "Feature", "geometry": {"type": "Polygon", "coordinates": [[[114.417356775, 30.497365824], [114.417201051, 30.49746621], [114.4171753, 30.4973947], [114.417063707, 30.497072076], [114.4170886, 30.4970866], [114.4171801, 30.4971587], [114.4172717, 30.4972502], [114.417334, 30.4973299], [114.417356775, 30.497365824]]]}, "properties": {"id": 12220, "block_id": 12220, "area_sqm": 468, "poi_count": 0, "dominant_category": null, "category_entropy": null, "street_block_id": null}}, {"type": "Feature", "geometry": {"type": "Polygon", "coordinates": [[[114.417373343, 30.497391956], [114.417205346, 30.497478137], [114.417201051, 30.49746621], [114.417356775, 30.497365824], [114.417373343, 30.497391956]]]}, "properties": {"id": 12222, "block_id": 12222, "area_sqm": 43, "poi_count": 0, "dominant_category": null, "category_entropy": null, "street_block_id": null}}, {"type": "Feature", "geometry": {"type": "Polygon", "coordinates": [[[114.4176986, 30.4973519], [114.41744248, 30.497501006], [114.417419972, 30.497465505], [114.4175435, 30.4973933], [114.4180712, 30.4970887], [114.4182995, 30.4969528], [114.418432, 30.4968756], [114.4186375, 30.4967704], [114.4189027, 30.4966395], [114.4192094, 30.4965052], [114.4196198, 30.4963448], [114.419813759, 30.496208229], [114.4199395, 30.4961595], [114.4206248, 30.4958923], [114.4216812, 30.4954888], [114.4222139, 30.4952735], [114.4226655, 30.495095], [114.422852323, 30.495021335], [114.422919479, 30.495121264], [114.4227078, 30.4952044], [114.4222622, 30.4953808], [114.4216903, 30.4956136], [114.4208594, 30.4959247], [114.4198819, 30.4963296], [114.419850519, 30.496341791], [114.4196372, 30.4963826], [114.419234, 30.496539], [114.4189232, 30.496678], [114.4186544, 30.4968088], [114.4184519, 30.4969137], [114.4183169, 30.4969927], [114.4180999, 30.4971183], [114.4176986, 30.4973519]]]}, "properties": {"id": 12228, "block_id": 12228, "area_sqm": 5520, "poi_count": 0, "dominant_category": null, "category_entropy": null, "street_block_id": null}}, {"type": "Feature", "geometry": {"type": "Polygon", "coordinates": [[[114.417205346, 30.497478137], [114.41709373, 30.497535394], [114.417201051, 30.49746621], [114.417205346, 30.497478137]]]}, "properties": {"id": 12232, "block_id": 12232, "area_sqm": 8, "poi_count": 0, "dominant_category": null, "category_entropy": null, "street_block_id": null}}, {"type": "Feature", "geometry": {"type": "Polygon", "coordinates": [[[114.417419972, 30.497465505], [114.417238909, 30.49757134], [114.417217775, 30.497512651], [114.417387578, 30.497414409], [114.417419972, 30.497465505]]]}, "properties": {"id": 12238, "block_id": 12238, "area_sqm": 132, "poi_count": 0, "dominant_category": null, "category_entropy": null, "street_block_id": null}}, {"type": "Feature", "geometry": {"type": "Polygon", "coordinates": [[[114.41709373, 30.497535394], [114.417007116, 30.497579826], [114.4169722, 30.4972924], [114.416928462, 30.49700568], [114.4169534, 30.497013], [114.4170089, 30.4970401], [114.417063707, 30.497072076], [114.4171753, 30.4973947], [114.417201051, 30.49746621], [114.41709373, 30.497535394]]]}, "properties": {"id": 12240, "block_id": 12240, "area_sqm": 871, "poi_count": 0, "dominant_category": null, "category_entropy": null, "street_block_id": null}}, {"type": "Feature", "geometry": {"type": "Polygon", "coordinates": [[[114.41709373, 30.497535394], [114.4170084, 30.4975904], [114.417007116, 30.497579826], [114.41709373, 30.497535394]]]}, "properties": {"id": 12242, "block_id": 12242, "area_sqm": 5, "poi_count": 0, "dominant_category": null, "category_entropy": null, "street_block_id": null}}, {"type": "Feature", "geometry": {"type": "Polygon", "coordinates": [[[114.41744248, 30.497501006], [114.417253252, 30.49761117], [114.417238909, 30.49757134], [114.417419972, 30.497465505], [114.41744248, 30.497501006]]]}, "properties": {"id": 12245, "block_id": 12245, "area_sqm": 95, "poi_count": 0, "dominant_category": null, "category_entropy": null, "street_block_id": null}}, {"type": "Feature", "geometry": {"type": "Polygon", "coordinates": [[[114.417217775, 30.497512651], [114.417015347, 30.497629769], [114.4170084, 30.4975904], [114.41709373, 30.497535394], [114.417205346, 30.497478137], [114.417217775, 30.497512651]]]}, "properties": {"id": 12250, "block_id": 12250, "area_sqm": 97, "poi_count": 0, "dominant_category": null, "category_entropy": null, "street_block_id": null}}, {"type": "Feature", "geometry": {"type": "Polygon", "coordinates": [[[114.4170084, 30.4975904], [114.416937285, 30.497632237], [114.416935447, 30.49761659], [114.417007116, 30.497579826], [114.4170084, 30.4975904]]]}, "properties": {"id": 12252, "block_id": 12252, "area_sqm": 11, "poi_count": 0, "dominant_category": null, "category_entropy": null, "street_block_id": null}}, {"type": "Feature", "geometry": {"type": "Polygon", "coordinates": [[[114.417379, 30.497583], [114.417266368, 30.497647593], [114.417253252, 30.49761117], [114.41744248, 30.497501006], [114.4174433, 30.4975023], [114.417452032, 30.497540239], [114.417379, 30.497583]]]}, "properties": {"id": 12255, "block_id": 12255, "area_sqm": 89, "poi_count": 0, "dominant_category": null, "category_entropy": null, "street_block_id": null}}, {"type": "Feature", "geometry": {"type": "Polygon", "coordinates": [[[114.417015347, 30.497629769], [114.41694198, 30.497672217], [114.416937285, 30.497632237], [114.4170084, 30.4975904], [114.417015347, 30.497629769]]]}, "properties": {"id": 12259, "block_id": 12259, "area_sqm": 33, "poi_count": 0, "dominant_category": null, "category_entropy": null, "street_block_id": null}}, {"type": "Feature", "geometry": {"type": "Polygon", "coordinates": [[[114.416935447, 30.49761659], [114.416810066, 30.497680909], [114.4167816, 30.4974463], [114.4167496, 30.4971656], [114.416722898, 30.496951715], [114.4167708, 30.4969594], [114.416859072, 30.496985311], [114.4168808, 30.4971513], [114.416935447, 30.49761659]]]}, "properties": {"id": 12260, "block_id": 12260, "area_sqm": 967, "poi_count": 0, "dominant_category": null, "category_entropy": null, "street_block_id": null}}, {"type": "Feature", "geometry": {"type": "Polygon", "coordinates": [[[114.4170797, 30.4976644], [114.4170261, 30.4976907], [114.417015347, 30.497629769], [114.417217775, 30.497512651], [114.417238909, 30.49757134], [114.4170797, 30.4976644]]]}, "properties": {"id": 12263, "block_id": 12263, "area_sqm": 156, "poi_count": 0, "dominant_category": null, "category_entropy": null, "street_block_id": null}}, {"type": "Feature", "geometry": {"type": "Polygon", "coordinates": [[[114.416937285, 30.497632237], [114.41681303, 30.497705337], [114.416810066, 30.497680909], [114.416935447, 30.49761659], [114.416937285, 30.497632237]]]}, "properties": {"id": 12267, "block_id": 12267, "area_sqm": 28, "poi_count": 0, "dominant_category": null, "category_entropy": null, "street_block_id": null}}, {"type": "Feature", "geometry": {"type": "Polygon", "coordinates": [[[114.416810066, 30.497680909], [114.416754507, 30.497709409], [114.416740177, 30.497637933], [114.4166954, 30.4972431], [114.416656672, 30.496941091], [114.416722898, 30.496951715], [114.4167496, 30.4971656], [114.4167816, 30.4974463], [114.416810066, 30.497680909]]]}, "properties": {"id": 12268, "block_id": 12268, "area_sqm": 508, "poi_count": 0, "dominant_category": null, "category_entropy": null, "street_block_id": null}}, {"type": "Feature", "geometry": {"type": "Polygon", "coordinates": [[[114.416754507, 30.497709409], [114.416748626, 30.497712426], [114.416740177, 30.497637933], [114.416754507, 30.497709409]]]}, "properties": {"id": 12269, "block_id": 12269, "area_sqm": 2, "poi_count": 0, "dominant_category": null, "category_entropy": null, "street_block_id": null}}, {"type": "Feature", "geometry": {"type": "Polygon", "coordinates": [[[114.4145569, 30.497609], [114.414472666, 30.497712927], [114.4144874, 30.4976489], [114.4145278, 30.4975515], [114.4145914, 30.4974533], [114.4146681, 30.4973685], [114.4147611, 30.4972969], [114.4148629, 30.4972368], [114.4149785, 30.4971769], [114.4154315, 30.4969978], [114.4155414, 30.4969458], [114.4156485, 30.4968859], [114.4157477, 30.4968222], [114.4158446, 30.4967568], [114.4159275, 30.4966826], [114.4160137, 30.4965921], [114.4160882, 30.4965093], [114.416159, 30.4964101], [114.4162155, 30.4963199], [114.41622057, 30.496309028], [114.416407031, 30.496284139], [114.4163925, 30.4963347], [114.4163203, 30.496489], [114.4162647, 30.4965796], [114.4161921, 30.4966688], [114.4161123, 30.4967537], [114.4160194, 30.4968279], [114.4159249, 30.4968972], [114.4158212, 30.496959], [114.4157114, 30.4970127], [114.4153354, 30.4971598], [114.4150009, 30.4973109], [114.4148169, 30.497417], [114.4147184, 30.4974812], [114.4145569, 30.497609]]]}, "properties": {"id": 12271, "block_id": 12271, "area_sqm": 3409, "poi_count": 0, "dominant_category": null, "category_entropy": null, "street_block_id": null}}, {"type": "Feature", "geometry": {"type": "Polygon", "coordinates": [[[114.4170261, 30.4976907], [114.416948614, 30.497728708], [114.41694198, 30.497672217], [114.417015347, 30.497629769], [114.4170261, 30.4976907]]]}, "properties": {"id": 12274, "block_id": 12274, "area_sqm": 51, "poi_count": 0, "dominant_category": null, "category_entropy": null, "street_block_id": null}}, {"type": "Feature", "geometry": {"type": "Polygon", "coordinates": [[[114.41747179, 30.497626087], [114.417289388, 30.497731302], [114.4172726, 30.4976649], [114.417266368, 30.497647593], [114.417379, 30.497583], [114.417452032, 30.497540239], [114.41747179, 30.497626087]]]}, "properties": {"id": 12276, "block_id": 12276, "area_sqm": 189, "poi_count": 0, "dominant_category": null, "category_entropy": null, "street_block_id": null}}, {"type": "Feature", "geometry": {"type": "Polygon", "coordinates": [[[114.417095, 30.4977033], [114.4170336, 30.497733], [114.4170261, 30.4976907], [114.4170797, 30.4976644], [114.417238909, 30.49757134], [114.417253252, 30.49761117], [114.417095, 30.4977033]]]}, "properties": {"id": 12277, "block_id": 12277, "area_sqm": 109, "poi_count": 0, "dominant_category": null, "category_entropy": null, "street_block_id": null}}, {"type": "Feature", "geometry": {"type": "Polygon", "coordinates": [[[114.41681303, 30.497705337], [114.416759951, 30.497736563], [114.416754507, 30.497709409], [114.416810066, 30.497680909], [114.41681303, 30.497705337]]]}, "properties": {"id": 12279, "block_id": 12279, "area_sqm": 16, "poi_count": 0, "dominant_category": null, "category_entropy": null, "street_block_id": null}}, {"type": "Feature", "geometry": {"type": "Polygon", "coordinates": [[[114.414563, 30.4976471], [114.414466645, 30.497739094], [114.414472666, 30.497712927], [114.4145569, 30.497609], [114.4147184, 30.4974812], [114.4148169, 30.497417], [114.4150009, 30.4973109], [114.4153354, 30.4971598], [114.4157114, 30.4970127], [114.4158212, 30.496959], [114.4159249, 30.4968972], [114.4160194, 30.4968279], [114.4161123, 30.4967537], [114.4161921, 30.4966688], [114.4162647, 30.4965796], [114.4163203, 30.496489], [114.4163925, 30.4963347], [114.416407031, 30.496284139], [114.4165729, 30.496262], [114.4165884, 30.4964087], [114.416656672, 30.496941091], [114.4166268, 30.4969363], [114.4164957, 30.496922], [114.416324, 30.496945], [114.4161752, 30.4969744], [114.4160158, 30.4970223], [114.4157334, 30.4971201], [114.4154036, 30.4972376], [114.4150304, 30.4973701], [114.4147599, 30.4975121], [114.414563, 30.4976471]]]}, "properties": {"id": 12282, "block_id": 12282, "area_sqm": 4435, "poi_count": 0, "dominant_category": null, "category_entropy": null, "street_block_id": null}}, {"type": "Feature", "geometry": {"type": "Polygon", "coordinates": [[[114.416759951, 30.497736563], [114.4167519, 30.4977413], [114.416748626, 30.497712426], [114.416754507, 30.497709409], [114.416759951, 30.497736563]]]}, "properties": {"id": 12284, "block_id": 12284, "area_sqm": 2, "poi_count": 0, "dominant_category": null, "category_entropy": null, "street_block_id": null}}, {"type": "Feature", "geometry": {"type": "Polygon", "coordinates": [[[114.4170336, 30.497733], [114.416953656, 30.497771634], [114.416948614, 30.497728708], [114.4170261, 30.4976907], [114.4170336, 30.497733]]]}, "properties": {"id": 12286, "block_id": 12286, "area_sqm": 38, "poi_count": 0, "dominant_category": null, "category_entropy": null, "street_block_id": null}}, {"type": "Feature", "geometry": {"type": "Polygon", "coordinates": [[[114.416817733, 30.497744102], [114.416767311, 30.497773274], [114.416759951, 30.497736563], [114.41681303, 30.497705337], [114.416817733, 30.497744102]]]}, "properties": {"id": 12287, "block_id": 12287, "area_sqm": 23, "poi_count": 0, "dominant_category": null, "category_entropy": null, "street_block_id": null}}, {"type": "Feature", "geometry": {"type": "Polygon", "coordinates": [[[114.416767311, 30.497773274], [114.416756914, 30.49777929], [114.4167519, 30.4977413], [114.416759951, 30.497736563], [114.416767311, 30.497773274]]]}, "properties": {"id": 12288, "block_id": 12288, "area_sqm": 4, "poi_count": 0, "dominant_category": null, "category_entropy": null, "street_block_id": null}}, {"type": "Feature", "geometry": {"type": "Polygon", "coordinates": [[[114.417266368, 30.497647593], [114.417034484, 30.497780576], [114.4170336, 30.497733], [114.417095, 30.4977033], [114.417253252, 30.49761117], [114.417266368, 30.497647593]]]}, "properties": {"id": 12289, "block_id": 12289, "area_sqm": 105, "poi_count": 0, "dominant_category": null, "category_entropy": null, "street_block_id": null}}, {"type": "Feature", "geometry": {"type": "Polygon", "coordinates": [[[114.416948614, 30.497728708], [114.416823322, 30.497790167], [114.416817733, 30.497744102], [114.41694198, 30.497672217], [114.416948614, 30.497728708]]]}, "properties": {"id": 12293, "block_id": 12293, "area_sqm": 72, "poi_count": 0, "dominant_category": null, "category_entropy": null, "street_block_id": null}}, {"type": "Feature", "geometry": {"type": "Polygon", "coordinates": [[[114.416823322, 30.497790167], [114.416775409, 30.49781367], [114.416767311, 30.497773274], [114.416817733, 30.497744102], [114.416823322, 30.497790167]]]}, "properties": {"id": 12298, "block_id": 12298, "area_sqm": 25, "poi_count": 0, "dominant_category": null, "category_entropy": null, "street_block_id": null}}, {"type": "Feature", "geometry": {"type": "Polygon", "coordinates": [[[114.416775409, 30.49781367], [114.4167623, 30.4978201], [114.416756914, 30.49777929], [114.416767311, 30.497773274], [114.416775409, 30.49781367]]]}, "properties": {"id": 12299, "block_id": 12299, "area_sqm": 6, "poi_count": 0, "dominant_category": null, "category_entropy": null, "street_block_id": null}}, {"type": "Feature", "geometry": {"type": "Polygon", "coordinates": [[[114.416953656, 30.497771634], [114.416828417, 30.497832158], [114.416823322, 30.497790167], [114.416948614, 30.497728708], [114.416953656, 30.497771634]]]}, "properties": {"id": 12301, "block_id": 12301, "area_sqm": 60, "poi_count": 0, "dominant_category": null, "category_entropy": null, "street_block_id": null}}, {"type": "Feature", "geometry": {"type": "Polygon", "coordinates": [[[114.417289388, 30.497731302], [114.4171006, 30.4978402], [114.4170353, 30.4978245], [114.417034484, 30.497780576], [114.417266368, 30.497647593], [114.4172726, 30.4976649], [114.417289388, 30.497731302]]]}, "properties": {"id": 12302, "block_id": 12302, "area_sqm": 234, "poi_count": 0, "dominant_category": null, "category_entropy": null, "street_block_id": null}}, {"type": "Feature", "geometry": {"type": "Polygon", "coordinates": [[[114.416828417, 30.497832158], [114.41678347, 30.497853879], [114.416775409, 30.49781367], [114.416823322, 30.497790167], [114.416828417, 30.497832158]]]}, "properties": {"id": 12306, "block_id": 12306, "area_sqm": 22, "poi_count": 0, "dominant_category": null, "category_entropy": null, "street_block_id": null}}, {"type": "Feature", "geometry": {"type": "Polygon", "coordinates": [[[114.41678347, 30.497853879], [114.4167677, 30.4978615], [114.4167623, 30.4978201], [114.416775409, 30.49781367], [114.41678347, 30.497853879]]]}, "properties": {"id": 12307, "block_id": 12307, "area_sqm": 7, "poi_count": 0, "dominant_category": null, "category_entropy": null, "street_block_id": null}}, {"type": "Feature", "geometry": {"type": "Polygon", "coordinates": [[[114.416959741, 30.49782344], [114.416835971, 30.497894421], [114.416828417, 30.497832158], [114.416953656, 30.497771634], [114.416959741, 30.49782344]]]}, "properties": {"id": 12311, "block_id": 12311, "area_sqm": 80, "poi_count": 0, "dominant_category": null, "category_entropy": null, "street_block_id": null}}, {"type": "Feature", "geometry": {"type": "Polygon", "coordinates": [[[114.416835971, 30.497894421], [114.416796173, 30.497917245], [114.41678347, 30.497853879], [114.416828417, 30.497832158], [114.416835971, 30.497894421]]]}, "properties": {"id": 12312, "block_id": 12312, "area_sqm": 31, "poi_count": 0, "dominant_category": null, "category_entropy": null, "street_block_id": null}}, {"type": "Feature", "geometry": {"type": "Polygon", "coordinates": [[[114.416796173, 30.497917245], [114.41677689, 30.497928304], [114.4167677, 30.4978615], [114.41678347, 30.497853879], [114.416796173, 30.497917245]]]}, "properties": {"id": 12313, "block_id": 12313, "area_sqm": 13, "poi_count": 0, "dominant_category": null, "category_entropy": null, "street_block_id": null}}, {"type": "Feature", "geometry": {"type": "Polygon", "coordinates": [[[114.416842754, 30.497950325], [114.416807432, 30.497973407], [114.416796173, 30.497917245], [114.416835971, 30.497894421], [114.416842754, 30.497950325]]]}, "properties": {"id": 12320, "block_id": 12320, "area_sqm": 25, "poi_count": 0, "dominant_category": null, "category_entropy": null, "street_block_id": null}}, {"type": "Feature", "geometry": {"type": "Polygon", "coordinates": [[[114.416807432, 30.497973407], [114.4167851, 30.497988], [114.41677689, 30.497928304], [114.416796173, 30.497917245], [114.416807432, 30.497973407]]]}, "properties": {"id": 12321, "block_id": 12321, "area_sqm": 14, "poi_count": 0, "dominant_category": null, "category_entropy": null, "street_block_id": null}}, {"type": "Feature", "geometry": {"type": "Polygon", "coordinates": [[[114.4157456, 30.4981955], [114.4155776, 30.4982321], [114.4154516, 30.4982284], [114.4153521, 30.4982121], [114.4152796, 30.4981892], [114.415231, 30.4981617], [114.4151929, 30.4981393], [114.4151416, 30.498099], [114.415089, 30.4980448], [114.4150457, 30.4979783], [114.4150103, 30.4979099], [114.4149964, 30.4978517], [114.4149933, 30.4977866], [114.4149954, 30.4977455], [114.415002, 30.4976785], [114.4150376, 30.4975884], [114.4151027, 30.4974954], [114.4151683, 30.4974346], [114.4152895, 30.4973628], [114.4160834, 30.4970762], [114.4162454, 30.4970481], [114.4163881, 30.4970602], [114.4164862, 30.4970929], [114.4165802, 30.4971667], [114.4166515, 30.4972756], [114.416702, 30.4974475], [114.416740177, 30.497637933], [114.416748626, 30.497712426], [114.4161317, 30.4980289], [114.4158278, 30.4981675], [114.4157456, 30.4981955]]]}, "properties": {"id": 12332, "block_id": 12332, "area_sqm": 15187, "poi_count": 0, "dominant_category": null, "category_entropy": null, "street_block_id": 16422}}, {"type": "Feature", "geometry": {"type": "Polygon", "coordinates": [[[114.417109, 30.4982909], [114.417074311, 30.498314105], [114.4170353, 30.4978245], [114.4171006, 30.4978402], [114.417289388, 30.497731302], [114.4172973, 30.4977626], [114.4173093, 30.4978689], [114.417295, 30.4979854], [114.4172564, 30.4980979], [114.4171954, 30.4981984], [114.417109, 30.4982909]]]}, "properties": {"id": 12343, "block_id": 12343, "area_sqm": 1059, "poi_count": 0, "dominant_category": null, "category_entropy": null, "street_block_id": null}}, {"type": "Feature", "geometry": {"type": "Polygon", "coordinates": [[[114.417074311, 30.498314105], [114.417024962, 30.498347116], [114.4170052, 30.4982105], [114.416965242, 30.497870282], [114.4170353, 30.4978245], [114.417074311, 30.498314105]]]}, "properties": {"id": 12345, "block_id": 12345, "area_sqm": 334, "poi_count": 0, "dominant_category": null, "category_entropy": null, "street_block_id": null}}, {"type": "Feature", "geometry": {"type": "Polygon", "coordinates": [[[114.4169764, 30.4983796], [114.416898636, 30.498410893], [114.416842754, 30.497950325], [114.416965242, 30.497870282], [114.4170052, 30.4982105], [114.417024962, 30.498347116], [114.4169764, 30.4983796]]]}, "properties": {"id": 12351, "block_id": 12351, "area_sqm": 663, "poi_count": 0, "dominant_category": null, "category_entropy": null, "street_block_id": null}}, {"type": "Feature", "geometry": {"type": "Polygon", "coordinates": [[[114.416898636, 30.498410893], [114.416895399, 30.498412196], [114.416807432, 30.497973407], [114.416842754, 30.497950325], [114.416898636, 30.498410893]]]}, "properties": {"id": 12352, "block_id": 12352, "area_sqm": 102, "poi_count": 0, "dominant_category": null, "category_entropy": null, "street_block_id": null}}, {"type": "Feature", "geometry": {"type": "Polygon", "coordinates": [[[114.4168601, 30.4984264], [114.41684276, 30.498431415], [114.4168331, 30.498359], [114.4167851, 30.497988], [114.416807432, 30.497973407], [114.416895399, 30.498412196], [114.4168601, 30.4984264]]]}, "properties": {"id": 12354, "block_id": 12354, "area_sqm": 190, "poi_count": 0, "dominant_category": null, "category_entropy": null, "street_block_id": null}}, {"type": "Feature", "geometry": {"type": "Polygon", "coordinates": [[[114.4155331, 30.4984394], [114.415495359, 30.498446127], [114.4155754, 30.4984153], [114.4156767, 30.4983742], [114.4159048, 30.4982789], [114.4162058, 30.4981443], [114.4165081, 30.4979871], [114.4167677, 30.4978615], [114.41677689, 30.497928304], [114.4167061, 30.4979689], [114.4162561, 30.4982139], [114.4156895, 30.4983947], [114.4155331, 30.4984394]]]}, "properties": {"id": 12358, "block_id": 12358, "area_sqm": 851, "poi_count": 0, "dominant_category": null, "category_entropy": null, "street_block_id": null}}, {"type": "Feature", "geometry": {"type": "Polygon", "coordinates": [[[114.416898636, 30.498410893], [114.416904, 30.4984551], [114.416895399, 30.498412196], [114.416898636, 30.498410893]]]}, "properties": {"id": 12359, "block_id": 12359, "area_sqm": 1, "poi_count": 0, "dominant_category": null, "category_entropy": null, "street_block_id": null}}, {"type": "Feature", "geometry": {"type": "Polygon", "coordinates": [[[114.415361, 30.4984228], [114.415176755, 30.498477684], [114.415095754, 30.498470423], [114.4153712, 30.4983827], [114.415487, 30.4983442], [114.4158218, 30.4982118], [114.4167519, 30.4977413], [114.416756914, 30.49777929], [114.4165685, 30.4978883], [114.4161665, 30.4980934], [114.4158658, 30.4982324], [114.4155006, 30.4983768], [114.415361, 30.4984228]]]}, "properties": {"id": 12362, "block_id": 12362, "area_sqm": 774, "poi_count": 0, "dominant_category": null, "category_entropy": null, "street_block_id": null}}, {"type": "Feature", "geometry": {"type": "Polygon", "coordinates": [[[114.4153564, 30.4984709], [114.415237453, 30.498478884], [114.4154187, 30.4984232], [114.4155529, 30.4983746], [114.4156582, 30.4983351], [114.4158855, 30.4982451], [114.4161823, 30.4981097], [114.4164866, 30.4979552], [114.4167623, 30.4978201], [114.4167677, 30.4978615], [114.4165081, 30.4979871], [114.4162058, 30.4981443], [114.4159048, 30.4982789], [114.4156767, 30.4983742], [114.4155754, 30.4984153], [114.415495359, 30.498446127], [114.4153564, 30.4984709]]]}, "properties": {"id": 12363, "block_id": 12363, "area_sqm": 679, "poi_count": 0, "dominant_category": null, "category_entropy": null, "street_block_id": null}}, {"type": "Feature", "geometry": {"type": "Polygon", "coordinates": [[[114.415237453, 30.498478884], [114.4152104, 30.4984807], [114.415176755, 30.498477684], [114.415361, 30.4984228], [114.4155006, 30.4983768], [114.4158658, 30.4982324], [114.4161665, 30.4980934], [114.4165685, 30.4978883], [114.416756914, 30.49777929], [114.4167623, 30.4978201], [114.4164866, 30.4979552], [114.4161823, 30.4981097], [114.4158855, 30.4982451], [114.4156582, 30.4983351], [114.4155529, 30.4983746], [114.4154187, 30.4984232], [114.415237453, 30.498478884]]]}, "properties": {"id": 12366, "block_id": 12366, "area_sqm": 387, "poi_count": 0, "dominant_category": null, "category_entropy": null, "street_block_id": null}}, {"type": "Feature", "geometry": {"type": "Polygon", "coordinates": [[[114.4061954, 30.498701], [114.406195101, 30.498747738], [114.406104, 30.4986462], [114.4058837, 30.4969111], [114.4058717, 30.4968171], [114.4058706, 30.4967128], [114.4058793, 30.4966188], [114.4059044, 30.4965267], [114.4060296, 30.4962805], [114.4059695, 30.4964448], [114.4059565, 30.4965834], [114.4059705, 30.4967351], [114.4059955, 30.4969177], [114.4060944, 30.4977821], [114.4061525, 30.4982899], [114.4061954, 30.498701]]]}, "properties": {"id": 12385, "block_id": 12385, "area_sqm": 2326, "poi_count": 0, "dominant_category": null, "category_entropy": null, "street_block_id": null}}, {"type": "Feature", "geometry": {"type": "Polygon", "coordinates": [[[114.4144413, 30.4988631], [114.414279708, 30.498873303], [114.4146123, 30.4988172], [114.414483139, 30.498858076], [114.4144413, 30.4988631]]]}, "properties": {"id": 12395, "block_id": 12395, "area_sqm": 36, "poi_count": 0, "dominant_category": null, "category_entropy": null, "street_block_id": null}}, {"type": "Feature", "geometry": {"type": "Polygon", "coordinates": [[[114.4063331, 30.498749], [114.4063522, 30.4989454], [114.4062524, 30.4988116], [114.406195101, 30.498747738], [114.4061954, 30.498701], [114.4061525, 30.4982899], [114.4060944, 30.4977821], [114.4059955, 30.4969177], [114.4059705, 30.4967351], [114.4059565, 30.4965834], [114.4059695, 30.4964448], [114.4060296, 30.4962805], [114.4060611, 30.4965757], [114.4061834, 30.4976277], [114.4062463, 30.4981554], [114.4062858, 30.4983417], [114.4063331, 30.498749]]]}, "properties": {"id": 12401, "block_id": 12401, "area_sqm": 2929, "poi_count": 0, "dominant_category": null, "category_entropy": null, "street_block_id": null}}, {"type": "Feature", "geometry": {"type": "Polygon", "coordinates": [[[114.414279708, 30.498873303], [114.4128258, 30.4989651], [114.4137149, 30.4988759], [114.4140494, 30.4988413], [114.414256, 30.4988147], [114.4144189, 30.4987872], [114.4145987, 30.4987556], [114.4150327, 30.498652], [114.415216, 30.4986053], [114.4154509, 30.4985429], [114.4155919, 30.4985001], [114.4157106, 30.4984572], [114.415949, 30.4983549], [114.4162561, 30.4982139], [114.4167061, 30.4979689], [114.41677689, 30.497928304], [114.4167851, 30.497988], [114.4165787, 30.4981235], [114.4162532, 30.4982997], [114.4157, 30.498573], [114.4154721, 30.4986439], [114.4152216, 30.4987017], [114.4146123, 30.4988172], [114.414279708, 30.498873303]]]}, "properties": {"id": 12403, "block_id": 12403, "area_sqm": 2727, "poi_count": 0, "dominant_category": null, "category_entropy": null, "street_block_id": null}}, {"type": "Feature", "geometry": {"type": "Polygon", "coordinates": [[[114.40617, 30.4989468], [114.406160217, 30.498973349], [114.4060775, 30.498967], [114.4060353, 30.4988967], [114.4059234, 30.497755], [114.405835, 30.4970352], [114.4057952, 30.4967572], [114.4057957, 30.4966415], [114.405826, 30.4965136], [114.4058461, 30.4964307], [114.4056316, 30.4948009], [114.4056601, 30.494558], [114.4058103, 30.4945441], [114.4058625, 30.4948411], [114.4060296, 30.4962805], [114.4059044, 30.4965267], [114.4058793, 30.4966188], [114.4058706, 30.4967128], [114.4058717, 30.4968171], [114.4058837, 30.4969111], [114.406104, 30.4986462], [114.406195101, 30.498747738], [114.4061948, 30.4987949], [114.4061911, 30.4988678], [114.40617, 30.4989468]]]}, "properties": {"id": 12405, "block_id": 12405, "area_sqm": 6379, "poi_count": 0, "dominant_category": null, "category_entropy": null, "street_block_id": null}}, {"type": "Feature", "geometry": {"type": "Polygon", "coordinates": [[[114.4062655, 30.4991819], [114.40622739, 30.499234347], [114.4061822, 30.4992038], [114.4062067, 30.49914], [114.4062182, 30.4990583], [114.4062143, 30.4989775], [114.406160217, 30.498973349], [114.40617, 30.4989468], [114.4061911, 30.4988678], [114.4061948, 30.4987949], [114.406195101, 30.498747738], [114.4062524, 30.4988116], [114.4063522, 30.4989454], [114.4062938, 30.4991255], [114.4062655, 30.4991819]]]}, "properties": {"id": 12431, "block_id": 12431, "area_sqm": 483, "poi_count": 0, "dominant_category": null, "category_entropy": null, "street_block_id": null}}, {"type": "Feature", "geometry": {"type": "Polygon", "coordinates": [[[114.4063914, 30.4992685], [114.4062896, 30.4992764], [114.40622739, 30.499234347], [114.4062655, 30.4991819], [114.4062938, 30.4991255], [114.4063522, 30.4989454], [114.4063758, 30.4991345], [114.4063835, 30.4992184], [114.4063914, 30.4992685]]]}, "properties": {"id": 12436, "block_id": 12436, "area_sqm": 267, "poi_count": 0, "dominant_category": null, "category_entropy": null, "street_block_id": null}}, {"type": "Feature", "geometry": {"type": "Polygon", "coordinates": [[[114.4107345, 30.4992891], [114.4099927, 30.4993159], [114.409844532, 30.499299659], [114.4113695, 30.499187], [114.411380119, 30.499265975], [114.4112328, 30.499277], [114.4107345, 30.4992891]]]}, "properties": {"id": 12442, "block_id": 12442, "area_sqm": 825, "poi_count": 1, "dominant_category": "地名地址信息", "category_entropy": 0.0, "street_block_id": null}}, {"type": "Feature", "geometry": {"type": "Polygon", "coordinates": [[[114.4097059, 30.4993099], [114.4094235, 30.4993288], [114.409420614, 30.499291231], [114.4096059, 30.4992735], [114.409844532, 30.499299659], [114.4097059, 30.4993099]]]}, "properties": {"id": 12444, "block_id": 12444, "area_sqm": 134, "poi_count": 0, "dominant_category": null, "category_entropy": null, "street_block_id": null}}, {"type": "Feature", "geometry": {"type": "Polygon", "coordinates": [[[114.4067608, 30.4993404], [114.4066694, 30.4993494], [114.4066578, 30.4992477], [114.4065359, 30.4992572], [114.4065303, 30.4992152], [114.4064935, 30.4987557], [114.4066239, 30.4991033], [114.406653, 30.4991487], [114.4066889, 30.4991816], [114.4067454, 30.4992159], [114.4067864, 30.4992378], [114.4068304, 30.4992513], [114.4069307, 30.499264], [114.4073794, 30.4993073], [114.4069079, 30.499326], [114.4067994, 30.4993367], [114.4067608, 30.4993404]]]}, "properties": {"id": 12450, "block_id": 12450, "area_sqm": 842, "poi_count": 0, "dominant_category": null, "category_entropy": null, "street_block_id": 16244}}, {"type": "Feature", "geometry": {"type": "Polygon", "coordinates": [[[114.4066694, 30.4993494], [114.4065496, 30.4993612], [114.4065359, 30.4992572], [114.4066578, 30.4992477], [114.4066694, 30.4993494]]]}, "properties": {"id": 12455, "block_id": 12455, "area_sqm": 134, "poi_count": 0, "dominant_category": null, "category_entropy": null, "street_block_id": null}}, {"type": "Feature", "geometry": {"type": "Polygon", "coordinates": [[[114.4065496, 30.4993612], [114.4064083, 30.4993751], [114.4063914, 30.4992685], [114.4065359, 30.4992572], [114.4065496, 30.4993612]]]}, "properties": {"id": 12457, "block_id": 12457, "area_sqm": 162, "poi_count": 0, "dominant_category": null, "category_entropy": null, "street_block_id": null}}, {"type": "Feature", "geometry": {"type": "Polygon", "coordinates": [[[114.4064083, 30.4993751], [114.4063154, 30.4993842], [114.4062943, 30.4993378], [114.4062896, 30.4992764], [114.4063914, 30.4992685], [114.4064083, 30.4993751]]]}, "properties": {"id": 12461, "block_id": 12461, "area_sqm": 119, "poi_count": 0, "dominant_category": null, "category_entropy": null, "street_block_id": null}}, {"type": "Feature", "geometry": {"type": "Polygon", "coordinates": [[[114.4062592, 30.4993897], [114.4058242, 30.4994066], [114.406115, 30.4993285], [114.4061553, 30.4993079], [114.4062033, 30.4992675], [114.40622739, 30.499234347], [114.4062896, 30.4992764], [114.4062943, 30.4993378], [114.4063154, 30.4993842], [114.4062592, 30.4993897]]]}, "properties": {"id": 12463, "block_id": 12463, "area_sqm": 324, "poi_count": 0, "dominant_category": null, "category_entropy": null, "street_block_id": null}}, {"type": "Feature", "geometry": {"type": "Polygon", "coordinates": [[[114.406678863, 30.499432884], [114.406560449, 30.499443423], [114.4065496, 30.4993612], [114.4066694, 30.4993494], [114.406678863, 30.499432884]]]}, "properties": {"id": 12469, "block_id": 12469, "area_sqm": 106, "poi_count": 0, "dominant_category": null, "category_entropy": null, "street_block_id": null}}, {"type": "Feature", "geometry": {"type": "Polygon", "coordinates": [[[114.406560449, 30.499443423], [114.40642105, 30.49945583], [114.4064083, 30.4993751], [114.4065496, 30.4993612], [114.406560449, 30.499443423]]]}, "properties": {"id": 12470, "block_id": 12470, "area_sqm": 123, "poi_count": 0, "dominant_category": null, "category_entropy": null, "street_block_id": null}}, {"type": "Feature", "geometry": {"type": "Polygon", "coordinates": [[[114.40642105, 30.49945583], [114.406345665, 30.499462538], [114.4063441, 30.4994467], [114.4063154, 30.4993842], [114.4064083, 30.4993751], [114.40642105, 30.49945583]]]}, "properties": {"id": 12471, "block_id": 12471, "area_sqm": 71, "poi_count": 0, "dominant_category": null, "category_entropy": null, "street_block_id": null}}, {"type": "Feature", "geometry": {"type": "Polygon", "coordinates": [[[114.406684, 30.4994782], [114.4065655, 30.4994817], [114.406560449, 30.499443423], [114.406678863, 30.499432884], [114.406684, 30.4994782]]]}, "properties": {"id": 12474, "block_id": 12474, "area_sqm": 53, "poi_count": 0, "dominant_category": null, "category_entropy": null, "street_block_id": null}}, {"type": "Feature", "geometry": {"type": "Polygon", "coordinates": [[[114.4065655, 30.4994817], [114.4064258, 30.4994859], [114.40642105, 30.49945583], [114.406560449, 30.499443423], [114.4065655, 30.4994817]]]}, "properties": {"id": 12475, "block_id": 12475, "area_sqm": 51, "poi_count": 0, "dominant_category": null, "category_entropy": null, "street_block_id": null}}, {"type": "Feature", "geometry": {"type": "Polygon", "coordinates": [[[114.4064258, 30.4994859], [114.4063482, 30.4994882], [114.406345665, 30.499462538], [114.40642105, 30.49945583], [114.4064258, 30.4994859]]]}, "properties": {"id": 12476, "block_id": 12476, "area_sqm": 23, "poi_count": 0, "dominant_category": null, "category_entropy": null, "street_block_id": null}}, {"type": "Feature", "geometry": {"type": "Polygon", "coordinates": [[[114.4066883, 30.499516], [114.4065705, 30.4995194], [114.4065655, 30.4994817], [114.406684, 30.4994782], [114.4066883, 30.499516]]]}, "properties": {"id": 12485, "block_id": 12485, "area_sqm": 48, "poi_count": 0, "dominant_category": null, "category_entropy": null, "street_block_id": null}}, {"type": "Feature", "geometry": {"type": "Polygon", "coordinates": [[[114.4065705, 30.4995194], [114.4064317, 30.4995234], [114.4064258, 30.4994859], [114.4065655, 30.4994817], [114.4065705, 30.4995194]]]}, "properties": {"id": 12487, "block_id": 12487, "area_sqm": 56, "poi_count": 0, "dominant_category": null, "category_entropy": null, "street_block_id": null}}, {"type": "Feature", "geometry": {"type": "Polygon", "coordinates": [[[114.4064317, 30.4995234], [114.4063519, 30.4995255], [114.4063482, 30.4994882], [114.4064258, 30.4994859], [114.4064317, 30.4995234]]]}, "properties": {"id": 12488, "block_id": 12488, "area_sqm": 31, "poi_count": 0, "dominant_category": null, "category_entropy": null, "street_block_id": null}}, {"type": "Feature", "geometry": {"type": "Polygon", "coordinates": [[[114.4071909, 30.4995046], [114.406692103, 30.499549475], [114.4066883, 30.499516], [114.4067823, 30.4995133], [114.4068224, 30.4995122], [114.4068971, 30.4995101], [114.4092258, 30.4992884], [114.4094185, 30.4992637], [114.409420614, 30.499291231], [114.4071909, 30.4995046]]]}, "properties": {"id": 12491, "block_id": 12491, "area_sqm": 655, "poi_count": 0, "dominant_category": null, "category_entropy": null, "street_block_id": null}}, {"type": "Feature", "geometry": {"type": "Polygon", "coordinates": [[[114.406692103, 30.499549475], [114.406575864, 30.499559933], [114.4065705, 30.4995194], [114.4066883, 30.499516], [114.406692103, 30.499549475]]]}, "properties": {"id": 12493, "block_id": 12493, "area_sqm": 46, "poi_count": 0, "dominant_category": null, "category_entropy": null, "street_block_id": null}}, {"type": "Feature", "geometry": {"type": "Polygon", "coordinates": [[[114.406575864, 30.499559933], [114.406439436, 30.499572207], [114.4064317, 30.4995234], [114.4065705, 30.4995194], [114.406575864, 30.499559933]]]}, "properties": {"id": 12496, "block_id": 12496, "area_sqm": 66, "poi_count": 0, "dominant_category": null, "category_entropy": null, "street_block_id": null}}, {"type": "Feature", "geometry": {"type": "Polygon", "coordinates": [[[114.406439436, 30.499572207], [114.406356134, 30.499579701], [114.4063519, 30.4995255], [114.4064317, 30.4995234], [114.406439436, 30.499572207]]]}, "properties": {"id": 12499, "block_id": 12499, "area_sqm": 45, "poi_count": 0, "dominant_category": null, "category_entropy": null, "street_block_id": null}}, {"type": "Feature", "geometry": {"type": "Polygon", "coordinates": [[[114.404733781, 30.499507604], [114.404070435, 30.499593006], [114.4040678, 30.4995381], [114.404733781, 30.499507604]]]}, "properties": {"id": 12503, "block_id": 12503, "area_sqm": 195, "poi_count": 0, "dominant_category": null, "category_entropy": null, "street_block_id": null}}, {"type": "Feature", "geometry": {"type": "Polygon", "coordinates": [[[114.404070438, 30.499593063], [114.4040697, 30.4995931], [114.404070435, 30.499593006], [114.404070438, 30.499593063]]]}, "properties": {"id": 12505, "block_id": 12505, "area_sqm": 0, "poi_count": 0, "dominant_category": null, "category_entropy": null, "street_block_id": null}}, {"type": "Feature", "geometry": {"type": "Polygon", "coordinates": [[[114.4051331, 30.4995545], [114.4040715, 30.4996152], [114.404070438, 30.499593063], [114.4049387, 30.4995496], [114.4055207, 30.4995184], [114.4058086, 30.4995015], [114.4062697, 30.4994693], [114.406345665, 30.499462538], [114.4063482, 30.4994882], [114.4062611, 30.4994909], [114.4051331, 30.4995545]]]}, "properties": {"id": 12506, "block_id": 12506, "area_sqm": 422, "poi_count": 0, "dominant_category": null, "category_entropy": null, "street_block_id": null}}, {"type": "Feature", "geometry": {"type": "Polygon", "coordinates": [[[114.4067, 30.499619], [114.4065847, 30.4996267], [114.406575864, 30.499559933], [114.406692103, 30.499549475], [114.4067, 30.499619]]]}, "properties": {"id": 12509, "block_id": 12509, "area_sqm": 85, "poi_count": 0, "dominant_category": null, "category_entropy": null, "street_block_id": null}}, {"type": "Feature", "geometry": {"type": "Polygon", "coordinates": [[[114.4065847, 30.4996267], [114.4064495, 30.4996357], [114.406439436, 30.499572207], [114.406575864, 30.499559933], [114.4065847, 30.4996267]]]}, "properties": {"id": 12511, "block_id": 12511, "area_sqm": 95, "poi_count": 0, "dominant_category": null, "category_entropy": null, "street_block_id": null}}, {"type": "Feature", "geometry": {"type": "Polygon", "coordinates": [[[114.4064495, 30.4996357], [114.4063545, 30.4996421], [114.4063585, 30.49961], [114.406356134, 30.499579701], [114.406439436, 30.499572207], [114.4064495, 30.4996357]]]}, "properties": {"id": 12512, "block_id": 12512, "area_sqm": 59, "poi_count": 2, "dominant_category": "地名地址信息", "category_entropy": 0.0, "street_block_id": null}}, {"type": "Feature", "geometry": {"type": "Polygon", "coordinates": [[[114.4033094, 30.4996391], [114.402909947, 30.499660313], [114.402905928, 30.499596198], [114.40394, 30.4995439], [114.4040678, 30.4995381], [114.404070435, 30.499593006], [114.4040697, 30.4995931], [114.4033094, 30.4996391]]]}, "properties": {"id": 12520, "block_id": 12520, "area_sqm": 754, "poi_count": 0, "dominant_category": null, "category_entropy": null, "street_block_id": null}}, {"type": "Feature", "geometry": {"type": "Polygon", "coordinates": [[[114.4033663, 30.4996661], [114.402911834, 30.49969054], [114.4029111, 30.4996787], [114.402909947, 30.499660313], [114.4033094, 30.4996391], [114.4040697, 30.4995931], [114.404070438, 30.499593063], [114.4040715, 30.4996152], [114.4033663, 30.4996661]]]}, "properties": {"id": 12530, "block_id": 12530, "area_sqm": 344, "poi_count": 0, "dominant_category": null, "category_entropy": null, "street_block_id": null}}, {"type": "Feature", "geometry": {"type": "Polygon", "coordinates": [[[114.4067112, 30.499717], [114.4065984, 30.499731], [114.4065847, 30.4996267], [114.4067, 30.499619], [114.4067112, 30.499717]]]}, "properties": {"id": 12534, "block_id": 12534, "area_sqm": 124, "poi_count": 0, "dominant_category": null, "category_entropy": null, "street_block_id": null}}, {"type": "Feature", "geometry": {"type": "Polygon", "coordinates": [[[114.4065984, 30.499731], [114.4064672, 30.4997472], [114.4064495, 30.4996357], [114.4065847, 30.4996267], [114.4065984, 30.499731]]]}, "properties": {"id": 12538, "block_id": 12538, "area_sqm": 155, "poi_count": 0, "dominant_category": null, "category_entropy": null, "street_block_id": null}}, {"type": "Feature", "geometry": {"type": "Polygon", "coordinates": [[[114.4064672, 30.4997472], [114.4063394, 30.499763], [114.4063545, 30.4996421], [114.4064495, 30.4996357], [114.4064672, 30.4997472]]]}, "properties": {"id": 12543, "block_id": 12543, "area_sqm": 138, "poi_count": 0, "dominant_category": null, "category_entropy": null, "street_block_id": null}}, {"type": "Feature", "geometry": {"type": "Polygon", "coordinates": [[[114.3996069, 30.4997623], [114.3995116, 30.4997673], [114.3994922, 30.4996421], [114.3994627, 30.4988893], [114.3995401, 30.4988853], [114.399552, 30.4991592], [114.3995728, 30.499328], [114.3995927, 30.4996344], [114.3996069, 30.4997623]]]}, "properties": {"id": 12545, "block_id": 12545, "area_sqm": 833, "poi_count": 0, "dominant_category": null, "category_entropy": null, "street_block_id": null}}, {"type": "Feature", "geometry": {"type": "Polygon", "coordinates": [[[114.4063394, 30.499763], [114.406286279, 30.499800094], [114.4062523, 30.4997704], [114.4061396, 30.4997209], [114.4058275, 30.4996963], [114.406298, 30.4996458], [114.4063545, 30.4996421], [114.4063394, 30.499763]]]}, "properties": {"id": 12555, "block_id": 12555, "area_sqm": 339, "poi_count": 0, "dominant_category": null, "category_entropy": null, "street_block_id": null}}, {"type": "Feature", "geometry": {"type": "Polygon", "coordinates": [[[114.4008464, 30.4997699], [114.399614864, 30.499834474], [114.3996069, 30.4997623], [114.39994, 30.499746], [114.4016625, 30.4996574], [114.4021545, 30.4996342], [114.402905928, 30.499596198], [114.402909947, 30.499660313], [114.4008464, 30.4997699]]]}, "properties": {"id": 12561, "block_id": 12561, "area_sqm": 2421, "poi_count": 0, "dominant_category": null, "category_entropy": null, "street_block_id": null}}, {"type": "Feature", "geometry": {"type": "Polygon", "coordinates": [[[114.399614864, 30.499834474], [114.399522717, 30.499839305], [114.3995116, 30.4997673], [114.3996069, 30.4997623], [114.399614864, 30.499834474]]]}, "properties": {"id": 12562, "block_id": 12562, "area_sqm": 72, "poi_count": 0, "dominant_category": null, "category_entropy": null, "street_block_id": null}}, {"type": "Feature", "geometry": {"type": "Polygon", "coordinates": [[[114.403779, 30.4998026], [114.402921949, 30.499852109], [114.402917318, 30.499778605], [114.4032387, 30.4997615], [114.4051384, 30.4997224], [114.4052629, 30.499724894], [114.4050122, 30.4997376], [114.404687, 30.4997547], [114.403779, 30.4998026]]]}, "properties": {"id": 12567, "block_id": 12567, "area_sqm": 1051, "poi_count": 0, "dominant_category": null, "category_entropy": null, "street_block_id": null}}, {"type": "Feature", "geometry": {"type": "Polygon", "coordinates": [[[114.3996197, 30.4998783], [114.399529, 30.49988], [114.399522717, 30.499839305], [114.399614864, 30.499834474], [114.3996197, 30.4998783]]]}, "properties": {"id": 12575, "block_id": 12575, "area_sqm": 41, "poi_count": 0, "dominant_category": null, "category_entropy": null, "street_block_id": null}}, {"type": "Feature", "geometry": {"type": "Polygon", "coordinates": [[[114.4043882, 30.4998665], [114.4033711, 30.4999232], [114.4032638, 30.4998984], [114.402926, 30.4999164], [114.402921949, 30.499852109], [114.403779, 30.4998026], [114.404687, 30.4997547], [114.4046992, 30.4998351], [114.4043882, 30.4998665]]]}, "properties": {"id": 12580, "block_id": 12580, "area_sqm": 1669, "poi_count": 0, "dominant_category": null, "category_entropy": null, "street_block_id": null}}, {"type": "Feature", "geometry": {"type": "Polygon", "coordinates": [[[114.4032683, 30.499929], [114.4028813, 30.4999478], [114.4026256, 30.499929], [114.4027112, 30.4999112], [114.402926, 30.4999164], [114.4032638, 30.4998984], [114.4033711, 30.4999232], [114.4032683, 30.499929]]]}, "properties": {"id": 12583, "block_id": 12583, "area_sqm": 202, "poi_count": 0, "dominant_category": null, "category_entropy": null, "street_block_id": null}}, {"type": "Feature", "geometry": {"type": "Polygon", "coordinates": [[[114.4002852, 30.4999187], [114.39962796, 30.499952379], [114.3996244, 30.4999203], [114.3999206, 30.4999054], [114.4015411, 30.4998251], [114.402293, 30.4997774], [114.40291516, 30.499744185], [114.4029159, 30.4997561], [114.402917318, 30.499778605], [114.4002852, 30.4999187]]]}, "properties": {"id": 12584, "block_id": 12584, "area_sqm": 1086, "poi_count": 0, "dominant_category": null, "category_entropy": null, "street_block_id": null}}, {"type": "Feature", "geometry": {"type": "Polygon", "coordinates": [[[114.39962796, 30.499952379], [114.399540884, 30.499956842], [114.3995359, 30.4999247], [114.3996244, 30.4999203], [114.39962796, 30.499952379]]]}, "properties": {"id": 12585, "block_id": 12585, "area_sqm": 30, "poi_count": 0, "dominant_category": null, "category_entropy": null, "street_block_id": null}}, {"type": "Feature", "geometry": {"type": "Polygon", "coordinates": [[[114.4002852, 30.4999187], [114.399633414, 30.500001516], [114.39962796, 30.499952379], [114.4002852, 30.4999187]]]}, "properties": {"id": 12589, "block_id": 12589, "area_sqm": 173, "poi_count": 0, "dominant_category": null, "category_entropy": null, "street_block_id": null}}, {"type": "Feature", "geometry": {"type": "Polygon", "coordinates": [[[114.3999509, 30.499993], [114.3996342, 30.5000086], [114.399633414, 30.500001516], [114.4002852, 30.4999187], [114.402917318, 30.499778605], [114.402921949, 30.499852109], [114.4028096, 30.4998586], [114.3999509, 30.499993]]]}, "properties": {"id": 12590, "block_id": 12590, "area_sqm": 2098, "poi_count": 0, "dominant_category": null, "category_entropy": null, "street_block_id": null}}, {"type": "Feature", "geometry": {"type": "Polygon", "coordinates": [[[114.399633414, 30.500001516], [114.399549466, 30.500012183], [114.399540884, 30.499956842], [114.39962796, 30.499952379], [114.399633414, 30.500001516]]]}, "properties": {"id": 12591, "block_id": 12591, "area_sqm": 48, "poi_count": 0, "dominant_category": null, "category_entropy": null, "street_block_id": null}}, {"type": "Feature", "geometry": {"type": "Polygon", "coordinates": [[[114.3996342, 30.5000086], [114.3995495, 30.5000124], [114.399549466, 30.500012183], [114.399633414, 30.500001516], [114.3996342, 30.5000086]]]}, "properties": {"id": 12592, "block_id": 12592, "area_sqm": 3, "poi_count": 0, "dominant_category": null, "category_entropy": null, "street_block_id": null}}, {"type": "Feature", "geometry": {"type": "Polygon", "coordinates": [[[114.3995495, 30.5000124], [114.39954647, 30.500012563], [114.399549466, 30.500012183], [114.3995495, 30.5000124]]]}, "properties": {"id": 12593, "block_id": 12593, "area_sqm": 0, "poi_count": 0, "dominant_category": null, "category_entropy": null, "street_block_id": null}}, {"type": "Feature", "geometry": {"type": "Polygon", "coordinates": [[[114.4062022, 30.5000282], [114.406237083, 30.500111075], [114.4061799, 30.5000351], [114.4060644, 30.4999316], [114.4059491, 30.4998601], [114.405818, 30.4997984], [114.4056602, 30.4997513], [114.4055257, 30.4997345], [114.4053231, 30.4997261], [114.4052629, 30.499724894], [114.4055489, 30.4997104], [114.4058256, 30.4997554], [114.4059376, 30.4997973], [114.4060563, 30.4998801], [114.4061366, 30.4999474], [114.4062022, 30.5000282]]]}, "properties": {"id": 12598, "block_id": 12598, "area_sqm": 327, "poi_count": 0, "dominant_category": null, "category_entropy": null, "street_block_id": null}}, {"type": "Feature", "geometry": {"type": "Polygon", "coordinates": [[[114.4063593, 30.5001064], [114.40626191, 30.50014406], [114.406237083, 30.500111075], [114.4062022, 30.5000282], [114.4061366, 30.4999474], [114.4060563, 30.4998801], [114.4059376, 30.4997973], [114.4058256, 30.4997554], [114.4055489, 30.4997104], [114.4058275, 30.4996963], [114.4061396, 30.4997209], [114.4062523, 30.4997704], [114.406286279, 30.499800094], [114.4062267, 30.4998417], [114.406268, 30.4998736], [114.4063243, 30.4999425], [114.4063544, 30.5000199], [114.4063593, 30.5001064]]]}, "properties": {"id": 12601, "block_id": 12601, "area_sqm": 1087, "poi_count": 0, "dominant_category": null, "category_entropy": null, "street_block_id": null}}, {"type": "Feature", "geometry": {"type": "Polygon", "coordinates": [[[114.40626191, 30.50014406], [114.4062525, 30.5001477], [114.406237083, 30.500111075], [114.40626191, 30.50014406]]]}, "properties": {"id": 12602, "block_id": 12602, "area_sqm": 2, "poi_count": 0, "dominant_category": null, "category_entropy": null, "street_block_id": null}}, {"type": "Feature", "geometry": {"type": "Polygon", "coordinates": [[[114.3986314, 30.5001243], [114.3976087, 30.500180232], [114.3976069, 30.5001169], [114.39954647, 30.500012563], [114.3992235, 30.5000536], [114.3990703, 30.5000725], [114.3988994, 30.500096], [114.3987353, 30.5001149], [114.3986314, 30.5001243]]]}, "properties": {"id": 12607, "block_id": 12607, "area_sqm": 1010, "poi_count": 0, "dominant_category": null, "category_entropy": null, "street_block_id": null}}, {"type": "Feature", "geometry": {"type": "Polygon", "coordinates": [[[114.3933884, 30.5001665], [114.392677478, 30.50020662], [114.3926801, 30.5001801], [114.393089, 30.5001218], [114.3978478, 30.4998809], [114.3994453, 30.4997708], [114.3995116, 30.4997673], [114.399522717, 30.499839305], [114.398615, 30.4998869], [114.3944949, 30.5001193], [114.3933884, 30.5001665]]]}, "properties": {"id": 12614, "block_id": 12614, "area_sqm": 4324, "poi_count": 0, "dominant_category": null, "category_entropy": null, "street_block_id": null}}, {"type": "Feature", "geometry": {"type": "Polygon", "coordinates": [[[114.3945981, 30.5001727], [114.392672, 30.500262], [114.392677478, 30.50020662], [114.3933884, 30.5001665], [114.3944949, 30.5001193], [114.398615, 30.4998869], [114.399522717, 30.499839305], [114.399529, 30.49988], [114.3995359, 30.4999247], [114.3945981, 30.5001727]]]}, "properties": {"id": 12619, "block_id": 12619, "area_sqm": 5110, "poi_count": 0, "dominant_category": null, "category_entropy": null, "street_block_id": null}}, {"type": "Feature", "geometry": {"type": "Polygon", "coordinates": [[[114.3961099, 30.5002622], [114.3957325, 30.5002716], [114.3954742, 30.5002617], [114.3957312, 30.5002155], [114.3976069, 30.5001169], [114.3976087, 30.500180232], [114.3961099, 30.5002622]]]}, "properties": {"id": 12621, "block_id": 12621, "area_sqm": 1360, "poi_count": 0, "dominant_category": null, "category_entropy": null, "street_block_id": null}}, {"type": "Feature", "geometry": {"type": "Polygon", "coordinates": [[[114.4064769, 30.499809], [114.4065457, 30.5004768], [114.4063922, 30.4999123], [114.4063324, 30.4998404], [114.406286279, 30.499800094], [114.4063394, 30.499763], [114.4064672, 30.4997472], [114.4064769, 30.499809]]]}, "properties": {"id": 12655, "block_id": 12655, "area_sqm": 526, "poi_count": 0, "dominant_category": null, "category_entropy": null, "street_block_id": null}}, {"type": "Feature", "geometry": {"type": "Polygon", "coordinates": [[[114.4065457, 30.5004768], [114.406407129, 30.500501573], [114.4063888, 30.5004109], [114.4063301, 30.5002535], [114.4062931, 30.5001855], [114.40626191, 30.50014406], [114.4063593, 30.5001064], [114.4063544, 30.5000199], [114.4063243, 30.4999425], [114.406268, 30.4998736], [114.4062267, 30.4998417], [114.406286279, 30.499800094], [114.4063324, 30.4998404], [114.4063922, 30.4999123], [114.4065457, 30.5004768]]]}, "properties": {"id": 12659, "block_id": 12659, "area_sqm": 872, "poi_count": 0, "dominant_category": null, "category_entropy": null, "street_block_id": null}}, {"type": "Feature", "geometry": {"type": "Polygon", "coordinates": [[[114.406407129, 30.500501573], [114.406313, 30.5005184], [114.4062814, 30.500267], [114.4062666, 30.5001812], [114.4062525, 30.5001477], [114.40626191, 30.50014406], [114.4062931, 30.5001855], [114.4063301, 30.5002535], [114.4063888, 30.5004109], [114.406407129, 30.500501573]]]}, "properties": {"id": 12663, "block_id": 12663, "area_sqm": 251, "poi_count": 0, "dominant_category": null, "category_entropy": null, "street_block_id": null}}, {"type": "Feature", "geometry": {"type": "Polygon", "coordinates": [[[114.4063193, 30.5006749], [114.4062612, 30.5006795], [114.4062561, 30.5005914], [114.4062208, 30.5004507], [114.406214, 30.5003763], [114.4061707, 30.5001794], [114.4062525, 30.5001477], [114.4062666, 30.5001812], [114.4062814, 30.500267], [114.406313, 30.5005184], [114.4063193, 30.5006749]]]}, "properties": {"id": 12678, "block_id": 12678, "area_sqm": 433, "poi_count": 0, "dominant_category": null, "category_entropy": null, "street_block_id": null}}, {"type": "Feature", "geometry": {"type": "Polygon", "coordinates": [[[114.4067597, 30.5004654], [114.4067132, 30.5007789], [114.4066891, 30.5004647], [114.4066061, 30.4997889], [114.4065984, 30.499731], [114.4067112, 30.499717], [114.4067, 30.499619], [114.4067946, 30.4996127], [114.4068352, 30.49961], [114.4069035, 30.4996054], [114.4069757, 30.4995904], [114.4068477, 30.4997053], [114.4068118, 30.499752], [114.4067754, 30.4998134], [114.4067597, 30.4998716], [114.4067537, 30.4999361], [114.40675, 30.5000026], [114.4067669, 30.5002158], [114.4067609, 30.5004236], [114.4067597, 30.5004654]]]}, "properties": {"id": 12688, "block_id": 12688, "area_sqm": 1305, "poi_count": 0, "dominant_category": null, "category_entropy": null, "street_block_id": null}}, {"type": "Feature", "geometry": {"type": "Polygon", "coordinates": [[[114.4062998, 30.5007976], [114.4062713, 30.5008002], [114.4062658, 30.50076], [114.4062612, 30.5006795], [114.4063193, 30.5006749], [114.4063232, 30.5007727], [114.4062998, 30.5007976]]]}, "properties": {"id": 12693, "block_id": 12693, "area_sqm": 70, "poi_count": 0, "dominant_category": null, "category_entropy": null, "street_block_id": null}}, {"type": "Feature", "geometry": {"type": "Polygon", "coordinates": [[[114.4065713, 30.5007995], [114.406454655, 30.500810395], [114.4064444, 30.5007323], [114.4064227, 30.5005786], [114.406407129, 30.500501573], [114.4065457, 30.5004768], [114.4065602, 30.5007047], [114.4065713, 30.5007995]]]}, "properties": {"id": 12695, "block_id": 12695, "area_sqm": 423, "poi_count": 0, "dominant_category": null, "category_entropy": null, "street_block_id": null}}, {"type": "Feature", "geometry": {"type": "Polygon", "coordinates": [[[114.406454655, 30.500810395], [114.4063668, 30.5008186], [114.4063232, 30.5007727], [114.4063193, 30.5006749], [114.406313, 30.5005184], [114.406407129, 30.500501573], [114.4064227, 30.5005786], [114.4064444, 30.5007323], [114.406454655, 30.500810395]]]}, "properties": {"id": 12697, "block_id": 12697, "area_sqm": 365, "poi_count": 0, "dominant_category": null, "category_entropy": null, "street_block_id": null}}, {"type": "Feature", "geometry": {"type": "Polygon", "coordinates": [[[114.4059976, 30.5015943], [114.4059679, 30.5015959], [114.4059656, 30.5014812], [114.4060389, 30.5013781], [114.406009, 30.5009371], [114.4060511, 30.5008771], [114.4061285, 30.5014449], [114.4061231, 30.501488], [114.406104, 30.5015274], [114.4060806, 30.5015595], [114.4060455, 30.5015824], [114.4060153, 30.5015899], [114.4059976, 30.5015943]]]}, "properties": {"id": 12787, "block_id": 12787, "area_sqm": 604, "poi_count": 0, "dominant_category": null, "category_entropy": null, "street_block_id": 16257}}, {"type": "Feature", "geometry": {"type": "Polygon", "coordinates": [[[114.406025, 30.5017198], [114.4059737, 30.5017226], [114.4059723, 30.5016916], [114.4059679, 30.5015959], [114.4059976, 30.5015943], [114.4060153, 30.5015899], [114.4060227, 30.5016889], [114.406025, 30.5017198]]]}, "properties": {"id": 12800, "block_id": 12800, "area_sqm": 67, "poi_count": 0, "dominant_category": null, "category_entropy": null, "street_block_id": null}}, {"type": "Feature", "geometry": {"type": "Polygon", "coordinates": [[[114.4064656, 30.5017011], [114.4064405, 30.5017321], [114.4064274, 30.5016516], [114.4063274, 30.5008972], [114.4063115, 30.5008669], [114.4062955, 30.5008578], [114.4062792, 30.5008572], [114.4062713, 30.5008002], [114.4062998, 30.5007976], [114.4063232, 30.5007727], [114.4063668, 30.5008186], [114.4064759, 30.5016486], [114.4064656, 30.5017011]]]}, "properties": {"id": 12801, "block_id": 12801, "area_sqm": 509, "poi_count": 0, "dominant_category": null, "category_entropy": null, "street_block_id": null}}, {"type": "Feature", "geometry": {"type": "Polygon", "coordinates": [[[114.4064405, 30.5017321], [114.4064058, 30.5017424], [114.4063874, 30.5016798], [114.4062868, 30.5009121], [114.4062792, 30.5008572], [114.4062955, 30.5008578], [114.4063115, 30.5008669], [114.4063274, 30.5008972], [114.4064274, 30.5016516], [114.4064405, 30.5017321]]]}, "properties": {"id": 12806, "block_id": 12806, "area_sqm": 399, "poi_count": 0, "dominant_category": null, "category_entropy": null, "street_block_id": null}}, {"type": "Feature", "geometry": {"type": "Polygon", "coordinates": [[[114.406386, 30.5017483], [114.4060285, 30.501767], [114.406025, 30.5017198], [114.4063484, 30.5017026], [114.4063874, 30.5016798], [114.4064058, 30.5017424], [114.406386, 30.5017483]]]}, "properties": {"id": 12812, "block_id": 12812, "area_sqm": 193, "poi_count": 0, "dominant_category": null, "category_entropy": null, "street_block_id": 16263}}, {"type": "Feature", "geometry": {"type": "Polygon", "coordinates": [[[114.4060285, 30.501767], [114.4059758, 30.5017698], [114.4059737, 30.5017226], [114.406025, 30.5017198], [114.4060285, 30.501767]]]}, "properties": {"id": 12813, "block_id": 12813, "area_sqm": 26, "poi_count": 0, "dominant_category": null, "category_entropy": null, "street_block_id": 16263}}, {"type": "Feature", "geometry": {"type": "Polygon", "coordinates": [[[114.4064405, 30.5017321], [114.4064525, 30.5017969], [114.4064203, 30.501792], [114.4064058, 30.5017424], [114.4064405, 30.5017321]]]}, "properties": {"id": 12820, "block_id": 12820, "area_sqm": 21, "poi_count": 0, "dominant_category": null, "category_entropy": null, "street_block_id": null}}, {"type": "Feature", "geometry": {"type": "Polygon", "coordinates": [[[114.4064052, 30.5017897], [114.4060314, 30.5018052], [114.4060285, 30.501767], [114.406386, 30.5017483], [114.4064058, 30.5017424], [114.4064203, 30.501792], [114.4064052, 30.5017897]]]}, "properties": {"id": 12823, "block_id": 12823, "area_sqm": 166, "poi_count": 0, "dominant_category": null, "category_entropy": null, "street_block_id": 16263}}, {"type": "Feature", "geometry": {"type": "Polygon", "coordinates": [[[114.4060314, 30.5018052], [114.4059775, 30.5018074], [114.4059758, 30.5017698], [114.4060285, 30.501767], [114.4060314, 30.5018052]]]}, "properties": {"id": 12824, "block_id": 12824, "area_sqm": 22, "poi_count": 0, "dominant_category": null, "category_entropy": null, "street_block_id": 16263}}, {"type": "Feature", "geometry": {"type": "Polygon", "coordinates": [[[114.4064759, 30.5016486], [114.4065064, 30.5018581], [114.4064823, 30.5018171], [114.4064525, 30.5017969], [114.4064405, 30.5017321], [114.4064656, 30.5017011], [114.4064759, 30.5016486]]]}, "properties": {"id": 12832, "block_id": 12832, "area_sqm": 58, "poi_count": 0, "dominant_category": null, "category_entropy": null, "street_block_id": null}}, {"type": "Feature", "geometry": {"type": "Polygon", "coordinates": [[[114.4217505, 30.5019995], [114.419496471, 30.502162213], [114.419490409, 30.502087971], [114.4217288, 30.5018978], [114.4217461, 30.5019602], [114.4217505, 30.5019995]]]}, "properties": {"id": 12860, "block_id": 12860, "area_sqm": 2131, "poi_count": 0, "dominant_category": null, "category_entropy": null, "street_block_id": null}}, {"type": "Feature", "geometry": {"type": "Polygon", "coordinates": [[[114.419496471, 30.502162213], [114.418768, 30.5022148], [114.4187603, 30.50215], [114.419490409, 30.502087971], [114.419496471, 30.502162213]]]}, "properties": {"id": 12868, "block_id": 12868, "area_sqm": 544, "poi_count": 0, "dominant_category": null, "category_entropy": null, "street_block_id": null}}, {"type": "Feature", "geometry": {"type": "Polygon", "coordinates": [[[114.418768, 30.5022148], [114.418653, 30.5022228], [114.4186464, 30.5021597], [114.4186542, 30.502159], [114.4187603, 30.50215], [114.418768, 30.5022148]]]}, "properties": {"id": 12871, "block_id": 12871, "area_sqm": 79, "poi_count": 0, "dominant_category": null, "category_entropy": null, "street_block_id": null}}, {"type": "Feature", "geometry": {"type": "Polygon", "coordinates": [[[114.417513565, 30.502263776], [114.4173907, 30.502282], [114.417390329, 30.502280991], [114.4172974, 30.5015572], [114.4169395, 30.4986838], [114.416904, 30.4984551], [114.416898636, 30.498410893], [114.4169764, 30.4983796], [114.417024962, 30.498347116], [114.4171919, 30.4995012], [114.4174412, 30.5015449], [114.417513565, 30.502263776]]]}, "properties": {"id": 12877, "block_id": 12877, "area_sqm": 5939, "poi_count": 0, "dominant_category": null, "category_entropy": null, "street_block_id": null}}, {"type": "Feature", "geometry": {"type": "Polygon", "coordinates": [[[114.4173907, 30.502282], [114.417390467, 30.502282068], [114.417390329, 30.502280991], [114.4173907, 30.502282]]]}, "properties": {"id": 12878, "block_id": 12878, "area_sqm": 0, "poi_count": 0, "dominant_category": null, "category_entropy": null, "street_block_id": null}}, {"type": "Feature", "geometry": {"type": "Polygon", "coordinates": [[[114.4177833, 30.5022874], [114.4176154, 30.5023151], [114.4176152, 30.5022487], [114.4178568, 30.5022238], [114.4186464, 30.5021597], [114.418653, 30.5022228], [114.4177833, 30.5022874]]]}, "properties": {"id": 12887, "block_id": 12887, "area_sqm": 668, "poi_count": 0, "dominant_category": null, "category_entropy": null, "street_block_id": null}}, {"type": "Feature", "geometry": {"type": "Polygon", "coordinates": [[[114.41752106, 30.502338225], [114.4174155, 30.5023641], [114.4173907, 30.502282], [114.417513565, 30.502263776], [114.41752106, 30.502338225]]]}, "properties": {"id": 12895, "block_id": 12895, "area_sqm": 99, "poi_count": 0, "dominant_category": null, "category_entropy": null, "street_block_id": null}}, {"type": "Feature", "geometry": {"type": "Polygon", "coordinates": [[[114.4174155, 30.5023641], [114.417401402, 30.50236724], [114.417390467, 30.502282068], [114.4173907, 30.502282], [114.4174155, 30.5023641]]]}, "properties": {"id": 12896, "block_id": 12896, "area_sqm": 7, "poi_count": 0, "dominant_category": null, "category_entropy": null, "street_block_id": null}}, {"type": "Feature", "geometry": {"type": "Polygon", "coordinates": [[[114.417401402, 30.50236724], [114.417376483, 30.50237279], [114.417355299, 30.502292182], [114.417390467, 30.502282068], [114.417401402, 30.50236724]]]}, "properties": {"id": 12898, "block_id": 12898, "area_sqm": 28, "poi_count": 0, "dominant_category": null, "category_entropy": null, "street_block_id": null}}, {"type": "Feature", "geometry": {"type": "Polygon", "coordinates": [[[114.4174155, 30.5023641], [114.417407461, 30.502414432], [114.417401402, 30.50236724], [114.4174155, 30.5023641]]]}, "properties": {"id": 12901, "block_id": 12901, "area_sqm": 4, "poi_count": 0, "dominant_category": null, "category_entropy": null, "street_block_id": null}}, {"type": "Feature", "geometry": {"type": "Polygon", "coordinates": [[[114.417407461, 30.502414432], [114.417399888, 30.50246185], [114.417376483, 30.50237279], [114.417401402, 30.50236724], [114.417407461, 30.502414432]]]}, "properties": {"id": 12905, "block_id": 12905, "area_sqm": 16, "poi_count": 0, "dominant_category": null, "category_entropy": null, "street_block_id": null}}, {"type": "Feature", "geometry": {"type": "Polygon", "coordinates": [[[114.417407461, 30.502414432], [114.4174266, 30.5025635], [114.417399888, 30.50246185], [114.417407461, 30.502414432]]]}, "properties": {"id": 12917, "block_id": 12917, "area_sqm": 11, "poi_count": 0, "dominant_category": null, "category_entropy": null, "street_block_id": null}}, {"type": "Feature", "geometry": {"type": "Polygon", "coordinates": [[[114.4044533, 30.5029889], [114.4044218, 30.5030735], [114.4043727, 30.5030693], [114.4043971, 30.5029801], [114.4044713, 30.5025182], [114.4045116, 30.5022106], [114.4045342, 30.5021138], [114.4045722, 30.5019597], [114.4046051, 30.5019138], [114.4046398, 30.5018793], [114.4046819, 30.5018493], [114.4047288, 30.5018383], [114.4047917, 30.5018341], [114.4058863, 30.5017745], [114.4059758, 30.5017698], [114.4059775, 30.5018074], [114.4058841, 30.5018113], [114.4047826, 30.5018705], [114.4047408, 30.5018761], [114.4046943, 30.5018937], [114.4046609, 30.5019201], [114.4046265, 30.5019553], [114.4046052, 30.5019873], [114.404595, 30.5020282], [114.4045922, 30.5021058], [114.4045515, 30.5023822], [114.4044533, 30.5029889]]]}, "properties": {"id": 12994, "block_id": 12994, "area_sqm": 1242, "poi_count": 0, "dominant_category": null, "category_entropy": null, "street_block_id": 16257}}, {"type": "Feature", "geometry": {"type": "Polygon", "coordinates": [[[114.4068159, 30.5028237], [114.4068692, 30.5032714], [114.4067142, 30.5028265], [114.4066844, 30.5026737], [114.4065292, 30.501378], [114.406454655, 30.500810395], [114.4065713, 30.5007995], [114.4065842, 30.5009095], [114.4066153, 30.5011578], [114.406691, 30.5017053], [114.4068036, 30.5026456], [114.4068159, 30.5028237]]]}, "properties": {"id": 13029, "block_id": 13029, "area_sqm": 2810, "poi_count": 0, "dominant_category": null, "category_entropy": null, "street_block_id": null}}, {"type": "Feature", "geometry": {"type": "Polygon", "coordinates": [[[114.4060308, 30.5032745], [114.405986, 30.5032814], [114.4059482, 30.5032765], [114.4050033, 30.5031476], [114.4051327, 30.5024908], [114.4052513, 30.5025093], [114.4056497, 30.5024805], [114.4057092, 30.5024509], [114.4058011, 30.5024901], [114.4061253, 30.5024678], [114.4062051, 30.5031787], [114.4060308, 30.5032745]]]}, "properties": {"id": 13031, "block_id": 13031, "area_sqm": 8623, "poi_count": 31, "dominant_category": "餐饮服务", "category_entropy": 1.58, "street_block_id": 16263}}, {"type": "Feature", "geometry": {"type": "Polygon", "coordinates": [[[114.4069027, 30.503569], [114.4067182, 30.5035922], [114.4066121, 30.5030812], [114.4065829, 30.5029407], [114.406534, 30.5028281], [114.4064958, 30.5024341], [114.4064402, 30.5018596], [114.4064203, 30.501792], [114.4064525, 30.5017969], [114.4064823, 30.5018171], [114.4065064, 30.5018581], [114.4065889, 30.5026902], [114.4066579, 30.5029543], [114.4068692, 30.5032714], [114.4068974, 30.5035244], [114.4069027, 30.503569]]]}, "properties": {"id": 13063, "block_id": 13063, "area_sqm": 2013, "poi_count": 0, "dominant_category": null, "category_entropy": null, "street_block_id": null}}, {"type": "Feature", "geometry": {"type": "Polygon", "coordinates": [[[114.4073822, 30.5036212], [114.4072869, 30.5036365], [114.4072624, 30.5035332], [114.4073112, 30.5035283], [114.4073749, 30.5035693], [114.4073822, 30.5036212]]]}, "properties": {"id": 13070, "block_id": 13070, "area_sqm": 96, "poi_count": 0, "dominant_category": null, "category_entropy": null, "street_block_id": null}}, {"type": "Feature", "geometry": {"type": "Polygon", "coordinates": [[[114.4071853, 30.5036528], [114.4070591, 30.503673], [114.4070425, 30.503555], [114.4071654, 30.5035428], [114.4072039, 30.503539], [114.4072624, 30.5035332], [114.4072869, 30.5036365], [114.4072237, 30.5036466], [114.4071853, 30.5036528]]]}, "properties": {"id": 13076, "block_id": 13076, "area_sqm": 270, "poi_count": 0, "dominant_category": null, "category_entropy": null, "street_block_id": null}}, {"type": "Feature", "geometry": {"type": "Polygon", "coordinates": [[[114.4070591, 30.503673], [114.4069168, 30.5036958], [114.4069027, 30.503569], [114.4070425, 30.503555], [114.4070591, 30.503673]]]}, "properties": {"id": 13079, "block_id": 13079, "area_sqm": 187, "poi_count": 0, "dominant_category": null, "category_entropy": null, "street_block_id": null}}, {"type": "Feature", "geometry": {"type": "Polygon", "coordinates": [[[114.4073916, 30.5036859], [114.4073006, 30.5036973], [114.4072869, 30.5036365], [114.4073822, 30.5036212], [114.4073916, 30.5036859]]]}, "properties": {"id": 13080, "block_id": 13080, "area_sqm": 64, "poi_count": 0, "dominant_category": null, "category_entropy": null, "street_block_id": null}}, {"type": "Feature", "geometry": {"type": "Polygon", "coordinates": [[[114.4069168, 30.5036958], [114.4067343, 30.5037251], [114.4067225, 30.5036416], [114.4067182, 30.5035922], [114.4069027, 30.503569], [114.4069168, 30.5036958]]]}, "properties": {"id": 13083, "block_id": 13083, "area_sqm": 259, "poi_count": 0, "dominant_category": null, "category_entropy": null, "street_block_id": null}}, {"type": "Feature", "geometry": {"type": "Polygon", "coordinates": [[[114.4071958, 30.5037105], [114.407068, 30.5037266], [114.4070591, 30.503673], [114.4071853, 30.5036528], [114.4072237, 30.5036466], [114.4072869, 30.5036365], [114.4073006, 30.5036973], [114.4072345, 30.5037056], [114.4071958, 30.5037105]]]}, "properties": {"id": 13084, "block_id": 13084, "area_sqm": 144, "poi_count": 0, "dominant_category": null, "category_entropy": null, "street_block_id": null}}, {"type": "Feature", "geometry": {"type": "Polygon", "coordinates": [[[114.406924, 30.5037447], [114.4067406, 30.5037677], [114.4067343, 30.5037251], [114.4069168, 30.5036958], [114.406924, 30.5037447]]]}, "properties": {"id": 13088, "block_id": 13088, "area_sqm": 91, "poi_count": 0, "dominant_category": null, "category_entropy": null, "street_block_id": null}}, {"type": "Feature", "geometry": {"type": "Polygon", "coordinates": [[[114.4074126, 30.5038352], [114.4073356, 30.5038415], [114.4073006, 30.5036973], [114.4073916, 30.5036859], [114.4074126, 30.5038352]]]}, "properties": {"id": 13106, "block_id": 13106, "area_sqm": 134, "poi_count": 0, "dominant_category": null, "category_entropy": null, "street_block_id": null}}, {"type": "Feature", "geometry": {"type": "Polygon", "coordinates": [[[114.4072216, 30.5038507], [114.4070868, 30.5038616], [114.407068, 30.5037266], [114.4071958, 30.5037105], [114.4072345, 30.5037056], [114.4073006, 30.5036973], [114.4073356, 30.5038415], [114.4072611, 30.5038475], [114.4072216, 30.5038507]]]}, "properties": {"id": 13108, "block_id": 13108, "area_sqm": 365, "poi_count": 0, "dominant_category": null, "category_entropy": null, "street_block_id": null}}, {"type": "Feature", "geometry": {"type": "Polygon", "coordinates": [[[114.4070868, 30.5038616], [114.4069388, 30.5038736], [114.406924, 30.5037447], [114.407068, 30.5037266], [114.4070868, 30.5038616]]]}, "properties": {"id": 13109, "block_id": 13109, "area_sqm": 208, "poi_count": 0, "dominant_category": null, "category_entropy": null, "street_block_id": null}}, {"type": "Feature", "geometry": {"type": "Polygon", "coordinates": [[[114.4069388, 30.5038736], [114.4067584, 30.5038882], [114.4067406, 30.5037677], [114.406924, 30.5037447], [114.4069388, 30.5038736]]]}, "properties": {"id": 13111, "block_id": 13111, "area_sqm": 245, "poi_count": 0, "dominant_category": null, "category_entropy": null, "street_block_id": null}}, {"type": "Feature", "geometry": {"type": "Polygon", "coordinates": [[[114.4043107, 30.5038671], [114.4043087, 30.5039067], [114.4042709, 30.5039046], [114.4042691, 30.5038658], [114.4043081, 30.5035113], [114.4043727, 30.5030693], [114.4044218, 30.5030735], [114.4043488, 30.5035116], [114.4043107, 30.5038671]]]}, "properties": {"id": 13113, "block_id": 13113, "area_sqm": 384, "poi_count": 0, "dominant_category": null, "category_entropy": null, "street_block_id": null}}, {"type": "Feature", "geometry": {"type": "Polygon", "coordinates": [[[114.404377, 30.5038118], [114.4043789, 30.5039105], [114.4043087, 30.5039067], [114.4043107, 30.5038671], [114.4043488, 30.5035116], [114.4044218, 30.5030735], [114.404525, 30.5030824], [114.4044965, 30.5031174], [114.4044806, 30.5032203], [114.4044524, 30.5032595], [114.404377, 30.5038118]]]}, "properties": {"id": 13114, "block_id": 13114, "area_sqm": 611, "poi_count": 0, "dominant_category": null, "category_entropy": null, "street_block_id": null}}, {"type": "Feature", "geometry": {"type": "Polygon", "coordinates": [[[114.4001631, 30.5039069], [114.4000909, 30.5039328], [114.4000435, 30.5038341], [114.4000023, 30.5037274], [114.3999564, 30.5035839], [114.399921, 30.5034618], [114.3999909, 30.5034498], [114.4000251, 30.5035718], [114.400066, 30.5036838], [114.4001083, 30.5037905], [114.4001631, 30.5039069]]]}, "properties": {"id": 13115, "block_id": 13115, "area_sqm": 387, "poi_count": 0, "dominant_category": null, "category_entropy": null, "street_block_id": null}}, {"type": "Feature", "geometry": {"type": "Polygon", "coordinates": [[[114.404577, 30.5040123], [114.404525, 30.5040179], [114.4045253, 30.503982], [114.4058485, 30.5038713], [114.4066361, 30.5037233], [114.4067225, 30.5036416], [114.4067343, 30.5037251], [114.4066922, 30.5037318], [114.4058369, 30.5039015], [114.404577, 30.5040123]]]}, "properties": {"id": 13123, "block_id": 13123, "area_sqm": 704, "poi_count": 3, "dominant_category": "购物服务", "category_entropy": 0.0, "street_block_id": 16263}}, {"type": "Feature", "geometry": {"type": "Polygon", "coordinates": [[[114.4045821, 30.5040407], [114.4045248, 30.5040477], [114.404525, 30.5040179], [114.404577, 30.5040123], [114.4058369, 30.5039015], [114.4066922, 30.5037318], [114.4067343, 30.5037251], [114.4067406, 30.5037677], [114.4067058, 30.5037721], [114.4058327, 30.5039319], [114.4045821, 30.5040407]]]}, "properties": {"id": 13126, "block_id": 13126, "area_sqm": 761, "poi_count": 0, "dominant_category": null, "category_entropy": null, "street_block_id": 16263}}, {"type": "Feature", "geometry": {"type": "Polygon", "coordinates": [[[114.4044584, 30.504025], [114.4043018, 30.5040485], [114.4043087, 30.5039067], [114.4043789, 30.5039105], [114.4043803, 30.5039786], [114.4044294, 30.50399], [114.4045253, 30.503982], [114.404525, 30.5040179], [114.4044584, 30.504025]]]}, "properties": {"id": 13127, "block_id": 13127, "area_sqm": 170, "poi_count": 0, "dominant_category": null, "category_entropy": null, "street_block_id": null}}, {"type": "Feature", "geometry": {"type": "Polygon", "coordinates": [[[114.4043018, 30.5040485], [114.404278, 30.504059], [114.4042709, 30.5039046], [114.4043087, 30.5039067], [114.4043018, 30.5040485]]]}, "properties": {"id": 13129, "block_id": 13129, "area_sqm": 49, "poi_count": 0, "dominant_category": null, "category_entropy": null, "street_block_id": null}}, {"type": "Feature", "geometry": {"type": "Polygon", "coordinates": [[[114.4044612, 30.5040554], [114.4042997, 30.5040897], [114.4043018, 30.5040485], [114.4044584, 30.504025], [114.404525, 30.5040179], [114.4045248, 30.5040477], [114.4044612, 30.5040554]]]}, "properties": {"id": 13133, "block_id": 13133, "area_sqm": 82, "poi_count": 0, "dominant_category": null, "category_entropy": null, "street_block_id": 16263}}, {"type": "Feature", "geometry": {"type": "Polygon", "coordinates": [[[114.4042997, 30.5040897], [114.4042797, 30.5040969], [114.404278, 30.504059], [114.4043018, 30.5040485], [114.4042997, 30.5040897]]]}, "properties": {"id": 13136, "block_id": 13136, "area_sqm": 9, "poi_count": 0, "dominant_category": null, "category_entropy": null, "street_block_id": null}}, {"type": "Feature", "geometry": {"type": "Polygon", "coordinates": [[[114.4058474, 30.5039689], [114.4045243, 30.5040985], [114.4045248, 30.5040477], [114.4045821, 30.5040407], [114.4058327, 30.5039319], [114.4067058, 30.5037721], [114.4067406, 30.5037677], [114.4067584, 30.5038882], [114.4067012, 30.5038481], [114.4066492, 30.5038364], [114.4058474, 30.5039689]]]}, "properties": {"id": 13137, "block_id": 13137, "area_sqm": 1124, "poi_count": 0, "dominant_category": null, "category_entropy": null, "street_block_id": 16263}}, {"type": "Feature", "geometry": {"type": "Polygon", "coordinates": [[[114.4008889, 30.5039928], [114.4006369, 30.5041076], [114.4004581, 30.5038008], [114.4003253, 30.5034981], [114.40048, 30.5034421], [114.4008889, 30.5039928]]]}, "properties": {"id": 13139, "block_id": 13139, "area_sqm": 1654, "poi_count": 0, "dominant_category": null, "category_entropy": null, "street_block_id": 16257}}, {"type": "Feature", "geometry": {"type": "Polygon", "coordinates": [[[114.4042797, 30.5040969], [114.4041457, 30.5041353], [114.4041331, 30.5041017], [114.404278, 30.504059], [114.4042797, 30.5040969]]]}, "properties": {"id": 13142, "block_id": 13142, "area_sqm": 56, "poi_count": 0, "dominant_category": null, "category_entropy": null, "street_block_id": 16269}}, {"type": "Feature", "geometry": {"type": "Polygon", "coordinates": [[[114.4025823, 30.5041325], [114.4025357, 30.5041502], [114.4024507, 30.5039687], [114.4025114, 30.5039473], [114.4025653, 30.5040531], [114.4025695, 30.5041051], [114.4025823, 30.5041325]]]}, "properties": {"id": 13145, "block_id": 13145, "area_sqm": 131, "poi_count": 0, "dominant_category": null, "category_entropy": null, "street_block_id": 16269}}, {"type": "Feature", "geometry": {"type": "Polygon", "coordinates": [[[114.4042997, 30.5040897], [114.4042892, 30.5043034], [114.4042797, 30.5040969], [114.4042997, 30.5040897]]]}, "properties": {"id": 13158, "block_id": 13158, "area_sqm": 22, "poi_count": 0, "dominant_category": null, "category_entropy": null, "street_block_id": null}}, {"type": "Feature", "geometry": {"type": "Polygon", "coordinates": [[[114.4005341, 30.5044345], [114.400451, 30.5044716], [114.400439, 30.504449], [114.4005155, 30.5044051], [114.4005341, 30.5044345]]]}, "properties": {"id": 13177, "block_id": 13177, "area_sqm": 29, "poi_count": 0, "dominant_category": null, "category_entropy": null, "street_block_id": null}}, {"type": "Feature", "geometry": {"type": "Polygon", "coordinates": [[[114.400439, 30.504449], [114.400371, 30.5044881], [114.4003049, 30.5043684], [114.4000909, 30.5039328], [114.4001631, 30.5039069], [114.4003797, 30.5043377], [114.400439, 30.504449]]]}, "properties": {"id": 13180, "block_id": 13180, "area_sqm": 515, "poi_count": 0, "dominant_category": null, "category_entropy": null, "street_block_id": null}}, {"type": "Feature", "geometry": {"type": "Polygon", "coordinates": [[[114.400451, 30.5044716], [114.4003795, 30.5045035], [114.400371, 30.5044881], [114.400439, 30.504449], [114.400451, 30.5044716]]]}, "properties": {"id": 13182, "block_id": 13182, "area_sqm": 18, "poi_count": 0, "dominant_category": null, "category_entropy": null, "street_block_id": null}}, {"type": "Feature", "geometry": {"type": "Polygon", "coordinates": [[[114.4003795, 30.5045035], [114.4002193, 30.5045751], [114.400371, 30.5044881], [114.4003795, 30.5045035]]]}, "properties": {"id": 13192, "block_id": 13192, "area_sqm": 16, "poi_count": 0, "dominant_category": null, "category_entropy": null, "street_block_id": null}}, {"type": "Feature", "geometry": {"type": "Polygon", "coordinates": [[[114.4006381, 30.5048255], [114.4005638, 30.5048537], [114.4004409, 30.5046147], [114.4003795, 30.5045035], [114.400451, 30.5044716], [114.4005065, 30.5045758], [114.4006381, 30.5048255]]]}, "properties": {"id": 13234, "block_id": 13234, "area_sqm": 328, "poi_count": 0, "dominant_category": null, "category_entropy": null, "street_block_id": null}}, {"type": "Feature", "geometry": {"type": "Polygon", "coordinates": [[[114.4007844, 30.5048575], [114.4007657, 30.504862], [114.4007462, 30.5048608], [114.4007284, 30.5048541], [114.4007155, 30.5048439], [114.4007067, 30.5048308], [114.400703, 30.5048161], [114.4007047, 30.5048011], [114.4007118, 30.5047868], [114.4007237, 30.5047752], [114.4007392, 30.5047674], [114.4007564, 30.5047641], [114.400774, 30.5047655], [114.4007902, 30.5047715], [114.4008035, 30.5047814], [114.4008127, 30.5047944], [114.4008167, 30.5048089], [114.4008156, 30.5048237], [114.4008094, 30.5048375], [114.4007987, 30.5048492], [114.4007844, 30.5048575]]]}, "properties": {"id": 13235, "block_id": 13235, "area_sqm": 92, "poi_count": 0, "dominant_category": null, "category_entropy": null, "street_block_id": 16269}}, {"type": "Feature", "geometry": {"type": "Polygon", "coordinates": [[[114.4007284, 30.5048541], [114.4006668, 30.5048799], [114.4006381, 30.5048255], [114.4007047, 30.5048011], [114.400703, 30.5048161], [114.4007067, 30.5048308], [114.4007155, 30.5048439], [114.4007284, 30.5048541]]]}, "properties": {"id": 13236, "block_id": 13236, "area_sqm": 40, "poi_count": 0, "dominant_category": null, "category_entropy": null, "street_block_id": null}}, {"type": "Feature", "geometry": {"type": "Polygon", "coordinates": [[[114.4006668, 30.5048799], [114.4005926, 30.5049099], [114.4005638, 30.5048537], [114.4006381, 30.5048255], [114.4006668, 30.5048799]]]}, "properties": {"id": 13239, "block_id": 13239, "area_sqm": 53, "poi_count": 0, "dominant_category": null, "category_entropy": null, "street_block_id": null}}, {"type": "Feature", "geometry": {"type": "Polygon", "coordinates": [[[114.4041083, 30.5041461], [114.4010177, 30.5053289], [114.4008995, 30.5053282], [114.4009993, 30.5052907], [114.4040861, 30.5041156], [114.4041331, 30.5041017], [114.4041457, 30.5041353], [114.4041083, 30.5041461]]]}, "properties": {"id": 13275, "block_id": 13275, "area_sqm": 1424, "poi_count": 0, "dominant_category": null, "category_entropy": null, "street_block_id": 16269}}, {"type": "Feature", "geometry": {"type": "Polygon", "coordinates": [[[114.4008995, 30.5053282], [114.4008273, 30.5053584], [114.4007689, 30.5052529], [114.4005926, 30.5049099], [114.4006668, 30.5048799], [114.4008478, 30.5052234], [114.4008995, 30.5053282]]]}, "properties": {"id": 13278, "block_id": 13278, "area_sqm": 438, "poi_count": 0, "dominant_category": null, "category_entropy": null, "street_block_id": null}}, {"type": "Feature", "geometry": {"type": "Polygon", "coordinates": [[[114.4125974, 30.50547], [114.4119751, 30.5055243], [114.4119282, 30.5050229], [114.4119671, 30.5049397], [114.4122031, 30.50492], [114.4123104, 30.5049027], [114.4125271, 30.5048844], [114.4125845, 30.5048795], [114.4126645, 30.5048727], [114.4127208, 30.5053822], [114.4125974, 30.50547]]]}, "properties": {"id": 13293, "block_id": 13293, "area_sqm": 4620, "poi_count": 0, "dominant_category": null, "category_entropy": null, "street_block_id": 16457}}, {"type": "Feature", "geometry": {"type": "Polygon", "coordinates": [[[114.4178239, 30.5059514], [114.417740441, 30.505957036], [114.4176475, 30.5052368], [114.4175954, 30.5048263], [114.4176786, 30.5047669], [114.4177708, 30.5055869], [114.4178239, 30.5059514]]]}, "properties": {"id": 13322, "block_id": 13322, "area_sqm": 1027, "poi_count": 0, "dominant_category": null, "category_entropy": null, "street_block_id": null}}, {"type": "Feature", "geometry": {"type": "Polygon", "coordinates": [[[114.4013656, 30.506493], [114.4012879, 30.5065075], [114.4012666, 30.506378], [114.4012024, 30.5061487], [114.4011377, 30.505974], [114.4010718, 30.505828], [114.4008877, 30.5054677], [114.4008273, 30.5053584], [114.4008995, 30.5053282], [114.4009528, 30.5054363], [114.4011622, 30.5058456], [114.4011966, 30.5059155], [114.4012125, 30.5059515], [114.4012314, 30.5060014], [114.4012473, 30.5060433], [114.4012783, 30.5061325], [114.4012955, 30.5061968], [114.4013362, 30.5063673], [114.4013656, 30.506493]]]}, "properties": {"id": 13390, "block_id": 13390, "area_sqm": 995, "poi_count": 0, "dominant_category": null, "category_entropy": null, "street_block_id": null}}, {"type": "Feature", "geometry": {"type": "Polygon", "coordinates": [[[114.4013822, 30.5065638], [114.4012992, 30.5065748], [114.4012879, 30.5065075], [114.4013656, 30.506493], [114.4013822, 30.5065638]]]}, "properties": {"id": 13399, "block_id": 13399, "area_sqm": 61, "poi_count": 0, "dominant_category": null, "category_entropy": null, "street_block_id": null}}, {"type": "Feature", "geometry": {"type": "Polygon", "coordinates": [[[114.4196284, 30.5065734], [114.4195218, 30.5065805], [114.419508, 30.5064637], [114.4194211, 30.5064713], [114.4194162, 30.506416], [114.4196132, 30.5064029], [114.4196284, 30.5065734]]]}, "properties": {"id": 13400, "block_id": 13400, "area_sqm": 249, "poi_count": 0, "dominant_category": null, "category_entropy": null, "street_block_id": null}}, {"type": "Feature", "geometry": {"type": "Polygon", "coordinates": [[[114.3991863, 30.5060465], [114.3978192, 30.5065952], [114.3977627, 30.5065399], [114.397712687, 30.506492524], [114.3972335, 30.5060386], [114.397874, 30.5057224], [114.3983283, 30.5054852], [114.4002193, 30.5045751], [114.4003795, 30.5045035], [114.4004409, 30.5046147], [114.4005638, 30.5048537], [114.4005926, 30.5049099], [114.4007689, 30.5052529], [114.4008273, 30.5053584], [114.3999216, 30.5057376], [114.3991863, 30.5060465]]]}, "properties": {"id": 13404, "block_id": 13404, "area_sqm": 31269, "poi_count": 335, "dominant_category": "购物服务", "category_entropy": 1.766, "street_block_id": 16273}}, {"type": "Feature", "geometry": {"type": "Polygon", "coordinates": [[[114.4149569, 30.5075282], [114.414941, 30.5075731], [114.4148558, 30.5075522], [114.4147915, 30.5075707], [114.4147351, 30.5075452], [114.4147915, 30.5074759], [114.4148692, 30.5074366], [114.4149846, 30.5074274], [114.4150883, 30.5074547], [114.4150353, 30.5074652], [114.4149896, 30.5074908], [114.4149569, 30.5075282]]]}, "properties": {"id": 13518, "block_id": 13518, "area_sqm": 291, "poi_count": 0, "dominant_category": null, "category_entropy": null, "street_block_id": 16473}}, {"type": "Feature", "geometry": {"type": "Polygon", "coordinates": [[[114.4174266, 30.5025635], [114.4180637, 30.5076632], [114.418034007, 30.507562874], [114.4178239, 30.5059514], [114.4177708, 30.5055869], [114.4176786, 30.5047669], [114.4173795, 30.5025895], [114.417399888, 30.50246185], [114.4174266, 30.5025635]]]}, "properties": {"id": 13543, "block_id": 13543, "area_sqm": 1631, "poi_count": 0, "dominant_category": null, "category_entropy": null, "street_block_id": null}}, {"type": "Feature", "geometry": {"type": "Polygon", "coordinates": [[[114.4150022, 30.5076973], [114.4148773, 30.5077047], [114.4148666, 30.5076446], [114.414829, 30.5075961], [114.4147915, 30.5075707], [114.4148558, 30.5075522], [114.414941, 30.5075731], [114.4149438, 30.5076199], [114.4149651, 30.5076631], [114.4150022, 30.5076973]]]}, "properties": {"id": 13552, "block_id": 13552, "area_sqm": 164, "poi_count": 0, "dominant_category": null, "category_entropy": null, "street_block_id": 16473}}, {"type": "Feature", "geometry": {"type": "Polygon", "coordinates": [[[114.4151249, 30.5077203], [114.4151047, 30.5077243], [114.4150507, 30.5077186], [114.4150022, 30.5076973], [114.4149651, 30.5076631], [114.4149438, 30.5076199], [114.414941, 30.5075731], [114.4149569, 30.5075282], [114.4149896, 30.5074908], [114.4150353, 30.5074652], [114.4150883, 30.5074547], [114.4151423, 30.5074604], [114.4151908, 30.5074817], [114.4152279, 30.507516], [114.4152492, 30.5075591], [114.4152521, 30.507606], [114.4152362, 30.5076508], [114.4152034, 30.5076882], [114.4151578, 30.5077138], [114.4151249, 30.5077203]]]}, "properties": {"id": 13558, "block_id": 13558, "area_sqm": 693, "poi_count": 0, "dominant_category": null, "category_entropy": null, "street_block_id": 16473}}, {"type": "Feature", "geometry": {"type": "Polygon", "coordinates": [[[114.4075869, 30.5078774], [114.4074451, 30.5078905], [114.4072325, 30.506089], [114.4073754, 30.5060495], [114.407475, 30.5069528], [114.4074892, 30.5072075], [114.407513, 30.5074198], [114.4075278, 30.5074485], [114.4075799, 30.5078326], [114.4075869, 30.5078774]]]}, "properties": {"id": 13591, "block_id": 13591, "area_sqm": 2676, "poi_count": 0, "dominant_category": null, "category_entropy": null, "street_block_id": null}}, {"type": "Feature", "geometry": {"type": "Polygon", "coordinates": [[[114.4151448, 30.5078883], [114.4142514, 30.5079726], [114.4142325, 30.5078322], [114.4143489, 30.5078688], [114.4146922, 30.5078457], [114.4147566, 30.5078364], [114.4148263, 30.5077809], [114.4148773, 30.5077047], [114.4150022, 30.5076973], [114.4150507, 30.5077186], [114.4151047, 30.5077243], [114.4151249, 30.5077203], [114.4151448, 30.5078883]]]}, "properties": {"id": 13605, "block_id": 13605, "area_sqm": 1226, "poi_count": 0, "dominant_category": null, "category_entropy": null, "street_block_id": 16473}}, {"type": "Feature", "geometry": {"type": "Polygon", "coordinates": [[[114.4012192, 30.5080575], [114.4012049, 30.5082786], [114.4011151, 30.5082648], [114.4010888, 30.5082608], [114.401102, 30.5080451], [114.401216, 30.507461], [114.4012379, 30.5073449], [114.4012486, 30.5072606], [114.4012647, 30.5071432], [114.4012744, 30.5069924], [114.4012958, 30.5066985], [114.4013, 30.5066294], [114.401301, 30.5066044], [114.4012992, 30.5065748], [114.4013822, 30.5065638], [114.4014043, 30.5066581], [114.4014157, 30.506707], [114.4014014, 30.5069601], [114.4013914, 30.5071456], [114.4013811, 30.5072229], [114.4013645, 30.5073201], [114.4013456, 30.5074155], [114.4012192, 30.5080575]]]}, "properties": {"id": 13670, "block_id": 13670, "area_sqm": 2171, "poi_count": 0, "dominant_category": null, "category_entropy": null, "street_block_id": null}}, {"type": "Feature", "geometry": {"type": "Polygon", "coordinates": [[[114.423418, 30.508277], [114.423077489, 30.508300466], [114.4230658, 30.5081917], [114.4234093, 30.5081651], [114.423418, 30.508277]]]}, "properties": {"id": 13674, "block_id": 13674, "area_sqm": 404, "poi_count": 0, "dominant_category": null, "category_entropy": null, "street_block_id": null}}, {"type": "Feature", "geometry": {"type": "Polygon", "coordinates": [[[114.4125706, 30.5081807], [114.4125658, 30.508306], [114.4124874, 30.5083032], [114.4124231, 30.5082893], [114.4123748, 30.5082639], [114.4123533, 30.5082131], [114.4123346, 30.5081599], [114.412336, 30.5081383], [114.4123372, 30.5081206], [114.412356, 30.5080398], [114.4124418, 30.5079728], [114.4125444, 30.5079456], [114.4125599, 30.5080536], [114.4125706, 30.5081807]]]}, "properties": {"id": 13675, "block_id": 13675, "area_sqm": 709, "poi_count": 0, "dominant_category": null, "category_entropy": null, "street_block_id": 16477}}, {"type": "Feature", "geometry": {"type": "Polygon", "coordinates": [[[114.423077489, 30.508300466], [114.422884, 30.5083138], [114.4228717, 30.5082068], [114.4230658, 30.5081917], [114.423077489, 30.508300466]]]}, "properties": {"id": 13678, "block_id": 13678, "area_sqm": 224, "poi_count": 0, "dominant_category": null, "category_entropy": null, "street_block_id": null}}, {"type": "Feature", "geometry": {"type": "Polygon", "coordinates": [[[114.4064538, 30.5082936], [114.4058601, 30.5083425], [114.4058382, 30.5081276], [114.4064255, 30.5080776], [114.4064538, 30.5082936]]]}, "properties": {"id": 13685, "block_id": 13685, "area_sqm": 1367, "poi_count": 2, "dominant_category": "地名地址信息", "category_entropy": 0.693, "street_block_id": null}}, {"type": "Feature", "geometry": {"type": "Polygon", "coordinates": [[[114.4183651, 30.5083246], [114.41836308, 30.508356005], [114.4183472, 30.5082322], [114.418368969, 30.508287407], [114.4183651, 30.5083246]]]}, "properties": {"id": 13689, "block_id": 13689, "area_sqm": 9, "poi_count": 0, "dominant_category": null, "category_entropy": null, "street_block_id": null}}, {"type": "Feature", "geometry": {"type": "Polygon", "coordinates": [[[114.4234682, 30.5084677], [114.423098756, 30.508498373], [114.423077489, 30.508300466], [114.423418, 30.508277], [114.4243776, 30.5082109], [114.4257522, 30.5080898], [114.4257938, 30.5080861], [114.4259088, 30.508075], [114.4259349, 30.5082623], [114.4257705, 30.5082765], [114.4234682, 30.5084677]]]}, "properties": {"id": 13702, "block_id": 13702, "area_sqm": 5656, "poi_count": 0, "dominant_category": null, "category_entropy": null, "street_block_id": null}}, {"type": "Feature", "geometry": {"type": "Polygon", "coordinates": [[[114.4064758, 30.5084828], [114.4058814, 30.5085322], [114.4058601, 30.5083425], [114.4064538, 30.5082936], [114.4064758, 30.5084828]]]}, "properties": {"id": 13707, "block_id": 13707, "area_sqm": 1209, "poi_count": 0, "dominant_category": null, "category_entropy": null, "street_block_id": null}}, {"type": "Feature", "geometry": {"type": "Polygon", "coordinates": [[[114.4184718, 30.5086466], [114.4184012, 30.5086532], [114.41836308, 30.508356005], [114.4183651, 30.5083246], [114.418368969, 30.508287407], [114.4184181, 30.508412], [114.4184558, 30.5084538], [114.4185093, 30.5085044], [114.4185872, 30.5085552], [114.4186921, 30.5085896], [114.4188727, 30.5086092], [114.4184718, 30.5086466]]]}, "properties": {"id": 13731, "block_id": 13731, "area_sqm": 492, "poi_count": 0, "dominant_category": null, "category_entropy": null, "street_block_id": null}}, {"type": "Feature", "geometry": {"type": "Polygon", "coordinates": [[[114.4184012, 30.5086532], [114.418375166, 30.508655623], [114.4183706, 30.5085259], [114.4183598, 30.508407], [114.41836308, 30.508356005], [114.4184012, 30.5086532]]]}, "properties": {"id": 13732, "block_id": 13732, "area_sqm": 46, "poi_count": 0, "dominant_category": null, "category_entropy": null, "street_block_id": null}}, {"type": "Feature", "geometry": {"type": "Polygon", "coordinates": [[[114.418188229, 30.508673025], [114.4181842, 30.5086734], [114.4181246, 30.5082577], [114.418034007, 30.507562874], [114.4180637, 30.5076632], [114.418172, 30.5084744], [114.418188229, 30.508673025]]]}, "properties": {"id": 13738, "block_id": 13738, "area_sqm": 182, "poi_count": 0, "dominant_category": null, "category_entropy": null, "street_block_id": null}}, {"type": "Feature", "geometry": {"type": "Polygon", "coordinates": [[[114.4181842, 30.5086734], [114.418142266, 30.50867732], [114.4180979, 30.5084796], [114.418088591, 30.508442263], [114.4180999, 30.5084265], [114.4181246, 30.5082577], [114.4181842, 30.5086734]]]}, "properties": {"id": 13739, "block_id": 13739, "area_sqm": 183, "poi_count": 0, "dominant_category": null, "category_entropy": null, "street_block_id": null}}, {"type": "Feature", "geometry": {"type": "Polygon", "coordinates": [[[114.4181061, 30.5086807], [114.4176998, 30.5087231], [114.4178846, 30.5086608], [114.4179633, 30.5085997], [114.4180222, 30.5085348], [114.418088591, 30.508442263], [114.4180979, 30.5084796], [114.418142266, 30.50867732], [114.4181061, 30.5086807]]]}, "properties": {"id": 13748, "block_id": 13748, "area_sqm": 388, "poi_count": 0, "dominant_category": null, "category_entropy": null, "street_block_id": null}}, {"type": "Feature", "geometry": {"type": "Polygon", "coordinates": [[[114.4186496, 30.508673], [114.418412336, 30.508740007], [114.4184012, 30.5086532], [114.4184718, 30.5086466], [114.4188727, 30.5086092], [114.41893109, 30.508604259], [114.4188898, 30.5086238], [114.4187662, 30.5086564], [114.4186496, 30.508673]]]}, "properties": {"id": 13752, "block_id": 13752, "area_sqm": 259, "poi_count": 0, "dominant_category": null, "category_entropy": null, "street_block_id": null}}, {"type": "Feature", "geometry": {"type": "Polygon", "coordinates": [[[114.418412336, 30.508740007], [114.418378471, 30.508749571], [114.418375166, 30.508655623], [114.4184012, 30.5086532], [114.418412336, 30.508740007]]]}, "properties": {"id": 13755, "block_id": 13755, "area_sqm": 29, "poi_count": 0, "dominant_category": null, "category_entropy": null, "street_block_id": null}}, {"type": "Feature", "geometry": {"type": "Polygon", "coordinates": [[[114.418378471, 30.508749571], [114.418339882, 30.508760469], [114.418319786, 30.508660778], [114.418375166, 30.508655623], [114.418378471, 30.508749571]]]}, "properties": {"id": 13759, "block_id": 13759, "area_sqm": 49, "poi_count": 0, "dominant_category": null, "category_entropy": null, "street_block_id": null}}, {"type": "Feature", "geometry": {"type": "Polygon", "coordinates": [[[114.418188229, 30.508673025], [114.418195966, 30.508767719], [114.4181842, 30.5086734], [114.418188229, 30.508673025]]]}, "properties": {"id": 13761, "block_id": 13761, "area_sqm": 2, "poi_count": 0, "dominant_category": null, "category_entropy": null, "street_block_id": null}}, {"type": "Feature", "geometry": {"type": "Polygon", "coordinates": [[[114.418415741, 30.508766546], [114.418379186, 30.508769852], [114.418378471, 30.508749571], [114.418412336, 30.508740007], [114.418415741, 30.508766546]]]}, "properties": {"id": 13762, "block_id": 13762, "area_sqm": 9, "poi_count": 0, "dominant_category": null, "category_entropy": null, "street_block_id": null}}, {"type": "Feature", "geometry": {"type": "Polygon", "coordinates": [[[114.418142266, 30.50867732], [114.418163481, 30.508771863], [114.4178057, 30.5087468], [114.4176824, 30.5087459], [114.417589592, 30.508734641], [114.4176998, 30.5087231], [114.4181061, 30.5086807], [114.418142266, 30.50867732]]]}, "properties": {"id": 13763, "block_id": 13763, "area_sqm": 287, "poi_count": 0, "dominant_category": null, "category_entropy": null, "street_block_id": null}}, {"type": "Feature", "geometry": {"type": "Polygon", "coordinates": [[[114.418379186, 30.508769852], [114.418342444, 30.508773175], [114.418339882, 30.508760469], [114.418378471, 30.508749571], [114.418379186, 30.508769852]]]}, "properties": {"id": 13764, "block_id": 13764, "area_sqm": 7, "poi_count": 0, "dominant_category": null, "category_entropy": null, "street_block_id": null}}, {"type": "Feature", "geometry": {"type": "Polygon", "coordinates": [[[114.418195966, 30.508767719], [114.418196494, 30.508774176], [114.418163481, 30.508771863], [114.418142266, 30.50867732], [114.4181842, 30.5086734], [114.418195966, 30.508767719]]]}, "properties": {"id": 13765, "block_id": 13765, "area_sqm": 39, "poi_count": 0, "dominant_category": null, "category_entropy": null, "street_block_id": null}}, {"type": "Feature", "geometry": {"type": "Polygon", "coordinates": [[[114.418195966, 30.508767719], [114.418196773, 30.508774195], [114.418196494, 30.508774176], [114.418195966, 30.508767719]]]}, "properties": {"id": 13766, "block_id": 13766, "area_sqm": 0, "poi_count": 0, "dominant_category": null, "category_entropy": null, "street_block_id": null}}, {"type": "Feature", "geometry": {"type": "Polygon", "coordinates": [[[114.418339882, 30.508760469], [114.4182725, 30.5087795], [114.418196773, 30.508774195], [114.418195966, 30.508767719], [114.418188229, 30.508673025], [114.418319786, 30.508660778], [114.418339882, 30.508760469]]]}, "properties": {"id": 13770, "block_id": 13770, "area_sqm": 158, "poi_count": 0, "dominant_category": null, "category_entropy": null, "street_block_id": null}}, {"type": "Feature", "geometry": {"type": "Polygon", "coordinates": [[[114.418342444, 30.508773175], [114.4182725, 30.5087795], [114.418339882, 30.508760469], [114.418342444, 30.508773175]]]}, "properties": {"id": 13771, "block_id": 13771, "area_sqm": 5, "poi_count": 0, "dominant_category": null, "category_entropy": null, "street_block_id": null}}, {"type": "Feature", "geometry": {"type": "Polygon", "coordinates": [[[114.4182725, 30.5087795], [114.418198242, 30.508785968], [114.418196773, 30.508774195], [114.4182725, 30.5087795]]]}, "properties": {"id": 13772, "block_id": 13772, "area_sqm": 5, "poi_count": 0, "dominant_category": null, "category_entropy": null, "street_block_id": null}}, {"type": "Feature", "geometry": {"type": "Polygon", "coordinates": [[[114.418198242, 30.508785968], [114.418197463, 30.508786036], [114.418196494, 30.508774176], [114.418196773, 30.508774195], [114.418198242, 30.508785968]]]}, "properties": {"id": 13773, "block_id": 13773, "area_sqm": 0, "poi_count": 0, "dominant_category": null, "category_entropy": null, "street_block_id": null}}, {"type": "Feature", "geometry": {"type": "Polygon", "coordinates": [[[114.418197463, 30.508786036], [114.418167252, 30.508788667], [114.418163481, 30.508771863], [114.418196494, 30.508774176], [114.418197463, 30.508786036]]]}, "properties": {"id": 13776, "block_id": 13776, "area_sqm": 5, "poi_count": 0, "dominant_category": null, "category_entropy": null, "street_block_id": null}}, {"type": "Feature", "geometry": {"type": "Polygon", "coordinates": [[[114.418428783, 30.508868212], [114.418382792, 30.50887231], [114.418379186, 30.508769852], [114.418415741, 30.508766546], [114.4184212, 30.5088091], [114.418428783, 30.508868212]]]}, "properties": {"id": 13800, "block_id": 13800, "area_sqm": 45, "poi_count": 0, "dominant_category": null, "category_entropy": null, "street_block_id": null}}, {"type": "Feature", "geometry": {"type": "Polygon", "coordinates": [[[114.418382792, 30.50887231], [114.418362787, 30.508874092], [114.418342444, 30.508773175], [114.418379186, 30.508769852], [114.418382792, 30.50887231]]]}, "properties": {"id": 13802, "block_id": 13802, "area_sqm": 31, "poi_count": 0, "dominant_category": null, "category_entropy": null, "street_block_id": null}}, {"type": "Feature", "geometry": {"type": "Polygon", "coordinates": [[[114.418210929, 30.508887621], [114.4182058, 30.508888078], [114.418197463, 30.508786036], [114.418198242, 30.508785968], [114.4182025, 30.5088201], [114.418210929, 30.508887621]]]}, "properties": {"id": 13806, "block_id": 13806, "area_sqm": 3, "poi_count": 0, "dominant_category": null, "category_entropy": null, "street_block_id": null}}, {"type": "Feature", "geometry": {"type": "Polygon", "coordinates": [[[114.4182058, 30.508888078], [114.418189877, 30.508889497], [114.418167252, 30.508788667], [114.418197463, 30.508786036], [114.4182058, 30.508888078]]]}, "properties": {"id": 13807, "block_id": 13807, "area_sqm": 25, "poi_count": 0, "dominant_category": null, "category_entropy": null, "street_block_id": null}}, {"type": "Feature", "geometry": {"type": "Polygon", "coordinates": [[[114.3981794, 30.5088045], [114.3981693, 30.5088905], [114.3979692, 30.5088614], [114.3967425, 30.5086814], [114.3966041, 30.5086622], [114.3966192, 30.5085914], [114.3977307, 30.5087458], [114.3981794, 30.5088045]]]}, "properties": {"id": 13808, "block_id": 13808, "area_sqm": 1305, "poi_count": 0, "dominant_category": null, "category_entropy": null, "street_block_id": null}}, {"type": "Feature", "geometry": {"type": "Polygon", "coordinates": [[[114.3983124, 30.5088219], [114.3983049, 30.5089103], [114.3981693, 30.5088905], [114.3981794, 30.5088045], [114.3983124, 30.5088219]]]}, "properties": {"id": 13809, "block_id": 13809, "area_sqm": 126, "poi_count": 0, "dominant_category": null, "category_entropy": null, "street_block_id": null}}, {"type": "Feature", "geometry": {"type": "Polygon", "coordinates": [[[114.3984457, 30.5088434], [114.3984399, 30.5089303], [114.3983049, 30.5089103], [114.3983124, 30.5088219], [114.3984457, 30.5088434]]]}, "properties": {"id": 13812, "block_id": 13812, "area_sqm": 127, "poi_count": 0, "dominant_category": null, "category_entropy": null, "street_block_id": null}}, {"type": "Feature", "geometry": {"type": "Polygon", "coordinates": [[[114.4184383, 30.5089424], [114.418385419, 30.508946932], [114.418382792, 30.50887231], [114.418428783, 30.508868212], [114.4184383, 30.5089424]]]}, "properties": {"id": 13818, "block_id": 13818, "area_sqm": 39, "poi_count": 0, "dominant_category": null, "category_entropy": null, "street_block_id": null}}, {"type": "Feature", "geometry": {"type": "Polygon", "coordinates": [[[114.418385419, 30.508946932], [114.418377605, 30.508947602], [114.418362787, 30.508874092], [114.418382792, 30.50887231], [114.418385419, 30.508946932]]]}, "properties": {"id": 13819, "block_id": 13819, "area_sqm": 11, "poi_count": 0, "dominant_category": null, "category_entropy": null, "street_block_id": null}}, {"type": "Feature", "geometry": {"type": "Polygon", "coordinates": [[[114.418377605, 30.508947602], [114.4182201, 30.5089611], [114.418210929, 30.508887621], [114.418362787, 30.508874092], [114.418377605, 30.508947602]]]}, "properties": {"id": 13820, "block_id": 13820, "area_sqm": 123, "poi_count": 0, "dominant_category": null, "category_entropy": null, "street_block_id": null}}, {"type": "Feature", "geometry": {"type": "Polygon", "coordinates": [[[114.4182201, 30.5089611], [114.418211824, 30.508961808], [114.4182058, 30.508888078], [114.418210929, 30.508887621], [114.4182201, 30.5089611]]]}, "properties": {"id": 13821, "block_id": 13821, "area_sqm": 5, "poi_count": 0, "dominant_category": null, "category_entropy": null, "street_block_id": null}}, {"type": "Feature", "geometry": {"type": "Polygon", "coordinates": [[[114.418211824, 30.508961808], [114.418206212, 30.508962289], [114.418189877, 30.508889497], [114.4182058, 30.508888078], [114.418211824, 30.508961808]]]}, "properties": {"id": 13822, "block_id": 13822, "area_sqm": 9, "poi_count": 0, "dominant_category": null, "category_entropy": null, "street_block_id": null}}, {"type": "Feature", "geometry": {"type": "Polygon", "coordinates": [[[114.418385419, 30.508946932], [114.4183871, 30.5089947], [114.418377605, 30.508947602], [114.418385419, 30.508946932]]]}, "properties": {"id": 13826, "block_id": 13826, "area_sqm": 2, "poi_count": 0, "dominant_category": null, "category_entropy": null, "street_block_id": null}}, {"type": "Feature", "geometry": {"type": "Polygon", "coordinates": [[[114.418211824, 30.508961808], [114.4182151, 30.5090019], [114.418206212, 30.508962289], [114.418211824, 30.508961808]]]}, "properties": {"id": 13827, "block_id": 13827, "area_sqm": 1, "poi_count": 0, "dominant_category": null, "category_entropy": null, "street_block_id": null}}, {"type": "Feature", "geometry": {"type": "Polygon", "coordinates": [[[114.3981644, 30.5089341], [114.398188741, 30.509019839], [114.398138072, 30.50901274], [114.3981375, 30.5090062], [114.3981238, 30.5089715], [114.3981004, 30.5089408], [114.3980689, 30.5089161], [114.3980286, 30.5088917], [114.3979692, 30.5088614], [114.3981693, 30.5088905], [114.3981644, 30.5089341]]]}, "properties": {"id": 13831, "block_id": 13831, "area_sqm": 119, "poi_count": 0, "dominant_category": null, "category_entropy": null, "street_block_id": null}}, {"type": "Feature", "geometry": {"type": "Polygon", "coordinates": [[[114.3983049, 30.5089103], [114.398302892, 30.509035833], [114.398188741, 30.509019839], [114.3981644, 30.5089341], [114.3981693, 30.5088905], [114.3983049, 30.5089103]]]}, "properties": {"id": 13835, "block_id": 13835, "area_sqm": 176, "poi_count": 0, "dominant_category": null, "category_entropy": null, "street_block_id": null}}, {"type": "Feature", "geometry": {"type": "Polygon", "coordinates": [[[114.3984367, 30.5089699], [114.398403168, 30.509049883], [114.398302892, 30.509035833], [114.3983049, 30.5089103], [114.3984399, 30.5089303], [114.3984367, 30.5089699]]]}, "properties": {"id": 13836, "block_id": 13836, "area_sqm": 163, "poi_count": 0, "dominant_category": null, "category_entropy": null, "street_block_id": null}}, {"type": "Feature", "geometry": {"type": "Polygon", "coordinates": [[[114.415203, 30.5090469], [114.4150634, 30.5090554], [114.4147315, 30.5090333], [114.4150568, 30.5089993], [114.4162572, 30.5088739], [114.4173694, 30.5087577], [114.417589592, 30.508734641], [114.4176824, 30.5087459], [114.4178057, 30.5087468], [114.418163481, 30.508771863], [114.418167252, 30.508788667], [114.415203, 30.5090469]]]}, "properties": {"id": 13837, "block_id": 13837, "area_sqm": 2682, "poi_count": 0, "dominant_category": null, "category_entropy": null, "street_block_id": null}}, {"type": "Feature", "geometry": {"type": "Polygon", "coordinates": [[[114.39855, 30.5090198], [114.398533517, 30.509068148], [114.398403168, 30.509049883], [114.3984367, 30.5089699], [114.3984399, 30.5089303], [114.3986476, 30.5089611], [114.3985908, 30.5089811], [114.39855, 30.5090198]]]}, "properties": {"id": 13842, "block_id": 13842, "area_sqm": 190, "poi_count": 0, "dominant_category": null, "category_entropy": null, "street_block_id": null}}, {"type": "Feature", "geometry": {"type": "Polygon", "coordinates": [[[114.4065405, 30.5090386], [114.4059446, 30.5090936], [114.4059328, 30.508989], [114.4059136, 30.5088185], [114.4065082, 30.5087613], [114.4065405, 30.5090386]]]}, "properties": {"id": 13843, "block_id": 13843, "area_sqm": 1768, "poi_count": 0, "dominant_category": null, "category_entropy": null, "street_block_id": 16291}}, {"type": "Feature", "geometry": {"type": "Polygon", "coordinates": [[[114.4182151, 30.5090019], [114.418230478, 30.509126946], [114.4181926, 30.509066], [114.4181396, 30.5090276], [114.4180808, 30.5089992], [114.4179954, 30.5089803], [114.4181407, 30.5089679], [114.418206212, 30.508962289], [114.4182151, 30.5090019]]]}, "properties": {"id": 13848, "block_id": 13848, "area_sqm": 120, "poi_count": 0, "dominant_category": null, "category_entropy": null, "street_block_id": null}}, {"type": "Feature", "geometry": {"type": "Polygon", "coordinates": [[[114.3982181, 30.5091236], [114.398223552, 30.509127272], [114.398115857, 30.509111442], [114.3981332, 30.5090789], [114.3981407, 30.5090428], [114.398138072, 30.50901274], [114.398188741, 30.509019839], [114.3981912, 30.5090285], [114.3982181, 30.5091236]]]}, "properties": {"id": 13849, "block_id": 13849, "area_sqm": 77, "poi_count": 0, "dominant_category": null, "category_entropy": null, "street_block_id": null}}, {"type": "Feature", "geometry": {"type": "Polygon", "coordinates": [[[114.4184687, 30.5090659], [114.4184627, 30.5091323], [114.4184383, 30.5089424], [114.418504, 30.5089368], [114.4188083, 30.5089107], [114.4186243, 30.5089549], [114.4185277, 30.509008], [114.4184687, 30.5090659]]]}, "properties": {"id": 13850, "block_id": 13850, "area_sqm": 178, "poi_count": 0, "dominant_category": null, "category_entropy": null, "street_block_id": null}}, {"type": "Feature", "geometry": {"type": "Polygon", "coordinates": [[[114.3983194, 30.5091175], [114.398335636, 30.509143747], [114.398264834, 30.50913334], [114.3982806, 30.5091164], [114.3983023, 30.5090728], [114.3983194, 30.5091175]]]}, "properties": {"id": 13853, "block_id": 13853, "area_sqm": 22, "poi_count": 0, "dominant_category": null, "category_entropy": null, "street_block_id": null}}, {"type": "Feature", "geometry": {"type": "Polygon", "coordinates": [[[114.398367, 30.5091363], [114.398349374, 30.509145766], [114.398335636, 30.509143747], [114.3983194, 30.5091175], [114.3983023, 30.5090728], [114.398302892, 30.509035833], [114.398403168, 30.509049883], [114.3984014, 30.5090541], [114.398367, 30.5091363]]]}, "properties": {"id": 13854, "block_id": 13854, "area_sqm": 77, "poi_count": 0, "dominant_category": null, "category_entropy": null, "street_block_id": null}}, {"type": "Feature", "geometry": {"type": "Polygon", "coordinates": [[[114.398264834, 30.50913334], [114.3982524, 30.5091467], [114.398223552, 30.509127272], [114.398264834, 30.50913334]]]}, "properties": {"id": 13856, "block_id": 13856, "area_sqm": 3, "poi_count": 0, "dominant_category": null, "category_entropy": null, "street_block_id": null}}, {"type": "Feature", "geometry": {"type": "Polygon", "coordinates": [[[114.4182201, 30.5089611], [114.4182435, 30.5091479], [114.418230478, 30.509126946], [114.4182151, 30.5090019], [114.418211824, 30.508961808], [114.4182201, 30.5089611]]]}, "properties": {"id": 13857, "block_id": 13857, "area_sqm": 19, "poi_count": 0, "dominant_category": null, "category_entropy": null, "street_block_id": null}}, {"type": "Feature", "geometry": {"type": "Polygon", "coordinates": [[[114.398349374, 30.509145766], [114.39834, 30.5091508], [114.398335636, 30.509143747], [114.398349374, 30.509145766]]]}, "properties": {"id": 13858, "block_id": 13858, "area_sqm": 0, "poi_count": 0, "dominant_category": null, "category_entropy": null, "street_block_id": null}}, {"type": "Feature", "geometry": {"type": "Polygon", "coordinates": [[[114.39834, 30.5091508], [114.3982892, 30.5091686], [114.3982524, 30.5091467], [114.398264834, 30.50913334], [114.398335636, 30.509143747], [114.39834, 30.5091508]]]}, "properties": {"id": 13863, "block_id": 13863, "area_sqm": 18, "poi_count": 0, "dominant_category": null, "category_entropy": null, "street_block_id": null}}, {"type": "Feature", "geometry": {"type": "Polygon", "coordinates": [[[114.413414, 30.5090356], [114.4134312, 30.5091691], [114.413283, 30.5090493], [114.413414, 30.5090356]]]}, "properties": {"id": 13864, "block_id": 13864, "area_sqm": 94, "poi_count": 0, "dominant_category": null, "category_entropy": null, "street_block_id": null}}, {"type": "Feature", "geometry": {"type": "Polygon", "coordinates": [[[114.3985186, 30.5091119], [114.398532503, 30.509172683], [114.398349374, 30.509145766], [114.398367, 30.5091363], [114.3984014, 30.5090541], [114.398403168, 30.509049883], [114.398533517, 30.509068148], [114.3985186, 30.5091119]]]}, "properties": {"id": 13867, "block_id": 13867, "area_sqm": 159, "poi_count": 0, "dominant_category": null, "category_entropy": null, "street_block_id": null}}, {"type": "Feature", "geometry": {"type": "Polygon", "coordinates": [[[114.3980148, 30.5091764], [114.3979502, 30.5091874], [114.397936, 30.5091853], [114.3972236, 30.5090814], [114.3963558, 30.5089634], [114.396113, 30.5089193], [114.3956935, 30.5088717], [114.3953314, 30.5088589], [114.3949823, 30.5088427], [114.394815, 30.5088431], [114.3946478, 30.5088517], [114.3945118, 30.5088692], [114.3943652, 30.5089064], [114.3944688, 30.5087732], [114.39454, 30.5086251], [114.39454568, 30.508600296], [114.3948595, 30.5086328], [114.398115857, 30.509111442], [114.3981154, 30.5091123], [114.3980886, 30.5091408], [114.3980543, 30.5091626], [114.3980148, 30.5091764]]]}, "properties": {"id": 13873, "block_id": 13873, "area_sqm": 5054, "poi_count": 0, "dominant_category": null, "category_entropy": null, "street_block_id": null}}, {"type": "Feature", "geometry": {"type": "Polygon", "coordinates": [[[114.3981918, 30.5091886], [114.398146, 30.509212], [114.3979502, 30.5091874], [114.3980148, 30.5091764], [114.3980543, 30.5091626], [114.3980886, 30.5091408], [114.3981154, 30.5091123], [114.398115857, 30.509111442], [114.398223552, 30.509127272], [114.3982524, 30.5091467], [114.3982263, 30.5091671], [114.3981918, 30.5091886]]]}, "properties": {"id": 13881, "block_id": 13881, "area_sqm": 155, "poi_count": 0, "dominant_category": null, "category_entropy": null, "street_block_id": null}}, {"type": "Feature", "geometry": {"type": "Polygon", "coordinates": [[[114.3982892, 30.5091686], [114.3982793, 30.5092314], [114.398146, 30.509212], [114.3981918, 30.5091886], [114.3982263, 30.5091671], [114.3982524, 30.5091467], [114.3982892, 30.5091686]]]}, "properties": {"id": 13883, "block_id": 13883, "area_sqm": 67, "poi_count": 0, "dominant_category": null, "category_entropy": null, "street_block_id": null}}, {"type": "Feature", "geometry": {"type": "Polygon", "coordinates": [[[114.4178021, 30.5089969], [114.4150798, 30.5092463], [114.4147625, 30.5092123], [114.4150733, 30.5091659], [114.415219, 30.509152], [114.4165106, 30.5090391], [114.418189877, 30.508889497], [114.418206212, 30.508962289], [114.4181407, 30.5089679], [114.4179954, 30.5089803], [114.4178021, 30.5089969]]]}, "properties": {"id": 13890, "block_id": 13890, "area_sqm": 2675, "poi_count": 0, "dominant_category": null, "category_entropy": null, "street_block_id": null}}, {"type": "Feature", "geometry": {"type": "Polygon", "coordinates": [[[114.3984, 30.5092185], [114.398446, 30.5092557], [114.3982793, 30.5092314], [114.3982892, 30.5091686], [114.39834, 30.5091508], [114.398371, 30.5091879], [114.3984, 30.5092185]]]}, "properties": {"id": 13893, "block_id": 13893, "area_sqm": 90, "poi_count": 0, "dominant_category": null, "category_entropy": null, "street_block_id": null}}, {"type": "Feature", "geometry": {"type": "Polygon", "coordinates": [[[114.3985726, 30.5092397], [114.3986411, 30.5092881], [114.398446, 30.5092557], [114.3984, 30.5092185], [114.398371, 30.5091879], [114.39834, 30.5091508], [114.398349374, 30.509145766], [114.398532503, 30.509172683], [114.3985377, 30.5091954], [114.3985726, 30.5092397]]]}, "properties": {"id": 13899, "block_id": 13899, "area_sqm": 191, "poi_count": 0, "dominant_category": null, "category_entropy": null, "street_block_id": null}}, {"type": "Feature", "geometry": {"type": "Polygon", "coordinates": [[[114.3982793, 30.5092314], [114.3982658, 30.5093149], [114.3972102, 30.5091639], [114.3972236, 30.5090814], [114.397936, 30.5091853], [114.3979502, 30.5091874], [114.398146, 30.509212], [114.3982793, 30.5092314]]]}, "properties": {"id": 13905, "block_id": 13905, "area_sqm": 941, "poi_count": 0, "dominant_category": null, "category_entropy": null, "street_block_id": null}}, {"type": "Feature", "geometry": {"type": "Polygon", "coordinates": [[[114.4081143, 30.5094308], [114.4080239, 30.5095166], [114.4079601, 30.5094707], [114.4078659, 30.5093796], [114.4077437, 30.5091614], [114.4075957, 30.5079331], [114.4075869, 30.5078774], [114.4077736, 30.5078602], [114.407884, 30.508782], [114.4079397, 30.5092138], [114.4079944, 30.5093162], [114.4080388, 30.5093688], [114.4081143, 30.5094308]]]}, "properties": {"id": 13924, "block_id": 13924, "area_sqm": 3162, "poi_count": 0, "dominant_category": null, "category_entropy": null, "street_block_id": null}}, {"type": "Feature", "geometry": {"type": "Polygon", "coordinates": [[[114.4023022, 30.50943], [114.4022734, 30.509552], [114.4022157, 30.5095427], [114.4020104, 30.509489], [114.4017902, 30.5094417], [114.4016227, 30.5094149], [114.4008567, 30.5092857], [114.4008783, 30.5092362], [114.4011647, 30.5092401], [114.4012325, 30.5092436], [114.4013441, 30.5092695], [114.4023152, 30.5093643], [114.4023022, 30.50943]]]}, "properties": {"id": 13933, "block_id": 13933, "area_sqm": 1838, "poi_count": 0, "dominant_category": null, "category_entropy": null, "street_block_id": null}}, {"type": "Feature", "geometry": {"type": "Polygon", "coordinates": [[[114.4079641, 30.5095733], [114.4078447, 30.5095846], [114.4077939, 30.509538], [114.4077437, 30.5091614], [114.4078659, 30.5093796], [114.4079601, 30.5094707], [114.4080239, 30.5095166], [114.4079641, 30.5095733]]]}, "properties": {"id": 13942, "block_id": 13942, "area_sqm": 460, "poi_count": 0, "dominant_category": null, "category_entropy": null, "street_block_id": null}}, {"type": "Feature", "geometry": {"type": "Polygon", "coordinates": [[[114.4078447, 30.5095846], [114.4076935, 30.5095987], [114.4076893, 30.5095622], [114.4076142, 30.5091177], [114.4075659, 30.5087718], [114.4075299, 30.5084391], [114.4075027, 30.5083533], [114.4074514, 30.507945], [114.4074451, 30.5078905], [114.4075869, 30.5078774], [114.4075957, 30.5079331], [114.4077437, 30.5091614], [114.4077939, 30.509538], [114.4078447, 30.5095846]]]}, "properties": {"id": 13945, "block_id": 13945, "area_sqm": 2368, "poi_count": 0, "dominant_category": null, "category_entropy": null, "street_block_id": null}}, {"type": "Feature", "geometry": {"type": "Polygon", "coordinates": [[[114.4076935, 30.5095987], [114.4075452, 30.5096127], [114.4074706, 30.5095749], [114.4075335, 30.50948], [114.4075799, 30.509387], [114.407607, 30.5092841], [114.4076142, 30.5091177], [114.4076893, 30.5095622], [114.4076935, 30.5095987]]]}, "properties": {"id": 13948, "block_id": 13948, "area_sqm": 450, "poi_count": 0, "dominant_category": null, "category_entropy": null, "street_block_id": null}}, {"type": "Feature", "geometry": {"type": "Polygon", "coordinates": [[[114.4182567, 30.5092536], [114.418310907, 30.509687514], [114.4182752, 30.5094906], [114.418230478, 30.509126946], [114.4182435, 30.5091479], [114.4182567, 30.5092536]]]}, "properties": {"id": 13968, "block_id": 13968, "area_sqm": 52, "poi_count": 0, "dominant_category": null, "category_entropy": null, "street_block_id": null}}, {"type": "Feature", "geometry": {"type": "Polygon", "coordinates": [[[114.4080231, 30.5096912], [114.4079801, 30.5097017], [114.4079641, 30.5095733], [114.4080239, 30.5095166], [114.408056, 30.5095381], [114.4081887, 30.5096044], [114.4082743, 30.5096198], [114.4087474, 30.5096446], [114.4080231, 30.5096912]]]}, "properties": {"id": 13972, "block_id": 13972, "area_sqm": 501, "poi_count": 0, "dominant_category": null, "category_entropy": null, "street_block_id": null}}, {"type": "Feature", "geometry": {"type": "Polygon", "coordinates": [[[114.4079801, 30.5097017], [114.4078608, 30.5097115], [114.4078447, 30.5095846], [114.4079641, 30.5095733], [114.4079801, 30.5097017]]]}, "properties": {"id": 13974, "block_id": 13974, "area_sqm": 164, "poi_count": 0, "dominant_category": null, "category_entropy": null, "street_block_id": null}}, {"type": "Feature", "geometry": {"type": "Polygon", "coordinates": [[[114.4078608, 30.5097115], [114.407708, 30.509724], [114.4076935, 30.5095987], [114.4078447, 30.5095846], [114.4078608, 30.5097115]]]}, "properties": {"id": 13977, "block_id": 13977, "area_sqm": 206, "poi_count": 0, "dominant_category": null, "category_entropy": null, "street_block_id": null}}, {"type": "Feature", "geometry": {"type": "Polygon", "coordinates": [[[114.407708, 30.509724], [114.4075592, 30.5097362], [114.4075452, 30.5096127], [114.4076935, 30.5095987], [114.407708, 30.509724]]]}, "properties": {"id": 13979, "block_id": 13979, "area_sqm": 199, "poi_count": 0, "dominant_category": null, "category_entropy": null, "street_block_id": null}}, {"type": "Feature", "geometry": {"type": "Polygon", "coordinates": [[[114.4021661, 30.5097417], [114.4019162, 30.5097522], [114.4016703, 30.5097301], [114.3987091, 30.5092981], [114.3986411, 30.5092881], [114.3985726, 30.5092397], [114.3985377, 30.5091954], [114.398532503, 30.509172683], [114.3990626, 30.5092506], [114.4017042, 30.5096389], [114.4018855, 30.509671], [114.4021661, 30.5097417]]]}, "properties": {"id": 13985, "block_id": 13985, "area_sqm": 3553, "poi_count": 1, "dominant_category": "交通设施服务", "category_entropy": 0.0, "street_block_id": null}}, {"type": "Feature", "geometry": {"type": "Polygon", "coordinates": [[[114.4038671, 30.5096466], [114.4038529, 30.5097697], [114.4036921, 30.5097482], [114.4025646, 30.5095922], [114.4025849, 30.5094698], [114.4025934, 30.5094074], [114.4038581, 30.5095749], [114.4038671, 30.5096466]]]}, "properties": {"id": 13987, "block_id": 13987, "area_sqm": 2624, "poi_count": 0, "dominant_category": null, "category_entropy": null, "street_block_id": null}}, {"type": "Feature", "geometry": {"type": "Polygon", "coordinates": [[[114.4074836, 30.5097574], [114.406973, 30.5097892], [114.4072197, 30.5097257], [114.4073274, 30.5096752], [114.4074706, 30.5095749], [114.4075452, 30.5096127], [114.4075592, 30.5097362], [114.4074836, 30.5097574]]]}, "properties": {"id": 13990, "block_id": 13990, "area_sqm": 487, "poi_count": 0, "dominant_category": null, "category_entropy": null, "street_block_id": null}}, {"type": "Feature", "geometry": {"type": "Polygon", "coordinates": [[[114.4079969, 30.5098358], [114.4078782, 30.509848], [114.4078608, 30.5097115], [114.4079801, 30.5097017], [114.4079969, 30.5098358]]]}, "properties": {"id": 14001, "block_id": 14001, "area_sqm": 173, "poi_count": 0, "dominant_category": null, "category_entropy": null, "street_block_id": null}}, {"type": "Feature", "geometry": {"type": "Polygon", "coordinates": [[[114.4031414, 30.5098675], [114.4031351, 30.5100232], [114.4017084, 30.5098136], [114.3998872, 30.5095468], [114.3982658, 30.5093149], [114.3982793, 30.5092314], [114.398446, 30.5092557], [114.3986411, 30.5092881], [114.3987091, 30.5092981], [114.4016703, 30.5097301], [114.4019162, 30.5097522], [114.4021661, 30.5097417], [114.4025218, 30.5097873], [114.4028667, 30.5098317], [114.4031414, 30.5098675]]]}, "properties": {"id": 14039, "block_id": 14039, "area_sqm": 4901, "poi_count": 0, "dominant_category": null, "category_entropy": null, "street_block_id": null}}, {"type": "Feature", "geometry": {"type": "Polygon", "coordinates": [[[114.4080224, 30.5100407], [114.4075972, 30.5100726], [114.4075895, 30.5100043], [114.4076259, 30.5100014], [114.4076926, 30.5099962], [114.4077693, 30.5099903], [114.4079292, 30.5099781], [114.4079797, 30.5099742], [114.4080138, 30.5099716], [114.4080224, 30.5100407]]]}, "properties": {"id": 14049, "block_id": 14049, "area_sqm": 314, "poi_count": 0, "dominant_category": null, "category_entropy": null, "street_block_id": null}}, {"type": "Feature", "geometry": {"type": "Polygon", "coordinates": [[[114.4079208, 30.5102553], [114.4077268, 30.5102699], [114.4076756, 30.5101554], [114.4076675, 30.5101346], [114.4076742, 30.5101184], [114.4076876, 30.5101068], [114.4076996, 30.5100999], [114.4078997, 30.5100849], [114.4079143, 30.5100872], [114.4079277, 30.5100964], [114.4079398, 30.5101068], [114.4079424, 30.5101299], [114.4079208, 30.5102553]]]}, "properties": {"id": 14083, "block_id": 14083, "area_sqm": 437, "poi_count": 0, "dominant_category": null, "category_entropy": null, "street_block_id": 16293}}, {"type": "Feature", "geometry": {"type": "Polygon", "coordinates": [[[114.4080532, 30.5103013], [114.407644, 30.5103359], [114.4076353, 30.5102768], [114.4077268, 30.5102699], [114.4079208, 30.5102553], [114.4080447, 30.510246], [114.4080532, 30.5103013]]]}, "properties": {"id": 14098, "block_id": 14098, "area_sqm": 252, "poi_count": 0, "dominant_category": null, "category_entropy": null, "street_block_id": null}}, {"type": "Feature", "geometry": {"type": "Polygon", "coordinates": [[[114.4112327, 30.5108471], [114.4105853, 30.510904], [114.410635, 30.5107986], [114.4105566, 30.5101364], [114.4104642, 30.5100285], [114.4114123, 30.5099507], [114.411423, 30.5100655], [114.4114151, 30.510217], [114.4113892, 30.5102722], [114.411301, 30.510394], [114.4112566, 30.510485], [114.4112389, 30.5105736], [114.4112268, 30.5107169], [114.4112327, 30.5108471]]]}, "properties": {"id": 14169, "block_id": 14169, "area_sqm": 6890, "poi_count": 0, "dominant_category": null, "category_entropy": null, "street_block_id": 16298}}, {"type": "Feature", "geometry": {"type": "Polygon", "coordinates": [[[114.413122, 30.5110564], [114.4129365, 30.5110709], [114.4129295, 30.5110043], [114.4131151, 30.5109898], [114.4131188, 30.5110255], [114.413122, 30.5110564]]]}, "properties": {"id": 14193, "block_id": 14193, "area_sqm": 133, "poi_count": 0, "dominant_category": null, "category_entropy": null, "street_block_id": 16492}}, {"type": "Feature", "geometry": {"type": "Polygon", "coordinates": [[[114.4126104, 30.5110987], [114.4124354, 30.511112], [114.4124323, 30.5110817], [114.412429, 30.5110496], [114.412604, 30.5110362], [114.4126104, 30.5110987]]]}, "properties": {"id": 14198, "block_id": 14198, "area_sqm": 117, "poi_count": 0, "dominant_category": null, "category_entropy": null, "street_block_id": 16492}}, {"type": "Feature", "geometry": {"type": "Polygon", "coordinates": [[[114.4112574, 30.5113101], [114.411234, 30.511315], [114.4112048, 30.5113133], [114.4111812, 30.5113048], [114.4111617, 30.5112906], [114.4111479, 30.511272], [114.4111412, 30.5112508], [114.4111421, 30.5112288], [114.4111505, 30.511208], [114.4111658, 30.5111903], [114.4111865, 30.5111774], [114.4112107, 30.5111703], [114.4112362, 30.5111698], [114.4112628, 30.5111767], [114.4112854, 30.5111906], [114.4113016, 30.51121], [114.4113097, 30.5112329], [114.4113087, 30.5112568], [114.4112988, 30.5112792], [114.4112811, 30.5112976], [114.4112574, 30.5113101]]]}, "properties": {"id": 14221, "block_id": 14221, "area_sqm": 204, "poi_count": 0, "dominant_category": null, "category_entropy": null, "street_block_id": null}}, {"type": "Feature", "geometry": {"type": "Polygon", "coordinates": [[[114.4081832, 30.5114776], [114.4077742, 30.5115121], [114.407644, 30.5103359], [114.4080532, 30.5103013], [114.4081832, 30.5114776]]]}, "properties": {"id": 14249, "block_id": 14249, "area_sqm": 5169, "poi_count": 1, "dominant_category": "风景名胜", "category_entropy": 0.0, "street_block_id": 16294}}, {"type": "Feature", "geometry": {"type": "Polygon", "coordinates": [[[114.4093554, 30.511403], [114.4066521, 30.5116447], [114.4075938, 30.5104297], [114.407644, 30.5103359], [114.4077742, 30.5115121], [114.4081832, 30.5114776], [114.4080532, 30.5103013], [114.4092603, 30.5112617], [114.4093466, 30.5113697], [114.4093554, 30.511403]]]}, "properties": {"id": 14271, "block_id": 14271, "area_sqm": 15306, "poi_count": 0, "dominant_category": null, "category_entropy": null, "street_block_id": 16294}}, {"type": "Feature", "geometry": {"type": "Polygon", "coordinates": [[[114.4066521, 30.5116447], [114.4065064, 30.5116577], [114.4063544, 30.5102392], [114.4071364, 30.5101739], [114.4073223, 30.5101926], [114.4075938, 30.5104297], [114.4066521, 30.5116447]]]}, "properties": {"id": 14273, "block_id": 14273, "area_sqm": 11508, "poi_count": 0, "dominant_category": null, "category_entropy": null, "street_block_id": 16293}}, {"type": "Feature", "geometry": {"type": "Polygon", "coordinates": [[[114.4097009, 30.5119009], [114.4094252, 30.5119279], [114.4093554, 30.511403], [114.4096442, 30.5113812], [114.4096767, 30.5116733], [114.4097009, 30.5119009]]]}, "properties": {"id": 14319, "block_id": 14319, "area_sqm": 1587, "poi_count": 0, "dominant_category": null, "category_entropy": null, "street_block_id": 16298}}, {"type": "Feature", "geometry": {"type": "Polygon", "coordinates": [[[114.400795292, 30.511585536], [114.4007325, 30.511966], [114.4003415, 30.5119046], [114.4004108, 30.511529], [114.400795292, 30.511585536]]]}, "properties": {"id": 14326, "block_id": 14326, "area_sqm": 1601, "poi_count": 0, "dominant_category": null, "category_entropy": null, "street_block_id": 16296}}, {"type": "Feature", "geometry": {"type": "Polygon", "coordinates": [[[114.4097701, 30.5124139], [114.4094854, 30.512442], [114.4094252, 30.5119279], [114.4097009, 30.5119009], [114.4097337, 30.5121453], [114.4097701, 30.5124139]]]}, "properties": {"id": 14450, "block_id": 14450, "area_sqm": 1550, "poi_count": 0, "dominant_category": null, "category_entropy": null, "street_block_id": 16298}}, {"type": "Feature", "geometry": {"type": "Polygon", "coordinates": [[[114.4026598, 30.5126493], [114.402604, 30.5129317], [114.4024035, 30.5129064], [114.4021931, 30.5128741], [114.4022494, 30.5126014], [114.4026598, 30.5126493]]]}, "properties": {"id": 14560, "block_id": 14560, "area_sqm": 1250, "poi_count": 0, "dominant_category": null, "category_entropy": null, "street_block_id": 16303}}, {"type": "Feature", "geometry": {"type": "Polygon", "coordinates": [[[114.4067476, 30.5126868], [114.4065656, 30.5129345], [114.4063647, 30.5128287], [114.4063528, 30.5127247], [114.4067476, 30.5126868]]]}, "properties": {"id": 14561, "block_id": 14561, "area_sqm": 588, "poi_count": 0, "dominant_category": null, "category_entropy": null, "street_block_id": 16304}}, {"type": "Feature", "geometry": {"type": "Polygon", "coordinates": [[[114.4091944, 30.5128914], [114.4091711, 30.5129566], [114.4090922, 30.5128753], [114.4090068, 30.5128292], [114.4088874, 30.5128264], [114.4088488, 30.512497], [114.4093524, 30.5124537], [114.4093808, 30.5127412], [114.4093393, 30.5127989], [114.4091944, 30.5128914]]]}, "properties": {"id": 14564, "block_id": 14564, "area_sqm": 2011, "poi_count": 0, "dominant_category": null, "category_entropy": null, "street_block_id": 16298}}, {"type": "Feature", "geometry": {"type": "Polygon", "coordinates": [[[114.4083735, 30.5129665], [114.4082832, 30.513006], [114.40827, 30.5129071], [114.4082127, 30.5128838], [114.4081322, 30.5128436], [114.4080995, 30.5125659], [114.4088488, 30.512497], [114.4088874, 30.5128264], [114.4087243, 30.5128151], [114.4085848, 30.5128763], [114.4084809, 30.5129245], [114.4083735, 30.5129665]]]}, "properties": {"id": 14573, "block_id": 14573, "area_sqm": 2860, "poi_count": 0, "dominant_category": null, "category_entropy": null, "street_block_id": 16298}}, {"type": "Feature", "geometry": {"type": "Polygon", "coordinates": [[[114.4077469, 30.5129781], [114.4076378, 30.5130335], [114.4075237, 30.5130054], [114.4074414, 30.5130095], [114.4073265, 30.513021], [114.4072326, 30.5130316], [114.4071741, 30.512978], [114.4069992, 30.512901], [114.4069662, 30.512818], [114.4067876, 30.5128188], [114.406772, 30.5126845], [114.4074661, 30.5126225], [114.4080995, 30.5125659], [114.4081322, 30.5128436], [114.4080885, 30.5128386], [114.4080353, 30.5128508], [114.4079402, 30.5129556], [114.4078506, 30.5129652], [114.4077469, 30.5129781]]]}, "properties": {"id": 14585, "block_id": 14585, "area_sqm": 4605, "poi_count": 0, "dominant_category": null, "category_entropy": null, "street_block_id": 16298}}, {"type": "Feature", "geometry": {"type": "Polygon", "coordinates": [[[114.4092081, 30.5130222], [114.4091075, 30.5130485], [114.4091478, 30.5129932], [114.4091711, 30.5129566], [114.4091944, 30.5128914], [114.4093393, 30.5127989], [114.4093808, 30.5127412], [114.4094184, 30.5127735], [114.4094364, 30.5128001], [114.4094657, 30.51284], [114.4094538, 30.5128949], [114.4094861, 30.512963], [114.4093952, 30.5129814], [114.40932, 30.5130002], [114.4092081, 30.5130222]]]}, "properties": {"id": 14586, "block_id": 14586, "area_sqm": 575, "poi_count": 0, "dominant_category": null, "category_entropy": null, "street_block_id": 16298}}, {"type": "Feature", "geometry": {"type": "Polygon", "coordinates": [[[114.410134, 30.5129863], [114.4100872, 30.5130565], [114.4100677, 30.5130395], [114.409915, 30.5128947], [114.4100639, 30.5128301], [114.4101113, 30.512763], [114.4101607, 30.5127712], [114.4101816, 30.512817], [114.4101531, 30.5128579], [114.4101531, 30.5129037], [114.410193, 30.5129266], [114.410134, 30.5129863]]]}, "properties": {"id": 14587, "block_id": 14587, "area_sqm": 415, "poi_count": 0, "dominant_category": null, "category_entropy": null, "street_block_id": 16302}}, {"type": "Feature", "geometry": {"type": "Polygon", "coordinates": [[[114.4054561, 30.5130013], [114.4053543, 30.5130765], [114.4051699, 30.5129662], [114.4050639, 30.5128481], [114.4063528, 30.5127247], [114.4063647, 30.5128287], [114.4062847, 30.5129005], [114.4062111, 30.5129803], [114.4061232, 30.5130722], [114.4060177, 30.51304], [114.4058538, 30.5130212], [114.4057227, 30.5130226], [114.4055199, 30.5129856], [114.4054561, 30.5130013]]]}, "properties": {"id": 14591, "block_id": 14591, "area_sqm": 2951, "poi_count": 0, "dominant_category": null, "category_entropy": null, "street_block_id": 16304}}, {"type": "Feature", "geometry": {"type": "Polygon", "coordinates": [[[114.4125884, 30.513067], [114.4122942, 30.5130973], [114.4122822, 30.5130347], [114.4122908, 30.5129857], [114.4123503, 30.5129503], [114.4125729, 30.5129158], [114.4125884, 30.513067]]]}, "properties": {"id": 14599, "block_id": 14599, "area_sqm": 445, "poi_count": 0, "dominant_category": null, "category_entropy": null, "street_block_id": 16492}}, {"type": "Feature", "geometry": {"type": "Polygon", "coordinates": [[[114.4104191, 30.5131693], [114.4102773, 30.5131825], [114.4101915, 30.5131629], [114.4101365, 30.5131132], [114.4101123, 30.5130589], [114.4101298, 30.5130161], [114.4102022, 30.5129422], [114.4102492, 30.5128876], [114.4107042, 30.5126401], [114.4109922, 30.5125105], [114.4110736, 30.5124995], [114.4112155, 30.5125046], [114.4113665, 30.5124923], [114.4114276, 30.5129983], [114.4114368, 30.5130749], [114.4112952, 30.5130877], [114.4104191, 30.5131693]]]}, "properties": {"id": 14616, "block_id": 14616, "area_sqm": 6492, "poi_count": 0, "dominant_category": null, "category_entropy": null, "street_block_id": 16302}}, {"type": "Feature", "geometry": {"type": "Polygon", "coordinates": [[[114.4202495, 30.5131884], [114.420067, 30.5132016], [114.4198662, 30.5126425], [114.4202436, 30.5126388], [114.4202495, 30.5131884]]]}, "properties": {"id": 14625, "block_id": 14625, "area_sqm": 1661, "poi_count": 0, "dominant_category": null, "category_entropy": null, "street_block_id": 16500}}, {"type": "Feature", "geometry": {"type": "Polygon", "coordinates": [[[114.4084254, 30.5132067], [114.4083545, 30.5132171], [114.4083268, 30.5131124], [114.4082832, 30.513006], [114.4083735, 30.5129665], [114.408384, 30.5129726], [114.4084299, 30.5130341], [114.4084552, 30.5131004], [114.4084576, 30.5131505], [114.4084254, 30.5132067]]]}, "properties": {"id": 14629, "block_id": 14629, "area_sqm": 291, "poi_count": 0, "dominant_category": null, "category_entropy": null, "street_block_id": 16298}}, {"type": "Feature", "geometry": {"type": "Polygon", "coordinates": [[[114.40636, 30.5132069], [114.4063064, 30.5132298], [114.4061229, 30.5132243], [114.4060404, 30.5131974], [114.4061232, 30.5130722], [114.4062111, 30.5129803], [114.4062847, 30.5129005], [114.4063647, 30.5128287], [114.4065656, 30.5129345], [114.4065969, 30.5130285], [114.4065729, 30.5131644], [114.4064852, 30.5131824], [114.4063767, 30.5131898], [114.40636, 30.5132069]]]}, "properties": {"id": 14631, "block_id": 14631, "area_sqm": 1467, "poi_count": 0, "dominant_category": null, "category_entropy": null, "street_block_id": 16304}}, {"type": "Feature", "geometry": {"type": "Polygon", "coordinates": [[[114.4060404, 30.5131974], [114.4060006, 30.5132576], [114.4059444, 30.5132278], [114.4058678, 30.5131878], [114.4058294, 30.5131871], [114.4057758, 30.5131695], [114.4058538, 30.5130212], [114.4060177, 30.51304], [114.4061232, 30.5130722], [114.4060404, 30.5131974]]]}, "properties": {"id": 14636, "block_id": 14636, "area_sqm": 512, "poi_count": 0, "dominant_category": null, "category_entropy": null, "street_block_id": 16304}}, {"type": "Feature", "geometry": {"type": "Polygon", "coordinates": [[[114.409204, 30.5131489], [114.4089969, 30.5132591], [114.4091075, 30.5130485], [114.4092081, 30.5130222], [114.40932, 30.5130002], [114.4093952, 30.5129814], [114.4094861, 30.512963], [114.4095223, 30.51303], [114.4095738, 30.5130746], [114.4094114, 30.5130956], [114.4093311, 30.5131432], [114.409204, 30.5131489]]]}, "properties": {"id": 14637, "block_id": 14637, "area_sqm": 671, "poi_count": 0, "dominant_category": null, "category_entropy": null, "street_block_id": 16298}}, {"type": "Feature", "geometry": {"type": "Polygon", "coordinates": [[[114.4105497, 30.5132676], [114.4104344, 30.5132779], [114.4104191, 30.5131693], [114.4112952, 30.5130877], [114.4114368, 30.5130749], [114.4114504, 30.513187], [114.4105497, 30.5132676]]]}, "properties": {"id": 14640, "block_id": 14640, "area_sqm": 1210, "poi_count": 0, "dominant_category": null, "category_entropy": null, "street_block_id": null}}, {"type": "Feature", "geometry": {"type": "Polygon", "coordinates": [[[114.4089969, 30.5132591], [114.4089407, 30.5132789], [114.4088874, 30.5128264], [114.4090068, 30.5128292], [114.4090922, 30.5128753], [114.4091711, 30.5129566], [114.4091478, 30.5129932], [114.4091075, 30.5130485], [114.4089969, 30.5132591]]]}, "properties": {"id": 14642, "block_id": 14642, "area_sqm": 798, "poi_count": 0, "dominant_category": null, "category_entropy": null, "street_block_id": 16298}}, {"type": "Feature", "geometry": {"type": "Polygon", "coordinates": [[[114.4085785, 30.5132664], [114.4083988, 30.5132953], [114.4083545, 30.5132171], [114.4084254, 30.5132067], [114.4084576, 30.5131505], [114.4084552, 30.5131004], [114.4084299, 30.5130341], [114.408384, 30.5129726], [114.4083735, 30.5129665], [114.4084809, 30.5129245], [114.4085848, 30.5128763], [114.4087243, 30.5128151], [114.4088874, 30.5128264], [114.4089407, 30.5132789], [114.4087419, 30.513249], [114.4085785, 30.5132664]]]}, "properties": {"id": 14649, "block_id": 14649, "area_sqm": 2145, "poi_count": 0, "dominant_category": null, "category_entropy": null, "street_block_id": 16298}}, {"type": "Feature", "geometry": {"type": "Polygon", "coordinates": [[[114.4098202, 30.5128048], [114.4098872, 30.5133268], [114.4097503, 30.5132275], [114.4095738, 30.5130746], [114.4095223, 30.51303], [114.4094861, 30.512963], [114.4094538, 30.5128949], [114.4094657, 30.51284], [114.4094364, 30.5128001], [114.4094184, 30.5127735], [114.4093808, 30.5127412], [114.4093524, 30.5124537], [114.4094854, 30.512442], [114.4097701, 30.5124139], [114.4098202, 30.5128048]]]}, "properties": {"id": 14653, "block_id": 14653, "area_sqm": 3067, "poi_count": 0, "dominant_category": null, "category_entropy": null, "street_block_id": 16298}}, {"type": "Feature", "geometry": {"type": "Polygon", "coordinates": [[[114.4102603, 30.5132935], [114.4098872, 30.5133268], [114.4098202, 30.5128048], [114.409915, 30.5128947], [114.4100677, 30.5130395], [114.4100872, 30.5130565], [114.4101075, 30.5131066], [114.4101474, 30.51315], [114.4101854, 30.5131884], [114.4102603, 30.5132935]]]}, "properties": {"id": 14654, "block_id": 14654, "area_sqm": 1141, "poi_count": 0, "dominant_category": null, "category_entropy": null, "street_block_id": null}}, {"type": "Feature", "geometry": {"type": "Polygon", "coordinates": [[[114.4044705, 30.5132222], [114.4044495, 30.5133537], [114.4042939, 30.5133297], [114.4043198, 30.5132018], [114.4044705, 30.5132222]]]}, "properties": {"id": 14659, "block_id": 14659, "area_sqm": 217, "poi_count": 0, "dominant_category": null, "category_entropy": null, "street_block_id": 16305}}, {"type": "Feature", "geometry": {"type": "Polygon", "coordinates": [[[114.4083988, 30.5132953], [114.4081923, 30.5133551], [114.4081322, 30.5128436], [114.4082127, 30.5128838], [114.40827, 30.5129071], [114.4082832, 30.513006], [114.4083268, 30.5131124], [114.4083545, 30.5132171], [114.4083988, 30.5132953]]]}, "properties": {"id": 14661, "block_id": 14661, "area_sqm": 768, "poi_count": 0, "dominant_category": null, "category_entropy": null, "street_block_id": 16298}}, {"type": "Feature", "geometry": {"type": "Polygon", "coordinates": [[[114.4075667, 30.5133734], [114.4074099, 30.5133872], [114.4074642, 30.513355], [114.4074658, 30.5132025], [114.4074417, 30.5130872], [114.4073662, 30.5130283], [114.4073265, 30.513021], [114.4074414, 30.5130095], [114.4075237, 30.5130054], [114.4076378, 30.5130335], [114.4076932, 30.513341], [114.4075667, 30.5133734]]]}, "properties": {"id": 14664, "block_id": 14664, "area_sqm": 831, "poi_count": 0, "dominant_category": null, "category_entropy": null, "street_block_id": 16298}}, {"type": "Feature", "geometry": {"type": "Polygon", "coordinates": [[[114.4098872, 30.5133268], [114.4089561, 30.51341], [114.4089407, 30.5132789], [114.4089969, 30.5132591], [114.409204, 30.5131489], [114.4093311, 30.5131432], [114.4094114, 30.5130956], [114.4095738, 30.5130746], [114.4097503, 30.5132275], [114.4098872, 30.5133268]]]}, "properties": {"id": 14669, "block_id": 14669, "area_sqm": 1962, "poi_count": 0, "dominant_category": null, "category_entropy": null, "street_block_id": 16298}}, {"type": "Feature", "geometry": {"type": "Polygon", "coordinates": [[[114.4049405, 30.513285], [114.4049586, 30.5134355], [114.4044495, 30.5133537], [114.4044705, 30.5132222], [114.4049405, 30.513285]]]}, "properties": {"id": 14672, "block_id": 14672, "area_sqm": 736, "poi_count": 0, "dominant_category": null, "category_entropy": null, "street_block_id": 16305}}, {"type": "Feature", "geometry": {"type": "Polygon", "coordinates": [[[114.4060006, 30.5132576], [114.4057396, 30.5134432], [114.4057144, 30.5133595], [114.4056565, 30.5133315], [114.4057758, 30.5131695], [114.4058294, 30.5131871], [114.4058678, 30.5131878], [114.4059444, 30.5132278], [114.4060006, 30.5132576]]]}, "properties": {"id": 14675, "block_id": 14675, "area_sqm": 483, "poi_count": 0, "dominant_category": null, "category_entropy": null, "street_block_id": 16304}}, {"type": "Feature", "geometry": {"type": "Polygon", "coordinates": [[[114.4089561, 30.51341], [114.4082066, 30.513477], [114.4081923, 30.5133551], [114.4083988, 30.5132953], [114.4085785, 30.5132664], [114.4087419, 30.513249], [114.4089407, 30.5132789], [114.4089561, 30.51341]]]}, "properties": {"id": 14683, "block_id": 14683, "area_sqm": 1286, "poi_count": 0, "dominant_category": null, "category_entropy": null, "street_block_id": 16298}}, {"type": "Feature", "geometry": {"type": "Polygon", "coordinates": [[[114.4060191, 30.5135128], [114.4059921, 30.5135263], [114.4060145, 30.513453], [114.4060457, 30.5133792], [114.4060336, 30.5133025], [114.4060006, 30.5132576], [114.4060404, 30.5131974], [114.4061229, 30.5132243], [114.4063064, 30.5132298], [114.40636, 30.5132069], [114.4063767, 30.5131898], [114.4064852, 30.5131824], [114.4065729, 30.5131644], [114.4065654, 30.5132065], [114.4065906, 30.5132881], [114.4065584, 30.5133471], [114.4065674, 30.5134573], [114.4064126, 30.5134499], [114.4063689, 30.5134638], [114.4061387, 30.5134333], [114.4060191, 30.5135128]]]}, "properties": {"id": 14699, "block_id": 14699, "area_sqm": 1455, "poi_count": 0, "dominant_category": null, "category_entropy": null, "street_block_id": 16304}}, {"type": "Feature", "geometry": {"type": "Polygon", "coordinates": [[[114.4202495, 30.5131884], [114.4202468, 30.5135766], [114.420067, 30.5132016], [114.4202495, 30.5131884]]]}, "properties": {"id": 14712, "block_id": 14712, "area_sqm": 377, "poi_count": 0, "dominant_category": null, "category_entropy": null, "street_block_id": 16500}}, {"type": "Feature", "geometry": {"type": "Polygon", "coordinates": [[[114.4071185, 30.5135742], [114.4068772, 30.5135958], [114.4067876, 30.5128188], [114.4069662, 30.512818], [114.4069992, 30.512901], [114.4071741, 30.512978], [114.4072326, 30.5130316], [114.4073265, 30.513021], [114.4073662, 30.5130283], [114.4074417, 30.5130872], [114.4074658, 30.5132025], [114.4074642, 30.513355], [114.4074099, 30.5133872], [114.4072723, 30.513384], [114.4071608, 30.5134242], [114.4071185, 30.5135742]]]}, "properties": {"id": 14715, "block_id": 14715, "area_sqm": 3572, "poi_count": 0, "dominant_category": null, "category_entropy": null, "street_block_id": 16298}}, {"type": "Feature", "geometry": {"type": "Polygon", "coordinates": [[[114.4068772, 30.5135958], [114.4068395, 30.5135992], [114.4065674, 30.5134573], [114.4065584, 30.5133471], [114.4065906, 30.5132881], [114.4065654, 30.5132065], [114.4065729, 30.5131644], [114.4065969, 30.5130285], [114.4065656, 30.5129345], [114.4067476, 30.5126868], [114.406772, 30.5126845], [114.4067876, 30.5128188], [114.4068772, 30.5135958]]]}, "properties": {"id": 14716, "block_id": 14716, "area_sqm": 2012, "poi_count": 0, "dominant_category": null, "category_entropy": null, "street_block_id": 16304}}, {"type": "Feature", "geometry": {"type": "Polygon", "coordinates": [[[114.4059549, 30.5135448], [114.4059097, 30.5135995], [114.4058393, 30.5135583], [114.4057845, 30.5134914], [114.4057396, 30.5134432], [114.4060006, 30.5132576], [114.4060336, 30.5133025], [114.4060457, 30.5133792], [114.4060145, 30.513453], [114.4059921, 30.5135263], [114.4059549, 30.5135448]]]}, "properties": {"id": 14717, "block_id": 14717, "area_sqm": 590, "poi_count": 0, "dominant_category": null, "category_entropy": null, "street_block_id": 16304}}, {"type": "Feature", "geometry": {"type": "Polygon", "coordinates": [[[114.4105158, 30.5136116], [114.4102896, 30.5136222], [114.4105594, 30.5133449], [114.4105921, 30.513606], [114.4105158, 30.5136116]]]}, "properties": {"id": 14721, "block_id": 14721, "area_sqm": 425, "poi_count": 0, "dominant_category": null, "category_entropy": null, "street_block_id": 16307}}, {"type": "Feature", "geometry": {"type": "Polygon", "coordinates": [[[114.4059667, 30.5136772], [114.4058791, 30.513685], [114.4058894, 30.5136562], [114.4059097, 30.5135995], [114.4059549, 30.5135448], [114.4059921, 30.5135263], [114.4060191, 30.5135128], [114.4061387, 30.5134333], [114.4063689, 30.5134638], [114.4064126, 30.5134499], [114.4065674, 30.5134573], [114.4068395, 30.5135992], [114.4059667, 30.5136772]]]}, "properties": {"id": 14738, "block_id": 14738, "area_sqm": 1527, "poi_count": 0, "dominant_category": null, "category_entropy": null, "street_block_id": 16304}}, {"type": "Feature", "geometry": {"type": "Polygon", "coordinates": [[[114.4058894, 30.5136562], [114.4052584, 30.5137068], [114.4053436, 30.5136659], [114.4054546, 30.5135937], [114.4056077, 30.5135217], [114.4057396, 30.5134432], [114.4057845, 30.5134914], [114.4058393, 30.5135583], [114.4059097, 30.5135995], [114.4058894, 30.5136562]]]}, "properties": {"id": 14747, "block_id": 14747, "area_sqm": 797, "poi_count": 0, "dominant_category": null, "category_entropy": null, "street_block_id": 16304}}, {"type": "Feature", "geometry": {"type": "Polygon", "coordinates": [[[114.4101847, 30.5136887], [114.4101452, 30.5137181], [114.410024, 30.5134387], [114.4098956, 30.5133992], [114.4098872, 30.5133268], [114.4102603, 30.5132935], [114.4104344, 30.5132779], [114.4105497, 30.5132676], [114.4105594, 30.5133449], [114.4102896, 30.5136222], [114.4102331, 30.5136716], [114.4101847, 30.5136887]]]}, "properties": {"id": 14749, "block_id": 14749, "area_sqm": 1647, "poi_count": 0, "dominant_category": null, "category_entropy": null, "street_block_id": 16307}}, {"type": "Feature", "geometry": {"type": "Polygon", "coordinates": [[[114.4049586, 30.5134355], [114.4049983, 30.5137638], [114.4045722, 30.5137012], [114.4042291, 30.5136497], [114.4042939, 30.5133297], [114.4044495, 30.5133537], [114.4049586, 30.5134355]]]}, "properties": {"id": 14756, "block_id": 14756, "area_sqm": 2493, "poi_count": 0, "dominant_category": null, "category_entropy": null, "street_block_id": 16305}}, {"type": "Feature", "geometry": {"type": "Polygon", "coordinates": [[[114.405152, 30.5137501], [114.4049983, 30.5137638], [114.4049586, 30.5134355], [114.4049405, 30.513285], [114.4048897, 30.5128648], [114.4050639, 30.5128481], [114.4051699, 30.5129662], [114.4053543, 30.5130765], [114.4053968, 30.5131019], [114.4054174, 30.5131447], [114.4055621, 30.5132931], [114.4056565, 30.5133315], [114.4057144, 30.5133595], [114.4057396, 30.5134432], [114.4056077, 30.5135217], [114.4054546, 30.5135937], [114.4053436, 30.5136659], [114.4052584, 30.5137068], [114.4058894, 30.5136562], [114.4058791, 30.513685], [114.405152, 30.5137501]]]}, "properties": {"id": 14757, "block_id": 14757, "area_sqm": 4893, "poi_count": 0, "dominant_category": null, "category_entropy": null, "street_block_id": 16304}}, {"type": "Feature", "geometry": {"type": "Polygon", "coordinates": [[[114.4101079, 30.5138008], [114.4099433, 30.5138127], [114.4098956, 30.5133992], [114.410024, 30.5134387], [114.4101452, 30.5137181], [114.4101187, 30.5137568], [114.4101079, 30.5138008]]]}, "properties": {"id": 14766, "block_id": 14766, "area_sqm": 700, "poi_count": 0, "dominant_category": null, "category_entropy": null, "street_block_id": null}}, {"type": "Feature", "geometry": {"type": "Polygon", "coordinates": [[[114.398744, 30.5135328], [114.398748, 30.5138172], [114.3986072, 30.5138142], [114.3985746, 30.5137404], [114.3985279, 30.513697], [114.3984674, 30.513669], [114.3984135, 30.5136597], [114.3984144, 30.5134963], [114.398744, 30.5135328]]]}, "properties": {"id": 14768, "block_id": 14768, "area_sqm": 831, "poi_count": 0, "dominant_category": null, "category_entropy": null, "street_block_id": 16309}}, {"type": "Feature", "geometry": {"type": "Polygon", "coordinates": [[[114.4252755, 30.5164695], [114.4252221, 30.5164745], [114.4251546, 30.5163237], [114.4250318, 30.5161972], [114.4245747, 30.5158792], [114.4244181, 30.5155502], [114.424419, 30.515152], [114.4246144, 30.5145068], [114.4248565, 30.5140909], [114.4251219, 30.5137099], [114.4251823, 30.5135613], [114.425199, 30.5134923], [114.4252435, 30.5134939], [114.4256464, 30.513508], [114.4256744, 30.5135089], [114.425664, 30.5135689], [114.4254315, 30.5139316], [114.4249984, 30.5145569], [114.4249696, 30.5146176], [114.4247951, 30.5152892], [114.4248015, 30.5154104], [114.4248359, 30.5155305], [114.4249012, 30.5156344], [114.424967, 30.515703], [114.4250841, 30.515782], [114.4253747, 30.5159676], [114.4254884, 30.5160577], [114.4255728, 30.5161383], [114.4256522, 30.5162422], [114.425723, 30.5164177], [114.4252755, 30.5164695]]]}, "properties": {"id": 15243, "block_id": 15243, "area_sqm": 14722, "poi_count": 0, "dominant_category": null, "category_entropy": null, "street_block_id": 16500}}, {"type": "Feature", "geometry": {"type": "Polygon", "coordinates": [[[114.420621612, 30.516967786], [114.420573838, 30.516972187], [114.4198134, 30.5150339], [114.4189355, 30.512774], [114.4188103, 30.5124444], [114.4187419, 30.5121095], [114.4186425, 30.5118398], [114.4183941, 30.5101463], [114.418310907, 30.509687514], [114.4182567, 30.5092536], [114.4182435, 30.5091479], [114.4182201, 30.5089611], [114.418377605, 30.508947602], [114.4183871, 30.5089947], [114.4184304, 30.5094782], [114.4184996, 30.5101392], [114.4187439, 30.5118245], [114.4187882, 30.5121033], [114.4188558, 30.5124346], [114.41898, 30.5127613], [114.4198578, 30.515021], [114.420621612, 30.516967786]]]}, "properties": {"id": 15334, "block_id": 15334, "area_sqm": 6447, "poi_count": 0, "dominant_category": null, "category_entropy": null, "street_block_id": null}}, {"type": "Feature", "geometry": {"type": "Polygon", "coordinates": [[[114.420573838, 30.516972187], [114.420517954, 30.516977334], [114.4205042, 30.5169426], [114.4197603, 30.5150383], [114.4188825, 30.5127785], [114.4187576, 30.51245], [114.4186895, 30.5121164], [114.4185808, 30.5118479], [114.4183619, 30.5100957], [114.418310907, 30.509687514], [114.4183941, 30.5101463], [114.4186425, 30.5118398], [114.4187419, 30.5121095], [114.4188103, 30.5124444], [114.4189355, 30.512774], [114.4198134, 30.5150339], [114.420573838, 30.516972187]]]}, "properties": {"id": 15337, "block_id": 15337, "area_sqm": 3901, "poi_count": 0, "dominant_category": null, "category_entropy": null, "street_block_id": null}}, {"type": "Feature", "geometry": {"type": "Polygon", "coordinates": [[[114.421059, 30.4876763], [114.4208552, 30.4876901], [114.4206584, 30.4876833], [114.4205891, 30.48764], [114.4205614, 30.4876151], [114.420512002, 30.48757079], [114.4204893, 30.4873861], [114.4204176, 30.4868019], [114.4203584, 30.4868044], [114.4202706, 30.4860876], [114.4200723, 30.4855821], [114.4200434, 30.4853509], [114.4199336, 30.485147], [114.4193309, 30.4802057], [114.4197033, 30.4802269], [114.4202596, 30.4801738], [114.4205597, 30.4801349], [114.4213298, 30.480065], [114.4217119, 30.480039], [114.4219362, 30.480034], [114.4222193, 30.4800194], [114.4224195, 30.4800095], [114.422619, 30.4799896], [114.4228005, 30.4799523], [114.4230866, 30.4798779], [114.4235567, 30.4797364], [114.4238236, 30.4796896], [114.424235, 30.4796422], [114.4244027, 30.479664], [114.4244908, 30.4796954], [114.4245413, 30.4797388], [114.4245927, 30.4798205], [114.4246182, 30.4798857], [114.4249369, 30.4818251], [114.4249558, 30.4819322], [114.4252598, 30.4836822], [114.425281, 30.4838318], [114.4253166, 30.4842373], [114.4253373, 30.4843571], [114.4253446, 30.4843993], [114.4253708, 30.4845506], [114.4254182, 30.4847682], [114.4255237, 30.4850578], [114.4258529, 30.4868321], [114.4258674, 30.4868688], [114.4258098, 30.4868821], [114.425900075, 30.487143637], [114.423712217, 30.487427305], [114.4237627, 30.4873596], [114.423811, 30.4872787], [114.4238432, 30.4872047], [114.42387, 30.4871077], [114.4238834, 30.4869875], [114.4238968, 30.4866916], [114.4238217, 30.4866939], [114.4238137, 30.4868557], [114.4238044, 30.4869295], [114.4237842, 30.4869852], [114.4237466, 30.4870522], [114.4236983, 30.4871192], [114.4236179, 30.4871978], [114.4235267, 30.4872579], [114.4234087, 30.4873157], [114.4233067, 30.4873573], [114.4231552, 30.487392], [114.4230546, 30.4874081], [114.421059, 30.4876763]]]}, "properties": {"id": 10772, "block_id": 10772, "area_sqm": 431235, "poi_count": 26, "dominant_category": "公司企业", "category_entropy": 2.172, "street_block_id": 16367}}, {"type": "Feature", "geometry": {"type": "Polygon", "coordinates": [[[114.4186815, 30.4880857], [114.4176685, 30.4883335], [114.4175826, 30.4881887], [114.4175558, 30.4881725], [114.4175021, 30.4881471], [114.417427, 30.4881494], [114.4172661, 30.4881772], [114.4171105, 30.4882165], [114.417014, 30.4882419], [114.4169228, 30.4882511], [114.4168654, 30.48824], [114.416845, 30.4882049], [114.4167752, 30.4881286], [114.4166545, 30.4880662], [114.4165097, 30.4880385], [114.416389, 30.48805], [114.4162538, 30.4880833], [114.416179107, 30.48811815], [114.4161339, 30.4870756], [114.4161062, 30.4865153], [114.4160237, 30.48621], [114.4160202, 30.4861283], [114.4160052, 30.4857797], [114.4159759, 30.4855407], [114.4181869, 30.4853213], [114.4199336, 30.485147], [114.4199144, 30.4853181], [114.4199418, 30.4855616], [114.4199463, 30.4855983], [114.4199273, 30.4859656], [114.4199166, 30.4861516], [114.4199921, 30.4867676], [114.4198866, 30.4867788], [114.420008666, 30.487772045], [114.419964, 30.4878248], [114.4198454, 30.4878887], [114.419671, 30.4879462], [114.4192484, 30.4880243], [114.4190169, 30.4880279], [114.4186815, 30.4880857]]]}, "properties": {"id": 10880, "block_id": 10880, "area_sqm": 113570, "poi_count": 126, "dominant_category": "公司企业", "category_entropy": 2.22, "street_block_id": 16380}}, {"type": "Feature", "geometry": {"type": "Polygon", "coordinates": [[[114.4229991, 30.4882545], [114.421847, 30.4883987], [114.4217871, 30.4883572], [114.4212552, 30.4880147], [114.4210994, 30.4879541], [114.4213697, 30.4879216], [114.4216712, 30.4878806], [114.4218749, 30.4878385], [114.4228026, 30.4877208], [114.4231134, 30.4876748], [114.423186, 30.4876647], [114.423304, 30.4876439], [114.423426, 30.4876168], [114.4235267, 30.4875769], [114.423605219, 30.487525145], [114.42366546, 30.487517192], [114.4236409, 30.487577], [114.4233936, 30.4878168], [114.4229991, 30.4882545]]]}, "properties": {"id": 10884, "block_id": 10884, "area_sqm": 10766, "poi_count": 2, "dominant_category": "汽车服务", "category_entropy": 0.693, "street_block_id": 16390}}, {"type": "Feature", "geometry": {"type": "Polygon", "coordinates": [[[114.4153547, 30.4886886], [114.4151463, 30.4887333], [114.4150098, 30.4887234], [114.4148766, 30.488688], [114.41474, 30.4886154], [114.4146445, 30.4885125], [114.4145822, 30.4884292], [114.4145605, 30.4883481], [114.4145505, 30.4882546], [114.414558, 30.4881452], [114.4145849, 30.488052], [114.4146534, 30.4879376], [114.4147777, 30.487841], [114.4149291, 30.4877602], [114.4150831, 30.4877248], [114.4152539, 30.4877199], [114.4154152, 30.4877475], [114.4155462, 30.4877944], [114.4156362, 30.4878501], [114.4157238, 30.4879332], [114.4157844, 30.4880272], [114.415789664, 30.488037036], [114.4157833, 30.4881131], [114.415763, 30.4881996], [114.4157293, 30.4882925], [114.4156893, 30.4883851], [114.4156435, 30.4884502], [114.4155818, 30.4885251], [114.4155269, 30.488574], [114.4154455, 30.4886303], [114.4153547, 30.4886886]]]}, "properties": {"id": 10920, "block_id": 10920, "area_sqm": 10279, "poi_count": 1, "dominant_category": "体育休闲服务", "category_entropy": 0.0, "street_block_id": 16383}}, {"type": "Feature", "geometry": {"type": "Polygon", "coordinates": [[[114.4223409, 30.4892229], [114.4220715, 30.4895621], [114.4214222, 30.4894062], [114.4217064, 30.4892112], [114.4222647, 30.4891484], [114.4222753, 30.4892037], [114.4222838, 30.489219], [114.4223409, 30.4892229]]]}, "properties": {"id": 11059, "block_id": 11059, "area_sqm": 2296, "poi_count": 1, "dominant_category": "风景名胜", "category_entropy": 0.0, "street_block_id": 16390}}, {"type": "Feature", "geometry": {"type": "Polygon", "coordinates": [[[114.4055127, 30.4897574], [114.4054877, 30.4897582], [114.4053634, 30.4887929], [114.4052534, 30.4879331], [114.4051488, 30.4870895], [114.4050442, 30.4862481], [114.404945, 30.4854437], [114.4048469, 30.4847946], [114.404907, 30.484789], [114.4049543, 30.4847846], [114.4092865, 30.4843807], [114.4092774, 30.4843033], [114.4089123, 30.4812028], [114.4111412, 30.4809943], [114.4127222, 30.4808483], [114.4149024, 30.4806441], [114.4151181, 30.4806222], [114.4151345, 30.4807404], [114.4151573, 30.4809185], [114.4152272, 30.4815481], [114.4154025, 30.4831294], [114.4156444, 30.485305], [114.4156701, 30.4855719], [114.4157223, 30.4858359], [114.41576039, 30.486208096], [114.4157639, 30.4866134], [114.4157459, 30.4869336], [114.4156936, 30.4871151], [114.4155797, 30.4872942], [114.4154831, 30.4873936], [114.4153383, 30.487493], [114.4151719, 30.4875692], [114.4149869, 30.4876432], [114.414825, 30.4876902], [114.4146972, 30.4877519], [114.4145711, 30.4878489], [114.4144992, 30.4879657], [114.4144612, 30.4880754], [114.4144527, 30.4882004], [114.4144558, 30.4883066], [114.4144752, 30.4884411], [114.4145363, 30.4885655], [114.4146288, 30.4886544], [114.4147401, 30.4887249], [114.4148705, 30.4887776], [114.415099, 30.488836], [114.415153997, 30.488842711], [114.4116684, 30.4891828], [114.4091697, 30.4894297], [114.4055409, 30.4897547], [114.4055127, 30.4897574]], [[114.4129132, 30.4863784], [114.4130682, 30.4864214], [114.4132311, 30.4864202], [114.4133853, 30.486375], [114.4135152, 30.4862902], [114.4136076, 30.4861746], [114.4136532, 30.4860399], [114.4136473, 30.4858996], [114.4135838, 30.4857581], [114.4134684, 30.4856435], [114.4133147, 30.4855694], [114.4131411, 30.4855446], [114.4129679, 30.4855719], [114.4128157, 30.4856483], [114.4127026, 30.4857645], [114.4126419, 30.4859069], [114.4126388, 30.4860473], [114.412687, 30.4861814], [114.4127816, 30.4862956], [114.4129132, 30.4863784]]]}, "properties": {"id": 11081, "block_id": 11081, "area_sqm": 750531, "poi_count": 929, "dominant_category": "公司企业", "category_entropy": 2.278, "street_block_id": 16167}}, {"type": "Feature", "geometry": {"type": "Polygon", "coordinates": [[[114.4192882, 30.4914667], [114.416311748, 30.491484992], [114.4162717, 30.4894391], [114.4162636, 30.4892588], [114.4162851, 30.4891201], [114.4163023, 30.4890713], [114.4163226, 30.4890138], [114.4163897, 30.4889237], [114.416465398, 30.488868027], [114.4165456, 30.4888546], [114.4166628, 30.488835], [114.4171588, 30.4887235], [114.4177812, 30.4885827], [114.4189027, 30.4883199], [114.4194976, 30.4881193], [114.4195668, 30.4881072], [114.4196529, 30.4880952], [114.4198418, 30.4881171], [114.4199241, 30.4881412], [114.4200058, 30.4881812], [114.4200529, 30.4882167], [114.420064704, 30.488228022], [114.4200995, 30.4882614], [114.420133, 30.4883076], [114.420166, 30.4883671], [114.4202738, 30.4891984], [114.420301, 30.4893591], [114.4203301, 30.4895282], [114.4203609, 30.4896867], [114.4204463, 30.4900233], [114.4205588, 30.4903825], [114.4206847, 30.490586], [114.4207579, 30.4907896], [114.4208997, 30.4910879], [114.4206792, 30.4911795], [114.4202861, 30.4912753], [114.4200553, 30.49133], [114.4198738, 30.49136], [114.4196639, 30.4914091], [114.4192882, 30.4914667]]]}, "properties": {"id": 11417, "block_id": 11417, "area_sqm": 131399, "poi_count": 234, "dominant_category": "公司企业", "category_entropy": 2.231, "street_block_id": 16391}}, {"type": "Feature", "geometry": {"type": "Polygon", "coordinates": [[[114.405761, 30.4917825], [114.4057404, 30.4917858], [114.4057067, 30.4915087], [114.4056075, 30.4907367], [114.4055109, 30.4899384], [114.4055348, 30.4899348], [114.4055618, 30.4899322], [114.4114958, 30.489322], [114.4117483, 30.4893328], [114.4120333, 30.4893226], [114.4122047, 30.4914881], [114.405787, 30.49178], [114.405761, 30.4917825]]]}, "properties": {"id": 11532, "block_id": 11532, "area_sqm": 141319, "poi_count": 134, "dominant_category": "地名地址信息", "category_entropy": 2.072, "street_block_id": 16200}}, {"type": "Feature", "geometry": {"type": "Polygon", "coordinates": [[[114.426542291, 30.491486587], [114.424838823, 30.491984257], [114.4247327, 30.4917725], [114.4245529, 30.4913833], [114.4244583, 30.4911481], [114.4239922, 30.4901587], [114.4238778, 30.4899886], [114.4237984, 30.4899585], [114.4237803, 30.4898328], [114.4237242, 30.4896593], [114.4236557, 30.4895135], [114.423617, 30.489453], [114.4235709, 30.4894144], [114.4235152, 30.4893917], [114.4234498, 30.4893856], [114.4225428, 30.4895006], [114.4224902, 30.4895181], [114.4224445, 30.4895491], [114.422235, 30.4898558], [114.4222214, 30.4898977], [114.4222153, 30.4899413], [114.4222156, 30.4899837], [114.4222537, 30.4901705], [114.4223028, 30.4903448], [114.4223103, 30.4904019], [114.4223117, 30.490455], [114.4222621, 30.4904741], [114.422072, 30.4905424], [114.422027, 30.4905568], [114.4219904, 30.4905686], [114.42169, 30.4906779], [114.421563, 30.4904411], [114.421476, 30.490312], [114.4220715, 30.4895621], [114.4223409, 30.4892229], [114.4224102, 30.4892275], [114.4225468, 30.4892187], [114.4226412, 30.4891594], [114.4229549, 30.489156], [114.4230516, 30.489155], [114.4231617, 30.4891468], [114.4236638, 30.4891547], [114.4236918, 30.4891619], [114.423728, 30.4891839], [114.4237319, 30.4892158], [114.4237283, 30.4892365], [114.4237409, 30.4892706], [114.4237538, 30.4893056], [114.4238887, 30.4893073], [114.4238907, 30.489344], [114.4240691, 30.4893187], [114.4241188, 30.4896017], [114.4244057, 30.4895791], [114.4243844, 30.4894582], [114.4243588, 30.4894615], [114.4243213, 30.4894558], [114.4242912, 30.489439], [114.4242759, 30.489415], [114.4241948, 30.4891114], [114.4241431, 30.4888869], [114.4241214, 30.4887542], [114.4240996, 30.488621], [114.4240693, 30.4883936], [114.4240424, 30.4880946], [114.4240526, 30.4880653], [114.424074, 30.4880386], [114.4241095, 30.488021], [114.4241315, 30.488018], [114.4241096, 30.4878702], [114.4238873, 30.4879085], [114.4238585, 30.4879136], [114.4238153, 30.4877698], [114.4237598, 30.4875851], [114.423785, 30.487559], [114.4239851, 30.4875422], [114.4241678, 30.4875167], [114.4258192, 30.4873109], [114.4259285, 30.4872982], [114.4259632, 30.4874028], [114.4259968, 30.4874467], [114.4260486, 30.4877575], [114.4260922, 30.4877507], [114.4260982, 30.4877877], [114.4260794, 30.4877898], [114.4260952, 30.4878783], [114.4261334, 30.4878735], [114.4261979, 30.4882581], [114.4262621, 30.4882905], [114.4263175, 30.4886159], [114.4262661, 30.4886648], [114.426337, 30.4890876], [114.4263079, 30.4890913], [114.4263226, 30.4891774], [114.4263442, 30.489307], [114.4263925, 30.4893002], [114.4264106, 30.4893973], [114.4264174, 30.4894873], [114.4264153, 30.4895639], [114.4263967, 30.4896922], [114.4263936, 30.4898364], [114.4263946, 30.4900074], [114.4263946, 30.490222], [114.426407, 30.4905079], [114.4264101, 30.4906138], [114.4264174, 30.4907136], [114.4264887, 30.4912051], [114.426542291, 30.491486587]]]}, "properties": {"id": 11601, "block_id": 11601, "area_sqm": 112711, "poi_count": 9, "dominant_category": "交通设施服务", "category_entropy": 0.684, "street_block_id": 16390}}, {"type": "Feature", "geometry": {"type": "Polygon", "coordinates": [[[114.4148373, 30.4922854], [114.4140266, 30.4922919], [114.4139882, 30.4917102], [114.4148084, 30.4916768], [114.4148373, 30.4922854]]]}, "properties": {"id": 11694, "block_id": 11694, "area_sqm": 5173, "poi_count": 11, "dominant_category": "公司企业", "category_entropy": 1.468, "street_block_id": 16402}}, {"type": "Feature", "geometry": {"type": "Polygon", "coordinates": [[[114.4221, 30.4927639], [114.4218009, 30.4928738], [114.421786, 30.4927214], [114.4213277, 30.4917355], [114.4212413, 30.4914996], [114.4211294, 30.4912513], [114.4210629, 30.4910884], [114.4214394, 30.4909514], [114.4222298, 30.4906602], [114.4224309, 30.490499], [114.4236026, 30.4900586], [114.423678, 30.4900357], [114.4237408, 30.4900309], [114.4238204, 30.4900561], [114.4238693, 30.4900862], [114.4239224, 30.4901873], [114.4243944, 30.4911861], [114.4244712, 30.4914183], [114.4246499, 30.4917902], [114.424757133, 30.492008124], [114.4240165, 30.4922245], [114.422734, 30.4926076], [114.4223669, 30.4926701], [114.4221, 30.4927639]]]}, "properties": {"id": 11761, "block_id": 11761, "area_sqm": 66405, "poi_count": 13, "dominant_category": "公司企业", "category_entropy": 1.818, "street_block_id": 16390}}, {"type": "Feature", "geometry": {"type": "Polygon", "coordinates": [[[114.4148373, 30.4922854], [114.4148665, 30.4929035], [114.4140649, 30.4929], [114.4140266, 30.4922919], [114.4148373, 30.4922854]]]}, "properties": {"id": 11766, "block_id": 11766, "area_sqm": 5261, "poi_count": 7, "dominant_category": "公司企业", "category_entropy": 1.004, "street_block_id": 16410}}, {"type": "Feature", "geometry": {"type": "Polygon", "coordinates": [[[114.4150588, 30.4922618], [114.4151422, 30.4929269], [114.4148665, 30.4929035], [114.4148373, 30.4922854], [114.4150588, 30.4922618]]]}, "properties": {"id": 11769, "block_id": 11769, "area_sqm": 1698, "poi_count": 2, "dominant_category": "商务住宅", "category_entropy": 0.693, "street_block_id": 16408}}, {"type": "Feature", "geometry": {"type": "Polygon", "coordinates": [[[114.4158906, 30.4928538], [114.4151422, 30.4929269], [114.4150588, 30.4922618], [114.4158024, 30.4921696], [114.4158906, 30.4928538]]]}, "properties": {"id": 11770, "block_id": 11770, "area_sqm": 5432, "poi_count": 18, "dominant_category": "公司企业", "category_entropy": 1.455, "street_block_id": 16399}}, {"type": "Feature", "geometry": {"type": "Polygon", "coordinates": [[[114.4159597, 30.4934553], [114.4152181, 30.4935313], [114.4151422, 30.4929269], [114.4158906, 30.4928538], [114.4159597, 30.4934553]]]}, "properties": {"id": 11836, "block_id": 11836, "area_sqm": 4838, "poi_count": 15, "dominant_category": "公司企业", "category_entropy": 1.078, "street_block_id": 16399}}, {"type": "Feature", "geometry": {"type": "Polygon", "coordinates": [[[114.4148972, 30.4935511], [114.4141071, 30.4936073], [114.4140649, 30.4929], [114.4148665, 30.4929035], [114.4148972, 30.4935511]]]}, "properties": {"id": 11847, "block_id": 11847, "area_sqm": 5749, "poi_count": 15, "dominant_category": "公司企业", "category_entropy": 1.078, "street_block_id": 16410}}, {"type": "Feature", "geometry": {"type": "Polygon", "coordinates": [[[114.3941093, 30.4933417], [114.3910328, 30.4938303], [114.3906892, 30.4925239], [114.3905253, 30.4916846], [114.3904372, 30.4908771], [114.3903892, 30.4895171], [114.3923948, 30.4895095], [114.3924484, 30.4894263], [114.3926878, 30.4894233], [114.395356, 30.4893893], [114.3964038, 30.4896265], [114.3984028, 30.4902723], [114.3986239, 30.4903469], [114.3987451, 30.4911342], [114.3988967, 30.4924442], [114.3988543, 30.4926141], [114.3986461, 30.4926385], [114.3969219, 30.4929069], [114.3950126, 30.4931983], [114.3941093, 30.4933417]]]}, "properties": {"id": 11866, "block_id": 11866, "area_sqm": 316342, "poi_count": 576, "dominant_category": "购物服务", "category_entropy": 2.387, "street_block_id": 16007}}, {"type": "Feature", "geometry": {"type": "Polygon", "coordinates": [[[114.4259045, 30.4938104], [114.4257565, 30.4938646], [114.4257102, 30.4938265], [114.4255772, 30.4935734], [114.425475, 30.4933131], [114.4249712, 30.4922484], [114.424877617, 30.492061665], [114.426557558, 30.491566778], [114.426616176, 30.49154951], [114.4266294, 30.4916132], [114.4266638, 30.4917783], [114.4267406, 30.4921948], [114.4267747, 30.4924708], [114.4269157, 30.4932275], [114.4269219, 30.4932888], [114.4269183, 30.4933592], [114.4268892, 30.4934281], [114.4268033, 30.4935144], [114.426737, 30.4935367], [114.4259045, 30.4938104]]]}, "properties": {"id": 11871, "block_id": 11871, "area_sqm": 32154, "poi_count": 1, "dominant_category": "公司企业", "category_entropy": 0.0, "street_block_id": 16409}}, {"type": "Feature", "geometry": {"type": "Polygon", "coordinates": [[[114.4162255, 30.493689], [114.4163021, 30.4939993], [114.416063, 30.4935868], [114.4125536, 30.4939178], [114.4124321, 30.4939337], [114.4122047, 30.4914881], [114.4120333, 30.4893226], [114.4159109, 30.4889382], [114.415955412, 30.489982737], [114.4159203, 30.490112], [114.4159191, 30.4902449], [114.4159172, 30.4904705], [114.415948, 30.4911979], [114.415974705, 30.491499695], [114.4160065, 30.491859], [114.4160585, 30.4923024], [114.416102, 30.4926741], [114.416204, 30.4932498], [114.4162255, 30.493689]], [[114.4141071, 30.4936073], [114.4148972, 30.4935511], [114.4152181, 30.4935313], [114.4159597, 30.4934553], [114.4158906, 30.4928538], [114.4158024, 30.4921696], [114.4150588, 30.4922618], [114.4149688, 30.4915438], [114.4148019, 30.4915386], [114.4148084, 30.4916768], [114.4139882, 30.4917102], [114.4140266, 30.4922919], [114.4140649, 30.4929], [114.4141071, 30.4936073]]]}, "properties": {"id": 11882, "block_id": 11882, "area_sqm": 156029, "poi_count": 190, "dominant_category": "公司企业", "category_entropy": 2.313, "street_block_id": 16399}}, {"type": "Feature", "geometry": {"type": "Polygon", "coordinates": [[[114.4061228, 30.4945139], [114.4060398, 30.4945213], [114.4059965, 30.4942364], [114.4059427, 30.493367], [114.4058408, 30.4925534], [114.4057519, 30.4918577], [114.4057404, 30.4917858], [114.405761, 30.4917825], [114.405787, 30.49178], [114.4122047, 30.4914881], [114.4124321, 30.4939337], [114.4122097, 30.4939494], [114.4061719, 30.4945066], [114.4061228, 30.4945139]]]}, "properties": {"id": 11936, "block_id": 11936, "area_sqm": 178033, "poi_count": 254, "dominant_category": "购物服务", "category_entropy": 2.066, "street_block_id": 16229}}, {"type": "Feature", "geometry": {"type": "Polygon", "coordinates": [[[114.4231391, 30.49487], [114.4229818, 30.4949315], [114.4228974, 30.49473], [114.4225323, 30.4939688], [114.4221119, 30.4931154], [114.4220613, 30.4930565], [114.4220255, 30.4930209], [114.4219176, 30.4929541], [114.4221582, 30.4928869], [114.4224732, 30.4927953], [114.422752, 30.4926834], [114.4240594, 30.4923027], [114.424795396, 30.492085885], [114.424901, 30.4923005], [114.4250714, 30.4926567], [114.4251887, 30.4928709], [114.4254275, 30.4933714], [114.4255183, 30.4935892], [114.425616, 30.4938143], [114.4256118, 30.4938708], [114.4255865, 30.4939262], [114.4248922, 30.4941885], [114.4243044, 30.494417], [114.4231391, 30.49487]]]}, "properties": {"id": 11968, "block_id": 11968, "area_sqm": 64690, "poi_count": 81, "dominant_category": "交通设施服务", "category_entropy": 2.421, "street_block_id": 16412}}, {"type": "Feature", "geometry": {"type": "Polygon", "coordinates": [[[114.3992768, 30.4957897], [114.3955998, 30.4959992], [114.3955657, 30.4959656], [114.3953781, 30.4952862], [114.3953634, 30.4951938], [114.3953318, 30.4951279], [114.3951395, 30.4948429], [114.3948952, 30.4943134], [114.3947646, 30.4942459], [114.3944067, 30.4938289], [114.3942192, 30.4935549], [114.3941093, 30.4933417], [114.3950126, 30.4931983], [114.3969219, 30.4929069], [114.3986461, 30.4926385], [114.3988543, 30.4926141], [114.398817, 30.4927635], [114.3989812, 30.4941573], [114.3992065, 30.4953047], [114.3992768, 30.4957897]]]}, "properties": {"id": 12088, "block_id": 12088, "area_sqm": 130829, "poi_count": 595, "dominant_category": "购物服务", "category_entropy": 1.974, "street_block_id": 16234}}, {"type": "Feature", "geometry": {"type": "Polygon", "coordinates": [[[114.4151427, 30.4964529], [114.4148252, 30.496469], [114.4123755, 30.4964629], [114.4123731, 30.49586], [114.4124321, 30.4939337], [114.4125536, 30.4939178], [114.416063, 30.4935868], [114.4163021, 30.4939993], [114.416306968, 30.494033867], [114.4163177, 30.494669], [114.416395, 30.4953716], [114.416388, 30.4957178], [114.4163696, 30.495883], [114.4163433, 30.4960327], [114.4163023, 30.4961446], [114.416257, 30.4962309], [114.41622057, 30.496309028], [114.4151427, 30.4964529]]]}, "properties": {"id": 12129, "block_id": 12129, "area_sqm": 112271, "poi_count": 106, "dominant_category": "地名地址信息", "category_entropy": 2.287, "street_block_id": 16416}}, {"type": "Feature", "geometry": {"type": "Polygon", "coordinates": [[[114.4063992, 30.4969484], [114.4063342, 30.4969543], [114.4063117, 30.4968107], [114.4062338, 30.49615], [114.4061279, 30.4953709], [114.4060398, 30.4945213], [114.4061228, 30.4945139], [114.4061719, 30.4945066], [114.4122097, 30.4939494], [114.4124321, 30.4939337], [114.4123731, 30.49586], [114.4123755, 30.4964629], [114.4118154, 30.496469], [114.4113694, 30.4964972], [114.4064408, 30.4969446], [114.4063992, 30.4969484]]]}, "properties": {"id": 12166, "block_id": 12166, "area_sqm": 163447, "poi_count": 445, "dominant_category": "购物服务", "category_entropy": 2.202, "street_block_id": 16236}}, {"type": "Feature", "geometry": {"type": "Polygon", "coordinates": [[[114.4176173, 30.4970134], [114.4175062, 30.4970202], [114.4173854, 30.4970023], [114.4172748, 30.4969594], [114.4171851, 30.4968989], [114.4171318, 30.4968464], [114.4170818, 30.4967774], [114.417034, 30.4966758], [114.4170086, 30.4965355], [114.4168848, 30.4958158], [114.4167513, 30.4950708], [114.4166762, 30.4946885], [114.4166543, 30.4945608], [114.416608569, 30.494406863], [114.4165804, 30.494144], [114.416559, 30.4939653], [114.416308554, 30.491877548], [114.416317, 30.4917533], [114.416311748, 30.491484992], [114.4192882, 30.4914667], [114.4196639, 30.4914091], [114.4198773, 30.4914043], [114.4200586, 30.4913758], [114.4202852, 30.4913277], [114.4207001, 30.4912196], [114.4209239, 30.4911387], [114.4209979, 30.4912943], [114.421119, 30.491557], [114.4212034, 30.491779], [114.4216645, 30.4927765], [114.4216951, 30.4929085], [114.421746, 30.4930043], [114.4227061, 30.4948016], [114.4228314, 30.4949902], [114.4226484, 30.4950617], [114.4207343, 30.495815], [114.420260259, 30.495998951], [114.4196944, 30.4961645], [114.4185577, 30.4966358], [114.417955, 30.496904], [114.4178533, 30.4969482], [114.4177359, 30.4969872], [114.4176173, 30.4970134]]]}, "properties": {"id": 12177, "block_id": 12177, "area_sqm": 276249, "poi_count": 149, "dominant_category": "地名地址信息", "category_entropy": 2.26, "street_block_id": 16415}}, {"type": "Feature", "geometry": {"type": "Polygon", "coordinates": [[[114.4179829, 30.4969622], [114.417356775, 30.497365824], [114.417334, 30.4973299], [114.4172717, 30.4972502], [114.4171801, 30.4971587], [114.4170886, 30.4970866], [114.417063707, 30.497072076], [114.4169807, 30.4968321], [114.416898, 30.4964442], [114.416736163, 30.495689996], [114.4166226, 30.4945378], [114.416608569, 30.494406863], [114.4166543, 30.4945608], [114.4166762, 30.4946885], [114.4167513, 30.4950708], [114.4168848, 30.4958158], [114.4170086, 30.4965355], [114.417034, 30.4966758], [114.4170818, 30.4967774], [114.4171318, 30.4968464], [114.4171851, 30.4968989], [114.4172748, 30.4969594], [114.4173854, 30.4970023], [114.4175062, 30.4970202], [114.4176173, 30.4970134], [114.4177359, 30.4969872], [114.4178533, 30.4969482], [114.417955, 30.496904], [114.4185577, 30.4966358], [114.4196944, 30.4961645], [114.420260259, 30.495998951], [114.4199277, 30.496128], [114.4193242, 30.4963623], [114.4189015, 30.4965384], [114.4179829, 30.4969622]]]}, "properties": {"id": 12204, "block_id": 12204, "area_sqm": 5635, "poi_count": 1, "dominant_category": "购物服务", "category_entropy": 0.0, "street_block_id": 16420}}, {"type": "Feature", "geometry": {"type": "Polygon", "coordinates": [[[114.4016338, 30.497506], [114.4006348, 30.4975971], [114.4005781, 30.4974378], [114.4005667, 30.4973955], [114.4005647, 30.4973571], [114.4005765, 30.4973141], [114.4005997, 30.4972801], [114.4006418, 30.4972584], [114.4006857, 30.4972352], [114.4007384, 30.4972132], [114.4008071, 30.4971991], [114.4015712, 30.4971234], [114.4016054, 30.4971459], [114.4016338, 30.497506]]]}, "properties": {"id": 12244, "block_id": 12244, "area_sqm": 4148, "poi_count": 3, "dominant_category": "生活服务", "category_entropy": 0.0, "street_block_id": 16241}}, {"type": "Feature", "geometry": {"type": "Polygon", "coordinates": [[[114.3992768, 30.4957897], [114.399411, 30.4977042], [114.3985679, 30.4976752], [114.3976808, 30.4976384], [114.3937902, 30.4974771], [114.3919831, 30.4973953], [114.3918791, 30.4970193], [114.391769, 30.4966045], [114.3915188, 30.4956924], [114.3914376, 30.4953267], [114.3910328, 30.4938303], [114.3941093, 30.4933417], [114.3942192, 30.4935549], [114.3944067, 30.4938289], [114.3947646, 30.4942459], [114.3948952, 30.4943134], [114.3951395, 30.4948429], [114.3953318, 30.4951279], [114.3953634, 30.4951938], [114.3953781, 30.4952862], [114.3955657, 30.4959656], [114.3955998, 30.4959992], [114.3992768, 30.4957897]], [[114.3951946, 30.496105], [114.3951897, 30.4959901], [114.395176, 30.4958678], [114.3951577, 30.4957745], [114.395118, 30.4956838], [114.3950448, 30.4955694], [114.3949853, 30.4955102], [114.3948983, 30.4954695], [114.3947534, 30.4954379], [114.3946298, 30.4954169], [114.3944864, 30.4954037], [114.3943796, 30.4953972], [114.3942755, 30.4953812], [114.3942255, 30.4953591], [114.3941568, 30.4953262], [114.3940668, 30.4952999], [114.3939615, 30.4952815], [114.3938532, 30.4952815], [114.3937586, 30.495292], [114.3936686, 30.4953104], [114.3936122, 30.4953564], [114.3935664, 30.4954129], [114.3934901, 30.4954537], [114.3934047, 30.4954945], [114.393304, 30.4955313], [114.3932155, 30.4955576], [114.3931087, 30.4955799], [114.3929699, 30.4956049], [114.3928402, 30.4956338], [114.3927258, 30.4956509], [114.3926266, 30.4956614], [114.3925351, 30.4956588], [114.3924603, 30.4956535], [114.3923871, 30.4956522], [114.3923123, 30.4956614], [114.3922635, 30.4956851], [114.3922101, 30.4957258], [114.3921903, 30.4957745], [114.3921948, 30.4958389], [114.3922162, 30.4958901], [114.3922482, 30.495927], [114.3922925, 30.4959519], [114.3923489, 30.4959756], [114.3923901, 30.4960242], [114.3924176, 30.4960716], [114.3924267, 30.4961215], [114.3924328, 30.4961794], [114.3924206, 30.496228], [114.392381, 30.4962793], [114.3923489, 30.4963371], [114.3923199, 30.4964055], [114.3923077, 30.4964699], [114.3922986, 30.4965422], [114.392303, 30.4965872], [114.3923166, 30.4966323], [114.3922107, 30.4966693], [114.3921818, 30.4966264], [114.3921417, 30.4965933], [114.3921016, 30.4965698], [114.3920535, 30.496556], [114.3920006, 30.4965477], [114.3919557, 30.496549], [114.3919102, 30.4965543], [114.3920321, 30.4969867], [114.3920776, 30.4969678], [114.3921273, 30.4969429], [114.3921658, 30.4969125], [114.3921994, 30.4968738], [114.3922251, 30.4968337], [114.3922315, 30.4967936], [114.3922331, 30.4967563], [114.3923443, 30.4967481], [114.3923657, 30.4968314], [114.39241, 30.4968932], [114.3924801, 30.4969694], [114.392561, 30.4970352], [114.3926327, 30.4970838], [114.3926922, 30.4971114], [114.3927822, 30.4971548], [114.392886, 30.4971863], [114.3930034, 30.4972087], [114.3930965, 30.4972205], [114.3932002, 30.4972271], [114.3933192, 30.4972258], [114.3934337, 30.49721], [114.3935511, 30.4971863], [114.3936518, 30.4971522], [114.3937327, 30.4971035], [114.3938075, 30.497043], [114.3938395, 30.4969681], [114.3938319, 30.4968998], [114.3938197, 30.4968301], [114.3937769, 30.4967762], [114.3937342, 30.4967091], [114.3936732, 30.4966474], [114.3936137, 30.4965961], [114.3935717, 30.4965596], [114.3936094, 30.4965465], [114.3936408, 30.4965242], [114.3936584, 30.4965027], [114.3936714, 30.4964729], [114.3936743, 30.49644], [114.3936638, 30.4964025], [114.3936412, 30.4963718], [114.3936102, 30.4963494], [114.3935878, 30.4963401], [114.3935637, 30.4963345], [114.3935318, 30.4963332], [114.3935005, 30.4963384], [114.3935084, 30.4962596], [114.3935191, 30.4961925], [114.3935481, 30.4961097], [114.3935893, 30.4960269], [114.3936549, 30.4959611], [114.393719, 30.4959204], [114.3938014, 30.4958796], [114.3938959, 30.4958573], [114.3940256, 30.4958415], [114.3941446, 30.4958494], [114.3942157, 30.4958683], [114.3942804, 30.4959112], [114.3943323, 30.495969], [114.3943857, 30.4960413], [114.3944131, 30.4961097], [114.3944299, 30.4961951], [114.3944384, 30.4962714], [114.39515, 30.4961228], [114.3951946, 30.496105]]]}, "properties": {"id": 12266, "block_id": 12266, "area_sqm": 191755, "poi_count": 261, "dominant_category": "餐饮服务", "category_entropy": 2.208, "street_block_id": 16022}}, {"type": "Feature", "geometry": {"type": "Polygon", "coordinates": [[[114.4153712, 30.4983827], [114.415095754, 30.498470423], [114.4150598, 30.4984672], [114.4149381, 30.4984366], [114.4148376, 30.4983935], [114.4147385, 30.4983372], [114.414645, 30.498255], [114.4145706, 30.4981723], [114.4145116, 30.4980773], [114.414481, 30.4979703], [114.4144608, 30.4978566], [114.4144634, 30.4977532], [114.414466645, 30.497739094], [114.414563, 30.4976471], [114.4147599, 30.4975121], [114.4150304, 30.4973701], [114.4154036, 30.4972376], [114.4157334, 30.4971201], [114.4160158, 30.4970223], [114.4161752, 30.4969744], [114.416324, 30.496945], [114.4164957, 30.496922], [114.4166268, 30.4969363], [114.416656672, 30.496941091], [114.4166954, 30.4972431], [114.416740177, 30.497637933], [114.416702, 30.4974475], [114.4166515, 30.4972756], [114.4165802, 30.4971667], [114.4164862, 30.4970929], [114.4163881, 30.4970602], [114.4162454, 30.4970481], [114.4160834, 30.4970762], [114.4152895, 30.4973628], [114.4151683, 30.4974346], [114.4151027, 30.4974954], [114.4150376, 30.4975884], [114.415002, 30.4976785], [114.4149954, 30.4977455], [114.4149933, 30.4977866], [114.4149964, 30.4978517], [114.4150103, 30.4979099], [114.4150457, 30.4979783], [114.415089, 30.4980448], [114.4151416, 30.498099], [114.4151929, 30.4981393], [114.415231, 30.4981617], [114.4152796, 30.4981892], [114.4153521, 30.4982121], [114.4154516, 30.4982284], [114.4155776, 30.4982321], [114.4157456, 30.4981955], [114.4158278, 30.4981675], [114.4161317, 30.4980289], [114.416748626, 30.497712426], [114.4167519, 30.4977413], [114.4158218, 30.4982118], [114.415487, 30.4983442], [114.4153712, 30.4983827]]]}, "properties": {"id": 12360, "block_id": 12360, "area_sqm": 8460, "poi_count": 1, "dominant_category": "地名地址信息", "category_entropy": 0.0, "street_block_id": 16422}}, {"type": "Feature", "geometry": {"type": "Polygon", "coordinates": [[[114.4094686, 30.4991131], [114.4073794, 30.4993073], [114.4069307, 30.499264], [114.4068304, 30.4992513], [114.4067864, 30.4992378], [114.4067454, 30.4992159], [114.4066889, 30.4991816], [114.406653, 30.4991487], [114.4066239, 30.4991033], [114.4064935, 30.4987557], [114.4064136, 30.4982238], [114.4063717, 30.4980031], [114.4062724, 30.4971506], [114.4062324, 30.4969863], [114.4062301, 30.4969638], [114.4063342, 30.4969543], [114.4063992, 30.4969484], [114.4064408, 30.4969446], [114.4113694, 30.4964972], [114.4118154, 30.496469], [114.4123755, 30.4964629], [114.4148252, 30.496469], [114.4151427, 30.4964529], [114.41622057, 30.496309028], [114.4162155, 30.4963199], [114.416159, 30.4964101], [114.4160882, 30.4965093], [114.4160137, 30.4965921], [114.4159275, 30.4966826], [114.4158446, 30.4967568], [114.4157477, 30.4968222], [114.4156485, 30.4968859], [114.4155414, 30.4969458], [114.4154315, 30.4969978], [114.4149785, 30.4971769], [114.4148629, 30.4972368], [114.4147611, 30.4972969], [114.4146681, 30.4973685], [114.4145914, 30.4974533], [114.4145278, 30.4975515], [114.4144874, 30.4976489], [114.414472666, 30.497712927], [114.4143995, 30.4978032], [114.4143114, 30.4979369], [114.4141277, 30.4982223], [114.4140634, 30.4983101], [114.4139847, 30.4983971], [114.4138975, 30.4984802], [114.4137808, 30.4985593], [114.4136932, 30.4986042], [114.4135873, 30.4986505], [114.4134821, 30.4986825], [114.4133519, 30.4987047], [114.4131714, 30.4987318], [114.412180047, 30.498877861], [114.4115765, 30.4989356], [114.4094686, 30.4991131]]]}, "properties": {"id": 12440, "block_id": 12440, "area_sqm": 211942, "poi_count": 382, "dominant_category": "生活服务", "category_entropy": 2.408, "street_block_id": 16244}}, {"type": "Feature", "geometry": {"type": "Polygon", "coordinates": [[[114.4016709, 30.4993102], [114.400574, 30.4993368], [114.4005643, 30.4992527], [114.400548, 30.4992107], [114.400522, 30.4991896], [114.4004879, 30.4991882], [114.399813, 30.4992835], [114.3996894, 30.4991966], [114.3996781, 30.4989655], [114.3996634, 30.4988828], [114.3995401, 30.4988853], [114.3994642, 30.4978633], [114.399411, 30.4977042], [114.3995708, 30.4977089], [114.3998026, 30.49769], [114.4006348, 30.4975971], [114.4016338, 30.497506], [114.4017151, 30.4988508], [114.4016779, 30.4990246], [114.4016709, 30.4993102]]]}, "properties": {"id": 12446, "block_id": 12446, "area_sqm": 38153, "poi_count": 130, "dominant_category": "餐饮服务", "category_entropy": 2.04, "street_block_id": 16248}}, {"type": "Feature", "geometry": {"type": "Polygon", "coordinates": [[[114.39994, 30.499746], [114.3996069, 30.4997623], [114.3995927, 30.4996344], [114.3995728, 30.499328], [114.399552, 30.4991592], [114.3995401, 30.4988853], [114.3996634, 30.4988828], [114.3996781, 30.4989655], [114.3996894, 30.4991966], [114.399813, 30.4992835], [114.4004879, 30.4991882], [114.400522, 30.4991896], [114.400548, 30.4992107], [114.4005643, 30.4992527], [114.400574, 30.4993368], [114.4016709, 30.4993102], [114.4016625, 30.4996574], [114.39994, 30.499746]]]}, "properties": {"id": 12542, "block_id": 12542, "area_sqm": 10018, "poi_count": 28, "dominant_category": "公司企业", "category_entropy": 2.112, "street_block_id": 16248}}, {"type": "Feature", "geometry": {"type": "Polygon", "coordinates": [[[114.3994453, 30.4997708], [114.3978478, 30.4998809], [114.3976808, 30.4976384], [114.3985679, 30.4976752], [114.399411, 30.4977042], [114.3993889, 30.4978643], [114.3994627, 30.4988893], [114.3994922, 30.4996421], [114.3995116, 30.4997673], [114.3994453, 30.4997708]]]}, "properties": {"id": 12576, "block_id": 12576, "area_sqm": 38569, "poi_count": 73, "dominant_category": "生活服务", "category_entropy": 2.194, "street_block_id": 16247}}, {"type": "Feature", "geometry": {"type": "Polygon", "coordinates": [[[114.393089, 30.5001218], [114.3926801, 30.5001801], [114.3926835, 30.5000936], [114.3926785, 30.4999648], [114.3919831, 30.4973953], [114.3937902, 30.4974771], [114.3976808, 30.4976384], [114.3978478, 30.4998809], [114.393089, 30.5001218]]]}, "properties": {"id": 12606, "block_id": 12606, "area_sqm": 143590, "poi_count": 384, "dominant_category": "生活服务", "category_entropy": 2.472, "street_block_id": 16031}}, {"type": "Feature", "geometry": {"type": "Polygon", "coordinates": [[[114.4302014, 30.5005333], [114.4301131, 30.5006117], [114.4295274, 30.500238], [114.429168, 30.5000022], [114.4287818, 30.4998497], [114.4285631, 30.4998038], [114.4283634, 30.4997619], [114.4276994, 30.499745], [114.4269203, 30.4997896], [114.4252949, 30.4999098], [114.4251858, 30.4999165], [114.4251357, 30.4994264], [114.4253391, 30.4994179], [114.4253793, 30.4994579], [114.4254085, 30.4996051], [114.4254804, 30.4996448], [114.4258299, 30.4996213], [114.4267268, 30.4995609], [114.4266608, 30.4989338], [114.4266164, 30.4988887], [114.4257669, 30.4989534], [114.4254174, 30.4989729], [114.4253445, 30.4990393], [114.4253495, 30.4991446], [114.4253458, 30.4992134], [114.4253108, 30.4992435], [114.4251179, 30.4992522], [114.4250668, 30.498752], [114.4250168, 30.4985902], [114.4248683, 30.4981095], [114.4241065, 30.4968522], [114.4233358, 30.4956543], [114.4232821, 30.4955569], [114.4232655, 30.4953952], [114.4232643, 30.4952926], [114.4232743, 30.4952365], [114.4233169, 30.4951447], [114.4233495, 30.4951037], [114.4234021, 30.4950583], [114.4235884, 30.4949215], [114.424053, 30.4947431], [114.4243791, 30.4945849], [114.4249704, 30.4943544], [114.4259797, 30.4939932], [114.4268054, 30.4937126], [114.4269843, 30.4936492], [114.4271725, 30.4945156], [114.4271725, 30.4949408], [114.4272959, 30.4950102], [114.427591, 30.4950148], [114.4277245, 30.4949975], [114.4277331, 30.495232], [114.4277519, 30.4952921], [114.427827, 30.4953383], [114.4279075, 30.4953684], [114.4288221, 30.4954632], [114.429042, 30.4955256], [114.429329, 30.4958907], [114.4293907, 30.4959346], [114.4298065, 30.4959878], [114.4298655, 30.4959023], [114.4301096, 30.4959762], [114.4301659, 30.4959785], [114.4302142, 30.495967], [114.4302893, 30.4959185], [114.4304126, 30.4957913], [114.4304904, 30.4956827], [114.430874, 30.4954978], [114.4309652, 30.4954816], [114.4319361, 30.4954447], [114.4327569, 30.4953545], [114.4328883, 30.4952991], [114.4330627, 30.4951696], [114.4331029, 30.4951003], [114.4331217, 30.4949986], [114.4331135, 30.4948251], [114.4334593, 30.4948165], [114.4336903, 30.4949824], [114.4337279, 30.4954493], [114.433701, 30.4954886], [114.4334586, 30.4958581], [114.4331922, 30.4962642], [114.4324878, 30.4973377], [114.4323714, 30.4972243], [114.4322183, 30.4971497], [114.4320471, 30.4971224], [114.4318746, 30.497144], [114.4317196, 30.4972127], [114.4315988, 30.4973207], [114.4315248, 30.4974567], [114.4315161, 30.4975251], [114.4315059, 30.4976059], [114.4315439, 30.4977524], [114.431635, 30.4978804], [114.431769, 30.4979762], [114.4311179, 30.4990455], [114.4309021, 30.4993992], [114.4302014, 30.5005333]], [[114.4286891, 30.499576], [114.4295874, 30.5000413], [114.4299326, 30.4995531], [114.4296299, 30.4994036], [114.4297306, 30.4992599], [114.4297455, 30.499221], [114.4289953, 30.4988404], [114.4289597, 30.4988461], [114.4288523, 30.4990019], [114.4285797, 30.4994076], [114.4285716, 30.4994618], [114.4286003, 30.49953], [114.4286891, 30.499576]], [[114.4282249, 30.4989762], [114.4282166, 30.4987244], [114.4271097, 30.4987379], [114.4271313, 30.4989947], [114.427182, 30.4995167], [114.4277034, 30.4995118], [114.4282422, 30.4995066], [114.4282249, 30.4989762]], [[114.4262643, 30.4988016], [114.4262133, 30.4981752], [114.4256462, 30.4982196], [114.4252504, 30.4982505], [114.4252772, 30.4985629], [114.4253044, 30.4988789], [114.4257084, 30.4988464], [114.4262643, 30.4988016]]]}, "properties": {"id": 12670, "block_id": 12670, "area_sqm": 373948, "poi_count": 65, "dominant_category": "公司企业", "category_entropy": 2.112, "street_block_id": 16424}}, {"type": "Feature", "geometry": {"type": "Polygon", "coordinates": [[[114.4053258, 30.5007047], [114.4048487, 30.5007476], [114.4047713, 30.5001186], [114.4047326, 30.5000554], [114.4046992, 30.4998351], [114.4054247, 30.4998083], [114.4055532, 30.49981], [114.4056722, 30.499817], [114.4057939, 30.4998394], [114.4058841, 30.4998842], [114.4059525, 30.4999243], [114.4060154, 30.4999737], [114.4060769, 30.5000315], [114.4061412, 30.500101], [114.4061707, 30.5001794], [114.406214, 30.5003763], [114.4062208, 30.5004507], [114.4062561, 30.5005914], [114.4062612, 30.5006795], [114.4058111, 30.5007154], [114.4053258, 30.5007047]]]}, "properties": {"id": 12683, "block_id": 12683, "area_sqm": 12922, "poi_count": 91, "dominant_category": "餐饮服务", "category_entropy": 1.793, "street_block_id": 16257}}, {"type": "Feature", "geometry": {"type": "Polygon", "coordinates": [[[114.4062535, 30.5008563], [114.4060511, 30.5008771], [114.4060433, 30.5008206], [114.406246, 30.5008024], [114.4062713, 30.5008002], [114.4062792, 30.5008572], [114.4062535, 30.5008563]]]}, "properties": {"id": 12701, "block_id": 12701, "area_sqm": 136, "poi_count": 4, "dominant_category": "交通设施服务", "category_entropy": 0.693, "street_block_id": 16257}}, {"type": "Feature", "geometry": {"type": "Polygon", "coordinates": [[[114.4253664, 30.5016029], [114.4252571, 30.5016033], [114.4250302, 30.4989722], [114.4249278, 30.4985104], [114.4247588, 30.4980288], [114.4245124, 30.4976003], [114.4232214, 30.4955823], [114.4230369, 30.4952982], [114.4229398, 30.4951515], [114.4230552, 30.4951066], [114.4231209, 30.4952643], [114.4232821, 30.4955569], [114.4233358, 30.4956543], [114.4241065, 30.4968522], [114.4248683, 30.4981095], [114.4250168, 30.4985902], [114.4250668, 30.498752], [114.4251179, 30.4992522], [114.4251357, 30.4994264], [114.4251858, 30.4999165], [114.4253664, 30.5016029]]]}, "properties": {"id": 12788, "block_id": 12788, "area_sqm": 5210, "poi_count": 1, "dominant_category": "地名地址信息", "category_entropy": 0.0, "street_block_id": 16418}}, {"type": "Feature", "geometry": {"type": "Polygon", "coordinates": [[[114.4059679, 30.5015959], [114.4049422, 30.5016484], [114.4049103, 30.5016457], [114.4048922, 30.5016319], [114.4048794, 30.5016118], [114.4049007, 30.5011057], [114.4049039, 30.5010654], [114.4049156, 30.5010333], [114.4049347, 30.5010067], [114.4055114, 30.500861], [114.405555, 30.5008527], [114.4060433, 30.5008206], [114.4060511, 30.5008771], [114.406009, 30.5009371], [114.4060389, 30.5013781], [114.4059656, 30.5014812], [114.4059679, 30.5015959]]]}, "properties": {"id": 12794, "block_id": 12794, "area_sqm": 8688, "poi_count": 24, "dominant_category": "医疗保健服务", "category_entropy": 1.364, "street_block_id": 16257}}, {"type": "Feature", "geometry": {"type": "Polygon", "coordinates": [[[114.4063484, 30.5017026], [114.406025, 30.5017198], [114.4060227, 30.5016889], [114.4060153, 30.5015899], [114.4060455, 30.5015824], [114.4060806, 30.5015595], [114.406104, 30.5015274], [114.4061231, 30.501488], [114.4061285, 30.5014449], [114.4060511, 30.5008771], [114.4062535, 30.5008563], [114.4062792, 30.5008572], [114.4062868, 30.5009121], [114.4063874, 30.5016798], [114.4063484, 30.5017026]]]}, "properties": {"id": 12799, "block_id": 12799, "area_sqm": 2287, "poi_count": 4, "dominant_category": "交通设施服务", "category_entropy": 0.562, "street_block_id": 16257}}, {"type": "Feature", "geometry": {"type": "Polygon", "coordinates": [[[114.4164175, 30.5123268], [114.4155049, 30.5124121], [114.4154687, 30.5120773], [114.4163669, 30.5119934], [114.4164175, 30.5123268]]]}, "properties": {"id": 14438, "block_id": 14438, "area_sqm": 3258, "poi_count": 1, "dominant_category": "商务住宅", "category_entropy": 0.0, "street_block_id": 16495}}, {"type": "Feature", "geometry": {"type": "Polygon", "coordinates": [[[114.4178568, 30.5022238], [114.4176152, 30.5022487], [114.417193201, 30.499185926], [114.4171942, 30.498944], [114.4172079, 30.4986742], [114.4172348, 30.4985497], [114.4172794, 30.498417], [114.4173624, 30.4982236], [114.4174643, 30.4980356], [114.4175275, 30.4979256], [114.4176079, 30.4977959], [114.4177022, 30.4976756], [114.4178175, 30.4975534], [114.4179116, 30.4974694], [114.4180246, 30.4973915], [114.4182249, 30.4972766], [114.4189879, 30.4968696], [114.4199104, 30.4963747], [114.420226648, 30.496224741], [114.4209369, 30.4959312], [114.421292, 30.4958573], [114.4215163, 30.4957947], [114.4217245, 30.495713], [114.4221628, 30.4955409], [114.4223621, 30.4954524], [114.4224048, 30.4953598], [114.4225813, 30.4953693], [114.4226841, 30.4953423], [114.4227956, 30.4953423], [114.4229109, 30.4953757], [114.4230299, 30.4954578], [114.4232214, 30.4955823], [114.4245124, 30.4976003], [114.4247588, 30.4980288], [114.4249278, 30.4985104], [114.4250302, 30.4989722], [114.4252571, 30.5016033], [114.425044, 30.5016253], [114.4228103, 30.5018089], [114.4217288, 30.5018978], [114.419490409, 30.502087971], [114.4187603, 30.50215], [114.4186542, 30.502159], [114.4186464, 30.5021597], [114.4178568, 30.5022238]]]}, "properties": {"id": 12872, "block_id": 12872, "area_sqm": 446480, "poi_count": 113, "dominant_category": "公司企业", "category_entropy": 2.395, "street_block_id": 16418}}, {"type": "Feature", "geometry": {"type": "Polygon", "coordinates": [[[114.4044691, 30.5022589], [114.4043974, 30.5023141], [114.4043577, 30.5022558], [114.4044219, 30.5022019], [114.4045277, 30.5018098], [114.4045549, 30.5017981], [114.4059737, 30.5017226], [114.4059758, 30.5017698], [114.4058863, 30.5017745], [114.4047917, 30.5018341], [114.4047288, 30.5018383], [114.4046819, 30.5018493], [114.4046398, 30.5018793], [114.4046051, 30.5019138], [114.4045722, 30.5019597], [114.4045342, 30.5021138], [114.4045116, 30.5022106], [114.4044691, 30.5022589]]]}, "properties": {"id": 12886, "block_id": 12886, "area_sqm": 1212, "poi_count": 1, "dominant_category": "购物服务", "category_entropy": 0.0, "street_block_id": 16257}}, {"type": "Feature", "geometry": {"type": "Polygon", "coordinates": [[[114.4054705, 30.5023652], [114.4052763, 30.5023748], [114.4051593, 30.5023556], [114.4046417, 30.5022757], [114.4046743, 30.5020583], [114.4046938, 30.5020178], [114.4047167, 30.5019852], [114.4047511, 30.5019566], [114.4047947, 30.5019447], [114.4054313, 30.5019118], [114.4054705, 30.5023652]]]}, "properties": {"id": 12899, "block_id": 12899, "area_sqm": 3354, "poi_count": 16, "dominant_category": "餐饮服务", "category_entropy": 1.103, "street_block_id": 16257}}, {"type": "Feature", "geometry": {"type": "Polygon", "coordinates": [[[114.4064958, 30.5024341], [114.4061253, 30.5024678], [114.4060593, 30.5018793], [114.4064402, 30.5018596], [114.4064958, 30.5024341]]]}, "properties": {"id": 12906, "block_id": 12906, "area_sqm": 2342, "poi_count": 4, "dominant_category": "购物服务", "category_entropy": 1.04, "street_block_id": 16263}}, {"type": "Feature", "geometry": {"type": "Polygon", "coordinates": [[[114.4061253, 30.5024678], [114.4058011, 30.5024901], [114.4057092, 30.5024509], [114.4055949, 30.5023556], [114.4054705, 30.5023652], [114.4054313, 30.5019118], [114.4060593, 30.5018793], [114.4061253, 30.5024678]]]}, "properties": {"id": 12907, "block_id": 12907, "area_sqm": 3714, "poi_count": 6, "dominant_category": "购物服务", "category_entropy": 1.561, "street_block_id": 16263}}, {"type": "Feature", "geometry": {"type": "Polygon", "coordinates": [[[114.4056497, 30.5024805], [114.4052513, 30.5025093], [114.4051327, 30.5024908], [114.4051593, 30.5023556], [114.4052763, 30.5023748], [114.4054705, 30.5023652], [114.4055949, 30.5023556], [114.4057092, 30.5024509], [114.4056497, 30.5024805]]]}, "properties": {"id": 12910, "block_id": 12910, "area_sqm": 717, "poi_count": 3, "dominant_category": "生活服务", "category_entropy": 0.637, "street_block_id": 16263}}, {"type": "Feature", "geometry": {"type": "Polygon", "coordinates": [[[114.4195621, 30.5028142], [114.4187253, 30.5028697], [114.4187172, 30.5028049], [114.4187011, 30.5026802], [114.418653, 30.5022228], [114.418768, 30.5022148], [114.419496471, 30.502162213], [114.4195249, 30.5025104], [114.4195621, 30.5028142]]]}, "properties": {"id": 12959, "block_id": 12959, "area_sqm": 5835, "poi_count": 4, "dominant_category": "交通设施服务", "category_entropy": 0.562, "street_block_id": 16456}}, {"type": "Feature", "geometry": {"type": "Polygon", "coordinates": [[[114.4045527, 30.5030483], [114.404525, 30.5030824], [114.4044218, 30.5030735], [114.4044533, 30.5029889], [114.4045515, 30.5023822], [114.4045922, 30.5021058], [114.404595, 30.5020282], [114.4046052, 30.5019873], [114.4046265, 30.5019553], [114.4046609, 30.5019201], [114.4046943, 30.5018937], [114.4047408, 30.5018761], [114.4047826, 30.5018705], [114.4058841, 30.5018113], [114.4059775, 30.5018074], [114.4060314, 30.5018052], [114.4064052, 30.5017897], [114.4064203, 30.501792], [114.4064402, 30.5018596], [114.4060593, 30.5018793], [114.4054313, 30.5019118], [114.4047947, 30.5019447], [114.4047511, 30.5019566], [114.4047167, 30.5019852], [114.4046938, 30.5020178], [114.4046743, 30.5020583], [114.4046417, 30.5022757], [114.4046376, 30.5023033], [114.4046433, 30.5024229], [114.4045527, 30.5030483]]]}, "properties": {"id": 12997, "block_id": 12997, "area_sqm": 2564, "poi_count": 7, "dominant_category": "医疗保健服务", "category_entropy": 1.352, "street_block_id": 16257}}, {"type": "Feature", "geometry": {"type": "Polygon", "coordinates": [[[114.4051327, 30.5024908], [114.4050033, 30.5031476], [114.404525, 30.5030824], [114.4045527, 30.5030483], [114.4046433, 30.5024229], [114.4046376, 30.5023033], [114.4046417, 30.5022757], [114.4051593, 30.5023556], [114.4051327, 30.5024908]]]}, "properties": {"id": 13010, "block_id": 13010, "area_sqm": 4171, "poi_count": 13, "dominant_category": "购物服务", "category_entropy": 1.205, "street_block_id": 16263}}, {"type": "Feature", "geometry": {"type": "Polygon", "coordinates": [[[114.4254152, 30.5031678], [114.4219152, 30.5034825], [114.4217505, 30.5019995], [114.4228, 30.5019171], [114.4249645, 30.501757], [114.4252644, 30.5017453], [114.4252708, 30.5018511], [114.4253272, 30.5023317], [114.4254152, 30.5031678]]]}, "properties": {"id": 13051, "block_id": 13051, "area_sqm": 54928, "poi_count": 14, "dominant_category": "公司企业", "category_entropy": 1.569, "street_block_id": 16437}}, {"type": "Feature", "geometry": {"type": "Polygon", "coordinates": [[[114.4074284, 30.5036138], [114.4073822, 30.5036212], [114.4073749, 30.5035693], [114.4073112, 30.5035283], [114.4072624, 30.5035332], [114.4072486, 30.5034691], [114.4069915, 30.5014428], [114.4069342, 30.5009645], [114.4069544, 30.5006525], [114.4069569, 30.5004218], [114.4069598, 30.5001545], [114.4069299, 30.4997685], [114.4069402, 30.4996887], [114.4069757, 30.4995904], [114.4082335, 30.4994368], [114.4092259, 30.499342], [114.4094235, 30.4993288], [114.4097059, 30.4993099], [114.409844532, 30.499299659], [114.4099927, 30.4993159], [114.4107345, 30.4992891], [114.4112328, 30.499277], [114.411380119, 30.499265975], [114.4115348, 30.4992544], [114.4120028, 30.4992081], [114.4140309, 30.4990012], [114.414483139, 30.498858076], [114.4147778, 30.4988227], [114.4150432, 30.4987836], [114.4152896, 30.4987373], [114.4161437, 30.4985813], [114.4164604, 30.4985664], [114.4165381, 30.4985838], [114.4166448, 30.4986304], [114.4167254, 30.498689], [114.4167854, 30.4987537], [114.4168358, 30.498843], [114.416863, 30.4989519], [114.4168761, 30.4990415], [114.4170675, 30.5005881], [114.4171903, 30.5015803], [114.4172407, 30.5018561], [114.417355299, 30.502292182], [114.4172304, 30.5023281], [114.4140753, 30.5030267], [114.4126715, 30.5032703], [114.4123882, 30.5033195], [114.4117221, 30.5033601], [114.4074284, 30.5036138]]]}, "properties": {"id": 13067, "block_id": 13067, "area_sqm": 434274, "poi_count": 1048, "dominant_category": "购物服务", "category_entropy": 2.417, "street_block_id": 16429}}, {"type": "Feature", "geometry": {"type": "Polygon", "coordinates": [[[114.4030496, 30.503602], [114.4029758, 30.5036358], [114.4028989, 30.5035328], [114.4028083, 30.5034115], [114.4027393, 30.5033192], [114.4040363, 30.5026215], [114.4042725, 30.502505], [114.4043295, 30.5024905], [114.4043577, 30.5024983], [114.4043037, 30.5028888], [114.4042798, 30.5030613], [114.4039571, 30.5031994], [114.4032345, 30.503571], [114.4032109, 30.5035332], [114.4030798, 30.5035995], [114.4030496, 30.503602]]]}, "properties": {"id": 13069, "block_id": 13069, "area_sqm": 8001, "poi_count": 63, "dominant_category": "餐饮服务", "category_entropy": 1.763, "street_block_id": 16269}}, {"type": "Feature", "geometry": {"type": "Polygon", "coordinates": [[[114.4042691, 30.5038658], [114.4042709, 30.5039046], [114.4041735, 30.5038993], [114.4042376, 30.503366], [114.4042798, 30.5030613], [114.4043727, 30.5030693], [114.4043081, 30.5035113], [114.4042691, 30.5038658]]]}, "properties": {"id": 13112, "block_id": 13112, "area_sqm": 811, "poi_count": 2, "dominant_category": "购物服务", "category_entropy": 0.693, "street_block_id": 16269}}, {"type": "Feature", "geometry": {"type": "Polygon", "coordinates": [[[114.4025114, 30.5039473], [114.4024507, 30.5039687], [114.4023064, 30.5036604], [114.402266, 30.503574], [114.4027393, 30.5033192], [114.4028083, 30.5034115], [114.4028989, 30.5035328], [114.4029758, 30.5036358], [114.4029031, 30.5036691], [114.4028702, 30.5036814], [114.4028864, 30.5037139], [114.402803, 30.5037444], [114.4027358, 30.5037687], [114.4026732, 30.5037914], [114.4024693, 30.5038648], [114.4025114, 30.5039473]]]}, "properties": {"id": 13117, "block_id": 13117, "area_sqm": 2404, "poi_count": 25, "dominant_category": "餐饮服务", "category_entropy": 1.455, "street_block_id": 16269}}, {"type": "Feature", "geometry": {"type": "Polygon", "coordinates": [[[114.4045253, 30.503982], [114.4044294, 30.50399], [114.4043803, 30.5039786], [114.4043789, 30.5039105], [114.404377, 30.5038118], [114.4044524, 30.5032595], [114.4044806, 30.5032203], [114.4044965, 30.5031174], [114.404525, 30.5030824], [114.4050033, 30.5031476], [114.4059482, 30.5032765], [114.405986, 30.5032814], [114.4060308, 30.5032745], [114.4062051, 30.5031787], [114.4064619, 30.5031648], [114.4066121, 30.5030812], [114.4067182, 30.5035922], [114.4067225, 30.5036416], [114.4066361, 30.5037233], [114.4058485, 30.5038713], [114.4045253, 30.503982]]]}, "properties": {"id": 13121, "block_id": 13121, "area_sqm": 16893, "poi_count": 25, "dominant_category": "交通设施服务", "category_entropy": 1.889, "street_block_id": 16263}}, {"type": "Feature", "geometry": {"type": "Polygon", "coordinates": [[[114.404278, 30.504059], [114.4041331, 30.5041017], [114.404117, 30.5040587], [114.4041428, 30.5040248], [114.4041627, 30.503989], [114.4041735, 30.5038993], [114.4042709, 30.5039046], [114.404278, 30.504059]]]}, "properties": {"id": 13138, "block_id": 13138, "area_sqm": 234, "poi_count": 2, "dominant_category": "生活服务", "category_entropy": 0.693, "street_block_id": 16269}}, {"type": "Feature", "geometry": {"type": "Polygon", "coordinates": [[[114.4032459, 30.5039231], [114.4025985, 30.5041673], [114.4025823, 30.5041325], [114.4025695, 30.5041051], [114.4025653, 30.5040531], [114.4025114, 30.5039473], [114.4024693, 30.5038648], [114.4026732, 30.5037914], [114.4027358, 30.5037687], [114.402803, 30.5037444], [114.4028864, 30.5037139], [114.4028702, 30.5036814], [114.4029031, 30.5036691], [114.4029758, 30.5036358], [114.4030496, 30.503602], [114.4030798, 30.5035995], [114.4032109, 30.5035332], [114.4032345, 30.503571], [114.4032635, 30.5036176], [114.4033625, 30.5038272], [114.403301, 30.5038766], [114.4032459, 30.5039231]]]}, "properties": {"id": 13149, "block_id": 13149, "area_sqm": 2987, "poi_count": 7, "dominant_category": "餐饮服务", "category_entropy": 1.748, "street_block_id": 16269}}, {"type": "Feature", "geometry": {"type": "Polygon", "coordinates": [[[114.4040456, 30.5040574], [114.4035035, 30.504266], [114.403371, 30.5039683], [114.403301, 30.5038766], [114.4033625, 30.5038272], [114.4032635, 30.5036176], [114.4032345, 30.503571], [114.4039571, 30.5031994], [114.4042798, 30.5030613], [114.4042376, 30.503366], [114.4041735, 30.5038993], [114.4041627, 30.503989], [114.4041428, 30.5040248], [114.404117, 30.5040587], [114.4040905, 30.5040706], [114.4040456, 30.5040574]]]}, "properties": {"id": 13156, "block_id": 13156, "area_sqm": 7885, "poi_count": 58, "dominant_category": "生活服务", "category_entropy": 1.893, "street_block_id": 16269}}, {"type": "Feature", "geometry": {"type": "Polygon", "coordinates": [[[114.4020791, 30.5043464], [114.4019555, 30.5043793], [114.4019174, 30.5043036], [114.4018253, 30.5042826], [114.4016629, 30.5043172], [114.4016071, 30.5041892], [114.4015803, 30.5041284], [114.4015145, 30.503978], [114.402266, 30.503574], [114.4023064, 30.5036604], [114.4024507, 30.5039687], [114.4025357, 30.5041502], [114.4024825, 30.5041938], [114.4020791, 30.5043464]]]}, "properties": {"id": 13161, "block_id": 13161, "area_sqm": 5098, "poi_count": 55, "dominant_category": "购物服务", "category_entropy": 1.891, "street_block_id": 16269}}, {"type": "Feature", "geometry": {"type": "Polygon", "coordinates": [[[114.4005515, 30.5043824], [114.4005155, 30.5044051], [114.4004854, 30.504358], [114.4011221, 30.5040351], [114.4042884, 30.502314], [114.4043577, 30.5022558], [114.4043974, 30.5023141], [114.4043117, 30.5023773], [114.4005515, 30.5043824]]]}, "properties": {"id": 13162, "block_id": 13162, "area_sqm": 2420, "poi_count": 10, "dominant_category": "餐饮服务", "category_entropy": 1.471, "street_block_id": 16257}}, {"type": "Feature", "geometry": {"type": "Polygon", "coordinates": [[[114.4005155, 30.5044051], [114.400439, 30.504449], [114.4003797, 30.5043377], [114.4001631, 30.5039069], [114.4001083, 30.5037905], [114.400066, 30.5036838], [114.4000251, 30.5035718], [114.3999909, 30.5034498], [114.3999737, 30.5033884], [114.3999375, 30.5032565], [114.3999048, 30.5030969], [114.3998835, 30.5029919], [114.3998603, 30.5028327], [114.3998335, 30.502553], [114.3996522, 30.5001712], [114.3996342, 30.5000086], [114.3999509, 30.499993], [114.4028096, 30.4998586], [114.402921949, 30.499852109], [114.402926, 30.4999164], [114.4027112, 30.4999112], [114.4026256, 30.499929], [114.4028813, 30.4999478], [114.4032683, 30.499929], [114.4033711, 30.4999232], [114.4043882, 30.4998665], [114.4046992, 30.4998351], [114.4047326, 30.5000554], [114.4047713, 30.5001186], [114.4048487, 30.5007476], [114.4053258, 30.5007047], [114.4058111, 30.5007154], [114.4062612, 30.5006795], [114.4062658, 30.50076], [114.4062713, 30.5008002], [114.406246, 30.5008024], [114.4060433, 30.5008206], [114.405555, 30.5008527], [114.4055114, 30.500861], [114.4049347, 30.5010067], [114.4049156, 30.5010333], [114.4049039, 30.5010654], [114.4049007, 30.5011057], [114.4048794, 30.5016118], [114.4048922, 30.5016319], [114.4049103, 30.5016457], [114.4049422, 30.5016484], [114.4059679, 30.5015959], [114.4059723, 30.5016916], [114.4059737, 30.5017226], [114.4045549, 30.5017981], [114.4045277, 30.5018098], [114.4044219, 30.5022019], [114.4043577, 30.5022558], [114.4042884, 30.502314], [114.4011221, 30.5040351], [114.4004854, 30.504358], [114.4005155, 30.5044051]], [[114.4004581, 30.5038008], [114.4006369, 30.5041076], [114.4008889, 30.5039928], [114.40048, 30.5034421], [114.4003253, 30.5034981], [114.4004581, 30.5038008]]]}, "properties": {"id": 13174, "block_id": 13174, "area_sqm": 182785, "poi_count": 382, "dominant_category": "购物服务", "category_entropy": 2.243, "street_block_id": 16257}}, {"type": "Feature", "geometry": {"type": "Polygon", "coordinates": [[[114.4035035, 30.504266], [114.4027288, 30.5045629], [114.4026759, 30.5044499], [114.4025357, 30.5041502], [114.4025823, 30.5041325], [114.4025985, 30.5041673], [114.4032459, 30.5039231], [114.403301, 30.5038766], [114.403371, 30.5039683], [114.4035035, 30.504266]]]}, "properties": {"id": 13189, "block_id": 13189, "area_sqm": 3694, "poi_count": 30, "dominant_category": "生活服务", "category_entropy": 1.933, "street_block_id": 16269}}, {"type": "Feature", "geometry": {"type": "Polygon", "coordinates": [[[114.4008668, 30.5046807], [114.4007073, 30.5047155], [114.4005674, 30.5044875], [114.4015145, 30.503978], [114.4015803, 30.5041284], [114.4016071, 30.5041892], [114.4016629, 30.5043172], [114.4015561, 30.50434], [114.4010566, 30.5045185], [114.401003, 30.5046355], [114.4009406, 30.5046668], [114.4008668, 30.5046807]]]}, "properties": {"id": 13219, "block_id": 13219, "area_sqm": 3448, "poi_count": 48, "dominant_category": "生活服务", "category_entropy": 1.399, "street_block_id": 16269}}, {"type": "Feature", "geometry": {"type": "Polygon", "coordinates": [[[114.401892, 30.5045519], [114.4012011, 30.5048195], [114.4010874, 30.5048043], [114.401003, 30.5046355], [114.4010566, 30.5045185], [114.4015561, 30.50434], [114.4016629, 30.5043172], [114.4018253, 30.5042826], [114.4019174, 30.5043036], [114.4019555, 30.5043793], [114.4020014, 30.5044759], [114.401921, 30.5045407], [114.401892, 30.5045519]]]}, "properties": {"id": 13229, "block_id": 13229, "area_sqm": 3137, "poi_count": 49, "dominant_category": "生活服务", "category_entropy": 1.593, "street_block_id": 16269}}, {"type": "Feature", "geometry": {"type": "Polygon", "coordinates": [[[114.4027288, 30.5045629], [114.4020241, 30.5048341], [114.4019415, 30.5046563], [114.4019239, 30.5046187], [114.401892, 30.5045519], [114.401921, 30.5045407], [114.4020014, 30.5044759], [114.4019555, 30.5043793], [114.4020791, 30.5043464], [114.4024825, 30.5041938], [114.4025357, 30.5041502], [114.4026759, 30.5044499], [114.4027288, 30.5045629]]]}, "properties": {"id": 13233, "block_id": 13233, "area_sqm": 3350, "poi_count": 31, "dominant_category": "购物服务", "category_entropy": 1.44, "street_block_id": 16269}}, {"type": "Feature", "geometry": {"type": "Polygon", "coordinates": [[[114.3999243, 30.5043067], [114.3987178, 30.5048884], [114.3985602, 30.5048205], [114.3983617, 30.5043632], [114.3982751, 30.5041636], [114.3982972, 30.5040635], [114.3990155, 30.5040053], [114.3997693, 30.5039443], [114.3999243, 30.5043067]]]}, "properties": {"id": 13237, "block_id": 13237, "area_sqm": 10304, "poi_count": 9, "dominant_category": "住宿服务", "category_entropy": 1.735, "street_block_id": 16267}}, {"type": "Feature", "geometry": {"type": "Polygon", "coordinates": [[[114.4010874, 30.5048043], [114.4008118, 30.5049124], [114.4007844, 30.5048575], [114.4007987, 30.5048492], [114.4008094, 30.5048375], [114.4008156, 30.5048237], [114.4008167, 30.5048089], [114.4008127, 30.5047944], [114.4008035, 30.5047814], [114.4007902, 30.5047715], [114.400774, 30.5047655], [114.4007564, 30.5047641], [114.4007392, 30.5047674], [114.4007073, 30.5047155], [114.4008668, 30.5046807], [114.4009406, 30.5046668], [114.401003, 30.5046355], [114.4010874, 30.5048043]]]}, "properties": {"id": 13240, "block_id": 13240, "area_sqm": 581, "poi_count": 14, "dominant_category": "生活服务", "category_entropy": 1.39, "street_block_id": 16269}}, {"type": "Feature", "geometry": {"type": "Polygon", "coordinates": [[[114.4122031, 30.50492], [114.4119671, 30.5049397], [114.4119215, 30.5048692], [114.4118316, 30.5042163], [114.4118263, 30.5041782], [114.4118665, 30.5041077], [114.411841, 30.5038489], [114.411782, 30.5037957], [114.4117512, 30.5037807], [114.411736, 30.5035613], [114.4117274, 30.5034367], [114.4124005, 30.5033976], [114.4126816, 30.5033487], [114.4128756, 30.504855], [114.4126987, 30.5048699], [114.4126645, 30.5048727], [114.4125845, 30.5048795], [114.4125271, 30.5048844], [114.4123104, 30.5049027], [114.4122031, 30.50492]]]}, "properties": {"id": 13244, "block_id": 13244, "area_sqm": 15124, "poi_count": 1, "dominant_category": "科教文化服务", "category_entropy": 0.0, "street_block_id": 16268}}, {"type": "Feature", "geometry": {"type": "Polygon", "coordinates": [[[114.3952768, 30.5048768], [114.3951319, 30.5050879], [114.3946863, 30.5041303], [114.3945357, 30.5036827], [114.3944264, 30.5027686], [114.394235, 30.5003213], [114.3954742, 30.5002617], [114.3957325, 30.5002716], [114.3961099, 30.5002622], [114.3976087, 30.500180232], [114.397658, 30.5019154], [114.3976699, 30.5021625], [114.3977758, 30.5022126], [114.3978201, 30.5028143], [114.3979668, 30.5032109], [114.3981317, 30.5035641], [114.3973043, 30.5038071], [114.3963207, 30.5041638], [114.3961887, 30.5042603], [114.3957749, 30.5045383], [114.3952768, 30.5048768]]]}, "properties": {"id": 13256, "block_id": 13256, "area_sqm": 142833, "poi_count": 234, "dominant_category": "购物服务", "category_entropy": 2.352, "street_block_id": 16045}}, {"type": "Feature", "geometry": {"type": "Polygon", "coordinates": [[[114.4020241, 30.5048341], [114.4009698, 30.5052389], [114.4008118, 30.5049124], [114.4010874, 30.5048043], [114.4012011, 30.5048195], [114.401892, 30.5045519], [114.4019239, 30.5046187], [114.4019415, 30.5046563], [114.4020241, 30.5048341]]]}, "properties": {"id": 13267, "block_id": 13267, "area_sqm": 3923, "poi_count": 76, "dominant_category": "购物服务", "category_entropy": 1.435, "street_block_id": 16269}}, {"type": "Feature", "geometry": {"type": "Polygon", "coordinates": [[[114.4009993, 30.5052907], [114.4008995, 30.5053282], [114.4008478, 30.5052234], [114.4006668, 30.5048799], [114.4007284, 30.5048541], [114.4007462, 30.5048608], [114.4007657, 30.504862], [114.4007844, 30.5048575], [114.4008118, 30.5049124], [114.4009698, 30.5052389], [114.4020241, 30.5048341], [114.4027288, 30.5045629], [114.4035035, 30.504266], [114.4040456, 30.5040574], [114.4040905, 30.5040706], [114.404117, 30.5040587], [114.4041331, 30.5041017], [114.4040861, 30.5041156], [114.4009993, 30.5052907]]]}, "properties": {"id": 13274, "block_id": 13274, "area_sqm": 2844, "poi_count": 10, "dominant_category": "生活服务", "category_entropy": 1.643, "street_block_id": 16269}}, {"type": "Feature", "geometry": {"type": "Polygon", "coordinates": [[[114.4129595, 30.5055066], [114.4076078, 30.5059596], [114.4076429, 30.5056176], [114.4075945, 30.5052672], [114.4074962, 30.5045982], [114.4074126, 30.5038352], [114.4073916, 30.5036859], [114.4074353, 30.5036804], [114.4090724, 30.5035753], [114.4117274, 30.5034367], [114.411736, 30.5035613], [114.4117512, 30.5037807], [114.411782, 30.5037957], [114.411841, 30.5038489], [114.4118665, 30.5041077], [114.4118263, 30.5041782], [114.4118316, 30.5042163], [114.4110847, 30.5042776], [114.4110364, 30.504303], [114.4110058, 30.5043552], [114.4110042, 30.5043954], [114.4111302, 30.5054978], [114.4112117, 30.505591], [114.4119751, 30.5055243], [114.4125974, 30.50547], [114.4127208, 30.5053822], [114.4126645, 30.5048727], [114.4126987, 30.5048699], [114.4128756, 30.504855], [114.4129595, 30.5055066]]]}, "properties": {"id": 13323, "block_id": 13323, "area_sqm": 93676, "poi_count": 157, "dominant_category": "公司企业", "category_entropy": 2.329, "street_block_id": 16266}}, {"type": "Feature", "geometry": {"type": "Polygon", "coordinates": [[[114.4069959, 30.5060212], [114.4043173, 30.5062074], [114.4043389, 30.5055995], [114.404335, 30.5047467], [114.4043345, 30.5046335], [114.4042892, 30.5043034], [114.4042997, 30.5040897], [114.4044612, 30.5040554], [114.4045248, 30.5040477], [114.4045243, 30.5040985], [114.4058474, 30.5039689], [114.4066492, 30.5038364], [114.4067012, 30.5038481], [114.4067584, 30.5038882], [114.4068565, 30.5043008], [114.4068842, 30.5045873], [114.4069959, 30.5060212]]]}, "properties": {"id": 13351, "block_id": 13351, "area_sqm": 58673, "poi_count": 136, "dominant_category": "购物服务", "category_entropy": 2.224, "street_block_id": 16263}}, {"type": "Feature", "geometry": {"type": "Polygon", "coordinates": [[[114.417740441, 30.505957036], [114.4130583, 30.5062732], [114.4129595, 30.5055066], [114.4128756, 30.504855], [114.4126816, 30.5033487], [114.4140958, 30.5031034], [114.417376483, 30.50237279], [114.417399888, 30.50246185], [114.4173795, 30.5025895], [114.4176786, 30.5047669], [114.4175954, 30.5048263], [114.4176475, 30.5052368], [114.417740441, 30.505957036]]]}, "properties": {"id": 13362, "block_id": 13362, "area_sqm": 164001, "poi_count": 227, "dominant_category": "生活服务", "category_entropy": 2.113, "street_block_id": 16447}}, {"type": "Feature", "geometry": {"type": "Polygon", "coordinates": [[[114.4016956, 30.5064314], [114.4013656, 30.506493], [114.4013362, 30.5063673], [114.4012955, 30.5061968], [114.4012783, 30.5061325], [114.4012473, 30.5060433], [114.4012314, 30.5060014], [114.4012125, 30.5059515], [114.4011966, 30.5059155], [114.4011622, 30.5058456], [114.4009528, 30.5054363], [114.4008995, 30.5053282], [114.4010177, 30.5053289], [114.4041083, 30.5041461], [114.4041457, 30.5041353], [114.4042797, 30.5040969], [114.4042892, 30.5043034], [114.4043345, 30.5046335], [114.404335, 30.5047467], [114.4043389, 30.5055995], [114.4043173, 30.5062074], [114.4040135, 30.5062455], [114.4016956, 30.5064314]]]}, "properties": {"id": 13389, "block_id": 13389, "area_sqm": 56547, "poi_count": 261, "dominant_category": "生活服务", "category_entropy": 1.923, "street_block_id": 16269}}, {"type": "Feature", "geometry": {"type": "Polygon", "coordinates": [[[114.3972335, 30.5060386], [114.3961966, 30.506766], [114.3956217, 30.5059403], [114.3951319, 30.5050879], [114.3952768, 30.5048768], [114.3957749, 30.5045383], [114.3961887, 30.5042603], [114.3963207, 30.5041638], [114.3973043, 30.5038071], [114.3981317, 30.5035641], [114.3979668, 30.5032109], [114.3978201, 30.5028143], [114.3977758, 30.5022126], [114.3976699, 30.5021625], [114.397658, 30.5019154], [114.3976087, 30.500180232], [114.3986314, 30.5001243], [114.3987353, 30.5001149], [114.3988994, 30.500096], [114.3990703, 30.5000725], [114.3992235, 30.5000536], [114.39954647, 30.500012563], [114.3995495, 30.5000124], [114.3995744, 30.5001739], [114.3997776, 30.50274], [114.399799, 30.5029204], [114.3998143, 30.5030204], [114.3998327, 30.5031336], [114.3998632, 30.5032574], [114.3999029, 30.5033996], [114.399921, 30.5034618], [114.3999564, 30.5035839], [114.4000023, 30.5037274], [114.4000435, 30.5038341], [114.4000909, 30.5039328], [114.4003049, 30.5043684], [114.400371, 30.5044881], [114.4002193, 30.5045751], [114.3983283, 30.5054852], [114.397874, 30.5057224], [114.3972335, 30.5060386]], [[114.3985602, 30.5048205], [114.3987178, 30.5048884], [114.3999243, 30.5043067], [114.3997693, 30.5039443], [114.3990155, 30.5040053], [114.3982972, 30.5040635], [114.3982751, 30.5041636], [114.3983617, 30.5043632], [114.3985602, 30.5048205]]]}, "properties": {"id": 13424, "block_id": 13424, "area_sqm": 157033, "poi_count": 130, "dominant_category": "餐饮服务", "category_entropy": 2.084, "street_block_id": 16262}}, {"type": "Feature", "geometry": {"type": "Polygon", "coordinates": [[[114.4150704, 30.5073257], [114.4150221, 30.5073326], [114.4149658, 30.5073211], [114.4148988, 30.5072841], [114.4145662, 30.507298], [114.414483, 30.5073165], [114.4143677, 30.5072864], [114.4141894, 30.5072816], [114.4142141, 30.5072453], [114.4143531, 30.5071565], [114.4155936, 30.5070189], [114.4157663, 30.5071303], [114.4157463, 30.5071593], [114.4156793, 30.5072009], [114.4154781, 30.5072286], [114.4151509, 30.5072656], [114.4151106, 30.5072957], [114.4150704, 30.5073257]]]}, "properties": {"id": 13482, "block_id": 13482, "area_sqm": 2863, "poi_count": 1, "dominant_category": "地名地址信息", "category_entropy": 0.0, "street_block_id": 16473}}, {"type": "Feature", "geometry": {"type": "Polygon", "coordinates": [[[114.3961966, 30.506766], [114.394759, 30.5075618], [114.3944865, 30.5073076], [114.394345, 30.5072155], [114.3941403, 30.5071625], [114.3940319, 30.5071349], [114.3939086, 30.5071319], [114.393711822, 30.507175645], [114.3937036, 30.5071097], [114.393637991, 30.507115355], [114.3934958, 30.5059977], [114.393433, 30.5054687], [114.3934225, 30.5053883], [114.393412, 30.505338], [114.3934017, 30.5052952], [114.3933717, 30.5052273], [114.3933472, 30.5051757], [114.3933095, 30.5050703], [114.3932184, 30.5042522], [114.3931298, 30.5034942], [114.393044, 30.5028633], [114.3929609, 30.5021076], [114.3928697, 30.5013357], [114.3927989, 30.5008024], [114.3927588, 30.5004928], [114.3927056, 30.5003513], [114.3930974, 30.5003754], [114.394235, 30.5003213], [114.3944264, 30.5027686], [114.3945357, 30.5036827], [114.3946863, 30.5041303], [114.3951319, 30.5050879], [114.3956217, 30.5059403], [114.3961966, 30.506766]]]}, "properties": {"id": 13515, "block_id": 13515, "area_sqm": 124472, "poi_count": 290, "dominant_category": "购物服务", "category_entropy": 2.534, "street_block_id": 16077}}, {"type": "Feature", "geometry": {"type": "Polygon", "coordinates": [[[114.4145501, 30.5075776], [114.4144696, 30.5075915], [114.4143891, 30.5075637], [114.4141976, 30.5075713], [114.4141733, 30.5073903], [114.4141665, 30.5073396], [114.4141894, 30.5072816], [114.4143677, 30.5072864], [114.414483, 30.5073165], [114.4145662, 30.507298], [114.4148988, 30.5072841], [114.4149658, 30.5073211], [114.4150221, 30.5073326], [114.4150704, 30.5073257], [114.4151106, 30.5072957], [114.4151509, 30.5072656], [114.4154781, 30.5072286], [114.4156793, 30.5072009], [114.4157463, 30.5071593], [114.4157663, 30.5071303], [114.4158838, 30.5072179], [114.4158962, 30.5073096], [114.4159199, 30.5074223], [114.4157866, 30.5074574], [114.415682, 30.5074852], [114.4155693, 30.5074736], [114.4154566, 30.5074898], [114.4153279, 30.507499], [114.4151908, 30.5074817], [114.4151423, 30.5074604], [114.4150883, 30.5074547], [114.4149846, 30.5074274], [114.4148692, 30.5074366], [114.4147915, 30.5074759], [114.4147351, 30.5075452], [114.4146386, 30.5075545], [114.4145501, 30.5075776]]]}, "properties": {"id": 13528, "block_id": 13528, "area_sqm": 4356, "poi_count": 2, "dominant_category": "地名地址信息", "category_entropy": 0.0, "street_block_id": 16473}}, {"type": "Feature", "geometry": {"type": "Polygon", "coordinates": [[[114.4155773, 30.5077301], [114.4155452, 30.5077694], [114.4154835, 30.5077671], [114.415403, 30.5077532], [114.415352, 30.5077555], [114.4153091, 30.5077347], [114.4153145, 30.5077024], [114.4153145, 30.5076631], [114.4152521, 30.507606], [114.4152492, 30.5075591], [114.4152279, 30.507516], [114.4151908, 30.5074817], [114.4153279, 30.507499], [114.4154566, 30.5074898], [114.4155693, 30.5074736], [114.415682, 30.5074852], [114.4157866, 30.5074574], [114.4159199, 30.5074223], [114.4159354, 30.5076003], [114.4159601, 30.5077207], [114.4158643, 30.5077486], [114.4157651, 30.5077324], [114.4156685, 30.5077139], [114.4155773, 30.5077301]]]}, "properties": {"id": 13565, "block_id": 13565, "area_sqm": 1901, "poi_count": 2, "dominant_category": "科教文化服务", "category_entropy": 0.693, "street_block_id": 16473}}, {"type": "Feature", "geometry": {"type": "Polygon", "coordinates": [[[114.3983374, 30.5075858], [114.39838, 30.5078036], [114.3981325, 30.5077272], [114.3979746, 30.5077539], [114.3974439, 30.5076927], [114.3974654, 30.5076141], [114.3974573, 30.5075309], [114.3974198, 30.5074153], [114.3973554, 30.5073137], [114.3972159, 30.5071889], [114.3976675, 30.5066924], [114.3977627, 30.5065399], [114.3978192, 30.5065952], [114.3979302, 30.5067532], [114.3980607, 30.5069455], [114.3981869, 30.5071632], [114.3982161, 30.5072339], [114.3982709, 30.5073662], [114.3983374, 30.5075858]]]}, "properties": {"id": 13573, "block_id": 13573, "area_sqm": 8623, "poi_count": 115, "dominant_category": "购物服务", "category_entropy": 1.605, "street_block_id": 16282}}, {"type": "Feature", "geometry": {"type": "Polygon", "coordinates": [[[114.4146922, 30.5078457], [114.4143489, 30.5078688], [114.4142325, 30.5078322], [114.4142099, 30.507663], [114.4141976, 30.5075713], [114.4143891, 30.5075637], [114.4144696, 30.5075915], [114.4145501, 30.5075776], [114.4146386, 30.5075545], [114.4147351, 30.5075452], [114.4147915, 30.5075707], [114.414829, 30.5075961], [114.4148666, 30.5076446], [114.4148773, 30.5077047], [114.4148263, 30.5077809], [114.4147566, 30.5078364], [114.4146922, 30.5078457]]]}, "properties": {"id": 13581, "block_id": 13581, "area_sqm": 1883, "poi_count": 1, "dominant_category": "地名地址信息", "category_entropy": 0.0, "street_block_id": 16473}}, {"type": "Feature", "geometry": {"type": "Polygon", "coordinates": [[[114.4159657, 30.5078109], [114.4151448, 30.5078883], [114.4151249, 30.5077203], [114.4151578, 30.5077138], [114.4152034, 30.5076882], [114.4152362, 30.5076508], [114.4152521, 30.507606], [114.4153145, 30.5076631], [114.4153145, 30.5077024], [114.4153091, 30.5077347], [114.415352, 30.5077555], [114.415403, 30.5077532], [114.4154835, 30.5077671], [114.4155452, 30.5077694], [114.4155773, 30.5077301], [114.4156685, 30.5077139], [114.4157651, 30.5077324], [114.4158643, 30.5077486], [114.4159601, 30.5077207], [114.4159657, 30.5078109]]]}, "properties": {"id": 13589, "block_id": 13589, "area_sqm": 1099, "poi_count": 1, "dominant_category": "商务住宅", "category_entropy": 0.0, "street_block_id": 16473}}, {"type": "Feature", "geometry": {"type": "Polygon", "coordinates": [[[114.3983875, 30.507842], [114.398388747, 30.507892667], [114.3982224, 30.5077796], [114.3981295, 30.5077486], [114.397974, 30.5077751], [114.3979746, 30.5077539], [114.3981325, 30.5077272], [114.39838, 30.5078036], [114.3983875, 30.507842]]]}, "properties": {"id": 13593, "block_id": 13593, "area_sqm": 154, "poi_count": 3, "dominant_category": "地名地址信息", "category_entropy": 0.637, "street_block_id": 16282}}, {"type": "Feature", "geometry": {"type": "Polygon", "coordinates": [[[114.3971193, 30.5079122], [114.3969879, 30.5079261], [114.3968377, 30.5079076], [114.3967707, 30.5078845], [114.3966687, 30.5078151], [114.3966017, 30.5077296], [114.3965338, 30.5076076], [114.3965078, 30.5075609], [114.3972159, 30.5071889], [114.3973554, 30.5073137], [114.3974198, 30.5074153], [114.3974573, 30.5075309], [114.3974654, 30.5076141], [114.3974439, 30.5076927], [114.3973795, 30.5077828], [114.397283, 30.5078567], [114.3971193, 30.5079122]]]}, "properties": {"id": 13597, "block_id": 13597, "area_sqm": 4859, "poi_count": 108, "dominant_category": "购物服务", "category_entropy": 1.255, "street_block_id": 16282}}, {"type": "Feature", "geometry": {"type": "Polygon", "coordinates": [[[114.4071848, 30.5080154], [114.4064255, 30.5080776], [114.4064015, 30.5078778], [114.4063887, 30.5077712], [114.4063788, 30.5076891], [114.4063543, 30.5074851], [114.4063395, 30.5073617], [114.4063289, 30.5072772], [114.4061943, 30.5061501], [114.4069943, 30.5060919], [114.4072549, 30.5079606], [114.4072571, 30.5080095], [114.4071848, 30.5080154]]]}, "properties": {"id": 13631, "block_id": 13631, "area_sqm": 16907, "poi_count": 29, "dominant_category": "餐饮服务", "category_entropy": 1.942, "street_block_id": 16279}}, {"type": "Feature", "geometry": {"type": "Polygon", "coordinates": [[[114.415872, 30.508074], [114.4143693, 30.5082246], [114.4142767, 30.5081614], [114.4142596, 30.5080336], [114.4142514, 30.5079726], [114.4151448, 30.5078883], [114.4159657, 30.5078109], [114.4159673, 30.5078368], [114.4159976, 30.5080614], [114.415872, 30.508074]]]}, "properties": {"id": 13656, "block_id": 13656, "area_sqm": 4681, "poi_count": 3, "dominant_category": "地名地址信息", "category_entropy": 0.0, "street_block_id": 16476}}, {"type": "Feature", "geometry": {"type": "Polygon", "coordinates": [[[114.401102, 30.5080451], [114.4010888, 30.5082608], [114.4004548, 30.5081625], [114.3993592, 30.5079926], [114.3989183, 30.5079243], [114.3983875, 30.507842], [114.39838, 30.5078036], [114.3983374, 30.5075858], [114.3982709, 30.5073662], [114.3982161, 30.5072339], [114.3981869, 30.5071632], [114.3980607, 30.5069455], [114.3979302, 30.5067532], [114.3978192, 30.5065952], [114.3991863, 30.5060465], [114.3999216, 30.5057376], [114.4008273, 30.5053584], [114.4008877, 30.5054677], [114.4010718, 30.505828], [114.4011377, 30.505974], [114.4012024, 30.5061487], [114.4012666, 30.506378], [114.4012879, 30.5065075], [114.4012992, 30.5065748], [114.401301, 30.5066044], [114.4013, 30.5066294], [114.4012958, 30.5066985], [114.4012744, 30.5069924], [114.4012647, 30.5071432], [114.4012486, 30.5072606], [114.4012379, 30.5073449], [114.401216, 30.507461], [114.401102, 30.5080451]]]}, "properties": {"id": 13665, "block_id": 13665, "area_sqm": 70172, "poi_count": 278, "dominant_category": "生活服务", "category_entropy": 2.165, "street_block_id": 16278}}, {"type": "Feature", "geometry": {"type": "Polygon", "coordinates": [[[114.4003772, 30.5082566], [114.4003009, 30.5082697], [114.4002366, 30.5082662], [114.3999764, 30.5082315], [114.3992479, 30.5080661], [114.3989848, 30.5080247], [114.3989586, 30.5080045], [114.3989387, 30.5079794], [114.3989183, 30.5079243], [114.3993592, 30.5079926], [114.4004548, 30.5081625], [114.4003772, 30.5082566]]]}, "properties": {"id": 13669, "block_id": 13669, "area_sqm": 1822, "poi_count": 14, "dominant_category": "交通设施服务", "category_entropy": 1.512, "street_block_id": 16288}}, {"type": "Feature", "geometry": {"type": "Polygon", "coordinates": [[[114.4159232, 30.508448], [114.4149658, 30.5085412], [114.4146654, 30.5084696], [114.4144481, 30.508294], [114.4143693, 30.5082246], [114.415872, 30.508074], [114.4159232, 30.508448]]]}, "properties": {"id": 13710, "block_id": 13710, "area_sqm": 5225, "poi_count": 2, "dominant_category": "地名地址信息", "category_entropy": 0.0, "street_block_id": 16479}}, {"type": "Feature", "geometry": {"type": "Polygon", "coordinates": [[[114.4199503, 30.508518], [114.41893109, 30.508604259], [114.4189665, 30.5085875], [114.4190401, 30.5085475], [114.4191019, 30.5084987], [114.4191517, 30.508439], [114.41918, 30.5083897], [114.419196, 30.5083149], [114.4191979, 30.508267], [114.4191944, 30.5082224], [114.4191822, 30.5081708], [114.4191603, 30.5081247], [114.4191244, 30.5080695], [114.4190784, 30.5080205], [114.4190338, 30.507987], [114.418998, 30.5079663], [114.4189309, 30.5079408], [114.4188504, 30.5079246], [114.4187507, 30.5079194], [114.4186772, 30.5079291], [114.4186019, 30.5079558], [114.4185261, 30.5079973], [114.4184628, 30.5080529], [114.4184248, 30.5081043], [114.4183968, 30.50816], [114.4183749, 30.5082304], [114.418368969, 30.508287407], [114.4183472, 30.5082322], [114.4181498, 30.5066206], [114.4176154, 30.5023151], [114.4177833, 30.5022874], [114.418653, 30.5022228], [114.4187011, 30.5026802], [114.4187172, 30.5028049], [114.4187253, 30.5028697], [114.4195621, 30.5028142], [114.4195249, 30.5025104], [114.419496471, 30.502162213], [114.4217505, 30.5019995], [114.4219152, 30.5034825], [114.4254152, 30.5031678], [114.4254266, 30.5032423], [114.4255444, 30.5043724], [114.4255827, 30.5047258], [114.4256973, 30.505782], [114.4257484, 30.506367], [114.4257477, 30.5063827], [114.4258366, 30.5071388], [114.425899803, 30.507958336], [114.4257403, 30.5079702], [114.4257522, 30.5080898], [114.4243776, 30.5082109], [114.423418, 30.508277], [114.4234093, 30.5081651], [114.4230658, 30.5081917], [114.4228717, 30.5082068], [114.422884, 30.5083138], [114.4226294, 30.508352], [114.4221539, 30.5083262], [114.4199503, 30.508518]], [[114.4190908, 30.5065523], [114.4191027, 30.5066523], [114.4195259, 30.506615], [114.4195218, 30.5065805], [114.4196284, 30.5065734], [114.4196132, 30.5064029], [114.4194162, 30.506416], [114.4194211, 30.5064713], [114.4190847, 30.5065009], [114.4190908, 30.5065523]]]}, "properties": {"id": 13716, "block_id": 13716, "area_sqm": 448704, "poi_count": 574, "dominant_category": "公司企业", "category_entropy": 2.453, "street_block_id": 16467}}, {"type": "Feature", "geometry": {"type": "Polygon", "coordinates": [[[114.41893109, 30.508604259], [114.4188727, 30.5086092], [114.4186921, 30.5085896], [114.4185872, 30.5085552], [114.4185093, 30.5085044], [114.4184558, 30.5084538], [114.4184181, 30.508412], [114.418368969, 30.508287407], [114.4183749, 30.5082304], [114.4183968, 30.50816], [114.4184248, 30.5081043], [114.4184628, 30.5080529], [114.4185261, 30.5079973], [114.4186019, 30.5079558], [114.4186772, 30.5079291], [114.4187507, 30.5079194], [114.4188504, 30.5079246], [114.4189309, 30.5079408], [114.418998, 30.5079663], [114.4190338, 30.507987], [114.4190784, 30.5080205], [114.4191244, 30.5080695], [114.4191603, 30.5081247], [114.4191822, 30.5081708], [114.4191944, 30.5082224], [114.4191979, 30.508267], [114.419196, 30.5083149], [114.41918, 30.5083897], [114.4191517, 30.508439], [114.4191019, 30.5084987], [114.4190401, 30.5085475], [114.4189665, 30.5085875], [114.41893109, 30.508604259]]]}, "properties": {"id": 13721, "block_id": 13721, "area_sqm": 4715, "poi_count": 1, "dominant_category": "交通设施服务", "category_entropy": 0.0, "street_block_id": 16478}}, {"type": "Feature", "geometry": {"type": "Polygon", "coordinates": [[[114.3966192, 30.5085914], [114.3966041, 30.5086622], [114.3965298, 30.5086401], [114.3960414, 30.5085681], [114.3950061, 30.50844], [114.3948882, 30.5084189], [114.3947609, 30.5083763], [114.394673261, 30.50832095], [114.3947256, 30.5083021], [114.3947993, 30.5082517], [114.3948475, 30.5082151], [114.394931, 30.5081156], [114.3949676, 30.5080431], [114.3947885, 30.5079919], [114.3946967, 30.5079741], [114.3945564, 30.5079777], [114.3944932, 30.5079791], [114.394450685, 30.507984769], [114.394403, 30.5079167], [114.3943045, 30.5078168], [114.3943979, 30.5077798], [114.394759, 30.5075618], [114.3961966, 30.506766], [114.3972335, 30.5060386], [114.397712687, 30.506492524], [114.3977627, 30.5065399], [114.3976675, 30.5066924], [114.3972159, 30.5071889], [114.3965078, 30.5075609], [114.3965338, 30.5076076], [114.3966017, 30.5077296], [114.3966687, 30.5078151], [114.3967707, 30.5078845], [114.3967352, 30.5082343], [114.3966192, 30.5085914]]]}, "properties": {"id": 13735, "block_id": 13735, "area_sqm": 41345, "poi_count": 759, "dominant_category": "购物服务", "category_entropy": 1.523, "street_block_id": 16282}}, {"type": "Feature", "geometry": {"type": "Polygon", "coordinates": [[[114.4176998, 30.5087231], [114.417589592, 30.508734641], [114.4175604, 30.5087311], [114.4174581, 30.5086997], [114.417411122, 30.508674749], [114.4173858, 30.5086613], [114.4173255, 30.5086132], [114.4172695, 30.5085347], [114.4172317, 30.5084412], [114.4172273, 30.5083427], [114.4172466, 30.5082654], [114.417281, 30.5082002], [114.4173349, 30.5081391], [114.4173899, 30.5080944], [114.4174605, 30.5080586], [114.4175368, 30.5080346], [114.4176352, 30.5080243], [114.417733, 30.5080349], [114.4178143, 30.5080612], [114.4178906, 30.5081044], [114.417943, 30.5081507], [114.4179811, 30.5081954], [114.4180121, 30.5082435], [114.4180442, 30.5082968], [114.4180709, 30.5083713], [114.418088591, 30.508442263], [114.4180222, 30.5085348], [114.4179633, 30.5085997], [114.4178846, 30.5086608], [114.4176998, 30.5087231]]]}, "properties": {"id": 13751, "block_id": 13751, "area_sqm": 4883, "poi_count": 2, "dominant_category": "交通设施服务", "category_entropy": 0.693, "street_block_id": 16480}}, {"type": "Feature", "geometry": {"type": "Polygon", "coordinates": [[[114.411774, 30.5087769], [114.4115674, 30.5087862], [114.4115406, 30.5085435], [114.4114789, 30.5080467], [114.4117337, 30.507603], [114.411782, 30.5075614], [114.4124821, 30.5075106], [114.4125202, 30.5077766], [114.4125444, 30.5079456], [114.4124418, 30.5079728], [114.412356, 30.5080398], [114.4123372, 30.5081206], [114.412336, 30.5081383], [114.4123346, 30.5081599], [114.4123533, 30.5082131], [114.4123748, 30.5082639], [114.4124231, 30.5082893], [114.4124874, 30.5083032], [114.4125658, 30.508306], [114.4125545, 30.508599], [114.4125411, 30.5086475], [114.4124579, 30.5087145], [114.411774, 30.5087769]]]}, "properties": {"id": 13774, "block_id": 13774, "area_sqm": 11892, "poi_count": 5, "dominant_category": "地名地址信息", "category_entropy": 0.5, "street_block_id": 16477}}, {"type": "Feature", "geometry": {"type": "Polygon", "coordinates": [[[114.398344901, 30.508535797], [114.3983124, 30.5088219], [114.3981794, 30.5088045], [114.3977307, 30.5087458], [114.3966192, 30.5085914], [114.3967352, 30.5082343], [114.3967707, 30.5078845], [114.3968377, 30.5079076], [114.3969879, 30.5079261], [114.3971193, 30.5079122], [114.397283, 30.5078567], [114.3973795, 30.5077828], [114.3974439, 30.5076927], [114.3979746, 30.5077539], [114.397974, 30.5077751], [114.3981295, 30.5077486], [114.3982224, 30.5077796], [114.398388747, 30.507892667], [114.3983931, 30.5080696], [114.3983865, 30.5082415], [114.3983606, 30.5083976], [114.398344901, 30.508535797]]]}, "properties": {"id": 13781, "block_id": 13781, "area_sqm": 16006, "poi_count": 232, "dominant_category": "购物服务", "category_entropy": 1.726, "street_block_id": 16282}}, {"type": "Feature", "geometry": {"type": "Polygon", "coordinates": [[[114.4138558, 30.5089893], [114.413414, 30.5090356], [114.4134061, 30.5089741], [114.4133382, 30.5084464], [114.4132941, 30.5081046], [114.4132786, 30.5079841], [114.4132496, 30.5077592], [114.4135033, 30.5077338], [114.4142099, 30.507663], [114.4142325, 30.5078322], [114.4142514, 30.5079726], [114.4142596, 30.5080336], [114.4142767, 30.5081614], [114.4143693, 30.5082246], [114.4144481, 30.508294], [114.4146654, 30.5084696], [114.4149658, 30.5085412], [114.4159232, 30.508448], [114.4161914, 30.5084219], [114.4162125, 30.5085667], [114.4162434, 30.5087781], [114.41605, 30.5087952], [114.4138558, 30.5089893]]]}, "properties": {"id": 13834, "block_id": 13834, "area_sqm": 21403, "poi_count": 80, "dominant_category": "生活服务", "category_entropy": 2.316, "street_block_id": 16481}}, {"type": "Feature", "geometry": {"type": "Polygon", "coordinates": [[[114.413283, 30.5090493], [114.411828, 30.5091913], [114.4118066, 30.5090267], [114.4117984, 30.5089641], [114.4117903, 30.508902], [114.411774, 30.5087769], [114.4124579, 30.5087145], [114.4125411, 30.5086475], [114.4125545, 30.508599], [114.4125658, 30.508306], [114.4125706, 30.5081807], [114.4126617, 30.5081711], [114.4132941, 30.5081046], [114.4133382, 30.5084464], [114.4134061, 30.5089741], [114.413414, 30.5090356], [114.413283, 30.5090493]]]}, "properties": {"id": 13875, "block_id": 13875, "area_sqm": 11354, "poi_count": 62, "dominant_category": "餐饮服务", "category_entropy": 2.236, "street_block_id": 16482}}, {"type": "Feature", "geometry": {"type": "Polygon", "coordinates": [[[114.4008925, 30.5091907], [114.4008783, 30.5092362], [114.3984457, 30.5088434], [114.3983124, 30.5088219], [114.398344901, 30.508535797], [114.3983606, 30.5083976], [114.3983865, 30.5082415], [114.3983931, 30.5080696], [114.398388747, 30.507892667], [114.3983875, 30.507842], [114.3989183, 30.5079243], [114.3989387, 30.5079794], [114.3989586, 30.5080045], [114.3989848, 30.5080247], [114.3992479, 30.5080661], [114.3999764, 30.5082315], [114.4002366, 30.5082662], [114.4003009, 30.5082697], [114.4003772, 30.5082566], [114.4004548, 30.5081625], [114.4010888, 30.5082608], [114.4008925, 30.5091907]]]}, "properties": {"id": 13884, "block_id": 13884, "area_sqm": 26084, "poi_count": 586, "dominant_category": "购物服务", "category_entropy": 1.95, "street_block_id": 16288}}, {"type": "Feature", "geometry": {"type": "Polygon", "coordinates": [[[114.4088335, 30.5094836], [114.4083607, 30.5095175], [114.4082133, 30.5094751], [114.4081143, 30.5094308], [114.4080388, 30.5093688], [114.4079944, 30.5093162], [114.4079397, 30.5092138], [114.407884, 30.508782], [114.4077736, 30.5078602], [114.4075637, 30.5061059], [114.4076078, 30.5059596], [114.4129595, 30.5055066], [114.4130583, 30.5062732], [114.4132496, 30.5077592], [114.4132786, 30.5079841], [114.4126402, 30.5080459], [114.4125599, 30.5080536], [114.4125444, 30.5079456], [114.4125202, 30.5077766], [114.4124821, 30.5075106], [114.411782, 30.5075614], [114.4117337, 30.507603], [114.4114789, 30.5080467], [114.4115406, 30.5085435], [114.4115674, 30.5087862], [114.411774, 30.5087769], [114.4117903, 30.508902], [114.4117984, 30.5089641], [114.4118066, 30.5090267], [114.411828, 30.5091913], [114.4111152, 30.5092609], [114.4092458, 30.5094434], [114.4088335, 30.5094836]]]}, "properties": {"id": 13925, "block_id": 13925, "area_sqm": 182678, "poi_count": 149, "dominant_category": "餐饮服务", "category_entropy": 2.222, "street_block_id": 16285}}, {"type": "Feature", "geometry": {"type": "Polygon", "coordinates": [[[114.403855, 30.5095418], [114.4038581, 30.5095749], [114.4025934, 30.5094074], [114.4023152, 30.5093643], [114.4013441, 30.5092695], [114.4012325, 30.5092436], [114.4011652, 30.5092057], [114.4011108, 30.5091513], [114.4010893, 30.5091161], [114.4010802, 30.5090606], [114.4010795, 30.5090122], [114.4012049, 30.5082786], [114.4012192, 30.5080575], [114.4013456, 30.5074155], [114.4013645, 30.5073201], [114.4013811, 30.5072229], [114.4013914, 30.5071456], [114.4014014, 30.5069601], [114.4014157, 30.506707], [114.4014043, 30.5066581], [114.4013822, 30.5065638], [114.4015267, 30.5065447], [114.4017254, 30.5065185], [114.4027299, 30.5064422], [114.4030745, 30.5064295], [114.4040225, 30.5063568], [114.4043172, 30.5063214], [114.4042135, 30.5072333], [114.403855, 30.5095418]]]}, "properties": {"id": 13939, "block_id": 13939, "area_sqm": 89615, "poi_count": 66, "dominant_category": "医疗保健服务", "category_entropy": 2.0, "street_block_id": 16286}}, {"type": "Feature", "geometry": {"type": "Polygon", "coordinates": [[[114.4046775, 30.5096915], [114.4046734, 30.5097232], [114.4045106, 30.5097163], [114.4040157, 30.509647], [114.403855, 30.5095418], [114.4042135, 30.5072333], [114.4043172, 30.5063214], [114.4061943, 30.5061501], [114.4063289, 30.5072772], [114.4063395, 30.5073617], [114.4063543, 30.5074851], [114.4063788, 30.5076891], [114.4063887, 30.5077712], [114.4064015, 30.5078778], [114.4064255, 30.5080776], [114.4058382, 30.5081276], [114.4058601, 30.5083425], [114.4058814, 30.5085322], [114.4059136, 30.5088185], [114.4059328, 30.508989], [114.4046527, 30.5090901], [114.4046286, 30.509253], [114.4046762, 30.5095077], [114.4046775, 30.5096915]]]}, "properties": {"id": 13976, "block_id": 13976, "area_sqm": 65737, "poi_count": 96, "dominant_category": "政府机构及社会团体", "category_entropy": 2.342, "street_block_id": 16281}}, {"type": "Feature", "geometry": {"type": "Polygon", "coordinates": [[[114.4055195, 30.5099514], [114.4053118, 30.5099533], [114.4050617, 30.5099141], [114.4046807, 30.509901], [114.4046766, 30.5097888], [114.4046753, 30.5097576], [114.4046734, 30.5097232], [114.4055673, 30.5097232], [114.40557, 30.5097498], [114.4066161, 30.5096481], [114.4069137, 30.509624], [114.4070654, 30.5095823], [114.4071928, 30.5095384], [114.407284, 30.5094644], [114.4073886, 30.5093142], [114.4073993, 30.5091836], [114.4072571, 30.5080095], [114.4072549, 30.5079606], [114.407314, 30.5079555], [114.4073526, 30.5079522], [114.407372, 30.5079505], [114.4073651, 30.5078979], [114.4074451, 30.5078905], [114.4074514, 30.507945], [114.4075027, 30.5083533], [114.4075299, 30.5084391], [114.4075659, 30.5087718], [114.4076142, 30.5091177], [114.407607, 30.5092841], [114.4075799, 30.509387], [114.4075335, 30.50948], [114.4074706, 30.5095749], [114.4073274, 30.5096752], [114.4072197, 30.5097257], [114.406973, 30.5097892], [114.4065136, 30.5098325], [114.4060568, 30.5099073], [114.4058348, 30.5099293], [114.4055914, 30.509947], [114.4055195, 30.5099514]]]}, "properties": {"id": 14024, "block_id": 14024, "area_sqm": 9317, "poi_count": 35, "dominant_category": "住宿服务", "category_entropy": 2.241, "street_block_id": 16290}}, {"type": "Feature", "geometry": {"type": "Polygon", "coordinates": [[[114.4181358, 30.5101081], [114.4166817, 30.5102393], [114.4166443, 30.5099313], [114.4163932, 30.5099539], [114.4163252, 30.5093931], [114.4163026, 30.5092106], [114.416997, 30.5091381], [114.4178929, 30.5090522], [114.4179993, 30.509051], [114.4180726, 30.5091055], [114.4181529, 30.5091791], [114.4182172, 30.5096113], [114.4182891, 30.5100943], [114.4181358, 30.5101081]]]}, "properties": {"id": 14080, "block_id": 14080, "area_sqm": 20109, "poi_count": 25, "dominant_category": "交通设施服务", "category_entropy": 1.911, "street_block_id": 16487}}, {"type": "Feature", "geometry": {"type": "Polygon", "coordinates": [[[114.4076353, 30.5102768], [114.4075738, 30.5102814], [114.4072693, 30.5100972], [114.4075972, 30.5100726], [114.4080224, 30.5100407], [114.4083028, 30.5100196], [114.4081058, 30.5102414], [114.4080447, 30.510246], [114.4079208, 30.5102553], [114.4079424, 30.5101299], [114.4079398, 30.5101068], [114.4079277, 30.5100964], [114.4079143, 30.5100872], [114.4078997, 30.5100849], [114.4076996, 30.5100999], [114.4076876, 30.5101068], [114.4076742, 30.5101184], [114.4076675, 30.5101346], [114.4076756, 30.5101554], [114.4077268, 30.5102699], [114.4076353, 30.5102768]]]}, "properties": {"id": 14085, "block_id": 14085, "area_sqm": 1287, "poi_count": 1, "dominant_category": "通行设施", "category_entropy": 0.0, "street_block_id": 16293}}, {"type": "Feature", "geometry": {"type": "Polygon", "coordinates": [[[114.4118174, 30.5102036], [114.4117429, 30.5103177], [114.4115887, 30.5102505], [114.4116649, 30.5101176], [114.4117299, 30.5100104], [114.4117763, 30.509996], [114.4119101, 30.5100616], [114.4118174, 30.5102036]]]}, "properties": {"id": 14095, "block_id": 14095, "area_sqm": 568, "poi_count": 1, "dominant_category": "交通设施服务", "category_entropy": 0.0, "street_block_id": 16492}}, {"type": "Feature", "geometry": {"type": "Polygon", "coordinates": [[[114.4120745, 30.5101708], [114.4119128, 30.5104151], [114.4117993, 30.5103593], [114.4118832, 30.5102326], [114.411961, 30.510115], [114.4120745, 30.5101708]]]}, "properties": {"id": 14110, "block_id": 14110, "area_sqm": 391, "poi_count": 1, "dominant_category": "体育休闲服务", "category_entropy": 0.0, "street_block_id": 16492}}, {"type": "Feature", "geometry": {"type": "Polygon", "coordinates": [[[114.407644, 30.5103359], [114.4075938, 30.5104297], [114.4073223, 30.5101926], [114.4071364, 30.5101739], [114.4063544, 30.5102392], [114.405409, 30.5103098], [114.4052175, 30.5103407], [114.4050279, 30.5103752], [114.4048806, 30.5103926], [114.4046241, 30.5104119], [114.4046136, 30.5103137], [114.4045933, 30.5101698], [114.4050817, 30.5101563], [114.4060634, 30.5101101], [114.4062666, 30.5101059], [114.4067511, 30.5100671], [114.4075895, 30.5100043], [114.4075972, 30.5100726], [114.4072693, 30.5100972], [114.4075738, 30.5102814], [114.4076353, 30.5102768], [114.407644, 30.5103359]]]}, "properties": {"id": 14113, "block_id": 14113, "area_sqm": 5356, "poi_count": 3, "dominant_category": "科教文化服务", "category_entropy": 1.099, "street_block_id": 16293}}, {"type": "Feature", "geometry": {"type": "Polygon", "coordinates": [[[114.4046311, 30.5104773], [114.4043833, 30.5104923], [114.4042116, 30.5104876], [114.4040453, 30.510483], [114.4039649, 30.5104899], [114.4038308, 30.5104899], [114.4036725, 30.5104715], [114.4035303, 30.5104368], [114.4033989, 30.5103929], [114.4033104, 30.5103628], [114.4030842, 30.5103384], [114.4031286, 30.5100667], [114.4031351, 30.5100232], [114.4041349, 30.5101365], [114.4045933, 30.5101698], [114.4046136, 30.5103137], [114.4046241, 30.5104119], [114.4046311, 30.5104773]]]}, "properties": {"id": 14121, "block_id": 14121, "area_sqm": 5603, "poi_count": 2, "dominant_category": "通行设施", "category_entropy": 0.693, "street_block_id": 16295}}, {"type": "Feature", "geometry": {"type": "Polygon", "coordinates": [[[114.409604, 30.5109902], [114.4094628, 30.5110026], [114.4093507, 30.5100563], [114.4104084, 30.5099634], [114.4104642, 30.5100285], [114.4105566, 30.5101364], [114.410635, 30.5107986], [114.4105853, 30.510904], [114.409604, 30.5109902]]]}, "properties": {"id": 14179, "block_id": 14179, "area_sqm": 11889, "poi_count": 5, "dominant_category": "科教文化服务", "category_entropy": 0.673, "street_block_id": 16298}}, {"type": "Feature", "geometry": {"type": "Polygon", "coordinates": [[[114.4163152, 30.5116532], [114.4154309, 30.5117267], [114.4153949, 30.5113935], [114.4162637, 30.511314], [114.4163152, 30.5116532]]]}, "properties": {"id": 14282, "block_id": 14282, "area_sqm": 3172, "poi_count": 2, "dominant_category": "商务住宅", "category_entropy": 0.693, "street_block_id": 16493}}, {"type": "Feature", "geometry": {"type": "Polygon", "coordinates": [[[114.4162637, 30.511314], [114.4153949, 30.5113935], [114.415361, 30.5110793], [114.4162168, 30.5110048], [114.4162637, 30.511314]]]}, "properties": {"id": 14229, "block_id": 14229, "area_sqm": 2893, "poi_count": 2, "dominant_category": "商务住宅", "category_entropy": 0.693, "street_block_id": 16491}}, {"type": "Feature", "geometry": {"type": "Polygon", "coordinates": [[[114.4096442, 30.5113812], [114.4093554, 30.511403], [114.4093466, 30.5113697], [114.4092603, 30.5112617], [114.4080532, 30.5103013], [114.4080447, 30.510246], [114.4081058, 30.5102414], [114.4083028, 30.5100196], [114.4080224, 30.5100407], [114.4080138, 30.5099716], [114.4093884, 30.5098262], [114.4113901, 30.5096434], [114.4113965, 30.5097656], [114.4114027, 30.5098474], [114.4114123, 30.5099507], [114.4104642, 30.5100285], [114.4104084, 30.5099634], [114.4093507, 30.5100563], [114.4094628, 30.5110026], [114.409604, 30.5109902], [114.4096442, 30.5113812]]]}, "properties": {"id": 14231, "block_id": 14231, "area_sqm": 19877, "poi_count": 3, "dominant_category": "交通设施服务", "category_entropy": 0.637, "street_block_id": 16298}}, {"type": "Feature", "geometry": {"type": "Polygon", "coordinates": [[[114.3978577, 30.510678], [114.397678, 30.511496], [114.3967232, 30.5113527], [114.3968519, 30.5107057], [114.3970044, 30.5101753], [114.3979194, 30.5103522], [114.3978577, 30.510678]]]}, "properties": {"id": 14245, "block_id": 14245, "area_sqm": 12196, "poi_count": 3, "dominant_category": "科教文化服务", "category_entropy": 0.0, "street_block_id": 16297}}, {"type": "Feature", "geometry": {"type": "Polygon", "coordinates": [[[114.4255557, 30.5115403], [114.4244848, 30.5116241], [114.424425, 30.511051], [114.4254908, 30.5109676], [114.4255557, 30.5115403]]]}, "properties": {"id": 14269, "block_id": 14269, "area_sqm": 6569, "poi_count": 7, "dominant_category": "科教文化服务", "category_entropy": 0.956, "street_block_id": 16500}}, {"type": "Feature", "geometry": {"type": "Polygon", "coordinates": [[[114.4112595, 30.5115316], [114.4096767, 30.5116733], [114.4096442, 30.5113812], [114.409604, 30.5109902], [114.4105853, 30.510904], [114.4112327, 30.5108471], [114.4112362, 30.5111698], [114.4112107, 30.5111703], [114.4111865, 30.5111774], [114.4111658, 30.5111903], [114.4111505, 30.511208], [114.4111421, 30.5112288], [114.4111412, 30.5112508], [114.4111479, 30.511272], [114.4111617, 30.5112906], [114.4111812, 30.5113048], [114.4112048, 30.5113133], [114.411234, 30.511315], [114.4112595, 30.5115316]]]}, "properties": {"id": 14277, "block_id": 14277, "area_sqm": 11592, "poi_count": 15, "dominant_category": "科教文化服务", "category_entropy": 0.245, "street_block_id": 16298}}, {"type": "Feature", "geometry": {"type": "Polygon", "coordinates": [[[114.4061101, 30.5116917], [114.4047735, 30.5118066], [114.4046311, 30.5104773], [114.4046241, 30.5104119], [114.4048806, 30.5103926], [114.4050279, 30.5103752], [114.4052175, 30.5103407], [114.405409, 30.5103098], [114.4063544, 30.5102392], [114.4065064, 30.5116577], [114.4061101, 30.5116917]]]}, "properties": {"id": 14298, "block_id": 14298, "area_sqm": 26324, "poi_count": 6, "dominant_category": "科教文化服务", "category_entropy": 0.868, "street_block_id": 16293}}, {"type": "Feature", "geometry": {"type": "Polygon", "coordinates": [[[114.4207833, 30.5119277], [114.41882, 30.5120539], [114.4188082, 30.5118247], [114.4185845, 30.5100811], [114.4184762, 30.5092378], [114.4184627, 30.5091323], [114.4184687, 30.5090659], [114.4185277, 30.509008], [114.4186243, 30.5089549], [114.4188083, 30.5089107], [114.4199544, 30.5088126], [114.4216584, 30.5086693], [114.4217181, 30.5086569], [114.4220705, 30.5085837], [114.4228997, 30.5085149], [114.4229145, 30.5086209], [114.4231103, 30.5086058], [114.4234805, 30.508577], [114.4234682, 30.5084677], [114.4257705, 30.5082765], [114.4259349, 30.5082623], [114.4259003, 30.5083674], [114.4259369, 30.5086396], [114.4260498, 30.5094831], [114.4262425, 30.5109196], [114.4260648, 30.5109228], [114.4254908, 30.5109676], [114.424425, 30.511051], [114.4244848, 30.5116241], [114.4255557, 30.5115403], [114.4255405, 30.5116511], [114.4238768, 30.5117586], [114.4221152, 30.5118468], [114.4207833, 30.5119277]]]}, "properties": {"id": 14348, "block_id": 14348, "area_sqm": 246054, "poi_count": 327, "dominant_category": "购物服务", "category_entropy": 2.313, "street_block_id": 16500}}, {"type": "Feature", "geometry": {"type": "Polygon", "coordinates": [[[114.4163669, 30.5119934], [114.4154687, 30.5120773], [114.4154309, 30.5117267], [114.4163152, 30.5116532], [114.4163669, 30.5119934]]]}, "properties": {"id": 14356, "block_id": 14356, "area_sqm": 3313, "poi_count": 2, "dominant_category": "商务住宅", "category_entropy": 0.0, "street_block_id": 16494}}, {"type": "Feature", "geometry": {"type": "Polygon", "coordinates": [[[114.4123893, 30.5112011], [114.4124848, 30.5120816], [114.4124016, 30.5120398], [114.4122568, 30.5119798], [114.4120717, 30.5119473], [114.4119134, 30.5119474], [114.4113076, 30.5120043], [114.4112595, 30.5115316], [114.411234, 30.511315], [114.4112574, 30.5113101], [114.4112811, 30.5112976], [114.4112988, 30.5112792], [114.4113087, 30.5112568], [114.4113097, 30.5112329], [114.4113016, 30.51121], [114.4112854, 30.5111906], [114.4112628, 30.5111767], [114.4112362, 30.5111698], [114.4112327, 30.5108471], [114.4112268, 30.5107169], [114.4112389, 30.5105736], [114.4112566, 30.510485], [114.411301, 30.510394], [114.4113892, 30.5102722], [114.4114151, 30.510217], [114.411423, 30.5100655], [114.4114123, 30.5099507], [114.4122736, 30.509879], [114.4126456, 30.5098457], [114.4129826, 30.5098156], [114.4132295, 30.5097943], [114.413293, 30.5098406], [114.4133361, 30.5101067], [114.4135769, 30.5100873], [114.4136704, 30.51073], [114.4136534, 30.5107632], [114.4136615, 30.5108291], [114.4136052, 30.5109054], [114.4134817, 30.5109239], [114.4131984, 30.5109498], [114.4132048, 30.5110195], [114.4132146, 30.5111273], [114.4123893, 30.5112011]], [[114.4124323, 30.5110817], [114.4124354, 30.511112], [114.4126104, 30.5110987], [114.412604, 30.5110362], [114.412429, 30.5110496], [114.4124323, 30.5110817]], [[114.4129295, 30.5110043], [114.4129365, 30.5110709], [114.413122, 30.5110564], [114.4131188, 30.5110255], [114.4131151, 30.5109898], [114.4129295, 30.5110043]], [[114.4117993, 30.5103593], [114.4119128, 30.5104151], [114.4120745, 30.5101708], [114.411961, 30.510115], [114.4118832, 30.5102326], [114.4117993, 30.5103593]], [[114.4118174, 30.5102036], [114.4119101, 30.5100616], [114.4117763, 30.509996], [114.4117299, 30.5100104], [114.4116649, 30.5101176], [114.4115887, 30.5102505], [114.4117429, 30.5103177], [114.4118174, 30.5102036]]]}, "properties": {"id": 14360, "block_id": 14360, "area_sqm": 38994, "poi_count": 13, "dominant_category": "体育休闲服务", "category_entropy": 1.413, "street_block_id": 16492}}, {"type": "Feature", "geometry": {"type": "Polygon", "coordinates": [[[114.4113076, 30.5120043], [114.4097337, 30.5121453], [114.4097009, 30.5119009], [114.4096767, 30.5116733], [114.4112595, 30.5115316], [114.4113076, 30.5120043]]]}, "properties": {"id": 14380, "block_id": 14380, "area_sqm": 8021, "poi_count": 1, "dominant_category": "商务住宅", "category_entropy": 0.0, "street_block_id": 16299}}, {"type": "Feature", "geometry": {"type": "Polygon", "coordinates": [[[114.402981, 30.510952], [114.4027264, 30.512279], [114.4007325, 30.511966], [114.400795292, 30.511585536], [114.4004108, 30.511529], [114.4005813, 30.5106052], [114.402981, 30.510952]]]}, "properties": {"id": 14414, "block_id": 14414, "area_sqm": 32778, "poi_count": 12, "dominant_category": "科教文化服务", "category_entropy": 1.075, "street_block_id": 16296}}, {"type": "Feature", "geometry": {"type": "Polygon", "coordinates": [[[114.4047735, 30.5118066], [114.4048519, 30.5125516], [114.4038458, 30.5124288], [114.4027264, 30.512279], [114.402981, 30.510952], [114.4030087, 30.5107736], [114.4030842, 30.5103384], [114.4033104, 30.5103628], [114.4033989, 30.5103929], [114.4035303, 30.5104368], [114.4036725, 30.5104715], [114.4038308, 30.5104899], [114.4039649, 30.5104899], [114.4040453, 30.510483], [114.4042116, 30.5104876], [114.4043833, 30.5104923], [114.4046311, 30.5104773], [114.4047735, 30.5118066]]]}, "properties": {"id": 14477, "block_id": 14477, "area_sqm": 38649, "poi_count": 24, "dominant_category": "科教文化服务", "category_entropy": 1.135, "street_block_id": 16295}}, {"type": "Feature", "geometry": {"type": "Polygon", "coordinates": [[[114.405871, 30.5122482], [114.4048519, 30.5125516], [114.4047735, 30.5118066], [114.4061101, 30.5116917], [114.4065064, 30.5116577], [114.4066521, 30.5116447], [114.406713, 30.5121729], [114.405871, 30.5122482]]]}, "properties": {"id": 14478, "block_id": 14478, "area_sqm": 11912, "poi_count": 7, "dominant_category": "科教文化服务", "category_entropy": 0.598, "street_block_id": 16301}}, {"type": "Feature", "geometry": {"type": "Polygon", "coordinates": [[[114.4050639, 30.5128481], [114.4048897, 30.5128648], [114.4048519, 30.5125516], [114.405871, 30.5122482], [114.406713, 30.5121729], [114.406772, 30.5126845], [114.4067476, 30.5126868], [114.4063528, 30.5127247], [114.4050639, 30.5128481]]]}, "properties": {"id": 14547, "block_id": 14547, "area_sqm": 9309, "poi_count": 3, "dominant_category": "科教文化服务", "category_entropy": 0.637, "street_block_id": 16304}}, {"type": "Feature", "geometry": {"type": "Polygon", "coordinates": [[[114.4074661, 30.5126225], [114.406772, 30.5126845], [114.406713, 30.5121729], [114.4066521, 30.5116447], [114.4093554, 30.511403], [114.4094252, 30.5119279], [114.4094854, 30.512442], [114.4093524, 30.5124537], [114.4088488, 30.512497], [114.4080995, 30.5125659], [114.4074661, 30.5126225]]]}, "properties": {"id": 14510, "block_id": 14510, "area_sqm": 30288, "poi_count": 22, "dominant_category": "科教文化服务", "category_entropy": 0.586, "street_block_id": 16300}}, {"type": "Feature", "geometry": {"type": "Polygon", "coordinates": [[[114.4164214, 30.5127028], [114.415547, 30.5128005], [114.4155049, 30.5124121], [114.4164175, 30.5123268], [114.4164738, 30.5126979], [114.4164214, 30.5127028]]]}, "properties": {"id": 14535, "block_id": 14535, "area_sqm": 3761, "poi_count": 1, "dominant_category": "商务住宅", "category_entropy": 0.0, "street_block_id": 16498}}, {"type": "Feature", "geometry": {"type": "Polygon", "coordinates": [[[114.4116108, 30.512976], [114.4115384, 30.5129908], [114.4114872, 30.5125737], [114.411488, 30.5125349], [114.411504, 30.5125034], [114.4120434, 30.5120805], [114.4120995, 30.5120467], [114.4121473, 30.5120467], [114.4123383, 30.5120999], [114.4123833, 30.5121289], [114.4124001, 30.5121725], [114.4124226, 30.5124508], [114.4123945, 30.5125283], [114.4122936, 30.5126742], [114.4122489, 30.5127068], [114.4122306, 30.5127341], [114.4120715, 30.512855], [114.4119057, 30.5128985], [114.4118018, 30.5128937], [114.4116108, 30.512976]]]}, "properties": {"id": 14570, "block_id": 14570, "area_sqm": 6091, "poi_count": 1, "dominant_category": "风景名胜", "category_entropy": 0.0, "street_block_id": 16492}}, {"type": "Feature", "geometry": {"type": "Polygon", "coordinates": [[[114.4133375, 30.5129899], [114.4125884, 30.513067], [114.4125729, 30.5129158], [114.4125393, 30.5125812], [114.4124848, 30.5120816], [114.4123893, 30.5112011], [114.4132146, 30.5111273], [114.4132048, 30.5110195], [114.4131984, 30.5109498], [114.4134817, 30.5109239], [114.4136052, 30.5109054], [114.4136615, 30.5108291], [114.4136534, 30.5107632], [114.4136704, 30.51073], [114.4145022, 30.5106631], [114.4147398, 30.5128593], [114.4141552, 30.5129138], [114.414021, 30.5129263], [114.4133375, 30.5129899]]]}, "properties": {"id": 14589, "block_id": 14589, "area_sqm": 47003, "poi_count": 6, "dominant_category": "体育休闲服务", "category_entropy": 0.868, "street_block_id": 16492}}, {"type": "Feature", "geometry": {"type": "Polygon", "coordinates": [[[114.4122942, 30.5130973], [114.4114504, 30.513187], [114.4114368, 30.5130749], [114.4114276, 30.5129983], [114.4113665, 30.5124923], [114.4113076, 30.5120043], [114.4119134, 30.5119474], [114.4120717, 30.5119473], [114.4122568, 30.5119798], [114.4124016, 30.5120398], [114.4124848, 30.5120816], [114.4125393, 30.5125812], [114.4125729, 30.5129158], [114.4123503, 30.5129503], [114.4122908, 30.5129857], [114.4122822, 30.5130347], [114.4122942, 30.5130973]], [[114.4114872, 30.5125737], [114.4115384, 30.5129908], [114.4116108, 30.512976], [114.4118018, 30.5128937], [114.4119057, 30.5128985], [114.4120715, 30.512855], [114.4122306, 30.5127341], [114.4122489, 30.5127068], [114.4122936, 30.5126742], [114.4123945, 30.5125283], [114.4124226, 30.5124508], [114.4124001, 30.5121725], [114.4123833, 30.5121289], [114.4123383, 30.5120999], [114.4121473, 30.5120467], [114.4120995, 30.5120467], [114.4120434, 30.5120805], [114.411504, 30.5125034], [114.411488, 30.5125349], [114.4114872, 30.5125737]]]}, "properties": {"id": 14618, "block_id": 14618, "area_sqm": 7636, "poi_count": 1, "dominant_category": "风景名胜", "category_entropy": 0.0, "street_block_id": 16492}}, {"type": "Feature", "geometry": {"type": "Polygon", "coordinates": [[[114.421067, 30.5126783], [114.421225, 30.5132366], [114.4202495, 30.5131884], [114.4202436, 30.5126388], [114.4198662, 30.5126425], [114.4192061, 30.5126531], [114.4191179, 30.5123784], [114.4191495, 30.5123262], [114.4207148, 30.5122002], [114.4208683, 30.5122187], [114.4209525, 30.5122929], [114.421067, 30.5126783]]]}, "properties": {"id": 14633, "block_id": 14633, "area_sqm": 12976, "poi_count": 2, "dominant_category": "科教文化服务", "category_entropy": 0.0, "street_block_id": 16500}}, {"type": "Feature", "geometry": {"type": "Polygon", "coordinates": [[[114.4048897, 30.5128648], [114.4049405, 30.513285], [114.4044705, 30.5132222], [114.4043198, 30.5132018], [114.4037046, 30.5131185], [114.4038458, 30.5124288], [114.4048519, 30.5125516], [114.4048897, 30.5128648]]]}, "properties": {"id": 14644, "block_id": 14644, "area_sqm": 8532, "poi_count": 4, "dominant_category": "科教文化服务", "category_entropy": 0.0, "street_block_id": 16305}}, {"type": "Feature", "geometry": {"type": "Polygon", "coordinates": [[[114.4104344, 30.5132779], [114.4102603, 30.5132935], [114.4101854, 30.5131884], [114.4101474, 30.51315], [114.4101075, 30.5131066], [114.4100872, 30.5130565], [114.410134, 30.5129863], [114.410193, 30.5129266], [114.4101531, 30.5129037], [114.4101531, 30.5128579], [114.4101816, 30.512817], [114.4101607, 30.5127712], [114.4101113, 30.512763], [114.4100639, 30.5128301], [114.409915, 30.5128947], [114.4098202, 30.5128048], [114.4097701, 30.5124139], [114.4097337, 30.5121453], [114.4113076, 30.5120043], [114.4113665, 30.5124923], [114.4112155, 30.5125046], [114.4110736, 30.5124995], [114.4109922, 30.5125105], [114.4107042, 30.5126401], [114.4102492, 30.5128876], [114.4102022, 30.5129422], [114.4101298, 30.5130161], [114.4101123, 30.5130589], [114.4101365, 30.5131132], [114.4101915, 30.5131629], [114.4102773, 30.5131825], [114.4104191, 30.5131693], [114.4104344, 30.5132779]]]}, "properties": {"id": 14647, "block_id": 14647, "area_sqm": 10685, "poi_count": 3, "dominant_category": "政府机构及社会团体", "category_entropy": 0.637, "street_block_id": 16302}}, {"type": "Feature", "geometry": {"type": "Polygon", "coordinates": [[[114.4081322, 30.5128436], [114.4081923, 30.5133551], [114.4080656, 30.5133358], [114.4079649, 30.5133172], [114.4076932, 30.513341], [114.4076378, 30.5130335], [114.4077469, 30.5129781], [114.4078506, 30.5129652], [114.4079402, 30.5129556], [114.4080353, 30.5128508], [114.4080885, 30.5128386], [114.4081322, 30.5128436]]]}, "properties": {"id": 14660, "block_id": 14660, "area_sqm": 2136, "poi_count": 1, "dominant_category": "风景名胜", "category_entropy": 0.0, "street_block_id": 16298}}, {"type": "Feature", "geometry": {"type": "Polygon", "coordinates": [[[114.3973307, 30.5126894], [114.3972588, 30.5133928], [114.3963412, 30.5133076], [114.3963755, 30.5130266], [114.3964414, 30.5129727], [114.3965158, 30.5125644], [114.3973307, 30.5126894]]]}, "properties": {"id": 14667, "block_id": 14667, "area_sqm": 6809, "poi_count": 2, "dominant_category": "体育休闲服务", "category_entropy": 0.693, "street_block_id": 16297}}, {"type": "Feature", "geometry": {"type": "Polygon", "coordinates": [[[114.402604, 30.5129317], [114.4025137, 30.5134011], [114.400126, 30.5130552], [114.4003415, 30.5119046], [114.4007325, 30.511966], [114.4027264, 30.512279], [114.4026598, 30.5126493], [114.4022494, 30.5126014], [114.4021931, 30.5128741], [114.4024035, 30.5129064], [114.402604, 30.5129317]]]}, "properties": {"id": 14668, "block_id": 14668, "area_sqm": 28443, "poi_count": 15, "dominant_category": "科教文化服务", "category_entropy": 0.73, "street_block_id": 16303}}, {"type": "Feature", "geometry": {"type": "Polygon", "coordinates": [[[114.4164913, 30.5133171], [114.4153044, 30.5134276], [114.4152243, 30.5128142], [114.415547, 30.5128005], [114.4164214, 30.5127028], [114.4164913, 30.5133171]]]}, "properties": {"id": 14670, "block_id": 14670, "area_sqm": 7771, "poi_count": 4, "dominant_category": "生活服务", "category_entropy": 0.693, "street_block_id": 16503}}, {"type": "Feature", "geometry": {"type": "Polygon", "coordinates": [[[114.4037046, 30.5131185], [114.4036153, 30.5135607], [114.4033299, 30.5135194], [114.4025137, 30.5134011], [114.402604, 30.5129317], [114.4026598, 30.5126493], [114.4027264, 30.512279], [114.4038458, 30.5124288], [114.4037046, 30.5131185]]]}, "properties": {"id": 14706, "block_id": 14706, "area_sqm": 13661, "poi_count": 8, "dominant_category": "科教文化服务", "category_entropy": 0.736, "street_block_id": 16305}}, {"type": "Feature", "geometry": {"type": "Polygon", "coordinates": [[[114.4082066, 30.513477], [114.4071185, 30.5135742], [114.4071608, 30.5134242], [114.4072723, 30.513384], [114.4074099, 30.5133872], [114.4075667, 30.5133734], [114.4076932, 30.513341], [114.4079649, 30.5133172], [114.4080656, 30.5133358], [114.4081923, 30.5133551], [114.4082066, 30.513477]]]}, "properties": {"id": 14710, "block_id": 14710, "area_sqm": 1871, "poi_count": 1, "dominant_category": "地名地址信息", "category_entropy": 0.0, "street_block_id": 16298}}, {"type": "Feature", "geometry": {"type": "Polygon", "coordinates": [[[114.395615, 30.513677], [114.3955467, 30.5137013], [114.3947153, 30.5135858], [114.3947633, 30.5135339], [114.3947796, 30.5127932], [114.394835, 30.5127327], [114.3957459, 30.5128285], [114.3956621, 30.513241], [114.3956533, 30.5136307], [114.395615, 30.513677]]]}, "properties": {"id": 14745, "block_id": 14745, "area_sqm": 8485, "poi_count": 9, "dominant_category": "住宿服务", "category_entropy": 1.427, "street_block_id": 16116}}, {"type": "Feature", "geometry": {"type": "Polygon", "coordinates": [[[114.4165306, 30.5137], [114.4153543, 30.5138098], [114.4153044, 30.5134276], [114.4164913, 30.5133171], [114.4165306, 30.5137]]]}, "properties": {"id": 14765, "block_id": 14765, "area_sqm": 4862, "poi_count": 1, "dominant_category": "商务住宅", "category_entropy": 0.0, "street_block_id": 16503}}, {"type": "Feature", "geometry": {"type": "Polygon", "coordinates": [[[114.3980226, 30.5138337], [114.3973766, 30.513861], [114.3973635, 30.5138151], [114.3973239, 30.5137684], [114.3972772, 30.5137436], [114.3972204, 30.5137342], [114.3972588, 30.5133928], [114.3984144, 30.5134963], [114.3984135, 30.5136597], [114.3983625, 30.5136621], [114.398296, 30.5136828], [114.3982403, 30.5137223], [114.3982029, 30.5137769], [114.3980226, 30.5138337]]]}, "properties": {"id": 14772, "block_id": 14772, "area_sqm": 4501, "poi_count": 1, "dominant_category": "地名地址信息", "category_entropy": 0.0, "street_block_id": 16309}}, {"type": "Feature", "geometry": {"type": "Polygon", "coordinates": [[[114.3970674, 30.5138331], [114.3970618, 30.5138801], [114.3965231, 30.51387], [114.3963053, 30.5136546], [114.3963061, 30.5136474], [114.3963412, 30.5133076], [114.3972588, 30.5133928], [114.3972204, 30.5137342], [114.3971743, 30.5137417], [114.3971315, 30.5137573], [114.3970919, 30.51379], [114.3970674, 30.5138331]]]}, "properties": {"id": 14777, "block_id": 14777, "area_sqm": 4702, "poi_count": 1, "dominant_category": "地名地址信息", "category_entropy": 0.0, "street_block_id": 16309}}, {"type": "Feature", "geometry": {"type": "Polygon", "coordinates": [[[114.4153543, 30.5138098], [114.4145166, 30.5138972], [114.4144187, 30.5130479], [114.4141697, 30.5130693], [114.4141552, 30.5129138], [114.4147398, 30.5128593], [114.4152243, 30.5128142], [114.4153044, 30.5134276], [114.4153543, 30.5138098]]]}, "properties": {"id": 14780, "block_id": 14780, "area_sqm": 9370, "poi_count": 11, "dominant_category": "生活服务", "category_entropy": 1.414, "street_block_id": 16504}}, {"type": "Feature", "geometry": {"type": "Polygon", "coordinates": [[[114.3956996, 30.5136066], [114.3953708, 30.5139266], [114.3947153, 30.5135858], [114.3955467, 30.5137013], [114.395615, 30.513677], [114.3956533, 30.5136307], [114.3956621, 30.513241], [114.3957459, 30.5128285], [114.3958213, 30.5124863], [114.3959068, 30.5124895], [114.3965158, 30.5125644], [114.3964414, 30.5129727], [114.3963755, 30.5130266], [114.3963412, 30.5133076], [114.3963061, 30.5136474], [114.3959437, 30.513623], [114.3956996, 30.5136066]]]}, "properties": {"id": 14786, "block_id": 14786, "area_sqm": 9333, "poi_count": 3, "dominant_category": "地名地址信息", "category_entropy": 0.637, "street_block_id": 16297}}, {"type": "Feature", "geometry": {"type": "Polygon", "coordinates": [[[114.412497, 30.5138607], [114.4115436, 30.5139593], [114.4114504, 30.513187], [114.4122942, 30.5130973], [114.4125884, 30.513067], [114.4133375, 30.5129899], [114.4134301, 30.5137729], [114.412497, 30.5138607]]]}, "properties": {"id": 14790, "block_id": 14790, "area_sqm": 15775, "poi_count": 34, "dominant_category": "科教文化服务", "category_entropy": 0.672, "street_block_id": 16508}}, {"type": "Feature", "geometry": {"type": "Polygon", "coordinates": [[[114.4143451, 30.5139152], [114.4134592, 30.5140085], [114.4134301, 30.5137729], [114.4133375, 30.5129899], [114.414021, 30.5129263], [114.4141552, 30.5129138], [114.4141697, 30.5130693], [114.4144187, 30.5130479], [114.4145166, 30.5138972], [114.4143451, 30.5139152]]]}, "properties": {"id": 14798, "block_id": 14798, "area_sqm": 11145, "poi_count": 10, "dominant_category": "餐饮服务", "category_entropy": 1.28, "street_block_id": 16504}}, {"type": "Feature", "geometry": {"type": "Polygon", "coordinates": [[[114.4202557, 30.5139461], [114.4197589, 30.5140132], [114.4192061, 30.5126531], [114.4198662, 30.5126425], [114.420067, 30.5132016], [114.4202468, 30.5135766], [114.4202557, 30.5139461]]]}, "properties": {"id": 14800, "block_id": 14800, "area_sqm": 8963, "poi_count": 5, "dominant_category": "科教文化服务", "category_entropy": 0.0, "street_block_id": 16500}}, {"type": "Feature", "geometry": {"type": "Polygon", "coordinates": [[[114.3998086, 30.5140664], [114.399696, 30.5140872], [114.3989899, 30.5139788], [114.3987572, 30.5140527], [114.398748, 30.5138172], [114.398744, 30.5135328], [114.3984144, 30.5134963], [114.3972588, 30.5133928], [114.3973307, 30.5126894], [114.3965158, 30.5125644], [114.3959068, 30.5124895], [114.3958213, 30.5124863], [114.3949407, 30.5123923], [114.3945833, 30.5123771], [114.3940997, 30.5122674], [114.3940942, 30.5120608], [114.3941559, 30.5117878], [114.394152762, 30.51173246], [114.3941333, 30.5113893], [114.394037, 30.5104958], [114.3940073, 30.5102205], [114.3939726, 30.5098982], [114.393938587, 30.509631204], [114.3939994, 30.5096255], [114.393963313, 30.509249519], [114.393968, 30.5092372], [114.3940115, 30.5091665], [114.3940592, 30.509116], [114.394086286, 30.509102241], [114.3941722, 30.5090586], [114.3942749, 30.5089883], [114.394357894, 30.508913026], [114.3943652, 30.5089064], [114.3945118, 30.5088692], [114.3946478, 30.5088517], [114.394815, 30.5088431], [114.3949823, 30.5088427], [114.3953314, 30.5088589], [114.3956935, 30.5088717], [114.396113, 30.5089193], [114.3963558, 30.5089634], [114.3963412, 30.5090396], [114.3972102, 30.5091639], [114.3982658, 30.5093149], [114.3998872, 30.5095468], [114.4017084, 30.5098136], [114.4031351, 30.5100232], [114.4031286, 30.5100667], [114.4030842, 30.5103384], [114.4030087, 30.5107736], [114.402981, 30.510952], [114.4005813, 30.5106052], [114.4004108, 30.511529], [114.4003415, 30.5119046], [114.400126, 30.5130552], [114.3999929, 30.5139508], [114.3998086, 30.5140664]], [[114.3967232, 30.5113527], [114.397678, 30.511496], [114.3978577, 30.510678], [114.3979194, 30.5103522], [114.3970044, 30.5101753], [114.3968519, 30.5107057], [114.3967232, 30.5113527]]]}, "properties": {"id": 14821, "block_id": 14821, "area_sqm": 275587, "poi_count": 212, "dominant_category": "餐饮服务", "category_entropy": 2.288, "street_block_id": 16297}}, {"type": "Feature", "geometry": {"type": "Polygon", "coordinates": [[[114.4208983, 30.5140931], [114.4202564, 30.5141065], [114.4202557, 30.5139461], [114.4202468, 30.5135766], [114.4202495, 30.5131884], [114.421225, 30.5132366], [114.4213554, 30.5135543], [114.4213734, 30.5139285], [114.4208908, 30.5139323], [114.4208983, 30.5140931]]]}, "properties": {"id": 14823, "block_id": 14823, "area_sqm": 9382, "poi_count": 8, "dominant_category": "科教文化服务", "category_entropy": 0.0, "street_block_id": 16500}}, {"type": "Feature", "geometry": {"type": "Polygon", "coordinates": [[[114.4109551, 30.5142396], [114.410675757, 30.514264556], [114.4106357, 30.5139475], [114.4105921, 30.513606], [114.4105594, 30.5133449], [114.4105497, 30.5132676], [114.4114504, 30.513187], [114.4115436, 30.5139593], [114.4115708, 30.5141845], [114.4109551, 30.5142396]]]}, "properties": {"id": 14843, "block_id": 14843, "area_sqm": 9634, "poi_count": 3, "dominant_category": "科教文化服务", "category_entropy": 0.637, "street_block_id": 16307}}, {"type": "Feature", "geometry": {"type": "Polygon", "coordinates": [[[114.4035895, 30.514211], [114.4029849, 30.5144003], [114.4026577, 30.5142116], [114.4024249, 30.5140774], [114.4023866, 30.5140553], [114.4025137, 30.5134011], [114.4033299, 30.5135194], [114.4036153, 30.5135607], [114.4042291, 30.5136497], [114.4045722, 30.5137012], [114.4045564, 30.513775], [114.4045257, 30.5139179], [114.4035895, 30.514211]]]}, "properties": {"id": 14868, "block_id": 14868, "area_sqm": 14180, "poi_count": 23, "dominant_category": "科教文化服务", "category_entropy": 0.838, "street_block_id": 16314}}, {"type": "Feature", "geometry": {"type": "Polygon", "coordinates": [[[114.409798, 30.5143406], [114.4090733, 30.5144078], [114.4089561, 30.51341], [114.4098872, 30.5133268], [114.4098956, 30.5133992], [114.4099433, 30.5138127], [114.4099973, 30.5142799], [114.4100025, 30.5143247], [114.409798, 30.5143406]]]}, "properties": {"id": 14870, "block_id": 14870, "area_sqm": 9967, "poi_count": 5, "dominant_category": "科教文化服务", "category_entropy": 0.5, "street_block_id": 16310}}, {"type": "Feature", "geometry": {"type": "Polygon", "coordinates": [[[114.4080457, 30.5144946], [114.4069912, 30.5145838], [114.4068772, 30.5135958], [114.4071185, 30.5135742], [114.4082066, 30.513477], [114.4089561, 30.51341], [114.4090733, 30.5144078], [114.4080457, 30.5144946]]]}, "properties": {"id": 14891, "block_id": 14891, "area_sqm": 22203, "poi_count": 6, "dominant_category": "科教文化服务", "category_entropy": 0.868, "street_block_id": 16311}}, {"type": "Feature", "geometry": {"type": "Polygon", "coordinates": [[[114.4020801, 30.5156595], [114.4020087, 30.5160332], [114.4013832, 30.5159426], [114.400067, 30.5157519], [114.3999725, 30.5157347], [114.3998421, 30.5156806], [114.3997446, 30.515612], [114.399711, 30.5155376], [114.3999355, 30.5143064], [114.3999929, 30.5139508], [114.400126, 30.5130552], [114.4025137, 30.5134011], [114.4023866, 30.5140553], [114.4022767, 30.5146303], [114.4020801, 30.5156595]]]}, "properties": {"id": 15170, "block_id": 15170, "area_sqm": 67362, "poi_count": 30, "dominant_category": "科教文化服务", "category_entropy": 1.034, "street_block_id": 16312}}, {"type": "Feature", "geometry": {"type": "Polygon", "coordinates": [[[114.4266453, 30.5163415], [114.425723, 30.5164177], [114.4256522, 30.5162422], [114.4255728, 30.5161383], [114.4254884, 30.5160577], [114.4253747, 30.5159676], [114.4250841, 30.515782], [114.424967, 30.515703], [114.4249012, 30.5156344], [114.4248359, 30.5155305], [114.4248015, 30.5154104], [114.4247951, 30.5152892], [114.4249696, 30.5146176], [114.4249984, 30.5145569], [114.4254315, 30.5139316], [114.425664, 30.5135689], [114.4256744, 30.5135089], [114.4258364, 30.5134945], [114.4258514, 30.513628], [114.4259409, 30.5143984], [114.426203, 30.5144489], [114.4263273, 30.5144397], [114.4266532, 30.5144121], [114.4267035, 30.5147967], [114.4267427, 30.5151357], [114.4267874, 30.5155487], [114.4267924, 30.5155951], [114.4268664, 30.5161783], [114.4268723, 30.5163245], [114.4266453, 30.5163415]]]}, "properties": {"id": 15227, "block_id": 15227, "area_sqm": 39968, "poi_count": 4, "dominant_category": "地名地址信息", "category_entropy": 1.04, "street_block_id": 16500}}, {"type": "Feature", "geometry": {"type": "Polygon", "coordinates": [[[114.4241784, 30.5166188], [114.424042, 30.5166394], [114.4240051, 30.5164916], [114.4239828, 30.5164014], [114.4239517, 30.5163284], [114.4238765, 30.5162943], [114.423785, 30.5162912], [114.42365, 30.5163143], [114.4234503, 30.5163294], [114.4231706, 30.5163148], [114.422951, 30.5162653], [114.4228132, 30.5162423], [114.4225776, 30.516236], [114.4226001, 30.5160135], [114.4224274, 30.5159584], [114.4222596, 30.5158541], [114.4221196, 30.5157074], [114.4220666, 30.515547], [114.4220678, 30.5153541], [114.4221062, 30.5152174], [114.4218294, 30.5151854], [114.4218461, 30.5150184], [114.4217882, 30.5148718], [114.421675, 30.5147987], [114.4215813, 30.5147598], [114.4213741, 30.5143037], [114.4213734, 30.5139285], [114.4213554, 30.5135543], [114.421225, 30.5132366], [114.421067, 30.5126783], [114.4209525, 30.5122929], [114.4208683, 30.5122187], [114.4207148, 30.5122002], [114.4191495, 30.5123262], [114.4191179, 30.5123784], [114.4192061, 30.5126531], [114.4191018, 30.5126874], [114.4190094, 30.5127194], [114.4188984, 30.5124254], [114.41882, 30.5120539], [114.4207833, 30.5119277], [114.4221152, 30.5118468], [114.4238768, 30.5117586], [114.4255405, 30.5116511], [114.4259231, 30.5116379], [114.4259094, 30.5117096], [114.4258453, 30.5118381], [114.4257258, 30.5121555], [114.4255656, 30.5123912], [114.4253881, 30.5126641], [114.4252784, 30.5130877], [114.425199, 30.5134923], [114.4251823, 30.5135613], [114.4251219, 30.5137099], [114.4248565, 30.5140909], [114.4246144, 30.5145068], [114.424419, 30.515152], [114.4244181, 30.5155502], [114.4245747, 30.5158792], [114.4250318, 30.5161972], [114.4251546, 30.5163237], [114.4252221, 30.5164745], [114.424992, 30.5164958], [114.4247047, 30.5165372], [114.4241784, 30.5166188]]]}, "properties": {"id": 15271, "block_id": 15271, "area_sqm": 177139, "poi_count": 16, "dominant_category": "体育休闲服务", "category_entropy": 2.101, "street_block_id": 16500}}, {"type": "Feature", "geometry": {"type": "Polygon", "coordinates": [[[114.420667109, 30.516963595], [114.420621612, 30.516967786], [114.4198578, 30.515021], [114.41898, 30.5127613], [114.4188558, 30.5124346], [114.4187882, 30.5121033], [114.4187439, 30.5118245], [114.4184996, 30.5101392], [114.4184304, 30.5094782], [114.4183871, 30.5089947], [114.418385419, 30.508946932], [114.4184383, 30.5089424], [114.4184627, 30.5091323], [114.4184762, 30.5092378], [114.4185845, 30.5100811], [114.4188082, 30.5118247], [114.41882, 30.5120539], [114.4188984, 30.5124254], [114.4190094, 30.5127194], [114.4199314, 30.5150737], [114.4206591, 30.516944], [114.420667109, 30.516963595]]]}, "properties": {"id": 15332, "block_id": 15332, "area_sqm": 5056, "poi_count": 1, "dominant_category": "地名地址信息", "category_entropy": 0.0, "street_block_id": 16500}}, {"type": "Feature", "geometry": {"type": "Polygon", "coordinates": [[[114.3860124, 30.5332515], [114.3847031, 30.5332975], [114.3846109, 30.5330787], [114.3845314, 30.5327699], [114.3844698, 30.5326581], [114.3838863, 30.5320105], [114.3837146, 30.5317277], [114.3837449, 30.5315262], [114.3839051, 30.5313048], [114.384087, 30.5310505], [114.3841947, 30.5308786], [114.3842531, 30.5306479], [114.3842301, 30.5304019], [114.3840855, 30.5301519], [114.3839833, 30.5299629], [114.3838224, 30.5297781], [114.3836293, 30.5296672], [114.3835059, 30.5296256], [114.382594, 30.5294731], [114.3819234, 30.5293391], [114.381682, 30.5292837], [114.380835, 30.5286771], [114.3837571, 30.525622], [114.3839313, 30.5254494], [114.3840843, 30.5253214], [114.3842828, 30.5252011], [114.3845697, 30.525146], [114.3849106, 30.5250764], [114.3856321, 30.5249176], [114.3859159, 30.5248661], [114.3861044, 30.5248389], [114.386367, 30.5247555], [114.3864488, 30.5231843], [114.3864789, 30.5226845], [114.3864759, 30.5225859], [114.3864113, 30.5224466], [114.386398, 30.5224269], [114.3862865, 30.5222617], [114.3852078, 30.5210265], [114.3848016, 30.5204994], [114.3846943, 30.5202129], [114.3845227, 30.5195567], [114.3845196, 30.5195188], [114.3844905, 30.5191593], [114.3845656, 30.5188543], [114.3847265, 30.518614], [114.3852951, 30.5178653], [114.3855445, 30.5173355], [114.3860539, 30.5190083], [114.3857776, 30.5193385], [114.3862043, 30.5208094], [114.3862836, 30.5210828], [114.38702, 30.5209155], [114.3882492, 30.5206362], [114.3882769, 30.5207609], [114.3882264, 30.5215394], [114.3882431, 30.5224702], [114.3882677, 30.5225817], [114.38839, 30.5230641], [114.3886559, 30.5241131], [114.3895476, 30.5241052], [114.3903179, 30.5241024], [114.3903143, 30.5230215], [114.3903221, 30.5220769], [114.3903314, 30.5213468], [114.388885, 30.5214198], [114.3888961, 30.520629], [114.3890969, 30.5206272], [114.3883927, 30.5184445], [114.3883529, 30.5183806], [114.3883148, 30.5183195], [114.3870198, 30.5160031], [114.3866119, 30.5149311], [114.3865907, 30.5148755], [114.3862902, 30.5144318], [114.3887042, 30.5130361], [114.3892407, 30.512842], [114.3905896, 30.5125405], [114.3915152, 30.5123337], [114.3919443, 30.5123244], [114.3937059, 30.5124833], [114.3938184, 30.5124778], [114.3939813, 30.5124252], [114.3939305, 30.5125892], [114.3940419, 30.5132819], [114.3941103, 30.5133369], [114.3942651, 30.5142288], [114.3945251, 30.5152594], [114.3947209, 30.5160355], [114.3948339, 30.516619], [114.3944005, 30.5167016], [114.3944472, 30.5169893], [114.3943051, 30.5170119], [114.3943868, 30.5173867], [114.394588, 30.5173715], [114.3948567, 30.5173605], [114.3949889, 30.5173632], [114.3953403, 30.5191838], [114.3956763, 30.5209398], [114.3954839, 30.5209426], [114.395315, 30.5209433], [114.3953109, 30.5204872], [114.3941938, 30.5205], [114.3933525, 30.5205096], [114.3933518, 30.5213593], [114.3920594, 30.521354], [114.3911291, 30.5213547], [114.3910961, 30.5233203], [114.391096, 30.5241481], [114.3910952, 30.5246583], [114.3908994, 30.5246573], [114.390905, 30.5249128], [114.3909078, 30.5250773], [114.3908, 30.5251376], [114.3908107, 30.5252398], [114.3909509, 30.5253466], [114.3912551, 30.5254423], [114.3921, 30.5254359], [114.3921159, 30.5257658], [114.3921427, 30.5262706], [114.3922129, 30.5263262], [114.3928889, 30.5263048], [114.3934552, 30.5259299], [114.3934652, 30.5260654], [114.3934869, 30.5262322], [114.393506903, 30.526413941], [114.3932606, 30.5267631], [114.3927014, 30.5268362], [114.3921776, 30.5269826], [114.3919511, 30.5273911], [114.3918803, 30.5277813], [114.3919157, 30.5280618], [114.392213, 30.5283788], [114.3934093, 30.528324], [114.393718814, 30.52833933], [114.393799137, 30.529069126], [114.393226, 30.5291378], [114.3927245, 30.5291489], [114.3922388, 30.5293299], [114.3917578, 30.529869], [114.3913001, 30.5307579], [114.3912114, 30.5309012], [114.3910561, 30.5311521], [114.3907678, 30.5316832], [114.3903343, 30.532471], [114.3898398, 30.5328205], [114.3896362, 30.5331244], [114.3877054, 30.5331921], [114.3877003, 30.5327711], [114.3886134, 30.5327466], [114.3886174, 30.5322564], [114.3886093, 30.5321023], [114.3885646, 30.5320708], [114.3885727, 30.5318642], [114.388654, 30.5318256], [114.3886482, 30.5315334], [114.3879722, 30.5315353], [114.3873207, 30.5315371], [114.3867276, 30.5315388], [114.3866506, 30.5317077], [114.3866389, 30.5318384], [114.3866856, 30.5318927], [114.3867106, 30.5323019], [114.3867253, 30.5327897], [114.3876046, 30.5327735], [114.3876183, 30.5331952], [114.3863067, 30.5332412], [114.3862923, 30.5330644], [114.3862675, 30.5330004], [114.3862002, 30.5329608], [114.3861684, 30.5329608], [114.386133, 30.5329608], [114.3860587, 30.5329882], [114.3860268, 30.5330797], [114.3860124, 30.5332515]], [[114.3866231, 30.5304373], [114.3868702, 30.5305715], [114.3872431, 30.5302375], [114.3872805, 30.5301146], [114.3876687, 30.5301435], [114.3885268, 30.5301713], [114.3893848, 30.5301943], [114.3893794, 30.5299911], [114.3893741, 30.5297879], [114.3893553, 30.5297117], [114.3890416, 30.5296862], [114.3881567, 30.5296354], [114.3873179, 30.5295811], [114.3873206, 30.5295394], [114.3870916, 30.5295222], [114.3859044, 30.5294784], [114.3854153, 30.5294438], [114.3854152, 30.5299333], [114.3856228, 30.5299658], [114.3856222, 30.530348], [114.3866231, 30.5304373]]]}, "properties": {"id": 17636, "block_id": 17636, "area_sqm": 1510140, "poi_count": 1062, "dominant_category": "地名地址信息", "category_entropy": 2.462, "street_block_id": 2394}}, {"type": "Feature", "geometry": {"type": "Polygon", "coordinates": [[[114.417034484, 30.497780576], [114.416959741, 30.49782344], [114.416953656, 30.497771634], [114.4170336, 30.497733], [114.417034484, 30.497780576]]]}, "properties": {"id": 12300, "block_id": 12300, "area_sqm": 42, "poi_count": 1, "dominant_category": "地名地址信息", "category_entropy": 0.0, "street_block_id": null}}, {"type": "Feature", "geometry": {"type": "Polygon", "coordinates": [[[114.4067946, 30.4996127], [114.4067, 30.499619], [114.406692103, 30.499549475], [114.4071909, 30.4995046], [114.409420614, 30.499291231], [114.4094235, 30.4993288], [114.4092259, 30.499342], [114.4082335, 30.4994368], [114.4069757, 30.4995904], [114.4069035, 30.4996054], [114.4068352, 30.49961], [114.4067946, 30.4996127]]]}, "properties": {"id": 12507, "block_id": 12507, "area_sqm": 1278, "poi_count": 1, "dominant_category": "地名地址信息", "category_entropy": 0.0, "street_block_id": null}}, {"type": "Feature", "geometry": {"type": "Polygon", "coordinates": [[[114.4015267, 30.5065447], [114.4013822, 30.5065638], [114.4013656, 30.506493], [114.4016956, 30.5064314], [114.4040135, 30.5062455], [114.4043173, 30.5062074], [114.4043121, 30.5062675], [114.4043172, 30.5063214], [114.4040225, 30.5063568], [114.4030745, 30.5064295], [114.4027299, 30.5064422], [114.4017254, 30.5065185], [114.4015267, 30.5065447]]]}, "properties": {"id": 13397, "block_id": 13397, "area_sqm": 3126, "poi_count": 1, "dominant_category": "交通设施服务", "category_entropy": 0.0, "street_block_id": null}}, {"type": "Feature", "geometry": {"type": "Polygon", "coordinates": [[[114.4195259, 30.506615], [114.4191027, 30.5066523], [114.4190908, 30.5065523], [114.4190847, 30.5065009], [114.4194211, 30.5064713], [114.419508, 30.5064637], [114.4195218, 30.5065805], [114.4195259, 30.506615]]]}, "properties": {"id": 13408, "block_id": 13408, "area_sqm": 689, "poi_count": 5, "dominant_category": "公司企业", "category_entropy": 1.609, "street_block_id": null}}, {"type": "Feature", "geometry": {"type": "Polygon", "coordinates": [[[114.4137527, 30.5094314], [114.412607254, 30.509527958], [114.4125972, 30.5094139], [114.4136209, 30.5093242], [114.4137527, 30.5094314]]]}, "properties": {"id": 13926, "block_id": 13926, "area_sqm": 1347, "poi_count": 1, "dominant_category": "交通设施服务", "category_entropy": 0.0, "street_block_id": null}}, {"type": "Feature", "geometry": {"type": "Polygon", "coordinates": [[[114.41694198, 30.497672217], [114.416817733, 30.497744102], [114.41681303, 30.497705337], [114.416937285, 30.497632237], [114.41694198, 30.497672217]]]}, "properties": {"id": 12285, "block_id": 12285, "area_sqm": 56, "poi_count": 2, "dominant_category": "地名地址信息", "category_entropy": 0.0, "street_block_id": null}}, {"type": "Feature", "geometry": {"type": "Polygon", "coordinates": [[[114.4065082, 30.5087613], [114.4059136, 30.5088185], [114.4058814, 30.5085322], [114.4064758, 30.5084828], [114.4065082, 30.5087613]]]}, "properties": {"id": 13779, "block_id": 13779, "area_sqm": 1805, "poi_count": 1, "dominant_category": "商务住宅", "category_entropy": 0.0, "street_block_id": 16289}}, {"type": "Feature", "geometry": {"type": "Polygon", "coordinates": [[[114.4166233, 30.4886431], [114.4164563, 30.48866724], [114.4164702, 30.4886563], [114.4165898, 30.4886165], [114.4169786, 30.4885214], [114.4170553, 30.4885026], [114.4174639, 30.4883835], [114.4176685, 30.4883335], [114.4186815, 30.4880857], [114.4190169, 30.4880279], [114.4192484, 30.4880243], [114.4188348, 30.4881442], [114.4184425, 30.4882306], [114.4174732, 30.4884584], [114.4172739, 30.4885052], [114.4166233, 30.4886431]]]}, "properties": {"id": 10910, "block_id": 10910, "area_sqm": 1955, "poi_count": 1, "dominant_category": "地名地址信息", "category_entropy": 0.0, "street_block_id": null}}, {"type": "Feature", "geometry": {"type": "Polygon", "coordinates": [[[114.416192406, 30.488704071], [114.416133356, 30.488711313], [114.4161283, 30.4886433], [114.4161072, 30.4881517], [114.416179107, 30.48811815], [114.4161986, 30.4885677], [114.416192406, 30.488704071]]]}, "properties": {"id": 10916, "block_id": 10916, "area_sqm": 438, "poi_count": 1, "dominant_category": "地名地址信息", "category_entropy": 0.0, "street_block_id": null}}, {"type": "Feature", "geometry": {"type": "Polygon", "coordinates": [[[114.4067142, 30.5028265], [114.4068692, 30.5032714], [114.4066579, 30.5029543], [114.4065889, 30.5026902], [114.4065064, 30.5018581], [114.4064759, 30.5016486], [114.4063668, 30.5008186], [114.406454655, 30.500810395], [114.4065292, 30.501378], [114.4066844, 30.5026737], [114.4067142, 30.5028265]]]}, "properties": {"id": 13028, "block_id": 13028, "area_sqm": 2193, "poi_count": 2, "dominant_category": "交通设施服务", "category_entropy": 0.693, "street_block_id": null}}, {"type": "Feature", "geometry": {"type": "Polygon", "coordinates": [[[114.4147778, 30.4988227], [114.414483139, 30.498858076], [114.4146123, 30.4988172], [114.4152216, 30.4987017], [114.4154721, 30.4986439], [114.4157, 30.498573], [114.4162532, 30.4982997], [114.4165787, 30.4981235], [114.4167851, 30.497988], [114.4168331, 30.498359], [114.41684276, 30.498431415], [114.4167301, 30.498464], [114.4164584, 30.4985214], [114.4161437, 30.4985813], [114.4152896, 30.4987373], [114.4150432, 30.4987836], [114.4147778, 30.4988227]]]}, "properties": {"id": 12394, "block_id": 12394, "area_sqm": 3800, "poi_count": 1, "dominant_category": "地名地址信息", "category_entropy": 0.0, "street_block_id": null}}, {"type": "Feature", "geometry": {"type": "Polygon", "coordinates": [[[114.3982806, 30.5091164], [114.398264834, 30.50913334], [114.398223552, 30.509127272], [114.3982181, 30.5091236], [114.3981912, 30.5090285], [114.398188741, 30.509019839], [114.398302892, 30.509035833], [114.3983023, 30.5090728], [114.3982806, 30.5091164]]]}, "properties": {"id": 13851, "block_id": 13851, "area_sqm": 96, "poi_count": 1, "dominant_category": "地名地址信息", "category_entropy": 0.0, "street_block_id": null}}, {"type": "Feature", "geometry": {"type": "Polygon", "coordinates": [[[114.4140958, 30.5031034], [114.4126816, 30.5033487], [114.4126715, 30.5032703], [114.4140753, 30.5030267], [114.4172304, 30.5023281], [114.417355299, 30.502292182], [114.417376483, 30.50237279], [114.4140958, 30.5031034]]]}, "properties": {"id": 13037, "block_id": 13037, "area_sqm": 3972, "poi_count": 3, "dominant_category": "交通设施服务", "category_entropy": 0.637, "street_block_id": null}}, {"type": "Feature", "geometry": {"type": "Polygon", "coordinates": [[[114.425944097, 30.487216338], [114.42366546, 30.487517192], [114.4236903, 30.4874567], [114.423712217, 30.487427305], [114.425900075, 30.487143637], [114.4259099, 30.4871721], [114.425944097, 30.487216338]]]}, "properties": {"id": 10727, "block_id": 10727, "area_sqm": 1928, "poi_count": 1, "dominant_category": "地名地址信息", "category_entropy": 0.0, "street_block_id": null}}, {"type": "Feature", "geometry": {"type": "Polygon", "coordinates": [[[114.423186, 30.4876647], [114.4231134, 30.4876748], [114.4231833, 30.4876216], [114.423199253, 30.487578746], [114.423605219, 30.487525145], [114.4235267, 30.4875769], [114.423426, 30.4876168], [114.423304, 30.4876439], [114.423186, 30.4876647]]]}, "properties": {"id": 10769, "block_id": 10769, "area_sqm": 289, "poi_count": 1, "dominant_category": "地名地址信息", "category_entropy": 0.0, "street_block_id": null}}, {"type": "Feature", "geometry": {"type": "Polygon", "coordinates": [[[114.420542819, 30.487821481], [114.420365729, 30.487844398], [114.420357994, 30.487697193], [114.4205065, 30.4876809], [114.420523093, 30.487661013], [114.420542819, 30.487821481]]]}, "properties": {"id": 10805, "block_id": 10805, "area_sqm": 270, "poi_count": 1, "dominant_category": "地名地址信息", "category_entropy": 0.0, "street_block_id": null}}, {"type": "Feature", "geometry": {"type": "Polygon", "coordinates": [[[114.4155305, 30.488781], [114.4153755, 30.4887934], [114.4152377, 30.4887914], [114.4151163, 30.4887753], [114.4149178, 30.488721], [114.41474, 30.4886154], [114.4148766, 30.488688], [114.4150098, 30.4887234], [114.4151463, 30.4887333], [114.4153547, 30.4886886], [114.4154455, 30.4886303], [114.4155269, 30.488574], [114.4155818, 30.4885251], [114.4156435, 30.4884502], [114.4156893, 30.4883851], [114.4157293, 30.4882925], [114.415763, 30.4881996], [114.4157833, 30.4881131], [114.415789664, 30.488037036], [114.4158491, 30.4881481], [114.4158909, 30.4882766], [114.415901883, 30.488316342], [114.4159233, 30.4886409], [114.415920973, 30.488737363], [114.4156296, 30.4887731], [114.4155305, 30.488781]]]}, "properties": {"id": 10937, "block_id": 10937, "area_sqm": 2342, "poi_count": 1, "dominant_category": "地名地址信息", "category_entropy": 0.0, "street_block_id": null}}, {"type": "Feature", "geometry": {"type": "Polygon", "coordinates": [[[114.4166628, 30.488835], [114.4165456, 30.4888546], [114.416501011, 30.488842194], [114.4165987, 30.488797], [114.4167824, 30.4887217], [114.4171907, 30.488609], [114.4175311, 30.4885251], [114.4192916, 30.4881554], [114.4194976, 30.4881193], [114.4189027, 30.4883199], [114.4177812, 30.4885827], [114.4171588, 30.4887235], [114.4166628, 30.488835]]]}, "properties": {"id": 10952, "block_id": 10952, "area_sqm": 2715, "poi_count": 1, "dominant_category": "交通设施服务", "category_entropy": 0.0, "street_block_id": null}}, {"type": "Feature", "geometry": {"type": "Polygon", "coordinates": [[[114.4120333, 30.4893226], [114.4117483, 30.4893328], [114.4114958, 30.489322], [114.41282, 30.4891648], [114.4156413, 30.4888474], [114.415919015, 30.488816088], [114.4159109, 30.4889382], [114.4120333, 30.4893226]]]}, "properties": {"id": 11026, "block_id": 11026, "area_sqm": 4129, "poi_count": 1, "dominant_category": "地名地址信息", "category_entropy": 0.0, "street_block_id": null}}, {"type": "Feature", "geometry": {"type": "Polygon", "coordinates": [[[114.4054877, 30.4897582], [114.4053478, 30.4897707], [114.4053285, 30.4896111], [114.4052775, 30.4891026], [114.4051354, 30.4879955], [114.4051202, 30.4878673], [114.4050764, 30.4874986], [114.4050147, 30.4870178], [114.4049423, 30.4864839], [114.4048886, 30.4860008], [114.4048162, 30.4853975], [114.4047626, 30.4849468], [114.4047412, 30.4848044], [114.4048469, 30.4847946], [114.404945, 30.4854437], [114.4050442, 30.4862481], [114.4051488, 30.4870895], [114.4052534, 30.4879331], [114.4053634, 30.4887929], [114.4054877, 30.4897582]]]}, "properties": {"id": 11083, "block_id": 11083, "area_sqm": 6627, "poi_count": 2, "dominant_category": "地名地址信息", "category_entropy": 0.693, "street_block_id": null}}, {"type": "Feature", "geometry": {"type": "Polygon", "coordinates": [[[114.4053478, 30.4897707], [114.4052181, 30.4897822], [114.4052157, 30.4897591], [114.4050762, 30.4885757], [114.4050513, 30.4883847], [114.40491, 30.4873044], [114.4047813, 30.4863013], [114.4046492, 30.4851136], [114.4045505, 30.4844059], [114.4044111, 30.4832825], [114.4042812, 30.4822459], [114.4042373, 30.4817893], [114.4042054, 30.4815989], [114.4043513, 30.481584], [114.4043811, 30.481784], [114.4044249, 30.4821143], [114.4044551, 30.482371], [114.4044822, 30.4827116], [114.404556, 30.4832895], [114.4046204, 30.4838119], [114.4046687, 30.4842695], [114.4046869, 30.4844119], [114.4047143, 30.4846255], [114.4047291, 30.4847242], [114.4047412, 30.4848044], [114.4047626, 30.4849468], [114.4048162, 30.4853975], [114.4048886, 30.4860008], [114.4049423, 30.4864839], [114.4050147, 30.4870178], [114.4050764, 30.4874986], [114.4051202, 30.4878673], [114.4051354, 30.4879955], [114.4052775, 30.4891026], [114.4053285, 30.4896111], [114.4053478, 30.4897707]]]}, "properties": {"id": 11085, "block_id": 11085, "area_sqm": 12191, "poi_count": 4, "dominant_category": "地名地址信息", "category_entropy": 0.0, "street_block_id": null}}, {"type": "Feature", "geometry": {"type": "Polygon", "coordinates": [[[114.3981474, 30.4863732], [114.3986239, 30.4903469], [114.3984028, 30.4902723], [114.3964038, 30.4896265], [114.395356, 30.4893893], [114.3926878, 30.4894233], [114.3924484, 30.4894263], [114.3923948, 30.4895095], [114.3903892, 30.4895171], [114.3903668, 30.4889961], [114.390273, 30.4864585], [114.3905131, 30.4864559], [114.3928667, 30.4864304], [114.3935045, 30.4864235], [114.395322, 30.4864038], [114.3953836, 30.4864031], [114.3960491, 30.4863959], [114.3981474, 30.4863732]]]}, "properties": {"id": 11198, "block_id": 11198, "area_sqm": 271416, "poi_count": 332, "dominant_category": "生活服务", "category_entropy": 2.328, "street_block_id": null}}, {"type": "Feature", "geometry": {"type": "Polygon", "coordinates": [[[114.4160405, 30.4914956], [114.415974705, 30.491499695], [114.415948, 30.4911979], [114.4159172, 30.4904705], [114.4159191, 30.4902449], [114.4159203, 30.490112], [114.415955412, 30.489982737], [114.4159615, 30.4901256], [114.4160405, 30.4914956]]]}, "properties": {"id": 11424, "block_id": 11424, "area_sqm": 993, "poi_count": 2, "dominant_category": "地名地址信息", "category_entropy": 0.0, "street_block_id": null}}, {"type": "Feature", "geometry": {"type": "Polygon", "coordinates": [[[114.4057404, 30.4917858], [114.4056019, 30.4918126], [114.4055619, 30.4914163], [114.4054921, 30.4908246], [114.4054063, 30.4901774], [114.4053698, 30.4899522], [114.4055109, 30.4899384], [114.4056075, 30.4907367], [114.4057067, 30.4915087], [114.4057404, 30.4917858]]]}, "properties": {"id": 11542, "block_id": 11542, "area_sqm": 2614, "poi_count": 1, "dominant_category": "地名地址信息", "category_entropy": 0.0, "street_block_id": null}}, {"type": "Feature", "geometry": {"type": "Polygon", "coordinates": [[[114.4055585, 30.491821], [114.4054794, 30.4918304], [114.4053445, 30.4908223], [114.4052747, 30.4902999], [114.4052365, 30.4899636], [114.4053698, 30.4899522], [114.4054063, 30.4901774], [114.4054921, 30.4908246], [114.4055619, 30.4914163], [114.4056019, 30.4918126], [114.4055585, 30.491821]]]}, "properties": {"id": 11552, "block_id": 11552, "area_sqm": 2808, "poi_count": 1, "dominant_category": "地名地址信息", "category_entropy": 0.0, "street_block_id": null}}, {"type": "Feature", "geometry": {"type": "Polygon", "coordinates": [[[114.426557558, 30.491566778], [114.424877617, 30.492061665], [114.424838823, 30.491984257], [114.426542291, 30.491486587], [114.426557558, 30.491566778]]]}, "properties": {"id": 11631, "block_id": 11631, "area_sqm": 1562, "poi_count": 1, "dominant_category": "地名地址信息", "category_entropy": 0.0, "street_block_id": null}}, {"type": "Feature", "geometry": {"type": "Polygon", "coordinates": [[[114.4150588, 30.4922618], [114.4148373, 30.4922854], [114.4148084, 30.4916768], [114.4148019, 30.4915386], [114.4149688, 30.4915438], [114.4150588, 30.4922618]]]}, "properties": {"id": 11693, "block_id": 11693, "area_sqm": 1520, "poi_count": 1, "dominant_category": "通行设施", "category_entropy": 0.0, "street_block_id": null}}, {"type": "Feature", "geometry": {"type": "Polygon", "coordinates": [[[114.4058966, 30.4945362], [114.4058103, 30.4945441], [114.4057736, 30.4941412], [114.4056717, 30.4933508], [114.4055537, 30.4924725], [114.4054794, 30.4918304], [114.4055585, 30.491821], [114.4056019, 30.4918126], [114.4056638, 30.4922992], [114.4057316, 30.492832], [114.4057496, 30.492974], [114.4058354, 30.493568], [114.4059132, 30.4941736], [114.4059655, 30.49453], [114.4058966, 30.4945362]]]}, "properties": {"id": 11938, "block_id": 11938, "area_sqm": 3859, "poi_count": 1, "dominant_category": "交通设施服务", "category_entropy": 0.0, "street_block_id": null}}, {"type": "Feature", "geometry": {"type": "Polygon", "coordinates": [[[114.3990818, 30.4925875], [114.3988543, 30.4926141], [114.3988967, 30.4924442], [114.3987451, 30.4911342], [114.3986239, 30.4903469], [114.3981474, 30.4863732], [114.3983543, 30.4863709], [114.399514, 30.4863584], [114.4002695, 30.4863502], [114.4008467, 30.4863439], [114.4028218, 30.4863225], [114.4045444, 30.4863039], [114.4046473, 30.4863027], [114.4046821, 30.4865925], [114.4048055, 30.487561], [114.4049074, 30.4884693], [114.4050093, 30.4893846], [114.4050847, 30.4899756], [114.4050925, 30.4900156], [114.4052346, 30.4911505], [114.4053163, 30.4918628], [114.400083, 30.4924351], [114.3990818, 30.4925875]]]}, "properties": {"id": 11733, "block_id": 11733, "area_sqm": 407031, "poi_count": 625, "dominant_category": "生活服务", "category_entropy": 2.224, "street_block_id": null}}, {"type": "Feature", "geometry": {"type": "Polygon", "coordinates": [[[114.4221582, 30.4928869], [114.4219176, 30.4929541], [114.4218378, 30.4929047], [114.4218009, 30.4928738], [114.4221, 30.4927639], [114.4223669, 30.4926701], [114.422734, 30.4926076], [114.4240165, 30.4922245], [114.424757133, 30.492008124], [114.424795396, 30.492085885], [114.4240594, 30.4923027], [114.422752, 30.4926834], [114.4224732, 30.4927953], [114.4221582, 30.4928869]]]}, "properties": {"id": 11772, "block_id": 11772, "area_sqm": 3138, "poi_count": 1, "dominant_category": "交通设施服务", "category_entropy": 0.0, "street_block_id": null}}, {"type": "Feature", "geometry": {"type": "Polygon", "coordinates": [[[114.4249056, 30.4942208], [114.424257143, 30.494473102], [114.4243044, 30.494417], [114.4248922, 30.4941885], [114.4255865, 30.4939262], [114.4257565, 30.4938646], [114.4259045, 30.4938104], [114.426737, 30.4935367], [114.4268033, 30.4935144], [114.4271883, 30.493393], [114.4273129, 30.4933538], [114.4274838, 30.4933019], [114.4278574, 30.4931884], [114.4283, 30.4930617], [114.428552776, 30.492993831], [114.428309, 30.4930983], [114.4278758, 30.4932229], [114.4272615, 30.4934014], [114.4268355, 30.4935422], [114.4259088, 30.4938536], [114.4249056, 30.4942208]]]}, "properties": {"id": 11930, "block_id": 11930, "area_sqm": 1737, "poi_count": 1, "dominant_category": "地名地址信息", "category_entropy": 0.0, "street_block_id": null}}, {"type": "Feature", "geometry": {"type": "Polygon", "coordinates": [[[114.4249615, 30.4943242], [114.424303697, 30.494580714], [114.4242656, 30.4945786], [114.4242249, 30.4945503], [114.4242296, 30.4945058], [114.424257143, 30.494473102], [114.4249056, 30.4942208], [114.4259088, 30.4938536], [114.4268355, 30.4935422], [114.4272615, 30.4934014], [114.4278758, 30.4932229], [114.428309, 30.4930983], [114.4291955, 30.492858], [114.4296537, 30.4927485], [114.4300123, 30.4926604], [114.4307161, 30.4925017], [114.4313171, 30.4923757], [114.4318936, 30.4922595], [114.4325611, 30.4921412], [114.433401787, 30.492011849], [114.433428, 30.4920212], [114.4334586, 30.4920555], [114.4334433, 30.4921002], [114.433407387, 30.492132439], [114.4325986, 30.4922563], [114.4319384, 30.4923747], [114.4313378, 30.4924926], [114.4307509, 30.4926141], [114.4300431, 30.4927699], [114.4296862, 30.4928588], [114.4292649, 30.4929594], [114.4285657, 30.4931456], [114.4277179, 30.4933933], [114.427308, 30.493512], [114.4268784, 30.4936508], [114.4259443, 30.4939689], [114.4249615, 30.4943242]]]}, "properties": {"id": 11944, "block_id": 11944, "area_sqm": 11964, "poi_count": 3, "dominant_category": "地名地址信息", "category_entropy": 0.0, "street_block_id": null}}, {"type": "Feature", "geometry": {"type": "Polygon", "coordinates": [[[114.4249704, 30.4943544], [114.4243791, 30.4945849], [114.424303697, 30.494580714], [114.4249615, 30.4943242], [114.4259443, 30.4939689], [114.4268784, 30.4936508], [114.427308, 30.493512], [114.4277179, 30.4933933], [114.42810062, 30.493311982], [114.4277292, 30.4934187], [114.4275634, 30.4934697], [114.427327, 30.4935423], [114.4269843, 30.4936492], [114.4268054, 30.4937126], [114.4259797, 30.4939932], [114.4249704, 30.4943544]]]}, "properties": {"id": 11945, "block_id": 11945, "area_sqm": 1312, "poi_count": 1, "dominant_category": "地名地址信息", "category_entropy": 0.0, "street_block_id": null}}, {"type": "Feature", "geometry": {"type": "Polygon", "coordinates": [[[114.4206248, 30.4958923], [114.420260259, 30.495998951], [114.4207343, 30.495815], [114.4226484, 30.4950617], [114.4228314, 30.4949902], [114.422852323, 30.495021335], [114.4226655, 30.495095], [114.4222139, 30.4952735], [114.4216812, 30.4954888], [114.4206248, 30.4958923]]]}, "properties": {"id": 12087, "block_id": 12087, "area_sqm": 1037, "poi_count": 1, "dominant_category": "地名地址信息", "category_entropy": 0.0, "street_block_id": null}}, {"type": "Feature", "geometry": {"type": "Polygon", "coordinates": [[[114.4165729, 30.496262], [114.416407031, 30.496284139], [114.4164292, 30.496207], [114.4164588, 30.496015], [114.4164666, 30.495874], [114.4164617, 30.4957221], [114.4164386, 30.4953806], [114.4164143, 30.4950989], [114.416356508, 30.494385071], [114.4163967, 30.4946671], [114.4165119, 30.4956847], [114.4165729, 30.496262]]]}, "properties": {"id": 12111, "block_id": 12111, "area_sqm": 961, "poi_count": 1, "dominant_category": "地名地址信息", "category_entropy": 0.0, "street_block_id": null}}, {"type": "Feature", "geometry": {"type": "Polygon", "coordinates": [[[114.4167876, 30.4964393], [114.416859072, 30.496985311], [114.4167708, 30.4969594], [114.416722898, 30.496951715], [114.4164916, 30.495099], [114.4163014, 30.4937044], [114.4160809, 30.4915573], [114.416078672, 30.491493821], [114.416207841, 30.491487801], [114.416222, 30.4917675], [114.4162869, 30.4921961], [114.4165221, 30.4941158], [114.4165578, 30.4945746], [114.4166478, 30.4952782], [114.4167876, 30.4964393]]]}, "properties": {"id": 12170, "block_id": 12170, "area_sqm": 8293, "poi_count": 1, "dominant_category": "地名地址信息", "category_entropy": 0.0, "street_block_id": null}}, {"type": "Feature", "geometry": {"type": "Polygon", "coordinates": [[[114.4164916, 30.495099], [114.416722898, 30.496951715], [114.416656672, 30.496941091], [114.4165884, 30.4964087], [114.4165729, 30.496262], [114.4165119, 30.4956847], [114.4163967, 30.4946671], [114.416356508, 30.494385071], [114.4163014, 30.4937044], [114.4164916, 30.495099]]]}, "properties": {"id": 12164, "block_id": 12164, "area_sqm": 1581, "poi_count": 1, "dominant_category": "地名地址信息", "category_entropy": 0.0, "street_block_id": null}}, {"type": "Feature", "geometry": {"type": "Polygon", "coordinates": [[[114.4063342, 30.4969543], [114.4062301, 30.4969638], [114.406168, 30.4963576], [114.4060956, 30.4957221], [114.4060366, 30.4951443], [114.4059655, 30.49453], [114.4060398, 30.4945213], [114.4061279, 30.4953709], [114.4062338, 30.49615], [114.4063117, 30.4968107], [114.4063342, 30.4969543]]]}, "properties": {"id": 12167, "block_id": 12167, "area_sqm": 2109, "poi_count": 3, "dominant_category": "地名地址信息", "category_entropy": 0.637, "street_block_id": null}}, {"type": "Feature", "geometry": {"type": "Polygon", "coordinates": [[[114.4178413, 30.4971519], [114.417373343, 30.497391956], [114.417356775, 30.497365824], [114.4179829, 30.4969622], [114.4189015, 30.4965384], [114.4193242, 30.4963623], [114.4199277, 30.496128], [114.419813759, 30.496208229], [114.4191873, 30.496451], [114.4188769, 30.4965834], [114.418618, 30.4967142], [114.4184097, 30.4968261], [114.4180421, 30.4970302], [114.4178413, 30.4971519]]]}, "properties": {"id": 12208, "block_id": 12208, "area_sqm": 1453, "poi_count": 2, "dominant_category": "交通设施服务", "category_entropy": 0.0, "street_block_id": null}}, {"type": "Feature", "geometry": {"type": "Polygon", "coordinates": [[[114.417387578, 30.497414409], [114.417217775, 30.497512651], [114.417205346, 30.497478137], [114.417373343, 30.497391956], [114.417387578, 30.497414409]]]}, "properties": {"id": 12229, "block_id": 12229, "area_sqm": 64, "poi_count": 1, "dominant_category": "地名地址信息", "category_entropy": 0.0, "street_block_id": null}}, {"type": "Feature", "geometry": {"type": "Polygon", "coordinates": [[[114.4181228, 30.4971475], [114.417452032, 30.497540239], [114.4174433, 30.4975023], [114.41744248, 30.497501006], [114.4176986, 30.4973519], [114.4180999, 30.4971183], [114.4183169, 30.4969927], [114.4184519, 30.4969137], [114.4186544, 30.4968088], [114.4189232, 30.496678], [114.419234, 30.496539], [114.4196372, 30.4963826], [114.419850519, 30.496341791], [114.4194088, 30.4965134], [114.4190257, 30.4966694], [114.4186597, 30.4968467], [114.4184786, 30.4969432], [114.4181228, 30.4971475]]]}, "properties": {"id": 12233, "block_id": 12233, "area_sqm": 1040, "poi_count": 2, "dominant_category": "地名地址信息", "category_entropy": 0.0, "street_block_id": null}}, {"type": "Feature", "geometry": {"type": "Polygon", "coordinates": [[[114.417007116, 30.497579826], [114.416935447, 30.49761659], [114.4168808, 30.4971513], [114.416859072, 30.496985311], [114.416928462, 30.49700568], [114.4169722, 30.4972924], [114.417007116, 30.497579826]]]}, "properties": {"id": 12246, "block_id": 12246, "area_sqm": 467, "poi_count": 1, "dominant_category": "地名地址信息", "category_entropy": 0.0, "street_block_id": null}}, {"type": "Feature", "geometry": {"type": "Polygon", "coordinates": [[[114.4177618, 30.4974588], [114.41747179, 30.497626087], [114.417452032, 30.497540239], [114.4181228, 30.4971475], [114.4184786, 30.4969432], [114.4186597, 30.4968467], [114.4190257, 30.4966694], [114.4194088, 30.4965134], [114.419850519, 30.496341791], [114.4200235, 30.4963087], [114.419431, 30.4965535], [114.4190312, 30.4967274], [114.4188038, 30.4968302], [114.4185384, 30.4969715], [114.4182914, 30.4971396], [114.4177618, 30.4974588]]]}, "properties": {"id": 12248, "block_id": 12248, "area_sqm": 1814, "poi_count": 2, "dominant_category": "地名地址信息", "category_entropy": 0.0, "street_block_id": null}}, {"type": "Feature", "geometry": {"type": "Polygon", "coordinates": [[[114.4170353, 30.4978245], [114.416965242, 30.497870282], [114.416959741, 30.49782344], [114.417034484, 30.497780576], [114.4170353, 30.4978245]]]}, "properties": {"id": 12308, "block_id": 12308, "area_sqm": 36, "poi_count": 2, "dominant_category": "地名地址信息", "category_entropy": 0.0, "street_block_id": null}}, {"type": "Feature", "geometry": {"type": "Polygon", "coordinates": [[[114.416965242, 30.497870282], [114.416842754, 30.497950325], [114.416835971, 30.497894421], [114.416959741, 30.49782344], [114.416965242, 30.497870282]]]}, "properties": {"id": 12316, "block_id": 12316, "area_sqm": 72, "poi_count": 1, "dominant_category": "地名地址信息", "category_entropy": 0.0, "street_block_id": null}}, {"type": "Feature", "geometry": {"type": "Polygon", "coordinates": [[[114.4174643, 30.4980356], [114.4173624, 30.4982236], [114.4174253, 30.4980155], [114.4174642, 30.4978823], [114.4174749, 30.4977693], [114.4174752, 30.4976409], [114.41747179, 30.497626087], [114.4177618, 30.4974588], [114.4182914, 30.4971396], [114.4185384, 30.4969715], [114.4188038, 30.4968302], [114.4190312, 30.4967274], [114.419431, 30.4965535], [114.4200235, 30.4963087], [114.420226648, 30.496224741], [114.4199104, 30.4963747], [114.4189879, 30.4968696], [114.4182249, 30.4972766], [114.4180246, 30.4973915], [114.4179116, 30.4974694], [114.4178175, 30.4975534], [114.4177022, 30.4976756], [114.4176079, 30.4977959], [114.4175275, 30.4979256], [114.4174643, 30.4980356]]]}, "properties": {"id": 12331, "block_id": 12331, "area_sqm": 3178, "poi_count": 1, "dominant_category": "地名地址信息", "category_entropy": 0.0, "street_block_id": null}}, {"type": "Feature", "geometry": {"type": "Polygon", "coordinates": [[[114.4131748, 30.4987827], [114.412180047, 30.498877861], [114.4131714, 30.4987318], [114.4133519, 30.4987047], [114.4134821, 30.4986825], [114.4135873, 30.4986505], [114.4136932, 30.4986042], [114.4137808, 30.4985593], [114.4138975, 30.4984802], [114.4139847, 30.4983971], [114.4140634, 30.4983101], [114.4141277, 30.4982223], [114.4143114, 30.4979369], [114.4143995, 30.4978032], [114.414466645, 30.497739094], [114.4144634, 30.4977532], [114.4144608, 30.4978566], [114.414481, 30.4979703], [114.4145116, 30.4980773], [114.4145706, 30.4981723], [114.414645, 30.498255], [114.4147385, 30.4983372], [114.4148376, 30.4983935], [114.4149381, 30.4984366], [114.4150598, 30.4984672], [114.415095754, 30.498470423], [114.4150324, 30.4984906], [114.4148817, 30.4985295], [114.4145984, 30.4985951], [114.4143388, 30.4986479], [114.4140997, 30.4986884], [114.4131748, 30.4987827]]]}, "properties": {"id": 12396, "block_id": 12396, "area_sqm": 5916, "poi_count": 1, "dominant_category": "公司企业", "category_entropy": 0.0, "street_block_id": null}}, {"type": "Feature", "geometry": {"type": "Polygon", "coordinates": [[[114.3995401, 30.4988853], [114.3994627, 30.4988893], [114.3993889, 30.4978643], [114.399411, 30.4977042], [114.3994642, 30.4978633], [114.3995401, 30.4988853]]]}, "properties": {"id": 12398, "block_id": 12398, "area_sqm": 898, "poi_count": 1, "dominant_category": "地名地址信息", "category_entropy": 0.0, "street_block_id": null}}, {"type": "Feature", "geometry": {"type": "Polygon", "coordinates": [[[114.4131786, 30.4988113], [114.4115798, 30.4989663], [114.412180047, 30.498877861], [114.4131748, 30.4987827], [114.4140997, 30.4986884], [114.4143388, 30.4986479], [114.4145984, 30.4985951], [114.4148817, 30.4985295], [114.4150324, 30.4984906], [114.415095754, 30.498470423], [114.415176755, 30.498477684], [114.4150347, 30.49852], [114.4148858, 30.4985623], [114.4146006, 30.4986268], [114.4143445, 30.4986771], [114.4141058, 30.4987168], [114.4137059, 30.4987639], [114.4131786, 30.4988113]]]}, "properties": {"id": 12404, "block_id": 12404, "area_sqm": 1074, "poi_count": 2, "dominant_category": "地名地址信息", "category_entropy": 0.0, "street_block_id": null}}, {"type": "Feature", "geometry": {"type": "Polygon", "coordinates": [[[114.4171942, 30.498944], [114.417193201, 30.499185926], [114.417076, 30.4983353], [114.417074311, 30.498314105], [114.417109, 30.4982909], [114.4171954, 30.4981984], [114.4172564, 30.4980979], [114.417295, 30.4979854], [114.4173093, 30.4978689], [114.4172973, 30.4977626], [114.417289388, 30.497731302], [114.41747179, 30.497626087], [114.4174752, 30.4976409], [114.4174749, 30.4977693], [114.4174642, 30.4978823], [114.4174253, 30.4980155], [114.4173624, 30.4982236], [114.4172794, 30.498417], [114.4172348, 30.4985497], [114.4172079, 30.4986742], [114.4171942, 30.498944]]]}, "properties": {"id": 12425, "block_id": 12425, "area_sqm": 1963, "poi_count": 1, "dominant_category": "地名地址信息", "category_entropy": 0.0, "street_block_id": null}}, {"type": "Feature", "geometry": {"type": "Polygon", "coordinates": [[[114.4067823, 30.4995133], [114.4066883, 30.499516], [114.406684, 30.4994782], [114.4067776, 30.4994754], [114.4068174, 30.4994742], [114.4068922, 30.4994719], [114.4092224, 30.4992514], [114.4096014, 30.4991883], [114.4099709, 30.4991541], [114.41237, 30.4989215], [114.4131142, 30.4988518], [114.4137145, 30.4987952], [114.4141054, 30.4987459], [114.4146135, 30.4986509], [114.4150037, 30.4985507], [114.415237453, 30.498478884], [114.4153564, 30.4984709], [114.415495359, 30.498446127], [114.4154609, 30.4984594], [114.4151991, 30.4985374], [114.4150135, 30.4985877], [114.4146196, 30.4986971], [114.4141205, 30.498799], [114.4137149, 30.4988483], [114.4131121, 30.4989003], [114.4123756, 30.4989763], [114.4099771, 30.4992044], [114.4096048, 30.4992398], [114.4094185, 30.4992637], [114.4092258, 30.4992884], [114.4068971, 30.4995101], [114.4068224, 30.4995122], [114.4067823, 30.4995133]]]}, "properties": {"id": 12483, "block_id": 12483, "area_sqm": 4353, "poi_count": 1, "dominant_category": "交通设施服务", "category_entropy": 0.0, "street_block_id": null}}, {"type": "Feature", "geometry": {"type": "Polygon", "coordinates": [[[114.4115348, 30.4992544], [114.411380119, 30.499265975], [114.4113695, 30.499187], [114.4123851, 30.4990958], [114.4140171, 30.4989176], [114.414279708, 30.498873303], [114.4144413, 30.4988631], [114.414483139, 30.498858076], [114.4140309, 30.4990012], [114.4120028, 30.4992081], [114.4115348, 30.4992544]]]}, "properties": {"id": 12434, "block_id": 12434, "area_sqm": 2462, "poi_count": 1, "dominant_category": "生活服务", "category_entropy": 0.0, "street_block_id": null}}, {"type": "Feature", "geometry": {"type": "Polygon", "coordinates": [[[114.4065359, 30.4992572], [114.4063914, 30.4992685], [114.4063835, 30.4992184], [114.4063758, 30.4991345], [114.4063522, 30.4989454], [114.4063331, 30.498749], [114.4062858, 30.4983417], [114.4062463, 30.4981554], [114.4061834, 30.4976277], [114.4060611, 30.4965757], [114.4060296, 30.4962805], [114.4058625, 30.4948411], [114.4058103, 30.4945441], [114.4058966, 30.4945362], [114.4059655, 30.49453], [114.4060366, 30.4951443], [114.4060956, 30.4957221], [114.406168, 30.4963576], [114.4062301, 30.4969638], [114.4062324, 30.4969863], [114.4062724, 30.4971506], [114.4063717, 30.4980031], [114.4064136, 30.4982238], [114.4064935, 30.4987557], [114.4065303, 30.4992152], [114.4065359, 30.4992572]]]}, "properties": {"id": 12435, "block_id": 12435, "area_sqm": 7074, "poi_count": 1, "dominant_category": "地名地址信息", "category_entropy": 0.0, "street_block_id": null}}, {"type": "Feature", "geometry": {"type": "Polygon", "coordinates": [[[114.4096059, 30.4992735], [114.409420614, 30.499291231], [114.4094185, 30.4992637], [114.4096048, 30.4992398], [114.4099771, 30.4992044], [114.4123756, 30.4989763], [114.4131121, 30.4989003], [114.4137149, 30.4988483], [114.4141205, 30.498799], [114.4146196, 30.4986971], [114.4150135, 30.4985877], [114.4151991, 30.4985374], [114.4154609, 30.4984594], [114.415495359, 30.498446127], [114.4155331, 30.4984394], [114.4156895, 30.4983947], [114.4162561, 30.4982139], [114.415949, 30.4983549], [114.4157106, 30.4984572], [114.4155919, 30.4985001], [114.4154509, 30.4985429], [114.415216, 30.4986053], [114.4150327, 30.498652], [114.4145987, 30.4987556], [114.4144189, 30.4987872], [114.414256, 30.4988147], [114.4140494, 30.4988413], [114.4137149, 30.4988759], [114.4128258, 30.4989651], [114.4123791, 30.4990055], [114.4099812, 30.4992347], [114.4096059, 30.4992735]]]}, "properties": {"id": 12438, "block_id": 12438, "area_sqm": 2832, "poi_count": 2, "dominant_category": "地名地址信息", "category_entropy": 0.0, "street_block_id": null}}, {"type": "Feature", "geometry": {"type": "Polygon", "coordinates": [[[114.4113695, 30.499187], [114.409844532, 30.499299659], [114.4096059, 30.4992735], [114.4099812, 30.4992347], [114.4123791, 30.4990055], [114.4128258, 30.4989651], [114.414279708, 30.498873303], [114.4140171, 30.4989176], [114.4123851, 30.4990958], [114.4113695, 30.499187]]]}, "properties": {"id": 12439, "block_id": 12439, "area_sqm": 3270, "poi_count": 1, "dominant_category": "地名地址信息", "category_entropy": 0.0, "street_block_id": null}}, {"type": "Feature", "geometry": {"type": "Polygon", "coordinates": [[[114.4071798, 30.4993883], [114.406678863, 30.499432884], [114.4066694, 30.4993494], [114.4067608, 30.4993404], [114.4067994, 30.4993367], [114.4069079, 30.499326], [114.4073794, 30.4993073], [114.4094686, 30.4991131], [114.4115765, 30.4989356], [114.412180047, 30.498877861], [114.4115798, 30.4989663], [114.4107967, 30.4990467], [114.4095951, 30.4991546], [114.4071798, 30.4993883]]]}, "properties": {"id": 12468, "block_id": 12468, "area_sqm": 2983, "poi_count": 1, "dominant_category": "交通设施服务", "category_entropy": 0.0, "street_block_id": null}}, {"type": "Feature", "geometry": {"type": "Polygon", "coordinates": [[[114.4067776, 30.4994754], [114.406684, 30.4994782], [114.406678863, 30.499432884], [114.4071798, 30.4993883], [114.4095951, 30.4991546], [114.4107967, 30.4990467], [114.4115798, 30.4989663], [114.4131786, 30.4988113], [114.4137059, 30.4987639], [114.4141058, 30.4987168], [114.4143445, 30.4986771], [114.4146006, 30.4986268], [114.4148858, 30.4985623], [114.4150347, 30.49852], [114.415176755, 30.498477684], [114.4152104, 30.4984807], [114.415237453, 30.498478884], [114.4150037, 30.4985507], [114.4146135, 30.4986509], [114.4141054, 30.4987459], [114.4137145, 30.4987952], [114.4131142, 30.4988518], [114.41237, 30.4989215], [114.4099709, 30.4991541], [114.4096014, 30.4991883], [114.4092224, 30.4992514], [114.4068922, 30.4994719], [114.4068174, 30.4994742], [114.4067776, 30.4994754]]]}, "properties": {"id": 12472, "block_id": 12472, "area_sqm": 3547, "poi_count": 2, "dominant_category": "交通设施服务", "category_entropy": 0.693, "street_block_id": null}}, {"type": "Feature", "geometry": {"type": "Polygon", "coordinates": [[[114.417193201, 30.499185926], [114.4171919, 30.4995012], [114.417024962, 30.498347116], [114.417074311, 30.498314105], [114.417076, 30.4983353], [114.417193201, 30.499185926]]]}, "properties": {"id": 12479, "block_id": 12479, "area_sqm": 532, "poi_count": 1, "dominant_category": "地名地址信息", "category_entropy": 0.0, "street_block_id": null}}, {"type": "Feature", "geometry": {"type": "Polygon", "coordinates": [[[114.4050156, 30.4994947], [114.404733781, 30.499507604], [114.4049381, 30.4994813], [114.4054925, 30.499416], [114.4056148, 30.4993879], [114.4057584, 30.4993485], [114.4058623, 30.4993059], [114.4059682, 30.4992414], [114.4060398, 30.4991707], [114.4060973, 30.4991027], [114.4061396, 30.4990293], [114.406160217, 30.498973349], [114.4062143, 30.4989775], [114.4062182, 30.4990583], [114.4062067, 30.49914], [114.4061822, 30.4992038], [114.40622739, 30.499234347], [114.4062033, 30.4992675], [114.4061553, 30.4993079], [114.406115, 30.4993285], [114.4058242, 30.4994066], [114.4055123, 30.4994495], [114.4050156, 30.4994947]]]}, "properties": {"id": 12482, "block_id": 12482, "area_sqm": 1121, "poi_count": 1, "dominant_category": "地名地址信息", "category_entropy": 0.0, "street_block_id": null}}, {"type": "Feature", "geometry": {"type": "Polygon", "coordinates": [[[114.4049387, 30.4995496], [114.404070438, 30.499593063], [114.404070435, 30.499593006], [114.404733781, 30.499507604], [114.4050156, 30.4994947], [114.4055123, 30.4994495], [114.4058242, 30.4994066], [114.4062592, 30.4993897], [114.4063154, 30.4993842], [114.4063441, 30.4994467], [114.406345665, 30.499462538], [114.4062697, 30.4994693], [114.4058086, 30.4995015], [114.4055207, 30.4995184], [114.4049387, 30.4995496]]]}, "properties": {"id": 12504, "block_id": 12504, "area_sqm": 1394, "poi_count": 3, "dominant_category": "地名地址信息", "category_entropy": 0.0, "street_block_id": null}}, {"type": "Feature", "geometry": {"type": "Polygon", "coordinates": [[[114.4033738, 30.4997197], [114.40291516, 30.499744185], [114.402911834, 30.49969054], [114.4033663, 30.4996661], [114.4040715, 30.4996152], [114.4051331, 30.4995545], [114.4062611, 30.4994909], [114.4063482, 30.4994882], [114.4063519, 30.4995255], [114.4062636, 30.499528], [114.4058139, 30.4995602], [114.4051353, 30.4995988], [114.4040554, 30.4996581], [114.4033738, 30.4997197]]]}, "properties": {"id": 12535, "block_id": 12535, "area_sqm": 1657, "poi_count": 1, "dominant_category": "地名地址信息", "category_entropy": 0.0, "street_block_id": null}}, {"type": "Feature", "geometry": {"type": "Polygon", "coordinates": [[[114.4051384, 30.4997224], [114.4032387, 30.4997615], [114.405137, 30.4996569], [114.4058061, 30.4996176], [114.4062739, 30.4995871], [114.406356134, 30.499579701], [114.4063585, 30.49961], [114.4063545, 30.4996421], [114.406298, 30.4996458], [114.4058275, 30.4996963], [114.4055489, 30.4997104], [114.4052629, 30.499724894], [114.4051384, 30.4997224]]]}, "properties": {"id": 12541, "block_id": 12541, "area_sqm": 1613, "poi_count": 2, "dominant_category": "地名地址信息", "category_entropy": 0.0, "street_block_id": null}}, {"type": "Feature", "geometry": {"type": "Polygon", "coordinates": [[[114.4032387, 30.4997615], [114.402917318, 30.499778605], [114.4029159, 30.4997561], [114.40291516, 30.499744185], [114.4033738, 30.4997197], [114.4040554, 30.4996581], [114.4051353, 30.4995988], [114.4058139, 30.4995602], [114.4062636, 30.499528], [114.4063519, 30.4995255], [114.406356134, 30.499579701], [114.4062739, 30.4995871], [114.4058061, 30.4996176], [114.405137, 30.4996569], [114.4032387, 30.4997615]]]}, "properties": {"id": 12551, "block_id": 12551, "area_sqm": 1925, "poi_count": 2, "dominant_category": "交通设施服务", "category_entropy": 0.0, "street_block_id": null}}, {"type": "Feature", "geometry": {"type": "Polygon", "coordinates": [[[114.3999214, 30.4998728], [114.3996197, 30.4998783], [114.399614864, 30.499834474], [114.4008464, 30.4997699], [114.402909947, 30.499660313], [114.4029111, 30.4996787], [114.402911834, 30.49969054], [114.4026132, 30.4997066], [114.4022523, 30.4997467], [114.4004302, 30.4998466], [114.3999214, 30.4998728]]]}, "properties": {"id": 12574, "block_id": 12574, "area_sqm": 1738, "poi_count": 1, "dominant_category": "地名地址信息", "category_entropy": 0.0, "street_block_id": null}}, {"type": "Feature", "geometry": {"type": "Polygon", "coordinates": [[[114.3999206, 30.4999054], [114.3996244, 30.4999203], [114.3996197, 30.4998783], [114.3999214, 30.4998728], [114.4004302, 30.4998466], [114.4022523, 30.4997467], [114.4026132, 30.4997066], [114.402911834, 30.49969054], [114.40291516, 30.499744185], [114.402293, 30.4997774], [114.4015411, 30.4998251], [114.3999206, 30.4999054]]]}, "properties": {"id": 12579, "block_id": 12579, "area_sqm": 1343, "poi_count": 2, "dominant_category": "地名地址信息", "category_entropy": 0.0, "street_block_id": null}}, {"type": "Feature", "geometry": {"type": "Polygon", "coordinates": [[[114.3996244, 30.4999203], [114.3995359, 30.4999247], [114.399529, 30.49988], [114.3996197, 30.4998783], [114.3996244, 30.4999203]]]}, "properties": {"id": 12581, "block_id": 12581, "area_sqm": 42, "poi_count": 2, "dominant_category": "地名地址信息", "category_entropy": 0.0, "street_block_id": null}}, {"type": "Feature", "geometry": {"type": "Polygon", "coordinates": [[[114.4062525, 30.5001477], [114.4061707, 30.5001794], [114.4061412, 30.500101], [114.4060769, 30.5000315], [114.4060154, 30.4999737], [114.4059525, 30.4999243], [114.4058841, 30.4998842], [114.4057939, 30.4998394], [114.4056722, 30.499817], [114.4055532, 30.49981], [114.4054247, 30.4998083], [114.4046992, 30.4998351], [114.404687, 30.4997547], [114.4050122, 30.4997376], [114.4052629, 30.499724894], [114.4053231, 30.4997261], [114.4055257, 30.4997345], [114.4056602, 30.4997513], [114.405818, 30.4997984], [114.4059491, 30.4998601], [114.4060644, 30.4999316], [114.4061799, 30.5000351], [114.406237083, 30.500111075], [114.4062525, 30.5001477]]]}, "properties": {"id": 12605, "block_id": 12605, "area_sqm": 1294, "poi_count": 2, "dominant_category": "地名地址信息", "category_entropy": 0.0, "street_block_id": null}}, {"type": "Feature", "geometry": {"type": "Polygon", "coordinates": [[[114.3933969, 30.5002804], [114.392688898, 30.500306912], [114.392672, 30.500262], [114.3945981, 30.5001727], [114.3995359, 30.4999247], [114.399540884, 30.499956842], [114.399208, 30.4999739], [114.3986125, 30.5000032], [114.3933969, 30.5002804]]]}, "properties": {"id": 12624, "block_id": 12624, "area_sqm": 2928, "poi_count": 2, "dominant_category": "地名地址信息", "category_entropy": 0.0, "street_block_id": null}}, {"type": "Feature", "geometry": {"type": "Polygon", "coordinates": [[[114.394235, 30.5003213], [114.3930974, 30.5003754], [114.3927056, 30.5003513], [114.392688898, 30.500306912], [114.3933969, 30.5002804], [114.3986125, 30.5000032], [114.399208, 30.4999739], [114.399540884, 30.499956842], [114.399549466, 30.500012183], [114.39954647, 30.500012563], [114.3976069, 30.5001169], [114.3957312, 30.5002155], [114.3954742, 30.5002617], [114.394235, 30.5003213]]]}, "properties": {"id": 12636, "block_id": 12636, "area_sqm": 5054, "poi_count": 5, "dominant_category": "交通设施服务", "category_entropy": 0.5, "street_block_id": null}}, {"type": "Feature", "geometry": {"type": "Polygon", "coordinates": [[[114.4045116, 30.5022106], [114.4044713, 30.5025182], [114.4044495, 30.5024654], [114.4044225, 30.502427], [114.4043922, 30.5024187], [114.4044219, 30.50235], [114.4043974, 30.5023141], [114.4044691, 30.5022589], [114.4045116, 30.5022106]]]}, "properties": {"id": 12913, "block_id": 12913, "area_sqm": 175, "poi_count": 1, "dominant_category": "地名地址信息", "category_entropy": 0.0, "street_block_id": null}}, {"type": "Feature", "geometry": {"type": "Polygon", "coordinates": [[[114.4228, 30.5019171], [114.4217505, 30.5019995], [114.4217461, 30.5019602], [114.4217288, 30.5018978], [114.4228103, 30.5018089], [114.425044, 30.5016253], [114.4252571, 30.5016033], [114.4252644, 30.5017453], [114.4249645, 30.501757], [114.4228, 30.5019171]]]}, "properties": {"id": 12844, "block_id": 12844, "area_sqm": 4285, "poi_count": 3, "dominant_category": "地名地址信息", "category_entropy": 0.637, "street_block_id": null}}, {"type": "Feature", "geometry": {"type": "Polygon", "coordinates": [[[114.4176152, 30.5022487], [114.417513565, 30.502263776], [114.4174412, 30.5015449], [114.4171919, 30.4995012], [114.417193201, 30.499185926], [114.4176152, 30.5022487]]]}, "properties": {"id": 12875, "block_id": 12875, "area_sqm": 2082, "poi_count": 1, "dominant_category": "交通设施服务", "category_entropy": 0.0, "street_block_id": null}}, {"type": "Feature", "geometry": {"type": "Polygon", "coordinates": [[[114.4172974, 30.5015572], [114.417390329, 30.502280991], [114.417337, 30.5021362], [114.41684276, 30.498431415], [114.4168601, 30.4984264], [114.416895399, 30.498412196], [114.416904, 30.4984551], [114.4169395, 30.4986838], [114.4172974, 30.5015572]]]}, "properties": {"id": 12876, "block_id": 12876, "area_sqm": 1957, "poi_count": 1, "dominant_category": "地名地址信息", "category_entropy": 0.0, "street_block_id": null}}, {"type": "Feature", "geometry": {"type": "Polygon", "coordinates": [[[114.417390467, 30.502282068], [114.417355299, 30.502292182], [114.4172407, 30.5018561], [114.4171903, 30.5015803], [114.4170675, 30.5005881], [114.4168761, 30.4990415], [114.416863, 30.4989519], [114.4168358, 30.498843], [114.4167854, 30.4987537], [114.4167254, 30.498689], [114.4166448, 30.4986304], [114.4165381, 30.4985838], [114.4164604, 30.4985664], [114.4161437, 30.4985813], [114.4164584, 30.4985214], [114.4167301, 30.498464], [114.41684276, 30.498431415], [114.417337, 30.5021362], [114.417390329, 30.502280991], [114.417390467, 30.502282068]]]}, "properties": {"id": 12881, "block_id": 12881, "area_sqm": 3032, "poi_count": 1, "dominant_category": "地名地址信息", "category_entropy": 0.0, "street_block_id": null}}, {"type": "Feature", "geometry": {"type": "Polygon", "coordinates": [[[114.4176154, 30.5023151], [114.41752106, 30.502338225], [114.417513565, 30.502263776], [114.4176152, 30.5022487], [114.4176154, 30.5023151]]]}, "properties": {"id": 12892, "block_id": 12892, "area_sqm": 74, "poi_count": 2, "dominant_category": "地名地址信息", "category_entropy": 0.0, "street_block_id": null}}, {"type": "Feature", "geometry": {"type": "Polygon", "coordinates": [[[114.4043971, 30.5029801], [114.4043727, 30.5030693], [114.4042798, 30.5030613], [114.4043037, 30.5028888], [114.4043577, 30.5024983], [114.4043922, 30.5024187], [114.4044225, 30.502427], [114.4044495, 30.5024654], [114.4044713, 30.5025182], [114.4043971, 30.5029801]]]}, "properties": {"id": 12992, "block_id": 12992, "area_sqm": 717, "poi_count": 1, "dominant_category": "餐饮服务", "category_entropy": 0.0, "street_block_id": null}}, {"type": "Feature", "geometry": {"type": "Polygon", "coordinates": [[[114.4124005, 30.5033976], [114.4117274, 30.5034367], [114.4117221, 30.5033601], [114.4123882, 30.5033195], [114.4126715, 30.5032703], [114.4126816, 30.5033487], [114.4124005, 30.5033976]]]}, "properties": {"id": 13046, "block_id": 13046, "area_sqm": 796, "poi_count": 1, "dominant_category": "地名地址信息", "category_entropy": 0.0, "street_block_id": null}}, {"type": "Feature", "geometry": {"type": "Polygon", "coordinates": [[[114.3999909, 30.5034498], [114.399921, 30.5034618], [114.3999029, 30.5033996], [114.3998632, 30.5032574], [114.3998327, 30.5031336], [114.3998143, 30.5030204], [114.399799, 30.5029204], [114.3997776, 30.50274], [114.3995744, 30.5001739], [114.3995495, 30.5000124], [114.3996342, 30.5000086], [114.3996522, 30.5001712], [114.3998335, 30.502553], [114.3998603, 30.5028327], [114.3998835, 30.5029919], [114.3999048, 30.5030969], [114.3999375, 30.5032565], [114.3999737, 30.5033884], [114.3999909, 30.5034498]]]}, "properties": {"id": 13047, "block_id": 13047, "area_sqm": 2738, "poi_count": 1, "dominant_category": "地名地址信息", "category_entropy": 0.0, "street_block_id": null}}, {"type": "Feature", "geometry": {"type": "Polygon", "coordinates": [[[114.4071654, 30.5035428], [114.4070425, 30.503555], [114.4070344, 30.5034988], [114.4069674, 30.5028772], [114.4069396, 30.5025814], [114.406829, 30.5017102], [114.4067132, 30.5007789], [114.4067597, 30.5004654], [114.4067609, 30.5004236], [114.4067669, 30.5002158], [114.40675, 30.5000026], [114.4067537, 30.4999361], [114.4067597, 30.4998716], [114.4067754, 30.4998134], [114.4068118, 30.499752], [114.4068477, 30.4997053], [114.4069757, 30.4995904], [114.4069402, 30.4996887], [114.4069299, 30.4997685], [114.4069598, 30.5001545], [114.4069569, 30.5004218], [114.4069544, 30.5006525], [114.4069342, 30.5009645], [114.4069915, 30.5014428], [114.4072486, 30.5034691], [114.4072624, 30.5035332], [114.4072039, 30.503539], [114.4071654, 30.5035428]]]}, "properties": {"id": 13058, "block_id": 13058, "area_sqm": 8200, "poi_count": 4, "dominant_category": "生活服务", "category_entropy": 1.386, "street_block_id": null}}, {"type": "Feature", "geometry": {"type": "Polygon", "coordinates": [[[114.4070425, 30.503555], [114.4069027, 30.503569], [114.4068974, 30.5035244], [114.4068692, 30.5032714], [114.4068159, 30.5028237], [114.4068036, 30.5026456], [114.406691, 30.5017053], [114.4066153, 30.5011578], [114.4065842, 30.5009095], [114.4065713, 30.5007995], [114.4065602, 30.5007047], [114.4065457, 30.5004768], [114.4064769, 30.499809], [114.4064672, 30.4997472], [114.4065984, 30.499731], [114.4066061, 30.4997889], [114.4066891, 30.5004647], [114.4067132, 30.5007789], [114.406829, 30.5017102], [114.4069396, 30.5025814], [114.4069674, 30.5028772], [114.4070344, 30.5034988], [114.4070425, 30.503555]]]}, "properties": {"id": 13059, "block_id": 13059, "area_sqm": 5756, "poi_count": 2, "dominant_category": "地名地址信息", "category_entropy": 0.693, "street_block_id": null}}, {"type": "Feature", "geometry": {"type": "Polygon", "coordinates": [[[114.4074353, 30.5036804], [114.4073916, 30.5036859], [114.4073822, 30.5036212], [114.4074284, 30.5036138], [114.4117221, 30.5033601], [114.4117274, 30.5034367], [114.4090724, 30.5035753], [114.4074353, 30.5036804]]]}, "properties": {"id": 13078, "block_id": 13078, "area_sqm": 3041, "poi_count": 1, "dominant_category": "地名地址信息", "category_entropy": 0.0, "street_block_id": null}}, {"type": "Feature", "geometry": {"type": "Polygon", "coordinates": [[[114.407068, 30.5037266], [114.406924, 30.5037447], [114.4069168, 30.5036958], [114.4070591, 30.503673], [114.407068, 30.5037266]]]}, "properties": {"id": 13085, "block_id": 13085, "area_sqm": 80, "poi_count": 1, "dominant_category": "地名地址信息", "category_entropy": 0.0, "street_block_id": null}}, {"type": "Feature", "geometry": {"type": "Polygon", "coordinates": [[[114.4005883, 30.5044103], [114.4005341, 30.5044345], [114.4005155, 30.5044051], [114.4005515, 30.5043824], [114.4043117, 30.5023773], [114.4043974, 30.5023141], [114.4044219, 30.50235], [114.4043922, 30.5024187], [114.4043556, 30.5024086], [114.4042971, 30.5024214], [114.4005883, 30.5044103]]]}, "properties": {"id": 13170, "block_id": 13170, "area_sqm": 1764, "poi_count": 1, "dominant_category": "生活服务", "category_entropy": 0.0, "street_block_id": null}}, {"type": "Feature", "geometry": {"type": "Polygon", "coordinates": [[[114.4015145, 30.503978], [114.4005674, 30.5044875], [114.400549, 30.5044575], [114.4005341, 30.5044345], [114.4005883, 30.5044103], [114.4042971, 30.5024214], [114.4043556, 30.5024086], [114.4043922, 30.5024187], [114.4043577, 30.5024983], [114.4043295, 30.5024905], [114.4042725, 30.502505], [114.4040363, 30.5026215], [114.4027393, 30.5033192], [114.402266, 30.503574], [114.4015145, 30.503978]]]}, "properties": {"id": 13179, "block_id": 13179, "area_sqm": 2594, "poi_count": 3, "dominant_category": "交通设施服务", "category_entropy": 0.637, "street_block_id": null}}, {"type": "Feature", "geometry": {"type": "Polygon", "coordinates": [[[114.4007047, 30.5048011], [114.4006381, 30.5048255], [114.4005065, 30.5045758], [114.400451, 30.5044716], [114.4005341, 30.5044345], [114.400549, 30.5044575], [114.4005674, 30.5044875], [114.4007073, 30.5047155], [114.4007392, 30.5047674], [114.4007237, 30.5047752], [114.4007118, 30.5047868], [114.4007047, 30.5048011]]]}, "properties": {"id": 13230, "block_id": 13230, "area_sqm": 442, "poi_count": 3, "dominant_category": "购物服务", "category_entropy": 1.099, "street_block_id": null}}, {"type": "Feature", "geometry": {"type": "Polygon", "coordinates": [[[114.4119751, 30.5055243], [114.4112117, 30.505591], [114.4111302, 30.5054978], [114.4110042, 30.5043954], [114.4110058, 30.5043552], [114.4110364, 30.504303], [114.4110847, 30.5042776], [114.4118316, 30.5042163], [114.4119215, 30.5048692], [114.4119671, 30.5049397], [114.4119282, 30.5050229], [114.4119751, 30.5055243]]]}, "properties": {"id": 13297, "block_id": 13297, "area_sqm": 11850, "poi_count": 2, "dominant_category": "汽车服务", "category_entropy": 0.693, "street_block_id": null}}, {"type": "Feature", "geometry": {"type": "Polygon", "coordinates": [[[114.4076078, 30.5059596], [114.4075455, 30.5059649], [114.4074825, 30.5059526], [114.4075252, 30.5058913], [114.4075557, 30.505795], [114.407576, 30.5056654], [114.4075801, 30.5054552], [114.4075333, 30.5052153], [114.4075028, 30.5050226], [114.4074886, 30.5048335], [114.4074723, 30.5046794], [114.4074195, 30.5044114], [114.4073453, 30.5038825], [114.4073356, 30.5038415], [114.4074126, 30.5038352], [114.4074962, 30.5045982], [114.4075945, 30.5052672], [114.4076429, 30.5056176], [114.4076078, 30.5059596]]]}, "properties": {"id": 13324, "block_id": 13324, "area_sqm": 1298, "poi_count": 2, "dominant_category": "商务住宅", "category_entropy": 0.693, "street_block_id": null}}, {"type": "Feature", "geometry": {"type": "Polygon", "coordinates": [[[114.4072216, 30.5059884], [114.4069959, 30.5060212], [114.4068842, 30.5045873], [114.4068565, 30.5043008], [114.4067584, 30.5038882], [114.4069388, 30.5038736], [114.4069452, 30.5039274], [114.4072216, 30.5059884]]]}, "properties": {"id": 13330, "block_id": 13330, "area_sqm": 4013, "poi_count": 1, "dominant_category": "交通设施服务", "category_entropy": 0.0, "street_block_id": null}}, {"type": "Feature", "geometry": {"type": "Polygon", "coordinates": [[[114.4074337, 30.5059929], [114.4073754, 30.5060495], [114.4073556, 30.5059405], [114.4073458, 30.5058769], [114.4071392, 30.5042594], [114.4070945, 30.5039149], [114.4070868, 30.5038616], [114.4072216, 30.5038507], [114.4072611, 30.5038475], [114.4073356, 30.5038415], [114.4073453, 30.5038825], [114.4074195, 30.5044114], [114.4074723, 30.5046794], [114.4074886, 30.5048335], [114.4075028, 30.5050226], [114.4075333, 30.5052153], [114.4075801, 30.5054552], [114.407576, 30.5056654], [114.4075557, 30.505795], [114.4075252, 30.5058913], [114.4074825, 30.5059526], [114.4074337, 30.5059929]]]}, "properties": {"id": 13333, "block_id": 13333, "area_sqm": 5877, "poi_count": 2, "dominant_category": "交通设施服务", "category_entropy": 0.693, "street_block_id": null}}, {"type": "Feature", "geometry": {"type": "Polygon", "coordinates": [[[114.4073754, 30.5060495], [114.4072325, 30.506089], [114.4072216, 30.5059884], [114.4069452, 30.5039274], [114.4069388, 30.5038736], [114.4070868, 30.5038616], [114.4070945, 30.5039149], [114.4071392, 30.5042594], [114.4073458, 30.5058769], [114.4073556, 30.5059405], [114.4073754, 30.5060495]]]}, "properties": {"id": 13338, "block_id": 13338, "area_sqm": 3402, "poi_count": 1, "dominant_category": "地名地址信息", "category_entropy": 0.0, "street_block_id": null}}, {"type": "Feature", "geometry": {"type": "Polygon", "coordinates": [[[114.4072325, 30.506089], [114.4069943, 30.5060919], [114.4069954, 30.5060473], [114.4069959, 30.5060212], [114.4072216, 30.5059884], [114.4072325, 30.506089]]]}, "properties": {"id": 13339, "block_id": 13339, "area_sqm": 212, "poi_count": 1, "dominant_category": "地名地址信息", "category_entropy": 0.0, "street_block_id": null}}, {"type": "Feature", "geometry": {"type": "Polygon", "coordinates": [[[114.4061943, 30.5061501], [114.4043172, 30.5063214], [114.4043121, 30.5062675], [114.4043173, 30.5062074], [114.4069959, 30.5060212], [114.4069954, 30.5060473], [114.4069943, 30.5060919], [114.4061943, 30.5061501]]]}, "properties": {"id": 13369, "block_id": 13369, "area_sqm": 2485, "poi_count": 4, "dominant_category": "地名地址信息", "category_entropy": 0.0, "street_block_id": null}}, {"type": "Feature", "geometry": {"type": "Polygon", "coordinates": [[[114.4178239, 30.5059514], [114.418034007, 30.507562874], [114.41789, 30.5070763], [114.417847, 30.5067828], [114.417740441, 30.505957036], [114.4178239, 30.5059514]]]}, "properties": {"id": 13516, "block_id": 13516, "area_sqm": 1215, "poi_count": 1, "dominant_category": "交通设施服务", "category_entropy": 0.0, "street_block_id": null}}, {"type": "Feature", "geometry": {"type": "Polygon", "coordinates": [[[114.4077736, 30.5078602], [114.4075869, 30.5078774], [114.4075799, 30.5078326], [114.4075278, 30.5074485], [114.407513, 30.5074198], [114.4074892, 30.5072075], [114.407475, 30.5069528], [114.4073754, 30.5060495], [114.4074337, 30.5059929], [114.4074825, 30.5059526], [114.4075455, 30.5059649], [114.4076078, 30.5059596], [114.4075637, 30.5061059], [114.4077736, 30.5078602]]]}, "properties": {"id": 13585, "block_id": 13585, "area_sqm": 3887, "poi_count": 1, "dominant_category": "交通设施服务", "category_entropy": 0.0, "street_block_id": null}}, {"type": "Feature", "geometry": {"type": "Polygon", "coordinates": [[[114.407314, 30.5079555], [114.4072549, 30.5079606], [114.4069943, 30.5060919], [114.4072325, 30.506089], [114.4074451, 30.5078905], [114.4073651, 30.5078979], [114.407372, 30.5079505], [114.4073526, 30.5079522], [114.407314, 30.5079555]]]}, "properties": {"id": 13601, "block_id": 13601, "area_sqm": 4286, "poi_count": 2, "dominant_category": "交通设施服务", "category_entropy": 0.0, "street_block_id": null}}, {"type": "Feature", "geometry": {"type": "Polygon", "coordinates": [[[114.4126617, 30.5081711], [114.4125706, 30.5081807], [114.4125599, 30.5080536], [114.4126402, 30.5080459], [114.4132786, 30.5079841], [114.4132941, 30.5081046], [114.4126617, 30.5081711]]]}, "properties": {"id": 13645, "block_id": 13645, "area_sqm": 960, "poi_count": 2, "dominant_category": "购物服务", "category_entropy": 0.0, "street_block_id": null}}, {"type": "Feature", "geometry": {"type": "Polygon", "coordinates": [[[114.4234805, 30.508577], [114.4231103, 30.5086058], [114.423098756, 30.508498373], [114.4234682, 30.5084677], [114.4234805, 30.508577]]]}, "properties": {"id": 13717, "block_id": 13717, "area_sqm": 430, "poi_count": 1, "dominant_category": "生活服务", "category_entropy": 0.0, "street_block_id": null}}, {"type": "Feature", "geometry": {"type": "Polygon", "coordinates": [[[114.4231103, 30.5086058], [114.4229145, 30.5086209], [114.4228997, 30.5085149], [114.423098756, 30.508498373], [114.4231103, 30.5086058]]]}, "properties": {"id": 13725, "block_id": 13725, "area_sqm": 226, "poi_count": 1, "dominant_category": "购物服务", "category_entropy": 0.0, "street_block_id": null}}, {"type": "Feature", "geometry": {"type": "Polygon", "coordinates": [[[114.418375166, 30.508655623], [114.418319786, 30.508660778], [114.418293, 30.5085279], [114.417601, 30.5030231], [114.4175245, 30.5023724], [114.41752106, 30.502338225], [114.4176154, 30.5023151], [114.4181498, 30.5066206], [114.4183472, 30.5082322], [114.41836308, 30.508356005], [114.4183598, 30.508407], [114.4183706, 30.5085259], [114.418375166, 30.508655623]]]}, "properties": {"id": 13734, "block_id": 13734, "area_sqm": 6522, "poi_count": 1, "dominant_category": "地名地址信息", "category_entropy": 0.0, "street_block_id": null}}, {"type": "Feature", "geometry": {"type": "Polygon", "coordinates": [[[114.418319786, 30.508660778], [114.418188229, 30.508673025], [114.418172, 30.5084744], [114.4180637, 30.5076632], [114.4174266, 30.5025635], [114.417407461, 30.502414432], [114.4174155, 30.5023641], [114.41752106, 30.502338225], [114.4175245, 30.5023724], [114.417601, 30.5030231], [114.418293, 30.5085279], [114.418319786, 30.508660778]]]}, "properties": {"id": 13737, "block_id": 13737, "area_sqm": 7979, "poi_count": 1, "dominant_category": "地名地址信息", "category_entropy": 0.0, "street_block_id": null}}, {"type": "Feature", "geometry": {"type": "Polygon", "coordinates": [[[114.4215966, 30.508586], [114.418428783, 30.508868212], [114.4184212, 30.5088091], [114.418415741, 30.508766546], [114.4215821, 30.5084802], [114.4221726, 30.5084292], [114.4226294, 30.508352], [114.422884, 30.5083138], [114.423077489, 30.508300466], [114.423098756, 30.508498373], [114.4228997, 30.5085149], [114.4220705, 30.5085837], [114.4218604, 30.5085771], [114.4215966, 30.508586]]]}, "properties": {"id": 13797, "block_id": 13797, "area_sqm": 6090, "poi_count": 1, "dominant_category": "地名地址信息", "category_entropy": 0.0, "street_block_id": null}}, {"type": "Feature", "geometry": {"type": "Polygon", "coordinates": [[[114.4215821, 30.5084802], [114.418415741, 30.508766546], [114.418412336, 30.508740007], [114.4186496, 30.508673], [114.4187662, 30.5086564], [114.4188898, 30.5086238], [114.41893109, 30.508604259], [114.4199503, 30.508518], [114.4221539, 30.5083262], [114.4226294, 30.508352], [114.4221726, 30.5084292], [114.4215821, 30.5084802]]]}, "properties": {"id": 13760, "block_id": 13760, "area_sqm": 4368, "poi_count": 3, "dominant_category": "交通设施服务", "category_entropy": 0.0, "street_block_id": null}}, {"type": "Feature", "geometry": {"type": "Polygon", "coordinates": [[[114.417411122, 30.508674749], [114.4162434, 30.5087781], [114.4162125, 30.5085667], [114.4161914, 30.5084219], [114.4159232, 30.508448], [114.415872, 30.508074], [114.4159976, 30.5080614], [114.4159673, 30.5078368], [114.4159657, 30.5078109], [114.4159601, 30.5077207], [114.4159354, 30.5076003], [114.4159199, 30.5074223], [114.4158962, 30.5073096], [114.4158838, 30.5072179], [114.4157663, 30.5071303], [114.4155936, 30.5070189], [114.4143531, 30.5071565], [114.4142141, 30.5072453], [114.4141894, 30.5072816], [114.4141665, 30.5073396], [114.4141733, 30.5073903], [114.4141976, 30.5075713], [114.4142099, 30.507663], [114.4135033, 30.5077338], [114.4132496, 30.5077592], [114.4130583, 30.5062732], [114.417740441, 30.505957036], [114.417847, 30.5067828], [114.41789, 30.5070763], [114.418034007, 30.507562874], [114.4181246, 30.5082577], [114.4180999, 30.5084265], [114.418088591, 30.508442263], [114.4180709, 30.5083713], [114.4180442, 30.5082968], [114.4180121, 30.5082435], [114.4179811, 30.5081954], [114.417943, 30.5081507], [114.4178906, 30.5081044], [114.4178143, 30.5080612], [114.417733, 30.5080349], [114.4176352, 30.5080243], [114.4175368, 30.5080346], [114.4174605, 30.5080586], [114.4173899, 30.5080944], [114.4173349, 30.5081391], [114.417281, 30.5082002], [114.4172466, 30.5082654], [114.4172273, 30.5083427], [114.4172317, 30.5084412], [114.4172695, 30.5085347], [114.4173255, 30.5086132], [114.4173858, 30.5086613], [114.417411122, 30.508674749]]]}, "properties": {"id": 13769, "block_id": 13769, "area_sqm": 86583, "poi_count": 85, "dominant_category": "地名地址信息", "category_entropy": 1.909, "street_block_id": null}}, {"type": "Feature", "geometry": {"type": "Polygon", "coordinates": [[[114.3981332, 30.5090789], [114.398115857, 30.509111442], [114.3948595, 30.5086328], [114.39454568, 30.508600296], [114.394564983, 30.508516006], [114.3946785, 30.508528], [114.398138072, 30.50901274], [114.3981407, 30.5090428], [114.3981332, 30.5090789]]]}, "properties": {"id": 13847, "block_id": 13847, "area_sqm": 3432, "poi_count": 1, "dominant_category": "地名地址信息", "category_entropy": 0.0, "street_block_id": null}}, {"type": "Feature", "geometry": {"type": "Polygon", "coordinates": [[[114.4173694, 30.5087577], [114.4162572, 30.5088739], [114.4162434, 30.5087781], [114.417411122, 30.508674749], [114.4174581, 30.5086997], [114.4175604, 30.5087311], [114.417589592, 30.508734641], [114.4173694, 30.5087577]]]}, "properties": {"id": 13801, "block_id": 13801, "area_sqm": 1148, "poi_count": 3, "dominant_category": "住宿服务", "category_entropy": 1.099, "street_block_id": null}}, {"type": "Feature", "geometry": {"type": "Polygon", "coordinates": [[[114.418362787, 30.508874092], [114.418210929, 30.508887621], [114.4182025, 30.5088201], [114.418198242, 30.508785968], [114.4182725, 30.5087795], [114.418342444, 30.508773175], [114.418362787, 30.508874092]]]}, "properties": {"id": 13805, "block_id": 13805, "area_sqm": 162, "poi_count": 2, "dominant_category": "交通设施服务", "category_entropy": 0.693, "street_block_id": null}}, {"type": "Feature", "geometry": {"type": "Polygon", "coordinates": [[[114.418504, 30.5089368], [114.4184383, 30.5089424], [114.418428783, 30.508868212], [114.4215966, 30.508586], [114.4218604, 30.5085771], [114.4220705, 30.5085837], [114.4217181, 30.5086569], [114.4216584, 30.5086693], [114.4199544, 30.5088126], [114.4188083, 30.5089107], [114.418504, 30.5089368]]]}, "properties": {"id": 13815, "block_id": 13815, "area_sqm": 2991, "poi_count": 1, "dominant_category": "交通设施服务", "category_entropy": 0.0, "street_block_id": null}}, {"type": "Feature", "geometry": {"type": "Polygon", "coordinates": [[[114.3981375, 30.5090062], [114.398138072, 30.50901274], [114.3946785, 30.508528], [114.394564983, 30.508516006], [114.394576, 30.5084679], [114.394575582, 30.508356128], [114.394673261, 30.50832095], [114.3947609, 30.5083763], [114.3948882, 30.5084189], [114.3950061, 30.50844], [114.3960414, 30.5085681], [114.3965298, 30.5086401], [114.3966041, 30.5086622], [114.3967425, 30.5086814], [114.3979692, 30.5088614], [114.3980286, 30.5088917], [114.3980689, 30.5089161], [114.3981004, 30.5089408], [114.3981238, 30.5089715], [114.3981375, 30.5090062]]]}, "properties": {"id": 13829, "block_id": 13829, "area_sqm": 5274, "poi_count": 2, "dominant_category": "交通设施服务", "category_entropy": 0.693, "street_block_id": null}}, {"type": "Feature", "geometry": {"type": "Polygon", "coordinates": [[[114.3972236, 30.5090814], [114.3972102, 30.5091639], [114.3963412, 30.5090396], [114.3963558, 30.5089634], [114.3972236, 30.5090814]]]}, "properties": {"id": 13861, "block_id": 13861, "area_sqm": 751, "poi_count": 1, "dominant_category": "生活服务", "category_entropy": 0.0, "street_block_id": null}}, {"type": "Feature", "geometry": {"type": "Polygon", "coordinates": [[[114.4142745, 30.509081], [114.4134312, 30.5091691], [114.413414, 30.5090356], [114.4138558, 30.5089893], [114.41605, 30.5087952], [114.4162434, 30.5087781], [114.4162572, 30.5088739], [114.4150568, 30.5089993], [114.4147315, 30.5090333], [114.4142745, 30.509081]]]}, "properties": {"id": 13865, "block_id": 13865, "area_sqm": 3587, "poi_count": 5, "dominant_category": "购物服务", "category_entropy": 1.332, "street_block_id": null}}, {"type": "Feature", "geometry": {"type": "Polygon", "coordinates": [[[114.4011652, 30.5092057], [114.4012325, 30.5092436], [114.4011647, 30.5092401], [114.4008783, 30.5092362], [114.4008925, 30.5091907], [114.4010888, 30.5082608], [114.4011151, 30.5082648], [114.4012049, 30.5082786], [114.4010795, 30.5090122], [114.4010802, 30.5090606], [114.4010893, 30.5091161], [114.4011108, 30.5091513], [114.4011652, 30.5092057]]]}, "properties": {"id": 13888, "block_id": 13888, "area_sqm": 1566, "poi_count": 1, "dominant_category": "交通设施服务", "category_entropy": 0.0, "street_block_id": null}}, {"type": "Feature", "geometry": {"type": "Polygon", "coordinates": [[[114.4008783, 30.5092362], [114.4008567, 30.5092857], [114.399793, 30.5091149], [114.3994784, 30.5090674], [114.3986476, 30.5089611], [114.3984399, 30.5089303], [114.3984457, 30.5088434], [114.4008783, 30.5092362]]]}, "properties": {"id": 13898, "block_id": 13898, "area_sqm": 1615, "poi_count": 1, "dominant_category": "购物服务", "category_entropy": 0.0, "street_block_id": null}}, {"type": "Feature", "geometry": {"type": "Polygon", "coordinates": [[[114.4137618, 30.5093074], [114.4136209, 30.5093242], [114.4134312, 30.5091691], [114.4142745, 30.509081], [114.4147315, 30.5090333], [114.4150634, 30.5090554], [114.415203, 30.5090469], [114.418167252, 30.508788667], [114.418189877, 30.508889497], [114.4165106, 30.5090391], [114.415219, 30.509152], [114.4150733, 30.5091659], [114.4147625, 30.5092123], [114.4143125, 30.5092571], [114.4137618, 30.5093074]]]}, "properties": {"id": 13908, "block_id": 13908, "area_sqm": 6296, "poi_count": 1, "dominant_category": "地名地址信息", "category_entropy": 0.0, "street_block_id": null}}, {"type": "Feature", "geometry": {"type": "Polygon", "coordinates": [[[114.4022157, 30.5095427], [114.4019504, 30.5095665], [114.401719, 30.5095392], [114.3990763, 30.5091442], [114.398533517, 30.509068148], [114.39855, 30.5090198], [114.3985908, 30.5089811], [114.3986476, 30.5089611], [114.3994784, 30.5090674], [114.399793, 30.5091149], [114.4008567, 30.5092857], [114.4016227, 30.5094149], [114.4017902, 30.5094417], [114.4020104, 30.509489], [114.4022157, 30.5095427]]]}, "properties": {"id": 13937, "block_id": 13937, "area_sqm": 4625, "poi_count": 1, "dominant_category": "地名地址信息", "category_entropy": 0.0, "street_block_id": null}}, {"type": "Feature", "geometry": {"type": "Polygon", "coordinates": [[[114.4025849, 30.5094698], [114.4025646, 30.5095922], [114.4022734, 30.509552], [114.4023022, 30.50943], [114.4023152, 30.5093643], [114.4025934, 30.5094074], [114.4025849, 30.5094698]]]}, "properties": {"id": 13943, "block_id": 13943, "area_sqm": 579, "poi_count": 4, "dominant_category": "交通设施服务", "category_entropy": 1.04, "street_block_id": null}}, {"type": "Feature", "geometry": {"type": "Polygon", "coordinates": [[[114.4120836, 30.5095721], [114.4113901, 30.5096434], [114.4113787, 30.5095253], [114.4125972, 30.5094139], [114.412607254, 30.509527958], [114.4120836, 30.5095721]]]}, "properties": {"id": 13957, "block_id": 13957, "area_sqm": 1481, "poi_count": 1, "dominant_category": "地名地址信息", "category_entropy": 0.0, "street_block_id": null}}, {"type": "Feature", "geometry": {"type": "Polygon", "coordinates": [[[114.4091109, 30.5096115], [114.4087474, 30.5096446], [114.4082743, 30.5096198], [114.4081887, 30.5096044], [114.408056, 30.5095381], [114.4080239, 30.5095166], [114.4081143, 30.5094308], [114.4082133, 30.5094751], [114.4083607, 30.5095175], [114.4088335, 30.5094836], [114.4092458, 30.5094434], [114.4111152, 30.5092609], [114.411828, 30.5091913], [114.413283, 30.5090493], [114.4134312, 30.5091691], [114.4133188, 30.5091808], [114.4130001, 30.5092141], [114.4101379, 30.5095131], [114.409786, 30.5095499], [114.4091109, 30.5096115]]]}, "properties": {"id": 13958, "block_id": 13958, "area_sqm": 8254, "poi_count": 3, "dominant_category": "餐饮服务", "category_entropy": 1.099, "street_block_id": null}}, {"type": "Feature", "geometry": {"type": "Polygon", "coordinates": [[[114.4066161, 30.5096481], [114.40557, 30.5097498], [114.4055673, 30.5097232], [114.4046734, 30.5097232], [114.4046775, 30.5096915], [114.4046762, 30.5095077], [114.4046286, 30.509253], [114.4046527, 30.5090901], [114.4059328, 30.508989], [114.4059446, 30.5090936], [114.4065405, 30.5090386], [114.4065082, 30.5087613], [114.4064758, 30.5084828], [114.4064538, 30.5082936], [114.4064255, 30.5080776], [114.4071848, 30.5080154], [114.4072571, 30.5080095], [114.4073993, 30.5091836], [114.4073886, 30.5093142], [114.407284, 30.5094644], [114.4071928, 30.5095384], [114.4070654, 30.5095823], [114.4069137, 30.509624], [114.4066161, 30.5096481]]]}, "properties": {"id": 13983, "block_id": 13983, "area_sqm": 27062, "poi_count": 82, "dominant_category": "生活服务", "category_entropy": 2.326, "street_block_id": null}}, {"type": "Feature", "geometry": {"type": "Polygon", "coordinates": [[[114.4046753, 30.5097576], [114.4046766, 30.5097888], [114.4040746, 30.5097217], [114.404011, 30.5097112], [114.404013, 30.5096758], [114.4040157, 30.509647], [114.4045106, 30.5097163], [114.4046734, 30.5097232], [114.4046753, 30.5097576]]]}, "properties": {"id": 13989, "block_id": 13989, "area_sqm": 427, "poi_count": 1, "dominant_category": "交通设施服务", "category_entropy": 0.0, "street_block_id": null}}, {"type": "Feature", "geometry": {"type": "Polygon", "coordinates": [[[114.4080737, 30.5098287], [114.4079969, 30.5098358], [114.4079801, 30.5097017], [114.4080231, 30.5096912], [114.4087474, 30.5096446], [114.4091109, 30.5096115], [114.409786, 30.5095499], [114.4101379, 30.5095131], [114.4130001, 30.5092141], [114.4133188, 30.5091808], [114.4134312, 30.5091691], [114.4136209, 30.5093242], [114.4125972, 30.5094139], [114.4113787, 30.5095253], [114.4100069, 30.5096507], [114.4080737, 30.5098287]]]}, "properties": {"id": 13998, "block_id": 13998, "area_sqm": 8218, "poi_count": 2, "dominant_category": "交通设施服务", "category_entropy": 0.0, "street_block_id": null}}, {"type": "Feature", "geometry": {"type": "Polygon", "coordinates": [[[114.4078782, 30.509848], [114.4077243, 30.509864], [114.407708, 30.509724], [114.4078608, 30.5097115], [114.4078782, 30.509848]]]}, "properties": {"id": 14006, "block_id": 14006, "area_sqm": 228, "poi_count": 2, "dominant_category": "地名地址信息", "category_entropy": 0.0, "street_block_id": null}}, {"type": "Feature", "geometry": {"type": "Polygon", "coordinates": [[[114.4077243, 30.509864], [114.4075754, 30.5098793], [114.4075592, 30.5097362], [114.407708, 30.509724], [114.4077243, 30.509864]]]}, "properties": {"id": 14009, "block_id": 14009, "area_sqm": 227, "poi_count": 1, "dominant_category": "地名地址信息", "category_entropy": 0.0, "street_block_id": null}}, {"type": "Feature", "geometry": {"type": "Polygon", "coordinates": [[[114.4046766, 30.5097888], [114.4046807, 30.509901], [114.4045649, 30.5098945], [114.4038529, 30.5097697], [114.4038671, 30.5096466], [114.4038581, 30.5095749], [114.403855, 30.5095418], [114.4040157, 30.509647], [114.404013, 30.5096758], [114.404011, 30.5097112], [114.4040746, 30.5097217], [114.4046766, 30.5097888]]]}, "properties": {"id": 14012, "block_id": 14012, "area_sqm": 1038, "poi_count": 1, "dominant_category": "政府机构及社会团体", "category_entropy": 0.0, "street_block_id": null}}, {"type": "Feature", "geometry": {"type": "Polygon", "coordinates": [[[114.4038529, 30.5097697], [114.4038269, 30.5099683], [114.4036461, 30.5099153], [114.4031414, 30.5098675], [114.4028667, 30.5098317], [114.4025218, 30.5097873], [114.4021661, 30.5097417], [114.4018855, 30.509671], [114.4017042, 30.5096389], [114.3990626, 30.5092506], [114.398532503, 30.509172683], [114.3985186, 30.5091119], [114.398533517, 30.509068148], [114.3990763, 30.5091442], [114.401719, 30.5095392], [114.4019504, 30.5095665], [114.4022157, 30.5095427], [114.4022734, 30.509552], [114.4025646, 30.5095922], [114.4036921, 30.5097482], [114.4038529, 30.5097697]]]}, "properties": {"id": 14027, "block_id": 14027, "area_sqm": 7665, "poi_count": 5, "dominant_category": "交通设施服务", "category_entropy": 0.5, "street_block_id": null}}, {"type": "Feature", "geometry": {"type": "Polygon", "coordinates": [[[114.4093884, 30.5098262], [114.4080138, 30.5099716], [114.4079969, 30.5098358], [114.4080737, 30.5098287], [114.4100069, 30.5096507], [114.4113787, 30.5095253], [114.4113901, 30.5096434], [114.4093884, 30.5098262]]]}, "properties": {"id": 14029, "block_id": 14029, "area_sqm": 4412, "poi_count": 2, "dominant_category": "交通设施服务", "category_entropy": 0.0, "street_block_id": null}}, {"type": "Feature", "geometry": {"type": "Polygon", "coordinates": [[[114.4076259, 30.5100014], [114.4075895, 30.5100043], [114.4075754, 30.5098793], [114.4077243, 30.509864], [114.4078782, 30.509848], [114.4079969, 30.5098358], [114.4080138, 30.5099716], [114.4079797, 30.5099742], [114.4079292, 30.5099781], [114.4077693, 30.5099903], [114.4076926, 30.5099962], [114.4076259, 30.5100014]]]}, "properties": {"id": 14034, "block_id": 14034, "area_sqm": 593, "poi_count": 1, "dominant_category": "地名地址信息", "category_entropy": 0.0, "street_block_id": null}}, {"type": "Feature", "geometry": {"type": "Polygon", "coordinates": [[[114.4058565, 30.5100312], [114.405225, 30.5100782], [114.4048466, 30.5100763], [114.4045884, 30.5100669], [114.4043332, 30.5100381], [114.4040579, 30.5099995], [114.4038269, 30.5099683], [114.4038529, 30.5097697], [114.4045649, 30.5098945], [114.4046807, 30.509901], [114.4050617, 30.5099141], [114.4053118, 30.5099533], [114.4055195, 30.5099514], [114.4055914, 30.509947], [114.4058348, 30.5099293], [114.4060568, 30.5099073], [114.4065136, 30.5098325], [114.406973, 30.5097892], [114.4074836, 30.5097574], [114.4075592, 30.5097362], [114.4075754, 30.5098793], [114.4069428, 30.5099208], [114.4066794, 30.509949], [114.4063204, 30.5099826], [114.4058565, 30.5100312]]]}, "properties": {"id": 14051, "block_id": 14051, "area_sqm": 5590, "poi_count": 3, "dominant_category": "地名地址信息", "category_entropy": 0.637, "street_block_id": null}}, {"type": "Feature", "geometry": {"type": "Polygon", "coordinates": [[[114.418310907, 30.509687514], [114.4183619, 30.5100957], [114.4182891, 30.5100943], [114.4182172, 30.5096113], [114.4181529, 30.5091791], [114.4180726, 30.5091055], [114.4179993, 30.509051], [114.4178929, 30.5090522], [114.416997, 30.5091381], [114.4163026, 30.5092106], [114.4156587, 30.5092707], [114.4137527, 30.5094314], [114.4136209, 30.5093242], [114.4137618, 30.5093074], [114.4143125, 30.5092571], [114.4147625, 30.5092123], [114.4150798, 30.5092463], [114.4178021, 30.5089969], [114.4179954, 30.5089803], [114.4180808, 30.5089992], [114.4181396, 30.5090276], [114.4181926, 30.509066], [114.418230478, 30.509126946], [114.4182752, 30.5094906], [114.418310907, 30.509687514]]]}, "properties": {"id": 14056, "block_id": 14056, "area_sqm": 5063, "poi_count": 3, "dominant_category": "生活服务", "category_entropy": 1.099, "street_block_id": null}}, {"type": "Feature", "geometry": {"type": "Polygon", "coordinates": [[[114.4045884, 30.5100669], [114.4045933, 30.5101698], [114.4041349, 30.5101365], [114.4031351, 30.5100232], [114.4031414, 30.5098675], [114.4036461, 30.5099153], [114.4038269, 30.5099683], [114.4040579, 30.5099995], [114.4043332, 30.5100381], [114.4045884, 30.5100669]]]}, "properties": {"id": 14070, "block_id": 14070, "area_sqm": 2131, "poi_count": 1, "dominant_category": "通行设施", "category_entropy": 0.0, "street_block_id": null}}, {"type": "Feature", "geometry": {"type": "Polygon", "coordinates": [[[114.4050817, 30.5101563], [114.4045933, 30.5101698], [114.4045884, 30.5100669], [114.4048466, 30.5100763], [114.405225, 30.5100782], [114.4058565, 30.5100312], [114.4063204, 30.5099826], [114.4066794, 30.509949], [114.4069428, 30.5099208], [114.4075754, 30.5098793], [114.4075895, 30.5100043], [114.4067511, 30.5100671], [114.4062666, 30.5101059], [114.4060634, 30.5101101], [114.4050817, 30.5101563]]]}, "properties": {"id": 14071, "block_id": 14071, "area_sqm": 3328, "poi_count": 1, "dominant_category": "交通设施服务", "category_entropy": 0.0, "street_block_id": null}}, {"type": "Feature", "geometry": {"type": "Polygon", "coordinates": [[[114.3947153, 30.5135858], [114.3944326, 30.5136132], [114.3942068, 30.5124266], [114.3940997, 30.5122674], [114.3945833, 30.5123771], [114.3949407, 30.5123923], [114.3958213, 30.5124863], [114.3957459, 30.5128285], [114.394835, 30.5127327], [114.3947796, 30.5127932], [114.3947633, 30.5135339], [114.3947153, 30.5135858]]]}, "properties": {"id": 14719, "block_id": 14719, "area_sqm": 9962, "poi_count": 92, "dominant_category": "生活服务", "category_entropy": 2.28, "street_block_id": null}}, {"type": "Feature", "geometry": {"type": "Polygon", "coordinates": [[[114.4042939, 30.5133297], [114.4042291, 30.5136497], [114.4036153, 30.5135607], [114.4037046, 30.5131185], [114.4043198, 30.5132018], [114.4042939, 30.5133297]]]}, "properties": {"id": 14728, "block_id": 14728, "area_sqm": 2993, "poi_count": 1, "dominant_category": "科教文化服务", "category_entropy": 0.0, "street_block_id": 16305}}, {"type": "Feature", "geometry": {"type": "Polygon", "coordinates": [[[114.4199933, 30.5150242], [114.4199314, 30.5150737], [114.4190094, 30.5127194], [114.4191018, 30.5126874], [114.4192061, 30.5126531], [114.4197589, 30.5140132], [114.4196648, 30.5140457], [114.420047, 30.5149975], [114.4199933, 30.5150242]]]}, "properties": {"id": 14991, "block_id": 14991, "area_sqm": 4835, "poi_count": 1, "dominant_category": "交通设施服务", "category_entropy": 0.0, "street_block_id": null}}, {"type": "Feature", "geometry": {"type": "Polygon", "coordinates": [[[114.420489, 30.51698], [114.420454477, 30.516984557], [114.4187603, 30.5127338], [114.4186644, 30.5124298], [114.4185915, 30.5121258], [114.4182891, 30.5100943], [114.4183619, 30.5100957], [114.4185808, 30.5118479], [114.4186895, 30.5121164], [114.4187576, 30.51245], [114.4188825, 30.5127785], [114.4197603, 30.5150383], [114.4205042, 30.5169426], [114.420517954, 30.516977334], [114.420489, 30.51698]]]}, "properties": {"id": 15338, "block_id": 15338, "area_sqm": 5585, "poi_count": 2, "dominant_category": "交通设施服务", "category_entropy": 0.693, "street_block_id": null}}, {"type": "Feature", "geometry": {"type": "Polygon", "coordinates": [[[114.3943442, 30.5136228], [114.3951117, 30.5173701], [114.3950576, 30.5173646], [114.3948993, 30.5166065], [114.394615, 30.5152446], [114.3941993, 30.5132537], [114.3940425, 30.5127868], [114.3939813, 30.5124252], [114.3939403, 30.5121249], [114.3938986, 30.511901], [114.393905491, 30.511749791], [114.394041361, 30.511740268], [114.3940461, 30.5117893], [114.3940942, 30.5120608], [114.3940997, 30.5122674], [114.3941105, 30.5124971], [114.3943442, 30.5136228]]]}, "properties": {"id": 15399, "block_id": 15399, "area_sqm": 4722, "poi_count": 1, "dominant_category": "地名地址信息", "category_entropy": 0.0, "street_block_id": null}}, {"type": "Feature", "geometry": {"type": "Polygon", "coordinates": [[[114.4199777, 30.5171421], [114.415679, 30.5175366], [114.4155559, 30.5164025], [114.415603, 30.5163539], [114.4156457, 30.5162893], [114.4156529, 30.5162438], [114.4155113, 30.5151603], [114.4154668, 30.5148195], [114.4166484, 30.5147095], [114.4165306, 30.5137], [114.4164913, 30.5133171], [114.4164214, 30.5127028], [114.4164738, 30.5126979], [114.4164175, 30.5123268], [114.4163669, 30.5119934], [114.4163152, 30.5116532], [114.4162637, 30.511314], [114.4162168, 30.5110048], [114.415361, 30.5110793], [114.4153949, 30.5113935], [114.4154309, 30.5117267], [114.4154687, 30.5120773], [114.4155049, 30.5124121], [114.415547, 30.5128005], [114.4152243, 30.5128142], [114.4147398, 30.5128593], [114.4145022, 30.5106631], [114.4136704, 30.51073], [114.4135769, 30.5100873], [114.4133361, 30.5101067], [114.413293, 30.5098406], [114.4132295, 30.5097943], [114.4129826, 30.5098156], [114.4126456, 30.5098457], [114.4122736, 30.509879], [114.4114123, 30.5099507], [114.4114027, 30.5098474], [114.4113965, 30.5097656], [114.4113901, 30.5096434], [114.4120836, 30.5095721], [114.412607254, 30.509527958], [114.4137527, 30.5094314], [114.4156587, 30.5092707], [114.4163026, 30.5092106], [114.4163252, 30.5093931], [114.4163932, 30.5099539], [114.4166443, 30.5099313], [114.4166817, 30.5102393], [114.4181358, 30.5101081], [114.4182891, 30.5100943], [114.4185915, 30.5121258], [114.4186644, 30.5124298], [114.4187603, 30.5127338], [114.420454477, 30.516984557], [114.4204337, 30.5169873], [114.4201014, 30.5170278], [114.4199678, 30.5170269], [114.4199777, 30.5171421]], [[114.4173488, 30.5167739], [114.4174525, 30.5171851], [114.4197482, 30.5169725], [114.4200379, 30.516917], [114.4200218, 30.5168061], [114.4198974, 30.5165446], [114.4192493, 30.5148787], [114.4190563, 30.514874], [114.4180854, 30.5149757], [114.4172218, 30.5150451], [114.4171414, 30.5150404], [114.4170663, 30.5144904], [114.4170341, 30.5143009], [114.416782, 30.5143194], [114.4168654, 30.5150363], [114.4171414, 30.5150404], [114.4172111, 30.5157338], [114.4172325, 30.51578], [114.4173076, 30.5166351], [114.4173488, 30.5167739]]]}, "properties": {"id": 15420, "block_id": 15420, "area_sqm": 251564, "poi_count": 210, "dominant_category": "商务住宅", "category_entropy": 2.245, "street_block_id": null}}]}